"Commit","RefactoringType","Before","After","BeforeLOC","AfterLOC"
"ba33ec64d0daaa881d35852460e78c58d086bc18"
"458df4da2e23ba9ad76c79241a948cdfcccf72ae"
"81eb4299432f6f52b6b83252267d245ddaa0a03f"
"da742a392e24e158de26fe0640bdd2582a6d60a3"
"d72d9340f058266de84ee7706e50e968f112c798"
"ae9ad0180b7c4f2595e17fee3598c9876f35f9d5"
"b4f00e1b5b50ceda9fff3e653cd93295ec175bec"
"f6a9615868482672c3630cb7db6dcf43391e80de"
"1af62c41b5d10503732568f0c47628762bbd8eb9"
"fc3c5f6779bb4f702e233653b61bd9d559e345cc"
"2d691152a5696ebb6c9fb83163dd8770a0ac7f2f"
"7676d253af7ac00f5865707cd1e7f0f2f18e2f98"
"0bc4cf993e73470eacad749dfa66f857713f2158"
"70275ed6fdbca530eea74fba2ec34617a5f6f0ad"
"4c728792d73e964f6d8501f742cda57dd56731c6"
"761632c00c559cec2bc74845b69322f25fac04d6"
"5362cdb3234be8b8e6b2d050bc013f586e9f9ea8"
"6ba67f73d5f1b5db04c9e9fb65e2ea55f6126a63"
"0131d800630a9876b3cf8edd3e3e1f2efff32e36"
"372139775cddd6efe8147e830f8729ea43d79fd4"
"e92a777a216f79481aab5bc18ad3d580aef51b8a"
"9da1b1ad1dd61b8df1571d7b6dc1308f19d5d40d"
"a0799bca6f308b55b2866fbe327418e485502a1b"
"3ec62e03c7b1ea6ef8cc592d35fd755d8441076b"
"66ae2b16771333f1040bc362b1ce19ae79e67dfe"
"b1999ad67c53c9dd201f3e9fd7dbbf273e569631"
"562500747f8d6942bbe68937e8ba8ebf0d04a278"
"d8f0a5808929eb50fd334e6bde715a5702dc0314","CHANGE_SIGNATURE","{Method new(Bitmap, Integer) at library/src/main/java/com/nostra13/universalimageloader/core/display/CircleBitmapDisplayer.java:78}","{Method new(Bitmap, Integer, float) at library/src/main/java/com/nostra13/universalimageloader/core/display/CircleBitmapDisplayer.java:84}","20","24"
"d8f0a5808929eb50fd334e6bde715a5702dc0314","RENAME","{Class RoundedDrawable at library/src/main/java/com/nostra13/universalimageloader/core/display/CircleBitmapDisplayer.java:68}","{Class CircleDrawable at library/src/main/java/com/nostra13/universalimageloader/core/display/CircleBitmapDisplayer.java:72}","64","73"
"5f7455c1050e7399f6c374ef75125619a65de0e5"
"85e751e2c857474464be186a3a996d26f147471b"
"efd2e418ccae3fe65c2867e265a451486c113e43"
"8d344900c571c6a797c0f6108039e87b86da631a"
"63c966d908f697c16f62b916f7bf90d208d00975"
"4ef3d4698d3b8994350476290b99ced67685547a"
"645effee5ab08876708a74fcc8202eaa50897d75","EXTRACT","{Method displayImage(String, ImageAware, DisplayImageOptions, ImageLoadingListener, ImageLoadingProgressListener) at library/src/main/java/com/nostra13/universalimageloader/core/ImageLoader.java:207}","{Method displayImage(String, ImageAware, DisplayImageOptions, ImageSize, ImageLoadingListener, ImageLoadingProgressListener) at library/src/main/java/com/nostra13/universalimageloader/core/ImageLoader.java:235}","66","71"
"645effee5ab08876708a74fcc8202eaa50897d75","EXTRACT","{Method displayImage(String, ImageAware, DisplayImageOptions, ImageLoadingListener, ImageLoadingProgressListener) at library/src/main/java/com/nostra13/universalimageloader/core/ImageLoader.java:207}","{Method displayImage(String, ImageView, ImageSize) at library/src/main/java/com/nostra13/universalimageloader/core/ImageLoader.java:333}","66","3"
"3acca4ab599a816d88f46d91fd4d325bf08b8c3f"
"a91f2f33dbfd5712ae6d026540d69915029464d8"
"8c41077f03e4728254ec5a7be46edd9575ee39de"
"f9db2b157ab5b0f4b1003f7676ee4e1847a76a12"
"ec0529273ef197244b3dc9e092b8d8fc01b9c110"
"e7058df3b5d669902d63eeb8cb9d60ae9be0287c","MOVE","{Class OldRoundedBitmapDisplayer at sample/src/com/nostra13/universalimageloader/sample/ext/OldRoundedBitmapDisplayer.java:42}","{Class OldRoundedBitmapDisplayer at sample/src/main/java/com/nostra13/universalimageloader/sample/ext/OldRoundedBitmapDisplayer.java:42}","155","155"
"e7058df3b5d669902d63eeb8cb9d60ae9be0287c","MOVE","{Class OkHttpImageDownloader at sample/src/com/nostra13/universalimageloader/sample/ext/OkHttpImageDownloader.java:31}","{Class OkHttpImageDownloader at sample/src/main/java/com/nostra13/universalimageloader/sample/ext/OkHttpImageDownloader.java:31}","15","15"
"e7058df3b5d669902d63eeb8cb9d60ae9be0287c","MOVE","{Class UILApplication at sample/src/com/nostra13/universalimageloader/sample/UILApplication.java:31}","{Class UILApplication at sample/src/main/java/com/nostra13/universalimageloader/sample/UILApplication.java:31}","32","32"
"e7058df3b5d669902d63eeb8cb9d60ae9be0287c","MOVE","{Class BaseFragment at sample/src/com/nostra13/universalimageloader/sample/fragment/BaseFragment.java:29}","{Class BaseFragment at sample/src/main/java/com/nostra13/universalimageloader/sample/fragment/BaseFragment.java:29}","26","26"
"e7058df3b5d669902d63eeb8cb9d60ae9be0287c","MOVE","{Class AbsListViewBaseFragment at sample/src/com/nostra13/universalimageloader/sample/fragment/AbsListViewBaseFragment.java:31}","{Class AbsListViewBaseFragment at sample/src/main/java/com/nostra13/universalimageloader/sample/fragment/AbsListViewBaseFragment.java:31}","56","56"
"e7058df3b5d669902d63eeb8cb9d60ae9be0287c","MOVE","{Class HttpClientImageDownloader at sample/src/com/nostra13/universalimageloader/sample/ext/HttpClientImageDownloader.java:34}","{Class HttpClientImageDownloader at sample/src/main/java/com/nostra13/universalimageloader/sample/ext/HttpClientImageDownloader.java:34}","18","18"
"e7058df3b5d669902d63eeb8cb9d60ae9be0287c","MOVE","{Class ImageListFragment at sample/src/com/nostra13/universalimageloader/sample/fragment/ImageListFragment.java:46}","{Class ImageListFragment at sample/src/main/java/com/nostra13/universalimageloader/sample/fragment/ImageListFragment.java:46}","105","105"
"e7058df3b5d669902d63eeb8cb9d60ae9be0287c","MOVE","{Class UILWidgetProvider at sample/src/com/nostra13/universalimageloader/sample/widget/UILWidgetProvider.java:38}","{Class UILWidgetProvider at sample/src/main/java/com/nostra13/universalimageloader/sample/widget/UILWidgetProvider.java:38}","41","41"
"e7058df3b5d669902d63eeb8cb9d60ae9be0287c","MOVE","{Class ImagePagerFragment at sample/src/com/nostra13/universalimageloader/sample/fragment/ImagePagerFragment.java:42}","{Class ImagePagerFragment at sample/src/main/java/com/nostra13/universalimageloader/sample/fragment/ImagePagerFragment.java:42}","108","108"
"e7058df3b5d669902d63eeb8cb9d60ae9be0287c","MOVE","{Class SimpleImageActivity at sample/src/com/nostra13/universalimageloader/sample/activity/SimpleImageActivity.java:31}","{Class SimpleImageActivity at sample/src/main/java/com/nostra13/universalimageloader/sample/activity/SimpleImageActivity.java:31}","50","50"
"e7058df3b5d669902d63eeb8cb9d60ae9be0287c","MOVE","{Class BrokenJpegImageDecoder at sample/src/com/nostra13/universalimageloader/sample/ext/BrokenJpegImageDecoder.java:12}","{Class BrokenJpegImageDecoder at sample/src/main/java/com/nostra13/universalimageloader/sample/ext/BrokenJpegImageDecoder.java:12}","42","42"
"e7058df3b5d669902d63eeb8cb9d60ae9be0287c","MOVE","{Class HomeActivity at sample/src/com/nostra13/universalimageloader/sample/activity/HomeActivity.java:41}","{Class HomeActivity at sample/src/main/java/com/nostra13/universalimageloader/sample/activity/HomeActivity.java:41}","95","95"
"e7058df3b5d669902d63eeb8cb9d60ae9be0287c","MOVE","{Class ImageGridFragment at sample/src/com/nostra13/universalimageloader/sample/fragment/ImageGridFragment.java:41}","{Class ImageGridFragment at sample/src/main/java/com/nostra13/universalimageloader/sample/fragment/ImageGridFragment.java:41}","103","103"
"e7058df3b5d669902d63eeb8cb9d60ae9be0287c","MOVE","{Class ImageGalleryFragment at sample/src/com/nostra13/universalimageloader/sample/fragment/ImageGalleryFragment.java:39}","{Class ImageGalleryFragment at sample/src/main/java/com/nostra13/universalimageloader/sample/fragment/ImageGalleryFragment.java:39}","75","75"
"e7058df3b5d669902d63eeb8cb9d60ae9be0287c","MOVE","{Class ComplexImageActivity at sample/src/com/nostra13/universalimageloader/sample/activity/ComplexImageActivity.java:31}","{Class ComplexImageActivity at sample/src/main/java/com/nostra13/universalimageloader/sample/activity/ComplexImageActivity.java:31}","64","64"
"e7058df3b5d669902d63eeb8cb9d60ae9be0287c","MOVE","{Class Constants at sample/src/com/nostra13/universalimageloader/sample/Constants.java:21}","{Class Constants at sample/src/main/java/com/nostra13/universalimageloader/sample/Constants.java:21}","155","155"
"d1ef47402a1e79b5810935275960fdbc02b6c185","MOVE","{Class ImageLoaderEngine at library/src/com/nostra13/universalimageloader/core/ImageLoaderEngine.java:40}","{Class ImageLoaderEngine at library/src/main/java/com/nostra13/universalimageloader/core/ImageLoaderEngine.java:40}","178","178"
"d1ef47402a1e79b5810935275960fdbc02b6c185","MOVE","{Class FIFOLimitedMemoryCache at library/src/com/nostra13/universalimageloader/cache/memory/impl/FIFOLimitedMemoryCache.java:37}","{Class FIFOLimitedMemoryCache at library/src/main/java/com/nostra13/universalimageloader/cache/memory/impl/FIFOLimitedMemoryCache.java:37}","48","48"
"d1ef47402a1e79b5810935275960fdbc02b6c185","MOVE","{Class RoundedVignetteBitmapDisplayer at library/src/com/nostra13/universalimageloader/core/display/RoundedVignetteBitmapDisplayer.java:38}","{Class RoundedVignetteBitmapDisplayer at library/src/main/java/com/nostra13/universalimageloader/core/display/RoundedVignetteBitmapDisplayer.java:38}","37","37"
"d1ef47402a1e79b5810935275960fdbc02b6c185","MOVE","{Class ProcessAndDisplayImageTask at library/src/com/nostra13/universalimageloader/core/ProcessAndDisplayImageTask.java:32}","{Class ProcessAndDisplayImageTask at library/src/main/java/com/nostra13/universalimageloader/core/ProcessAndDisplayImageTask.java:32}","28","28"
"d1ef47402a1e79b5810935275960fdbc02b6c185","MOVE","{Class IoUtils at library/src/com/nostra13/universalimageloader/utils/IoUtils.java:29}","{Class IoUtils at library/src/main/java/com/nostra13/universalimageloader/utils/IoUtils.java:29}","103","103"
"d1ef47402a1e79b5810935275960fdbc02b6c185","MOVE","{Class ImageLoader at library/src/com/nostra13/universalimageloader/core/ImageLoader.java:48}","{Class ImageLoader at library/src/main/java/com/nostra13/universalimageloader/core/ImageLoader.java:48}","721","721"
"d1ef47402a1e79b5810935275960fdbc02b6c185","MOVE","{Class RoundedBitmapDisplayer at library/src/com/nostra13/universalimageloader/core/display/RoundedBitmapDisplayer.java:41}","{Class RoundedBitmapDisplayer at library/src/main/java/com/nostra13/universalimageloader/core/display/RoundedBitmapDisplayer.java:41}","78","78"
"d1ef47402a1e79b5810935275960fdbc02b6c185","MOVE","{Class ImageLoaderConfiguration at library/src/com/nostra13/universalimageloader/core/ImageLoaderConfiguration.java:50}","{Class ImageLoaderConfiguration at library/src/main/java/com/nostra13/universalimageloader/core/ImageLoaderConfiguration.java:50}","606","606"
"d1ef47402a1e79b5810935275960fdbc02b6c185","MOVE","{Class Md5FileNameGenerator at library/src/com/nostra13/universalimageloader/cache/disc/naming/Md5FileNameGenerator.java:30}","{Class Md5FileNameGenerator at library/src/main/java/com/nostra13/universalimageloader/cache/disc/naming/Md5FileNameGenerator.java:30}","24","24"
"d1ef47402a1e79b5810935275960fdbc02b6c185","MOVE","{Class LoadAndDisplayImageTask at library/src/com/nostra13/universalimageloader/core/LoadAndDisplayImageTask.java:51}","{Class LoadAndDisplayImageTask at library/src/main/java/com/nostra13/universalimageloader/core/LoadAndDisplayImageTask.java:51}","432","432"
"d1ef47402a1e79b5810935275960fdbc02b6c185","MOVE","{Class ImageSize at library/src/com/nostra13/universalimageloader/core/assist/ImageSize.java:24}","{Class ImageSize at library/src/main/java/com/nostra13/universalimageloader/core/assist/ImageSize.java:24}","46","46"
"d1ef47402a1e79b5810935275960fdbc02b6c185","MOVE","{Class DisplayImageOptions at library/src/com/nostra13/universalimageloader/core/DisplayImageOptions.java:65}","{Class DisplayImageOptions at library/src/main/java/com/nostra13/universalimageloader/core/DisplayImageOptions.java:65}","445","445"
"d1ef47402a1e79b5810935275960fdbc02b6c185","MOVE","{Class ContentLengthInputStream at library/src/com/nostra13/universalimageloader/core/assist/ContentLengthInputStream.java:28}","{Class ContentLengthInputStream at library/src/main/java/com/nostra13/universalimageloader/core/assist/ContentLengthInputStream.java:28}","55","55"
"d1ef47402a1e79b5810935275960fdbc02b6c185","MOVE","{Class FuzzyKeyMemoryCache at library/src/com/nostra13/universalimageloader/cache/memory/impl/FuzzyKeyMemoryCache.java:34}","{Class FuzzyKeyMemoryCache at library/src/main/java/com/nostra13/universalimageloader/cache/memory/impl/FuzzyKeyMemoryCache.java:34}","48","48"
"d1ef47402a1e79b5810935275960fdbc02b6c185","MOVE","{Class SimpleImageLoadingListener at library/src/com/nostra13/universalimageloader/core/listener/SimpleImageLoadingListener.java:30}","{Class SimpleImageLoadingListener at library/src/main/java/com/nostra13/universalimageloader/core/listener/SimpleImageLoadingListener.java:30}","21","21"
"d1ef47402a1e79b5810935275960fdbc02b6c185","MOVE","{Class ViewAware at library/src/com/nostra13/universalimageloader/core/imageaware/ViewAware.java:35}","{Class ViewAware at library/src/main/java/com/nostra13/universalimageloader/core/imageaware/ViewAware.java:35}","150","150"
"d1ef47402a1e79b5810935275960fdbc02b6c185","MOVE","{Class LIFOLinkedBlockingDeque at library/src/com/nostra13/universalimageloader/core/assist/deque/LIFOLinkedBlockingDeque.java:11}","{Class LIFOLinkedBlockingDeque at library/src/main/java/com/nostra13/universalimageloader/core/assist/deque/LIFOLinkedBlockingDeque.java:11}","37","37"
"d1ef47402a1e79b5810935275960fdbc02b6c185","MOVE","{Class NonViewAware at library/src/com/nostra13/universalimageloader/core/imageaware/NonViewAware.java:34}","{Class NonViewAware at library/src/main/java/com/nostra13/universalimageloader/core/imageaware/NonViewAware.java:34}","59","59"
"d1ef47402a1e79b5810935275960fdbc02b6c185","MOVE","{Class StrictLineReader at library/src/com/nostra13/universalimageloader/cache/disc/impl/ext/StrictLineReader.java:44}","{Class StrictLineReader at library/src/main/java/com/nostra13/universalimageloader/cache/disc/impl/ext/StrictLineReader.java:44}","147","147"
"d1ef47402a1e79b5810935275960fdbc02b6c185","MOVE","{Class PauseOnScrollListener at library/src/com/nostra13/universalimageloader/core/listener/PauseOnScrollListener.java:34}","{Class PauseOnScrollListener at library/src/main/java/com/nostra13/universalimageloader/core/listener/PauseOnScrollListener.java:34}","65","65"
"d1ef47402a1e79b5810935275960fdbc02b6c185","MOVE","{Class LinkedBlockingDeque at library/src/com/nostra13/universalimageloader/core/assist/deque/LinkedBlockingDeque.java:48}","{Class LinkedBlockingDeque at library/src/main/java/com/nostra13/universalimageloader/core/assist/deque/LinkedBlockingDeque.java:48}","1122","1122"
"d1ef47402a1e79b5810935275960fdbc02b6c185","MOVE","{Interface MemoryCache at library/src/com/nostra13/universalimageloader/cache/memory/MemoryCache.java:28}","{Interface MemoryCache at library/src/main/java/com/nostra13/universalimageloader/cache/memory/MemoryCache.java:28}","21","21"
"d1ef47402a1e79b5810935275960fdbc02b6c185","MOVE","{Enum LoadedFrom at library/src/com/nostra13/universalimageloader/core/assist/LoadedFrom.java:8}","{Enum LoadedFrom at library/src/main/java/com/nostra13/universalimageloader/core/assist/LoadedFrom.java:8}","3","3"
"d1ef47402a1e79b5810935275960fdbc02b6c185","MOVE","{Class UnlimitedDiskCache at library/src/com/nostra13/universalimageloader/cache/disc/impl/UnlimitedDiskCache.java:29}","{Class UnlimitedDiskCache at library/src/main/java/com/nostra13/universalimageloader/cache/disc/impl/UnlimitedDiskCache.java:29}","24","24"
"d1ef47402a1e79b5810935275960fdbc02b6c185","MOVE","{Class DiskCacheUtils at library/src/com/nostra13/universalimageloader/utils/DiskCacheUtils.java:29}","{Class DiskCacheUtils at library/src/main/java/com/nostra13/universalimageloader/utils/DiskCacheUtils.java:29}","21","21"
"d1ef47402a1e79b5810935275960fdbc02b6c185","MOVE","{Interface ImageDecoder at library/src/com/nostra13/universalimageloader/core/decode/ImageDecoder.java:29}","{Interface ImageDecoder at library/src/main/java/com/nostra13/universalimageloader/core/decode/ImageDecoder.java:29}","11","11"
"d1ef47402a1e79b5810935275960fdbc02b6c185","MOVE","{Class LruMemoryCache at library/src/com/nostra13/universalimageloader/cache/memory/impl/LruMemoryCache.java:22}","{Class LruMemoryCache at library/src/main/java/com/nostra13/universalimageloader/cache/memory/impl/LruMemoryCache.java:22}","123","123"
"d1ef47402a1e79b5810935275960fdbc02b6c185","MOVE","{Enum ViewScaleType at library/src/com/nostra13/universalimageloader/core/assist/ViewScaleType.java:27}","{Enum ViewScaleType at library/src/main/java/com/nostra13/universalimageloader/core/assist/ViewScaleType.java:27}","47","47"
"d1ef47402a1e79b5810935275960fdbc02b6c185","MOVE","{Class DisplayBitmapTask at library/src/com/nostra13/universalimageloader/core/DisplayBitmapTask.java:33}","{Class DisplayBitmapTask at library/src/main/java/com/nostra13/universalimageloader/core/DisplayBitmapTask.java:33}","49","49"
"d1ef47402a1e79b5810935275960fdbc02b6c185","MOVE","{Interface ImageDownloader at library/src/com/nostra13/universalimageloader/core/download/ImageDownloader.java:31}","{Interface ImageDownloader at library/src/main/java/com/nostra13/universalimageloader/core/download/ImageDownloader.java:31}","60","60"
"d1ef47402a1e79b5810935275960fdbc02b6c185","MOVE","{Class L at library/src/com/nostra13/universalimageloader/utils/L.java:27}","{Class L at library/src/main/java/com/nostra13/universalimageloader/utils/L.java:27}","87","87"
"d1ef47402a1e79b5810935275960fdbc02b6c185","MOVE","{Class DiskLruCache at library/src/com/nostra13/universalimageloader/cache/disc/impl/ext/DiskLruCache.java:87}","{Class DiskLruCache at library/src/main/java/com/nostra13/universalimageloader/cache/disc/impl/ext/DiskLruCache.java:87}","888","888"
"d1ef47402a1e79b5810935275960fdbc02b6c185","MOVE","{Interface BitmapProcessor at library/src/com/nostra13/universalimageloader/core/process/BitmapProcessor.java:28}","{Interface BitmapProcessor at library/src/main/java/com/nostra13/universalimageloader/core/process/BitmapProcessor.java:28}","13","13"
"d1ef47402a1e79b5810935275960fdbc02b6c185","MOVE","{Interface DiskCache at library/src/com/nostra13/universalimageloader/cache/disc/DiskCache.java:31}","{Interface DiskCache at library/src/main/java/com/nostra13/universalimageloader/cache/disc/DiskCache.java:31}","55","55"
"d1ef47402a1e79b5810935275960fdbc02b6c185","MOVE","{Class BaseDiskCache at library/src/com/nostra13/universalimageloader/cache/disc/impl/BaseDiskCache.java:38}","{Class BaseDiskCache at library/src/main/java/com/nostra13/universalimageloader/cache/disc/impl/BaseDiskCache.java:38}","151","151"
"d1ef47402a1e79b5810935275960fdbc02b6c185","MOVE","{Class MemoryCacheUtils at library/src/com/nostra13/universalimageloader/utils/MemoryCacheUtils.java:34}","{Class MemoryCacheUtils at library/src/main/java/com/nostra13/universalimageloader/utils/MemoryCacheUtils.java:34}","77","77"
"d1ef47402a1e79b5810935275960fdbc02b6c185","MOVE","{Enum ImageScaleType at library/src/com/nostra13/universalimageloader/core/assist/ImageScaleType.java:24}","{Enum ImageScaleType at library/src/main/java/com/nostra13/universalimageloader/core/assist/ImageScaleType.java:24}","55","55"
"d1ef47402a1e79b5810935275960fdbc02b6c185","MOVE","{Class FadeInBitmapDisplayer at library/src/com/nostra13/universalimageloader/core/display/FadeInBitmapDisplayer.java:32}","{Class FadeInBitmapDisplayer at library/src/main/java/com/nostra13/universalimageloader/core/display/FadeInBitmapDisplayer.java:32}","55","55"
"d1ef47402a1e79b5810935275960fdbc02b6c185","MOVE","{Class ImageLoadingInfo at library/src/com/nostra13/universalimageloader/core/ImageLoadingInfo.java:35}","{Class ImageLoadingInfo at library/src/main/java/com/nostra13/universalimageloader/core/ImageLoadingInfo.java:35}","24","24"
"d1ef47402a1e79b5810935275960fdbc02b6c185","MOVE","{Class SimpleBitmapDisplayer at library/src/com/nostra13/universalimageloader/core/display/SimpleBitmapDisplayer.java:28}","{Class SimpleBitmapDisplayer at library/src/main/java/com/nostra13/universalimageloader/core/display/SimpleBitmapDisplayer.java:28}","6","6"
"d1ef47402a1e79b5810935275960fdbc02b6c185","MOVE","{Enum QueueProcessingType at library/src/com/nostra13/universalimageloader/core/assist/QueueProcessingType.java:24}","{Enum QueueProcessingType at library/src/main/java/com/nostra13/universalimageloader/core/assist/QueueProcessingType.java:24}","3","3"
"d1ef47402a1e79b5810935275960fdbc02b6c185","MOVE","{Class DefaultConfigurationFactory at library/src/com/nostra13/universalimageloader/core/DefaultConfigurationFactory.java:58}","{Class DefaultConfigurationFactory at library/src/main/java/com/nostra13/universalimageloader/core/DefaultConfigurationFactory.java:58}","126","126"
"d1ef47402a1e79b5810935275960fdbc02b6c185","MOVE","{Class LargestLimitedMemoryCache at library/src/com/nostra13/universalimageloader/cache/memory/impl/LargestLimitedMemoryCache.java:40}","{Class LargestLimitedMemoryCache at library/src/main/java/com/nostra13/universalimageloader/cache/memory/impl/LargestLimitedMemoryCache.java:40}","70","70"
"d1ef47402a1e79b5810935275960fdbc02b6c185","MOVE","{Interface BlockingDeque at library/src/com/nostra13/universalimageloader/core/assist/deque/BlockingDeque.java:174}","{Interface BlockingDeque at library/src/main/java/com/nostra13/universalimageloader/core/assist/deque/BlockingDeque.java:174}","443","443"
"d1ef47402a1e79b5810935275960fdbc02b6c185","MOVE","{Class FlushedInputStream at library/src/com/nostra13/universalimageloader/core/assist/FlushedInputStream.java:11}","{Class FlushedInputStream at library/src/main/java/com/nostra13/universalimageloader/core/assist/FlushedInputStream.java:11}","24","24"
"d1ef47402a1e79b5810935275960fdbc02b6c185","MOVE","{Interface ImageAware at library/src/com/nostra13/universalimageloader/core/imageaware/ImageAware.java:36}","{Interface ImageAware at library/src/main/java/com/nostra13/universalimageloader/core/imageaware/ImageAware.java:36}","79","79"
"d1ef47402a1e79b5810935275960fdbc02b6c185","MOVE","{Class BaseImageDownloaderTest at library/test/com/nostra13/universalimageloader/core/download/BaseImageDownloaderTest.java:11}","{Class BaseImageDownloaderTest at library/src/test/java/com/nostra13/universalimageloader/core/download/BaseImageDownloaderTest.java:11}","58","58"
"d1ef47402a1e79b5810935275960fdbc02b6c185","MOVE","{Class ImageViewAware at library/src/com/nostra13/universalimageloader/core/imageaware/ImageViewAware.java:35}","{Class ImageViewAware at library/src/main/java/com/nostra13/universalimageloader/core/imageaware/ImageViewAware.java:35}","109","109"
"d1ef47402a1e79b5810935275960fdbc02b6c185","MOVE","{Class BaseImageDecoder at library/src/com/nostra13/universalimageloader/core/decode/BaseImageDecoder.java:40}","{Class BaseImageDecoder at library/src/main/java/com/nostra13/universalimageloader/core/decode/BaseImageDecoder.java:40}","211","211"
"d1ef47402a1e79b5810935275960fdbc02b6c185","MOVE","{Interface FileNameGenerator at library/src/com/nostra13/universalimageloader/cache/disc/naming/FileNameGenerator.java:24}","{Interface FileNameGenerator at library/src/main/java/com/nostra13/universalimageloader/cache/disc/naming/FileNameGenerator.java:24}","5","5"
"d1ef47402a1e79b5810935275960fdbc02b6c185","MOVE","{Class ImageSizeTest at library/test/com/nostra13/universalimageloader/core/assist/ImageSizeTest.java:19}","{Class ImageSizeTest at library/src/test/java/com/nostra13/universalimageloader/core/assist/ImageSizeTest.java:21}","160","160"
"d1ef47402a1e79b5810935275960fdbc02b6c185","MOVE","{Class StorageUtils at library/src/com/nostra13/universalimageloader/utils/StorageUtils.java:33}","{Class StorageUtils at library/src/main/java/com/nostra13/universalimageloader/utils/StorageUtils.java:33}","149","149"
"d1ef47402a1e79b5810935275960fdbc02b6c185","MOVE","{Class LimitedAgeMemoryCache at library/src/com/nostra13/universalimageloader/cache/memory/impl/LimitedAgeMemoryCache.java:35}","{Class LimitedAgeMemoryCache at library/src/main/java/com/nostra13/universalimageloader/cache/memory/impl/LimitedAgeMemoryCache.java:35}","54","54"
"d1ef47402a1e79b5810935275960fdbc02b6c185","MOVE","{Class BaseMemoryCache at library/src/com/nostra13/universalimageloader/cache/memory/BaseMemoryCache.java:30}","{Class BaseMemoryCache at library/src/main/java/com/nostra13/universalimageloader/cache/memory/BaseMemoryCache.java:30}","42","42"
"d1ef47402a1e79b5810935275960fdbc02b6c185","MOVE","{Class HashCodeFileNameGenerator at library/src/com/nostra13/universalimageloader/cache/disc/naming/HashCodeFileNameGenerator.java:24}","{Class HashCodeFileNameGenerator at library/src/main/java/com/nostra13/universalimageloader/cache/disc/naming/HashCodeFileNameGenerator.java:24}","6","6"
"d1ef47402a1e79b5810935275960fdbc02b6c185","MOVE","{Interface ImageLoadingListener at library/src/com/nostra13/universalimageloader/core/listener/ImageLoadingListener.java:31}","{Interface ImageLoadingListener at library/src/main/java/com/nostra13/universalimageloader/core/listener/ImageLoadingListener.java:31}","37","37"
"d1ef47402a1e79b5810935275960fdbc02b6c185","MOVE","{Class WeakMemoryCache at library/src/com/nostra13/universalimageloader/cache/memory/impl/WeakMemoryCache.java:32}","{Class WeakMemoryCache at library/src/main/java/com/nostra13/universalimageloader/cache/memory/impl/WeakMemoryCache.java:32}","6","6"
"d1ef47402a1e79b5810935275960fdbc02b6c185","MOVE","{Interface Deque at library/src/com/nostra13/universalimageloader/core/assist/deque/Deque.java:168}","{Interface Deque at library/src/main/java/com/nostra13/universalimageloader/core/assist/deque/Deque.java:168}","383","383"
"d1ef47402a1e79b5810935275960fdbc02b6c185","MOVE","{Class Util at library/src/com/nostra13/universalimageloader/cache/disc/impl/ext/Util.java:26}","{Class Util at library/src/main/java/com/nostra13/universalimageloader/cache/disc/impl/ext/Util.java:26}","51","51"
"d1ef47402a1e79b5810935275960fdbc02b6c185","MOVE","{Class LRULimitedMemoryCache at library/src/com/nostra13/universalimageloader/cache/memory/impl/LRULimitedMemoryCache.java:39}","{Class LRULimitedMemoryCache at library/src/main/java/com/nostra13/universalimageloader/cache/memory/impl/LRULimitedMemoryCache.java:39}","65","65"
"d1ef47402a1e79b5810935275960fdbc02b6c185","MOVE","{Class FailReason at library/src/com/nostra13/universalimageloader/core/assist/FailReason.java:24}","{Class FailReason at library/src/main/java/com/nostra13/universalimageloader/core/assist/FailReason.java:24}","42","42"
"d1ef47402a1e79b5810935275960fdbc02b6c185","MOVE","{Class BaseImageDownloader at library/src/com/nostra13/universalimageloader/core/download/BaseImageDownloader.java:52}","{Class BaseImageDownloader at library/src/main/java/com/nostra13/universalimageloader/core/download/BaseImageDownloader.java:52}","242","242"
"d1ef47402a1e79b5810935275960fdbc02b6c185","MOVE","{Class ImageDecodingInfo at library/src/com/nostra13/universalimageloader/core/decode/ImageDecodingInfo.java:34}","{Class ImageDecodingInfo at library/src/main/java/com/nostra13/universalimageloader/core/decode/ImageDecodingInfo.java:34}","117","117"
"d1ef47402a1e79b5810935275960fdbc02b6c185","MOVE","{Class LimitedAgeDiskCache at library/src/com/nostra13/universalimageloader/cache/disc/impl/LimitedAgeDiskCache.java:36}","{Class LimitedAgeDiskCache at library/src/main/java/com/nostra13/universalimageloader/cache/disc/impl/LimitedAgeDiskCache.java:36}","92","92"
"d1ef47402a1e79b5810935275960fdbc02b6c185","MOVE","{Class LimitedMemoryCache at library/src/com/nostra13/universalimageloader/cache/memory/LimitedMemoryCache.java:38}","{Class LimitedMemoryCache at library/src/main/java/com/nostra13/universalimageloader/cache/memory/LimitedMemoryCache.java:38}","75","75"
"d1ef47402a1e79b5810935275960fdbc02b6c185","MOVE","{Interface ImageLoadingProgressListener at library/src/com/nostra13/universalimageloader/core/listener/ImageLoadingProgressListener.java:26}","{Interface ImageLoadingProgressListener at library/src/main/java/com/nostra13/universalimageloader/core/listener/ImageLoadingProgressListener.java:26}","12","12"
"d1ef47402a1e79b5810935275960fdbc02b6c185","MOVE","{Class LruDiskCache at library/src/com/nostra13/universalimageloader/cache/disc/impl/ext/LruDiskCache.java:39}","{Class LruDiskCache at library/src/main/java/com/nostra13/universalimageloader/cache/disc/impl/ext/LruDiskCache.java:39}","200","200"
"d1ef47402a1e79b5810935275960fdbc02b6c185","MOVE","{Interface BitmapDisplayer at library/src/com/nostra13/universalimageloader/core/display/BitmapDisplayer.java:32}","{Interface BitmapDisplayer at library/src/main/java/com/nostra13/universalimageloader/core/display/BitmapDisplayer.java:32}","12","12"
"d1ef47402a1e79b5810935275960fdbc02b6c185","MOVE","{Class ImageSizeUtils at library/src/com/nostra13/universalimageloader/utils/ImageSizeUtils.java:32}","{Class ImageSizeUtils at library/src/main/java/com/nostra13/universalimageloader/utils/ImageSizeUtils.java:32}","184","184"
"d1ef47402a1e79b5810935275960fdbc02b6c185","MOVE","{Class UsingFreqLimitedMemoryCache at library/src/com/nostra13/universalimageloader/cache/memory/impl/UsingFreqLimitedMemoryCache.java:40}","{Class UsingFreqLimitedMemoryCache at library/src/main/java/com/nostra13/universalimageloader/cache/memory/impl/UsingFreqLimitedMemoryCache.java:40}","83","83"
"1f30ab1f316922e15aed8439be51563602ca671a"
"2d8123e5bd65a6037464015a28cd6f0fe9556382"
"ecefd7153e81039151fc26cc61ec596750ab0d62"
"5bf1299a2a67402d43289c0fe907c91e4312fc67"
"d415b4ca4db4450d9ab39952075a3456bcf34b35"
"3e8681f480cef4a8aeb828c64bac524da91ccd0e"
"6178836980e47d9813165051b4b8527fff8e1b58"
"5cc0c3349d66926dc39d9c9fcc3263c212b14a6f"
"a1ac7342c47bfa522f51fab85b6815e3de4b5e84"
"070e4180d080dbca5f45ac54cdaef101d314bcf0"
"a1f740c0b314de44ab9d08702bd4ee8dda7d77a5"
"06d055fde6e70f297b90524eb37e5ccda5b75dd2"
"e2ad3642cb757675b9cd40ccbd4e25afc69f844d"
"a8b950bc6de6dca8676b5ac9e6529f1a1d3097cb"
"2e3a991e762da9e634bd0bc0a003851e64079375"
"1def753fd38181f1fabd24a651d8cacd5c3b35b8"
"54dd2304f1e668f48d7d164696a3cd06c23223bd"
"1adf60b6d53f9332b8336bced2ab708390968d2d"
"2c65b7cf88e6250f92d09ce8b9bf95057a31ef99"
"1c61157d400271115afb69f9442678548fa6872e"
"f542da8586212da194190a16e7a3897266936629"
"fa5b38ba8dbe5fbfcf279ee18e95dc1b162f0d3d"
"e94e82f6967ae6ded43628ba0bccf6c598b112e4"
"f7553f0502ebc0efb030023aeced8fac3ed6cd19"
"26607e5b9ce9522c807d9820ae838673d730da59"
"1abbfd598efd04b47063b77cab02f672466fdb30"
"8cc33b91cbe6cf8eb3949afa96952fafe820e400"
"cb7462ddaa2e25d7efa663aaef2c7e744b2afb8a"
"095aa1f3bab11f95e4724b208419b7e975006d72"
"c4dbf64cbf6bbd6e9aaacfddeba0f5cdf8c53e98","EXTRACT","{Method getIndividualCacheDirectory(Context) at library/src/com/nostra13/universalimageloader/utils/StorageUtils.java:96}","{Method getIndividualCacheDirectory(Context, String) at library/src/com/nostra13/universalimageloader/utils/StorageUtils.java:109}","10","10"
"86d4e3385e6ddc247130c012d3c3a90f4dddd7df"
"340576295ffc5d71dbcf745a76ac068ec07d70e2"
"4902f20b991a9a66a9e42a4163c49d6298939406"
"6b6433133c6b752f340751a6ce0f90ba1e0bc38c"
"69e9a1466246458baa21f28bc6ef193dd53d51f9"
"db4c8d8f1eb93384154030ff0c19b73eb6b5453c"
"c37404e6ec166fea70d952bd5312ec5852a9d505"
"4ee29a6d63bd32828769d6bc60e9fa4473ef8785"
"86d65fffb1d2b45d61c8fa65040a8c0938d8751b"
"2abae11ebea706e077c8c1632b7e2c15b896c8d1"
"d5d6d76201ba7b8f35f08298b4f011a617fcdc37"
"38c09da21b6a3fa04d81f102628901fba8c0789d"
"3ea81b2f194bc3f9e465c94170bcf883a9c07f1b"
"36c177e982b6b6f6edf7add94f66591b8b418ad9"
"f4f8400a17f62932fc6fdd7a7cb87f6c9ceb1757"
"e14cb872136bff0f1dac7fc49583530ca0ed919e"
"b115bcaf18c0271e1cde6208115142fd809e1caa"
"811a350230e9306dbc19dfeb0f6f391c7ed07a28"
"6e3cdb78ab1be241c608ba4d03c2088e7f7515d7"
"a96fcf9f03abb1753028999e99a6331e87e1cbdd"
"d311933c3e2a7d9d3a4874672b3181b11386ef1e"
"eb794c306c1707a6cce80764b01f52109d5b9056","CHANGE_SIGNATURE","{Method new(Context, int, int, boolean) at library/src/com/nostra13/universalimageloader/core/download/BaseImageDownloader.java:81}","{Method new(Context, int, int) at library/src/com/nostra13/universalimageloader/core/download/BaseImageDownloader.java:77}","6","5"
"eb794c306c1707a6cce80764b01f52109d5b9056","EXTRACT","{Method getStreamFromNetwork(String, Object) at library/src/com/nostra13/universalimageloader/core/download/BaseImageDownloader.java:118}","{Method shouldBeProcessed(HttpURLConnection) at library/src/com/nostra13/universalimageloader/core/download/BaseImageDownloader.java:144}","22","3"
"eb3602c548d856e88d7a45f193042f9b57e8cdcf"
"d25bb75b3ce75442ef0dd3364014a7f06c8f9c49"
"e2c608b6fdf704f2749d9fd561d09eea9b5739f7"
"fe2fd9f69e0ddb4e4d631a9c1e25ffe405156129","RENAME","{Method isVideoUri(Uri) at library/src/com/nostra13/universalimageloader/core/download/BaseImageDownloader.java:262}","{Method isVideoContentUri(Uri) at library/src/com/nostra13/universalimageloader/core/download/BaseImageDownloader.java:259}","9","4"
"ced1b6afea40c4ec213c4ff8c889c212d5c3a9f7"
"c1b000c68080552ce2ca527aade8e5a646800b89","CHANGE_SIGNATURE","{Method new(Context, int, int) at library/src/com/nostra13/universalimageloader/core/download/BaseImageDownloader.java:75}","{Method new(Context, int, int, boolean) at library/src/com/nostra13/universalimageloader/core/download/BaseImageDownloader.java:77}","5","6"
"b3888a4f35d31a3e7b96c9f7a5665216c1946bb5"
"1b78e3e0d8d67109992eb2723711fad6e230ce73"
"0d6162c848b967bdf563ea61bdde5d1e51aa4d83"
"b9f10064768707bbdc3c0e27ec5e0ac62bcc533e"
"c9a0cf84ce00b5214f3908da057a2677acb1795c"
"521eb35bc2ec0dc458bde4b6c4c8f83a33cc68db"
"035f3bfb2a58361c8c51c58343634dc33df12fb2"
"d872c24654d4ea4281cd19e4015251da91ed8fb2"
"5b1e588eecdd3e638abdd702610531e26fe30e30"
"e4107769c78d37c808e33bf5ede14d7cdf5c0449"
"e59a6b144634fb314d954286d4575a22a54346b3"
"0fafcf56fdf7468dba54403530ec0cd3c9ca7b02"
"18bb73836eef3dc12f011dee691a42d8e6231f1f"
"813699f7d907b23efab84f7a5d91c034035be07f"
"840b7404f6b0a32e8fc5cdccc3c4d9c91ce563d7"
"3a6bd6803e4d6b1c56c2acb71b4cf19f952566f0","MOVE","{Method getDirectory() at library/src/com/nostra13/universalimageloader/cache/disc/DiscCacheAware.java:40}","{Method getDirectory() at library/src/com/nostra13/universalimageloader/cache/disc/DiskCache.java:37}","1","1"
"3a6bd6803e4d6b1c56c2acb71b4cf19f952566f0","MOVE","{Method remove(String) at library/src/com/nostra13/universalimageloader/cache/disc/DiscCacheAware.java:81}","{Method remove(String) at library/src/com/nostra13/universalimageloader/cache/disc/DiskCache.java:78}","1","1"
"3a6bd6803e4d6b1c56c2acb71b4cf19f952566f0","MOVE","{Method keys() at library/src/com/nostra13/universalimageloader/cache/memory/MemoryCacheAware.java:45}","{Method keys() at library/src/com/nostra13/universalimageloader/cache/memory/MemoryCache.java:44}","1","1"
"3a6bd6803e4d6b1c56c2acb71b4cf19f952566f0","RENAME","{Class UnlimitedDiscCache at library/src/com/nostra13/universalimageloader/cache/disc/impl/UnlimitedDiscCache.java:29}","{Class UnlimitedDiskCache at library/src/com/nostra13/universalimageloader/cache/disc/impl/UnlimitedDiskCache.java:29}","24","24"
"3a6bd6803e4d6b1c56c2acb71b4cf19f952566f0","MOVE","{Method close() at library/src/com/nostra13/universalimageloader/cache/disc/DiscCacheAware.java:84}","{Method close() at library/src/com/nostra13/universalimageloader/cache/disc/DiskCache.java:81}","1","1"
"3a6bd6803e4d6b1c56c2acb71b4cf19f952566f0","MOVE","{Method get(String) at library/src/com/nostra13/universalimageloader/cache/disc/DiscCacheAware.java:48}","{Method get(String) at library/src/com/nostra13/universalimageloader/cache/disc/DiskCache.java:45}","1","1"
"3a6bd6803e4d6b1c56c2acb71b4cf19f952566f0","RENAME","{Class BaseDiscCache at library/src/com/nostra13/universalimageloader/cache/disc/impl/BaseDiscCache.java:38}","{Class BaseDiskCache at library/src/com/nostra13/universalimageloader/cache/disc/impl/BaseDiskCache.java:38}","151","151"
"3a6bd6803e4d6b1c56c2acb71b4cf19f952566f0","MOVE","{Method clear() at library/src/com/nostra13/universalimageloader/cache/memory/MemoryCacheAware.java:48}","{Method clear() at library/src/com/nostra13/universalimageloader/cache/memory/MemoryCache.java:47}","1","1"
"3a6bd6803e4d6b1c56c2acb71b4cf19f952566f0","MOVE","{Method save(String, Bitmap) at library/src/com/nostra13/universalimageloader/cache/disc/DiscCacheAware.java:72}","{Method save(String, Bitmap) at library/src/com/nostra13/universalimageloader/cache/disc/DiskCache.java:69}","1","1"
"3a6bd6803e4d6b1c56c2acb71b4cf19f952566f0","MOVE","{Method put(K, V) at library/src/com/nostra13/universalimageloader/cache/memory/MemoryCacheAware.java:36}","{Method put(String, Bitmap) at library/src/com/nostra13/universalimageloader/cache/memory/MemoryCache.java:35}","1","1"
"3a6bd6803e4d6b1c56c2acb71b4cf19f952566f0","MOVE","{Method save(String, InputStream, IoUtils.CopyListener) at library/src/com/nostra13/universalimageloader/cache/disc/DiscCacheAware.java:62}","{Method save(String, InputStream, IoUtils.CopyListener) at library/src/com/nostra13/universalimageloader/cache/disc/DiskCache.java:59}","1","1"
"3a6bd6803e4d6b1c56c2acb71b4cf19f952566f0","RENAME","{Class LruDiscCache at library/src/com/nostra13/universalimageloader/cache/disc/impl/ext/LruDiscCache.java:39}","{Class LruDiskCache at library/src/com/nostra13/universalimageloader/cache/disc/impl/ext/LruDiskCache.java:39}","200","200"
"3a6bd6803e4d6b1c56c2acb71b4cf19f952566f0","RENAME","{Class LimitedAgeDiscCache at library/src/com/nostra13/universalimageloader/cache/disc/impl/LimitedAgeDiscCache.java:36}","{Class LimitedAgeDiskCache at library/src/com/nostra13/universalimageloader/cache/disc/impl/LimitedAgeDiskCache.java:36}","92","92"
"303fa226ab37b10e0036e8efa198281f1c6ac6c9"
"4f0065fa7323d2f06b7ced8ca9e248073c69a5dd"
"c0594bdc57ee20a23ad0e145ea2d7172cac10eec"
"b6e2d132d33da62bc72a27f91c76adcf7d5f3db9"
"bae94bda58c2dbc194171a66a4d735ac051ae0d1"
"d7cad404f33b50213582cab70a9e8093598e3933"
"abf92bbdd35d78d5e113f9291c4a3ee603b6b4b4"
"29b7a27ebc73a7feb23cc8e3242904bf043f5a34"
"06a6f83e45931ed28a2b09647fa131d66f230262","MOVE","{Class ImageGalleryFragment at sample/src/com/nostra13/example/universalimageloader/fragment/ImageGalleryFragment.java:38}","{Class ImageGalleryFragment at sample/src/com/nostra13/universalimageloader/sample/fragment/ImageGalleryFragment.java:38}","80","80"
"06a6f83e45931ed28a2b09647fa131d66f230262","MOVE","{Class ComplexImageActivity at sample/src/com/nostra13/example/universalimageloader/activity/ComplexImageActivity.java:31}","{Class ComplexImageActivity at sample/src/com/nostra13/universalimageloader/sample/activity/ComplexImageActivity.java:31}","64","64"
"06a6f83e45931ed28a2b09647fa131d66f230262","MOVE","{Class UILApplication at sample/src/com/nostra13/example/universalimageloader/UILApplication.java:32}","{Class UILApplication at sample/src/com/nostra13/universalimageloader/sample/UILApplication.java:31}","32","32"
"06a6f83e45931ed28a2b09647fa131d66f230262","MOVE","{Class HomeActivity at sample/src/com/nostra13/example/universalimageloader/activity/HomeActivity.java:39}","{Class HomeActivity at sample/src/com/nostra13/universalimageloader/sample/activity/HomeActivity.java:41}","75","95"
"06a6f83e45931ed28a2b09647fa131d66f230262","MOVE","{Class ImageListFragment at sample/src/com/nostra13/example/universalimageloader/fragment/ImageListFragment.java:45}","{Class ImageListFragment at sample/src/com/nostra13/universalimageloader/sample/fragment/ImageListFragment.java:45}","111","111"
"06a6f83e45931ed28a2b09647fa131d66f230262","MOVE","{Class UILWidgetProvider at sample/src/com/nostra13/example/universalimageloader/widget/UILWidgetProvider.java:38}","{Class UILWidgetProvider at sample/src/com/nostra13/universalimageloader/sample/widget/UILWidgetProvider.java:38}","41","41"
"06a6f83e45931ed28a2b09647fa131d66f230262","MOVE","{Class Constants at sample/src/com/nostra13/example/universalimageloader/Constants.java:21}","{Class Constants at sample/src/com/nostra13/universalimageloader/sample/Constants.java:21}","154","154"
"06a6f83e45931ed28a2b09647fa131d66f230262","MOVE","{Class ImageGridFragment at sample/src/com/nostra13/example/universalimageloader/fragment/ImageGridFragment.java:40}","{Class ImageGridFragment at sample/src/com/nostra13/universalimageloader/sample/fragment/ImageGridFragment.java:40}","108","108"
"06a6f83e45931ed28a2b09647fa131d66f230262","MOVE","{Class SimpleImageActivity at sample/src/com/nostra13/example/universalimageloader/activity/SimpleImageActivity.java:31}","{Class SimpleImageActivity at sample/src/com/nostra13/universalimageloader/sample/activity/SimpleImageActivity.java:31}","50","50"
"06a6f83e45931ed28a2b09647fa131d66f230262","MOVE","{Class ImagePagerFragment at sample/src/com/nostra13/example/universalimageloader/fragment/ImagePagerFragment.java:41}","{Class ImagePagerFragment at sample/src/com/nostra13/universalimageloader/sample/fragment/ImagePagerFragment.java:41}","114","114"
"06a6f83e45931ed28a2b09647fa131d66f230262","MOVE","{Class BaseFragment at sample/src/com/nostra13/example/universalimageloader/fragment/BaseFragment.java:29}","{Class BaseFragment at sample/src/com/nostra13/universalimageloader/sample/fragment/BaseFragment.java:29}","30","26"
"06a6f83e45931ed28a2b09647fa131d66f230262","MOVE","{Class AbsListViewBaseFragment at sample/src/com/nostra13/example/universalimageloader/fragment/AbsListViewBaseFragment.java:31}","{Class AbsListViewBaseFragment at sample/src/com/nostra13/universalimageloader/sample/fragment/AbsListViewBaseFragment.java:31}","56","56"
"c6e9bf1c0dc3c73a756eda99de7204963cfdd129"
"d4085d18dc38c39a1dbebabb62f78b4398373dfc"
"eb7ce55f241f88127941769289bbd757fdb1f5e6"
"7dd735871fec70d4a93837a26503470804b7d7e4"
"8dd0830c03e2f954d0fbe00637485ad87dc5cee3"
"7760f865a19d9011d62cc9c7cdcf7d8667a6272a"
"bea0d8dee5c7d36524cc1a07ad2cbe371b2e842e","MOVE_RENAME","{Class BaseActivity at sample/src/com/nostra13/example/universalimageloader/BaseActivity.java:27}","{Class BaseFragment at sample/src/com/nostra13/example/universalimageloader/fragment/BaseFragment.java:29}","24","30"
"bea0d8dee5c7d36524cc1a07ad2cbe371b2e842e","INTERNAL_MOVE","{Method onItemClick(AdapterView, View, int, long) at sample/src/com/nostra13/example/universalimageloader/ImageListActivity.java:67}","{Method onItemClick(AdapterView, View, int, long) at sample/src/com/nostra13/example/universalimageloader/fragment/ImageListFragment.java:75}","3","3"
"bea0d8dee5c7d36524cc1a07ad2cbe371b2e842e","RENAME","{Class ImagePagerAdapter at sample/src/com/nostra13/example/universalimageloader/ImagePagerActivity.java:83}","{Class ImageAdapter at sample/src/com/nostra13/example/universalimageloader/fragment/ImagePagerFragment.java:74}","82","80"
"bea0d8dee5c7d36524cc1a07ad2cbe371b2e842e","PULL_UP","{Method startImagePagerActivity(int) at sample/src/com/nostra13/example/universalimageloader/ImageGridActivity.java:72}","{Method startImagePagerActivity(int) at sample/src/com/nostra13/example/universalimageloader/fragment/AbsListViewBaseFragment.java:76}","6","6"
"bea0d8dee5c7d36524cc1a07ad2cbe371b2e842e","EXTRACT_MOVE","{Method onCreate(Bundle) at sample/src/com/nostra13/example/universalimageloader/ImagePagerActivity.java:49}","{Method onCreate(Bundle) at sample/src/com/nostra13/example/universalimageloader/activity/ComplexImageActivity.java:38}","28","10"
"bea0d8dee5c7d36524cc1a07ad2cbe371b2e842e","PULL_UP","{Method startImagePagerActivity(int) at sample/src/com/nostra13/example/universalimageloader/ImageListActivity.java:79}","{Method startImagePagerActivity(int) at sample/src/com/nostra13/example/universalimageloader/fragment/AbsListViewBaseFragment.java:76}","6","6"
"bea0d8dee5c7d36524cc1a07ad2cbe371b2e842e","CHANGE_SIGNATURE","{Method onCreateOptionsMenu(Menu) at sample/src/com/nostra13/example/universalimageloader/BaseActivity.java:32}","{Method onCreateOptionsMenu(Menu, MenuInflater) at sample/src/com/nostra13/example/universalimageloader/fragment/BaseFragment.java:41}","4","3"
"bea0d8dee5c7d36524cc1a07ad2cbe371b2e842e","MOVE","{Class HomeActivity at sample/src/com/nostra13/example/universalimageloader/HomeActivity.java:35}","{Class HomeActivity at sample/src/com/nostra13/example/universalimageloader/activity/HomeActivity.java:39}","70","75"
"bea0d8dee5c7d36524cc1a07ad2cbe371b2e842e","MOVE_RENAME","{Class ImageGalleryActivity at sample/src/com/nostra13/example/universalimageloader/ImageGalleryActivity.java:36}","{Class ImageGalleryFragment at sample/src/com/nostra13/example/universalimageloader/fragment/ImageGalleryFragment.java:38}","68","80"
"bea0d8dee5c7d36524cc1a07ad2cbe371b2e842e","MOVE_RENAME","{Class ImageListActivity at sample/src/com/nostra13/example/universalimageloader/ImageListActivity.java:39}","{Class ImageListFragment at sample/src/com/nostra13/example/universalimageloader/fragment/ImageListFragment.java:45}","110","111"
"bea0d8dee5c7d36524cc1a07ad2cbe371b2e842e","MOVE_RENAME","{Class ImagePagerActivity at sample/src/com/nostra13/example/universalimageloader/ImagePagerActivity.java:40}","{Class ImagePagerFragment at sample/src/com/nostra13/example/universalimageloader/fragment/ImagePagerFragment.java:41}","126","114"
"bea0d8dee5c7d36524cc1a07ad2cbe371b2e842e","MOVE_RENAME","{Class ImageGridActivity at sample/src/com/nostra13/example/universalimageloader/ImageGridActivity.java:38}","{Class ImageGridFragment at sample/src/com/nostra13/example/universalimageloader/fragment/ImageGridFragment.java:40}","107","108"
"bea0d8dee5c7d36524cc1a07ad2cbe371b2e842e","MOVE","{Method onSaveInstanceState(Bundle) at sample/src/com/nostra13/example/universalimageloader/ImagePagerActivity.java:79}","{Method onSaveInstanceState(Bundle) at sample/src/com/nostra13/example/universalimageloader/activity/ComplexImageActivity.java:50}","3","3"
"bea0d8dee5c7d36524cc1a07ad2cbe371b2e842e","RENAME","{Class ItemAdapter at sample/src/com/nostra13/example/universalimageloader/ImageListActivity.java:91}","{Class ImageAdapter at sample/src/com/nostra13/example/universalimageloader/fragment/ImageListFragment.java:93}","40","45"
"bea0d8dee5c7d36524cc1a07ad2cbe371b2e842e","INTERNAL_MOVE","{Method onItemClick(AdapterView, View, int, long) at sample/src/com/nostra13/example/universalimageloader/ImageGalleryActivity.java:64}","{Method onItemClick(AdapterView, View, int, long) at sample/src/com/nostra13/example/universalimageloader/fragment/ImageGalleryFragment.java:69}","3","3"
"bea0d8dee5c7d36524cc1a07ad2cbe371b2e842e","MOVE_RENAME","{Class AbsListViewBaseActivity at sample/src/com/nostra13/example/universalimageloader/AbsListViewBaseActivity.java:30}","{Class AbsListViewBaseFragment at sample/src/com/nostra13/example/universalimageloader/fragment/AbsListViewBaseFragment.java:31}","62","56"
"bea0d8dee5c7d36524cc1a07ad2cbe371b2e842e","INTERNAL_MOVE","{Method onItemClick(AdapterView, View, int, long) at sample/src/com/nostra13/example/universalimageloader/ImageGridActivity.java:66}","{Method onItemClick(AdapterView, View, int, long) at sample/src/com/nostra13/example/universalimageloader/fragment/ImageGridFragment.java:70}","3","3"
"bea0d8dee5c7d36524cc1a07ad2cbe371b2e842e","RENAME","{Class ImageGalleryAdapter at sample/src/com/nostra13/example/universalimageloader/ImageGalleryActivity.java:77}","{Class ImageAdapter at sample/src/com/nostra13/example/universalimageloader/fragment/ImageGalleryFragment.java:84}","26","33"
"aa1f2d67c43936e0a2bbaea03cf12c3574a45b98"
"221b823a71ca98ed80720bd177186002e348da99"
"7ab545485df79c3066a06813f9b1a3d42df4d84f"
"a67ce9117d3339598146086023d5ae22cfcee4f2"
"7785de8a793d750d37fa18020c9c2b38f7318aeb"
"5436ddcb096c6d7dafdf5a99e4274c41cf907701"
"861362214cb52beb6ca1ea3cff2edb302bf4a1f7"
"e5b004f711c1662cae8cb8b0ca447d9bcc0eed7e"
"56363055af5806d640398250c08afd9c695137ac"
"e8588b3f723a5d3ce3618c19fd84444451643e23"
"db3294a5d8af0b1d0ec04439130d821c879e93df"
"3aa2f35aa555b86f857c4ceb6d0aa85501ac1a1c"
"83736b310ef48ab5d48b042863e1ea507137abd5"
"9bf5cc668cc9f7781fbd000e3049868aa9d98b07"
"02e3097cb789e7ea2bb3ef1cedbabd062b5f9fa7"
"c117a75eff418b96d68e996aa6485be827942a8a"
"3929ca2256469cfc75a3179715f05403d18720f1"
"b95321c78f19071626c75f5b0d8fccb63de333a6"
"cee7d54e7837e68638c065419c07b08465244a7b"
"5106a1393bca7d9eb285e72687790b97c1f239f3"
"37764880b3c25e4a50ed2430d791d78de6c7c32f"
"e003dfee8d9aa63d0e0f16ab5f1592d94c84c70c"
"9002151548a6c3627d85b12c2a0098da7e673e7a"
"f4363951fdc7c6f12593ac1ebe1c85128060aa14"
"e4c43f5f92ffa8675e1fccec96196c4fd30ef132"
"faaeb11722b6b8e45d220953f9624072450d0fb8"
"0c4981a73d5f8c9cf68bf62c168ef8e82cf6d147","CHANGE_SIGNATURE","{Method new(File, FileNameGenerator, long, int) at library/src/com/nostra13/universalimageloader/cache/disc/impl/ext/LruDiscCache.java:79}","{Method new(File, File, FileNameGenerator, long, int) at library/src/com/nostra13/universalimageloader/cache/disc/impl/ext/LruDiscCache.java:83}","24","25"
"7e71df151523f46bf412cd16b4dc377727af6534"
"77bc1780b0d28c548b29ea218c4de1b78fdae22d"
"f82bf5665e11c3f59118e52aa63f7da17cc517c1"
"54a9038d7cc13fd46a922ce1c059610d0690115d"
"f45ea999ba6e90314a0ac085c131231031321db4"
"efcec089784678e0f7c353a8cc86ac0fb58379fb"
"b1a2f1fa1c595587831a6568933e389d2e457408"
"5cbdc661b91882651485bc07c6b47b84bfa47992"
"6c1fdbb2be97c0b08ead06052450b7609d8e621a"
"8419a17d8f93cf9353a512ed07430d568936e431"
"07029efed4cec6d9a37ca22c2310bee4b6da8382"
"19c5045fb220960b539b8c8c5b73ac1dd9832102"
"59d3303ef25f017e9823e44e86413fc7889c2478"
"2079a4ae2ebebbd2359891e5e259d73dec42b0cd"
"366487782c2c319f1e9b2effabe227582dc07e89"
"fc09ba1e5e6926df0667ad23da98e7c61d46c73b"
"7d8def778075275efe65e723d6420abbf9714750"
"37534aebed218b468aadb52aac57ce9e7e02784d"
"38ff3c14b5e4dab6c113e81b99f9db3a433ef3ed"
"cad4f57287ad64503bc0175f1facece7aab2ad32"
"1f469de63cb2eff85f2f983d0fbf1a539b9a3f98"
"3e9f9ad2138dfee51efda469e9cc8888c4a50d79"
"199f203fc7ab2f09ffd0825c6e79521c8e1047a3"
"4b361e7ec4a1c84a96350fd33c2ee5fa55126b6f","INTERNAL_MOVE","{Class ViewHolder at sample/src/com/nostra13/example/universalimageloader/ImageListActivity.java:90}","{Class ViewHolder at sample/src/com/nostra13/example/universalimageloader/ImageListActivity.java:86}","4","4"
"4b361e7ec4a1c84a96350fd33c2ee5fa55126b6f","INTERNAL_MOVE","{Class ViewHolder at sample/src/com/nostra13/example/universalimageloader/ImageGridActivity.java:139}","{Class ViewHolder at sample/src/com/nostra13/example/universalimageloader/ImageGridActivity.java:79}","4","4"
"cfd8fa98224321b602cc75f9e79dcb3b17c06ef6"
"02d836f1299c48e231b83b1d49da6f74096dd985"
"9beac6d8d0abf6c2f1d661dbed91e3c6d15635ca"
"74c53a807310decb44797677d41e964e288970ed"
"8ba8b869a97e654b331ca3090857f8260c9b0f8e"
"3f61478dfb0cdfac9c538ebe90823a2e2f8f9a98","RENAME","{Class DiscCacheUtils at library/src/com/nostra13/universalimageloader/utils/DiscCacheUtils.java:29}","{Class DiskCacheUtils at library/src/com/nostra13/universalimageloader/utils/DiskCacheUtils.java:29}","21","21"
"dcf8aea684b6385a72e67f4552119178a0204d1d"
"4937975823e70c739c0a5e9fc94662dbd089e4c2"
"bea7319e21609210b4da4c156ce3485be08f8e7c"
"552490abcebb7ae7cedf4bd55441ba52ed44fee4"
"fec71ee8f36193f988f4cd2b5da6c91f65abab0e"
"5221b421a18e9fec97e5d3e19343662b79347069"
"85753943c47706901a2835b8cce70dffe1c25e87"
"81e3678e622c4f446d6ad04a3cef08692d7aaf22","INLINE","{Method log(String) at library/src/com/nostra13/universalimageloader/core/LoadAndDisplayImageTask.java:457}","{Method tryLoadBitmap() at library/src/com/nostra13/universalimageloader/core/LoadAndDisplayImageTask.java:213}","3","46"
"81e3678e622c4f446d6ad04a3cef08692d7aaf22","INLINE","{Method log(String) at library/src/com/nostra13/universalimageloader/core/LoadAndDisplayImageTask.java:457}","{Method resizeAndSaveImage(int, int) at library/src/com/nostra13/universalimageloader/core/LoadAndDisplayImageTask.java:295}","3","26"
"81e3678e622c4f446d6ad04a3cef08692d7aaf22","INLINE","{Method log(String) at library/src/com/nostra13/universalimageloader/core/LoadAndDisplayImageTask.java:457}","{Method run() at library/src/com/nostra13/universalimageloader/core/LoadAndDisplayImageTask.java:118}","3","59"
"81e3678e622c4f446d6ad04a3cef08692d7aaf22","INLINE","{Method log(String) at library/src/com/nostra13/universalimageloader/core/LoadAndDisplayImageTask.java:457}","{Method isTaskInterrupted() at library/src/com/nostra13/universalimageloader/core/LoadAndDisplayImageTask.java:441}","3","7"
"81e3678e622c4f446d6ad04a3cef08692d7aaf22","INLINE","{Method log(String) at library/src/com/nostra13/universalimageloader/core/LoadAndDisplayImageTask.java:457}","{Method isViewCollected() at library/src/com/nostra13/universalimageloader/core/LoadAndDisplayImageTask.java:405}","3","7"
"81e3678e622c4f446d6ad04a3cef08692d7aaf22","INLINE","{Method log(String) at library/src/com/nostra13/universalimageloader/core/LoadAndDisplayImageTask.java:457}","{Method isViewReused() at library/src/com/nostra13/universalimageloader/core/LoadAndDisplayImageTask.java:421}","3","11"
"81e3678e622c4f446d6ad04a3cef08692d7aaf22","INLINE","{Method log(String) at library/src/com/nostra13/universalimageloader/core/LoadAndDisplayImageTask.java:457}","{Method tryCacheImageOnDisk() at library/src/com/nostra13/universalimageloader/core/LoadAndDisplayImageTask.java:268}","3","20"
"81e3678e622c4f446d6ad04a3cef08692d7aaf22","INLINE","{Method log(String) at library/src/com/nostra13/universalimageloader/core/LoadAndDisplayImageTask.java:457}","{Method waitIfPaused() at library/src/com/nostra13/universalimageloader/core/LoadAndDisplayImageTask.java:179}","3","18"
"81e3678e622c4f446d6ad04a3cef08692d7aaf22","EXTRACT_MOVE","{Method new(Builder) at library/src/com/nostra13/universalimageloader/core/ImageLoaderConfiguration.java:80}","{Method writeLogs(boolean) at library/src/com/nostra13/universalimageloader/utils/L.java:67}","25","3"
"ee50fd1ce77d866a89374a5ff0886be6e179feb2"
"5d2ce1cb08524f954196d2290f3dc7c9618f4a68","CHANGE_SIGNATURE","{Method put(K, V) at library/src/com/nostra13/universalimageloader/cache/memory/BaseMemoryCache.java:44}","{Method put(String, Bitmap) at library/src/com/nostra13/universalimageloader/cache/memory/BaseMemoryCache.java:46}","4","4"
"5d2ce1cb08524f954196d2290f3dc7c9618f4a68","EXTRACT","{Method getDiscCache() at library/src/com/nostra13/universalimageloader/core/ImageLoader.java:597}","{Method getDiskCache() at library/src/com/nostra13/universalimageloader/core/ImageLoader.java:609}","4","4"
"5d2ce1cb08524f954196d2290f3dc7c9618f4a68","CHANGE_SIGNATURE","{Method remove(K) at library/src/com/nostra13/universalimageloader/cache/memory/BaseMemoryCache.java:50}","{Method remove(String) at library/src/com/nostra13/universalimageloader/cache/memory/BaseMemoryCache.java:52}","3","3"
"5d2ce1cb08524f954196d2290f3dc7c9618f4a68","RENAME","{Method createReserveDiscCacheDir(Context) at library/src/com/nostra13/universalimageloader/core/DefaultConfigurationFactory.java:92}","{Method createReserveDiskCacheDir(Context) at library/src/com/nostra13/universalimageloader/core/DefaultConfigurationFactory.java:93}","8","8"
"5d2ce1cb08524f954196d2290f3dc7c9618f4a68","EXTRACT_SUPER","{Class LruMemoryCache at library/src/com/nostra13/universalimageloader/cache/memory/impl/LruMemoryCache.java:21}","{Interface MemoryCache at library/src/com/nostra13/universalimageloader/cache/memory/MemoryCache.java:26}","122","2"
"5d2ce1cb08524f954196d2290f3dc7c9618f4a68","EXTRACT_SUPER","{Class BaseMemoryCache at library/src/com/nostra13/universalimageloader/cache/memory/BaseMemoryCache.java:28}","{Interface MemoryCache at library/src/com/nostra13/universalimageloader/cache/memory/MemoryCache.java:26}","41","2"
"5d2ce1cb08524f954196d2290f3dc7c9618f4a68","CHANGE_SIGNATURE","{Method removeFromCache(String, DiscCacheAware) at library/src/com/nostra13/universalimageloader/utils/DiscCacheUtils.java:45}","{Method removeFromCache(String, DiskCache) at library/src/com/nostra13/universalimageloader/utils/DiscCacheUtils.java:45}","4","4"
"5d2ce1cb08524f954196d2290f3dc7c9618f4a68","CHANGE_SIGNATURE","{Method new(MemoryCacheAware, long) at library/src/com/nostra13/universalimageloader/cache/memory/impl/LimitedAgeMemoryCache.java:45}","{Method new(MemoryCache, long) at library/src/com/nostra13/universalimageloader/cache/memory/impl/LimitedAgeMemoryCache.java:47}","4","4"
"5d2ce1cb08524f954196d2290f3dc7c9618f4a68","EXTRACT_SUPER","{Class LimitedAgeMemoryCache at library/src/com/nostra13/universalimageloader/cache/memory/impl/LimitedAgeMemoryCache.java:33}","{Interface MemoryCache at library/src/com/nostra13/universalimageloader/cache/memory/MemoryCache.java:26}","54","2"
"5d2ce1cb08524f954196d2290f3dc7c9618f4a68","CHANGE_SIGNATURE","{Method createReference(V) at library/src/com/nostra13/universalimageloader/cache/memory/BaseMemoryCache.java:67}","{Method createReference(Bitmap) at library/src/com/nostra13/universalimageloader/cache/memory/BaseMemoryCache.java:69}","1","1"
"5d2ce1cb08524f954196d2290f3dc7c9618f4a68","CHANGE_SIGNATURE","{Method get(K) at library/src/com/nostra13/universalimageloader/cache/memory/impl/FuzzyKeyMemoryCache.java:61}","{Method get(String) at library/src/com/nostra13/universalimageloader/cache/memory/impl/FuzzyKeyMemoryCache.java:63}","3","3"
"5d2ce1cb08524f954196d2290f3dc7c9618f4a68","CHANGE_SIGNATURE","{Method new(MemoryCacheAware, Comparator) at library/src/com/nostra13/universalimageloader/cache/memory/impl/FuzzyKeyMemoryCache.java:37}","{Method new(MemoryCache, Comparator) at library/src/com/nostra13/universalimageloader/cache/memory/impl/FuzzyKeyMemoryCache.java:39}","4","4"
"5d2ce1cb08524f954196d2290f3dc7c9618f4a68","CHANGE_SIGNATURE","{Method remove(K) at library/src/com/nostra13/universalimageloader/cache/memory/impl/FuzzyKeyMemoryCache.java:66}","{Method remove(String) at library/src/com/nostra13/universalimageloader/cache/memory/impl/FuzzyKeyMemoryCache.java:68}","3","3"
"5d2ce1cb08524f954196d2290f3dc7c9618f4a68","EXTRACT_SUPER","{Class BaseDiscCache at library/src/com/nostra13/universalimageloader/cache/disc/impl/BaseDiscCache.java:38}","{Interface DiskCache at library/src/com/nostra13/universalimageloader/cache/disc/DiskCache.java:24}","152","2"
"5d2ce1cb08524f954196d2290f3dc7c9618f4a68","CHANGE_SIGNATURE","{Method findCachedBitmapsForImageUri(String, MemoryCacheAware) at library/src/com/nostra13/universalimageloader/utils/MemoryCacheUtils.java:66}","{Method findCachedBitmapsForImageUri(String, MemoryCache) at library/src/com/nostra13/universalimageloader/utils/MemoryCacheUtils.java:67}","9","9"
"5d2ce1cb08524f954196d2290f3dc7c9618f4a68","CHANGE_SIGNATURE","{Method put(K, V) at library/src/com/nostra13/universalimageloader/cache/memory/impl/FuzzyKeyMemoryCache.java:43}","{Method put(String, Bitmap) at library/src/com/nostra13/universalimageloader/cache/memory/impl/FuzzyKeyMemoryCache.java:45}","16","16"
"5d2ce1cb08524f954196d2290f3dc7c9618f4a68","CHANGE_SIGNATURE","{Method put(K, V) at library/src/com/nostra13/universalimageloader/cache/memory/LimitedMemoryCache.java:62}","{Method put(String, Bitmap) at library/src/com/nostra13/universalimageloader/cache/memory/LimitedMemoryCache.java:64}","22","22"
"5d2ce1cb08524f954196d2290f3dc7c9618f4a68","EXTRACT","{Method clearDiscCache() at library/src/com/nostra13/universalimageloader/core/ImageLoader.java:607}","{Method clearDiskCache() at library/src/com/nostra13/universalimageloader/core/ImageLoader.java:630}","4","4"
"5d2ce1cb08524f954196d2290f3dc7c9618f4a68","CHANGE_SIGNATURE","{Method remove(K) at library/src/com/nostra13/universalimageloader/cache/memory/impl/LimitedAgeMemoryCache.java:71}","{Method remove(String) at library/src/com/nostra13/universalimageloader/cache/memory/impl/LimitedAgeMemoryCache.java:73}","4","4"
"5d2ce1cb08524f954196d2290f3dc7c9618f4a68","RENAME","{Method tryCacheImageOnDisc() at library/src/com/nostra13/universalimageloader/core/LoadAndDisplayImageTask.java:272}","{Method tryCacheImageOnDisk() at library/src/com/nostra13/universalimageloader/core/LoadAndDisplayImageTask.java:272}","20","20"
"5d2ce1cb08524f954196d2290f3dc7c9618f4a68","CHANGE_SIGNATURE","{Method removeFromCache(String, MemoryCacheAware) at library/src/com/nostra13/universalimageloader/utils/MemoryCacheUtils.java:98}","{Method removeFromCache(String, MemoryCache) at library/src/com/nostra13/universalimageloader/utils/MemoryCacheUtils.java:99}","11","11"
"5d2ce1cb08524f954196d2290f3dc7c9618f4a68","EXTRACT","{Method discCacheSize(int) at library/src/com/nostra13/universalimageloader/core/ImageLoaderConfiguration.java:410}","{Method diskCacheSize(int) at library/src/com/nostra13/universalimageloader/core/ImageLoaderConfiguration.java:426}","10","10"
"5d2ce1cb08524f954196d2290f3dc7c9618f4a68","EXTRACT_SUPER","{Class LruDiscCache at library/src/com/nostra13/universalimageloader/cache/disc/impl/ext/LruDiscCache.java:39}","{Interface DiskCache at library/src/com/nostra13/universalimageloader/cache/disc/DiskCache.java:24}","190","2"
"5d2ce1cb08524f954196d2290f3dc7c9618f4a68","RENAME","{Method createDiscCache(Context, FileNameGenerator, long, int) at library/src/com/nostra13/universalimageloader/core/DefaultConfigurationFactory.java:77}","{Method createDiskCache(Context, FileNameGenerator, long, int) at library/src/com/nostra13/universalimageloader/core/DefaultConfigurationFactory.java:78}","13","13"
"5d2ce1cb08524f954196d2290f3dc7c9618f4a68","CHANGE_SIGNATURE","{Method get(K) at library/src/com/nostra13/universalimageloader/cache/memory/impl/LimitedAgeMemoryCache.java:60}","{Method get(String) at library/src/com/nostra13/universalimageloader/cache/memory/impl/LimitedAgeMemoryCache.java:62}","9","9"
"5d2ce1cb08524f954196d2290f3dc7c9618f4a68","CHANGE_SIGNATURE","{Method remove(K) at library/src/com/nostra13/universalimageloader/cache/memory/LimitedMemoryCache.java:86}","{Method remove(String) at library/src/com/nostra13/universalimageloader/cache/memory/LimitedMemoryCache.java:88}","9","9"
"5d2ce1cb08524f954196d2290f3dc7c9618f4a68","CHANGE_SIGNATURE","{Method memoryCache(MemoryCacheAware) at library/src/com/nostra13/universalimageloader/core/ImageLoaderConfiguration.java:393}","{Method memoryCache(MemoryCache) at library/src/com/nostra13/universalimageloader/core/ImageLoaderConfiguration.java:403}","8","8"
"5d2ce1cb08524f954196d2290f3dc7c9618f4a68","CHANGE_SIGNATURE","{Method findInCache(String, DiscCacheAware) at library/src/com/nostra13/universalimageloader/utils/DiscCacheUtils.java:35}","{Method findInCache(String, DiskCache) at library/src/com/nostra13/universalimageloader/utils/DiscCacheUtils.java:35}","4","4"
"5d2ce1cb08524f954196d2290f3dc7c9618f4a68","EXTRACT_SUPER","{Class FuzzyKeyMemoryCache at library/src/com/nostra13/universalimageloader/cache/memory/impl/FuzzyKeyMemoryCache.java:32}","{Interface MemoryCache at library/src/com/nostra13/universalimageloader/cache/memory/MemoryCache.java:26}","48","2"
"5d2ce1cb08524f954196d2290f3dc7c9618f4a68","CHANGE_SIGNATURE","{Method getSize(V) at library/src/com/nostra13/universalimageloader/cache/memory/LimitedMemoryCache.java:107}","{Method getSize(Bitmap) at library/src/com/nostra13/universalimageloader/cache/memory/LimitedMemoryCache.java:109}","1","1"
"5d2ce1cb08524f954196d2290f3dc7c9618f4a68","CHANGE_SIGNATURE","{Method get(K) at library/src/com/nostra13/universalimageloader/cache/memory/BaseMemoryCache.java:34}","{Method get(String) at library/src/com/nostra13/universalimageloader/cache/memory/BaseMemoryCache.java:36}","8","8"
"5d2ce1cb08524f954196d2290f3dc7c9618f4a68","EXTRACT","{Method discCacheFileCount(int) at library/src/com/nostra13/universalimageloader/core/ImageLoaderConfiguration.java:429}","{Method diskCacheFileCount(int) at library/src/com/nostra13/universalimageloader/core/ImageLoaderConfiguration.java:451}","10","10"
"5d2ce1cb08524f954196d2290f3dc7c9618f4a68","CHANGE_SIGNATURE","{Method findCacheKeysForImageUri(String, MemoryCacheAware) at library/src/com/nostra13/universalimageloader/utils/MemoryCacheUtils.java:82}","{Method findCacheKeysForImageUri(String, MemoryCache) at library/src/com/nostra13/universalimageloader/utils/MemoryCacheUtils.java:83}","9","9"
"5d2ce1cb08524f954196d2290f3dc7c9618f4a68","CHANGE_SIGNATURE","{Method put(K, V) at library/src/com/nostra13/universalimageloader/cache/memory/impl/LimitedAgeMemoryCache.java:51}","{Method put(String, Bitmap) at library/src/com/nostra13/universalimageloader/cache/memory/impl/LimitedAgeMemoryCache.java:53}","7","7"
"e27687d73fe970a6cf146ae928caa809900f357d"
"69af4f27742cd9d101a9c2bca58e5bd46b40904f"
"083ad49c488ed80d90e3fcb95cb0959eefd698a7","MOVE","{Class SyncImageLoadingListener at library/src/com/nostra13/universalimageloader/core/listener/SyncImageLoadingListener.java:27}","{Class SyncImageLoadingListener at library/src/com/nostra13/universalimageloader/core/ImageLoader.java:728}","13","13"
"083ad49c488ed80d90e3fcb95cb0959eefd698a7","MOVE","{Class SlowNetworkImageDownloader at library/src/com/nostra13/universalimageloader/core/download/SlowNetworkImageDownloader.java:30}","{Class SlowNetworkImageDownloader at library/src/com/nostra13/universalimageloader/core/ImageLoaderConfiguration.java:602}","20","20"
"083ad49c488ed80d90e3fcb95cb0959eefd698a7","MOVE","{Class NetworkDeniedImageDownloader at library/src/com/nostra13/universalimageloader/core/download/NetworkDeniedImageDownloader.java:28}","{Class NetworkDeniedImageDownloader at library/src/com/nostra13/universalimageloader/core/ImageLoaderConfiguration.java:575}","19","19"
"82bc48706fb410e091aadd0b45824a7e9c78f299"
"cf81669871a5a2dd78a3bd28d740693e255051ed","RENAME","{Class ImageNonViewAware at library/src/com/nostra13/universalimageloader/core/imageaware/ImageNonViewAware.java:34}","{Class NonViewAware at library/src/com/nostra13/universalimageloader/core/imageaware/NonViewAware.java:34}","60","59"
"7af7841beac1bafe048773483b2b31a0aa8b150d","EXTRACT","{Method setImageDrawable(Drawable) at library/src/com/nostra13/universalimageloader/core/imageaware/ImageViewAware.java:172}","{Method setImageDrawableInto(Drawable, View) at library/src/com/nostra13/universalimageloader/core/imageaware/ImageViewAware.java:116}","12","3"
"7af7841beac1bafe048773483b2b31a0aa8b150d","EXTRACT_SUPER","{Class ImageViewAware at library/src/com/nostra13/universalimageloader/core/imageaware/ImageViewAware.java:37}","{Class ViewAware at library/src/com/nostra13/universalimageloader/core/imageaware/ViewAware.java:35}","162","150"
"7af7841beac1bafe048773483b2b31a0aa8b150d","EXTRACT","{Method setImageBitmap(Bitmap) at library/src/com/nostra13/universalimageloader/core/imageaware/ImageViewAware.java:186}","{Method setImageBitmapInto(Bitmap, View) at library/src/com/nostra13/universalimageloader/core/imageaware/ImageViewAware.java:121}","12","3"
"7af7841beac1bafe048773483b2b31a0aa8b150d","PULL_UP","{Method getId() at library/src/com/nostra13/universalimageloader/core/imageaware/ImageViewAware.java:151}","{Method getId() at library/src/com/nostra13/universalimageloader/core/imageaware/ViewAware.java:140}","4","4"
"7af7841beac1bafe048773483b2b31a0aa8b150d","EXTRACT_MOVE","{Method getWidth() at library/src/com/nostra13/universalimageloader/core/imageaware/ImageViewAware.java:89}","{Method getWidth() at library/src/com/nostra13/universalimageloader/core/imageaware/ViewAware.java:86}","14","13"
"7af7841beac1bafe048773483b2b31a0aa8b150d","PULL_UP","{Method isCollected() at library/src/com/nostra13/universalimageloader/core/imageaware/ImageViewAware.java:146}","{Method isCollected() at library/src/com/nostra13/universalimageloader/core/imageaware/ViewAware.java:135}","3","3"
"7af7841beac1bafe048773483b2b31a0aa8b150d","PULL_UP","{Method setImageDrawable(Drawable) at library/src/com/nostra13/universalimageloader/core/imageaware/ImageViewAware.java:172}","{Method setImageDrawable(Drawable) at library/src/com/nostra13/universalimageloader/core/imageaware/ViewAware.java:146}","12","12"
"7af7841beac1bafe048773483b2b31a0aa8b150d","EXTRACT_MOVE","{Method getHeight() at library/src/com/nostra13/universalimageloader/core/imageaware/ImageViewAware.java:116}","{Method getHeight() at library/src/com/nostra13/universalimageloader/core/imageaware/ViewAware.java:110}","14","13"
"7af7841beac1bafe048773483b2b31a0aa8b150d","PULL_UP","{Method setImageBitmap(Bitmap) at library/src/com/nostra13/universalimageloader/core/imageaware/ImageViewAware.java:186}","{Method setImageBitmap(Bitmap) at library/src/com/nostra13/universalimageloader/core/imageaware/ViewAware.java:160}","12","12"
"c23069cbf9d5ebe42558c5a14fa9f739aaa76cb8","RENAME","{Method considerExactScaleAndOrientaiton(Bitmap, ImageDecodingInfo, int, boolean) at library/src/com/nostra13/universalimageloader/core/decode/BaseImageDecoder.java:181}","{Method considerExactScaleAndOrientatiton(Bitmap, ImageDecodingInfo, int, boolean) at library/src/com/nostra13/universalimageloader/core/decode/BaseImageDecoder.java:182}","36","36"
"e164513577f14ba4a409954dbea47ca53df25416"
"1187eae33cc5a8db752a01b9dff3eabb02d8ed3b"
"11754ff4159e9428ad5d9fb554755af1337b3394","CHANGE_SIGNATURE","{Method decodeImage(String, String) at library/src/com/nostra13/universalimageloader/core/LoadAndDisplayImageTask.java:281}","{Method decodeImage(String) at library/src/com/nostra13/universalimageloader/core/LoadAndDisplayImageTask.java:282}","6","6"
"f6f1c4df389d216788262dbcb1f34377bb691678"
"7397ee83a10643bfca95582c612d9738749f9452"
"973ec6827c1dbc322883f4f6b202b3c71c05ab9a","CHANGE_SIGNATURE","{Method new(String, String, ImageSize, ViewScaleType, ImageDownloader, DisplayImageOptions) at library/src/com/nostra13/universalimageloader/core/decode/ImageDecodingInfo.java:49}","{Method new(String, String, String, ImageSize, ViewScaleType, ImageDownloader, DisplayImageOptions) at library/src/com/nostra13/universalimageloader/core/decode/ImageDecodingInfo.java:50}","15","16"
"973ec6827c1dbc322883f4f6b202b3c71c05ab9a","CHANGE_SIGNATURE","{Method decodeImage(String) at library/src/com/nostra13/universalimageloader/core/LoadAndDisplayImageTask.java:281}","{Method decodeImage(String, String) at library/src/com/nostra13/universalimageloader/core/LoadAndDisplayImageTask.java:281}","6","6"
"d5e986b8286b59e7248a91a3ecc80b0b1f583548"
"8f495eee727f40ff852558a603660399c8a0c69b"
"49470b701a3517ad67e739708bf37fe0f5a56d79"
"b1b49e51f2c43b119edca44691daf9ab6c751158"
"0d0e6a86d02bbee2097a2668d48da252fdf2ef44"
"0d00ffe1bc9400c19899ff76b15bdaf15fb5c6d7"
"aa9117ca86ac28bbb0a7cc76a8273ab77c909a69"
"0d5ae92662f669447fb2447f31853f3a3f0d981d","CHANGE_SIGNATURE","{Method new(InputStream, long) at library/src/com/nostra13/universalimageloader/core/assist/ContentLengthInputStream.java:34}","{Method new(InputStream, int) at library/src/com/nostra13/universalimageloader/core/assist/ContentLengthInputStream.java:33}","4","4"
"69aabb4f7b1834c09106c9983f99b648fab65791"
"1183f90fdb63fdb32266ad11ea904db3ccc82c7f"
"754aa3b0c0f8aeeeca15f1fa5b5183b4a6e0eced"
"d995a80962c00890169e8ecff5f82da0347705c0","CHANGE_SIGNATURE","{Method new(File, long, int, FileNameGenerator) at library/src/com/nostra13/universalimageloader/cache/disc/impl/ext/LruDiscCache.java:86}","{Method new(File, FileNameGenerator, long, int) at library/src/com/nostra13/universalimageloader/cache/disc/impl/ext/LruDiscCache.java:79}","24","24"
"d995a80962c00890169e8ecff5f82da0347705c0","CHANGE_SIGNATURE","{Method new(File, long) at library/src/com/nostra13/universalimageloader/cache/disc/impl/ext/LruDiscCache.java:65}","{Method new(File, FileNameGenerator, long) at library/src/com/nostra13/universalimageloader/cache/disc/impl/ext/LruDiscCache.java:67}","3","3"
"05260eded8311a2682cac703f16d911a42e5c85f","CHANGE_SIGNATURE","{Method initCache(File, File, long) at library/src/com/nostra13/universalimageloader/cache/disc/impl/ext/LruDiscCache.java:98}","{Method initCache(File, File, long, int) at library/src/com/nostra13/universalimageloader/cache/disc/impl/ext/LruDiscCache.java:111}","10","10"
"05260eded8311a2682cac703f16d911a42e5c85f","CHANGE_SIGNATURE","{Method new(File, File, long) at library/src/com/nostra13/universalimageloader/cache/disc/impl/ext/LruDiscCache.java:73}","{Method new(File, long, int) at library/src/com/nostra13/universalimageloader/cache/disc/impl/ext/LruDiscCache.java:74}","3","3"
"05260eded8311a2682cac703f16d911a42e5c85f","CHANGE_SIGNATURE","{Method createDiscCache(Context, FileNameGenerator, int, int) at library/src/com/nostra13/universalimageloader/core/DefaultConfigurationFactory.java:78}","{Method createDiscCache(Context, FileNameGenerator, long, int) at library/src/com/nostra13/universalimageloader/core/DefaultConfigurationFactory.java:77}","14","13"
"05260eded8311a2682cac703f16d911a42e5c85f","CHANGE_SIGNATURE","{Method new(File, int, int, long) at library/src/com/nostra13/universalimageloader/cache/disc/impl/ext/DiskLruCache.java:179}","{Method new(File, int, int, long, int) at library/src/com/nostra13/universalimageloader/cache/disc/impl/ext/DiskLruCache.java:182}","9","10"
"05260eded8311a2682cac703f16d911a42e5c85f","CHANGE_SIGNATURE","{Method open(File, int, int, long) at library/src/com/nostra13/universalimageloader/cache/disc/impl/ext/DiskLruCache.java:199}","{Method open(File, int, int, long, int) at library/src/com/nostra13/universalimageloader/cache/disc/impl/ext/DiskLruCache.java:204}","46","49"
"aa1cde8c20f6ef57de994ce8f72f772a14800706"
"87052e333f9cc724d957f5a1c6750678c1cedb66","CHANGE_SIGNATURE","{Method new(File, int, FileNameGenerator) at library/src/com/nostra13/universalimageloader/cache/disc/impl/ext/LruDiscCache.java:74}","{Method new(File, File, long, FileNameGenerator) at library/src/com/nostra13/universalimageloader/cache/disc/impl/ext/LruDiscCache.java:85}","15","12"
"87052e333f9cc724d957f5a1c6750678c1cedb66","CHANGE_SIGNATURE","{Method new(File, int) at library/src/com/nostra13/universalimageloader/cache/disc/impl/ext/LruDiscCache.java:63}","{Method new(File, long) at library/src/com/nostra13/universalimageloader/cache/disc/impl/ext/LruDiscCache.java:64}","3","3"
"87052e333f9cc724d957f5a1c6750678c1cedb66","EXTRACT","{Method new(File, int, FileNameGenerator) at library/src/com/nostra13/universalimageloader/cache/disc/impl/ext/LruDiscCache.java:74}","{Method initCache(File, File, long) at library/src/com/nostra13/universalimageloader/cache/disc/impl/ext/LruDiscCache.java:98}","15","10"
"d7cfdaac085d548f37a81bf2d4aec1c1803671b5"
"0e2315c6d44c6557fd6e32ddc25f14fb82487f1a"
"77bd76b394edf6058bddd3ba608d221ea162dbbf","MOVE","{Class LruDiscCache at library/src/com/nostra13/universalimageloader/cache/disc/impl/LruDiscCache.java:18}","{Class LruDiscCache at library/src/com/nostra13/universalimageloader/cache/disc/impl/ext/LruDiscCache.java:40}","131","142"
"2b8425230f2c5d9183a954c322c900c6192caa5a"
"2de3eb620e4ca4b57cfd1593f70f88cfa48a9584"
"2b13bdda219bd2bb5abb231beb3279847d763f92"
"c6aeeba89ba9020d26dbb956a54ec193967e75c3","CHANGE_SIGNATURE","{Method new(int) at library/src/com/nostra13/universalimageloader/core/DefaultConfigurationFactory.java:138}","{Method new(int, String) at library/src/com/nostra13/universalimageloader/core/DefaultConfigurationFactory.java:144}","6","6"
"c6aeeba89ba9020d26dbb956a54ec193967e75c3","CHANGE_SIGNATURE","{Method createThreadFactory(int) at library/src/com/nostra13/universalimageloader/core/DefaultConfigurationFactory.java:125}","{Method createThreadFactory(int, String) at library/src/com/nostra13/universalimageloader/core/DefaultConfigurationFactory.java:131}","3","3"
"403ecf14fd528f75028d0043686c0fae80295381"
"af4873eb8b76237c80e3aee2c62fff437a2fd7d0","CHANGE_SIGNATURE","{Method runTask(Runnable, boolean, Handler) at library/src/com/nostra13/universalimageloader/core/LoadAndDisplayImageTask.java:497}","{Method runTask(Runnable, boolean, Handler, ImageLoaderEngine) at library/src/com/nostra13/universalimageloader/core/LoadAndDisplayImageTask.java:497}","9","9"
"219d3675781df2857c76f2059f8bb7b8e8a975ae"
"7637abf7df1394f71dbc04644be86791959d1313"
"780284af51957cb7eb794f358cba8804d65f8df2"
"f49a5a0e50d5b817c1c531abed3b7945f8a7ff42"
"33ce825a127be1dfdee2a00af691b38892a33333"
"94c527f58420a1d0316e9b8ec73bbaa4d6e04052"
"45e5f67683430d55b5a6ea65130307d6b45ded67"
"716feb8a69c70ad921dd47f11b9f9c246173e2a4"
"1c2a91e464b49874068a8bf2a6e39d39aae9208a"
"e962861709c14749c7b1648c80ea314e0aa7a65b","CHANGE_SIGNATURE","{Method save(String, Bitmap, Bitmap.CompressFormat, int) at library/src/com/nostra13/universalimageloader/cache/disc/impl/LruDiscCache.java:72}","{Method save(String, Bitmap) at library/src/com/nostra13/universalimageloader/cache/disc/impl/LruDiscCache.java:87}","20","20"
"e962861709c14749c7b1648c80ea314e0aa7a65b","CHANGE_SIGNATURE","{Method save(String, Bitmap, Bitmap.CompressFormat, int) at library/src/com/nostra13/universalimageloader/cache/disc/LimitedDiscCache.java:117}","{Method save(String, Bitmap) at library/src/com/nostra13/universalimageloader/cache/disc/impl/LimitedDiscCache.java:130}","8","8"
"e962861709c14749c7b1648c80ea314e0aa7a65b","CHANGE_SIGNATURE","{Method save(String, Bitmap, Bitmap.CompressFormat, int) at library/src/com/nostra13/universalimageloader/cache/disc/BaseDiscCache.java:96}","{Method save(String, Bitmap) at library/src/com/nostra13/universalimageloader/cache/disc/impl/BaseDiscCache.java:122}","12","12"
"e962861709c14749c7b1648c80ea314e0aa7a65b","EXTRACT_MOVE","{Method new(Builder) at library/src/com/nostra13/universalimageloader/core/ImageLoaderConfiguration.java:86}","{Method new(File, File) at library/src/com/nostra13/universalimageloader/cache/disc/impl/BaseDiscCache.java:68}","30","3"
"e962861709c14749c7b1648c80ea314e0aa7a65b","RENAME","{Method createReserveDiscCache(File) at library/src/com/nostra13/universalimageloader/core/DefaultConfigurationFactory.java:82}","{Method createReserveDiscCacheDir(Context) at library/src/com/nostra13/universalimageloader/core/DefaultConfigurationFactory.java:89}","7","8"
"e962861709c14749c7b1648c80ea314e0aa7a65b","CHANGE_SIGNATURE","{Method new(File, FileNameGenerator) at library/src/com/nostra13/universalimageloader/cache/disc/BaseDiscCache.java:51}","{Method new(File, File, FileNameGenerator) at library/src/com/nostra13/universalimageloader/cache/disc/impl/BaseDiscCache.java:78}","11","12"
"e962861709c14749c7b1648c80ea314e0aa7a65b","MOVE","{Class BaseDiscCache at library/src/com/nostra13/universalimageloader/cache/disc/BaseDiscCache.java:38}","{Class BaseDiscCache at library/src/com/nostra13/universalimageloader/cache/disc/impl/BaseDiscCache.java:39}","91","135"
"e962861709c14749c7b1648c80ea314e0aa7a65b","CHANGE_SIGNATURE","{Method new(File, FileNameGenerator, int) at library/src/com/nostra13/universalimageloader/cache/disc/impl/TotalSizeLimitedDiscCache.java:55}","{Method new(File, File, FileNameGenerator, int) at library/src/com/nostra13/universalimageloader/cache/disc/impl/TotalSizeLimitedDiscCache.java:45}","6","6"
"e962861709c14749c7b1648c80ea314e0aa7a65b","CHANGE_SIGNATURE","{Method save(String, Bitmap, Bitmap.CompressFormat, int) at library/src/com/nostra13/universalimageloader/cache/disc/impl/LimitedAgeDiscCache.java:95}","{Method save(String, Bitmap) at library/src/com/nostra13/universalimageloader/cache/disc/impl/LimitedAgeDiscCache.java:104}","5","5"
"e962861709c14749c7b1648c80ea314e0aa7a65b","CHANGE_SIGNATURE","{Method save(String, Bitmap, Bitmap.CompressFormat, int) at library/src/com/nostra13/universalimageloader/cache/disc/DiscCacheAware.java:39}","{Method save(String, Bitmap) at library/src/com/nostra13/universalimageloader/cache/disc/DiscCacheAware.java:69}","1","1"
"e962861709c14749c7b1648c80ea314e0aa7a65b","CHANGE_SIGNATURE","{Method new(File, FileNameGenerator, int) at library/src/com/nostra13/universalimageloader/cache/disc/LimitedDiscCache.java:69}","{Method new(File, File, FileNameGenerator, int) at library/src/com/nostra13/universalimageloader/cache/disc/impl/LimitedDiscCache.java:82}","6","6"
"e962861709c14749c7b1648c80ea314e0aa7a65b","CHANGE_SIGNATURE","{Method new(File, FileNameGenerator, int) at library/src/com/nostra13/universalimageloader/cache/disc/impl/FileCountLimitedDiscCache.java:50}","{Method new(File, File, FileNameGenerator, int) at library/src/com/nostra13/universalimageloader/cache/disc/impl/FileCountLimitedDiscCache.java:40}","3","3"
"e962861709c14749c7b1648c80ea314e0aa7a65b","CHANGE_SIGNATURE","{Method discCacheExtraOptions(int, int, CompressFormat, int, BitmapProcessor) at library/src/com/nostra13/universalimageloader/core/ImageLoaderConfiguration.java:241}","{Method discCacheExtraOptions(int, int, BitmapProcessor) at library/src/com/nostra13/universalimageloader/core/ImageLoaderConfiguration.java:222}","8","6"
"e962861709c14749c7b1648c80ea314e0aa7a65b","MOVE","{Class LimitedDiscCache at library/src/com/nostra13/universalimageloader/cache/disc/LimitedDiscCache.java:42}","{Class LimitedDiscCache at library/src/com/nostra13/universalimageloader/cache/disc/impl/LimitedDiscCache.java:42}","161","175"
"e962861709c14749c7b1648c80ea314e0aa7a65b","CHANGE_SIGNATURE","{Method new(File, FileNameGenerator, long) at library/src/com/nostra13/universalimageloader/cache/disc/impl/LimitedAgeDiscCache.java:59}","{Method new(File, File, FileNameGenerator, long) at library/src/com/nostra13/universalimageloader/cache/disc/impl/LimitedAgeDiscCache.java:68}","4","4"
"75ea560049c9a256ca4fba0a70de1971aa852612"
"d6ef01b96ebe1113733a5488d9cc8182e69fb5e4"
"2a39b211f16c1f760e31243117138b0c29878a42","MOVE_RENAME","{Class DiscCacheUtil at library/src/com/nostra13/universalimageloader/core/assist/DiscCacheUtil.java:29}","{Class DiscCacheUtils at library/src/com/nostra13/universalimageloader/utils/DiscCacheUtils.java:29}","21","21"
"2a39b211f16c1f760e31243117138b0c29878a42","MOVE","{Class PauseOnScrollListener at library/src/com/nostra13/universalimageloader/core/assist/PauseOnScrollListener.java:34}","{Class PauseOnScrollListener at library/src/com/nostra13/universalimageloader/core/listener/PauseOnScrollListener.java:34}","64","65"
"2a39b211f16c1f760e31243117138b0c29878a42","MOVE","{Interface ImageLoadingProgressListener at library/src/com/nostra13/universalimageloader/core/assist/ImageLoadingProgressListener.java:26}","{Interface ImageLoadingProgressListener at library/src/com/nostra13/universalimageloader/core/listener/ImageLoadingProgressListener.java:26}","12","12"
"2a39b211f16c1f760e31243117138b0c29878a42","MOVE","{Class SyncImageLoadingListener at library/src/com/nostra13/universalimageloader/core/assist/SyncImageLoadingListener.java:27}","{Class SyncImageLoadingListener at library/src/com/nostra13/universalimageloader/core/listener/SyncImageLoadingListener.java:27}","13","13"
"2a39b211f16c1f760e31243117138b0c29878a42","MOVE","{Class SimpleImageLoadingListener at library/src/com/nostra13/universalimageloader/core/assist/SimpleImageLoadingListener.java:28}","{Class SimpleImageLoadingListener at library/src/com/nostra13/universalimageloader/core/listener/SimpleImageLoadingListener.java:30}","21","21"
"2a39b211f16c1f760e31243117138b0c29878a42","MOVE_RENAME","{Class MemoryCacheUtil at library/src/com/nostra13/universalimageloader/core/assist/MemoryCacheUtil.java:32}","{Class MemoryCacheUtils at library/src/com/nostra13/universalimageloader/utils/MemoryCacheUtils.java:33}","77","77"
"2a39b211f16c1f760e31243117138b0c29878a42","MOVE","{Interface ImageLoadingListener at library/src/com/nostra13/universalimageloader/core/assist/ImageLoadingListener.java:30}","{Interface ImageLoadingListener at library/src/com/nostra13/universalimageloader/core/listener/ImageLoadingListener.java:31}","36","37"
"c97b8c67d7aff121fd7b00a584ac32755d6dd3ad"
"45fd1c8258116bc1dd8e1efce5952e6df78358f8"
"c7ff11c7d785c4d1d5bbcf881a2620b40cd157d1"
"49fa3c2730520d7b1563f6005b3e2bd52f1f696a"
"dff16c3123685bf5e786b09acd177cb6d5c38248"
"e338c928f592b8ff7985e6b610e32148a8284828"
"6a5a8260a1650bdc7584257d8d28bc91845f8db5"
"d50c2ebe562268bc4dc6ed8758832a14fd715964"
"50f6b7a95fc8331e8e56df9ec56ff83d58da570c"
"7fdd7d00fcadd2056e1cfa1a308f5c28c71adbd9"
"4e839dac1804f005a1d0f1aace03740a402348d0"
"66ae8d31857444a35b510801f7ccdc75c4406d84"
"70ddbbc67fd514915234ce0088bc9aabc9d6186a"
"7e37e6c6589bf8ed141737624525bee7ad036fd2"
"535d9ec0a91d69ad713c1c32d03269df1c546ccd"
"6ac23aa86a0543e6101ad4689910bbbc756b8332"
"d828a9c1d8108e585f889a6273e020e10281ff5b"
"6298eaaaa8da8a13cf40899716069b0bfaa10c54","INLINE","{Method decodeStream(InputStream, Options) at library/src/com/nostra13/universalimageloader/core/decode/BaseImageDecoder.java:168}","{Method decode(ImageDecodingInfo) at library/src/com/nostra13/universalimageloader/core/decode/BaseImageDecoder.java:69}","7","22"
"0bd259d8fae38be3abe2dacbb62e71884eef8408"
"6e9ce7892bd92841beee87b94e2ff73a546ec481"
"4a00c2c5e257a755f346b72e401aa2182c0671d3"
"cb0eb650e1ac5c5058c8f88b74e45d68f4f266e1"
"8e7a413866907a63018e28c6db221157baa82afa"
"e57fbf4a23ee5230724f48442a1d93c3f3e0086b"
"3197b2e6fad18ccce9f6c5b9fa2c066fdc759d5c"
"9d77de92fa73392bd496b7ff94b4ac26ee2cb621","EXTRACT_MOVE","{Method run() at library/src/com/nostra13/universalimageloader/core/LoadAndDisplayImageTask.java:347}","{Method getWrappedView() at library/src/com/nostra13/universalimageloader/core/imageaware/ImageNonViewAware.java:66}","7","3"
"9d77de92fa73392bd496b7ff94b4ac26ee2cb621","CHANGE_SIGNATURE","{Method prepareDisplayTaskFor(ImageView, String) at library/src/com/nostra13/universalimageloader/core/ImageLoaderEngine.java:110}","{Method prepareDisplayTaskFor(ImageAware, String) at library/src/com/nostra13/universalimageloader/core/ImageLoaderEngine.java:117}","3","3"
"9d77de92fa73392bd496b7ff94b4ac26ee2cb621","EXTRACT","{Method loadImage(String, ImageSize, DisplayImageOptions, ImageLoadingListener) at library/src/com/nostra13/universalimageloader/core/ImageLoader.java:295}","{Method loadImage(String, ImageSize, DisplayImageOptions, ImageLoadingListener, ImageLoadingProgressListener) at library/src/com/nostra13/universalimageloader/core/ImageLoader.java:462}","22","12"
"9d77de92fa73392bd496b7ff94b4ac26ee2cb621","CHANGE_SIGNATURE","{Method defineExifOrientation(String, String) at library/src/com/nostra13/universalimageloader/core/decode/BaseImageDecoder.java:103}","{Method defineExifOrientation(String) at library/src/com/nostra13/universalimageloader/core/decode/BaseImageDecoder.java:107}","35","33"
"9d77de92fa73392bd496b7ff94b4ac26ee2cb621","EXTRACT_MOVE","{Method fireFailEvent(FailType, Throwable) at library/src/com/nostra13/universalimageloader/core/LoadAndDisplayImageTask.java:343}","{Method getWrappedView() at library/src/com/nostra13/universalimageloader/core/imageaware/ImageNonViewAware.java:66}","14","3"
"9d77de92fa73392bd496b7ff94b4ac26ee2cb621","CHANGE_SIGNATURE","{Method animate(ImageView, int) at library/src/com/nostra13/universalimageloader/core/display/FadeInBitmapDisplayer.java:53}","{Method animate(View, int) at library/src/com/nostra13/universalimageloader/core/display/FadeInBitmapDisplayer.java:78}","6","8"
"9d77de92fa73392bd496b7ff94b4ac26ee2cb621","CHANGE_SIGNATURE","{Method display(Bitmap, ImageView, LoadedFrom) at library/src/com/nostra13/universalimageloader/core/display/BitmapDisplayer.java:40}","{Method display(Bitmap, ImageAware, LoadedFrom) at library/src/com/nostra13/universalimageloader/core/display/BitmapDisplayer.java:43}","1","1"
"9d77de92fa73392bd496b7ff94b4ac26ee2cb621","EXTRACT_MOVE","{Method run() at library/src/com/nostra13/universalimageloader/core/LoadAndDisplayImageTask.java:362}","{Method getWrappedView() at library/src/com/nostra13/universalimageloader/core/imageaware/ImageViewAware.java:133}","3","3"
"9d77de92fa73392bd496b7ff94b4ac26ee2cb621","CHANGE_SIGNATURE","{Method createConnection(String) at library/src/com/nostra13/universalimageloader/core/download/BaseImageDownloader.java:122}","{Method createConnection(String, Object) at library/src/com/nostra13/universalimageloader/core/download/BaseImageDownloader.java:125}","7","7"
"9d77de92fa73392bd496b7ff94b4ac26ee2cb621","EXTRACT_MOVE","{Method closeSilently(Closeable) at library/src/com/nostra13/universalimageloader/utils/IoUtils.java:45}","{Method close() at library/src/com/nostra13/universalimageloader/core/assist/ContentLengthInputStream.java:45}","7","3"
"9d77de92fa73392bd496b7ff94b4ac26ee2cb621","MOVE","{Method getImageViewFieldValue(Object, String) at library/src/com/nostra13/universalimageloader/utils/ImageSizeUtils.java:69}","{Method getImageViewFieldValue(Object, String) at library/src/com/nostra13/universalimageloader/core/imageaware/ImageViewAware.java:148}","14","14"
"9d77de92fa73392bd496b7ff94b4ac26ee2cb621","EXTRACT","{Method displayImage(String, ImageView, DisplayImageOptions, ImageLoadingListener) at library/src/com/nostra13/universalimageloader/core/ImageLoader.java:169}","{Method displayImage(String, ImageAware, DisplayImageOptions) at library/src/com/nostra13/universalimageloader/core/ImageLoader.java:159}","55","3"
"9d77de92fa73392bd496b7ff94b4ac26ee2cb621","EXTRACT","{Method displayImage(String, ImageView, DisplayImageOptions, ImageLoadingListener) at library/src/com/nostra13/universalimageloader/core/ImageLoader.java:169}","{Method displayImage(String, ImageAware) at library/src/com/nostra13/universalimageloader/core/ImageLoader.java:123}","55","3"
"9d77de92fa73392bd496b7ff94b4ac26ee2cb621","CHANGE_SIGNATURE","{Method display(Bitmap, ImageView, LoadedFrom) at library/src/com/nostra13/universalimageloader/core/display/SimpleBitmapDisplayer.java:30}","{Method display(Bitmap, ImageAware, LoadedFrom) at library/src/com/nostra13/universalimageloader/core/display/SimpleBitmapDisplayer.java:30}","4","3"
"9d77de92fa73392bd496b7ff94b4ac26ee2cb621","EXTRACT","{Method displayImage(String, ImageView, DisplayImageOptions, ImageLoadingListener) at library/src/com/nostra13/universalimageloader/core/ImageLoader.java:169}","{Method displayImage(String, ImageView, DisplayImageOptions, ImageLoadingListener, ImageLoadingProgressListener) at library/src/com/nostra13/universalimageloader/core/ImageLoader.java:356}","55","3"
"9d77de92fa73392bd496b7ff94b4ac26ee2cb621","EXTRACT_MOVE","{Method run() at library/src/com/nostra13/universalimageloader/core/DisplayBitmapTask.java:63}","{Method isCollected() at library/src/com/nostra13/universalimageloader/core/imageaware/ImageViewAware.java:138}","15","3"
"9d77de92fa73392bd496b7ff94b4ac26ee2cb621","CHANGE_SIGNATURE","{Method save(String, InputStream) at library/src/com/nostra13/universalimageloader/cache/disc/LimitedDiscCache.java:106}","{Method save(String, InputStream, IoUtils.CopyListener) at library/src/com/nostra13/universalimageloader/cache/disc/LimitedDiscCache.java:107}","8","8"
"9d77de92fa73392bd496b7ff94b4ac26ee2cb621","CHANGE_SIGNATURE","{Method copyStream(InputStream, OutputStream, int) at library/src/com/nostra13/universalimageloader/utils/IoUtils.java:34}","{Method copyStream(InputStream, OutputStream, CopyListener, int) at library/src/com/nostra13/universalimageloader/utils/IoUtils.java:65}","10","14"
"9d77de92fa73392bd496b7ff94b4ac26ee2cb621","EXTRACT","{Method displayImage(String, ImageView, DisplayImageOptions, ImageLoadingListener) at library/src/com/nostra13/universalimageloader/core/ImageLoader.java:169}","{Method displayImage(String, ImageAware, ImageLoadingListener) at library/src/com/nostra13/universalimageloader/core/ImageLoader.java:141}","55","3"
"9d77de92fa73392bd496b7ff94b4ac26ee2cb621","EXTRACT_MOVE","{Method run() at library/src/com/nostra13/universalimageloader/core/DisplayBitmapTask.java:63}","{Method getWrappedView() at library/src/com/nostra13/universalimageloader/core/imageaware/ImageNonViewAware.java:66}","15","3"
"9d77de92fa73392bd496b7ff94b4ac26ee2cb621","RENAME","{Method downloadSizedImage(int, int) at library/src/com/nostra13/universalimageloader/core/LoadAndDisplayImageTask.java:316}","{Method resizeAndSaveImage(int, int) at library/src/com/nostra13/universalimageloader/core/LoadAndDisplayImageTask.java:300}","21","27"
"9d77de92fa73392bd496b7ff94b4ac26ee2cb621","CHANGE_SIGNATURE","{Method getLoadingUriForView(ImageView) at library/src/com/nostra13/universalimageloader/core/ImageLoaderEngine.java:102}","{Method getLoadingUriForView(ImageAware) at library/src/com/nostra13/universalimageloader/core/ImageLoaderEngine.java:109}","3","3"
"9d77de92fa73392bd496b7ff94b4ac26ee2cb621","EXTRACT_MOVE","{Method fireFailEvent(FailType, Throwable) at library/src/com/nostra13/universalimageloader/core/LoadAndDisplayImageTask.java:343}","{Method setImageDrawable(Drawable) at library/src/com/nostra13/universalimageloader/core/imageaware/ImageViewAware.java:164}","14","8"
"9d77de92fa73392bd496b7ff94b4ac26ee2cb621","CHANGE_SIGNATURE","{Method save(String, InputStream) at library/src/com/nostra13/universalimageloader/cache/disc/BaseDiscCache.java:70}","{Method save(String, InputStream, IoUtils.CopyListener) at library/src/com/nostra13/universalimageloader/cache/disc/BaseDiscCache.java:76}","14","18"
"9d77de92fa73392bd496b7ff94b4ac26ee2cb621","CHANGE_SIGNATURE","{Method defineImageSizeAndRotation(InputStream, String) at library/src/com/nostra13/universalimageloader/core/decode/BaseImageDecoder.java:85}","{Method defineImageSizeAndRotation(InputStream, ImageDecodingInfo) at library/src/com/nostra13/universalimageloader/core/decode/BaseImageDecoder.java:87}","17","14"
"9d77de92fa73392bd496b7ff94b4ac26ee2cb621","EXTRACT_MOVE","{Method fireFailEvent(FailType, Throwable) at library/src/com/nostra13/universalimageloader/core/LoadAndDisplayImageTask.java:343}","{Method getWrappedView() at library/src/com/nostra13/universalimageloader/core/imageaware/ImageViewAware.java:133}","14","3"
"9d77de92fa73392bd496b7ff94b4ac26ee2cb621","EXTRACT_MOVE","{Method fireCancelEvent() at library/src/com/nostra13/universalimageloader/core/LoadAndDisplayImageTask.java:358}","{Method getWrappedView() at library/src/com/nostra13/universalimageloader/core/imageaware/ImageViewAware.java:133}","10","3"
"9d77de92fa73392bd496b7ff94b4ac26ee2cb621","CHANGE_SIGNATURE","{Method save(String, InputStream) at library/src/com/nostra13/universalimageloader/cache/disc/impl/LruDiscCache.java:59}","{Method save(String, InputStream, IoUtils.CopyListener) at library/src/com/nostra13/universalimageloader/cache/disc/impl/LruDiscCache.java:59}","11","11"
"9d77de92fa73392bd496b7ff94b4ac26ee2cb621","RENAME","{Method testGetImageSizeScaleTo_useImageCacheMaxSize() at library/test/com/nostra13/universalimageloader/core/assist/ImageSizeTest.java:76}","{Method testGetImageSizeScaleTo_useImageConfigMaxSize() at library/test/com/nostra13/universalimageloader/core/assist/ImageSizeTest.java:81}","5","5"
"9d77de92fa73392bd496b7ff94b4ac26ee2cb621","EXTRACT_MOVE","{Method run() at library/src/com/nostra13/universalimageloader/core/LoadAndDisplayImageTask.java:347}","{Method getWrappedView() at library/src/com/nostra13/universalimageloader/core/imageaware/ImageViewAware.java:133}","7","3"
"9d77de92fa73392bd496b7ff94b4ac26ee2cb621","EXTRACT_MOVE","{Method run() at library/src/com/nostra13/universalimageloader/core/DisplayBitmapTask.java:63}","{Method getWrappedView() at library/src/com/nostra13/universalimageloader/core/imageaware/ImageViewAware.java:133}","15","3"
"9d77de92fa73392bd496b7ff94b4ac26ee2cb621","EXTRACT","{Method getCacheDirectory(Context) at library/src/com/nostra13/universalimageloader/utils/StorageUtils.java:49}","{Method getCacheDirectory(Context, boolean) at library/src/com/nostra13/universalimageloader/utils/StorageUtils.java:66}","13","16"
"9d77de92fa73392bd496b7ff94b4ac26ee2cb621","CHANGE_SIGNATURE","{Method save(String, InputStream) at library/src/com/nostra13/universalimageloader/cache/disc/DiscCacheAware.java:36}","{Method save(String, InputStream, IoUtils.CopyListener) at library/src/com/nostra13/universalimageloader/cache/disc/DiscCacheAware.java:37}","1","1"
"9d77de92fa73392bd496b7ff94b4ac26ee2cb621","EXTRACT_MOVE","{Method run() at library/src/com/nostra13/universalimageloader/core/LoadAndDisplayImageTask.java:347}","{Method setImageDrawable(Drawable) at library/src/com/nostra13/universalimageloader/core/imageaware/ImageViewAware.java:164}","7","8"
"9d77de92fa73392bd496b7ff94b4ac26ee2cb621","EXTRACT","{Method displayImage(String, ImageView, DisplayImageOptions, ImageLoadingListener) at library/src/com/nostra13/universalimageloader/core/ImageLoader.java:169}","{Method displayImage(String, ImageAware, DisplayImageOptions, ImageLoadingListener) at library/src/com/nostra13/universalimageloader/core/ImageLoader.java:180}","55","3"
"9d77de92fa73392bd496b7ff94b4ac26ee2cb621","EXTRACT_MOVE","{Method decodeImage(String) at library/src/com/nostra13/universalimageloader/core/LoadAndDisplayImageTask.java:283}","{Method getScaleType() at library/src/com/nostra13/universalimageloader/core/imageaware/ImageViewAware.java:124}","8","7"
"9d77de92fa73392bd496b7ff94b4ac26ee2cb621","CHANGE_SIGNATURE","{Method new(String, ImageView, ImageSize, String, DisplayImageOptions, ImageLoadingListener, ReentrantLock) at library/src/com/nostra13/universalimageloader/core/ImageLoadingInfo.java:46}","{Method new(String, ImageAware, ImageSize, String, DisplayImageOptions, ImageLoadingListener, ImageLoadingProgressListener, ReentrantLock) at library/src/com/nostra13/universalimageloader/core/ImageLoadingInfo.java:49}","9","10"
"9d77de92fa73392bd496b7ff94b4ac26ee2cb621","CHANGE_SIGNATURE","{Method createReserveDiscCache(Context) at library/src/com/nostra13/universalimageloader/core/DefaultConfigurationFactory.java:79}","{Method createReserveDiscCache(File) at library/src/com/nostra13/universalimageloader/core/DefaultConfigurationFactory.java:88}","8","7"
"9d77de92fa73392bd496b7ff94b4ac26ee2cb621","CHANGE_SIGNATURE","{Method save(String, InputStream) at library/src/com/nostra13/universalimageloader/cache/disc/impl/LimitedAgeDiscCache.java:87}","{Method save(String, InputStream, IoUtils.CopyListener) at library/src/com/nostra13/universalimageloader/cache/disc/impl/LimitedAgeDiscCache.java:88}","5","5"
"9d77de92fa73392bd496b7ff94b4ac26ee2cb621","EXTRACT","{Method displayImage(String, ImageView, DisplayImageOptions, ImageLoadingListener) at library/src/com/nostra13/universalimageloader/core/ImageLoader.java:169}","{Method displayImage(String, ImageAware, DisplayImageOptions, ImageLoadingListener, ImageLoadingProgressListener) at library/src/com/nostra13/universalimageloader/core/ImageLoader.java:203}","55","65"
"9d77de92fa73392bd496b7ff94b4ac26ee2cb621","CHANGE_SIGNATURE","{Method isViewWasReused(ImageView) at library/src/com/nostra13/universalimageloader/core/DisplayBitmapTask.java:80}","{Method isViewWasReused() at library/src/com/nostra13/universalimageloader/core/DisplayBitmapTask.java:78}","4","4"
"9d77de92fa73392bd496b7ff94b4ac26ee2cb621","CHANGE_SIGNATURE","{Method cancelDisplayTaskFor(ImageView) at library/src/com/nostra13/universalimageloader/core/ImageLoaderEngine.java:119}","{Method cancelDisplayTaskFor(ImageAware) at library/src/com/nostra13/universalimageloader/core/ImageLoaderEngine.java:127}","3","3"
"3890edb5937978353504b01e07d54421625323e6"
"650cbbe1e34ccc82be406118dac75b8424f448e5"
"bc9c2b96f5857b92d5e1476433a46821b064ab50","CHANGE_SIGNATURE","{Method new(String, ImageAware, ImageSize, String, DisplayImageOptions, ImageLoadingListener, LoadingProgressListener, ReentrantLock) at library/src/com/nostra13/universalimageloader/core/ImageLoadingInfo.java:49}","{Method new(String, ImageAware, ImageSize, String, DisplayImageOptions, ImageLoadingListener, ImageLoadingProgressListener, ReentrantLock) at library/src/com/nostra13/universalimageloader/core/ImageLoadingInfo.java:49}","10","10"
"bc9c2b96f5857b92d5e1476433a46821b064ab50","RENAME","{Interface LoadingProgressListener at library/src/com/nostra13/universalimageloader/core/assist/LoadingProgressListener.java:26}","{Interface ImageLoadingProgressListener at library/src/com/nostra13/universalimageloader/core/assist/ImageLoadingProgressListener.java:26}","12","12"
"bc9c2b96f5857b92d5e1476433a46821b064ab50","CHANGE_SIGNATURE","{Method displayImage(String, ImageAware, DisplayImageOptions, ImageLoadingListener, LoadingProgressListener) at library/src/com/nostra13/universalimageloader/core/ImageLoader.java:194}","{Method displayImage(String, ImageAware, DisplayImageOptions, ImageLoadingListener, ImageLoadingProgressListener) at library/src/com/nostra13/universalimageloader/core/ImageLoader.java:203}","65","65"
"bc9c2b96f5857b92d5e1476433a46821b064ab50","CHANGE_SIGNATURE","{Method loadImage(String, ImageSize, DisplayImageOptions, ImageLoadingListener, LoadingProgressListener) at library/src/com/nostra13/universalimageloader/core/ImageLoader.java:445}","{Method loadImage(String, ImageSize, DisplayImageOptions, ImageLoadingListener, ImageLoadingProgressListener) at library/src/com/nostra13/universalimageloader/core/ImageLoader.java:462}","12","12"
"bc9c2b96f5857b92d5e1476433a46821b064ab50","CHANGE_SIGNATURE","{Method displayImage(String, ImageView, DisplayImageOptions, ImageLoadingListener, LoadingProgressListener) at library/src/com/nostra13/universalimageloader/core/ImageLoader.java:347}","{Method displayImage(String, ImageView, DisplayImageOptions, ImageLoadingListener, ImageLoadingProgressListener) at library/src/com/nostra13/universalimageloader/core/ImageLoader.java:356}","3","3"
"079ce4fd75d118890a5147e031afb7c53aca439f"
"ae1bcd4ab5b165ad7eacbd29805827491f938a23","RENAME","{Interface CopyingListener at library/src/com/nostra13/universalimageloader/utils/IoUtils.java:81}","{Interface CopyListener at library/src/com/nostra13/universalimageloader/utils/IoUtils.java:101}","9","8"
"ae1bcd4ab5b165ad7eacbd29805827491f938a23","CHANGE_SIGNATURE","{Method shouldStopLoading(CopyingListener, int, int) at library/src/com/nostra13/universalimageloader/utils/IoUtils.java:61}","{Method shouldStopLoading(CopyListener, int, int) at library/src/com/nostra13/universalimageloader/utils/IoUtils.java:80}","11","11"
"ae1bcd4ab5b165ad7eacbd29805827491f938a23","CHANGE_SIGNATURE","{Method copyStream(InputStream, OutputStream, CopyingListener) at library/src/com/nostra13/universalimageloader/utils/IoUtils.java:41}","{Method copyStream(InputStream, OutputStream, CopyListener) at library/src/com/nostra13/universalimageloader/utils/IoUtils.java:49}","3","3"
"ae1bcd4ab5b165ad7eacbd29805827491f938a23","CHANGE_SIGNATURE","{Method copyStream(InputStream, OutputStream, CopyingListener, int) at library/src/com/nostra13/universalimageloader/utils/IoUtils.java:46}","{Method copyStream(InputStream, OutputStream, CopyListener, int) at library/src/com/nostra13/universalimageloader/utils/IoUtils.java:65}","14","14"
"1e169f67b2d5d02ed1a2e386285506e7bb29c3a9"
"de02e9aaadb1c4191433268b28224939752225a7"
"ee098ffb9690a4e353d843392b0111964a4c2345"
"bd4c0f1abb1d92fec25c57bdea2699fe0e4be86c"
"474dbf38631d91b0210417c22068dffd255a2e25"
"142dbe15d203203cc0b2c086adfe33bb76c4f832"
"81a54d1ab7c0b07e05787d7f70dd94c4f6bd2419","EXTRACT","{Method loadImage(String, ImageSize, DisplayImageOptions, ImageLoadingListener) at library/src/com/nostra13/universalimageloader/core/ImageLoader.java:375}","{Method loadImage(String, ImageSize, DisplayImageOptions, ImageLoadingListener, LoadingProgressListener) at library/src/com/nostra13/universalimageloader/core/ImageLoader.java:445}","12","12"
"81a54d1ab7c0b07e05787d7f70dd94c4f6bd2419","EXTRACT","{Method copyStream(InputStream, OutputStream) at library/src/com/nostra13/universalimageloader/utils/IoUtils.java:36}","{Method copyStream(InputStream, OutputStream, CopyingListener, int) at library/src/com/nostra13/universalimageloader/utils/IoUtils.java:46}","7","14"
"81a54d1ab7c0b07e05787d7f70dd94c4f6bd2419","EXTRACT","{Method displayImage(String, ImageAware, DisplayImageOptions, ImageLoadingListener) at library/src/com/nostra13/universalimageloader/core/ImageLoader.java:171}","{Method displayImage(String, ImageAware, DisplayImageOptions, ImageLoadingListener, LoadingProgressListener) at library/src/com/nostra13/universalimageloader/core/ImageLoader.java:194}","65","65"
"81a54d1ab7c0b07e05787d7f70dd94c4f6bd2419","CHANGE_SIGNATURE","{Method new(String, ImageAware, ImageSize, String, DisplayImageOptions, ImageLoadingListener, ReentrantLock) at library/src/com/nostra13/universalimageloader/core/ImageLoadingInfo.java:44}","{Method new(String, ImageAware, ImageSize, String, DisplayImageOptions, ImageLoadingListener, LoadingProgressListener, ReentrantLock) at library/src/com/nostra13/universalimageloader/core/ImageLoadingInfo.java:49}","9","10"
"81a54d1ab7c0b07e05787d7f70dd94c4f6bd2419","EXTRACT_MOVE","{Method closeSilently(Closeable) at library/src/com/nostra13/universalimageloader/utils/IoUtils.java:44}","{Method close() at library/src/com/nostra13/universalimageloader/core/assist/ContentLengthInputStream.java:45}","7","3"
"ce73c726467934ed4da037e4a4686271e0ea69fd"
"59c025536fc14f97dc62fe8af5e07832da6608f6","EXTRACT","{Method checkViewReused() at library/src/com/nostra13/universalimageloader/core/LoadAndDisplayImageTask.java:225}","{Method isViewReused() at library/src/com/nostra13/universalimageloader/core/LoadAndDisplayImageTask.java:436}","11","11"
"59c025536fc14f97dc62fe8af5e07832da6608f6","EXTRACT","{Method checkViewCollected() at library/src/com/nostra13/universalimageloader/core/LoadAndDisplayImageTask.java:215}","{Method isViewCollected() at library/src/com/nostra13/universalimageloader/core/LoadAndDisplayImageTask.java:420}","9","7"
"59c025536fc14f97dc62fe8af5e07832da6608f6","RENAME","{Method downloadSizedImage(File, int, int) at library/src/com/nostra13/universalimageloader/core/LoadAndDisplayImageTask.java:336}","{Method resizeAndSaveImage(File, int, int) at library/src/com/nostra13/universalimageloader/core/LoadAndDisplayImageTask.java:313}","29","31"
"18012793891c498ce9863484ce88d92c885f86d2"
"f16b091e36417556b1052886f832b482bf2a1150"
"8356cedee0c3538e70553b0ccbef7f1eb45a6a87"
"3b9c23c45dd889c79b111589b350a0918cbd1949"
"9ac6da27ae7d9593b5521da61b4cc9f76834eb85"
"7096a43142775d7eea20d6ba305ed9e917b606e7"
"e8163d05a073300d63cc5ab4dabed11b7e8c8306"
"7fb504b5cf2adc512be7d222ce3bc10b44caf5f3"
"d056482f7a9bf840a1bab0fef0be27ba05aa702c"
"d503050d7fdf640af2bf262d376dd2c1f49b3a60"
"66042fe4a38d5e96030144546290ba0404d24e28","EXTRACT","{Method getCacheDirectory(Context) at library/src/com/nostra13/universalimageloader/utils/StorageUtils.java:51}","{Method getCacheDirectory(Context, boolean) at library/src/com/nostra13/universalimageloader/utils/StorageUtils.java:66}","15","16"
"65373215d773a00befb89404f2669a8a50dd0eff"
"28307a305103e134634fc4c12171d7dd29ef6860"
"fc2c31145a61721e71fda153fa093d13e5ec8ed4"
"38df1bf182a3f6e51b73a7e0135b23b870bc2086"
"9df7c425ff1c75c7cf57e6f9ca585f60887e4c51"
"cbd27ea0437031f48d07bd21f3a3f67ca05ff223"
"1fe8bc41e92f815db3266ebe6d525dc85ef9f007"
"d7d9a8b188204a83e7de7f73fcdc47fe7945b8ad"
"f06b451c556189d0ae35ae82661bf0beebe177d9"
"42bc1c850cbcac52ec82e6204b48a4536ef4cc58"
"d4a57bdb04cb0fd4599e5676c93a13d9f8474ad5"
"b331f82f0f2842d7ea749c2ccd550ca8d1a5a538"
"25cafed47f8e4fd5e529ce4233ff9e7148803037"
"0422c11e069ef1dbe3fbf137de3c34ea85abe63a"
"de7b8249cc3cae265864405f65179ffa649da4eb"
"69d507065079e824ff1cb9c77d0b923f1d729b00"
"686edc9654f1b4813d74facbfdf236b1dbbdb3a8","CHANGE_SIGNATURE","{Method defineExifOrientation(String, String) at library/src/com/nostra13/universalimageloader/core/decode/BaseImageDecoder.java:100}","{Method defineExifOrientation(String) at library/src/com/nostra13/universalimageloader/core/decode/BaseImageDecoder.java:107}","36","33"
"686edc9654f1b4813d74facbfdf236b1dbbdb3a8","CHANGE_SIGNATURE","{Method defineImageSizeAndRotation(InputStream, String) at library/src/com/nostra13/universalimageloader/core/decode/BaseImageDecoder.java:86}","{Method defineImageSizeAndRotation(InputStream, ImageDecodingInfo) at library/src/com/nostra13/universalimageloader/core/decode/BaseImageDecoder.java:87}","13","14"
"9e308793eed278c98c02c76aea5f8d3b0b61c264"
"b5a750e41806ff27b4aecc6a1c784df691ebd180"
"20ad3dd39b41dfc44df5490f93eaee1e56c5cafd"
"b0688057d8fa813d42215fed8ececa3d72af3d09","RENAME","{Method testGetImageSizeScaleTo_useImageCacheMaxSize() at library/test/com/nostra13/universalimageloader/core/assist/ImageSizeTest.java:81}","{Method testGetImageSizeScaleTo_useImageConfigMaxSize() at library/test/com/nostra13/universalimageloader/core/assist/ImageSizeTest.java:81}","5","5"
"cc4ecc76fe45c11275222f1f87b56fecb2fc3112"
"b6b8412fd504ab02a5c71065581f0712cd0565c0","RENAME","{Class FakeImageAware at library/src/com/nostra13/universalimageloader/core/imageaware/FakeImageAware.java:33}","{Class ImageNonViewAware at library/src/com/nostra13/universalimageloader/core/imageaware/ImageNonViewAware.java:33}","50","50"
"e79ed411026b3e0e32e079794b043d7e6eaab0a1"
"f94460c9a6bd73d878e34a158920ec19c21ff8f7"
"d3ead7a00413c56635ae345a3da9746cdfbd87e5","CHANGE_SIGNATURE","{Method roundCorners(Bitmap, ImageView, int) at library/src/com/nostra13/universalimageloader/core/display/RoundedBitmapDisplayer.java:64}","{Method roundCorners(Bitmap, ImageViewAware, int) at library/src/com/nostra13/universalimageloader/core/display/RoundedBitmapDisplayer.java:65}","106","107"
"35025265f9c9059588f7ba2cfd8e9075d64ec07c"
"0b823e94a520880f3f1dc792d627e949ca308f2f"
"edd90e8a614992da546f6f871caa44581af17a14"
"4ddda6dc10428b80ee3cdb313b244e047f2f4c77"
"56f4df896682733c9979b348e46ba77494851304","EXTRACT_MOVE","{Method fireFailEvent(FailType, Throwable) at library/src/com/nostra13/universalimageloader/core/LoadAndDisplayImageTask.java:373}","{Method getWrappedView() at library/src/com/nostra13/universalimageloader/core/imageaware/ImageViewAware.java:102}","18","3"
"56f4df896682733c9979b348e46ba77494851304","EXTRACT_MOVE","{Method fireFailEvent(FailType, Throwable) at library/src/com/nostra13/universalimageloader/core/LoadAndDisplayImageTask.java:373}","{Method setImageDrawable(Drawable) at library/src/com/nostra13/universalimageloader/core/imageaware/ImageViewAware.java:133}","18","8"
"56f4df896682733c9979b348e46ba77494851304","EXTRACT","{Method displayImage(String, ImageView, DisplayImageOptions, ImageLoadingListener) at library/src/com/nostra13/universalimageloader/core/ImageLoader.java:169}","{Method displayImage(String, ImageAware, DisplayImageOptions, ImageLoadingListener) at library/src/com/nostra13/universalimageloader/core/ImageLoader.java:171}","59","57"
"56f4df896682733c9979b348e46ba77494851304","RENAME","{Method checkImageViewReused(ImageView) at library/src/com/nostra13/universalimageloader/core/LoadAndDisplayImageTask.java:223}","{Method checkViewReused() at library/src/com/nostra13/universalimageloader/core/LoadAndDisplayImageTask.java:222}","11","11"
"56f4df896682733c9979b348e46ba77494851304","EXTRACT_MOVE","{Method run() at library/src/com/nostra13/universalimageloader/core/LoadAndDisplayImageTask.java:377}","{Method setImageDrawable(Drawable) at library/src/com/nostra13/universalimageloader/core/imageaware/ImageViewAware.java:133}","11","8"
"56f4df896682733c9979b348e46ba77494851304","EXTRACT","{Method loadImage(String, ImageSize, DisplayImageOptions, ImageLoadingListener) at library/src/com/nostra13/universalimageloader/core/ImageLoader.java:299}","{Method displayImage(String, ImageAware, DisplayImageOptions) at library/src/com/nostra13/universalimageloader/core/ImageLoader.java:150}","22","3"
"56f4df896682733c9979b348e46ba77494851304","CHANGE_SIGNATURE","{Method display(Bitmap, ImageView, LoadedFrom) at library/src/com/nostra13/universalimageloader/core/display/SimpleBitmapDisplayer.java:30}","{Method display(Bitmap, ImageAware, LoadedFrom) at library/src/com/nostra13/universalimageloader/core/display/SimpleBitmapDisplayer.java:30}","4","4"
"56f4df896682733c9979b348e46ba77494851304","CHANGE_SIGNATURE","{Method isViewWasReused(ImageView) at library/src/com/nostra13/universalimageloader/core/DisplayBitmapTask.java:80}","{Method isViewWasReused() at library/src/com/nostra13/universalimageloader/core/DisplayBitmapTask.java:79}","4","4"
"56f4df896682733c9979b348e46ba77494851304","EXTRACT_MOVE","{Method run() at library/src/com/nostra13/universalimageloader/core/LoadAndDisplayImageTask.java:396}","{Method getWrappedView() at library/src/com/nostra13/universalimageloader/core/imageaware/ImageViewAware.java:102}","3","3"
"56f4df896682733c9979b348e46ba77494851304","EXTRACT_MOVE","{Method decodeImage(String) at library/src/com/nostra13/universalimageloader/core/LoadAndDisplayImageTask.java:299}","{Method getScaleType() at library/src/com/nostra13/universalimageloader/core/imageaware/ImageViewAware.java:93}","8","7"
"56f4df896682733c9979b348e46ba77494851304","EXTRACT_MOVE","{Method run() at library/src/com/nostra13/universalimageloader/core/DisplayBitmapTask.java:63}","{Method isCollected() at library/src/com/nostra13/universalimageloader/core/imageaware/ImageViewAware.java:107}","15","3"
"56f4df896682733c9979b348e46ba77494851304","CHANGE_SIGNATURE","{Method createReserveDiscCache(Context) at library/src/com/nostra13/universalimageloader/core/DefaultConfigurationFactory.java:79}","{Method createReserveDiscCache(File) at library/src/com/nostra13/universalimageloader/core/DefaultConfigurationFactory.java:79}","8","7"
"56f4df896682733c9979b348e46ba77494851304","EXTRACT_MOVE","{Method run() at library/src/com/nostra13/universalimageloader/core/LoadAndDisplayImageTask.java:377}","{Method getWrappedView() at library/src/com/nostra13/universalimageloader/core/imageaware/ImageViewAware.java:102}","11","3"
"56f4df896682733c9979b348e46ba77494851304","EXTRACT","{Method displayImage(String, ImageView, DisplayImageOptions, ImageLoadingListener) at library/src/com/nostra13/universalimageloader/core/ImageLoader.java:169}","{Method displayImage(String, ImageAware) at library/src/com/nostra13/universalimageloader/core/ImageLoader.java:114}","59","3"
"56f4df896682733c9979b348e46ba77494851304","CHANGE_SIGNATURE","{Method display(Bitmap, ImageView, LoadedFrom) at library/src/com/nostra13/universalimageloader/core/display/FadeInBitmapDisplayer.java:59}","{Method display(Bitmap, ImageAware, LoadedFrom) at library/src/com/nostra13/universalimageloader/core/display/FadeInBitmapDisplayer.java:62}","11","11"
"56f4df896682733c9979b348e46ba77494851304","CHANGE_SIGNATURE","{Method display(Bitmap, ImageView, LoadedFrom) at library/src/com/nostra13/universalimageloader/core/display/BitmapDisplayer.java:40}","{Method display(Bitmap, ImageAware, LoadedFrom) at library/src/com/nostra13/universalimageloader/core/display/BitmapDisplayer.java:45}","1","1"
"56f4df896682733c9979b348e46ba77494851304","CHANGE_SIGNATURE","{Method animate(ImageView, int) at library/src/com/nostra13/universalimageloader/core/display/FadeInBitmapDisplayer.java:77}","{Method animate(View, int) at library/src/com/nostra13/universalimageloader/core/display/FadeInBitmapDisplayer.java:80}","6","8"
"56f4df896682733c9979b348e46ba77494851304","EXTRACT_MOVE","{Method run() at library/src/com/nostra13/universalimageloader/core/DisplayBitmapTask.java:63}","{Method getWrappedView() at library/src/com/nostra13/universalimageloader/core/imageaware/ImageViewAware.java:102}","15","3"
"56f4df896682733c9979b348e46ba77494851304","EXTRACT","{Method displayImage(String, ImageView, DisplayImageOptions, ImageLoadingListener) at library/src/com/nostra13/universalimageloader/core/ImageLoader.java:169}","{Method displayImage(String, ImageAware, ImageLoadingListener) at library/src/com/nostra13/universalimageloader/core/ImageLoader.java:132}","59","3"
"56f4df896682733c9979b348e46ba77494851304","MOVE","{Method getImageViewFieldValue(Object, String) at library/src/com/nostra13/universalimageloader/utils/ImageSizeUtils.java:69}","{Method getImageViewFieldValue(Object, String) at library/src/com/nostra13/universalimageloader/core/imageaware/ImageViewAware.java:117}","14","14"
"56f4df896682733c9979b348e46ba77494851304","EXTRACT","{Method displayImage(String, ImageView, DisplayImageOptions, ImageLoadingListener) at library/src/com/nostra13/universalimageloader/core/ImageLoader.java:169}","{Method displayImage(String, ImageAware, DisplayImageOptions) at library/src/com/nostra13/universalimageloader/core/ImageLoader.java:150}","59","3"
"56f4df896682733c9979b348e46ba77494851304","CHANGE_SIGNATURE","{Method cancelDisplayTaskFor(ImageView) at library/src/com/nostra13/universalimageloader/core/ImageLoaderEngine.java:117}","{Method cancelDisplayTaskFor(ImageAware) at library/src/com/nostra13/universalimageloader/core/ImageLoaderEngine.java:124}","3","3"
"56f4df896682733c9979b348e46ba77494851304","EXTRACT_MOVE","{Method run() at library/src/com/nostra13/universalimageloader/core/DisplayBitmapTask.java:63}","{Method getWrappedView() at library/src/com/nostra13/universalimageloader/core/imageaware/FakeImageAware.java:59}","15","3"
"56f4df896682733c9979b348e46ba77494851304","CHANGE_SIGNATURE","{Method new(String, ImageView, ImageSize, String, DisplayImageOptions, ImageLoadingListener, ReentrantLock) at library/src/com/nostra13/universalimageloader/core/ImageLoadingInfo.java:46}","{Method new(String, ImageAware, ImageSize, String, DisplayImageOptions, ImageLoadingListener, ReentrantLock) at library/src/com/nostra13/universalimageloader/core/ImageLoadingInfo.java:44}","9","9"
"56f4df896682733c9979b348e46ba77494851304","CHANGE_SIGNATURE","{Method getLoadingUriForView(ImageView) at library/src/com/nostra13/universalimageloader/core/ImageLoader.java:374}","{Method getLoadingUriForView(ImageAware) at library/src/com/nostra13/universalimageloader/core/ImageLoader.java:435}","3","3"
"56f4df896682733c9979b348e46ba77494851304","CHANGE_SIGNATURE","{Method prepareDisplayTaskFor(ImageView, String) at library/src/com/nostra13/universalimageloader/core/ImageLoaderEngine.java:108}","{Method prepareDisplayTaskFor(ImageAware, String) at library/src/com/nostra13/universalimageloader/core/ImageLoaderEngine.java:114}","3","3"
"56f4df896682733c9979b348e46ba77494851304","EXTRACT_MOVE","{Method run() at library/src/com/nostra13/universalimageloader/core/LoadAndDisplayImageTask.java:377}","{Method getWrappedView() at library/src/com/nostra13/universalimageloader/core/imageaware/FakeImageAware.java:59}","11","3"
"56f4df896682733c9979b348e46ba77494851304","EXTRACT_MOVE","{Method fireCancelEvent() at library/src/com/nostra13/universalimageloader/core/LoadAndDisplayImageTask.java:392}","{Method getWrappedView() at library/src/com/nostra13/universalimageloader/core/imageaware/ImageViewAware.java:102}","10","3"
"56f4df896682733c9979b348e46ba77494851304","CHANGE_SIGNATURE","{Method getLoadingUriForView(ImageView) at library/src/com/nostra13/universalimageloader/core/ImageLoaderEngine.java:100}","{Method getLoadingUriForView(ImageAware) at library/src/com/nostra13/universalimageloader/core/ImageLoaderEngine.java:106}","3","3"
"56f4df896682733c9979b348e46ba77494851304","CHANGE_SIGNATURE","{Method display(Bitmap, ImageView, LoadedFrom) at library/src/com/nostra13/universalimageloader/core/display/RoundedBitmapDisplayer.java:43}","{Method display(Bitmap, ImageAware, LoadedFrom) at library/src/com/nostra13/universalimageloader/core/display/RoundedBitmapDisplayer.java:45}","5","9"
"56f4df896682733c9979b348e46ba77494851304","CHANGE_SIGNATURE","{Method cancelDisplayTask(ImageView) at library/src/com/nostra13/universalimageloader/core/ImageLoader.java:383}","{Method cancelDisplayTask(ImageAware) at library/src/com/nostra13/universalimageloader/core/ImageLoader.java:445}","3","3"
"56f4df896682733c9979b348e46ba77494851304","EXTRACT_MOVE","{Method fireFailEvent(FailType, Throwable) at library/src/com/nostra13/universalimageloader/core/LoadAndDisplayImageTask.java:373}","{Method getWrappedView() at library/src/com/nostra13/universalimageloader/core/imageaware/FakeImageAware.java:59}","18","3"
"d701d064e9f0b06600c3bb0ad86124b62955af42"
"dcb5e7982e71f76bf5aac5830e18c713839ff478"
"beb466a38c12d696f4dbf13c5943c67dab913f41"
"66c44c0e0b56828048edd75603b7921533e9de8d"
"4f3172262de460ad4b59d86f036c8a38aec9ee93"
"4aec203474927e98ef6da4d0f04e6e98e6d082ab"
"24c114dfc02175baf0d0f76a1a0803b59fcaee20"
"22345c7b61300c0dfe3ef12e222abdf8e874c5d2"
"4bc016b7f2f412633b8fb54076163478bd2d230f"
"f841edd9379bbd0888e7d3320fde2fd375b7078c"
"05f6da9fe46eccaa5f941ae8f9ef8363848311d7"
"8e573ccd9ca0d6d4feab06d4150396f4b8ca12db"
"ea207757b845bb5f0c3c9d06b218f89861029efe"
"e2d62fd53a5825fe0c6584333afc0822086132b0"
"fb90529bb924ac5f8acbf69212aa820998d75151"
"906beecdb8c45d4bb56da3fa40bdd2acdbe4370a"
"24ca7dd0dbaee8a011aad6195f33e840793e7df9"
"08fe96dea2d3d8e326a9584d5cc8769fbfe8a3d5","CHANGE_SIGNATURE","{Method copyStream(InputStream, OutputStream, int) at library/src/com/nostra13/universalimageloader/utils/IoUtils.java:34}","{Method copyStream(InputStream, OutputStream) at library/src/com/nostra13/universalimageloader/utils/IoUtils.java:36}","10","10"
"08fe96dea2d3d8e326a9584d5cc8769fbfe8a3d5","RENAME","{Method rememberUsage(String) at library/src/com/nostra13/universalimageloader/cache/disc/impl/LimitedAgeDiscCache.java:112}","{Method put(String, File) at library/src/com/nostra13/universalimageloader/cache/disc/impl/LimitedAgeDiscCache.java:61}","6","5"
"08fe96dea2d3d8e326a9584d5cc8769fbfe8a3d5","INLINE","{Method new() at library/src/com/nostra13/universalimageloader/cache/disc/impl/ext/Util.java:30}","{Method downloadSizedImage(File, int, int) at library/src/com/nostra13/universalimageloader/core/LoadAndDisplayImageTask.java:331}","2","27"
"08fe96dea2d3d8e326a9584d5cc8769fbfe8a3d5","INLINE","{Method getFile(String) at library/src/com/nostra13/universalimageloader/cache/disc/BaseDiscCache.java:114}","{Method get(String) at library/src/com/nostra13/universalimageloader/cache/disc/BaseDiscCache.java:56}","4","4"
"08fe96dea2d3d8e326a9584d5cc8769fbfe8a3d5","INLINE","{Method save(String, Bitmap, Bitmap.CompressFormat, int) at library/src/com/nostra13/universalimageloader/cache/disc/BaseDiscCache.java:86}","{Method downloadSizedImage(File, int, int) at library/src/com/nostra13/universalimageloader/core/LoadAndDisplayImageTask.java:331}","12","27"
"08fe96dea2d3d8e326a9584d5cc8769fbfe8a3d5","CHANGE_SIGNATURE","{Method tryCacheImageOnDisc() at library/src/com/nostra13/universalimageloader/core/LoadAndDisplayImageTask.java:293}","{Method tryCacheImageOnDisc(File) at library/src/com/nostra13/universalimageloader/core/LoadAndDisplayImageTask.java:309}","22","21"
"08fe96dea2d3d8e326a9584d5cc8769fbfe8a3d5","CHANGE_SIGNATURE","{Method downloadSizedImage(int, int) at library/src/com/nostra13/universalimageloader/core/LoadAndDisplayImageTask.java:316}","{Method downloadSizedImage(File, int, int) at library/src/com/nostra13/universalimageloader/core/LoadAndDisplayImageTask.java:331}","21","27"
"6e0113723c90246c565f7ef6169d01cc708f66bb"
"d9a9f6adeffcfd559e131ba925aa809866acc781","CHANGE_SIGNATURE","{Method showImageForEmptyUri(Bitmap) at library/src/com/nostra13/universalimageloader/core/DisplayImageOptions.java:283}","{Method showImageForEmptyUri(Drawable) at library/src/com/nostra13/universalimageloader/core/DisplayImageOptions.java:280}","4","4"
"7cad75b980e153a799247ea9c5379ed6626378ae"
"692d2af63889ab91911ce2fb321199f992a7402a"
"d8e91738517ceeae317e0ac6db8575101761d8df"
"e211602d2bddb47ca26eda0010c3bb82ebb456b3"
"c2be1ef7cfb01167de8ca3ec9a2d76c2782a93cd"
"b6997043353b325ba5f7e4afe2e01b164f536239"
"0de0ecfd7ebac2379aab7a5559f1d03f0e045be7"
"934d08627bf904a77b83cc71973d43eebf715653"
"5df2d0d4ec52975618ca2f518ec7f3b55651d92e"
"5233d06c44850cb21878f36afc03defa2eac6e2f","CHANGE_SIGNATURE","{Method createConnection(String) at library/src/com/nostra13/universalimageloader/core/download/BaseImageDownloader.java:122}","{Method createConnection(String, Object) at library/src/com/nostra13/universalimageloader/core/download/BaseImageDownloader.java:123}","7","7"
"752f8bdfb0a188f1d932372280689fd66f9db2d0"
"29be59a65411d95604ef0dbfa3cb772d8571c431"
"784432dee08ce93d4a7b797166dc434a47ce3659"
"077a22f88b2204581f7a2ca19c575e09c98cfe45"
"96e8853763f8a855cd8a671d1dc46613dbc46122"
"ec5a6dc5c10c08e689624e0c6b401d7554d44157"
"45fc1df6c36a8b9d79e07c456598461f178ff793"
"dbb052cc4395c0130707fdcd182ef532ed3e2060"
"6b219447c8db3e8f922856989dd2871e41455e80"
"a01519c6e6de6d521ff0d60994acbd816c7337ff"
"bf79f2aecca30e32ba9440043bc3dfc2320aa9e3","EXTRACT_MOVE","{Method calculateCacheSizeAndFillUsageMap() at library/src/com/nostra13/universalimageloader/cache/disc/LimitedDiscCache.java:72}","{Method size() at library/src/com/nostra13/universalimageloader/cache/disc/impl/ext/DiskLruCache.java:494}","16","3"
"bf79f2aecca30e32ba9440043bc3dfc2320aa9e3","RENAME","{Method put(String, File) at library/src/com/nostra13/universalimageloader/cache/disc/impl/LimitedAgeDiscCache.java:61}","{Method rememberUsage(String) at library/src/com/nostra13/universalimageloader/cache/disc/impl/LimitedAgeDiscCache.java:112}","5","6"
"bf79f2aecca30e32ba9440043bc3dfc2320aa9e3","EXTRACT_MOVE","{Method downloadSizedImage(File, int, int) at library/src/com/nostra13/universalimageloader/core/LoadAndDisplayImageTask.java:331}","{Method save(String, Bitmap, Bitmap.CompressFormat, int) at library/src/com/nostra13/universalimageloader/cache/disc/BaseDiscCache.java:86}","27","12"
"bf79f2aecca30e32ba9440043bc3dfc2320aa9e3","CHANGE_SIGNATURE","{Method downloadSizedImage(File, int, int) at library/src/com/nostra13/universalimageloader/core/LoadAndDisplayImageTask.java:331}","{Method downloadSizedImage(int, int) at library/src/com/nostra13/universalimageloader/core/LoadAndDisplayImageTask.java:316}","27","21"
"bf79f2aecca30e32ba9440043bc3dfc2320aa9e3","EXTRACT","{Method get(String) at library/src/com/nostra13/universalimageloader/cache/disc/BaseDiscCache.java:56}","{Method getFile(String) at library/src/com/nostra13/universalimageloader/cache/disc/BaseDiscCache.java:114}","4","4"
"bf79f2aecca30e32ba9440043bc3dfc2320aa9e3","CHANGE_SIGNATURE","{Method copyStream(InputStream, OutputStream) at library/src/com/nostra13/universalimageloader/utils/IoUtils.java:36}","{Method copyStream(InputStream, OutputStream, int) at library/src/com/nostra13/universalimageloader/utils/IoUtils.java:34}","10","10"
"bf79f2aecca30e32ba9440043bc3dfc2320aa9e3","EXTRACT_MOVE","{Method run() at library/src/com/nostra13/universalimageloader/cache/disc/LimitedDiscCache.java:75}","{Method size() at library/src/com/nostra13/universalimageloader/cache/disc/impl/ext/DiskLruCache.java:494}","11","3"
"bf79f2aecca30e32ba9440043bc3dfc2320aa9e3","CHANGE_SIGNATURE","{Method tryCacheImageOnDisc(File) at library/src/com/nostra13/universalimageloader/core/LoadAndDisplayImageTask.java:309}","{Method tryCacheImageOnDisc() at library/src/com/nostra13/universalimageloader/core/LoadAndDisplayImageTask.java:293}","21","22"
"bf79f2aecca30e32ba9440043bc3dfc2320aa9e3","EXTRACT_MOVE","{Method downloadSizedImage(File, int, int) at library/src/com/nostra13/universalimageloader/core/LoadAndDisplayImageTask.java:331}","{Method new() at library/src/com/nostra13/universalimageloader/cache/disc/impl/ext/Util.java:30}","27","2"
"8bc281a5b4b65f3e8e08b1de835c8940a1b6de38"
"d4184857c88ef8db7d36393084853ee6af661065"
"0acc985e67e214c1d9660fb2e78cb370f3659a11"
"1ae61f33f731939f31784b04d141be2632d25617"
"dec2857b0e26f2e1ef479316b1cc5c3ffae899b2","RENAME","{Method fireImageLoadingFailedEvent(FailType, Throwable) at library/src/com/nostra13/universalimageloader/core/LoadAndDisplayImageTask.java:352}","{Method fireFailEvent(FailType, Throwable) at library/src/com/nostra13/universalimageloader/core/LoadAndDisplayImageTask.java:373}","13","14"
"dec2857b0e26f2e1ef479316b1cc5c3ffae899b2","EXTRACT","{Method checkTaskIsNotActual() at library/src/com/nostra13/universalimageloader/core/LoadAndDisplayImageTask.java:202}","{Method checkImageViewReused(ImageView) at library/src/com/nostra13/universalimageloader/core/LoadAndDisplayImageTask.java:223}","16","11"
"dec2857b0e26f2e1ef479316b1cc5c3ffae899b2","CHANGE_SIGNATURE","{Method isViewWasReused() at library/src/com/nostra13/universalimageloader/core/DisplayBitmapTask.java:73}","{Method isViewWasReused(ImageView) at library/src/com/nostra13/universalimageloader/core/DisplayBitmapTask.java:80}","4","4"
"d363b96b2187edced69bc1fca5df17a075400d90"
"d257bacd4da4d9aebe54941db67d50a525467ac8"
"9c266bdc8c023c0c6d7a119bfc9f8ccc965b337d","RENAME","{Method initEmptyFiledsWithDefaultValues() at library/src/com/nostra13/universalimageloader/core/ImageLoaderConfiguration.java:524}","{Method initEmptyFieldsWithDefaultValues() at library/src/com/nostra13/universalimageloader/core/ImageLoaderConfiguration.java:527}","33","33"
"923cccf611abc92e713a004d811dfcbff13220ab"
"81215687541ac63b38c599c83b9ab0c3517c98c3"
"3e80286b9bd18cd29115a30bebaf065ab91007b9"
"7dc3108026ea86aac2dc411f35353ba4fecd661c"
"505adb8435b822d79ed79c2baf2ecee8138d6895"
"87a61306f7d8cc44abd5b1eccf09859eb675bc04"
"1bedbc0a1dc006c8261c3d537ca8f08ac086c368"
"d4ababdf82b78177aa982e13b624918f660707bb"
"d619c5f915e566df1af75b7bed95b90b5926a4aa"
"540e0e509660ef2e4474422c516b00b7a20f0d5a"
"e939e31882099bf19d90f8d7b54f67eecf22f37f"
"ca268f42bf9210783e9a828679f2c9483460b953"
"946797ffbd56983ea8b7f6c66f6a80dd09a17340"
"1b58d4d8bff0a23e59589cbe793bbde6c72bc286"
"fc54a523e09e3195ab947a5dfae8d3d86f1bddb4"
"9178cfa0dedb77dcbfead34cb6a9d6da524ea947"
"97e9c6ec38cf2b29cbe7a7b32f1ec1ef0acfb800"
"8abe7784bfa70a69e20520c4eaa844670894804d"
"b241677f4c8c931b3e6fb222d85facad4662971f"
"ddf34ed95b76097438d8dce7f0f94aca602a1166"
"ce481782bbf27955373d7b676696990690afda1c"
"3bfc46db9d8e61ea98fc27e38d86988469913cda"
"85808ab4a1e21b0d182c15e0c04532dadf758883","CHANGE_SIGNATURE","{Method discCacheExtraOptions(int, int, CompressFormat, int) at library/src/com/nostra13/universalimageloader/core/ImageLoaderConfiguration.java:215}","{Method discCacheExtraOptions(int, int, CompressFormat, int, BitmapProcessor) at library/src/com/nostra13/universalimageloader/core/ImageLoaderConfiguration.java:220}","7","8"
"a299f48d8f3492578c3706e1de65b83c5f606491"
"9a8a12803102bb48c1b4dd9c92ab62a3d3ade646"
"57024a9358adb513b2dc067dced31c2ee3a560ba"
"022f4e22082d375d3b8487d2560aae519e6b5b6a"
"10881d20ad2ca83e49c5519cf096a84f49f83b6b"
"dc6fb95d26842d9d63b7221c4bb6357a689b1091"
"b7310841fd33ec49ad8bafd2f8e8039de0d1ec81"
"31e62dc8b90fef1adae140835f187cc6831558a2"
"665c3de2d458eadaebcb862b13ce6274b699f874"
"027b0fefbe772832ab43d1db5fc82604f19f19cc","RENAME","{Method connectTo(String) at library/src/com/nostra13/universalimageloader/core/download/BaseImageDownloader.java:121}","{Method createConnection(String) at library/src/com/nostra13/universalimageloader/core/download/BaseImageDownloader.java:130}","8","7"
"012f7df5768cd2dcbf689625e6abe5bcc7b1004b"
"d810a95ef04e128ba234c8c99a51fc07290f371a","CHANGE_SIGNATURE","{Method display(Bitmap, ImageView) at library/src/com/nostra13/universalimageloader/core/display/SimpleBitmapDisplayer.java:29}","{Method display(Bitmap, ImageView, LoadedFrom) at library/src/com/nostra13/universalimageloader/core/display/SimpleBitmapDisplayer.java:31}","4","4"
"d810a95ef04e128ba234c8c99a51fc07290f371a","CHANGE_SIGNATURE","{Method display(Bitmap, ImageView) at library/src/com/nostra13/universalimageloader/core/display/BitmapDisplayer.java:38}","{Method display(Bitmap, ImageView, LoadedFrom) at library/src/com/nostra13/universalimageloader/core/display/BitmapDisplayer.java:41}","1","1"
"d810a95ef04e128ba234c8c99a51fc07290f371a","CHANGE_SIGNATURE","{Method new(Bitmap, ImageLoadingInfo, ImageLoaderEngine) at library/src/com/nostra13/universalimageloader/core/DisplayBitmapTask.java:48}","{Method new(Bitmap, ImageLoadingInfo, ImageLoaderEngine, LoadedFrom) at library/src/com/nostra13/universalimageloader/core/DisplayBitmapTask.java:50}","9","10"
"d810a95ef04e128ba234c8c99a51fc07290f371a","CHANGE_SIGNATURE","{Method display(Bitmap, ImageView) at library/src/com/nostra13/universalimageloader/core/display/FadeInBitmapDisplayer.java:38}","{Method display(Bitmap, ImageView, LoadedFrom) at library/src/com/nostra13/universalimageloader/core/display/FadeInBitmapDisplayer.java:40}","7","7"
"d810a95ef04e128ba234c8c99a51fc07290f371a","CHANGE_SIGNATURE","{Method display(Bitmap, ImageView) at library/src/com/nostra13/universalimageloader/core/display/RoundedBitmapDisplayer.java:49}","{Method display(Bitmap, ImageView, LoadedFrom) at library/src/com/nostra13/universalimageloader/core/display/RoundedBitmapDisplayer.java:50}","5","5"
"d810a95ef04e128ba234c8c99a51fc07290f371a","CHANGE_SIGNATURE","{Method display(Bitmap, ImageView) at library/src/com/nostra13/universalimageloader/core/display/FakeBitmapDisplayer.java:35}","{Method display(Bitmap, ImageView, LoadedFrom) at library/src/com/nostra13/universalimageloader/core/display/FakeBitmapDisplayer.java:36}","4","4"
"74baa70c194501ebd21dddd381e9bc9fde2c59a2"
"5d1ce881e873fb816e929fbfd156ccaef35b0335"
"be8e74e4c95b47b0d7b92f277220db615a97439d"
"6228e10b2ec6b124be0b7f89e876de985264f2de"
"bcefb18584a7f0a0f8bc7c335a5ad1d5aa46328b"
"142ac6eb7792b5585660dd62c8886538b0941d8d"
"812cb0f4facbf3d6a2cf32aa9d1241ebc7668c46"
"c19546851d0342b86538238d74bdfed43864ea43"
"0c4fc0ab474054b5cf8d7bedb7e55c3816bb17e0"
"460dfe63dab1c2826b4fa02abb7351b5dc01bec2"
"d3b2276f0a858951d71178a9548e1c078ef2d150"
"599eb41d38dcef13c7221b9cb9baeb5686eee485"
"8f36a417b17224753bc47581e80ddaab04bfece1"
"6f39b40ff540378dd883c2e813f54e98072f95db"
"7f105dc6725d3156a1d9b712f00a5b32b3915beb"
"c0604b9b3fcd77d86c154a46f9078cec6ec67838"
"3042606a69fcd01d334e6d730c8284c4c108fb09"
"93ee56d4fa2041f4579ab9f426ccca4f00639660"
"4eb19ebadeeab894e1b8bc4f66958e37d13eb3db"
"a6d6695a781310e76c9f681e4d3ca86c890af517"
"0f5beaa2c22936d45fbbabac3151205f218b1883"
"ea6931448b95ef6211deee0a0e7ba657f97a3785"
"cc976782098d7251154e6f3c29f12b9c220b119d"
"9c09e8bb5141307a198cfcd2db55189a5c8122b3"
"f570db22ea68750d2b0f48c9f4be11e4e36e3c8d"
"62fa1bde1d562472eca7d4a2d2117d94e6e36d3c"
"1fd6b702436acb9ac8dc0bc26b1ed3a7c5386e5f"
"a08f62b8d8e4a4e3daed4c376a4363bb6c19e0a2"
"de8b4eda437368aceb323b8d6fc3b779002c1a22"
"a4782c2f5981561fcfebe491b54f6d055c30db19","CHANGE_SIGNATURE","{Method new(String, ImageView, ImageSize, DisplayImageOptions, ImageLoadingListener, ReentrantLock) at library/src/com/nostra13/universalimageloader/core/ImageLoadingInfo.java:45}","{Method new(String, ImageView, ImageSize, String, DisplayImageOptions, ImageLoadingListener, ReentrantLock) at library/src/com/nostra13/universalimageloader/core/ImageLoadingInfo.java:45}","9","9"
"cd356d0164dfb2e63d4955d5e588e075ed4d9dbc"
"ac5121a4025f588d5b02d34dee3c91750c4fee52"
"e2d84aff036c22ca02c1152f8100ad4d76b5097c"
"9634fe37c997bd84932b2b198d8b38913e01a968"
"781aca4dad7b60dde2f93388d997ab31f56ac6ab"
"e3480a5d0484e3dcb9ebcf86d08f74b0fa86c94e"
"2a32559e9ee61d61586ba70aeab7cfd8bdb90488"
"6be886995d3a02816e5ef9db6dea6a0d3d0f331e"
"61ab2aff78c7db276c43b40b2d3fa44ec4b2fad1"
"f641933a6ca867223017abaca7bcd1758a246963"
"b6f760790c0862c89e88117dd82e0e88ee2a23fc"
"38e631b6e0fec39fc5b2440d4b77dce2fdddc700"
"e679803f45f1d03e68f5f698540ab5d1dcc2f356"
"5e250bcfb324ded01feaa155e13eba6a31d0959a"
"869830817110634bf8746cedcce3d0a2eb928604"
"aa7a2370bf03e5bc9bb9758aba03cfe7d5be5e01"
"b4d3363ceec4506959cf4da7aaa56f8cfadd49c3"
"f0a7c77c6152eb446d8724c493e919c2df7957c5"
"3140a3ef12c54fe64f99e15e2839e2eda0a9d3fa"
"09bd5f23d323fc24b94d43ed8fa5469caa1c9452"
"ae72a4d18c9460aaa19d0fcee28d0c7a03961284"
"4f8cc1829b2994658009d654f078aa2307b19683"
"db6cf6ded0f0716a83cc3e1cba6b6c1a4796ab14"
"20172fa7ce474e70c54798b4ba3743be56945ddc"
"b4430d14cad1331fef2b29629638fbf374006474"
"ab2ac4e98b309cf7cf2e823709e6232d4f6d93d4"
"435faf227067b514be90df4b9ac73a2433f2419c"
"3ff9e58882861ebad79aa09b1a414cd03b051278"
"8a4a7cf686ee5a56961a438664f116339c330cf7"
"7de99ad20c03ba5c83a29eda97f337f401e12e99"
"a36933a4af0b2568acbf4a83a023d26a614ef159"
"ce36f1ee1eb76c057dec6da426d4f5eeaac943b6","EXTRACT","{Method run() at library/src/com/nostra13/universalimageloader/core/LoadAndDisplayImageTask.java:114}","{Method waitIfPaused() at library/src/com/nostra13/universalimageloader/core/LoadAndDisplayImageTask.java:163}","72","16"
"ce36f1ee1eb76c057dec6da426d4f5eeaac943b6","EXTRACT","{Method run() at library/src/com/nostra13/universalimageloader/core/LoadAndDisplayImageTask.java:114}","{Method delayIfNeed() at library/src/com/nostra13/universalimageloader/core/LoadAndDisplayImageTask.java:183}","72","13"
"ce36f1ee1eb76c057dec6da426d4f5eeaac943b6","EXTRACT","{Method tryLoadBitmap() at library/src/com/nostra13/universalimageloader/core/LoadAndDisplayImageTask.java:216}","{Method getImageFileInDiscCache() at library/src/com/nostra13/universalimageloader/core/LoadAndDisplayImageTask.java:263}","66","13"
"cb613a2c3e76bf3146869aa2feac70d716dda750"
"efe0be6ae30f7e5bc571889df625ea5aec3429dc"
"06987f610636b6d0a24ba2a35b0e70d252435f66"
"b67bb41ffd0a74452ddcc0d813de52e82aa1266a"
"9e3520309b4ac131b502c3fbae3d931707ca0c34"
"4c70337c2d1e00589eeedc4a60b7e072df8eab72"
"f82d90f759aa74444ec088df186a623d0b9a7992"
"0655534d0701b9e7f09c7d0738a1420cd49ce217","MOVE","{Method setLoggingEnabled(boolean) at library/src/com/nostra13/universalimageloader/core/ImageDecoder.java:188}","{Method setLoggingEnabled(boolean) at library/src/com/nostra13/universalimageloader/core/decode/BaseImageDecoder.java:198}","3","3"
"0655534d0701b9e7f09c7d0738a1420cd49ce217","MOVE_RENAME","{Method getFieldValue(Object, String) at library/src/com/nostra13/universalimageloader/core/ImageLoader.java:505}","{Method getImageViewFieldValue(Object, String) at library/src/com/nostra13/universalimageloader/utils/ImageSizeUtils.java:70}","14","14"
"0655534d0701b9e7f09c7d0738a1420cd49ce217","MOVE_RENAME","{Method getImageSizeScaleTo(ImageView) at library/src/com/nostra13/universalimageloader/core/ImageLoader.java:486}","{Method defineTargetSizeForView(ImageView, int, int) at library/src/com/nostra13/universalimageloader/utils/ImageSizeUtils.java:51}","18","18"
"6f7373050391a28eb1a93b9a44b396f1d80ac233"
"837ff64fdf948dedd3976b3a7ecc8990b4067b22"
"c483276919ddb065dbcfc9b0a36c1885d096b829"
"ee3b12a44e0f47de9ef2e08178bdffe39c8ed9f3"
"330efbb4bb926b5f6a00f72ec83499968569dce5"
"f642fd63cb224abd181ee8d1ee6acc4af814d89b"
"2739c9065aeee14d9d2666774d40980499d185ea"
"5e1f7d04b4f1549c14a861b9ae0a40f474637146"
"ad45304ab2f12c49034d1ec713c42d7e08c51168"
"e481a6fcba86a1c6a8f8e71679d2224bf49c1d24"
"87008caa1d324b2b086c7ed4c8c2c32782f05458"
"29f47dd81f3077c0b7142c1df8cba9ae246cfcd1"
"5009e0b3565220aed813f167c84df114acf010bc"
"26b6ad8218908e2ef9746560d9857971aa016c25"
"c3958d9b763a33944d55fab8299da29e41842fa1"
