"Commit","RefactoringType","Before","After","BeforeLOC","AfterLOC"
"5e158121a6cac01503f1e0f6c312aa241f045552"
"1991dd95611103e0127b6e109264a7679a4355da"
"37a95508ea7c101ef8611e671264eb2d44b01d2e"
"777b8b52edf7726d731f882b83ac0bfc2806edd9"
"88c757868120f9c861c1c6fcd092997d10b9aa00"
"d52de595855632fc2356ddad0afbe16b74ff06b5"
"2ccb524f84ad6e24f01596c417b64aca252340a4"
"603357c66a9e96bc3ee8cd9acae20b754b18f3de"
"2f55cce74088064c856d719111e5a509a219bd97"
"03fb90917ae297d7b0eeb9c773e914c4c98dc2cb"
"95dc4940b8fcec0b35e3194d4b7cfd8781262ce7"
"ebbf7e2680e0a5812bdb428034aa38fb9260dba7"
"8ea0935b616d6a3c8be5478f037879d261343ca0"
"4ca1b39ac29e86daa6d30f06218734271681cd41"
"73c09cab9c7a6b784c3295dc1f29807fddfcd5a8"
"0b79e000f0c66cc4f1032d8ce0bb942fc5dbea7f"
"a6b0e52b969a94424e9db64fcf0db945fcf211b3"
"115f1273e593218c340c83927715503a71663fca"
"d058d62fa70e892ff3a6c0318428704bdbd3a8f6"
"66b4cc1222b18ab17f4fd6e3471854c14ff68972"
"ae65f75a63c705dbe7a58d8343d8f4306a4862be"
"29407bcacf1ce064722517b4efa2949b79ab3ec2"
"ba3e317c511e7e00980d4280ccf6ae8d8d7911b9"
"a24db154f685c931da46ab9af7d17f21b52fdbe9"
"98d41b478b1270683e6c68cd76155666a3f7a038"
"b51f26d5c350155c62db28280fc143e5ed21d42b"
"416c8d3cc332c97fb2844902c3dc8162e1af4ce2"
"e378858dda678e8c41242783812904a92c67a7d7"
"691005257f497936306b790fae8ac9b4ca7bb8d1"
"c2daf6597b95d1f7919212d426734db9b84283f1"
"b7ea90c98d3aee3ec049ca4689edc94ec86b9bc9"
"037af582ace266027ec219c7b37e254d217bc0c4"
"9c7926368784d78f7b00e2083f6d9bb1adcc506e"
"e6167dfa8f443a0937f5e18998fcd08fe6698f48"
"b698d534305f40ec95d3bdd96f83aad3e8c516fa"
"900f060c9ec3ce29e43d9fd9ac7b2dbda6e3d6e3"
"8eaae215132e01dcf8c5a7bf59af0659e80d8821"
"04103c5d4767cb36e3d086c713c72e930c2949d3"
"67f78a865bde884914234f508895898d3b63702b"
"6210f33d80031329b5fe1ffa19490cd60985d2e5"
"a1db501f78ffdd40309e81446e2fb088dc31e214","EXTRACT_MOVE","{Method loadResource(Uri, ContentResolver) at library/src/main/java/com/bumptech/glide/load/data/FileDescriptorLocalUriFetcher.java:19}","{Method openAssetFileDescriptor(Uri, ContentResolver) at library/src/main/java/com/bumptech/glide/load/data/mediastore/MediaStoreUtil.java:42}","7","3"
"a1db501f78ffdd40309e81446e2fb088dc31e214","EXTRACT_MOVE","{Method loadResource(Uri, ContentResolver) at library/src/main/java/com/bumptech/glide/load/data/AssetFileDescriptorLocalUriFetcher.java:19}","{Method openAssetFileDescriptor(Uri, ContentResolver) at library/src/main/java/com/bumptech/glide/load/data/mediastore/MediaStoreUtil.java:42}","7","3"
"16c12bacd65af538173bdfb9866db4a8aba86533","CHANGE_SIGNATURE","{Method new(ContentResolver, Uri, boolean) at library/src/main/java/com/bumptech/glide/load/data/StreamLocalUriFetcher.java:53}","{Method new(ContentResolver, Uri) at library/src/main/java/com/bumptech/glide/load/data/StreamLocalUriFetcher.java:48}","3","3"
"16c12bacd65af538173bdfb9866db4a8aba86533","CHANGE_SIGNATURE","{Method new(ContentResolver, Uri, boolean) at library/src/main/java/com/bumptech/glide/load/data/AssetFileDescriptorLocalUriFetcher.java:14}","{Method new(ContentResolver, Uri) at library/src/main/java/com/bumptech/glide/load/data/AssetFileDescriptorLocalUriFetcher.java:13}","3","3"
"16c12bacd65af538173bdfb9866db4a8aba86533","CHANGE_SIGNATURE","{Method new(ContentResolver, boolean) at library/src/main/java/com/bumptech/glide/load/model/UriLoader.java:73}","{Method new(ContentResolver) at library/src/main/java/com/bumptech/glide/load/model/UriLoader.java:72}","4","3"
"16c12bacd65af538173bdfb9866db4a8aba86533","CHANGE_SIGNATURE","{Method new(ContentResolver, Uri, boolean) at library/src/main/java/com/bumptech/glide/load/data/LocalUriFetcher.java:41}","{Method new(ContentResolver, Uri) at library/src/main/java/com/bumptech/glide/load/data/LocalUriFetcher.java:35}","5","4"
"16c12bacd65af538173bdfb9866db4a8aba86533","CHANGE_SIGNATURE","{Method new(ContentResolver, Uri, boolean) at library/src/main/java/com/bumptech/glide/load/data/FileDescriptorLocalUriFetcher.java:14}","{Method new(ContentResolver, Uri) at library/src/main/java/com/bumptech/glide/load/data/FileDescriptorLocalUriFetcher.java:13}","3","3"
"16c12bacd65af538173bdfb9866db4a8aba86533","CHANGE_SIGNATURE","{Method new(ContentResolver, boolean) at library/src/main/java/com/bumptech/glide/load/model/UriLoader.java:135}","{Method new(ContentResolver) at library/src/main/java/com/bumptech/glide/load/model/UriLoader.java:128}","4","3"
"16c12bacd65af538173bdfb9866db4a8aba86533","CHANGE_SIGNATURE","{Method new(ContentResolver, boolean) at library/src/main/java/com/bumptech/glide/load/model/UriLoader.java:104}","{Method new(ContentResolver) at library/src/main/java/com/bumptech/glide/load/model/UriLoader.java:100}","4","3"
"2d913f964f3c12d88d82dcaeb78769b11e4fddd7","CHANGE_SIGNATURE","{Method new(ContentResolver, Uri) at library/src/main/java/com/bumptech/glide/load/data/LocalUriFetcher.java:35}","{Method new(ContentResolver, Uri, boolean) at library/src/main/java/com/bumptech/glide/load/data/LocalUriFetcher.java:41}","4","5"
"2d913f964f3c12d88d82dcaeb78769b11e4fddd7","EXTRACT_MOVE","{Method loadResource(Uri, ContentResolver) at library/src/main/java/com/bumptech/glide/load/data/FileDescriptorLocalUriFetcher.java:19}","{Method openAssetFileDescriptor(Uri, ContentResolver) at library/src/main/java/com/bumptech/glide/load/data/mediastore/MediaStoreUtil.java:42}","7","3"
"2d913f964f3c12d88d82dcaeb78769b11e4fddd7","CHANGE_SIGNATURE","{Method new(ContentResolver, Uri) at library/src/main/java/com/bumptech/glide/load/data/FileDescriptorLocalUriFetcher.java:13}","{Method new(ContentResolver, Uri, boolean) at library/src/main/java/com/bumptech/glide/load/data/FileDescriptorLocalUriFetcher.java:14}","3","3"
"2d913f964f3c12d88d82dcaeb78769b11e4fddd7","CHANGE_SIGNATURE","{Method new(ContentResolver, Uri) at library/src/main/java/com/bumptech/glide/load/data/AssetFileDescriptorLocalUriFetcher.java:13}","{Method new(ContentResolver, Uri, boolean) at library/src/main/java/com/bumptech/glide/load/data/AssetFileDescriptorLocalUriFetcher.java:14}","3","3"
"2d913f964f3c12d88d82dcaeb78769b11e4fddd7","CHANGE_SIGNATURE","{Method new(ContentResolver) at library/src/main/java/com/bumptech/glide/load/model/UriLoader.java:72}","{Method new(ContentResolver, boolean) at library/src/main/java/com/bumptech/glide/load/model/UriLoader.java:73}","3","4"
"2d913f964f3c12d88d82dcaeb78769b11e4fddd7","CHANGE_SIGNATURE","{Method new(ContentResolver) at library/src/main/java/com/bumptech/glide/load/model/UriLoader.java:128}","{Method new(ContentResolver, boolean) at library/src/main/java/com/bumptech/glide/load/model/UriLoader.java:135}","3","4"
"2d913f964f3c12d88d82dcaeb78769b11e4fddd7","CHANGE_SIGNATURE","{Method new(ContentResolver, Uri) at library/src/main/java/com/bumptech/glide/load/data/StreamLocalUriFetcher.java:48}","{Method new(ContentResolver, Uri, boolean) at library/src/main/java/com/bumptech/glide/load/data/StreamLocalUriFetcher.java:53}","3","3"
"2d913f964f3c12d88d82dcaeb78769b11e4fddd7","CHANGE_SIGNATURE","{Method new(ContentResolver) at library/src/main/java/com/bumptech/glide/load/model/UriLoader.java:100}","{Method new(ContentResolver, boolean) at library/src/main/java/com/bumptech/glide/load/model/UriLoader.java:104}","3","4"
"2d913f964f3c12d88d82dcaeb78769b11e4fddd7","EXTRACT_MOVE","{Method loadResource(Uri, ContentResolver) at library/src/main/java/com/bumptech/glide/load/data/AssetFileDescriptorLocalUriFetcher.java:19}","{Method openAssetFileDescriptor(Uri, ContentResolver) at library/src/main/java/com/bumptech/glide/load/data/mediastore/MediaStoreUtil.java:42}","7","3"
"eb1a33a14573cac9579dce35902617d143b581db"
"07973c616f10dd5c9e6c552ab8d4d587487f4a6b"
"10c7a11cd09f37fb7070245d12c578d0b5417489"
"8429c86b6c8e0c04bf834db94a2d7507048cdab1"
"b60e391a768d48b5f0b8c36fd98456662537a29a"
"350e02d42224882982f272d318663a8537dee509"
"81f309719a41fd0b377807f89de7197bf347c80e"
"15e87e0de7b5bbfb1f378c78fadbc8141f253a61"
"8a23b1e5db8c03330a898164df5c4fa7f90fc058"
"fa199a8c02c0a3ac1a4382f058ab8c888f21f5be"
"3c2d3c6cf4f2a1f94c31ba1cc28fb52ae89b92d6"
"1e4287e4a64d575dc1c1fe0ce71a1b16b317062f"
"cbdaa9c2980044a443b8dd1dbbc05123ed209e21"
"1a39132ab49a0d46af302ca5c9820dc63d081ccc"
"5775b442e957691035ebad1ba6ef131d48c38c28","MOVE","{Class RobolectricConstants at library/test/src/test/java/com/bumptech/glide/RobolectricConstants.java:3}","{Class RobolectricConstants at testutil/src/main/java/com/bumptech/glide/RobolectricConstants.java:3}","4","4"
"9afcbe544d2f6a96878a0bcb49c74589f3161e56","EXTRACT","{Method equals(Object) at library/src/main/java/com/bumptech/glide/request/BaseRequestOptions.java:1213}","{Method isEquivalentTo(BaseRequestOptions) at library/src/main/java/com/bumptech/glide/request/BaseRequestOptions.java:1221}","27","23"
"9d6f5317fff297b1ec14f9bfba163fce2b95ba5c"
"c86a012ca448822ab4e809b94d883fc5a21c2e60"
"7ed6cb30424c8ca708e57ace4d19284392e3d396"
"11c2172b79b9695fa182d9c9b408c4351f10efc8","EXTRACT_SUPER","{Class ViewPreloadSizeProviderTest at library/test/src/test/java/com/bumptech/glide/util/ViewPreloadSizeProviderTest.java:17}","{Class RobolectricConstants at library/test/src/test/java/com/bumptech/glide/RobolectricConstants.java:3}","77","4"
"11c2172b79b9695fa182d9c9b408c4351f10efc8","EXTRACT_SUPER","{Class ListPreloaderTest at library/test/src/test/java/com/bumptech/glide/ListPreloaderTest.java:34}","{Class RobolectricConstants at library/test/src/test/java/com/bumptech/glide/RobolectricConstants.java:3}","381","4"
"11c2172b79b9695fa182d9c9b408c4351f10efc8","EXTRACT_SUPER","{Class RequestBuilderTest at library/test/src/test/java/com/bumptech/glide/RequestBuilderTest.java:44}","{Class RobolectricConstants at library/test/src/test/java/com/bumptech/glide/RobolectricConstants.java:3}","247","4"
"f14bac14d8c8e1cc01b0c5bc4b07c96d61f767ba"
"510d68998c553c8c32f3273bbb3c1d0b2419f912"
"33ec9d7ad81c595b5c562be0a93e0ad9e2613aac"
"439cd7d334ec8264aec9182156f23ad15ed684be"
"6522c2e9d80e1a30b3382bdef1dbd135429c3962"
"8098c4d80b9f20b274757a16daf00478a99c6e87"
"2a29148ba1cc6a4d490cf25a05c7b7cc5c61141e"
"b4c6593202d30700be0350d3bd399af8f8c73d07"
"00026e84354b7c08c95ca1c376267497584d3db6"
"4b618737fdde8536bbc729d86f8355768d014dd5"
"cd0ad833a911264101512c0f172c74aa9a6024ac"
"b799f6ab13936c5703848de115fb740399136e0c"
"38cf725c7e8a65700ea8663ae6f6ed811bcc5e9d"
"589b519dd5cb077d0da1a8d280149a57214caf4e"
"661ca91a83cfdb52a777d939b5f7927f0f5bfd0e"
"41b2f90015fa7f8d836e692ba097f3ffb772e158","EXTRACT","{Method onDestroy() at library/src/main/java/com/bumptech/glide/RequestManager.java:370}","{Method clearRequests() at library/src/main/java/com/bumptech/glide/RequestManager.java:721}","12","6"
"2b20ca4cc0af78671df7710064a8298734b8fa7f"
"45d290769ee252824126adaf079ff80fbf555494","RENAME","{Method parse_withMissingName_throwsRuntimeException() at library/test/src/test/java/com/bumptech/glide/module/ManifestParserTest.java:128}","{Method parse_withMissingName_doesNotThrow() at library/test/src/test/java/com/bumptech/glide/module/ManifestParserTest.java:126}","15","7"
"5f88e66569b9392a24c9a9918ea9b17e71435a36"
"00fcc48f9575745847cea186d7503873f4d77bae"
"088d6b7a3b570d926bbf1f1348dd146142136a7d"
"d550965c13ce00a720d73c9379c9f0bec385ad42"
"1723a7141aa5aab9356ee4517f4b0a219adeddca"
"447e30df128125c8347cbe43ddcb15d517b0b5ba"
"b61925490ceef50b0852093bc6ed6e645c17e16c","RENAME","{Method safeDecodeHardwareBitmapWithGainmap(InputStream, Options) at library/src/main/java/com/bumptech/glide/load/resource/bitmap/GlideBitmapFactory.java:86}","{Method safeAndExpensiveDecodeHardwareBitmapWithGainmap(InputStream, Options) at library/src/main/java/com/bumptech/glide/load/resource/bitmap/GlideBitmapFactory.java:122}","17","17"
"b61925490ceef50b0852093bc6ed6e645c17e16c","CHANGE_SIGNATURE","{Method decodeStream(InputStream, BitmapFactory.Options) at library/src/main/java/com/bumptech/glide/load/resource/bitmap/GlideBitmapFactory.java:44}","{Method decodeStream(InputStream, BitmapFactory.Options, ImageReader) at library/src/main/java/com/bumptech/glide/load/resource/bitmap/GlideBitmapFactory.java:48}","7","8"
"b61925490ceef50b0852093bc6ed6e645c17e16c","RENAME","{Method safeDecodeHardwareBitmapWithGainmap(byte[], Options) at library/src/main/java/com/bumptech/glide/load/resource/bitmap/GlideBitmapFactory.java:118}","{Method safeAndExpensiveDecodeHardwareBitmapWithGainmap(byte[], Options) at library/src/main/java/com/bumptech/glide/load/resource/bitmap/GlideBitmapFactory.java:158}","17","17"
"b61925490ceef50b0852093bc6ed6e645c17e16c","RENAME","{Method safeDecodeHardwareBitmapWithGainmap(FileDescriptor, Options) at library/src/main/java/com/bumptech/glide/load/resource/bitmap/GlideBitmapFactory.java:152}","{Method safeAndExpensiveDecodeHardwareBitmapWithGainmap(FileDescriptor, Options) at library/src/main/java/com/bumptech/glide/load/resource/bitmap/GlideBitmapFactory.java:195}","18","18"
"b61925490ceef50b0852093bc6ed6e645c17e16c","EXTRACT","{Method hasJpegExifPreamble(byte[], int) at library/src/main/java/com/bumptech/glide/load/resource/bitmap/DefaultImageHeaderParser.java:285}","{Method hasMatchingBytes(byte[], int, byte[]) at library/src/main/java/com/bumptech/glide/load/resource/bitmap/DefaultImageHeaderParser.java:336}","13","12"
"b61925490ceef50b0852093bc6ed6e645c17e16c","EXTRACT","{Method moveToExifSegmentAndGetLength(Reader) at library/src/main/java/com/bumptech/glide/load/resource/bitmap/DefaultImageHeaderParser.java:303}","{Method moveToSegmentAndGetLength(Reader, int) at library/src/main/java/com/bumptech/glide/load/resource/bitmap/DefaultImageHeaderParser.java:384}","44","44"
"b61925490ceef50b0852093bc6ed6e645c17e16c","CHANGE_SIGNATURE","{Method decodeByteArray(byte[], BitmapFactory.Options) at library/src/main/java/com/bumptech/glide/load/resource/bitmap/GlideBitmapFactory.java:54}","{Method decodeByteArray(byte[], BitmapFactory.Options, ImageReader) at library/src/main/java/com/bumptech/glide/load/resource/bitmap/GlideBitmapFactory.java:60}","7","8"
"b61925490ceef50b0852093bc6ed6e645c17e16c","CHANGE_SIGNATURE","{Method decodeFileDescriptor(FileDescriptor, BitmapFactory.Options) at library/src/main/java/com/bumptech/glide/load/resource/bitmap/GlideBitmapFactory.java:65}","{Method decodeFileDescriptor(FileDescriptor, BitmapFactory.Options, ImageReader) at library/src/main/java/com/bumptech/glide/load/resource/bitmap/GlideBitmapFactory.java:72}","7","8"
"d676df65b02bf349a1704f7c3e4535fb306eb8d5"
"459a98f67adcf4bcec912c8b8a81834ce493cfc6"
"46a3b104690cb7cc5f5880e52ecf714d4d89919f"
"764ba2525edfb4c54ae4ccbf51d5577613523ca3","CHANGE_SIGNATURE","{Method new(ParcelFileDescriptor, List, ArrayPool, boolean) at library/src/main/java/com/bumptech/glide/load/resource/bitmap/ImageReader.java:257}","{Method new(ParcelFileDescriptor, List, ArrayPool) at library/src/main/java/com/bumptech/glide/load/resource/bitmap/ImageReader.java:224}","7","6"
"764ba2525edfb4c54ae4ccbf51d5577613523ca3","CHANGE_SIGNATURE","{Method new(byte[], List, ArrayPool, boolean) at library/src/main/java/com/bumptech/glide/load/resource/bitmap/ImageReader.java:52}","{Method new(byte[], List, ArrayPool) at library/src/main/java/com/bumptech/glide/load/resource/bitmap/ImageReader.java:47}","6","5"
"764ba2525edfb4c54ae4ccbf51d5577613523ca3","CHANGE_SIGNATURE","{Method new(File, List, ArrayPool, boolean) at library/src/main/java/com/bumptech/glide/load/resource/bitmap/ImageReader.java:92}","{Method new(File, List, ArrayPool) at library/src/main/java/com/bumptech/glide/load/resource/bitmap/ImageReader.java:79}","6","5"
"764ba2525edfb4c54ae4ccbf51d5577613523ca3","CHANGE_SIGNATURE","{Method new(InputStream, List, ArrayPool, boolean) at library/src/main/java/com/bumptech/glide/load/resource/bitmap/ImageReader.java:213}","{Method new(InputStream, List, ArrayPool) at library/src/main/java/com/bumptech/glide/load/resource/bitmap/ImageReader.java:185}","7","6"
"764ba2525edfb4c54ae4ccbf51d5577613523ca3","CHANGE_SIGNATURE","{Method new(ByteBuffer, List, ArrayPool, boolean) at library/src/main/java/com/bumptech/glide/load/resource/bitmap/ImageReader.java:168}","{Method new(ByteBuffer, List, ArrayPool) at library/src/main/java/com/bumptech/glide/load/resource/bitmap/ImageReader.java:147}","6","5"
"0c419e110177f18c6543a3c26562806dcc454d08"
"94f4dd8ecdc206c0a103a20e4acb8f82c564f574","RENAME","{Method testRotateImageExifHandlesBitmapsWithNullConfigs() at library/test/src/test/java/com/bumptech/glide/load/resource/bitmap/TransformationUtilsTest.java:406}","{Method testRotateImageExif_preservesitmapsWithNullConfigs() at library/test/src/test/java/com/bumptech/glide/load/resource/bitmap/TransformationUtilsTest.java:406}","8","8"
"94f4dd8ecdc206c0a103a20e4acb8f82c564f574","RENAME","{Method rotateImageExif_flagOm_preservesColorSpace() at library/test/src/test/java/com/bumptech/glide/load/resource/bitmap/TransformationUtilsTest.java:433}","{Method rotateImageExif_preservesColorSpace() at library/test/src/test/java/com/bumptech/glide/load/resource/bitmap/TransformationUtilsTest.java:417}","13","10"
"5a149d1f594c2a51b8a9d32f3881da89f2faf5f1","CHANGE_SIGNATURE","{Method openFileStream(int, int, int) at instrumentation/src/androidTest/java/com/bumptech/glide/load/resource/bitmap/DownsamplerEmulatorTest.java:511}","{Method openFileStream(int, int, int, boolean) at instrumentation/src/androidTest/java/com/bumptech/glide/load/resource/bitmap/DownsamplerEmulatorTest.java:591}","42","49"
"5a149d1f594c2a51b8a9d32f3881da89f2faf5f1","CHANGE_SIGNATURE","{Method test(int, int, int, int, DownsampleStrategy) at instrumentation/src/androidTest/java/com/bumptech/glide/load/resource/bitmap/DownsamplerEmulatorTest.java:688}","{Method test(int, int, boolean, boolean, int, int, DownsampleStrategy) at instrumentation/src/androidTest/java/com/bumptech/glide/load/resource/bitmap/DownsamplerEmulatorTest.java:877}","12","19"
"5a149d1f594c2a51b8a9d32f3881da89f2faf5f1","CHANGE_SIGNATURE","{Method runTest(int, int, int, int, DownsampleStrategy) at instrumentation/src/androidTest/java/com/bumptech/glide/load/resource/bitmap/DownsamplerEmulatorTest.java:753}","{Method runTest(int, int, boolean, boolean, int, int, DownsampleStrategy) at instrumentation/src/androidTest/java/com/bumptech/glide/load/resource/bitmap/DownsamplerEmulatorTest.java:951}","24","26"
"5a149d1f594c2a51b8a9d32f3881da89f2faf5f1","CHANGE_SIGNATURE","{Method openInMemoryStream(CompressFormat, int, int) at instrumentation/src/androidTest/java/com/bumptech/glide/load/resource/bitmap/DownsamplerEmulatorTest.java:554}","{Method openInMemoryStream(CompressFormat, int, int, boolean) at instrumentation/src/androidTest/java/com/bumptech/glide/load/resource/bitmap/DownsamplerEmulatorTest.java:642}","8","15"
"5a149d1f594c2a51b8a9d32f3881da89f2faf5f1","CHANGE_SIGNATURE","{Method new(File, List, ArrayPool) at library/src/main/java/com/bumptech/glide/load/resource/bitmap/ImageReader.java:79}","{Method new(File, List, ArrayPool, boolean) at library/src/main/java/com/bumptech/glide/load/resource/bitmap/ImageReader.java:92}","5","6"
"5a149d1f594c2a51b8a9d32f3881da89f2faf5f1","CHANGE_SIGNATURE","{Method new(ByteBuffer, List, ArrayPool) at library/src/main/java/com/bumptech/glide/load/resource/bitmap/ImageReader.java:147}","{Method new(ByteBuffer, List, ArrayPool, boolean) at library/src/main/java/com/bumptech/glide/load/resource/bitmap/ImageReader.java:168}","5","6"
"5a149d1f594c2a51b8a9d32f3881da89f2faf5f1","CHANGE_SIGNATURE","{Method new(ParcelFileDescriptor, List, ArrayPool) at library/src/main/java/com/bumptech/glide/load/resource/bitmap/ImageReader.java:223}","{Method new(ParcelFileDescriptor, List, ArrayPool, boolean) at library/src/main/java/com/bumptech/glide/load/resource/bitmap/ImageReader.java:257}","6","7"
"5a149d1f594c2a51b8a9d32f3881da89f2faf5f1","CHANGE_SIGNATURE","{Method new(InputStream, List, ArrayPool) at library/src/main/java/com/bumptech/glide/load/resource/bitmap/ImageReader.java:184}","{Method new(InputStream, List, ArrayPool, boolean) at library/src/main/java/com/bumptech/glide/load/resource/bitmap/ImageReader.java:213}","6","7"
"5a149d1f594c2a51b8a9d32f3881da89f2faf5f1","CHANGE_SIGNATURE","{Method new(byte[], List, ArrayPool) at library/src/main/java/com/bumptech/glide/load/resource/bitmap/ImageReader.java:47}","{Method new(byte[], List, ArrayPool, boolean) at library/src/main/java/com/bumptech/glide/load/resource/bitmap/ImageReader.java:52}","5","6"
"5a149d1f594c2a51b8a9d32f3881da89f2faf5f1","CHANGE_SIGNATURE","{Method openBitmapStream(CompressFormat, int, int, int) at instrumentation/src/androidTest/java/com/bumptech/glide/load/resource/bitmap/DownsamplerEmulatorTest.java:495}","{Method openBitmapStream(CompressFormat, int, int, int, boolean) at instrumentation/src/androidTest/java/com/bumptech/glide/load/resource/bitmap/DownsamplerEmulatorTest.java:574}","15","15"
"5a149d1f594c2a51b8a9d32f3881da89f2faf5f1","CHANGE_SIGNATURE","{Method runScaleTest(CompressFormat, int, int, int, int, int, DownsampleStrategy, int, int) at instrumentation/src/androidTest/java/com/bumptech/glide/load/resource/bitmap/DownsamplerEmulatorTest.java:423}","{Method runScaleTest(CompressFormat, int, int, int, int, int, boolean, boolean, DownsampleStrategy, int, int) at instrumentation/src/androidTest/java/com/bumptech/glide/load/resource/bitmap/DownsamplerEmulatorTest.java:446}","55","90"
"741cec70d119ca3f10b5a7c0e0a86953b8a42c1b","EXTRACT","{Method rotateImageExif(BitmapPool, Bitmap, int) at library/src/main/java/com/bumptech/glide/load/resource/bitmap/TransformationUtils.java:313}","{Method rotateImageExif(BitmapPool, Bitmap, int, boolean) at library/src/main/java/com/bumptech/glide/load/resource/bitmap/TransformationUtils.java:335}","25","40"
"f23e866ea8d1d0f9d2aa1bb228ef7dee8c6e0ed9"
"7ca16034e10293ded5dd85af23b2f67a4becfda5"
"73f345bcc1a787831c0ff524006156332295ac77"
"d5163b1bae67fc043900cd1201bb3347abc8dcd5"
"05a4a312f50a5baeadfa25ca8840dea700da14c7"
"c10e0c6c10c001b8ba47fba12c0ce55e8c356386","RENAME","{Method setHardwareConfigIfAllowed_withDisallowedSamsungDevices_OMR1_returnsTrue() at library/test/src/test/java/com/bumptech/glide/load/resource/bitmap/HardwareConfigStateTest.java:245}","{Method setHardwareConfigIfAllowed_withPreviouslyDisallowedSamsungDevices_P_returnsTrue() at library/test/src/test/java/com/bumptech/glide/load/resource/bitmap/HardwareConfigStateTest.java:217}","27","27"
"c10e0c6c10c001b8ba47fba12c0ce55e8c356386","RENAME","{Method setHardwareConfigIfAllowed_withSmallerThanMinWidth_returnsFalse_doesNotSetValues() at library/test/src/test/java/com/bumptech/glide/load/resource/bitmap/HardwareConfigStateTest.java:60}","{Method setHardwareConfigIfAllowed_withInvalidWidth_returnsFalse_doesNotSetValues() at library/test/src/test/java/com/bumptech/glide/load/resource/bitmap/HardwareConfigStateTest.java:61}","19","19"
"c10e0c6c10c001b8ba47fba12c0ce55e8c356386","RENAME","{Method setHardwareConfigIfAllowed_withSmallerThanMinHeight_returnsFalse_doesNotSetValues() at library/test/src/test/java/com/bumptech/glide/load/resource/bitmap/HardwareConfigStateTest.java:82}","{Method setHardwareConfigIfAllowed_withInvalidHeight_returnsFalse_doesNotSetValues() at library/test/src/test/java/com/bumptech/glide/load/resource/bitmap/HardwareConfigStateTest.java:83}","19","19"
"79a41c694b77f1cbe86156420859a639d50204ae","INLINE","{Method clearRequests() at library/src/main/java/com/bumptech/glide/RequestManager.java:721}","{Method onDestroy() at library/src/main/java/com/bumptech/glide/RequestManager.java:370}","6","12"
"79a41c694b77f1cbe86156420859a639d50204ae","RENAME","{Method testRotateImageExif_preservesitmapsWithNullConfigs() at library/test/src/test/java/com/bumptech/glide/load/resource/bitmap/TransformationUtilsTest.java:406}","{Method testRotateImageExifHandlesBitmapsWithNullConfigs() at library/test/src/test/java/com/bumptech/glide/load/resource/bitmap/TransformationUtilsTest.java:403}","8","8"
"79a41c694b77f1cbe86156420859a639d50204ae","CHANGE_SIGNATURE","{Method test(int, int, boolean, boolean, int, int, DownsampleStrategy) at instrumentation/src/androidTest/java/com/bumptech/glide/load/resource/bitmap/DownsamplerEmulatorTest.java:859}","{Method test(int, int, int, int, DownsampleStrategy) at instrumentation/src/androidTest/java/com/bumptech/glide/load/resource/bitmap/DownsamplerEmulatorTest.java:688}","19","12"
"79a41c694b77f1cbe86156420859a639d50204ae","INLINE","{Method new() at library/src/main/java/com/bumptech/glide/load/resource/bitmap/GlideBitmapFactory.java:326}","{Method parse_withMissingName_throwsRuntimeException() at library/test/src/test/java/com/bumptech/glide/module/ManifestParserTest.java:128}","1","15"
"79a41c694b77f1cbe86156420859a639d50204ae","RENAME","{Method parse_withMissingName_doesNotThrow() at library/test/src/test/java/com/bumptech/glide/module/ManifestParserTest.java:127}","{Method parse_withMissingName_throwsRuntimeException() at library/test/src/test/java/com/bumptech/glide/module/ManifestParserTest.java:128}","7","15"
"79a41c694b77f1cbe86156420859a639d50204ae","INLINE","{Method isEquivalentTo(BaseRequestOptions) at library/src/main/java/com/bumptech/glide/request/BaseRequestOptions.java:1220}","{Method equals(Object) at library/src/main/java/com/bumptech/glide/request/BaseRequestOptions.java:1213}","23","27"
"79a41c694b77f1cbe86156420859a639d50204ae","INLINE","{Method new() at library/src/main/java/com/bumptech/glide/load/resource/bitmap/GlideBitmapFactory.java:43}","{Method new(Context, Engine, MemoryCache, BitmapPool, ArrayPool, RequestManagerRetriever, ConnectivityMonitorFactory, int, RequestOptionsFactory, Map, List, List, AppGlideModule, GlideExperiments) at library/src/main/java/com/bumptech/glide/Glide.java:322}","1","37"
"79a41c694b77f1cbe86156420859a639d50204ae","INLINE","{Method new() at library/src/main/java/com/bumptech/glide/load/resource/bitmap/GlideBitmapFactory.java:251}","{Method parse_withMissingName_throwsRuntimeException() at library/test/src/test/java/com/bumptech/glide/module/ManifestParserTest.java:128}","1","15"
"79a41c694b77f1cbe86156420859a639d50204ae","CHANGE_SIGNATURE","{Method openBitmapStream(CompressFormat, int, int, int, boolean) at instrumentation/src/androidTest/java/com/bumptech/glide/load/resource/bitmap/DownsamplerEmulatorTest.java:556}","{Method openBitmapStream(CompressFormat, int, int, int) at instrumentation/src/androidTest/java/com/bumptech/glide/load/resource/bitmap/DownsamplerEmulatorTest.java:495}","15","15"
"79a41c694b77f1cbe86156420859a639d50204ae","CHANGE_SIGNATURE","{Method openFileStream(int, int, int, boolean) at instrumentation/src/androidTest/java/com/bumptech/glide/load/resource/bitmap/DownsamplerEmulatorTest.java:573}","{Method openFileStream(int, int, int) at instrumentation/src/androidTest/java/com/bumptech/glide/load/resource/bitmap/DownsamplerEmulatorTest.java:511}","49","42"
"79a41c694b77f1cbe86156420859a639d50204ae","CHANGE_SIGNATURE","{Method openInMemoryStream(CompressFormat, int, int, boolean) at instrumentation/src/androidTest/java/com/bumptech/glide/load/resource/bitmap/DownsamplerEmulatorTest.java:624}","{Method openInMemoryStream(CompressFormat, int, int) at instrumentation/src/androidTest/java/com/bumptech/glide/load/resource/bitmap/DownsamplerEmulatorTest.java:554}","15","8"
"79a41c694b77f1cbe86156420859a639d50204ae","RENAME","{Method setHardwareConfigIfAllowed_withInvalidWidth_returnsFalse_doesNotSetValues() at library/test/src/test/java/com/bumptech/glide/load/resource/bitmap/HardwareConfigStateTest.java:62}","{Method setHardwareConfigIfAllowed_withSmallerThanMinWidth_returnsFalse_doesNotSetValues() at library/test/src/test/java/com/bumptech/glide/load/resource/bitmap/HardwareConfigStateTest.java:60}","19","19"
"79a41c694b77f1cbe86156420859a639d50204ae","INLINE","{Method new() at library/src/main/java/com/bumptech/glide/load/resource/bitmap/GlideBitmapFactory.java:251}","{Method new(Context, Engine, MemoryCache, BitmapPool, ArrayPool, RequestManagerRetriever, ConnectivityMonitorFactory, int, RequestOptionsFactory, Map, List, List, AppGlideModule, GlideExperiments) at library/src/main/java/com/bumptech/glide/Glide.java:322}","1","37"
"79a41c694b77f1cbe86156420859a639d50204ae","INLINE","{Method hasMatchingBytes(byte[], int, byte[]) at library/src/main/java/com/bumptech/glide/load/resource/bitmap/DefaultImageHeaderParser.java:336}","{Method hasJpegExifPreamble(byte[], int) at library/src/main/java/com/bumptech/glide/load/resource/bitmap/DefaultImageHeaderParser.java:285}","12","13"
"79a41c694b77f1cbe86156420859a639d50204ae","INLINE","{Method new() at library/src/main/java/com/bumptech/glide/load/resource/bitmap/GlideBitmapFactory.java:326}","{Method new(Context, Engine, MemoryCache, BitmapPool, ArrayPool, RequestManagerRetriever, ConnectivityMonitorFactory, int, RequestOptionsFactory, Map, List, List, AppGlideModule, GlideExperiments) at library/src/main/java/com/bumptech/glide/Glide.java:322}","1","37"
"79a41c694b77f1cbe86156420859a639d50204ae","RENAME","{Method setHardwareConfigIfAllowed_withInvalidHeight_returnsFalse_doesNotSetValues() at library/test/src/test/java/com/bumptech/glide/load/resource/bitmap/HardwareConfigStateTest.java:84}","{Method setHardwareConfigIfAllowed_withSmallerThanMinHeight_returnsFalse_doesNotSetValues() at library/test/src/test/java/com/bumptech/glide/load/resource/bitmap/HardwareConfigStateTest.java:82}","19","19"
"79a41c694b77f1cbe86156420859a639d50204ae","INLINE","{Method new() at library/src/main/java/com/bumptech/glide/load/resource/bitmap/GlideBitmapFactory.java:43}","{Method parse_withMissingName_throwsRuntimeException() at library/test/src/test/java/com/bumptech/glide/module/ManifestParserTest.java:128}","1","15"
"79a41c694b77f1cbe86156420859a639d50204ae","RENAME","{Method setHardwareConfigIfAllowed_withPreviouslyDisallowedSamsungDevices_P_returnsTrue() at library/test/src/test/java/com/bumptech/glide/load/resource/bitmap/HardwareConfigStateTest.java:218}","{Method setHardwareConfigIfAllowed_withDisallowedSamsungDevices_OMR1_returnsTrue() at library/test/src/test/java/com/bumptech/glide/load/resource/bitmap/HardwareConfigStateTest.java:245}","27","27"
"79a41c694b77f1cbe86156420859a639d50204ae","CHANGE_SIGNATURE","{Method runTest(int, int, boolean, boolean, int, int, DownsampleStrategy) at instrumentation/src/androidTest/java/com/bumptech/glide/load/resource/bitmap/DownsamplerEmulatorTest.java:933}","{Method runTest(int, int, int, int, DownsampleStrategy) at instrumentation/src/androidTest/java/com/bumptech/glide/load/resource/bitmap/DownsamplerEmulatorTest.java:753}","26","24"
"79a41c694b77f1cbe86156420859a639d50204ae","INLINE","{Method moveToSegmentAndGetLength(Reader, int) at library/src/main/java/com/bumptech/glide/load/resource/bitmap/DefaultImageHeaderParser.java:395}","{Method moveToExifSegmentAndGetLength(Reader) at library/src/main/java/com/bumptech/glide/load/resource/bitmap/DefaultImageHeaderParser.java:303}","44","44"
"79a41c694b77f1cbe86156420859a639d50204ae","CHANGE_SIGNATURE","{Method runScaleTest(CompressFormat, int, int, int, int, int, boolean, boolean, DownsampleStrategy, int, int) at instrumentation/src/androidTest/java/com/bumptech/glide/load/resource/bitmap/DownsamplerEmulatorTest.java:446}","{Method runScaleTest(CompressFormat, int, int, int, int, int, DownsampleStrategy, int, int) at instrumentation/src/androidTest/java/com/bumptech/glide/load/resource/bitmap/DownsamplerEmulatorTest.java:423}","89","55"
"445de3085258ff0a2e74be12844ea1e99786aec7","MOVE","{Class RobolectricConstants at library/test/src/test/java/com/bumptech/glide/RobolectricConstants.java:3}","{Class RobolectricConstants at testutil/src/main/java/com/bumptech/glide/RobolectricConstants.java:3}","4","4"
"fe41f658919dcca295170d32303e7b13dd57a624"
"5cfcb31634b27da85f44c38b845d144b40005234"
"0d8daa1e1f40f2cbc5e5867b8c4d67f86b29cb93"
"371d1033486c4aea4f993dd9a46744ff80d83421"
"c9cc739ce84b204defb1933e5f5f47d7c4a530b7"
"bfae3d82f13679e281732e4b261c7079292dd6a7"
"484366a16fe37388eba95d41021f03eaa402d2fa","CHANGE_SIGNATURE","{Method decodeFileDescriptor(FileDescriptor, BitmapFactory.Options) at library/src/main/java/com/bumptech/glide/load/resource/bitmap/GlideBitmapFactory.java:65}","{Method decodeFileDescriptor(FileDescriptor, BitmapFactory.Options, ImageReader) at library/src/main/java/com/bumptech/glide/load/resource/bitmap/GlideBitmapFactory.java:72}","7","8"
"484366a16fe37388eba95d41021f03eaa402d2fa","RENAME","{Method safeDecodeHardwareBitmapWithGainmap(byte[], Options) at library/src/main/java/com/bumptech/glide/load/resource/bitmap/GlideBitmapFactory.java:118}","{Method safeAndExpensiveDecodeHardwareBitmapWithGainmap(byte[], Options) at library/src/main/java/com/bumptech/glide/load/resource/bitmap/GlideBitmapFactory.java:158}","17","17"
"484366a16fe37388eba95d41021f03eaa402d2fa","EXTRACT","{Method moveToExifSegmentAndGetLength(Reader) at library/src/main/java/com/bumptech/glide/load/resource/bitmap/DefaultImageHeaderParser.java:303}","{Method moveToSegmentAndGetLength(Reader, int) at library/src/main/java/com/bumptech/glide/load/resource/bitmap/DefaultImageHeaderParser.java:384}","44","44"
"484366a16fe37388eba95d41021f03eaa402d2fa","RENAME","{Method safeDecodeHardwareBitmapWithGainmap(InputStream, Options) at library/src/main/java/com/bumptech/glide/load/resource/bitmap/GlideBitmapFactory.java:86}","{Method safeAndExpensiveDecodeHardwareBitmapWithGainmap(InputStream, Options) at library/src/main/java/com/bumptech/glide/load/resource/bitmap/GlideBitmapFactory.java:122}","17","17"
"484366a16fe37388eba95d41021f03eaa402d2fa","EXTRACT","{Method hasJpegExifPreamble(byte[], int) at library/src/main/java/com/bumptech/glide/load/resource/bitmap/DefaultImageHeaderParser.java:285}","{Method hasMatchingBytes(byte[], int, byte[]) at library/src/main/java/com/bumptech/glide/load/resource/bitmap/DefaultImageHeaderParser.java:336}","13","12"
"484366a16fe37388eba95d41021f03eaa402d2fa","CHANGE_SIGNATURE","{Method decodeStream(InputStream, BitmapFactory.Options) at library/src/main/java/com/bumptech/glide/load/resource/bitmap/GlideBitmapFactory.java:44}","{Method decodeStream(InputStream, BitmapFactory.Options, ImageReader) at library/src/main/java/com/bumptech/glide/load/resource/bitmap/GlideBitmapFactory.java:48}","7","8"
"484366a16fe37388eba95d41021f03eaa402d2fa","CHANGE_SIGNATURE","{Method decodeByteArray(byte[], BitmapFactory.Options) at library/src/main/java/com/bumptech/glide/load/resource/bitmap/GlideBitmapFactory.java:54}","{Method decodeByteArray(byte[], BitmapFactory.Options, ImageReader) at library/src/main/java/com/bumptech/glide/load/resource/bitmap/GlideBitmapFactory.java:60}","7","8"
"484366a16fe37388eba95d41021f03eaa402d2fa","RENAME","{Method safeDecodeHardwareBitmapWithGainmap(FileDescriptor, Options) at library/src/main/java/com/bumptech/glide/load/resource/bitmap/GlideBitmapFactory.java:152}","{Method safeAndExpensiveDecodeHardwareBitmapWithGainmap(FileDescriptor, Options) at library/src/main/java/com/bumptech/glide/load/resource/bitmap/GlideBitmapFactory.java:195}","18","18"
"9c9f56f29e63114c409184dd1e82b42b3f0063f7"
"ca394b1e637f6e33092089eb1bd9ebe4554e78fc"
"a98b30161500a31fa09cb2655b013d591dc38361"
"a7351b0ecf6656ad937fbc52fe9e90d3b289c265"
"acced70df733f34a2c28311e0625829af8ca4bc1"
"526a0ab295078f92436b781af3b5837567adeefb","CHANGE_SIGNATURE","{Method new(ByteBuffer, List, ArrayPool, boolean) at library/src/main/java/com/bumptech/glide/load/resource/bitmap/ImageReader.java:169}","{Method new(ByteBuffer, List, ArrayPool) at library/src/main/java/com/bumptech/glide/load/resource/bitmap/ImageReader.java:147}","6","5"
"526a0ab295078f92436b781af3b5837567adeefb","CHANGE_SIGNATURE","{Method new(byte[], List, ArrayPool, boolean) at library/src/main/java/com/bumptech/glide/load/resource/bitmap/ImageReader.java:52}","{Method new(byte[], List, ArrayPool) at library/src/main/java/com/bumptech/glide/load/resource/bitmap/ImageReader.java:47}","6","5"
"526a0ab295078f92436b781af3b5837567adeefb","CHANGE_SIGNATURE","{Method new(InputStream, List, ArrayPool, boolean) at library/src/main/java/com/bumptech/glide/load/resource/bitmap/ImageReader.java:214}","{Method new(InputStream, List, ArrayPool) at library/src/main/java/com/bumptech/glide/load/resource/bitmap/ImageReader.java:185}","7","6"
"526a0ab295078f92436b781af3b5837567adeefb","CHANGE_SIGNATURE","{Method new(ParcelFileDescriptor, List, ArrayPool, boolean) at library/src/main/java/com/bumptech/glide/load/resource/bitmap/ImageReader.java:258}","{Method new(ParcelFileDescriptor, List, ArrayPool) at library/src/main/java/com/bumptech/glide/load/resource/bitmap/ImageReader.java:224}","7","6"
"526a0ab295078f92436b781af3b5837567adeefb","CHANGE_SIGNATURE","{Method new(File, List, ArrayPool, boolean) at library/src/main/java/com/bumptech/glide/load/resource/bitmap/ImageReader.java:93}","{Method new(File, List, ArrayPool) at library/src/main/java/com/bumptech/glide/load/resource/bitmap/ImageReader.java:79}","6","5"
"bafbf41bbe7d8438f7ab1f4eea3b0afff54e85f7"
"651d796451a06e269b74471abe8d542ee7d8217b"
"193cf61354cc01f38b15bf1605905b49a19e6b7a","RENAME","{Method rotateImageExif_flagOm_preservesColorSpace() at library/test/src/test/java/com/bumptech/glide/load/resource/bitmap/TransformationUtilsTest.java:433}","{Method rotateImageExif_preservesColorSpace() at library/test/src/test/java/com/bumptech/glide/load/resource/bitmap/TransformationUtilsTest.java:417}","13","10"
"193cf61354cc01f38b15bf1605905b49a19e6b7a","RENAME","{Method testRotateImageExifHandlesBitmapsWithNullConfigs() at library/test/src/test/java/com/bumptech/glide/load/resource/bitmap/TransformationUtilsTest.java:406}","{Method testRotateImageExif_preservesitmapsWithNullConfigs() at library/test/src/test/java/com/bumptech/glide/load/resource/bitmap/TransformationUtilsTest.java:406}","8","8"
"fcace5be3c7edbc85af99183b64438997051b06c","INLINE","{Method createGainmap(int, int) at instrumentation/src/androidTest/java/com/bumptech/glide/load/resource/bitmap/DownsamplerEmulatorTest.java:653}","{Method openInMemoryStream(CompressFormat, int, int, boolean) at instrumentation/src/androidTest/java/com/bumptech/glide/load/resource/bitmap/DownsamplerEmulatorTest.java:642}","3","15"
"fcace5be3c7edbc85af99183b64438997051b06c","INLINE","{Method createGainmap(int, int) at instrumentation/src/androidTest/java/com/bumptech/glide/load/resource/bitmap/DownsamplerEmulatorTest.java:653}","{Method openFileStream(int, int, int, boolean) at instrumentation/src/androidTest/java/com/bumptech/glide/load/resource/bitmap/DownsamplerEmulatorTest.java:591}","3","49"
"8ca2db2e898cf3c7acfd9de6a310ff4ec40d10dc","CHANGE_SIGNATURE","{Method runTest(int, int, int, int, DownsampleStrategy) at instrumentation/src/androidTest/java/com/bumptech/glide/load/resource/bitmap/DownsamplerEmulatorTest.java:753}","{Method runTest(int, int, boolean, boolean, int, int, DownsampleStrategy) at instrumentation/src/androidTest/java/com/bumptech/glide/load/resource/bitmap/DownsamplerEmulatorTest.java:950}","24","26"
"8ca2db2e898cf3c7acfd9de6a310ff4ec40d10dc","CHANGE_SIGNATURE","{Method openBitmapStream(CompressFormat, int, int, int) at instrumentation/src/androidTest/java/com/bumptech/glide/load/resource/bitmap/DownsamplerEmulatorTest.java:495}","{Method openBitmapStream(CompressFormat, int, int, int, boolean) at instrumentation/src/androidTest/java/com/bumptech/glide/load/resource/bitmap/DownsamplerEmulatorTest.java:576}","15","15"
"8ca2db2e898cf3c7acfd9de6a310ff4ec40d10dc","CHANGE_SIGNATURE","{Method new(ByteBuffer, List, ArrayPool) at library/src/main/java/com/bumptech/glide/load/resource/bitmap/ImageReader.java:147}","{Method new(ByteBuffer, List, ArrayPool, boolean) at library/src/main/java/com/bumptech/glide/load/resource/bitmap/ImageReader.java:169}","5","6"
"8ca2db2e898cf3c7acfd9de6a310ff4ec40d10dc","CHANGE_SIGNATURE","{Method new(ParcelFileDescriptor, List, ArrayPool) at library/src/main/java/com/bumptech/glide/load/resource/bitmap/ImageReader.java:223}","{Method new(ParcelFileDescriptor, List, ArrayPool, boolean) at library/src/main/java/com/bumptech/glide/load/resource/bitmap/ImageReader.java:258}","6","7"
"8ca2db2e898cf3c7acfd9de6a310ff4ec40d10dc","CHANGE_SIGNATURE","{Method openInMemoryStream(CompressFormat, int, int) at instrumentation/src/androidTest/java/com/bumptech/glide/load/resource/bitmap/DownsamplerEmulatorTest.java:554}","{Method openInMemoryStream(CompressFormat, int, int, boolean) at instrumentation/src/androidTest/java/com/bumptech/glide/load/resource/bitmap/DownsamplerEmulatorTest.java:640}","8","11"
"8ca2db2e898cf3c7acfd9de6a310ff4ec40d10dc","CHANGE_SIGNATURE","{Method openFileStream(int, int, int) at instrumentation/src/androidTest/java/com/bumptech/glide/load/resource/bitmap/DownsamplerEmulatorTest.java:511}","{Method openFileStream(int, int, int, boolean) at instrumentation/src/androidTest/java/com/bumptech/glide/load/resource/bitmap/DownsamplerEmulatorTest.java:593}","42","45"
"8ca2db2e898cf3c7acfd9de6a310ff4ec40d10dc","CHANGE_SIGNATURE","{Method new(InputStream, List, ArrayPool) at library/src/main/java/com/bumptech/glide/load/resource/bitmap/ImageReader.java:184}","{Method new(InputStream, List, ArrayPool, boolean) at library/src/main/java/com/bumptech/glide/load/resource/bitmap/ImageReader.java:214}","6","7"
"8ca2db2e898cf3c7acfd9de6a310ff4ec40d10dc","CHANGE_SIGNATURE","{Method runScaleTest(CompressFormat, int, int, int, int, int, DownsampleStrategy, int, int) at instrumentation/src/androidTest/java/com/bumptech/glide/load/resource/bitmap/DownsamplerEmulatorTest.java:423}","{Method runScaleTest(CompressFormat, int, int, int, int, int, boolean, boolean, DownsampleStrategy, int, int) at instrumentation/src/androidTest/java/com/bumptech/glide/load/resource/bitmap/DownsamplerEmulatorTest.java:448}","55","90"
"8ca2db2e898cf3c7acfd9de6a310ff4ec40d10dc","CHANGE_SIGNATURE","{Method test(int, int, int, int, DownsampleStrategy) at instrumentation/src/androidTest/java/com/bumptech/glide/load/resource/bitmap/DownsamplerEmulatorTest.java:688}","{Method test(int, int, boolean, boolean, int, int, DownsampleStrategy) at instrumentation/src/androidTest/java/com/bumptech/glide/load/resource/bitmap/DownsamplerEmulatorTest.java:876}","12","19"
"8ca2db2e898cf3c7acfd9de6a310ff4ec40d10dc","CHANGE_SIGNATURE","{Method new(File, List, ArrayPool) at library/src/main/java/com/bumptech/glide/load/resource/bitmap/ImageReader.java:79}","{Method new(File, List, ArrayPool, boolean) at library/src/main/java/com/bumptech/glide/load/resource/bitmap/ImageReader.java:93}","5","6"
"8ca2db2e898cf3c7acfd9de6a310ff4ec40d10dc","CHANGE_SIGNATURE","{Method new(byte[], List, ArrayPool) at library/src/main/java/com/bumptech/glide/load/resource/bitmap/ImageReader.java:47}","{Method new(byte[], List, ArrayPool, boolean) at library/src/main/java/com/bumptech/glide/load/resource/bitmap/ImageReader.java:52}","5","6"
"e85c7656ccb908ab0bb6a4fd7706029a51048535"
"35bf5a58ae2a7662c1cdec8dab06d48795dba7d2"
"17620f51ddef06cbf96ea6fcfad137fd51332fd5"
"e77562a432352da19741d93b8c1f6599b558676a","EXTRACT","{Method rotateImageExif(BitmapPool, Bitmap, int) at library/src/main/java/com/bumptech/glide/load/resource/bitmap/TransformationUtils.java:313}","{Method rotateImageExif(BitmapPool, Bitmap, int, boolean) at library/src/main/java/com/bumptech/glide/load/resource/bitmap/TransformationUtils.java:335}","25","40"
"3bbc3908edd8432f55ccfae3257bad533c1bf7d1"
"c06a85d8427de557a1a04e0370e44007301bcf9b"
"75599b7af05eeca1393c8f4267adb78e88e7821e"
"b1c6076bbbc3cc46d45f35924070cb11be44ff90"
"1863e6713a34507f584c4d1f2a061dd885b687ee"
"f0d2b16034826757e4c68e5320b7707a8d43a289"
"b3fd2bc1b68b988202e50fac757a318274c16be8"
"05d346557c284844fb85eedbd7c7db009591f0e8"
"9809d98fe43ae3d0593f3d710bb32af9bed72642"
"e8d10fc3dabdb835be1db3779e961064ffec3291"
"efc56f8bc03846706027076779cac33d489a680d"
"12c86e9a316bd774b77bc47b7fbed38a146d704b"
"fe3b9128d75a9ae43c46b77e72a217ce3fc3e1e5"
"bd2a519d7d8095a3a0e307486ddd6ed9bbb84e65"
"69e220463ac7110b87beaa7a0e3e124f38cecacd"
"c6960d314151ad6c03e9e5eea5a9dcea57e6035e"
"46eb7311b2c75ac015e56fa165e6c99e757d0a71"
"06fc8f689c0936ee570ed3e31ae2d6a1ff019fe9"
"cbdc1e78b4ee0f335054bb2781f46cf8db82f914"
"3472f80fc0b258e0962ff1966255d5284e2a40d1"
"6ff7f325353f4c3d913dc682d6e9201c8616c6ab"
"e94916ef5d797345a114a2665a3c66d2fb7f4647"
"af0d631c616c41cd23eacf953f278d28b0d217e4"
"4db0b300c43f127313211774a1784ac873aa45cf"
"7583df0382e2163193baa970afafb9668852a760"
"b4a0483240c3fd31d8e908bed23afe727db4fe82"
"eaad72346354729b2615cff8b29871d901f06b7b"
"e5479dca76a0b106effd4ec5bde023ea3c1ee4fb"
"a057dfee6f4a763a4f651af4adbea61d079aa97e"
"cf95b65556c5b0880ed11c36a21a783a3fd8bbd6"
"33bbb2137efa4365af2d54668ba510a85475b0e9"
"926d4fbe31a8d65cdc36adc783334ccffc3caff5"
"62789a833d38069d0927aafd291247e062f68ad0"
"65543f8ec85cb0eeba6aa398e8b1be81337ab456"
"44d6aa18b1cecf885b9c45233376db6041a18b2c"
"ed5b09affc97e93d991df52a474369b9d0b47081"
"9bfbf25c53b00f70ddde09ccd634902b101f9e11"
"2ae4effcf7bad2131a54423d203c2d124257fc04"
"0138465d3d0cedcdcf274e5b24c0b920c4cd38e4"
"5d2fb6724844388a8c879a71755d37c659e905a5"
"b3294015ae9739ad434f2c274ca2104522735f67"
"d10c5ff0ab05bf17709913edb5f864e94a1b5e60"
"cb2b1dcdb8abebf5470c0570ac9fad905fac4d49"
"60b567e5feec70ba810a663e56a10d837f26c56c"
"8f6d64519574c9a199f96269f56fae8ffb942b4f","EXTRACT","{Method equals(Object) at library/src/main/java/com/bumptech/glide/request/BaseRequestOptions.java:1213}","{Method isEquivalentTo(BaseRequestOptions) at library/src/main/java/com/bumptech/glide/request/BaseRequestOptions.java:1220}","27","23"
"0b62103433b2cdb247f5c9a72fb8c1404e1d3e88"
"401d7e587c321d88fb8d45c5d42d1dcfdbcd0802"
"49ddc01484ac50287230f72804e8c41cb5dcd71b"
"ef9f0b3ad35f1c2c19ab75ef7f8411308c562c89"
"9e0efec48e87d996d757ca2279edc65edc7967fb"
"4382fff28c8b969f21ce0a0f287a4c27a25e47fe"
"8c058c147fa536576ecf298b2c807bbe9348884f"
"ce2f4954b262e05baec301d4221bf3526009ea3c"
"fd96de2dd20541c46b3eee24e312969830bc17fb"
"e9b8758b63ec905d54b4cabec08e16cf588bcb38","EXTRACT_SUPER","{Class RequestBuilderTest at library/test/src/test/java/com/bumptech/glide/RequestBuilderTest.java:44}","{Class RobolectricConstants at library/test/src/test/java/com/bumptech/glide/RobolectricConstants.java:3}","247","4"
"e9b8758b63ec905d54b4cabec08e16cf588bcb38","EXTRACT_SUPER","{Class ViewPreloadSizeProviderTest at library/test/src/test/java/com/bumptech/glide/util/ViewPreloadSizeProviderTest.java:17}","{Class RobolectricConstants at library/test/src/test/java/com/bumptech/glide/RobolectricConstants.java:3}","77","4"
"e9b8758b63ec905d54b4cabec08e16cf588bcb38","EXTRACT_SUPER","{Class ListPreloaderTest at library/test/src/test/java/com/bumptech/glide/ListPreloaderTest.java:34}","{Class RobolectricConstants at library/test/src/test/java/com/bumptech/glide/RobolectricConstants.java:3}","381","4"
"f78da0bdb627393d2d0d569959f74c5d7f143834"
"67d6067165b58ec0d9e4df1f4c7e682dc41f6461"
"cae63cc53b40a8b8097a7c3eae0ce27f78a78507"
"25b4895ed847cb47f5d46d2765c5fbca10f42f3b"
"19dfef8aef33cae2bb0625b6affcd33a8b6254e5"
"00251a547ec56d03947ce59760740a753d77f93f"
"b80e28c207c51e352f4b51be891005af3ed96e75"
"ddddbc17b27843cf5727336951210be0da9c3d67"
"f4baae1ea5829172dbfe36f5fe10e5c1e1e08e24"
"a4a23faa19aee279f33eda0a77fe4546e10615d2"
"ec665eeeb2bbb98409dc4dd63a763bdbc328b9a7"
"7dd3294e25c14d365d7999749b61d6b28bd26019"
"d8414dac407094118b6598fb19042090d887aacc"
"c9ebe0c4d7a7ea39a19b4498688e21fb8a91a697"
"127c8a0a23340e7bfaef5782edc734e7f9f06dde"
"e189422c18580b8366440623c9c3cde31356c81f"
"12a68f121cf690c11eba9dcb6ada91888d22de11"
"928c8dc9889601596ce2f9352d90873ccf0d2492"
"8d7462119a65e208cdf6315e0141fb651f2c4623"
"32827dc04400d9f618740316447d108258ccf4ed"
"3d6d038f7341dc71872d076b42d74492fec197b9","EXTRACT","{Method onDestroy() at library/src/main/java/com/bumptech/glide/RequestManager.java:370}","{Method clearRequests() at library/src/main/java/com/bumptech/glide/RequestManager.java:721}","12","6"
"993e59d575a1f97cb70dd6ae1cd2e405ec4c40b6"
"b4ae9f3dcff97621c6223a89a4870632568033a3"
"028f83cfa75a2d6a839726ff5e056e9ea5e83898","RENAME","{Method parse_withMissingName_throwsRuntimeException() at library/test/src/test/java/com/bumptech/glide/module/ManifestParserTest.java:128}","{Method parse_withMissingName_doesNotThrow() at library/test/src/test/java/com/bumptech/glide/module/ManifestParserTest.java:126}","15","7"
"14d8d5696a830fc126abf6173b1a530d697603f8"
"466dc629a6740278474770aa4aef86e9f21813d5"
"2498f51f02b3d972b5cb35222e807be498094f81"
"26ecf64550a07d1b8f958a8e3ef192028b4892ca"
"3c733a489eab040e581f0cc420fdfabcd2570359"
"0be8073f272ea9440640b4fb20595a30d76d541b"
"ebad66bf87742bf4afb545f73b9e7bf25bf72518"
"fe212a60ea95f2555b0f42fced6ca6ba6b374c65","RENAME","{Method setHardwareConfigIfAllowed_withSmallerThanMinWidth_returnsFalse_doesNotSetValues() at library/test/src/test/java/com/bumptech/glide/load/resource/bitmap/HardwareConfigStateTest.java:60}","{Method setHardwareConfigIfAllowed_withInvalidWidth_returnsFalse_doesNotSetValues() at library/test/src/test/java/com/bumptech/glide/load/resource/bitmap/HardwareConfigStateTest.java:62}","19","19"
"fe212a60ea95f2555b0f42fced6ca6ba6b374c65","RENAME","{Method setHardwareConfigIfAllowed_withDisallowedSamsungDevices_OMR1_returnsTrue() at library/test/src/test/java/com/bumptech/glide/load/resource/bitmap/HardwareConfigStateTest.java:245}","{Method setHardwareConfigIfAllowed_withPreviouslyDisallowedSamsungDevices_P_returnsTrue() at library/test/src/test/java/com/bumptech/glide/load/resource/bitmap/HardwareConfigStateTest.java:218}","27","27"
"fe212a60ea95f2555b0f42fced6ca6ba6b374c65","RENAME","{Method setHardwareConfigIfAllowed_withSmallerThanMinHeight_returnsFalse_doesNotSetValues() at library/test/src/test/java/com/bumptech/glide/load/resource/bitmap/HardwareConfigStateTest.java:82}","{Method setHardwareConfigIfAllowed_withInvalidHeight_returnsFalse_doesNotSetValues() at library/test/src/test/java/com/bumptech/glide/load/resource/bitmap/HardwareConfigStateTest.java:84}","19","19"
"7a022416b58e73907d238a65532461e7fb30dd0b"
"fe7ca319e4b44573ec29daf71bcd711a259a3b3b"
"08346ce4ef391ef4e7b4c1f39bf8f3b9c2f72bc5"
"aa4157e9f6a39116a32ca2d25aa1f4f28db721db"
"4de16fcef1562d67f5bd0f09f959046e657e8d45"
"4554f3e3294983d2f3a2da342ae863772e43a533"
"cdf37dc0a664a0f5b02ae00523012c1be37e2e7d"
"d73f70ceadb8d0aeb04492df7c144785fe7b4da5"
"24ff6f685b91f9b32122923167f3820ee920cf44"
"67fcf079938ae487f01d9fce69c3b8eef1f24e20"
"abfc4db9d9cb9bed387f147538ea6939279d4835"
"17f03fbcd929b0e690d04537320525f3ede3d596"
"1db4a72abd771aa030bfb8399a2065a5fec72afd"
"53e37b40e8fefec2f88c02a529e59dd02a4ae32a"
"882d1c399def51557df2c892f0c4cf1c5055ec7d"
"dfe70183bf405d455f18aea1468f7219ad007cb3"
"41c110e6f5fb038b66dd9efec7d91e009882d063"
"9bdd8c7757f4e01e3d7f7f6d4ab7b3d1c5f72664"
"0fd89b851a1cd201caef36362f45f0a8a06716e3"
"c0ef7f6fad519622e7d6bd11815cb618cb0cc644"
"eae751ceecee562c7ca2df25cbd89d71f25060cb"
"84adff9ae8cedae9afa0633495aceaf8a5c5a47b"
"295d92dad6151e8a0bedf7b5db920ab81058214f"
"4196da8930162ea1f1361cffee8c321d0c01cd19"
"c8e39b4f440cf515180b699cd8e9c3fe1c2f3e90"
"d0c9137a9c6f58f4b42603a36c8ecbe107cd9f3c"
"f229c894f5f3936fcc2586944903b0a8be624271","EXTRACT","{Method load_whenLoadSucceeds_butEncoderFails_doesNotCallOnLoadFailed() at instrumentation/src/androidTest/java/com/bumptech/glide/ErrorHandlingTest.java:88}","{Method initializeGlideWithWaitForErrorStrategy() at instrumentation/src/androidTest/java/com/bumptech/glide/ErrorHandlingTest.java:59}","28","18"
"f229c894f5f3936fcc2586944903b0a8be624271","EXTRACT","{Method load_whenEncoderFails_callsUncaughtThrowableStrategy() at instrumentation/src/androidTest/java/com/bumptech/glide/ErrorHandlingTest.java:60}","{Method initializeGlideWithWaitForErrorStrategy() at instrumentation/src/androidTest/java/com/bumptech/glide/ErrorHandlingTest.java:59}","26","18"
"9e1157f4bb5baefdd206da57f41b48594ce5078c"
"e5a6540533cbe9aeb5aa842df6043854848e4146"
"a490a59098ee6f909497f5bf065092c4ab5ca498"
"cddcbd53a61fe485ceaa4d7a10ed57556b75d9fa"
"9bf326e087f89377c69f52f1f85e024d845aa029","EXTRACT","{Method decodeExpected() at instrumentation/src/androidTest/java/com/bumptech/glide/test/BitmapRegressionTester.java:174}","{Method getResourceId() at instrumentation/src/androidTest/java/com/bumptech/glide/test/BitmapRegressionTester.java:199}","18","5"
"6b64ba4af551f5d13c4f090810e9eb6ecc481651"
"3cfdc4e71118f6222f82f942c27d5e8191d91cf6"
"c26c91d0c98cc9916eb7f0f6714d3caf98844345"
"8af364eda3424427303f3364da4e9920e60b31b2"
"fda5929267eaca3e9c2007854ea614328c44cb82"
"f88039387e76055aac0c75fc618814dea62087b6"
"4992a631fba574c7b380d84b44b2945547f5e0d1"
"a8d73db3fb29edf52e346010f45cdc7e88316a92"
"dbd1f02e2305d382344ffec8dfdb2bb00c6d4ff7"
"cbc020ea512541929956eca03178c826525015ab"
"9fd7a84dfc92602e3dfc1c0ca741a87987558827"
"4cf46ff8381a844b5283d3c246e80065573a3250"
"1f07380eccd78fe6bef412435a23c242df8a77c8","CHANGE_SIGNATURE","{Method buildFrameWaiter(GlideExperiments) at library/src/main/java/com/bumptech/glide/manager/RequestManagerRetriever.java:75}","{Method buildFrameWaiter() at library/src/main/java/com/bumptech/glide/manager/RequestManagerRetriever.java:72}","9","7"
"1f07380eccd78fe6bef412435a23c242df8a77c8","CHANGE_SIGNATURE","{Method new(RequestManagerFactory, GlideExperiments) at library/src/main/java/com/bumptech/glide/manager/RequestManagerRetriever.java:68}","{Method new(RequestManagerFactory) at library/src/main/java/com/bumptech/glide/manager/RequestManagerRetriever.java:65}","6","6"
"bb6d5e27d6200407067dc3beff02e5f74ed47aaa"
"16306e89dece9908e9ada2382f4b94b591120ea5"
"644789d9d938f8777c47b94a3eac1791e07be922"
"0a35de6792770b2c81df04b82da3ce3226ca8f8c"
"414b9705377c57427feed760f6b0794ecd24edac"
"69e1bdaa7745e0fef443988ac8f03c62b6a60c5b"
"76ba99d4c6bb7e0c2bd64ae083ec0ab51be8cd5c"
"e58802e60b36ba76ece309a2c00fb66226498655"
"f73f00344b31bdad87ea90c722174895389904e5"
"fe6288a2c286c81e9eb7ca7c02fa3d901bfc1821"
"62654be8ba337afa24e235d23902129f787e87d8"
"d704c8954ae667483afa9a8efdb8b0059e1e979e"
"895e2f7bb2b060cb88d460d0660a68ca0d9dec6c"
"0f9aea2979fbb5ea2cf763182fe13c9785a227d7","EXTRACT","{Method parse() at library/src/main/java/com/bumptech/glide/module/ManifestParser.java:28}","{Method getOurApplicationInfo() at library/src/main/java/com/bumptech/glide/module/ManifestParser.java:32}","36","5"
"c283043e722466142d026609ab2599ece6eac247"
"ca5a0ac1e487b2246b228367115d292d423c2be4"
"9d0beccb05c8cd214d61099e664f719b5e028aac","CHANGE_SIGNATURE","{Method open(Resources, int) at library/src/main/java/com/bumptech/glide/load/model/DirectResourceLoader.java:94}","{Method open(Theme, Resources, int) at library/src/main/java/com/bumptech/glide/load/model/DirectResourceLoader.java:99}","3","3"
"9d0beccb05c8cd214d61099e664f719b5e028aac","CHANGE_SIGNATURE","{Method open(Resources, int) at library/src/main/java/com/bumptech/glide/load/model/DirectResourceLoader.java:135}","{Method open(Theme, Resources, int) at library/src/main/java/com/bumptech/glide/load/model/DirectResourceLoader.java:140}","3","3"
"9d0beccb05c8cd214d61099e664f719b5e028aac","EXTRACT","{Method load_withDarkModeActivity_vectorDrawable_usesDarkModeColor() at instrumentation/src/androidTest/java/com/bumptech/glide/DarkModeTest.java:56}","{Method runActivityDrawableTest(ActivityScenario, int, Function) at instrumentation/src/androidTest/java/com/bumptech/glide/DarkModeTest.java:78}","25","32"
"9d0beccb05c8cd214d61099e664f719b5e028aac","CHANGE_SIGNATURE","{Method open(Resources, int) at library/src/main/java/com/bumptech/glide/load/model/DirectResourceLoader.java:169}","{Method open(Theme, Resources, int) at library/src/main/java/com/bumptech/glide/load/model/DirectResourceLoader.java:174}","3","5"
"9d0beccb05c8cd214d61099e664f719b5e028aac","CHANGE_SIGNATURE","{Method open(Resources, int) at library/src/main/java/com/bumptech/glide/load/model/DirectResourceLoader.java:76}","{Method open(Theme, Resources, int) at library/src/main/java/com/bumptech/glide/load/model/DirectResourceLoader.java:81}","1","1"
"9d0beccb05c8cd214d61099e664f719b5e028aac","RENAME","{Method drawToBitmap(Drawable) at instrumentation/src/androidTest/java/com/bumptech/glide/DarkModeTest.java:82}","{Method drawableToBitmap(Drawable) at instrumentation/src/androidTest/java/com/bumptech/glide/DarkModeTest.java:111}","11","11"
"9d0beccb05c8cd214d61099e664f719b5e028aac","EXTRACT","{Method assertImageViewContainerChildHasContent(ActivityScenario, int) at instrumentation/src/androidTest/java/com/bumptech/glide/DarkModeTest.java:577}","{Method findImageView(FragmentActivity) at instrumentation/src/androidTest/java/com/bumptech/glide/DarkModeTest.java:616}","10","4"
"9d0beccb05c8cd214d61099e664f719b5e028aac","CHANGE_SIGNATURE","{Method new(Resources, ResourceOpener, int) at library/src/main/java/com/bumptech/glide/load/model/DirectResourceLoader.java:198}","{Method new(Theme, Resources, ResourceOpener, int) at library/src/main/java/com/bumptech/glide/load/model/DirectResourceLoader.java:210}","5","6"
"31821f5ee0556560f5ee85552f6bfe92e52a178d"
"4affb8d2d9f4ca15c7953ca7322c52fb1e2dab1b"
"0f755763b004495194fbc51d371bf60cf1b9920d"
"0b54bf735b82cc31d692464f674f96f772fe6294"
"4f362632bea5ae841e4b7e2f2ebcf7f9b6cebef4"
"966815704feedc6d524a9724c74b88a28ba8b40e","RENAME","{Method load_withDarkModeActivity_usesLightModeDrawable() at instrumentation/src/androidTest/java/com/bumptech/glide/DarkModeTest.java:68}","{Method load_withDarkModeActivity_useDarkModeDrawable() at instrumentation/src/androidTest/java/com/bumptech/glide/DarkModeTest.java:55}","6","6"
"966815704feedc6d524a9724c74b88a28ba8b40e","RENAME","{Method load_withDarkModeFragment_usesLightModeDrawable() at instrumentation/src/androidTest/java/com/bumptech/glide/DarkModeTest.java:76}","{Method load_withDarkModeFragment_usesDarkModeDrawable() at instrumentation/src/androidTest/java/com/bumptech/glide/DarkModeTest.java:98}","6","6"
"00e8c233a1ddf65092d840e96e94a11ff9d8b26f"
"01ed966e24ae26fac1dff9ef46b509e6d607b621"
"464002b62496fc7b4c913563ae9496ee2f7764c1"
"128d2903a41be4c8199f583a5dfa24ce158509e7"
"a912e0fba1142da4f939c12852d79bdf6192666e"
"e63c5d216520baecaaad9273699765b8c02b28be"
"04f198eb186bf7bc800f056a5fc104eff88b59f1"
"18bba927a5e5fe7d07ada9667e9e503b9f0596a2"
"e6f5eec4ff0d70be28e17c040ee0177edafd8da7","EXTRACT","{Method newAnimationBuilder() at library/src/main/java/com/bumptech/glide/load/engine/executor/GlideExecutor.java:192}","{Method calculateAnimationExecutorThreadCount() at library/src/main/java/com/bumptech/glide/load/engine/executor/GlideExecutor.java:199}","13","9"
"b32fc26d46e7945a6a271c674047328232367499"
"6cb9486abc77d2fd37eda7de3f5a01c88725682d"
"ede3c7180f1b8890a150229c2ab5cef177d53cb9"
"0ce75a86a26de398d9b4ff33187e238472ee0051"
"e247bb7f486a9c36a0f8dec2e3441195b26be727"
"330b9a888e762dac3b2a0d7ec321a088fa90be8b"
"89472a35df81ca8924ad31870ccd17a5a800674e"
"84f20eb3fdb10f589d57e040a42f3420dda2904e"
"37bc006173813d5831d23c38f24a8ce0e6d0c654","INLINE","{Method calculateAnimationExecutorThreadCount() at library/src/main/java/com/bumptech/glide/load/engine/executor/GlideExecutor.java:199}","{Method newAnimationBuilder() at library/src/main/java/com/bumptech/glide/load/engine/executor/GlideExecutor.java:192}","9","13"
"d5fc241c21bfbf5c162e5109e48a4af113aa39cb","INTERNAL_MOVE","{Method waitOn(T) at instrumentation/src/androidTest/java/com/bumptech/glide/test/WaitModelLoader.java:76}","{Method waitOn(T) at testutil/src/main/java/com/bumptech/glide/testutil/WaitModelLoader.java:44}","10","10"
"d5fc241c21bfbf5c162e5109e48a4af113aa39cb","MOVE","{Class WaitModelLoader at instrumentation/src/androidTest/java/com/bumptech/glide/test/WaitModelLoader.java:23}","{Class WaitModelLoader at testutil/src/main/java/com/bumptech/glide/testutil/WaitModelLoader.java:22}","115","119"
"4bfda588b628389134c7a1269cc8202bb69510bf","INTERNAL_MOVE_RENAME","{Method initialize(MediaMetadataRetriever, T) at library/src/main/java/com/bumptech/glide/load/resource/bitmap/VideoDecoder.java:414}","{Method initializeRetriever(MediaMetadataRetriever, T) at library/src/main/java/com/bumptech/glide/load/resource/bitmap/VideoDecoder.java:471}","1","1"
"4bfda588b628389134c7a1269cc8202bb69510bf","RENAME","{Method initialize(MediaMetadataRetriever, ParcelFileDescriptor) at library/src/main/java/com/bumptech/glide/load/resource/bitmap/VideoDecoder.java:431}","{Method initializeRetriever(MediaMetadataRetriever, ParcelFileDescriptor) at library/src/main/java/com/bumptech/glide/load/resource/bitmap/VideoDecoder.java:496}","3","3"
"4bfda588b628389134c7a1269cc8202bb69510bf","CHANGE_SIGNATURE","{Method decodeFrame(MediaMetadataRetriever, long, int, int, int, DownsampleStrategy) at library/src/main/java/com/bumptech/glide/load/resource/bitmap/VideoDecoder.java:215}","{Method decodeFrame(T, MediaMetadataRetriever, long, int, int, int, DownsampleStrategy) at library/src/main/java/com/bumptech/glide/load/resource/bitmap/VideoDecoder.java:220}","36","40"
"4bfda588b628389134c7a1269cc8202bb69510bf","CHANGE_SIGNATURE","{Method new(BitmapPool, MediaMetadataRetrieverInitializer, MediaMetadataRetrieverFactory) at library/src/main/java/com/bumptech/glide/load/resource/bitmap/VideoDecoder.java:153}","{Method new(BitmapPool, MediaInitializer, MediaMetadataRetrieverFactory) at library/src/main/java/com/bumptech/glide/load/resource/bitmap/VideoDecoder.java:156}","5","5"
"4bfda588b628389134c7a1269cc8202bb69510bf","CHANGE_SIGNATURE","{Method new(BitmapPool, MediaMetadataRetrieverInitializer) at library/src/main/java/com/bumptech/glide/load/resource/bitmap/VideoDecoder.java:145}","{Method new(BitmapPool, MediaInitializer) at library/src/main/java/com/bumptech/glide/load/resource/bitmap/VideoDecoder.java:148}","3","3"
"4bfda588b628389134c7a1269cc8202bb69510bf","RENAME","{Method initialize(MediaMetadataRetriever, ByteBuffer) at library/src/main/java/com/bumptech/glide/load/resource/bitmap/VideoDecoder.java:441}","{Method getMediaDataSource(ByteBuffer) at library/src/main/java/com/bumptech/glide/load/resource/bitmap/VideoDecoder.java:521}","23","22"
"4bfda588b628389134c7a1269cc8202bb69510bf","RENAME","{Method initialize(MediaMetadataRetriever, AssetFileDescriptor) at library/src/main/java/com/bumptech/glide/load/resource/bitmap/VideoDecoder.java:421}","{Method initializeRetriever(MediaMetadataRetriever, AssetFileDescriptor) at library/src/main/java/com/bumptech/glide/load/resource/bitmap/VideoDecoder.java:480}","3","3"
"4298bb7609eb97094406919189c5b147ab6af822"
"eab4c3742d02ad9f173773007ffc0077b8ace98d","EXTRACT","{Method newAnimationBuilder() at library/src/main/java/com/bumptech/glide/load/engine/executor/GlideExecutor.java:192}","{Method calculateAnimationExecutorThreadCount() at library/src/main/java/com/bumptech/glide/load/engine/executor/GlideExecutor.java:199}","13","9"
"e1366e544309c0260a9dec6ed6ba3f260b8b9bb7"
"26a393bb3745977ea4e75fde7dbf06d2b7fbb5b4"
"ef64c38a41f2cde4f2d760c312f6af9956badab7"
"95c8f811a1a25a9dd893f456dafe2de9deb0f029"
"463688baee0bfe658ef6affd901b6af29fd1148e"
"c6a0dc533f50114999c4f70db7e74d8681710ddb","EXTRACT","{Method getNullModelRequest() at library/test/src/test/java/com/bumptech/glide/RequestBuilderTest.java:162}","{Method newRequestBuilder(Class) at library/test/src/test/java/com/bumptech/glide/RequestBuilderTest.java:282}","9","9"
"b420e88462037eed78c8a6e347cd055e44a48a46"
"03e14bc7254b0f9136f670cd9252ca9b6556bd21"
"098c1a40d9e85398f9a16d4683c510c665664d4b"
"8a279effe596e1877acf91e58aa27f2655bc4a38"
"74ce246bb070143bc72c93f08b4c021e0e97fc26"
"4d4f3ebe4b8d4aeb7dc833d1787442f04cf8d785"
"380d2dc6b6f40a79f71f2d8c961799ed6ca64113"
"a840bbc4036b3871b3758060ce8d18d44ab91c9c"
"e220d3e9c15213c25e0efeb53d3a7e77b1cc87d6"
"e5a29beb96d9fc8a31e9f0adc650f6b2bd09c4ec"
"dafc7e21d3d4cad5cc257dc39bb09cfb9b651106"
"42a40ed4aed03cf136c66410a4003c2735d5149e"
"272c6c390938189972767168a754c01d909810bc"
"5366e7b782599c607bed7a7aa5aa26d3bc1cf42c"
"8bef56e2588a371363079a9e33053a9f1f663849"
"790c3512d46bcfef3280009e1a1312e6e0b72cbe"
"fd5d2615af5698af11211aebcf1b9c58dbd503bc"
"8454296dea3cee6cdd77c5af89c18b91228ca727"
"93d176e205130d0cb59d8326fc9d13533bbfcd7a"
"f86db6fb3003b88a405ffa437b510414a1df2af1"
"13ca8bc1dfee68ec82aadde6649df2a4c519abba"
"aee590a50bdc6952bbe5f5cd6d3edb757fb60bcf"
"c30aee9f01fd10d60e4da8e36812595d30cf8abe"
"0f967b2bd29d600f0ea5727b2165e1da7c123c76"
"79e726e1b53fbe6e265358edaf0cac9a0023e986"
"3cd533fc6fe7244e62d180a7990513ccef6d9878"
"7d9e1a3659a23c58457338ce449a37cdcddc62fb"
"c38ce36cd6827251fbc5e49b79d4e83dec8d71be","RENAME","{Method notifyLoadFailed() at library/src/main/java/com/bumptech/glide/request/SingleRequest.java:533}","{Method notifyRequestCoordinatorLoadFailed() at library/src/main/java/com/bumptech/glide/request/SingleRequest.java:533}","5","5"
"c38ce36cd6827251fbc5e49b79d4e83dec8d71be","RENAME","{Method notifyLoadSuccess() at library/src/main/java/com/bumptech/glide/request/SingleRequest.java:526}","{Method notifyRequestCoordinatorLoadSucceeded() at library/src/main/java/com/bumptech/glide/request/SingleRequest.java:526}","5","5"
"71c1fcfaab833685d789cd6c122d6d9be0d6b793"
"1a2cfe36bf32a8b3d8f155cf8e66e145fcfc3ba7","EXTRACT","{Method onDataFetcherReady(Key, Object, DataFetcher, DataSource, Key) at library/src/main/java/com/bumptech/glide/load/engine/DecodeJob.java:380}","{Method reschedule(RunReason) at library/src/main/java/com/bumptech/glide/load/engine/DecodeJob.java:372}","20","4"
"1a2cfe36bf32a8b3d8f155cf8e66e145fcfc3ba7","EXTRACT","{Method onDataFetcherFailed(Key, Exception, DataFetcher, DataSource) at library/src/main/java/com/bumptech/glide/load/engine/DecodeJob.java:403}","{Method reschedule(RunReason) at library/src/main/java/com/bumptech/glide/load/engine/DecodeJob.java:372}","12","4"
"1a2cfe36bf32a8b3d8f155cf8e66e145fcfc3ba7","EXTRACT","{Method reschedule() at library/src/main/java/com/bumptech/glide/load/engine/DecodeJob.java:373}","{Method reschedule(RunReason) at library/src/main/java/com/bumptech/glide/load/engine/DecodeJob.java:372}","4","4"
"1b364c719fb2f089ea761b04eb005197b02b240d"
"5c232dd12b5710c9bb8d940313e77351a39bc6a6","RENAME","{Method canNotifyStatusChanged_withError_failedPrimary_nonNullParentCanNotify_returnsTrue() at library/test/src/test/java/com/bumptech/glide/request/ErrorRequestCoordinatorTest.java:328}","{Method canNotifyStatusChanged_withError_failedPrimary_failedError_nonNullParentCanNotify_returnsTrue() at library/test/src/test/java/com/bumptech/glide/request/ErrorRequestCoordinatorTest.java:341}","8","9"
"5c232dd12b5710c9bb8d940313e77351a39bc6a6","RENAME","{Method canNotifyStatusChanged_withError_failedPrimary_nullParent_returnsTrue() at library/test/src/test/java/com/bumptech/glide/request/ErrorRequestCoordinatorTest.java:312}","{Method canNotifyStatusChanged_withErrorRequest_failedPrimary_nullParent_failedError_returnsTrue() at library/test/src/test/java/com/bumptech/glide/request/ErrorRequestCoordinatorTest.java:314}","5","6"
"5c232dd12b5710c9bb8d940313e77351a39bc6a6","RENAME","{Method canNotifyCleared_errorRequest_primaryFailed_nonNullParentCanNotify_returnsTrue() at library/test/src/test/java/com/bumptech/glide/request/ErrorRequestCoordinatorTest.java:551}","{Method canNotifyCleared_primaryRequest_primaryFailed_nonNullParentCanNotify_returnsTrue() at library/test/src/test/java/com/bumptech/glide/request/ErrorRequestCoordinatorTest.java:586}","8","8"
"f714343985eee3933444a90389361483535161c8"
"9f04fd005925ffc39c3e103e9e88a1a85977bee0"
"e802964ddc838b4db776d45689e9dfd6f46a5b2c","EXTRACT_MOVE","{Method fragmentGet(Context, android.app.FragmentManager, android.app.Fragment, boolean) at library/src/main/java/com/bumptech/glide/manager/RequestManagerRetriever.java:417}","{Method onStart() at library/src/main/java/com/bumptech/glide/manager/LifecycleRequestManagerRetriever.java:52}","19","1"
"2a787b9ba4287dd1f1efd19b1139794ee8b530b6"
"839899dd252c58045b992181791d2aa9412bfdc0"
"6f681a2660b6a7209f43a45a8a3ca2cf9afd6a05","EXTRACT_MOVE","{Method getData() at instrumentation/src/androidTest/java/com/bumptech/glide/AsFileTest.java:97}","{Method asByteArray(int) at instrumentation/src/androidTest/java/com/bumptech/glide/test/ModelGeneratorRule.java:40}","24","5"
"6f681a2660b6a7209f43a45a8a3ca2cf9afd6a05","EXTRACT","{Method loadVideoFileUri_asBytes_providesByteOfFrame() at instrumentation/src/androidTest/java/com/bumptech/glide/AsBytesTest.java:150}","{Method writeVideoToFileUri() at instrumentation/src/androidTest/java/com/bumptech/glide/AsBytesTest.java:172}","8","3"
"6f681a2660b6a7209f43a45a8a3ca2cf9afd6a05","EXTRACT","{Method loadVideoFileUri_asBytes_withFrameTime_providesByteOfFrame() at instrumentation/src/androidTest/java/com/bumptech/glide/AsBytesTest.java:160}","{Method writeVideoToFileUri() at instrumentation/src/androidTest/java/com/bumptech/glide/AsBytesTest.java:172}","12","3"
"269c447ba4fd51565ac3fb22b867be1ed27dde69"
"4016448fc56179ac5fa6eaf352113617f04847a5"
"c35ad1351ee47314f69ad5ecc405a28fbf919298"
"66403763e8235dd2f45d1e6007cd25c62f43843f"
"b1fd63570a5aa05bc61dd8bcacaf6d5f77efc2e3"
"3711e0315cee9a220534e31e25df6ee29b5406a4"
"faf85ec4351893eef81b52e982fa1067af1e8fdd"
"50440de73eb62662a722f84e576c8bfe9042f583"
"31e7ce34ebad92ecebb7ec9d6288be30c748b830"
"2895b351fa6dde68ab5dc85c591f47bd4a395475"
"b8fb588c2dcba0792747ccc1374b923bd9e1926a"
"dae0f9ae78349e9f589ac4c1dded732ea0076068"
"cec74646074e8494b8ab5f8ec68f5bb91be7615c"
"2a43b5aaee314a32ae7128ff64c88f403c231fe9"
"fdbb694e68d117553cdc89f32932e0a129c2c75f"
"f91be270404a3231bd9ee1b7e12301cd5aef95a5"
"3633e95064405744485ce469870bdfdb9428fbd9"
"8875d30ee10d5432d8c872d45792678da01781eb"
"17cae33fd8a966f741495e5c8604661629821006"
"9e93e0b879a533bc55ea6303742dabcf2f0c77c4"
"4f29adab64f6b43a10652f4d26ba3ecdaf0b5e47","RENAME","{Method getOrientation(ImageHeaderParser) at library/src/main/java/com/bumptech/glide/load/ImageHeaderParserUtils.java:146}","{Method getOrientationAndRewind(ImageHeaderParser) at library/src/main/java/com/bumptech/glide/load/ImageHeaderParserUtils.java:150}","3","7"
"4f29adab64f6b43a10652f4d26ba3ecdaf0b5e47","RENAME","{Method getType(ImageHeaderParser) at library/src/main/java/com/bumptech/glide/load/ImageHeaderParserUtils.java:232}","{Method getTypeAndRewind(ImageHeaderParser) at library/src/main/java/com/bumptech/glide/load/ImageHeaderParserUtils.java:239}","1","1"
"4f29adab64f6b43a10652f4d26ba3ecdaf0b5e47","RENAME","{Method getType(ImageHeaderParser) at library/src/main/java/com/bumptech/glide/load/ImageHeaderParserUtils.java:46}","{Method getTypeAndRewind(ImageHeaderParser) at library/src/main/java/com/bumptech/glide/load/ImageHeaderParserUtils.java:47}","7","7"
"4f29adab64f6b43a10652f4d26ba3ecdaf0b5e47","RENAME","{Method getType(ImageHeaderParser) at library/src/main/java/com/bumptech/glide/load/ImageHeaderParserUtils.java:86}","{Method getTypeAndRewind(ImageHeaderParser) at library/src/main/java/com/bumptech/glide/load/ImageHeaderParserUtils.java:91}","22","21"
"4f29adab64f6b43a10652f4d26ba3ecdaf0b5e47","INLINE","{Method getType(ImageHeaderParser) at library/src/main/java/com/bumptech/glide/load/ImageHeaderParserUtils.java:69}","{Method getType(List, ByteBuffer) at library/src/main/java/com/bumptech/glide/load/ImageHeaderParserUtils.java:61}","3","18"
"4f29adab64f6b43a10652f4d26ba3ecdaf0b5e47","RENAME","{Method getOrientation(ImageHeaderParser) at library/src/main/java/com/bumptech/glide/load/ImageHeaderParserUtils.java:192}","{Method getOrientationAndRewind(ImageHeaderParser) at library/src/main/java/com/bumptech/glide/load/ImageHeaderParserUtils.java:200}","22","21"
"4f29adab64f6b43a10652f4d26ba3ecdaf0b5e47","RENAME","{Method getOrientation(ImageHeaderParser) at library/src/main/java/com/bumptech/glide/load/ImageHeaderParserUtils.java:236}","{Method getOrientationAndRewind(ImageHeaderParser) at library/src/main/java/com/bumptech/glide/load/ImageHeaderParserUtils.java:243}","1","1"
"4f29adab64f6b43a10652f4d26ba3ecdaf0b5e47","RENAME","{Method getOrientation(ImageHeaderParser) at library/src/main/java/com/bumptech/glide/load/ImageHeaderParserUtils.java:172}","{Method getOrientationAndRewind(ImageHeaderParser) at library/src/main/java/com/bumptech/glide/load/ImageHeaderParserUtils.java:180}","7","7"
"9840c91e1b2d358d9c9367654eacd4b4719ed849"
"50702ef9a90968349051856c5d3b692987b38cbf"
"e2b488c30d27138fecc7a3adc353c66b3756147f"
"14b3bf5445ef2e347389fc6a20693a047fdc31b1"
"ad35f5e4fcd2e34750289fa1f9820579b2661f0c"
"67350cd7de90e583db423ddb62bca87a5fb5ec98"
"6ba4b548cae12f3aa53634a59025069834c0ea14","CHANGE_SIGNATURE","{Method new(Context, ArrayPool, Registry, ImageViewTargetFactory, RequestOptionsFactory, Map, List, Engine, GlideExperiments, int) at library/src/main/java/com/bumptech/glide/GlideContext.java:55}","{Method new(Context, ArrayPool, GlideSupplier, ImageViewTargetFactory, RequestOptionsFactory, Map, List, Engine, GlideExperiments, int) at library/src/main/java/com/bumptech/glide/GlideContext.java:57}","12","13"
"6ba4b548cae12f3aa53634a59025069834c0ea14","CHANGE_SIGNATURE","{Method new(Context, Engine, MemoryCache, BitmapPool, ArrayPool, RequestManagerRetriever, ConnectivityMonitorFactory, int, RequestOptionsFactory, Map, List, GlideExperiments) at library/src/main/java/com/bumptech/glide/Glide.java:326}","{Method new(Context, Engine, MemoryCache, BitmapPool, ArrayPool, RequestManagerRetriever, ConnectivityMonitorFactory, int, RequestOptionsFactory, Map, List, List, AppGlideModule, GlideExperiments) at library/src/main/java/com/bumptech/glide/Glide.java:321}","27","30"
"6ba4b548cae12f3aa53634a59025069834c0ea14","CHANGE_SIGNATURE","{Method build(Context) at library/src/main/java/com/bumptech/glide/GlideBuilder.java:507}","{Method build(Context, List, AppGlideModule) at library/src/main/java/com/bumptech/glide/GlideBuilder.java:512}","78","80"
"6ba4b548cae12f3aa53634a59025069834c0ea14","RENAME","{Method createRegistryAndInitializeDefaults(Context, BitmapPool, ArrayPool, GlideExperiments) at library/src/main/java/com/bumptech/glide/RegistryFactory.java:80}","{Method initializeDefaults(Context, Registry, BitmapPool, ArrayPool, GlideExperiments) at library/src/main/java/com/bumptech/glide/RegistryFactory.java:135}","216","213"
"edf9d32aa4ea7c9ff7a9ddd346b6609ef9423deb"
"a607b1d6795c807dd5d1b1ee78b808ead7f7fb50","CHANGE_SIGNATURE","{Method build(Context, List, AppGlideModule) at library/src/main/java/com/bumptech/glide/GlideBuilder.java:512}","{Method build(Context) at library/src/main/java/com/bumptech/glide/GlideBuilder.java:507}","80","78"
"a607b1d6795c807dd5d1b1ee78b808ead7f7fb50","CHANGE_SIGNATURE","{Method new(Context, ArrayPool, GlideSupplier, ImageViewTargetFactory, RequestOptionsFactory, Map, List, Engine, GlideExperiments, int) at library/src/main/java/com/bumptech/glide/GlideContext.java:57}","{Method new(Context, ArrayPool, Registry, ImageViewTargetFactory, RequestOptionsFactory, Map, List, Engine, GlideExperiments, int) at library/src/main/java/com/bumptech/glide/GlideContext.java:55}","13","12"
"a607b1d6795c807dd5d1b1ee78b808ead7f7fb50","RENAME","{Method initializeDefaults(Context, Registry, BitmapPool, ArrayPool, GlideExperiments) at library/src/main/java/com/bumptech/glide/RegistryFactory.java:125}","{Method createRegistryAndInitializeDefaults(Context, BitmapPool, ArrayPool, GlideExperiments) at library/src/main/java/com/bumptech/glide/RegistryFactory.java:80}","213","216"
"a607b1d6795c807dd5d1b1ee78b808ead7f7fb50","CHANGE_SIGNATURE","{Method new(Context, Engine, MemoryCache, BitmapPool, ArrayPool, RequestManagerRetriever, ConnectivityMonitorFactory, int, RequestOptionsFactory, Map, List, List, AppGlideModule, GlideExperiments) at library/src/main/java/com/bumptech/glide/Glide.java:321}","{Method new(Context, Engine, MemoryCache, BitmapPool, ArrayPool, RequestManagerRetriever, ConnectivityMonitorFactory, int, RequestOptionsFactory, Map, List, GlideExperiments) at library/src/main/java/com/bumptech/glide/Glide.java:326}","30","27"
"48cf57b7c6a83b0de18deeedebd51430e0af2934","CHANGE_SIGNATURE","{Method new(Context, ArrayPool, Registry, ImageViewTargetFactory, RequestOptionsFactory, Map, List, Engine, GlideExperiments, int) at library/src/main/java/com/bumptech/glide/GlideContext.java:55}","{Method new(Context, ArrayPool, GlideSupplier, ImageViewTargetFactory, RequestOptionsFactory, Map, List, Engine, GlideExperiments, int) at library/src/main/java/com/bumptech/glide/GlideContext.java:57}","12","13"
"48cf57b7c6a83b0de18deeedebd51430e0af2934","CHANGE_SIGNATURE","{Method new(Context, Engine, MemoryCache, BitmapPool, ArrayPool, RequestManagerRetriever, ConnectivityMonitorFactory, int, RequestOptionsFactory, Map, List, GlideExperiments) at library/src/main/java/com/bumptech/glide/Glide.java:326}","{Method new(Context, Engine, MemoryCache, BitmapPool, ArrayPool, RequestManagerRetriever, ConnectivityMonitorFactory, int, RequestOptionsFactory, Map, List, List, AppGlideModule, GlideExperiments) at library/src/main/java/com/bumptech/glide/Glide.java:321}","27","30"
"48cf57b7c6a83b0de18deeedebd51430e0af2934","CHANGE_SIGNATURE","{Method build(Context) at library/src/main/java/com/bumptech/glide/GlideBuilder.java:507}","{Method build(Context, List, AppGlideModule) at library/src/main/java/com/bumptech/glide/GlideBuilder.java:512}","78","80"
"48cf57b7c6a83b0de18deeedebd51430e0af2934","RENAME","{Method createRegistryAndInitializeDefaults(Context, BitmapPool, ArrayPool, GlideExperiments) at library/src/main/java/com/bumptech/glide/RegistryFactory.java:80}","{Method initializeDefaults(Context, Registry, BitmapPool, ArrayPool, GlideExperiments) at library/src/main/java/com/bumptech/glide/RegistryFactory.java:125}","216","213"
"46ed2fa26eb87c77af53b615da8afd8a40ee0b6d","EXTRACT_MOVE","{Method new(Context, Engine, MemoryCache, BitmapPool, ArrayPool, RequestManagerRetriever, ConnectivityMonitorFactory, int, RequestOptionsFactory, Map, List, GlideExperiments) at library/src/main/java/com/bumptech/glide/Glide.java:390}","{Method createRegistryAndInitializeDefaults(Context, BitmapPool, ArrayPool, GlideExperiments) at library/src/main/java/com/bumptech/glide/RegistryFactory.java:80}","237","216"
"46ed2fa26eb87c77af53b615da8afd8a40ee0b6d","EXTRACT_MOVE","{Method new(Context, Engine, MemoryCache, BitmapPool, ArrayPool, RequestManagerRetriever, ConnectivityMonitorFactory, int, RequestOptionsFactory, Map, List, GlideExperiments) at library/src/main/java/com/bumptech/glide/Glide.java:390}","{Method new() at library/src/main/java/com/bumptech/glide/RegistryFactory.java:77}","237","1"
"96596ae9269e85f31d5c6a158c2ab92c16677703","EXTRACT","{Method onReceive(Context, Intent) at library/src/main/java/com/bumptech/glide/manager/SingletonConnectivityReceiver.java:216}","{Method onConnectivityChange() at library/src/main/java/com/bumptech/glide/manager/SingletonConnectivityReceiver.java:315}","11","17"
"878d148a34825a78ca3c8d9501d16057c18203a9"
"2b52437cd52bbacf0376d84aa2eec5b63ba53ac4"
"f5e78ed03c99a9804285360b36b04d3089c80cff"
"979459c485cf3a02e41fd58e9adcaca1e0029d35"
"f83cc274b42cf02af6611d2a8c21e4a9b1f5d592","RENAME","{Class ImageDecoderResourceDecoder at library/src/main/java/com/bumptech/glide/load/resource/ImageDecoderResourceDecoder.java:39}","{Class DefaultOnHeaderDecodedListener at library/src/main/java/com/bumptech/glide/load/resource/DefaultOnHeaderDecodedListener.java:32}","114","99"
"f83cc274b42cf02af6611d2a8c21e4a9b1f5d592","INTERNAL_MOVE","{Method onHeaderDecoded(ImageDecoder, ImageInfo, Source) at library/src/main/java/com/bumptech/glide/load/resource/ImageDecoderResourceDecoder.java:73}","{Method onHeaderDecoded(ImageDecoder, ImageInfo, Source) at library/src/main/java/com/bumptech/glide/load/resource/DefaultOnHeaderDecodedListener.java:59}","73","71"
"f83cc274b42cf02af6611d2a8c21e4a9b1f5d592","MOVE","{Method handles(Source, Options) at library/src/main/java/com/bumptech/glide/load/resource/ImageDecoderResourceDecoder.java:47}","{Method handles(Source, Options) at library/src/main/java/com/bumptech/glide/load/resource/bitmap/BitmapImageDecoderResourceDecoder.java:24}","3","3"
"f83cc274b42cf02af6611d2a8c21e4a9b1f5d592","CHANGE_SIGNATURE","{Method decode(Source, int, int, OnHeaderDecodedListener) at library/src/main/java/com/bumptech/glide/load/resource/bitmap/BitmapImageDecoderResourceDecoder.java:27}","{Method decode(Source, int, int, Options) at library/src/main/java/com/bumptech/glide/load/resource/bitmap/BitmapImageDecoderResourceDecoder.java:30}","19","21"
"42654b298ebf2d2931a1b6d099f9f2b901dc37b1","RENAME","{Method testCanParseWebpWithoutAlpha() at library/test/src/test/java/com/bumptech/glide/load/resource/bitmap/DefaultImageHeaderParserTest.java:234}","{Method testCanParseExtendedWebpWithoutAlpha() at library/test/src/test/java/com/bumptech/glide/load/resource/bitmap/DefaultImageHeaderParserTest.java:344}","53","53"
"42654b298ebf2d2931a1b6d099f9f2b901dc37b1","RENAME","{Method testCanParseWebpWithAlpha() at library/test/src/test/java/com/bumptech/glide/load/resource/bitmap/DefaultImageHeaderParserTest.java:179}","{Method testCanParseLosslessWebpWithAlpha() at library/test/src/test/java/com/bumptech/glide/load/resource/bitmap/DefaultImageHeaderParserTest.java:179}","53","53"
"afc37e814de8d5dbfd02054beef28a6b2e9a358b"
"52a8cf84a9c10123777db805b235bf47e18ec234","CHANGE_SIGNATURE","{Method close(ParcelFileDescriptor) at library/src/main/java/com/bumptech/glide/load/data/FileDescriptorAssetPathFetcher.java:21}","{Method close(AssetFileDescriptor) at library/src/main/java/com/bumptech/glide/load/data/FileDescriptorAssetPathFetcher.java:21}","3","3"
"a6d84a81e3302dc672e7a0a8599e0eea6b550c72"
"8bebf71e80c2cd1f260d919e6b0697436da6e302"
"3fd8e777e2be6a3fedc5f5c5f688970a212a285f"
"1c0a45f80b92179291f99a68b1a471c0f939c10e"
"0f7ba1946e373393bde7cd722568b8dbc36ae545"
"258305660c0b78cc39f8cdb49078e2175a5335e6"
"f40cc137d86bb251367b3c7747af9b08795dca8a"
"5e1e71008a97b86fc50975cf4af405bfd2157d18"
"02165470c6b5e931ca231515b424dcd2e4af604b"
"ba544276d2bd2a7b72d85273018661ca98baad16"
"2faabe8b7c0ebfff537c9a150795293ad5fbb5df"
"f9d9afe2f2a8af52680035bf811776cfdfc328d7"
"808a685f3c538621d5dfecd9928d2f75a4b7f68e"
"833ef21d4edd9f907cecbdc9e780fc88058bf66f","EXTRACT_MOVE","{Method connect() at library/test/src/test/java/com/bumptech/glide/manager/DefaultConnectivityMonitorTest.java:185}","{Method connect() at library/test/src/test/java/com/bumptech/glide/manager/DefaultConnectivityMonitorTest.java:248}","5","5"
"833ef21d4edd9f907cecbdc9e780fc88058bf66f","EXTRACT_MOVE","{Method register_withMissingPermission_doesNotThrow() at library/test/src/test/java/com/bumptech/glide/manager/DefaultConnectivityMonitorTest.java:131}","{Method setNetworkPermissionGranted(boolean) at library/test/src/test/java/com/bumptech/glide/manager/DefaultConnectivityMonitorTest.java:261}","5","3"
"833ef21d4edd9f907cecbdc9e780fc88058bf66f","EXTRACT_MOVE","{Method onReceive_withMissingPermission_previouslyConnected_doesNotNotifyListeners() at library/test/src/test/java/com/bumptech/glide/manager/DefaultConnectivityMonitorTest.java:155}","{Method setNetworkPermissionGranted(boolean) at library/test/src/test/java/com/bumptech/glide/manager/DefaultConnectivityMonitorTest.java:221}","8","3"
"833ef21d4edd9f907cecbdc9e780fc88058bf66f","EXTRACT_MOVE","{Method maybeUnregisterReceiver() at library/src/main/java/com/bumptech/glide/manager/SingletonConnectivityReceiver.java:124}","{Method unregister() at library/src/main/java/com/bumptech/glide/manager/SingletonConnectivityReceiver.java:257}","8","3"
"833ef21d4edd9f907cecbdc9e780fc88058bf66f","EXTRACT_MOVE","{Method isConnected(Context) at library/src/main/java/com/bumptech/glide/manager/SingletonConnectivityReceiver.java:137}","{Method get() at library/src/main/java/com/bumptech/glide/manager/SingletonConnectivityReceiver.java:64}","19","3"
"833ef21d4edd9f907cecbdc9e780fc88058bf66f","INTERNAL_MOVE_RENAME","{Method getConnectivityReceivers() at library/test/src/test/java/com/bumptech/glide/manager/DefaultConnectivityMonitorTest.java:164}","{Method getRegisteredReceivers() at library/test/src/test/java/com/bumptech/glide/manager/DefaultConnectivityMonitorTest.java:266}","5","6"
"833ef21d4edd9f907cecbdc9e780fc88058bf66f","EXTRACT_MOVE","{Method onReceive_withMissingPermission_previouslyConnected_doesNotNotifyListeners() at library/test/src/test/java/com/bumptech/glide/manager/DefaultConnectivityMonitorTest.java:155}","{Method setNetworkPermissionGranted(boolean) at library/test/src/test/java/com/bumptech/glide/manager/DefaultConnectivityMonitorTest.java:261}","8","3"
"833ef21d4edd9f907cecbdc9e780fc88058bf66f","EXTRACT_MOVE","{Method onReceive_withMissingPermission_previouslyDisconnected_notifiesListenersConnected() at library/test/src/test/java/com/bumptech/glide/manager/DefaultConnectivityMonitorTest.java:145}","{Method setNetworkPermissionGranted(boolean) at library/test/src/test/java/com/bumptech/glide/manager/DefaultConnectivityMonitorTest.java:221}","8","3"
"833ef21d4edd9f907cecbdc9e780fc88058bf66f","EXTRACT_MOVE","{Method onReceive_withMissingPermission_doesNotThrow() at library/test/src/test/java/com/bumptech/glide/manager/DefaultConnectivityMonitorTest.java:138}","{Method setNetworkPermissionGranted(boolean) at library/test/src/test/java/com/bumptech/glide/manager/DefaultConnectivityMonitorTest.java:261}","5","3"
"833ef21d4edd9f907cecbdc9e780fc88058bf66f","EXTRACT_MOVE","{Method onReceive_withMissingPermission_previouslyDisconnected_notifiesListenersConnected() at library/test/src/test/java/com/bumptech/glide/manager/DefaultConnectivityMonitorTest.java:145}","{Method setNetworkPermissionGranted(boolean) at library/test/src/test/java/com/bumptech/glide/manager/DefaultConnectivityMonitorTest.java:261}","8","3"
"833ef21d4edd9f907cecbdc9e780fc88058bf66f","EXTRACT_MOVE","{Method onReceive_withMissingPermission_doesNotThrow() at library/test/src/test/java/com/bumptech/glide/manager/DefaultConnectivityMonitorTest.java:138}","{Method setNetworkPermissionGranted(boolean) at library/test/src/test/java/com/bumptech/glide/manager/DefaultConnectivityMonitorTest.java:221}","5","3"
"833ef21d4edd9f907cecbdc9e780fc88058bf66f","EXTRACT_MOVE","{Method onReceive(Context, Intent) at library/src/main/java/com/bumptech/glide/manager/SingletonConnectivityReceiver.java:32}","{Method onConnectivityChanged(boolean) at library/src/main/java/com/bumptech/glide/manager/SingletonConnectivityReceiver.java:71}","25","9"
"833ef21d4edd9f907cecbdc9e780fc88058bf66f","EXTRACT_MOVE","{Method register_withMissingPermission_doesNotThrow() at library/test/src/test/java/com/bumptech/glide/manager/DefaultConnectivityMonitorTest.java:131}","{Method setNetworkPermissionGranted(boolean) at library/test/src/test/java/com/bumptech/glide/manager/DefaultConnectivityMonitorTest.java:221}","5","3"
"833ef21d4edd9f907cecbdc9e780fc88058bf66f","EXTRACT_MOVE","{Method disconnect() at library/test/src/test/java/com/bumptech/glide/manager/DefaultConnectivityMonitorTest.java:181}","{Method disconnect() at library/test/src/test/java/com/bumptech/glide/manager/DefaultConnectivityMonitorTest.java:243}","3","3"
"833ef21d4edd9f907cecbdc9e780fc88058bf66f","EXTRACT_MOVE","{Method maybeRegisterReceiver() at library/src/main/java/com/bumptech/glide/manager/SingletonConnectivityReceiver.java:105}","{Method register() at library/src/main/java/com/bumptech/glide/manager/SingletonConnectivityReceiver.java:239}","17","16"
"833ef21d4edd9f907cecbdc9e780fc88058bf66f","EXTRACT_MOVE","{Method connect() at library/test/src/test/java/com/bumptech/glide/manager/DefaultConnectivityMonitorTest.java:185}","{Method connect() at library/test/src/test/java/com/bumptech/glide/manager/DefaultConnectivityMonitorTest.java:200}","5","3"
"833ef21d4edd9f907cecbdc9e780fc88058bf66f","INTERNAL_MOVE","{Method isConnected(Context) at library/src/main/java/com/bumptech/glide/manager/SingletonConnectivityReceiver.java:137}","{Method isConnected() at library/src/main/java/com/bumptech/glide/manager/SingletonConnectivityReceiver.java:265}","19","16"
"833ef21d4edd9f907cecbdc9e780fc88058bf66f","INTERNAL_MOVE","{Method onReceive(Context, Intent) at library/src/main/java/com/bumptech/glide/manager/SingletonConnectivityReceiver.java:32}","{Method onReceive(Context, Intent) at library/src/main/java/com/bumptech/glide/manager/SingletonConnectivityReceiver.java:216}","25","11"
"833ef21d4edd9f907cecbdc9e780fc88058bf66f","EXTRACT_MOVE","{Method broadcast() at library/test/src/test/java/com/bumptech/glide/manager/DefaultConnectivityMonitorTest.java:191}","{Method broadcast() at library/test/src/test/java/com/bumptech/glide/manager/DefaultConnectivityMonitorTest.java:255}","4","4"
"833ef21d4edd9f907cecbdc9e780fc88058bf66f","EXTRACT_MOVE","{Method maybeRegisterReceiver() at library/src/main/java/com/bumptech/glide/manager/SingletonConnectivityReceiver.java:105}","{Method register() at library/src/main/java/com/bumptech/glide/manager/SingletonConnectivityReceiver.java:185}","17","14"
"b43ea9833e9f5f0cb0f6b3a35664c3e2aaed956a","INLINE","{Method broadcast() at library/test/src/test/java/com/bumptech/glide/manager/DefaultConnectivityMonitorTest.java:255}","{Method broadcast() at library/test/src/test/java/com/bumptech/glide/manager/DefaultConnectivityMonitorTest.java:191}","4","4"
"b43ea9833e9f5f0cb0f6b3a35664c3e2aaed956a","INTERNAL_MOVE_RENAME","{Method getRegisteredReceivers() at library/test/src/test/java/com/bumptech/glide/manager/DefaultConnectivityMonitorTest.java:266}","{Method getConnectivityReceivers() at library/test/src/test/java/com/bumptech/glide/manager/DefaultConnectivityMonitorTest.java:164}","6","5"
"b43ea9833e9f5f0cb0f6b3a35664c3e2aaed956a","INLINE","{Method get() at library/src/main/java/com/bumptech/glide/manager/SingletonConnectivityReceiver.java:64}","{Method isConnected(Context) at library/src/main/java/com/bumptech/glide/manager/SingletonConnectivityReceiver.java:137}","3","19"
"b43ea9833e9f5f0cb0f6b3a35664c3e2aaed956a","INLINE","{Method setNetworkPermissionGranted(boolean) at library/test/src/test/java/com/bumptech/glide/manager/DefaultConnectivityMonitorTest.java:261}","{Method onReceive_withMissingPermission_doesNotThrow() at library/test/src/test/java/com/bumptech/glide/manager/DefaultConnectivityMonitorTest.java:138}","3","5"
"b43ea9833e9f5f0cb0f6b3a35664c3e2aaed956a","INLINE","{Method unregister() at library/src/main/java/com/bumptech/glide/manager/SingletonConnectivityReceiver.java:255}","{Method maybeUnregisterReceiver() at library/src/main/java/com/bumptech/glide/manager/SingletonConnectivityReceiver.java:124}","3","8"
"b43ea9833e9f5f0cb0f6b3a35664c3e2aaed956a","INLINE","{Method setNetworkPermissionGranted(boolean) at library/test/src/test/java/com/bumptech/glide/manager/DefaultConnectivityMonitorTest.java:221}","{Method onReceive_withMissingPermission_doesNotThrow() at library/test/src/test/java/com/bumptech/glide/manager/DefaultConnectivityMonitorTest.java:138}","3","5"
"b43ea9833e9f5f0cb0f6b3a35664c3e2aaed956a","INTERNAL_MOVE","{Method isConnected() at library/src/main/java/com/bumptech/glide/manager/SingletonConnectivityReceiver.java:263}","{Method isConnected(Context) at library/src/main/java/com/bumptech/glide/manager/SingletonConnectivityReceiver.java:137}","16","19"
"b43ea9833e9f5f0cb0f6b3a35664c3e2aaed956a","INLINE","{Method setNetworkPermissionGranted(boolean) at library/test/src/test/java/com/bumptech/glide/manager/DefaultConnectivityMonitorTest.java:261}","{Method onReceive_withMissingPermission_previouslyConnected_doesNotNotifyListeners() at library/test/src/test/java/com/bumptech/glide/manager/DefaultConnectivityMonitorTest.java:155}","3","8"
"b43ea9833e9f5f0cb0f6b3a35664c3e2aaed956a","INLINE","{Method connect() at library/test/src/test/java/com/bumptech/glide/manager/DefaultConnectivityMonitorTest.java:248}","{Method connect() at library/test/src/test/java/com/bumptech/glide/manager/DefaultConnectivityMonitorTest.java:185}","5","5"
"b43ea9833e9f5f0cb0f6b3a35664c3e2aaed956a","INLINE","{Method setNetworkPermissionGranted(boolean) at library/test/src/test/java/com/bumptech/glide/manager/DefaultConnectivityMonitorTest.java:221}","{Method register_withMissingPermission_doesNotThrow() at library/test/src/test/java/com/bumptech/glide/manager/DefaultConnectivityMonitorTest.java:131}","3","5"
"b43ea9833e9f5f0cb0f6b3a35664c3e2aaed956a","INLINE","{Method connect() at library/test/src/test/java/com/bumptech/glide/manager/DefaultConnectivityMonitorTest.java:200}","{Method connect() at library/test/src/test/java/com/bumptech/glide/manager/DefaultConnectivityMonitorTest.java:185}","3","5"
"b43ea9833e9f5f0cb0f6b3a35664c3e2aaed956a","INLINE","{Method onConnectivityChanged(boolean) at library/src/main/java/com/bumptech/glide/manager/SingletonConnectivityReceiver.java:71}","{Method onReceive(Context, Intent) at library/src/main/java/com/bumptech/glide/manager/SingletonConnectivityReceiver.java:32}","9","25"
"b43ea9833e9f5f0cb0f6b3a35664c3e2aaed956a","INLINE","{Method disconnect() at library/test/src/test/java/com/bumptech/glide/manager/DefaultConnectivityMonitorTest.java:243}","{Method disconnect() at library/test/src/test/java/com/bumptech/glide/manager/DefaultConnectivityMonitorTest.java:181}","3","3"
"b43ea9833e9f5f0cb0f6b3a35664c3e2aaed956a","INLINE","{Method register() at library/src/main/java/com/bumptech/glide/manager/SingletonConnectivityReceiver.java:237}","{Method maybeRegisterReceiver() at library/src/main/java/com/bumptech/glide/manager/SingletonConnectivityReceiver.java:105}","16","17"
"b43ea9833e9f5f0cb0f6b3a35664c3e2aaed956a","INLINE","{Method setNetworkPermissionGranted(boolean) at library/test/src/test/java/com/bumptech/glide/manager/DefaultConnectivityMonitorTest.java:221}","{Method onReceive_withMissingPermission_previouslyConnected_doesNotNotifyListeners() at library/test/src/test/java/com/bumptech/glide/manager/DefaultConnectivityMonitorTest.java:155}","3","8"
"b43ea9833e9f5f0cb0f6b3a35664c3e2aaed956a","INLINE","{Method register() at library/src/main/java/com/bumptech/glide/manager/SingletonConnectivityReceiver.java:185}","{Method maybeRegisterReceiver() at library/src/main/java/com/bumptech/glide/manager/SingletonConnectivityReceiver.java:105}","12","17"
"b43ea9833e9f5f0cb0f6b3a35664c3e2aaed956a","INLINE","{Method setNetworkPermissionGranted(boolean) at library/test/src/test/java/com/bumptech/glide/manager/DefaultConnectivityMonitorTest.java:261}","{Method register_withMissingPermission_doesNotThrow() at library/test/src/test/java/com/bumptech/glide/manager/DefaultConnectivityMonitorTest.java:131}","3","5"
"b43ea9833e9f5f0cb0f6b3a35664c3e2aaed956a","INTERNAL_MOVE","{Method onReceive(Context, Intent) at library/src/main/java/com/bumptech/glide/manager/SingletonConnectivityReceiver.java:214}","{Method onReceive(Context, Intent) at library/src/main/java/com/bumptech/glide/manager/SingletonConnectivityReceiver.java:32}","11","25"
"b43ea9833e9f5f0cb0f6b3a35664c3e2aaed956a","INLINE","{Method setNetworkPermissionGranted(boolean) at library/test/src/test/java/com/bumptech/glide/manager/DefaultConnectivityMonitorTest.java:261}","{Method onReceive_withMissingPermission_previouslyDisconnected_notifiesListenersConnected() at library/test/src/test/java/com/bumptech/glide/manager/DefaultConnectivityMonitorTest.java:145}","3","8"
"b43ea9833e9f5f0cb0f6b3a35664c3e2aaed956a","INLINE","{Method setNetworkPermissionGranted(boolean) at library/test/src/test/java/com/bumptech/glide/manager/DefaultConnectivityMonitorTest.java:221}","{Method onReceive_withMissingPermission_previouslyDisconnected_notifiesListenersConnected() at library/test/src/test/java/com/bumptech/glide/manager/DefaultConnectivityMonitorTest.java:145}","3","8"
"4504939c0f17a98a2afc511814b08e57d8530723","EXTRACT_MOVE","{Method onReceive(Context, Intent) at library/src/main/java/com/bumptech/glide/manager/SingletonConnectivityReceiver.java:32}","{Method onConnectivityChanged(boolean) at library/src/main/java/com/bumptech/glide/manager/SingletonConnectivityReceiver.java:71}","25","9"
"4504939c0f17a98a2afc511814b08e57d8530723","EXTRACT_MOVE","{Method connect() at library/test/src/test/java/com/bumptech/glide/manager/DefaultConnectivityMonitorTest.java:185}","{Method connect() at library/test/src/test/java/com/bumptech/glide/manager/DefaultConnectivityMonitorTest.java:248}","5","5"
"4504939c0f17a98a2afc511814b08e57d8530723","INTERNAL_MOVE_RENAME","{Method getConnectivityReceivers() at library/test/src/test/java/com/bumptech/glide/manager/DefaultConnectivityMonitorTest.java:164}","{Method getRegisteredReceivers() at library/test/src/test/java/com/bumptech/glide/manager/DefaultConnectivityMonitorTest.java:266}","5","6"
"4504939c0f17a98a2afc511814b08e57d8530723","INTERNAL_MOVE","{Method onReceive(Context, Intent) at library/src/main/java/com/bumptech/glide/manager/SingletonConnectivityReceiver.java:32}","{Method onReceive(Context, Intent) at library/src/main/java/com/bumptech/glide/manager/SingletonConnectivityReceiver.java:214}","25","11"
"4504939c0f17a98a2afc511814b08e57d8530723","EXTRACT_MOVE","{Method register_withMissingPermission_doesNotThrow() at library/test/src/test/java/com/bumptech/glide/manager/DefaultConnectivityMonitorTest.java:131}","{Method setNetworkPermissionGranted(boolean) at library/test/src/test/java/com/bumptech/glide/manager/DefaultConnectivityMonitorTest.java:221}","5","3"
"4504939c0f17a98a2afc511814b08e57d8530723","EXTRACT_MOVE","{Method onReceive_withMissingPermission_previouslyDisconnected_notifiesListenersConnected() at library/test/src/test/java/com/bumptech/glide/manager/DefaultConnectivityMonitorTest.java:145}","{Method setNetworkPermissionGranted(boolean) at library/test/src/test/java/com/bumptech/glide/manager/DefaultConnectivityMonitorTest.java:261}","8","3"
"4504939c0f17a98a2afc511814b08e57d8530723","EXTRACT_MOVE","{Method maybeRegisterReceiver() at library/src/main/java/com/bumptech/glide/manager/SingletonConnectivityReceiver.java:105}","{Method register() at library/src/main/java/com/bumptech/glide/manager/SingletonConnectivityReceiver.java:185}","17","12"
"4504939c0f17a98a2afc511814b08e57d8530723","INTERNAL_MOVE","{Method isConnected(Context) at library/src/main/java/com/bumptech/glide/manager/SingletonConnectivityReceiver.java:137}","{Method isConnected() at library/src/main/java/com/bumptech/glide/manager/SingletonConnectivityReceiver.java:263}","19","16"
"4504939c0f17a98a2afc511814b08e57d8530723","EXTRACT_MOVE","{Method onReceive_withMissingPermission_doesNotThrow() at library/test/src/test/java/com/bumptech/glide/manager/DefaultConnectivityMonitorTest.java:138}","{Method setNetworkPermissionGranted(boolean) at library/test/src/test/java/com/bumptech/glide/manager/DefaultConnectivityMonitorTest.java:261}","5","3"
"4504939c0f17a98a2afc511814b08e57d8530723","EXTRACT_MOVE","{Method onReceive_withMissingPermission_previouslyDisconnected_notifiesListenersConnected() at library/test/src/test/java/com/bumptech/glide/manager/DefaultConnectivityMonitorTest.java:145}","{Method setNetworkPermissionGranted(boolean) at library/test/src/test/java/com/bumptech/glide/manager/DefaultConnectivityMonitorTest.java:221}","8","3"
"4504939c0f17a98a2afc511814b08e57d8530723","EXTRACT_MOVE","{Method isConnected(Context) at library/src/main/java/com/bumptech/glide/manager/SingletonConnectivityReceiver.java:137}","{Method get() at library/src/main/java/com/bumptech/glide/manager/SingletonConnectivityReceiver.java:64}","19","3"
"4504939c0f17a98a2afc511814b08e57d8530723","EXTRACT_MOVE","{Method register_withMissingPermission_doesNotThrow() at library/test/src/test/java/com/bumptech/glide/manager/DefaultConnectivityMonitorTest.java:131}","{Method setNetworkPermissionGranted(boolean) at library/test/src/test/java/com/bumptech/glide/manager/DefaultConnectivityMonitorTest.java:261}","5","3"
"4504939c0f17a98a2afc511814b08e57d8530723","EXTRACT_MOVE","{Method connect() at library/test/src/test/java/com/bumptech/glide/manager/DefaultConnectivityMonitorTest.java:185}","{Method connect() at library/test/src/test/java/com/bumptech/glide/manager/DefaultConnectivityMonitorTest.java:200}","5","3"
"4504939c0f17a98a2afc511814b08e57d8530723","EXTRACT_MOVE","{Method broadcast() at library/test/src/test/java/com/bumptech/glide/manager/DefaultConnectivityMonitorTest.java:191}","{Method broadcast() at library/test/src/test/java/com/bumptech/glide/manager/DefaultConnectivityMonitorTest.java:255}","4","4"
"4504939c0f17a98a2afc511814b08e57d8530723","EXTRACT_MOVE","{Method onReceive_withMissingPermission_previouslyConnected_doesNotNotifyListeners() at library/test/src/test/java/com/bumptech/glide/manager/DefaultConnectivityMonitorTest.java:155}","{Method setNetworkPermissionGranted(boolean) at library/test/src/test/java/com/bumptech/glide/manager/DefaultConnectivityMonitorTest.java:261}","8","3"
"4504939c0f17a98a2afc511814b08e57d8530723","EXTRACT_MOVE","{Method maybeRegisterReceiver() at library/src/main/java/com/bumptech/glide/manager/SingletonConnectivityReceiver.java:105}","{Method register() at library/src/main/java/com/bumptech/glide/manager/SingletonConnectivityReceiver.java:237}","17","16"
"4504939c0f17a98a2afc511814b08e57d8530723","EXTRACT_MOVE","{Method maybeUnregisterReceiver() at library/src/main/java/com/bumptech/glide/manager/SingletonConnectivityReceiver.java:124}","{Method unregister() at library/src/main/java/com/bumptech/glide/manager/SingletonConnectivityReceiver.java:255}","8","3"
"4504939c0f17a98a2afc511814b08e57d8530723","EXTRACT_MOVE","{Method onReceive_withMissingPermission_previouslyConnected_doesNotNotifyListeners() at library/test/src/test/java/com/bumptech/glide/manager/DefaultConnectivityMonitorTest.java:155}","{Method setNetworkPermissionGranted(boolean) at library/test/src/test/java/com/bumptech/glide/manager/DefaultConnectivityMonitorTest.java:221}","8","3"
"4504939c0f17a98a2afc511814b08e57d8530723","EXTRACT_MOVE","{Method onReceive_withMissingPermission_doesNotThrow() at library/test/src/test/java/com/bumptech/glide/manager/DefaultConnectivityMonitorTest.java:138}","{Method setNetworkPermissionGranted(boolean) at library/test/src/test/java/com/bumptech/glide/manager/DefaultConnectivityMonitorTest.java:221}","5","3"
"4504939c0f17a98a2afc511814b08e57d8530723","EXTRACT_MOVE","{Method disconnect() at library/test/src/test/java/com/bumptech/glide/manager/DefaultConnectivityMonitorTest.java:181}","{Method disconnect() at library/test/src/test/java/com/bumptech/glide/manager/DefaultConnectivityMonitorTest.java:243}","3","3"
"66c46f6e160b45031fa58ee51d52025b92e4ba1c","INTERNAL_MOVE","{Method onReceive(Context, Intent) at library/src/main/java/com/bumptech/glide/manager/SingletonConnectivityReceiver.java:194}","{Method onReceive(Context, Intent) at library/src/main/java/com/bumptech/glide/manager/SingletonConnectivityReceiver.java:32}","11","25"
"66c46f6e160b45031fa58ee51d52025b92e4ba1c","INLINE","{Method setNetworkPermissionGranted(boolean) at library/test/src/test/java/com/bumptech/glide/manager/DefaultConnectivityMonitorTest.java:261}","{Method register_withMissingPermission_doesNotThrow() at library/test/src/test/java/com/bumptech/glide/manager/DefaultConnectivityMonitorTest.java:131}","3","5"
"66c46f6e160b45031fa58ee51d52025b92e4ba1c","INTERNAL_MOVE_RENAME","{Method getRegisteredReceivers() at library/test/src/test/java/com/bumptech/glide/manager/DefaultConnectivityMonitorTest.java:266}","{Method getConnectivityReceivers() at library/test/src/test/java/com/bumptech/glide/manager/DefaultConnectivityMonitorTest.java:164}","6","5"
"66c46f6e160b45031fa58ee51d52025b92e4ba1c","INLINE","{Method setNetworkPermissionGranted(boolean) at library/test/src/test/java/com/bumptech/glide/manager/DefaultConnectivityMonitorTest.java:261}","{Method onReceive_withMissingPermission_doesNotThrow() at library/test/src/test/java/com/bumptech/glide/manager/DefaultConnectivityMonitorTest.java:138}","3","5"
"66c46f6e160b45031fa58ee51d52025b92e4ba1c","INTERNAL_MOVE","{Method isConnected() at library/src/main/java/com/bumptech/glide/manager/SingletonConnectivityReceiver.java:243}","{Method isConnected(Context) at library/src/main/java/com/bumptech/glide/manager/SingletonConnectivityReceiver.java:137}","16","19"
"66c46f6e160b45031fa58ee51d52025b92e4ba1c","INLINE","{Method broadcast() at library/test/src/test/java/com/bumptech/glide/manager/DefaultConnectivityMonitorTest.java:255}","{Method broadcast() at library/test/src/test/java/com/bumptech/glide/manager/DefaultConnectivityMonitorTest.java:191}","4","4"
"66c46f6e160b45031fa58ee51d52025b92e4ba1c","INLINE","{Method disconnect() at library/test/src/test/java/com/bumptech/glide/manager/DefaultConnectivityMonitorTest.java:243}","{Method disconnect() at library/test/src/test/java/com/bumptech/glide/manager/DefaultConnectivityMonitorTest.java:181}","3","3"
"66c46f6e160b45031fa58ee51d52025b92e4ba1c","INLINE","{Method setNetworkPermissionGranted(boolean) at library/test/src/test/java/com/bumptech/glide/manager/DefaultConnectivityMonitorTest.java:261}","{Method onReceive_withMissingPermission_previouslyDisconnected_notifiesListenersConnected() at library/test/src/test/java/com/bumptech/glide/manager/DefaultConnectivityMonitorTest.java:145}","3","8"
"66c46f6e160b45031fa58ee51d52025b92e4ba1c","INLINE","{Method register() at library/src/main/java/com/bumptech/glide/manager/SingletonConnectivityReceiver.java:217}","{Method maybeRegisterReceiver() at library/src/main/java/com/bumptech/glide/manager/SingletonConnectivityReceiver.java:105}","16","17"
"66c46f6e160b45031fa58ee51d52025b92e4ba1c","INLINE","{Method unregister() at library/src/main/java/com/bumptech/glide/manager/SingletonConnectivityReceiver.java:235}","{Method maybeUnregisterReceiver() at library/src/main/java/com/bumptech/glide/manager/SingletonConnectivityReceiver.java:124}","3","8"
"66c46f6e160b45031fa58ee51d52025b92e4ba1c","INLINE","{Method setNetworkPermissionGranted(boolean) at library/test/src/test/java/com/bumptech/glide/manager/DefaultConnectivityMonitorTest.java:221}","{Method register_withMissingPermission_doesNotThrow() at library/test/src/test/java/com/bumptech/glide/manager/DefaultConnectivityMonitorTest.java:131}","3","5"
"66c46f6e160b45031fa58ee51d52025b92e4ba1c","INLINE","{Method onConnectivityChanged(boolean) at library/src/main/java/com/bumptech/glide/manager/SingletonConnectivityReceiver.java:70}","{Method onReceive(Context, Intent) at library/src/main/java/com/bumptech/glide/manager/SingletonConnectivityReceiver.java:32}","9","25"
"66c46f6e160b45031fa58ee51d52025b92e4ba1c","INLINE","{Method register() at library/src/main/java/com/bumptech/glide/manager/SingletonConnectivityReceiver.java:165}","{Method maybeRegisterReceiver() at library/src/main/java/com/bumptech/glide/manager/SingletonConnectivityReceiver.java:105}","12","17"
"66c46f6e160b45031fa58ee51d52025b92e4ba1c","INLINE","{Method setNetworkPermissionGranted(boolean) at library/test/src/test/java/com/bumptech/glide/manager/DefaultConnectivityMonitorTest.java:221}","{Method onReceive_withMissingPermission_doesNotThrow() at library/test/src/test/java/com/bumptech/glide/manager/DefaultConnectivityMonitorTest.java:138}","3","5"
"66c46f6e160b45031fa58ee51d52025b92e4ba1c","INLINE","{Method setNetworkPermissionGranted(boolean) at library/test/src/test/java/com/bumptech/glide/manager/DefaultConnectivityMonitorTest.java:261}","{Method onReceive_withMissingPermission_previouslyConnected_doesNotNotifyListeners() at library/test/src/test/java/com/bumptech/glide/manager/DefaultConnectivityMonitorTest.java:155}","3","8"
"66c46f6e160b45031fa58ee51d52025b92e4ba1c","INLINE","{Method connect() at library/test/src/test/java/com/bumptech/glide/manager/DefaultConnectivityMonitorTest.java:248}","{Method connect() at library/test/src/test/java/com/bumptech/glide/manager/DefaultConnectivityMonitorTest.java:185}","5","5"
"66c46f6e160b45031fa58ee51d52025b92e4ba1c","INLINE","{Method get() at library/src/main/java/com/bumptech/glide/manager/SingletonConnectivityReceiver.java:63}","{Method isConnected(Context) at library/src/main/java/com/bumptech/glide/manager/SingletonConnectivityReceiver.java:137}","3","19"
"66c46f6e160b45031fa58ee51d52025b92e4ba1c","INLINE","{Method setNetworkPermissionGranted(boolean) at library/test/src/test/java/com/bumptech/glide/manager/DefaultConnectivityMonitorTest.java:221}","{Method onReceive_withMissingPermission_previouslyDisconnected_notifiesListenersConnected() at library/test/src/test/java/com/bumptech/glide/manager/DefaultConnectivityMonitorTest.java:145}","3","8"
"66c46f6e160b45031fa58ee51d52025b92e4ba1c","INLINE","{Method setNetworkPermissionGranted(boolean) at library/test/src/test/java/com/bumptech/glide/manager/DefaultConnectivityMonitorTest.java:221}","{Method onReceive_withMissingPermission_previouslyConnected_doesNotNotifyListeners() at library/test/src/test/java/com/bumptech/glide/manager/DefaultConnectivityMonitorTest.java:155}","3","8"
"66c46f6e160b45031fa58ee51d52025b92e4ba1c","INLINE","{Method connect() at library/test/src/test/java/com/bumptech/glide/manager/DefaultConnectivityMonitorTest.java:200}","{Method connect() at library/test/src/test/java/com/bumptech/glide/manager/DefaultConnectivityMonitorTest.java:185}","3","5"
"05f35ccd2eb059a7c89c8cc1d134e2529a1f3295","INTERNAL_MOVE","{Method isConnected(Context) at library/src/main/java/com/bumptech/glide/manager/SingletonConnectivityReceiver.java:137}","{Method isConnected() at library/src/main/java/com/bumptech/glide/manager/SingletonConnectivityReceiver.java:243}","19","16"
"05f35ccd2eb059a7c89c8cc1d134e2529a1f3295","EXTRACT_MOVE","{Method onReceive(Context, Intent) at library/src/main/java/com/bumptech/glide/manager/SingletonConnectivityReceiver.java:32}","{Method onConnectivityChanged(boolean) at library/src/main/java/com/bumptech/glide/manager/SingletonConnectivityReceiver.java:70}","25","9"
"05f35ccd2eb059a7c89c8cc1d134e2529a1f3295","EXTRACT_MOVE","{Method isConnected(Context) at library/src/main/java/com/bumptech/glide/manager/SingletonConnectivityReceiver.java:137}","{Method get() at library/src/main/java/com/bumptech/glide/manager/SingletonConnectivityReceiver.java:63}","19","3"
"05f35ccd2eb059a7c89c8cc1d134e2529a1f3295","EXTRACT_MOVE","{Method onReceive_withMissingPermission_previouslyConnected_doesNotNotifyListeners() at library/test/src/test/java/com/bumptech/glide/manager/DefaultConnectivityMonitorTest.java:155}","{Method setNetworkPermissionGranted(boolean) at library/test/src/test/java/com/bumptech/glide/manager/DefaultConnectivityMonitorTest.java:261}","8","3"
"05f35ccd2eb059a7c89c8cc1d134e2529a1f3295","EXTRACT_MOVE","{Method onReceive_withMissingPermission_previouslyConnected_doesNotNotifyListeners() at library/test/src/test/java/com/bumptech/glide/manager/DefaultConnectivityMonitorTest.java:155}","{Method setNetworkPermissionGranted(boolean) at library/test/src/test/java/com/bumptech/glide/manager/DefaultConnectivityMonitorTest.java:221}","8","3"
"05f35ccd2eb059a7c89c8cc1d134e2529a1f3295","EXTRACT_MOVE","{Method maybeUnregisterReceiver() at library/src/main/java/com/bumptech/glide/manager/SingletonConnectivityReceiver.java:124}","{Method unregister() at library/src/main/java/com/bumptech/glide/manager/SingletonConnectivityReceiver.java:235}","8","3"
"05f35ccd2eb059a7c89c8cc1d134e2529a1f3295","EXTRACT_MOVE","{Method onReceive_withMissingPermission_previouslyDisconnected_notifiesListenersConnected() at library/test/src/test/java/com/bumptech/glide/manager/DefaultConnectivityMonitorTest.java:145}","{Method setNetworkPermissionGranted(boolean) at library/test/src/test/java/com/bumptech/glide/manager/DefaultConnectivityMonitorTest.java:221}","8","3"
"05f35ccd2eb059a7c89c8cc1d134e2529a1f3295","EXTRACT_MOVE","{Method onReceive_withMissingPermission_previouslyDisconnected_notifiesListenersConnected() at library/test/src/test/java/com/bumptech/glide/manager/DefaultConnectivityMonitorTest.java:145}","{Method setNetworkPermissionGranted(boolean) at library/test/src/test/java/com/bumptech/glide/manager/DefaultConnectivityMonitorTest.java:261}","8","3"
"05f35ccd2eb059a7c89c8cc1d134e2529a1f3295","EXTRACT_MOVE","{Method register_withMissingPermission_doesNotThrow() at library/test/src/test/java/com/bumptech/glide/manager/DefaultConnectivityMonitorTest.java:131}","{Method setNetworkPermissionGranted(boolean) at library/test/src/test/java/com/bumptech/glide/manager/DefaultConnectivityMonitorTest.java:261}","5","3"
"05f35ccd2eb059a7c89c8cc1d134e2529a1f3295","EXTRACT_MOVE","{Method maybeRegisterReceiver() at library/src/main/java/com/bumptech/glide/manager/SingletonConnectivityReceiver.java:105}","{Method register() at library/src/main/java/com/bumptech/glide/manager/SingletonConnectivityReceiver.java:217}","17","16"
"05f35ccd2eb059a7c89c8cc1d134e2529a1f3295","INTERNAL_MOVE","{Method onReceive(Context, Intent) at library/src/main/java/com/bumptech/glide/manager/SingletonConnectivityReceiver.java:32}","{Method onReceive(Context, Intent) at library/src/main/java/com/bumptech/glide/manager/SingletonConnectivityReceiver.java:194}","25","11"
"05f35ccd2eb059a7c89c8cc1d134e2529a1f3295","EXTRACT_MOVE","{Method maybeRegisterReceiver() at library/src/main/java/com/bumptech/glide/manager/SingletonConnectivityReceiver.java:105}","{Method register() at library/src/main/java/com/bumptech/glide/manager/SingletonConnectivityReceiver.java:165}","17","12"
"05f35ccd2eb059a7c89c8cc1d134e2529a1f3295","EXTRACT_MOVE","{Method connect() at library/test/src/test/java/com/bumptech/glide/manager/DefaultConnectivityMonitorTest.java:185}","{Method connect() at library/test/src/test/java/com/bumptech/glide/manager/DefaultConnectivityMonitorTest.java:248}","5","5"
"05f35ccd2eb059a7c89c8cc1d134e2529a1f3295","EXTRACT_MOVE","{Method disconnect() at library/test/src/test/java/com/bumptech/glide/manager/DefaultConnectivityMonitorTest.java:181}","{Method disconnect() at library/test/src/test/java/com/bumptech/glide/manager/DefaultConnectivityMonitorTest.java:243}","3","3"
"05f35ccd2eb059a7c89c8cc1d134e2529a1f3295","EXTRACT_MOVE","{Method register_withMissingPermission_doesNotThrow() at library/test/src/test/java/com/bumptech/glide/manager/DefaultConnectivityMonitorTest.java:131}","{Method setNetworkPermissionGranted(boolean) at library/test/src/test/java/com/bumptech/glide/manager/DefaultConnectivityMonitorTest.java:221}","5","3"
"05f35ccd2eb059a7c89c8cc1d134e2529a1f3295","EXTRACT_MOVE","{Method broadcast() at library/test/src/test/java/com/bumptech/glide/manager/DefaultConnectivityMonitorTest.java:191}","{Method broadcast() at library/test/src/test/java/com/bumptech/glide/manager/DefaultConnectivityMonitorTest.java:255}","4","4"
"05f35ccd2eb059a7c89c8cc1d134e2529a1f3295","EXTRACT_MOVE","{Method connect() at library/test/src/test/java/com/bumptech/glide/manager/DefaultConnectivityMonitorTest.java:185}","{Method connect() at library/test/src/test/java/com/bumptech/glide/manager/DefaultConnectivityMonitorTest.java:200}","5","3"
"05f35ccd2eb059a7c89c8cc1d134e2529a1f3295","EXTRACT_MOVE","{Method onReceive_withMissingPermission_doesNotThrow() at library/test/src/test/java/com/bumptech/glide/manager/DefaultConnectivityMonitorTest.java:138}","{Method setNetworkPermissionGranted(boolean) at library/test/src/test/java/com/bumptech/glide/manager/DefaultConnectivityMonitorTest.java:261}","5","3"
"05f35ccd2eb059a7c89c8cc1d134e2529a1f3295","INTERNAL_MOVE_RENAME","{Method getConnectivityReceivers() at library/test/src/test/java/com/bumptech/glide/manager/DefaultConnectivityMonitorTest.java:164}","{Method getRegisteredReceivers() at library/test/src/test/java/com/bumptech/glide/manager/DefaultConnectivityMonitorTest.java:266}","5","6"
"05f35ccd2eb059a7c89c8cc1d134e2529a1f3295","EXTRACT_MOVE","{Method onReceive_withMissingPermission_doesNotThrow() at library/test/src/test/java/com/bumptech/glide/manager/DefaultConnectivityMonitorTest.java:138}","{Method setNetworkPermissionGranted(boolean) at library/test/src/test/java/com/bumptech/glide/manager/DefaultConnectivityMonitorTest.java:221}","5","3"
"ef16e1cac4eeb8c8b78afdea5ee13ed5400859ee"
"dbdae568a37e9aabdab4ceb0ab9c7294de53861d","MOVE","{Method onReceive(Context, Intent) at library/src/main/java/com/bumptech/glide/manager/DefaultConnectivityMonitor.java:33}","{Method onReceive(Context, Intent) at library/src/main/java/com/bumptech/glide/manager/SingletonConnectivityReceiver.java:32}","11","25"
"dbdae568a37e9aabdab4ceb0ab9c7294de53861d","MOVE","{Method isConnected(Context) at library/src/main/java/com/bumptech/glide/manager/DefaultConnectivityMonitor.java:84}","{Method isConnected(Context) at library/src/main/java/com/bumptech/glide/manager/SingletonConnectivityReceiver.java:137}","19","19"
"b21dde771d39e62604fc1bdaee9d35ee82d517dd","EXTRACT_MOVE","{Method newThread(Runnable) at library/src/main/java/com/bumptech/glide/load/engine/executor/GlideExecutor.java:381}","{Method run() at library/src/main/java/com/bumptech/glide/load/engine/executor/GlideExecutor.java:369}","18","5"
"b21dde771d39e62604fc1bdaee9d35ee82d517dd","EXTRACT_MOVE","{Method newThread(Runnable) at library/src/main/java/com/bumptech/glide/load/engine/executor/GlideExecutor.java:381}","{Method newThread(Runnable) at library/src/main/java/com/bumptech/glide/load/engine/executor/GlideExecutor.java:366}","18","10"
"b21dde771d39e62604fc1bdaee9d35ee82d517dd","CHANGE_SIGNATURE","{Method new(String, UncaughtThrowableStrategy, boolean) at library/src/main/java/com/bumptech/glide/load/engine/executor/GlideExecutor.java:374}","{Method new(ThreadFactory, String, UncaughtThrowableStrategy, boolean) at library/src/main/java/com/bumptech/glide/load/engine/executor/GlideExecutor.java:394}","5","6"
"b21dde771d39e62604fc1bdaee9d35ee82d517dd","EXTRACT_MOVE","{Method run() at library/src/main/java/com/bumptech/glide/load/engine/executor/GlideExecutor.java:384}","{Method run() at library/src/main/java/com/bumptech/glide/load/engine/executor/GlideExecutor.java:369}","13","5"
"02fed10b715785d24693ccd30fced378fb6dcaa9"
"aa23eedb79196c29c61b366d8c9b93c34564fe09"
"c0dc37e4dc9325e26f2bb113713f0785433454b7"
"e7fe3e35c0b66cba3531477adaee0bc4b51c6988"
"9dc1f608540039c29931c22e7c7512caa842fe90"
"a8c24c63c195306f82e36775d9f08f23c72c700e"
"2d57f6967a32784d2878f91cffc97792fbef0323"
"0e6912a910e083a1cc0360712ca18eaed4d12d42"
"621da63582b42bc0167e6bc0da75156b4884796d"
"e6464721cef2c4b1c3e26f30c9a01c0e13e22f97","EXTRACT","{Method mock(ModelT, DataT) at testutil/src/main/java/com/bumptech/glide/testutil/MockModelLoader.java:21}","{Method mockAsync(ModelT, Class, ListenableFuture) at testutil/src/main/java/com/bumptech/glide/testutil/MockModelLoader.java:33}","22","22"
"e6464721cef2c4b1c3e26f30c9a01c0e13e22f97","INTERNAL_MOVE","{Method build(MultiModelLoaderFactory) at testutil/src/main/java/com/bumptech/glide/testutil/MockModelLoader.java:33}","{Method build(MultiModelLoaderFactory) at testutil/src/main/java/com/bumptech/glide/testutil/MockModelLoader.java:45}","3","3"
"e6464721cef2c4b1c3e26f30c9a01c0e13e22f97","INTERNAL_MOVE","{Method teardown() at testutil/src/main/java/com/bumptech/glide/testutil/MockModelLoader.java:38}","{Method teardown() at testutil/src/main/java/com/bumptech/glide/testutil/MockModelLoader.java:50}","3","3"
"4733d1d3309e0f9af1e751f266c5fb0f9fd3a9ce"
"a7b254c42888db691b7339b2165abcd462473fcf"
"755c39fb1ff49895ada9f13d808fa46153112980"
"0ac564fd27c5f382f7f180d327d87d889fc7ceb5"
"ce8b5e31d7c8ee8e98725142b9c22c478f78cefd"
"80922f1da10d8426e4f718696291712a7b8dc61c","INLINE","{Method anyDrawable() at instrumentation/src/androidTest/java/com/bumptech/glide/test/Matchers.java:33}","{Method loadFromRequestBuilder_asDrawable_withBitmap_doesNotLoadFromDiskCache() at instrumentation/src/androidTest/java/com/bumptech/glide/LoadDrawableTest.java:133}","3","34"
"80922f1da10d8426e4f718696291712a7b8dc61c","INLINE","{Method anyDrawable() at instrumentation/src/androidTest/java/com/bumptech/glide/test/Matchers.java:33}","{Method loadFromRequestBuilder_withSameByteArrayAndMissingFromMemory_returnsFromLocal() at instrumentation/src/androidTest/java/com/bumptech/glide/LoadBytesTest.java:373}","3","25"
"80922f1da10d8426e4f718696291712a7b8dc61c","INLINE","{Method anyDrawable() at instrumentation/src/androidTest/java/com/bumptech/glide/test/Matchers.java:33}","{Method clear_withRequestWithOnlyFullInProgress_doesNotNullOutDrawableInView() at instrumentation/src/androidTest/java/com/bumptech/glide/RequestTest.java:200}","3","38"
"80922f1da10d8426e4f718696291712a7b8dc61c","MOVE","{Class BitmapSubject at instrumentation/src/androidTest/java/com/bumptech/glide/test/BitmapSubject.java:20}","{Class BitmapSubject at testutil/src/main/java/com/bumptech/glide/testutil/BitmapSubject.java:19}","103","102"
"80922f1da10d8426e4f718696291712a7b8dc61c","INLINE","{Method anyDrawable() at instrumentation/src/androidTest/java/com/bumptech/glide/test/Matchers.java:33}","{Method requestManager_intoImageView_withSameByteArrayAndMemoryCacheEnabled_loadsFromMemory() at instrumentation/src/androidTest/java/com/bumptech/glide/LoadBytesTest.java:135}","3","22"
"80922f1da10d8426e4f718696291712a7b8dc61c","INLINE","{Method anyDrawable() at instrumentation/src/androidTest/java/com/bumptech/glide/test/Matchers.java:33}","{Method loadFromRequestBuilder_withSameByteArray_validDiskCacheStrategy_returnsFromDiskCache() at instrumentation/src/androidTest/java/com/bumptech/glide/LoadBytesTest.java:223}","3","35"
"80922f1da10d8426e4f718696291712a7b8dc61c","MOVE","{Class StreamOpener at benchmark/src/androidTest/java/com/bumptech/glide/load/resource/bitmap/BenchmarkDownsampler.java:97}","{Class StreamOpener at benchmark/src/androidTest/java/com/bumptech/glide/benchmark/data/DataOpener.java:20}","14","12"
"80922f1da10d8426e4f718696291712a7b8dc61c","MOVE","{Class FileOpener at benchmark/src/androidTest/java/com/bumptech/glide/load/resource/bitmap/BenchmarkDownsampler.java:156}","{Class FileOpener at benchmark/src/androidTest/java/com/bumptech/glide/benchmark/data/DataOpener.java:76}","19","19"
"80922f1da10d8426e4f718696291712a7b8dc61c","INLINE","{Method anyDrawable() at instrumentation/src/androidTest/java/com/bumptech/glide/test/Matchers.java:33}","{Method loadFromBuilder_withDiskCacheStrategySetBeforeLoad_doesNotOverrideDiskCacheStrategy() at instrumentation/src/androidTest/java/com/bumptech/glide/LoadBytesTest.java:401}","3","33"
"80922f1da10d8426e4f718696291712a7b8dc61c","INLINE","{Method anyDrawable() at instrumentation/src/androidTest/java/com/bumptech/glide/test/Matchers.java:33}","{Method load_whenLoadSucceeds_butEncoderFails_doesNotCallOnLoadFailed() at instrumentation/src/androidTest/java/com/bumptech/glide/ErrorHandlingTest.java:87}","3","27"
"80922f1da10d8426e4f718696291712a7b8dc61c","INLINE","{Method anyDrawable() at instrumentation/src/androidTest/java/com/bumptech/glide/test/Matchers.java:33}","{Method submit_withPreviousRequestClearedFromMemory_completesFromDataDiskCache() at instrumentation/src/androidTest/java/com/bumptech/glide/CachingTest.java:153}","3","37"
"80922f1da10d8426e4f718696291712a7b8dc61c","INLINE","{Method anyDrawable() at instrumentation/src/androidTest/java/com/bumptech/glide/test/Matchers.java:33}","{Method loadIntoView_withSkipMemoryCache_doesNotLoadFromMemoryCacheIfPresent() at instrumentation/src/androidTest/java/com/bumptech/glide/CachingTest.java:458}","3","37"
"80922f1da10d8426e4f718696291712a7b8dc61c","MOVE","{Class ByteArrayOpener at benchmark/src/androidTest/java/com/bumptech/glide/load/resource/bitmap/BenchmarkDownsampler.java:176}","{Class ByteArrayOpener at benchmark/src/androidTest/java/com/bumptech/glide/benchmark/data/DataOpener.java:96}","28","28"
"80922f1da10d8426e4f718696291712a7b8dc61c","MOVE","{Class InputStreamOverByteArrayBufferOpener at benchmark/src/androidTest/java/com/bumptech/glide/load/resource/bitmap/BenchmarkDownsampler.java:136}","{Class InputStreamOverByteArrayBufferOpener at benchmark/src/androidTest/java/com/bumptech/glide/benchmark/data/DataOpener.java:56}","19","19"
"80922f1da10d8426e4f718696291712a7b8dc61c","INLINE","{Method anyDrawable() at instrumentation/src/androidTest/java/com/bumptech/glide/test/Matchers.java:33}","{Method loadFromRequestBuilder_asDrawable_withBitmap_doesNotLoadFromDiskCache() at instrumentation/src/androidTest/java/com/bumptech/glide/LoadBitmapTest.java:197}","3","37"
"80922f1da10d8426e4f718696291712a7b8dc61c","INLINE","{Method anyDrawable() at instrumentation/src/androidTest/java/com/bumptech/glide/test/Matchers.java:33}","{Method submit_withPreviousButNoLongerReferencedIdenticalRequest_completesFromMemoryCache() at instrumentation/src/androidTest/java/com/bumptech/glide/CachingTest.java:192}","3","29"
"80922f1da10d8426e4f718696291712a7b8dc61c","EXTRACT","{Method apply(Statement, Description) at instrumentation/src/androidTest/java/com/bumptech/glide/test/TearDownGlide.java:15}","{Method tearDownGlide() at testutil/src/main/java/com/bumptech/glide/testutil/TearDownGlide.java:28}","25","23"
"80922f1da10d8426e4f718696291712a7b8dc61c","INLINE","{Method anyBitmap() at instrumentation/src/androidTest/java/com/bumptech/glide/test/Matchers.java:29}","{Method loadFromRequestBuilder_asBitmap_withBitmapAndStrategyBeforeLoad_notFromCache() at instrumentation/src/androidTest/java/com/bumptech/glide/LoadBitmapTest.java:320}","3","44"
"80922f1da10d8426e4f718696291712a7b8dc61c","CHANGE_SIGNATURE","{Method acquire() at benchmark/src/androidTest/java/com/bumptech/glide/load/resource/bitmap/BenchmarkDownsampler.java:232}","{Method acquire(int) at benchmark/src/androidTest/java/com/bumptech/glide/benchmark/data/DataOpener.java:151}","4","4"
"80922f1da10d8426e4f718696291712a7b8dc61c","INLINE","{Method anyBitmap() at instrumentation/src/androidTest/java/com/bumptech/glide/test/Matchers.java:29}","{Method loadFromRequestBuilder_asBitmap_withBitmap_doesNotLoadFromDiskCache() at instrumentation/src/androidTest/java/com/bumptech/glide/LoadBitmapTest.java:280}","3","38"
"80922f1da10d8426e4f718696291712a7b8dc61c","MOVE","{Class MockModelLoader at instrumentation/src/androidTest/java/com/bumptech/glide/test/MockModelLoader.java:16}","{Class MockModelLoader at testutil/src/main/java/com/bumptech/glide/testutil/MockModelLoader.java:16}","82","82"
"80922f1da10d8426e4f718696291712a7b8dc61c","INLINE","{Method anyDrawable() at instrumentation/src/androidTest/java/com/bumptech/glide/test/Matchers.java:33}","{Method loadFromRequestBuilder_asDrawable_withBitmapAndStrategyBeforeLoad_notFromCache() at instrumentation/src/androidTest/java/com/bumptech/glide/LoadBitmapTest.java:236}","3","42"
"80922f1da10d8426e4f718696291712a7b8dc61c","INLINE","{Method anyDrawable() at instrumentation/src/androidTest/java/com/bumptech/glide/test/Matchers.java:33}","{Method loadFromBuilder_withSkipMemoryCacheSetBeforeLoad_doesNotOverrideSkipMemoryCache() at instrumentation/src/androidTest/java/com/bumptech/glide/LoadBytesTest.java:437}","3","29"
"80922f1da10d8426e4f718696291712a7b8dc61c","INLINE","{Method anyDrawable() at instrumentation/src/androidTest/java/com/bumptech/glide/test/Matchers.java:33}","{Method loadFromRequestManager_withSameByteArray_memoryCacheEnabled_returnsFromCache() at instrumentation/src/androidTest/java/com/bumptech/glide/LoadBytesTest.java:261}","3","21"
"80922f1da10d8426e4f718696291712a7b8dc61c","CHANGE_SIGNATURE","{Method acquire() at benchmark/src/androidTest/java/com/bumptech/glide/load/resource/bitmap/BenchmarkDownsampler.java:115}","{Method acquire(int) at benchmark/src/androidTest/java/com/bumptech/glide/benchmark/data/DataOpener.java:36}","15","15"
"80922f1da10d8426e4f718696291712a7b8dc61c","CHANGE_SIGNATURE","{Method acquire() at benchmark/src/androidTest/java/com/bumptech/glide/load/resource/bitmap/BenchmarkDownsampler.java:142}","{Method acquire(int) at benchmark/src/androidTest/java/com/bumptech/glide/benchmark/data/DataOpener.java:62}","4","4"
"80922f1da10d8426e4f718696291712a7b8dc61c","MOVE","{Class TearDownGlide at instrumentation/src/androidTest/java/com/bumptech/glide/test/TearDownGlide.java:12}","{Class TearDownGlide at testutil/src/main/java/com/bumptech/glide/testutil/TearDownGlide.java:12}","29","40"
"80922f1da10d8426e4f718696291712a7b8dc61c","INLINE","{Method anyDrawable() at instrumentation/src/androidTest/java/com/bumptech/glide/test/Matchers.java:33}","{Method requestBuilder_intoImageView_withSameByteArrayAndMemoryCacheEnabled_loadsFromMemory() at instrumentation/src/androidTest/java/com/bumptech/glide/LoadBytesTest.java:160}","3","24"
"80922f1da10d8426e4f718696291712a7b8dc61c","MOVE","{Class ConcurrencyHelper at instrumentation/src/androidTest/java/com/bumptech/glide/test/ConcurrencyHelper.java:31}","{Class ConcurrencyHelper at testutil/src/main/java/com/bumptech/glide/testutil/ConcurrencyHelper.java:31}","317","317"
"80922f1da10d8426e4f718696291712a7b8dc61c","INLINE","{Method anyDrawable() at instrumentation/src/androidTest/java/com/bumptech/glide/test/Matchers.java:33}","{Method loadFromRequestManager_withSameByteArray_validDiskCacheStrategy_returnsFromDiskCache() at instrumentation/src/androidTest/java/com/bumptech/glide/LoadBytesTest.java:187}","3","33"
"80922f1da10d8426e4f718696291712a7b8dc61c","CHANGE_SIGNATURE","{Method acquire() at benchmark/src/androidTest/java/com/bumptech/glide/load/resource/bitmap/BenchmarkDownsampler.java:179}","{Method acquire(int) at benchmark/src/androidTest/java/com/bumptech/glide/benchmark/data/DataOpener.java:99}","21","21"
"80922f1da10d8426e4f718696291712a7b8dc61c","MOVE","{Class ParcelFileDescriptorOpener at benchmark/src/androidTest/java/com/bumptech/glide/load/resource/bitmap/BenchmarkDownsampler.java:206}","{Class ParcelFileDescriptorOpener at benchmark/src/androidTest/java/com/bumptech/glide/benchmark/data/DataOpener.java:125}","19","19"
"80922f1da10d8426e4f718696291712a7b8dc61c","EXTRACT_MOVE","{Method evaluate() at instrumentation/src/androidTest/java/com/bumptech/glide/test/TearDownGlide.java:18}","{Method tearDownGlide() at testutil/src/main/java/com/bumptech/glide/testutil/TearDownGlide.java:28}","20","23"
"80922f1da10d8426e4f718696291712a7b8dc61c","MOVE","{Class ByteArrayBufferOpener at benchmark/src/androidTest/java/com/bumptech/glide/load/resource/bitmap/BenchmarkDownsampler.java:112}","{Class ByteArrayBufferOpener at benchmark/src/androidTest/java/com/bumptech/glide/benchmark/data/DataOpener.java:33}","22","22"
"80922f1da10d8426e4f718696291712a7b8dc61c","INLINE","{Method anyDrawable() at instrumentation/src/androidTest/java/com/bumptech/glide/test/Matchers.java:33}","{Method onStop_withRequestWithOnlyThumbnailInProgress_doesNotNullOutDrawableInView() at instrumentation/src/androidTest/java/com/bumptech/glide/RequestTest.java:240}","3","42"
"80922f1da10d8426e4f718696291712a7b8dc61c","INLINE","{Method anyDrawable() at instrumentation/src/androidTest/java/com/bumptech/glide/test/Matchers.java:33}","{Method clear_withRequestWithOnlyFullInProgress_nullsOutDrawableInView() at instrumentation/src/androidTest/java/com/bumptech/glide/RequestTest.java:160}","3","38"
"80922f1da10d8426e4f718696291712a7b8dc61c","INLINE","{Method anyDrawable() at instrumentation/src/androidTest/java/com/bumptech/glide/test/Matchers.java:33}","{Method loadFromRequestManager_withSameByteArrayAndMissingFromMemory_returnsFromLocal() at instrumentation/src/androidTest/java/com/bumptech/glide/LoadBytesTest.java:347}","3","23"
"80922f1da10d8426e4f718696291712a7b8dc61c","INLINE","{Method anyDrawable() at instrumentation/src/androidTest/java/com/bumptech/glide/test/Matchers.java:33}","{Method loadFromRequestManager_withSameByteArray_returnsFromLocal() at instrumentation/src/androidTest/java/com/bumptech/glide/LoadBytesTest.java:310}","3","15"
"80922f1da10d8426e4f718696291712a7b8dc61c","MOVE","{Class MemoryMappedByteBufferOpener at benchmark/src/androidTest/java/com/bumptech/glide/load/resource/bitmap/BenchmarkDownsampler.java:226}","{Class MemoryMappedByteBufferOpener at benchmark/src/androidTest/java/com/bumptech/glide/benchmark/data/DataOpener.java:145}","18","18"
"80922f1da10d8426e4f718696291712a7b8dc61c","INLINE","{Method anyDrawable() at instrumentation/src/androidTest/java/com/bumptech/glide/test/Matchers.java:33}","{Method loadIntoView_withoutSkipMemoryCache_loadsFromMemoryCacheIfPresent() at instrumentation/src/androidTest/java/com/bumptech/glide/CachingTest.java:374}","3","39"
"80922f1da10d8426e4f718696291712a7b8dc61c","INLINE","{Method anyDrawable() at instrumentation/src/androidTest/java/com/bumptech/glide/test/Matchers.java:33}","{Method loadFromBuilder_withDataDiskCacheStrategy_returnsFromSource() at instrumentation/src/androidTest/java/com/bumptech/glide/LoadBytesTest.java:468}","3","27"
"80922f1da10d8426e4f718696291712a7b8dc61c","INTERNAL_MOVE","{Method run() at instrumentation/src/androidTest/java/com/bumptech/glide/test/TearDownGlide.java:26}","{Method run() at testutil/src/main/java/com/bumptech/glide/testutil/TearDownGlide.java:33}","8","8"
"80922f1da10d8426e4f718696291712a7b8dc61c","INLINE","{Method anyDrawable() at instrumentation/src/androidTest/java/com/bumptech/glide/test/Matchers.java:33}","{Method loadFromRequestBuilder_withSameByteArray_memoryCacheEnabled_returnsFromCache() at instrumentation/src/androidTest/java/com/bumptech/glide/LoadBytesTest.java:285}","3","23"
"80922f1da10d8426e4f718696291712a7b8dc61c","INLINE","{Method anyDrawable() at instrumentation/src/androidTest/java/com/bumptech/glide/test/Matchers.java:33}","{Method clearDiskCache_doesNotPreventFutureLoads() at instrumentation/src/androidTest/java/com/bumptech/glide/CachingTest.java:254}","3","53"
"80922f1da10d8426e4f718696291712a7b8dc61c","INLINE","{Method anyDrawable() at instrumentation/src/androidTest/java/com/bumptech/glide/test/Matchers.java:33}","{Method submit_withRequestClearedFromMemory_doesNotLoadFromMemory() at instrumentation/src/androidTest/java/com/bumptech/glide/CachingTest.java:97}","3","54"
"80922f1da10d8426e4f718696291712a7b8dc61c","INLINE","{Method anyDrawable() at instrumentation/src/androidTest/java/com/bumptech/glide/test/Matchers.java:33}","{Method submit_withDisabledMemoryCache_andResourceInActiveResources_loadsFromMemory() at instrumentation/src/androidTest/java/com/bumptech/glide/CachingTest.java:78}","3","17"
"80922f1da10d8426e4f718696291712a7b8dc61c","INLINE","{Method anyDrawable() at instrumentation/src/androidTest/java/com/bumptech/glide/test/Matchers.java:33}","{Method loadFromRequestBuilder_withSameByteArray_returnsFromLocal() at instrumentation/src/androidTest/java/com/bumptech/glide/LoadBytesTest.java:327}","3","17"
"80922f1da10d8426e4f718696291712a7b8dc61c","INLINE","{Method anyDrawable() at instrumentation/src/androidTest/java/com/bumptech/glide/test/Matchers.java:33}","{Method loadFromRequestManager_withBitmap_doesNotLoadFromDiskCache() at instrumentation/src/androidTest/java/com/bumptech/glide/LoadDrawableTest.java:98}","3","33"
"80922f1da10d8426e4f718696291712a7b8dc61c","CHANGE_SIGNATURE","{Method acquire() at benchmark/src/androidTest/java/com/bumptech/glide/load/resource/bitmap/BenchmarkDownsampler.java:212}","{Method acquire(int) at benchmark/src/androidTest/java/com/bumptech/glide/benchmark/data/DataOpener.java:131}","4","4"
"80922f1da10d8426e4f718696291712a7b8dc61c","INLINE","{Method anyDrawable() at instrumentation/src/androidTest/java/com/bumptech/glide/test/Matchers.java:33}","{Method loadIntoView_withSkipMemoryCacheFalse_loadsFromMemoryCacheIfPresent() at instrumentation/src/androidTest/java/com/bumptech/glide/CachingTest.java:415}","3","41"
"80922f1da10d8426e4f718696291712a7b8dc61c","CHANGE_SIGNATURE","{Method acquire() at benchmark/src/androidTest/java/com/bumptech/glide/load/resource/bitmap/BenchmarkDownsampler.java:159}","{Method acquire(int) at benchmark/src/androidTest/java/com/bumptech/glide/benchmark/data/DataOpener.java:79}","8","8"
"80922f1da10d8426e4f718696291712a7b8dc61c","INLINE","{Method anyDrawable() at instrumentation/src/androidTest/java/com/bumptech/glide/test/Matchers.java:33}","{Method loadFromRequestManager_withBitmap_doesNotLoadFromDiskCache() at instrumentation/src/androidTest/java/com/bumptech/glide/LoadBitmapTest.java:159}","3","36"
"80922f1da10d8426e4f718696291712a7b8dc61c","INLINE","{Method anyDrawable() at instrumentation/src/androidTest/java/com/bumptech/glide/test/Matchers.java:33}","{Method loadFromRequestBuilder_asDrawable_withBitmapAndStrategyBeforeLoad_notFromCache() at instrumentation/src/androidTest/java/com/bumptech/glide/LoadDrawableTest.java:169}","3","39"
"ce6852d372b2b6fe6d52fe039b7003b1891a8435"
"b52356253d088824fa3f05d645a8eb5297fb5c60"
"d2bb3e8a6a2296b20ecaeb7759c16ef15aacbb28"
"15d96483d36099a1d088cef4a5bccc234fc66ec4"
"87a77cea15a0eed253fabc57ff36a1f9b3556fff"
"042f6b57d511c9d1652d280f5d385d5fef071647","EXTRACT","{Method fromStream(InputStream) at library/src/main/java/com/bumptech/glide/util/ByteBufferUtil.java:135}","{Method rewind(ByteBuffer) at library/src/main/java/com/bumptech/glide/util/ByteBufferUtil.java:156}","20","3"
"042f6b57d511c9d1652d280f5d385d5fef071647","EXTRACT","{Method toBytes(ByteBuffer) at library/src/main/java/com/bumptech/glide/util/ByteBufferUtil.java:115}","{Method rewind(ByteBuffer) at library/src/main/java/com/bumptech/glide/util/ByteBufferUtil.java:156}","13","3"
"042f6b57d511c9d1652d280f5d385d5fef071647","EXTRACT","{Method toFile(ByteBuffer, File) at library/src/main/java/com/bumptech/glide/util/ByteBufferUtil.java:62}","{Method rewind(ByteBuffer) at library/src/main/java/com/bumptech/glide/util/ByteBufferUtil.java:156}","28","3"
"627d04af1ec5d81c23908c27e1a646806dce7b30"
"4ee9758ad37a0f87a7f2c9a2488ac380e667f36b"
"0d3204907f09c713e9dcf104e879b4dea8c2f5f6"
"7b27d5efc47d97b281d731f6e6304eb86b7d2a9b"
"0c0087b6cf6d870eeb63092cd50ebaf151dbc81d"
"9f813390646d2cdaecece8fd96fa7fd8b8605217"
"b0dc133d729fde0bc676e9e080c277b4a0bb3dce"
"743cb00c7b0a9bfef640df17e732b0d50d5db136"
"10b92e7b03aba9936cc29b681a71a9cd507742aa"
"5acc99f8fc7e772aeef8aa959ff2a9c203ab1aa6"
"8f770797ef3cd99f6a7eae99f7441f1cba266127"
"e2a467ddb71d76e9da84933a6bce65b30f86c494"
"8f31fe15bbf14248fba2de1ab5e9c4d09a4436f7"
"59ec98c505c17b3efa882522c3312022d1ca88da","EXTRACT_MOVE","{Method testCatchesExceptionOnReadBufferWithOffsetAndCount() at library/test/src/test/java/com/bumptech/glide/util/ExceptionCatchingInputStreamTest.java:125}","{Method getException() at library/src/main/java/com/bumptech/glide/util/ExceptionPassthroughInputStream.java:128}","8","3"
"59ec98c505c17b3efa882522c3312022d1ca88da","EXTRACT_MOVE","{Method testCatchesExceptionOnReadBuffer() at library/test/src/test/java/com/bumptech/glide/util/ExceptionCatchingInputStreamTest.java:115}","{Method run() at library/test/src/test/java/com/bumptech/glide/util/ExceptionPassthroughInputStreamTest.java:145}","8","3"
"59ec98c505c17b3efa882522c3312022d1ca88da","EXTRACT_MOVE","{Method reset() at library/src/main/java/com/bumptech/glide/util/ExceptionCatchingInputStream.java:97}","{Method reset() at library/src/main/java/com/bumptech/glide/util/ExceptionPassthroughInputStream.java:113}","3","3"
"59ec98c505c17b3efa882522c3312022d1ca88da","EXTRACT_MOVE","{Method testCallsResetOnWrapped() at library/test/src/test/java/com/bumptech/glide/util/ExceptionCatchingInputStreamTest.java:91}","{Method reset() at library/src/main/java/com/bumptech/glide/util/ExceptionPassthroughInputStream.java:113}","4","3"
"59ec98c505c17b3efa882522c3312022d1ca88da","EXTRACT_MOVE","{Method markSupported() at library/src/main/java/com/bumptech/glide/util/ExceptionCatchingInputStream.java:68}","{Method markSupported() at library/src/main/java/com/bumptech/glide/util/ExceptionPassthroughInputStream.java:78}","3","3"
"59ec98c505c17b3efa882522c3312022d1ca88da","EXTRACT_MOVE","{Method available() at library/src/main/java/com/bumptech/glide/util/ExceptionCatchingInputStream.java:53}","{Method available() at library/src/main/java/com/bumptech/glide/util/ExceptionPassthroughInputStream.java:63}","3","3"
"59ec98c505c17b3efa882522c3312022d1ca88da","EXTRACT_MOVE","{Method testResetsExceptionToNullOnRelease() at library/test/src/test/java/com/bumptech/glide/util/ExceptionCatchingInputStreamTest.java:151}","{Method getException() at library/src/main/java/com/bumptech/glide/util/ExceptionPassthroughInputStream.java:128}","7","3"
"59ec98c505c17b3efa882522c3312022d1ca88da","CHANGE_SIGNATURE","{Method new(RecyclableBufferedInputStream, ExceptionCatchingInputStream) at library/src/main/java/com/bumptech/glide/load/resource/bitmap/StreamBitmapDecoder.java:81}","{Method new(RecyclableBufferedInputStream, ExceptionPassthroughInputStream) at library/src/main/java/com/bumptech/glide/load/resource/bitmap/StreamBitmapDecoder.java:81}","4","4"
"59ec98c505c17b3efa882522c3312022d1ca88da","EXTRACT_MOVE","{Method close() at library/src/main/java/com/bumptech/glide/util/ExceptionCatchingInputStream.java:58}","{Method close() at library/src/main/java/com/bumptech/glide/util/ExceptionPassthroughInputStream.java:68}","3","3"
"59ec98c505c17b3efa882522c3312022d1ca88da","EXTRACT_MOVE","{Method testCatchesExceptionOnReadBuffer() at library/test/src/test/java/com/bumptech/glide/util/ExceptionCatchingInputStreamTest.java:115}","{Method read() at library/test/src/test/java/com/bumptech/glide/util/ExceptionPassthroughInputStreamTest.java:58}","8","3"
"59ec98c505c17b3efa882522c3312022d1ca88da","EXTRACT_MOVE","{Method testReturnsWrappedMarkSupported() at library/test/src/test/java/com/bumptech/glide/util/ExceptionCatchingInputStreamTest.java:62}","{Method markSupported() at library/src/main/java/com/bumptech/glide/util/ExceptionPassthroughInputStream.java:78}","4","3"
"59ec98c505c17b3efa882522c3312022d1ca88da","EXTRACT_MOVE","{Method testCatchesExceptionOnReadBuffer() at library/test/src/test/java/com/bumptech/glide/util/ExceptionCatchingInputStreamTest.java:115}","{Method getException() at library/src/main/java/com/bumptech/glide/util/ExceptionPassthroughInputStream.java:128}","8","3"
"59ec98c505c17b3efa882522c3312022d1ca88da","EXTRACT_MOVE","{Method testReturnsWrappedAvailable() at library/test/src/test/java/com/bumptech/glide/util/ExceptionCatchingInputStreamTest.java:43}","{Method available() at library/src/main/java/com/bumptech/glide/util/ExceptionPassthroughInputStream.java:63}","4","3"
"59ec98c505c17b3efa882522c3312022d1ca88da","EXTRACT_MOVE","{Method testCatchesExceptionOnReadBufferWithOffsetAndCount() at library/test/src/test/java/com/bumptech/glide/util/ExceptionCatchingInputStreamTest.java:125}","{Method run() at library/test/src/test/java/com/bumptech/glide/util/ExceptionPassthroughInputStreamTest.java:145}","8","3"
"59ec98c505c17b3efa882522c3312022d1ca88da","EXTRACT_MOVE","{Method testCatchesExceptionOnReadBufferWithOffsetAndCount() at library/test/src/test/java/com/bumptech/glide/util/ExceptionCatchingInputStreamTest.java:125}","{Method read() at library/test/src/test/java/com/bumptech/glide/util/ExceptionPassthroughInputStreamTest.java:58}","8","3"
"59ec98c505c17b3efa882522c3312022d1ca88da","EXTRACT_MOVE","{Method testCatchesExceptionOnSkip() at library/test/src/test/java/com/bumptech/glide/util/ExceptionCatchingInputStreamTest.java:135}","{Method getException() at library/src/main/java/com/bumptech/glide/util/ExceptionPassthroughInputStream.java:128}","8","3"
"59ec98c505c17b3efa882522c3312022d1ca88da","RENAME","{Class ExceptionCatchingInputStreamTest at library/test/src/test/java/com/bumptech/glide/util/ExceptionCatchingInputStreamTest.java:25}","{Class ExceptionPassthroughInputStreamTest at library/test/src/test/java/com/bumptech/glide/util/ExceptionPassthroughInputStreamTest.java:22}","149","199"
"2b61482baa90175e0efdf4ec90f06a5051e1b370"
"11530fd76903ea4c6b63d5b0697b42af6393476b","EXTRACT_MOVE","{Method autoClone() at library/src/main/java/com/bumptech/glide/request/BaseRequestOptions.java:1275}","{Method lock() at annotation/compiler/test/src/test/resources/GlideExtensionOptionsTest/OverrideExtendMultipleArguments/GlideRequest.java:448}","8","3"
"11530fd76903ea4c6b63d5b0697b42af6393476b","EXTRACT_MOVE","{Method autoClone() at library/src/main/java/com/bumptech/glide/request/BaseRequestOptions.java:1275}","{Method lock() at annotation/compiler/test/src/test/resources/GlideExtensionOptionsTest/StaticMethodName/GlideRequest.java:457}","8","3"
"11530fd76903ea4c6b63d5b0697b42af6393476b","EXTRACT_MOVE","{Method autoClone() at library/src/main/java/com/bumptech/glide/request/BaseRequestOptions.java:1275}","{Method lock() at annotation/compiler/test/src/test/resources/GlideExtensionOptionsTest/OverrideExtend/GlideRequest.java:448}","8","3"
"11530fd76903ea4c6b63d5b0697b42af6393476b","EXTRACT_MOVE","{Method autoClone() at library/src/main/java/com/bumptech/glide/request/BaseRequestOptions.java:1275}","{Method lock() at annotation/compiler/test/src/test/resources/EmptyAppGlideModuleTest/GlideRequest.java:457}","8","3"
"11530fd76903ea4c6b63d5b0697b42af6393476b","EXTRACT_MOVE","{Method autoClone() at library/src/main/java/com/bumptech/glide/request/BaseRequestOptions.java:1275}","{Method lock() at annotation/compiler/test/src/test/resources/GlideExtensionOptionsTest/OverrideReplace/GlideRequest.java:448}","8","3"
"11530fd76903ea4c6b63d5b0697b42af6393476b","EXTRACT_MOVE","{Method autoClone() at library/src/main/java/com/bumptech/glide/request/BaseRequestOptions.java:1275}","{Method lock() at annotation/compiler/test/src/test/resources/GlideExtensionWithOptionTest/GlideRequest.java:457}","8","3"
"11530fd76903ea4c6b63d5b0697b42af6393476b","EXTRACT_MOVE","{Method autoClone() at library/src/main/java/com/bumptech/glide/request/BaseRequestOptions.java:1275}","{Method lock() at annotation/compiler/test/src/test/resources/GlideExtensionOptionsTest/SkipStaticMethod/GlideRequest.java:457}","8","3"
"11530fd76903ea4c6b63d5b0697b42af6393476b","EXTRACT_MOVE","{Method autoClone() at library/src/main/java/com/bumptech/glide/request/BaseRequestOptions.java:1275}","{Method lock() at annotation/compiler/test/src/test/resources/GlideExtensionOptionsTest/MemoizeStaticMethod/GlideRequest.java:457}","8","3"
"332807aed4641967ef47cf3a1a61e57b0689aa17"
"e464e01e0511e96ce78d4049e4110b79da8f5876"
"e442557fc5ff640e9988c850bfe4d7be73c09b18"
"dbdb62c4cb1ee4c0448c64e10398435553351d1a"
"d1aacb5e116a94f70b7f5e4531ece93ab08a4cd4"
"b451065702ff452349f3f08deb2f937fb3a83ab5"
"410ab7e22a15662675b3cbf163ef6a56ead19848"
"cbe5877ddb24a32dccd475f25386f6ef6eed6b4c"
"f007af2d687b89a61cb5fdc6be1b10f21c97355b","CHANGE_SIGNATURE","{Method getSearchUrl(String) at samples/flickr/src/main/java/com/bumptech/glide/samples/flickr/api/Api.java:117}","{Method getSearchUrl(String, boolean) at samples/flickr/src/main/java/com/bumptech/glide/samples/flickr/api/Api.java:124}","3","7"
"e9e5a2e0948ef1a8152953fc3f4de58f979b23b2"
"ddb3934a3d1f43dd184b3b9534a8e621fabff713","RENAME","{Method setHardwareConfigIfAllowed_withShortEmptyOrNullModelNames_returnsTrue() at library/test/src/test/java/com/bumptech/glide/load/resource/bitmap/HardwareConfigStateTest.java:253}","{Method setHardwareConfigIfAllowed_withShortOrEmptyModelNames_returnsTrue() at library/test/src/test/java/com/bumptech/glide/load/resource/bitmap/HardwareConfigStateTest.java:253}","25","24"
"90a657b6591fb97fc47a8444ab778a348cef0fcb"
"7d7042c4f14d0f825f49183cd840ea22525bdf14"
"b0a7efecf54723506bcaac2d801e29845f04f229","CHANGE_SIGNATURE","{Method new(RequestManagerFactory) at library/src/main/java/com/bumptech/glide/manager/RequestManagerRetriever.java:78}","{Method new(RequestManagerFactory, GlideExperiments) at library/src/main/java/com/bumptech/glide/manager/RequestManagerRetriever.java:78}","4","6"
"b0a7efecf54723506bcaac2d801e29845f04f229","MOVE","{Method registerSelf(Activity) at library/src/main/java/com/bumptech/glide/manager/FirstFrameWaiterO.java:11}","{Method registerSelf(Activity) at library/src/main/java/com/bumptech/glide/manager/FirstFrameAndAfterTrimMemoryWaiter.java:14}","1","1"
"b0a7efecf54723506bcaac2d801e29845f04f229","RENAME","{Method setHardwareConfigIfAllowed_withAllowedState_setsInPreferredConfigAndMutable_returnsFalse() at library/test/src/test/java/com/bumptech/glide/load/resource/bitmap/HardwareConfigStateTest.java:22}","{Method setHardwareConfigIfAllowed_withAllowedState_setsInPreferredConfigAndMutable_returnsTrue() at library/test/src/test/java/com/bumptech/glide/load/resource/bitmap/HardwareConfigStateTest.java:22}","16","15"
"6d7c4849007e9d45d43ec566e84424d505b0d93e","CHANGE_SIGNATURE","{Method new(Context, ArrayPool, Registry, ImageViewTargetFactory, RequestOptionsFactory, Map, List, Engine, boolean, int) at library/src/main/java/com/bumptech/glide/GlideContext.java:54}","{Method new(Context, ArrayPool, Registry, ImageViewTargetFactory, RequestOptionsFactory, Map, List, Engine, GlideExperiments, int) at library/src/main/java/com/bumptech/glide/GlideContext.java:55}","12","12"
"6d7c4849007e9d45d43ec566e84424d505b0d93e","CHANGE_SIGNATURE","{Method new(Context, Engine, MemoryCache, BitmapPool, ArrayPool, RequestManagerRetriever, ConnectivityMonitorFactory, int, RequestOptionsFactory, Map, List, boolean, boolean, int) at library/src/main/java/com/bumptech/glide/Glide.java:389}","{Method new(Context, Engine, MemoryCache, BitmapPool, ArrayPool, RequestManagerRetriever, ConnectivityMonitorFactory, int, RequestOptionsFactory, Map, List, GlideExperiments) at library/src/main/java/com/bumptech/glide/Glide.java:388}","221","222"
"7c661e51d5caf82a48fffa2a8d0bf55b977ef5b8"
"d197fe7c0b908b0ab337c2cbd23b038f247f426b"
"95b7ca95f6c1b69de7fd287a37600013dd02c52a"
"8ab09c18e8a2f541fc822d114e99e5cbf340a8fb","MOVE_RENAME","{Class HttpUriLoaderTest at library/test/src/test/java/com/bumptech/glide/load/model/stream/HttpUriLoaderTest.java:23}","{Class UrlUriLoaderTest at library/test/src/test/java/com/bumptech/glide/load/model/UrlUriLoaderTest.java:21}","54","54"
"a3a3a6573addd83a5be031bbd55d29e7514ca446","EXTRACT","{Method isHardwareConfigAllowed(int, int, boolean, boolean) at library/src/main/java/com/bumptech/glide/load/resource/bitmap/HardwareConfigState.java:111}","{Method areHardwareBitmapsBlockedByAppState() at library/src/main/java/com/bumptech/glide/load/resource/bitmap/HardwareConfigState.java:138}","14","3"
"a3a3a6573addd83a5be031bbd55d29e7514ca446","INLINE","{Method maybeRegisterFirstFrameWaiter(Activity) at library/src/main/java/com/bumptech/glide/manager/RequestManagerRetriever.java:129}","{Method get(android.app.Fragment) at library/src/main/java/com/bumptech/glide/manager/RequestManagerRetriever.java:343}","5","19"
"a3a3a6573addd83a5be031bbd55d29e7514ca446","INLINE","{Method maybeRegisterFirstFrameWaiter(Activity) at library/src/main/java/com/bumptech/glide/manager/RequestManagerRetriever.java:129}","{Method get(Fragment) at library/src/main/java/com/bumptech/glide/manager/RequestManagerRetriever.java:143}","5","18"
"a3a3a6573addd83a5be031bbd55d29e7514ca446","CHANGE_SIGNATURE","{Method new(Context, Engine, MemoryCache, BitmapPool, ArrayPool, RequestManagerRetriever, ConnectivityMonitorFactory, int, RequestOptionsFactory, Map, List, boolean, boolean, boolean, int) at library/src/main/java/com/bumptech/glide/Glide.java:377}","{Method new(Context, Engine, MemoryCache, BitmapPool, ArrayPool, RequestManagerRetriever, ConnectivityMonitorFactory, int, RequestOptionsFactory, Map, List, boolean, boolean, int) at library/src/main/java/com/bumptech/glide/Glide.java:390}","222","222"
"a3a3a6573addd83a5be031bbd55d29e7514ca446","EXTRACT_MOVE","{Method registerSelf(Activity) at library/src/main/java/com/bumptech/glide/manager/FirstFrameWaiter.java:7}","{Method registerSelf(Activity) at library/src/main/java/com/bumptech/glide/manager/FirstFrameWaiterO.java:11}","1","1"
"a3a3a6573addd83a5be031bbd55d29e7514ca446","CHANGE_SIGNATURE","{Method new(RequestManagerFactory, boolean) at library/src/main/java/com/bumptech/glide/manager/RequestManagerRetriever.java:76}","{Method new(RequestManagerFactory) at library/src/main/java/com/bumptech/glide/manager/RequestManagerRetriever.java:78}","5","4"
"7b40fd253cb07def22896b13e2b7fec181caa413"
"8584b450f3af6c18e0393a3bff015a62a08d5eb5","CHANGE_SIGNATURE","{Method new(Context, Engine, MemoryCache, BitmapPool, ArrayPool, RequestManagerRetriever, ConnectivityMonitorFactory, int, RequestOptionsFactory, Map, List, boolean, boolean, int) at library/src/main/java/com/bumptech/glide/Glide.java:390}","{Method new(Context, Engine, MemoryCache, BitmapPool, ArrayPool, RequestManagerRetriever, ConnectivityMonitorFactory, int, RequestOptionsFactory, Map, List, boolean, boolean, boolean, int) at library/src/main/java/com/bumptech/glide/Glide.java:377}","222","222"
"8584b450f3af6c18e0393a3bff015a62a08d5eb5","EXTRACT","{Method get(android.app.Fragment) at library/src/main/java/com/bumptech/glide/manager/RequestManagerRetriever.java:340}","{Method maybeRegisterFirstFrameWaiter(Activity) at library/src/main/java/com/bumptech/glide/manager/RequestManagerRetriever.java:129}","19","5"
"8584b450f3af6c18e0393a3bff015a62a08d5eb5","EXTRACT","{Method get(Fragment) at library/src/main/java/com/bumptech/glide/manager/RequestManagerRetriever.java:140}","{Method maybeRegisterFirstFrameWaiter(Activity) at library/src/main/java/com/bumptech/glide/manager/RequestManagerRetriever.java:129}","18","5"
"8584b450f3af6c18e0393a3bff015a62a08d5eb5","CHANGE_SIGNATURE","{Method new(RequestManagerFactory) at library/src/main/java/com/bumptech/glide/manager/RequestManagerRetriever.java:75}","{Method new(RequestManagerFactory, boolean) at library/src/main/java/com/bumptech/glide/manager/RequestManagerRetriever.java:76}","4","5"
"8584b450f3af6c18e0393a3bff015a62a08d5eb5","INLINE","{Method areHardwareBitmapsBlockedByAppState() at library/src/main/java/com/bumptech/glide/load/resource/bitmap/HardwareConfigState.java:138}","{Method isHardwareConfigAllowed(int, int, boolean, boolean) at library/src/main/java/com/bumptech/glide/load/resource/bitmap/HardwareConfigState.java:111}","3","14"
"edd96d80024a6a3cf2f6966664ff8543006967bb","INLINE","{Method maybeRegisterFirstFrameWaiter(Activity) at library/src/main/java/com/bumptech/glide/manager/RequestManagerRetriever.java:129}","{Method get(android.app.Fragment) at library/src/main/java/com/bumptech/glide/manager/RequestManagerRetriever.java:340}","5","19"
"edd96d80024a6a3cf2f6966664ff8543006967bb","CHANGE_SIGNATURE","{Method new(RequestManagerFactory, boolean) at library/src/main/java/com/bumptech/glide/manager/RequestManagerRetriever.java:76}","{Method new(RequestManagerFactory) at library/src/main/java/com/bumptech/glide/manager/RequestManagerRetriever.java:75}","5","4"
"edd96d80024a6a3cf2f6966664ff8543006967bb","CHANGE_SIGNATURE","{Method new(Context, Engine, MemoryCache, BitmapPool, ArrayPool, RequestManagerRetriever, ConnectivityMonitorFactory, int, RequestOptionsFactory, Map, List, boolean, boolean, boolean, int) at library/src/main/java/com/bumptech/glide/Glide.java:377}","{Method new(Context, Engine, MemoryCache, BitmapPool, ArrayPool, RequestManagerRetriever, ConnectivityMonitorFactory, int, RequestOptionsFactory, Map, List, boolean, boolean, int) at library/src/main/java/com/bumptech/glide/Glide.java:390}","222","222"
"edd96d80024a6a3cf2f6966664ff8543006967bb","EXTRACT","{Method isHardwareConfigAllowed(int, int, boolean, boolean) at library/src/main/java/com/bumptech/glide/load/resource/bitmap/HardwareConfigState.java:111}","{Method areHardwareBitmapsBlockedByAppState() at library/src/main/java/com/bumptech/glide/load/resource/bitmap/HardwareConfigState.java:138}","14","3"
"edd96d80024a6a3cf2f6966664ff8543006967bb","INLINE","{Method maybeRegisterFirstFrameWaiter(Activity) at library/src/main/java/com/bumptech/glide/manager/RequestManagerRetriever.java:129}","{Method get(Fragment) at library/src/main/java/com/bumptech/glide/manager/RequestManagerRetriever.java:140}","5","18"
"e7d16d7108554d55d01796c399bcf445a7eae050"
"6aa7ad274ac6ec586997efcf0d51dd2091e8fadc"
"93a2d0e5370303346adba16fc5ca67d72b223a7b"
"eb30d52215582c58a6ee1cf076587e8ec9621598"
"67b01f62c0e98bb4f517708128be3107b22367cb","EXTRACT","{Method thumbnail(@Nullable...) at library/src/main/java/com/bumptech/glide/RequestBuilder.java:284}","{Method thumbnail(List) at library/src/main/java/com/bumptech/glide/RequestBuilder.java:323}","28","28"
"d84034def390665668026fb1e009aa0d11594dac","CHANGE_SIGNATURE","{Method onResourceReady(Resource, DataSource) at library/src/main/java/com/bumptech/glide/request/SingleRequest.java:523}","{Method onResourceReady(Resource, DataSource, boolean) at library/src/main/java/com/bumptech/glide/request/SingleRequest.java:525}","60","61"
"d84034def390665668026fb1e009aa0d11594dac","CHANGE_SIGNATURE","{Method onResourceReady(Resource, DataSource) at library/src/main/java/com/bumptech/glide/request/ResourceCallback.java:18}","{Method onResourceReady(Resource, DataSource, boolean) at library/src/main/java/com/bumptech/glide/request/ResourceCallback.java:18}","1","2"
"d84034def390665668026fb1e009aa0d11594dac","CHANGE_SIGNATURE","{Method notifyComplete(Resource, DataSource) at library/src/main/java/com/bumptech/glide/load/engine/DecodeJob.java:335}","{Method notifyComplete(Resource, DataSource, boolean) at library/src/main/java/com/bumptech/glide/load/engine/DecodeJob.java:337}","4","4"
"d84034def390665668026fb1e009aa0d11594dac","CHANGE_SIGNATURE","{Method onResourceReady(Resource, R, DataSource) at library/src/main/java/com/bumptech/glide/request/SingleRequest.java:592}","{Method onResourceReady(Resource, R, DataSource, boolean) at library/src/main/java/com/bumptech/glide/request/SingleRequest.java:599}","47","47"
"d84034def390665668026fb1e009aa0d11594dac","CHANGE_SIGNATURE","{Method onResourceReady(Resource, DataSource) at library/src/main/java/com/bumptech/glide/load/engine/EngineJob.java:315}","{Method onResourceReady(Resource, DataSource, boolean) at library/src/main/java/com/bumptech/glide/load/engine/EngineJob.java:318}","7","8"
"d84034def390665668026fb1e009aa0d11594dac","CHANGE_SIGNATURE","{Method notifyEncodeAndRelease(Resource, DataSource) at library/src/main/java/com/bumptech/glide/load/engine/DecodeJob.java:438}","{Method notifyEncodeAndRelease(Resource, DataSource, boolean) at library/src/main/java/com/bumptech/glide/load/engine/DecodeJob.java:443}","28","28"
"d84034def390665668026fb1e009aa0d11594dac","CHANGE_SIGNATURE","{Method onResourceReady(Resource, DataSource) at library/src/main/java/com/bumptech/glide/load/engine/DecodeJob.java:713}","{Method onResourceReady(Resource, DataSource, boolean) at library/src/main/java/com/bumptech/glide/load/engine/DecodeJob.java:718}","1","2"
"85868bdb31b393e85c8c97c1465f13d47872d7ab"
"a6f7755d93865bb4a46adf43fb08c5296e9a24df"
"461925494761e2d0e9d3e14db24fa40537d607ed"
"25c84ec611675430e41390ac738bf14bbe46735e"
"5aa0b4f8e9d4c5b468b39db33c7e6eb213765206"
"f2419933e01ecb755d14567267a4e00b4aad2150"
"14a0e1acd07d76bc161de6d211f9cd7484918f61","CHANGE_SIGNATURE","{Method getSupportRequestManagerFragment(Context, FragmentManager) at library/src/main/java/com/bumptech/glide/manager/RequestManagerRetriever.java:410}","{Method getSupportRequestManagerFragment(FragmentManager) at library/src/main/java/com/bumptech/glide/manager/RequestManagerRetriever.java:409}","4","3"
"14a0e1acd07d76bc161de6d211f9cd7484918f61","CHANGE_SIGNATURE","{Method getSupportRequestManagerFragment(FragmentManager, Fragment, boolean) at library/src/main/java/com/bumptech/glide/manager/RequestManagerRetriever.java:424}","{Method getSupportRequestManagerFragment(FragmentManager, Fragment) at library/src/main/java/com/bumptech/glide/manager/RequestManagerRetriever.java:422}","18","15"
"14a0e1acd07d76bc161de6d211f9cd7484918f61","CHANGE_SIGNATURE","{Method getRequestManagerFragment(android.app.FragmentManager, android.app.Fragment, boolean) at library/src/main/java/com/bumptech/glide/manager/RequestManagerRetriever.java:369}","{Method getRequestManagerFragment(android.app.FragmentManager, android.app.Fragment) at library/src/main/java/com/bumptech/glide/manager/RequestManagerRetriever.java:366}","17","14"
"1d6781f7675c088ef9cb105f9f1acacc739cd871"
"f903a73283702fb28220fcba913111c8fe4228d0","CHANGE_SIGNATURE","{Method new(Context, Engine, MemoryCache, BitmapPool, ArrayPool, RequestManagerRetriever, ConnectivityMonitorFactory, int, RequestOptionsFactory, Map, List, boolean, boolean, boolean) at library/src/main/java/com/bumptech/glide/Glide.java:376}","{Method new(Context, Engine, MemoryCache, BitmapPool, ArrayPool, RequestManagerRetriever, ConnectivityMonitorFactory, int, RequestOptionsFactory, Map, List, boolean, boolean, boolean, int) at library/src/main/java/com/bumptech/glide/Glide.java:377}","222","222"
"a77ed9003d578bf2520b188cff2f701097813f31","CHANGE_SIGNATURE","{Method new(Context, Engine, MemoryCache, BitmapPool, ArrayPool, RequestManagerRetriever, ConnectivityMonitorFactory, int, RequestOptionsFactory, Map, List, boolean, boolean) at library/src/main/java/com/bumptech/glide/Glide.java:375}","{Method new(Context, Engine, MemoryCache, BitmapPool, ArrayPool, RequestManagerRetriever, ConnectivityMonitorFactory, int, RequestOptionsFactory, Map, List, boolean, boolean, boolean) at library/src/main/java/com/bumptech/glide/Glide.java:376}","222","222"
"a77ed9003d578bf2520b188cff2f701097813f31","CHANGE_SIGNATURE","{Method new(RequestManagerFactory) at library/src/main/java/com/bumptech/glide/manager/RequestManagerRetriever.java:71}","{Method new(RequestManagerFactory, boolean) at library/src/main/java/com/bumptech/glide/manager/RequestManagerRetriever.java:76}","4","5"
"d653fc42efedc0d10bea907fd23ff99856a44ae8"
"8f354dc527b46a69a47713e6e625cee2750eb6a0","RENAME","{Method clear_withNonOwningRequestManager_onBackgroundTHread_doesNotThrow() at instrumentation/src/androidTest/java/com/bumptech/glide/RequestManagerTest.java:80}","{Method clear_withNonOwningRequestManager_onBackgroundThread_doesNotThrow() at instrumentation/src/androidTest/java/com/bumptech/glide/RequestManagerTest.java:93}","19","19"
"1ae9a2af4e52afbeb4a9927fb535481cf39d7c21"
"940b49b0c03089fe4d34d81ab91d8cb39b32f43b"
"5a814a1ca472c6a174cefec7c2cb60a66a53321c"
"1caeff4bf17952c7372acbbbc27297cd06615e5f"
"00d8fce1ca3cf6df81ccaba4dbaa77527c681265"
"621e2d5ba6ee563f396c0b46521b3ce22fd8d226"
"cce9375713d989cdd0958890b277150e61374135"
"7cc865ac1a0141707aa3318bcd9b0250594d7464"
"5090b6d004fabbc0ae50e0295fd50e2f13cb6357","RENAME","{Method put_withSameValueTwice_doesNotEvictItems() at library/test/src/test/java/com/bumptech/glide/load/engine/cache/LruCacheTest.java:202}","{Method put_withSameKeyAndValueTwice_doesNotEvictItems() at library/test/src/test/java/com/bumptech/glide/load/engine/cache/LruCacheTest.java:203}","8","8"
"5e2ccc6ceb7b64293667753bdc9455c88c501276"
"efe8023aed474e4bf1a596faf15ca1e4c5f9e34f","EXTRACT","{Method loadDataWithRedirects(URL, int, URL, Map) at library/src/main/java/com/bumptech/glide/load/data/HttpUrlFetcher.java:71}","{Method buildAndConfigureConnection(URL, Map) at library/src/main/java/com/bumptech/glide/load/data/HttpUrlFetcher.java:146}","54","19"
"3d8bf6bbf489364fa15c34eee8069cc1f772522b","INLINE","{Method buildAndConfigureConnection(URL, Map) at library/src/main/java/com/bumptech/glide/load/data/HttpUrlFetcher.java:146}","{Method loadDataWithRedirects(URL, int, URL, Map) at library/src/main/java/com/bumptech/glide/load/data/HttpUrlFetcher.java:71}","19","54"
