"Commit","RefactoringType","Before","After","BeforeLOC","AfterLOC"
"fdf08d278c53b9d15723226890d489994e927fa2","CHANGE_SIGNATURE","{Method new(Repository) at app/src/main/java/com/github/pockethub/android/core/issue/IssueFilter.java:168}","{Method new(Repository, String) at app/src/main/java/com/github/pockethub/android/core/issue/IssueFilter.java:160}","6","7"
"d76038940c3c782c2c3b64846b883ec2f1e06ae7"
"5de40e71cabccd67f04dd326e55fa1829fca47ad"
"bb9aeecc23a9f15e47228d5cb4f6611b3851504b"
"7c3551d9408e910c370a60ca858fda0c4ba520bc"
"60713bf3c8c8214c8f41b6fee9a609075fdf29dc"
"4d778f482b358d095a3b32e60657eeb41502e28b"
"0bd52b678849b5edf2dd558aaadb702afbb4bc9e"
"bfdba876ca6da893ee27ee409242aa01b8d0abe6"
"45a901c7a981c86608160c924cd8369eea230ce2"
"bfb23619c18a0a60f784a9f497b437d4c108a6d7"
"91448d60133cdb05ea51fe5edfb385c79190f8e6"
"12d44142b724191884616d0c94e5e23bda8868ef"
"c93115644020d6b7be6784aed37a21b11d8bd523"
"b5b36d835fb12342809da7ac8b0c20205a3562ef"
"90401de9d8beb8b7528ce88650c23ab06c8257bd"
"a96cbcc8f5523ba676e2ff7b38e8cab52ca7f9b1"
"a5cc17a025a7bb870a4e501fb8082707b7a3d1c2"
"f0127de5dd9702dff2943d2b02efa20eb408ebf2"
"2911fdd74a743069f2a902a373ab64247fd8c637"
"09f18044d2b33e8038c3449154ef79008f59812e"
"edae9d975c573354ef47397608e8b243e64eee30"
"9ced1d365ce8a88493474a430fc9d0e8a745a1cf"
"e105f070c6f36c1ebc6fc07c77982202f6c8193b"
"36c0c532d3febd15bc8bdb36fe53d5788f8880a1"
"55ca61700ba4167f3c2e528e8ba167678acba02f"
"d7f0596a6b33d9f2be9810eb34546bfd33525cf4"
"818af599e9fa538fa629e24d1a49b659243e00cc"
"f506723edbcc8f2e8056b3a09fa78a65f104a40b"
"e9af9d73b01427fcf01a4c67186511af10507b82"
"fa91859a3c4fcdf8c5e5bfd53f79623e3e37c748"
"a2374cfd2ce2d624a94e4a73f0f7ce68259a5747"
"50f783635da042a46f4fb8c8d774e341a7b6ff1a"
"fe148028b1e662cf482f3dbbb1d115f866e735e1"
"ea22ce3b4df9cf5ffe487d0258900e0fc99e8fca"
"be5c3138f38f5e128f431244e643933c748c676e"
"946c8ca3a684f58ff242e93038ea6f19d110b0e5"
"4e4af99b6adf9b601be3958bbe6b335642b16937"
"71a73be14f65ab3aee0b1491f098e313808d71d4"
"796face0316d2a0be2c293e109649c09b8f1f66c"
"102449173d5e0abc946d0306f724b77683d19b41"
"591b01f3e852cf2eb5930efbd686d03546afcc1b"
"6f17914499846d04b122aea6d38ee86ef98eb88a"
"335ad57fe7292b6ac0565adfebd899b35ef033ac"
"aff5725b8e76be10c0bf7b954e645b224e81b49d"
"1433387831c0f25d43d8a420d07b066bb1d2d3d6"
"844df0c5c1c4037bec9cac32e8e5e7df69c31b6e"
"409241b2f5eed605cb12ffb81d290a3c4c0fdb61"
"47b0f38b6ce769c3629ef512038e063c6983d959"
"1a35becda37d744ad5c44715117949dbfc89ff64"
"886e64f48f7d7ef619bb75b2cf581d995c20dde1"
"bf53c5d8582b48cbb12109058f3a47c07a3b1f27"
"c4ecfcbac5ca28930330de4f57af1f197a0ca3d6"
"144f0d9ec5eb46e744043e4df04756c5404e38b5"
"827bdfe79cc1e74912f843e02f414734c1ebb7ea"
"c1be049e4d15670b808ceb7efb31a3383bc7e79b"
"4bf8ff2cf92e4e1dea70d2efaf96d1cbf89cb22c"
"ef9a1c31bedb49b4e57c69ab1a74a9f1fb1b0ff4"
"3f011386710cdda3f664e417adb064c3b349448d"
"1e32f27bc067182b855d5d82c87ec5ef56dda728"
"8ce9bf61a045dbecb9202d35d81ca189b2c49e73"
"43d6e6d5acd3308626aca05a5559e0128def9ef0"
"a91f53d63075e92f3991657837e38f926d058c98"
"63b64b841221e4f613783354bd1f92b4e16f9c5f"
"caf0e93fedca5e3b9acc0b5b37b3e36718383654"
"5df65098718c1219780f7a903b22fcbdfd40d5ba"
"f04c699681d2834d127b726c1231b1a797676e99"
"0daaae1878a3a6ee181ee422d51e9787c23108eb"
"7fbeb2c69cac7398fc7f3b04f6b06a1e7aca64b3"
"8f1267b7f014b4f2644d085c50316430d0544430"
"dbc5c17043c737055eb9674468fc2394245aeb26","CHANGE_SIGNATURE","{Method store(SQLiteDatabase, List) at app/src/main/java/com/github/pockethub/android/persistence/PersistableResource.java:52}","{Method store(Database, List) at app/src/main/java/com/github/pockethub/android/persistence/PersistableResource.java:46}","1","1"
"6548cd92d2dfdff089da8ec6c55c9337443a29ac","MOVE","{Class DialogFragmentHelper at app/src/main/java/com/github/pockethub/android/ui/DialogFragmentHelper.java:34}","{Class DialogFragmentHelper at app/src/main/java/com/github/pockethub/android/ui/base/DialogFragmentHelper.java:34}","107","107"
"6548cd92d2dfdff089da8ec6c55c9337443a29ac","MOVE","{Class FragmentStatePagerAdapter at app/src/main/java/com/github/pockethub/android/ui/FragmentStatePagerAdapter.java:27}","{Class FragmentStatePagerAdapter at app/src/main/java/com/github/pockethub/android/ui/base/FragmentStatePagerAdapter.java:28}","48","48"
"6548cd92d2dfdff089da8ec6c55c9337443a29ac","MOVE","{Class MarkdownLoader at app/src/main/java/com/github/pockethub/android/ui/MarkdownLoader.java:33}","{Class MarkdownLoader at app/src/main/java/com/github/pockethub/android/util/MarkdownLoader.java:33}","25","25"
"6548cd92d2dfdff089da8ec6c55c9337443a29ac","MOVE","{Class FragmentPagerAdapter at app/src/main/java/com/github/pockethub/android/ui/FragmentPagerAdapter.java:31}","{Class FragmentPagerAdapter at app/src/main/java/com/github/pockethub/android/ui/base/FragmentPagerAdapter.java:32}","111","111"
"1963e69fb8c75cefd6eeeb609970e9e3d131bab2"
"721e640f36edcd0866b49e0536800f2de1ae18cd"
"77606a3bbac903acd28214679e0118ba432b1c73"
"4bf0c45ab7e6a92930b373dad94462e88b6aa3e7"
"367295a719f9f7e74d7b33703c8a116fe9a42e14"
"954d63aacdeb5a2144b7fc9863c6ea75e7032485"
"fc187cc92bce205ba4c49607f6a1bc401237b196"
"acee23d97ab6f89d937f036df7c61b712e2abeb4"
"bc0b150a6082e7b7453d2380b479541a2d0ce042"
"1eb04ee5fd2b7689884218a8a48baa7bd772a89c"
"32b48b3dda5b3355809964b5cffdb715a1e11676"
"94b2a2471fa0e2fa3b82807d25a0ba504296b36a"
"ef969ae530ad6d02b2736066491912027a1494c8"
"74248752b1d511234d8da2ad7338ab080681ff3d"
"e31a38f54284878e9eae2d9f87108dc2ea8306fe"
"6c6ab29fff3c64520efe1865f709991fcf0faa33"
"8afa14e916300a1f4381aad1169c1ef681de0bbe"
"af97f857960a51e2eaa869d3ee6c2dcf79947a12"
"e9022738aaf1e30b346927ed3e81e96dc6ba3a1f"
"2047ecb69e782ac1d235f985e5660c87ea8826e3"
"ae0618523033bf85c936c2527f61b9b9333c32db"
"ea541e4467884bb840fde59863c46a79d8f70169"
"16789b0ebb96ba1e4e8c65196f64886f7aa52b91"
"e0dcb3d7a74662f2ac2bde4fe21f6e248a10f475"
"6bee3bfff23cfa7881028ca06c0a350b45048d3f"
"b98b5a584e939422bdb43d9ef98066b3eb330eaf"
"3c9b8a4ab8f8d040eda44ea755cc9e86699d46a5"
"91de02bf874e092fbdcff138428502cbc1a4fff5"
"8da2d4437b13ec76bebca86e8535340003ba3976"
"4a8ec411b79de7391a52eed2d7a768e43be0c41a"
"cd00bd1cfdad753ba6cc192d4dcf1faf0ffacbf8"
"2c4dad98d8cd4f72cc179880ce6a4c0e48202f7d"
"b20f1d2f7988a539b985a68a88f8685ade78b869"
"8946402f1c0bd8b0f7599c646b930650d044a46e"
"0d1dbf5a5df1ca52df59003814d0d7202ea74303"
"04fbea37c394d6fc866daabe4081e12ef42a5a6e"
"9d31b3eb7337c131c4e4ba1c918dfbcd9b6e24e1"
"acd2da242c3a9a51db910fb66217f266e42d6421"
"fc1fa4441d9d797f08b610c34cc30f185f59be86"
"0501b42be0ca0e8a2f4b039ba4171e2cfb8f1c6f"
"97ce7c888dcfa215f3dcb4eab3d0e5fab9a96ffc"
"94134ae14d1d5e3ac4f9ab45b5a6cdfe597e6778"
"3bcb8601a136b9469fd8854ae2d86d9493f204b0"
"dce6e02b682fc4e5e4ce11632123c4ca65d36c56"
"de0d0f3b74180f1e73c0d6a5236eb1c2c829a196"
"29510f7ddb0bb07b917a76d088ff0c89ef2be31e"
"60a0a542c55958948c2c9ad42e1a91fdcd8cefd1"
"98f655900c458d62437c210b489fc6c4cbe48cd5"
"2f77daabe4842d85c0905b01cb1c0d31b7ad1ba0"
"459ca0a666d7313333a404faa41fce8daffa7487"
"66fe15285210b29fb18058817b4193fa5ace14d4"
"c0c1c178e01d956af56e2c6c1a070529202f52a0"
"8d9364b7805c96cdd75992d40fb4deaf34cf21b4"
"02d0ebe2c232f0f9326c28c7575efcc0cfe8f9c8"
"ea0bb4ea1342ebf5b7b32ae5bb7b35539d53237f"
"bb2963198ddb100a086e0610feb606ed8f20ce67"
"2b905306c421b44eae35695f3a5035e2cbcb7941"
"ba6ddaec552f58660479be14b01d37d39ca6c7b4"
"691409228c79c3a8ac003e9340827fa649bc26e1"
"d683e82a3e499e030990ee22f70296f14f3f72cf"
"980fb7d292b95af6d572b03d2ed04d3cd47d3cd5"
"2875726fde1cf6ace0628693d51388ff03d81833"
"03ece2e76c7bcffad2ca522d469e3e38b90ec0be"
"f894514d31e4a0b1e30aa499e399f4b55503187d"
"38b6d1d10f8fa7b613216953026c64fe16162298"
"d012a55d7fa3834ce0a08aa4878fbcfd4c3fbff3"
"0c77df05c945316898b30ca6a26f39ce8867165c"
"1d0e732ee1802b7ee50837fcc02c11881c1fc59e"
"d8b518cdc0361a0e291dc33de77e4c396a3b7f18"
"c6ebf1eb3157271ab4fe835057a4f5c9ebddc9a8"
"5b574bd34db6172ca7bc1b7d6340c18ff99ae9dd"
"5183dbc0c66fbfd288b36185f77849f54a0a5f8c"
"917fcb446330ef09cd317584f4924676b7363d80"
"110f25c2ab7dd2fdf93670e81e799ca20fd899f4","RENAME","{Method onCreate(Bundle) at app/src/main/java/com/github/pockethub/android/ui/TabPagerActivity.java:157}","{Method onPostCreate(Bundle) at app/src/main/java/com/github/pockethub/android/ui/TabPagerActivity.java:153}","7","7"
"2c20316d4d6e71d4f2afa86b290dd0a584a523f1"
"38b60581e0f0ecb9653ec1a669f9fb2768627fa0"
"627c64b588c775f5fdc70e2f04eeee6637c4b5a8"
"8f42c437f6573ae4d6b4890835204564535c9a22"
"e6be4a43dcdf6f772a26877309515847bd224509"
"1800e7328313d25096d0cda407f3e171bb5a041d"
"bcfb105085fe194c0ee23ad08399f275247d818b"
"26a219e22b5f7644987cf2de914ef8a03966cd2a"
"5ba4fe5946aa3b416032be819a68f673229fd70d"
"7ef76f1af93fbff162c90512f63defc1fe6b3a60"
"52a405a8a753075e55ea2e4d58cb8b2b4b09c973"
"964234fc044061fb83e2c289eb2bb3058ea3c335"
"08f7056a21ee60ba1671d29187e5b24a6dc42bd1","CHANGE_SIGNATURE","{Method getAllPages(PageIterator.GitHubRequest, int) at app/src/main/java/com/github/pockethub/android/util/RxPageUtil.java:14}","{Method getAllPages(GitHubRequest, int) at app/src/main/java/com/github/pockethub/android/util/RxPageUtil.java:14}","16","16"
"08f7056a21ee60ba1671d29187e5b24a6dc42bd1","CHANGE_SIGNATURE","{Method getAllItems(PageIterator.GitHubRequest) at app/src/main/java/com/github/pockethub/android/persistence/OrganizationRepositories.java:187}","{Method getAllItems(GitHubRequest) at app/src/main/java/com/github/pockethub/android/persistence/OrganizationRepositories.java:187}","14","14"
"b6836a97565eec544edb598de6a1bb2f2877fdcb"
"855b5460141b4aa5f464d9e95d6bcd27034001a3"
"b4c5ee74341bd10f140fa2d44f327969813a04b0"
"2661c37c7ddb97b8a91fda44f8d7cdb17d0f82d7"
"9fa1f19cb10fda48afafa9147a6f92c838ebe2d8"
"361ee8a81c389e5ac38048958c3120e55d08b361"
"7125c7ef542357cc36559d520f7ab564b6d13519"
"9c5ccb981fcda3f60ddb49d66c6556bf9cbee16c"
"7f1b8f7fb9f1b64007ca395bbcec5c8c1e33b2e8"
"ac2a5e6d254cd64be0ede0480d70ab34f72cc387"
"8c448e2eb79e7efa85e4fbe9e36a8d1cdabafcfa"
"f5fe3c5e14e598103d751c956be0d8e1ca3975b4"
"b031d2583962f32ecb518af701b2a2b4c4d8aec0"
"310e25442956ad7f9628d7e6ae56dfe7dc2db010","CHANGE_SIGNATURE","{Method eventRepoToRepo(Repository) at app/src/main/java/com/github/pockethub/android/util/ConvertUtils.java:29}","{Method eventRepoToRepo(GitHubEvent.RepoIdentifier) at app/src/main/java/com/github/pockethub/android/util/ConvertUtils.java:30}","4","4"
"1ba4c61583c0c4bfddc8d659172b926180c6e346"
"40f1a78274306e6392ceb6e963dd61b42634ea51"
"abe2e1bba896f65df78ac9ba43f72391bf33351e"
"b3a632e30fc5bd2c6e90e24b6d3276932d03193b"
"ecfccace8e219914da1a28495b7de64d26d94286"
"ea4361dce184bfaa081a1800b0ab4f2da28714aa"
"b9f7ba3d90953fe4c3f11231419734b3a512213e"
"e604cb4718853398e3240ef2263b19565fe96558"
"a93a7df406ae34d673f08e37f91045ddcd1252aa"
"9f27a10084fcc492818f103500e9fd07970fafa7"
"071fcdfe23a7e2c1bfa6f5b04fa5ea01cfa62817"
"bebc2fb3c4a476a95603635a845ecfff7dd908a1"
"a80ee41b507ead78084b9e5d8d75639312eb0981","EXTRACT_MOVE","{Method setup() at app/src/test/java/com/github/pockethub/android/ui/MainActivityTest.java:66}","{Method get(Context) at app/src/test/java/com/github/pockethub/android/AccountManagerShadow.java:33}","12","3"
"a80ee41b507ead78084b9e5d8d75639312eb0981","EXTRACT","{Method reloadOrgs() at app/src/main/java/com/github/pockethub/android/ui/MainActivity.java:178}","{Method onOrgsLoaded(List) at app/src/main/java/com/github/pockethub/android/ui/MainActivity.java:199}","40","26"
"c8963a0b55a96b237c3d1aba4222758d2e92925c"
"a02312e65dd067f853bf2eeea587a8b9891b41c1"
"0b9a0cb4a67063131fc0f1f10dd8245c6593a68b"
"e820cecec000efba2a05c10f86ee57919fda9f03"
"f28263fbd73ccae38eded0c236a53004f0816b32"
"25353518609c53f8da38c208b33addd9c316d118"
"676cdd782c1e6673943cc61999ee8841ee6cb641","CHANGE_SIGNATURE","{Method new(Context) at app/src/main/java/com/github/pockethub/android/core/commit/CommitStore.java:53}","{Method new() at app/src/main/java/com/github/pockethub/android/core/commit/CommitStore.java:51}","3","2"
"676cdd782c1e6673943cc61999ee8841ee6cb641","INLINE","{Method new(Context) at app/src/main/java/com/github/pockethub/android/core/gist/GistStore.java:49}","{Method setUp() at app/src/androidTest/java/com/github/pockethub/android/tests/gist/GistFilesViewActivityTest.java:57}","3","29"
"1cda8616b75d7a5b247b2aa9e7e499f5a9aa720a","EXTRACT_MOVE","{Method onCreateDialog(Bundle) at app/src/main/java/com/github/pockethub/android/ui/issue/AssigneeDialogFragment.java:109}","{Method new(Milestone, int) at app/src/main/java/com/github/pockethub/android/ui/item/dialog/MilestoneDialogItem.java:20}","29","4"
"1cda8616b75d7a5b247b2aa9e7e499f5a9aa720a","RENAME","{Method onListItemClick(ListView, View, int, long) at app/src/main/java/com/github/pockethub/android/ui/repo/RepositoryContributorsFragment.java:89}","{Method onItemClick(Item, View) at app/src/main/java/com/github/pockethub/android/ui/repo/RepositoryContributorsFragment.java:86}","11","12"
"1cda8616b75d7a5b247b2aa9e7e499f5a9aa720a","EXTRACT_MOVE","{Method refreshIssue() at app/src/main/java/com/github/pockethub/android/ui/issue/IssueFragment.java:419}","{Method refresh() at app/src/main/java/com/github/pockethub/android/ui/PagedItemFragment.java:131}","18","3"
"1cda8616b75d7a5b247b2aa9e7e499f5a9aa720a","RENAME","{Method onListItemLongClick(ListView, View, int, long) at app/src/main/java/com/github/pockethub/android/ui/repo/RepositoryListFragment.java:168}","{Method onItemLongClick(Item, View) at app/src/main/java/com/github/pockethub/android/ui/repo/RepositoryListFragment.java:163}","44","48"
"1cda8616b75d7a5b247b2aa9e7e499f5a9aa720a","EXTRACT_MOVE","{Method onCreateDialog(Bundle) at app/src/main/java/com/github/pockethub/android/ui/issue/AssigneeDialogFragment.java:109}","{Method new(AvatarLoader, User, int) at app/src/main/java/com/github/pockethub/android/ui/item/dialog/AssigneeDialogItem.java:21}","29","4"
"1cda8616b75d7a5b247b2aa9e7e499f5a9aa720a","INLINE","{Method setIndented(boolean) at app/src/main/java/com/github/pockethub/android/ui/ref/CodeTreeAdapter.java:72}","{Method setFolder(FullTree, Folder) at app/src/main/java/com/github/pockethub/android/ui/code/RepositoryCodeFragment.java:262}","4","56"
"1cda8616b75d7a5b247b2aa9e7e499f5a9aa720a","RENAME","{Method onListItemClick(ListView, View, int, long) at app/src/main/java/com/github/pockethub/android/ui/NewsFragment.java:101}","{Method onItemClick(Item, View) at app/src/main/java/com/github/pockethub/android/ui/NewsFragment.java:120}","41","45"
"1cda8616b75d7a5b247b2aa9e7e499f5a9aa720a","MOVE_RENAME","{Method update(int, Commit) at app/src/main/java/com/github/pockethub/android/ui/commit/CommitListAdapter.java:68}","{Method bind(ViewHolder, int) at app/src/main/java/com/github/pockethub/android/ui/item/commit/CommitItem.java:25}","13","13"
"1cda8616b75d7a5b247b2aa9e7e499f5a9aa720a","MOVE","{Method isDifferentCommitter(String, String) at app/src/main/java/com/github/pockethub/android/ui/commit/CommitDiffListFragment.java:270}","{Method isDifferentCommitter(String, String) at app/src/main/java/com/github/pockethub/android/ui/item/commit/CommitHeaderItem.java:75}","3","3"
"1cda8616b75d7a5b247b2aa9e7e499f5a9aa720a","CHANGE_SIGNATURE","{Method openLine(AdapterView, int) at app/src/main/java/com/github/pockethub/android/ui/commit/CommitCompareListFragment.java:242}","{Method openLine(GroupAdapter, int) at app/src/main/java/com/github/pockethub/android/ui/commit/CommitCompareListFragment.java:262}","10","10"
"1cda8616b75d7a5b247b2aa9e7e499f5a9aa720a","MOVE_RENAME","{Method addCommitDetails(Commit) at app/src/main/java/com/github/pockethub/android/ui/commit/CommitDiffListFragment.java:274}","{Method bind(ViewHolder, int) at app/src/main/java/com/github/pockethub/android/ui/item/commit/CommitHeaderItem.java:32}","42","41"
"1cda8616b75d7a5b247b2aa9e7e499f5a9aa720a","PUSH_DOWN","{Method appendCommitComment(StyledText, GitComment) at app/src/main/java/com/github/pockethub/android/ui/user/IconAndViewTextManager.java:90}","{Method appendCommitComment(StyledText, GitComment) at app/src/main/java/com/github/pockethub/android/ui/item/news/CommitCommentEventItem.java:42}","17","17"
"1cda8616b75d7a5b247b2aa9e7e499f5a9aa720a","RENAME","{Method onListItemClick(ListView, View, int, long) at app/src/main/java/com/github/pockethub/android/ui/search/SearchUserListFragment.java:109}","{Method onItemClick(Item, View) at app/src/main/java/com/github/pockethub/android/ui/search/SearchUserListFragment.java:106}","10","12"
"1cda8616b75d7a5b247b2aa9e7e499f5a9aa720a","CHANGE_SIGNATURE","{Method onItemClick(AdapterView, View, int, long) at app/src/main/java/com/github/pockethub/android/ui/gist/GistFragment.java:427}","{Method onItemClick(Item, View) at app/src/main/java/com/github/pockethub/android/ui/gist/GistFragment.java:377}","7","6"
"1cda8616b75d7a5b247b2aa9e7e499f5a9aa720a","EXTRACT_MOVE","{Method onViewCreated(View, Bundle) at app/src/main/java/com/github/pockethub/android/ui/issue/IssueFragment.java:261}","{Method new(View) at app/src/main/java/com/github/pockethub/android/ui/item/issue/IssueHeaderItem.java:179}","63","4"
"1cda8616b75d7a5b247b2aa9e7e499f5a9aa720a","EXTRACT","{Method showMore() at app/src/main/java/com/github/pockethub/android/ui/PagedItemFragment.java:134}","{Method refresh() at app/src/main/java/com/github/pockethub/android/ui/PagedItemFragment.java:131}","3","3"
"1cda8616b75d7a5b247b2aa9e7e499f5a9aa720a","MOVE_RENAME","{Method updateFilterSummary() at app/src/main/java/com/github/pockethub/android/ui/issue/IssuesFragment.java:143}","{Method bind(ViewHolder, int) at app/src/main/java/com/github/pockethub/android/ui/item/issue/IssueFilterHeaderItem.java:31}","32","32"
"1cda8616b75d7a5b247b2aa9e7e499f5a9aa720a","EXTRACT_MOVE","{Method onCreateDialog(Bundle) at app/src/main/java/com/github/pockethub/android/ui/ref/RefDialogFragment.java:105}","{Method new(Milestone, int) at app/src/main/java/com/github/pockethub/android/ui/item/dialog/MilestoneDialogItem.java:20}","27","4"
"1cda8616b75d7a5b247b2aa9e7e499f5a9aa720a","MOVE_RENAME","{Method update(int, Gist) at app/src/main/java/com/github/pockethub/android/ui/gist/GistListAdapter.java:75}","{Method bind(ViewHolder, int) at app/src/main/java/com/github/pockethub/android/ui/item/gist/GistItem.java:27}","26","28"
"1cda8616b75d7a5b247b2aa9e7e499f5a9aa720a","EXTRACT_MOVE","{Method refresh() at app/src/main/java/com/github/pockethub/android/ui/ItemListFragment.java:163}","{Method refresh() at app/src/main/java/com/github/pockethub/android/ui/PagedItemFragment.java:131}","3","3"
"1cda8616b75d7a5b247b2aa9e7e499f5a9aa720a","EXTRACT_MOVE","{Method refreshWithProgress() at app/src/main/java/com/github/pockethub/android/ui/ItemListFragment.java:272}","{Method refresh() at app/src/main/java/com/github/pockethub/android/ui/PagedItemFragment.java:131}","5","3"
"1cda8616b75d7a5b247b2aa9e7e499f5a9aa720a","MOVE_RENAME","{Class IconAndViewTextManager at app/src/main/java/com/github/pockethub/android/ui/user/IconAndViewTextManager.java:54}","{Class NewsItem at app/src/main/java/com/github/pockethub/android/ui/item/news/NewsItem.java:24}","416","136"
"1cda8616b75d7a5b247b2aa9e7e499f5a9aa720a","EXTRACT_MOVE","{Method refresh() at app/src/main/java/com/github/pockethub/android/ui/search/SearchUserListFragment.java:96}","{Method refresh() at app/src/main/java/com/github/pockethub/android/ui/PagedItemFragment.java:131}","5","3"
"1cda8616b75d7a5b247b2aa9e7e499f5a9aa720a","MOVE_RENAME","{Method formatPullRequest(GitHubEvent, StyledText, StyledText) at app/src/main/java/com/github/pockethub/android/ui/user/IconAndViewTextManager.java:328}","{Method bind(NewsItem.ViewHolder, int) at app/src/main/java/com/github/pockethub/android/ui/item/news/PullRequestEventItem.java:23}","27","40"
"1cda8616b75d7a5b247b2aa9e7e499f5a9aa720a","EXTRACT_MOVE","{Method refreshTree(GitReference) at app/src/main/java/com/github/pockethub/android/ui/code/RepositoryCodeFragment.java:158}","{Method refresh() at app/src/main/java/com/github/pockethub/android/ui/PagedItemFragment.java:131}","39","3"
"1cda8616b75d7a5b247b2aa9e7e499f5a9aa720a","EXTRACT_MOVE","{Method onCreateDialog(Bundle) at app/src/main/java/com/github/pockethub/android/ui/issue/MilestoneDialogFragment.java:113}","{Method new(AvatarLoader, User, int) at app/src/main/java/com/github/pockethub/android/ui/item/dialog/AssigneeDialogItem.java:21}","29","4"
"1cda8616b75d7a5b247b2aa9e7e499f5a9aa720a","EXTRACT","{Method refreshWithProgress() at app/src/main/java/com/github/pockethub/android/ui/PagedItemFragment.java:145}","{Method resetPagingData() at app/src/main/java/com/github/pockethub/android/ui/PagedItemFragment.java:118}","6","4"
"1cda8616b75d7a5b247b2aa9e7e499f5a9aa720a","RENAME","{Method onListItemClick(ListView, View, int, long) at app/src/main/java/com/github/pockethub/android/ui/gist/GistsFragment.java:55}","{Method onItemClick(Item, View) at app/src/main/java/com/github/pockethub/android/ui/gist/GistsFragment.java:55}","4","4"
"1cda8616b75d7a5b247b2aa9e7e499f5a9aa720a","MOVE_RENAME","{Method updateEvent(IssueEvent) at app/src/main/java/com/github/pockethub/android/ui/comment/CommentListAdapter.java:130}","{Method bind(ViewHolder, int) at app/src/main/java/com/github/pockethub/android/ui/item/issue/IssueEventItem.java:34}","67","69"
"1cda8616b75d7a5b247b2aa9e7e499f5a9aa720a","EXTRACT_MOVE","{Method refreshCommit() at app/src/main/java/com/github/pockethub/android/ui/commit/CommitDiffListFragment.java:249}","{Method refresh() at app/src/main/java/com/github/pockethub/android/ui/PagedItemFragment.java:131}","19","3"
"1cda8616b75d7a5b247b2aa9e7e499f5a9aa720a","EXTRACT_MOVE","{Method onDialogResult(int, int, Bundle) at app/src/main/java/com/github/pockethub/android/ui/issue/FiltersViewActivity.java:82}","{Method refresh() at app/src/main/java/com/github/pockethub/android/ui/PagedItemFragment.java:131}","14","3"
"1cda8616b75d7a5b247b2aa9e7e499f5a9aa720a","EXTRACT_MOVE","{Method onCreateDialog(Bundle) at app/src/main/java/com/github/pockethub/android/ui/issue/MilestoneDialogFragment.java:113}","{Method new(Milestone, int) at app/src/main/java/com/github/pockethub/android/ui/item/dialog/MilestoneDialogItem.java:20}","29","4"
"1cda8616b75d7a5b247b2aa9e7e499f5a9aa720a","CHANGE_SIGNATURE","{Method onItemClick(AdapterView, View, int, long) at app/src/main/java/com/github/pockethub/android/ui/commit/CommitDiffListFragment.java:503}","{Method onItemClick(Item, View) at app/src/main/java/com/github/pockethub/android/ui/commit/CommitDiffListFragment.java:430}","15","16"
"1cda8616b75d7a5b247b2aa9e7e499f5a9aa720a","PUSH_DOWN","{Method appendComment(StyledText, GitHubComment) at app/src/main/java/com/github/pockethub/android/ui/user/IconAndViewTextManager.java:65}","{Method appendComment(StyledText, GitHubComment) at app/src/main/java/com/github/pockethub/android/ui/item/news/IssueCommentEventItem.java:58}","5","5"
"1cda8616b75d7a5b247b2aa9e7e499f5a9aa720a","EXTRACT_MOVE","{Method onActivityCreated(Bundle) at app/src/main/java/com/github/pockethub/android/ui/ItemListFragment.java:97}","{Method refresh() at app/src/main/java/com/github/pockethub/android/ui/PagedItemFragment.java:131}","9","3"
"1cda8616b75d7a5b247b2aa9e7e499f5a9aa720a","RENAME","{Method onListItemLongClick(ListView, View, int, long) at app/src/main/java/com/github/pockethub/android/ui/NewsFragment.java:145}","{Method onItemLongClick(Item, View) at app/src/main/java/com/github/pockethub/android/ui/NewsFragment.java:167}","42","47"
"1cda8616b75d7a5b247b2aa9e7e499f5a9aa720a","CHANGE_SIGNATURE","{Method onItemClick(AdapterView, View, int, long) at app/src/main/java/com/github/pockethub/android/ui/code/RepositoryCodeFragment.java:311}","{Method onItemClick(Item, View) at app/src/main/java/com/github/pockethub/android/ui/code/RepositoryCodeFragment.java:320}","13","14"
"1cda8616b75d7a5b247b2aa9e7e499f5a9aa720a","EXTRACT_MOVE","{Method updateHeader(Issue) at app/src/main/java/com/github/pockethub/android/ui/issue/IssueFragment.java:325}","{Method new(Repository, User) at app/src/main/java/com/github/pockethub/android/ui/item/repository/RepositoryItem.java:28}","93","4"
"1cda8616b75d7a5b247b2aa9e7e499f5a9aa720a","EXTRACT_MOVE","{Method refresh() at app/src/main/java/com/github/pockethub/android/ui/search/SearchRepositoryListFragment.java:95}","{Method refresh() at app/src/main/java/com/github/pockethub/android/ui/PagedItemFragment.java:131}","4","3"
"1cda8616b75d7a5b247b2aa9e7e499f5a9aa720a","EXTRACT","{Method forceRefresh() at app/src/main/java/com/github/pockethub/android/ui/PagedItemFragment.java:124}","{Method resetPagingData() at app/src/main/java/com/github/pockethub/android/ui/PagedItemFragment.java:118}","6","4"
"1cda8616b75d7a5b247b2aa9e7e499f5a9aa720a","EXTRACT_MOVE","{Method onViewCreated(View, Bundle) at app/src/main/java/com/github/pockethub/android/ui/code/RepositoryCodeFragment.java:230}","{Method new(View) at app/src/main/java/com/github/pockethub/android/ui/item/code/PathHeaderItem.java:42}","18","4"
"1cda8616b75d7a5b247b2aa9e7e499f5a9aa720a","EXTRACT_MOVE","{Method onCreateDialog(Bundle) at app/src/main/java/com/github/pockethub/android/ui/ref/RefDialogFragment.java:105}","{Method new(AvatarLoader, User, int) at app/src/main/java/com/github/pockethub/android/ui/item/dialog/AssigneeDialogItem.java:21}","27","4"
"1cda8616b75d7a5b247b2aa9e7e499f5a9aa720a","MOVE_RENAME","{Method formatCreate(GitHubEvent, StyledText, StyledText) at app/src/main/java/com/github/pockethub/android/ui/user/IconAndViewTextManager.java:178}","{Method bind(NewsItem.ViewHolder, int) at app/src/main/java/com/github/pockethub/android/ui/item/news/CreateEventItem.java:19}","17","24"
"1cda8616b75d7a5b247b2aa9e7e499f5a9aa720a","RENAME","{Method onListItemClick(ListView, View, int, long) at app/src/main/java/com/github/pockethub/android/ui/search/SearchRepositoryListFragment.java:106}","{Method onItemClick(Item, View) at app/src/main/java/com/github/pockethub/android/ui/search/SearchRepositoryListFragment.java:104}","13","15"
"1cda8616b75d7a5b247b2aa9e7e499f5a9aa720a","EXTRACT_MOVE","{Method onViewCreated(View, Bundle) at app/src/main/java/com/github/pockethub/android/ui/gist/GistFragment.java:162}","{Method new(AvatarLoader, HttpImageGetter, GitComment) at app/src/main/java/com/github/pockethub/android/ui/item/commit/CommitCommentItem.java:24}","14","3"
"1cda8616b75d7a5b247b2aa9e7e499f5a9aa720a","EXTRACT_MOVE","{Method refreshGist() at app/src/main/java/com/github/pockethub/android/ui/gist/GistFragment.java:403}","{Method refresh() at app/src/main/java/com/github/pockethub/android/ui/PagedItemFragment.java:131}","21","3"
"1cda8616b75d7a5b247b2aa9e7e499f5a9aa720a","CHANGE_SIGNATURE","{Method onItemLongClick(AdapterView, View, int, long) at app/src/main/java/com/github/pockethub/android/ui/issue/FiltersViewActivity.java:112}","{Method onItemLongClick(Item, View) at app/src/main/java/com/github/pockethub/android/ui/issue/FiltersViewActivity.java:113}","9","13"
"1cda8616b75d7a5b247b2aa9e7e499f5a9aa720a","EXTRACT_MOVE","{Method onViewCreated(View, Bundle) at app/src/main/java/com/github/pockethub/android/ui/commit/CommitDiffListFragment.java:383}","{Method new(String) at app/src/main/java/com/github/pockethub/android/ui/item/repository/RepositoryHeaderItem.java:17}","29","4"
"1cda8616b75d7a5b247b2aa9e7e499f5a9aa720a","CHANGE_SIGNATURE","{Method onItemClick(AdapterView, View, int, long) at app/src/main/java/com/github/pockethub/android/ui/notification/NotificationListFragment.java:153}","{Method onItemClick(Item, View) at app/src/main/java/com/github/pockethub/android/ui/notification/NotificationListFragment.java:152}","15","14"
"1cda8616b75d7a5b247b2aa9e7e499f5a9aa720a","EXTRACT_MOVE","{Method forceRefresh() at app/src/main/java/com/github/pockethub/android/ui/ItemListFragment.java:158}","{Method refresh() at app/src/main/java/com/github/pockethub/android/ui/PagedItemFragment.java:131}","4","3"
"1cda8616b75d7a5b247b2aa9e7e499f5a9aa720a","PUSH_DOWN","{Method appendReviewComment(StyledText, ReviewComment) at app/src/main/java/com/github/pockethub/android/ui/user/IconAndViewTextManager.java:71}","{Method appendReviewComment(StyledText, ReviewComment) at app/src/main/java/com/github/pockethub/android/ui/item/news/PullRequestReviewCommentEventItem.java:44}","17","17"
"1cda8616b75d7a5b247b2aa9e7e499f5a9aa720a","EXTRACT_MOVE","{Method onResume() at app/src/main/java/com/github/pockethub/android/ui/issue/FilterListFragment.java:76}","{Method refresh() at app/src/main/java/com/github/pockethub/android/ui/PagedItemFragment.java:131}","5","3"
"1cda8616b75d7a5b247b2aa9e7e499f5a9aa720a","EXTRACT_MOVE","{Method onListItemLongClick(ListView, View, int, long) at app/src/main/java/com/github/pockethub/android/ui/repo/RepositoryListFragment.java:168}","{Method refresh() at app/src/main/java/com/github/pockethub/android/ui/PagedItemFragment.java:131}","44","3"
"1cda8616b75d7a5b247b2aa9e7e499f5a9aa720a","MOVE_RENAME","{Method formatPush(GitHubEvent, StyledText, StyledText) at app/src/main/java/com/github/pockethub/android/ui/user/IconAndViewTextManager.java:357}","{Method bind(NewsItem.ViewHolder, int) at app/src/main/java/com/github/pockethub/android/ui/item/news/PushEventItem.java:24}","61","74"
"1cda8616b75d7a5b247b2aa9e7e499f5a9aa720a","MOVE_RENAME","{Method formatTeamAdd(GitHubEvent, StyledText, StyledText) at app/src/main/java/com/github/pockethub/android/ui/user/IconAndViewTextManager.java:420}","{Method bind(NewsItem.ViewHolder, int) at app/src/main/java/com/github/pockethub/android/ui/item/news/TeamAddEventItem.java:21}","20","27"
"1cda8616b75d7a5b247b2aa9e7e499f5a9aa720a","CHANGE_SIGNATURE","{Method selectPreviousFile(int, Object, AdapterView) at app/src/main/java/com/github/pockethub/android/ui/commit/CommitDiffListFragment.java:474}","{Method selectPreviousFile(int, Object, GroupAdapter) at app/src/main/java/com/github/pockethub/android/ui/commit/CommitDiffListFragment.java:402}","26","26"
"1cda8616b75d7a5b247b2aa9e7e499f5a9aa720a","MOVE_RENAME","{Method formatIssueComment(GitHubEvent, StyledText, StyledText) at app/src/main/java/com/github/pockethub/android/ui/user/IconAndViewTextManager.java:252}","{Method bind(NewsItem.ViewHolder, int) at app/src/main/java/com/github/pockethub/android/ui/item/news/IssueCommentEventItem.java:23}","21","34"
"1cda8616b75d7a5b247b2aa9e7e499f5a9aa720a","MOVE_RENAME","{Method formatGist(GitHubEvent, StyledText, StyledText) at app/src/main/java/com/github/pockethub/android/ui/user/IconAndViewTextManager.java:226}","{Method bind(NewsItem.ViewHolder, int) at app/src/main/java/com/github/pockethub/android/ui/item/news/GistEventItem.java:19}","17","24"
"6797c4104941404a4c95de4fac3c3233f420fca6"
"3196e5087b37b440c883358b9675d51e177b414d"
"28122fbd1e6dc055aafac0eeccb77338be2b47b6","EXTRACT","{Method onCreate(Bundle) at app/src/main/java/com/github/pockethub/android/ui/issue/EditIssuesFilterActivity.java:88}","{Method onSortOrderChanged(RadioGroup, int) at app/src/main/java/com/github/pockethub/android/ui/issue/EditIssuesFilterActivity.java:215}","118","7"
"28122fbd1e6dc055aafac0eeccb77338be2b47b6","EXTRACT","{Method onCreate(Bundle) at app/src/main/java/com/github/pockethub/android/ui/issue/EditIssuesFilterActivity.java:88}","{Method onStatusChanged(RadioGroup, int) at app/src/main/java/com/github/pockethub/android/ui/issue/EditIssuesFilterActivity.java:211}","118","3"
"28122fbd1e6dc055aafac0eeccb77338be2b47b6","INTERNAL_MOVE_RENAME","{Method onClick(View) at app/src/main/java/com/github/pockethub/android/ui/issue/EditIssueActivity.java:233}","{Method onAddImageClicked() at app/src/main/java/com/github/pockethub/android/ui/issue/EditIssueActivity.java:312}","17","17"
"28122fbd1e6dc055aafac0eeccb77338be2b47b6","EXTRACT_MOVE","{Method onCreate(Bundle) at app/src/main/java/com/github/pockethub/android/ui/TabPagerActivity.java:157}","{Method onCreate(Bundle) at app/src/main/java/com/github/pockethub/android/ui/BaseActivity.java:46}","14","6"
"28122fbd1e6dc055aafac0eeccb77338be2b47b6","EXTRACT_MOVE","{Method onCreate(Bundle) at app/src/main/java/com/github/pockethub/android/ui/issue/EditIssueActivity.java:169}","{Method onCreate(Bundle) at app/src/main/java/com/github/pockethub/android/ui/BaseActivity.java:46}","87","6"
"28122fbd1e6dc055aafac0eeccb77338be2b47b6","EXTRACT","{Method onCreate(Bundle) at app/src/main/java/com/github/pockethub/android/ui/issue/EditIssuesFilterActivity.java:88}","{Method onSortTypeChanged(RadioGroup, int) at app/src/main/java/com/github/pockethub/android/ui/issue/EditIssuesFilterActivity.java:223}","118","15"
"28122fbd1e6dc055aafac0eeccb77338be2b47b6","EXTRACT_MOVE","{Method onCreate(Bundle) at app/src/main/java/com/github/pockethub/android/ui/MainActivity.java:110}","{Method getToolbar() at app/src/main/java/com/github/pockethub/android/ui/BaseActivity.java:53}","46","3"
"094d2b53b736325d395c63430a44f05769c0773b"
"75d3902ea11477cbb6c0011773c302e1aabe5008"
"db416f124480cac000e56fdaaf1def151d005ffd","EXTRACT","{Method logout() at app/src/main/java/com/github/pockethub/android/ui/MainActivity.java:326}","{Method startLoginActivity() at app/src/main/java/com/github/pockethub/android/ui/MainActivity.java:357}","29","6"
"db416f124480cac000e56fdaaf1def151d005ffd","EXTRACT","{Method openMain() at app/src/main/java/com/github/pockethub/android/accounts/LoginActivity.java:164}","{Method finish() at app/src/main/java/com/github/pockethub/android/accounts/LoginActivity.java:243}","9","6"
"42aa18831336feab2b084e57180801bf1ffb0626"
"e31eca299c0677de2995a7e86908d0f38381b4ad"
"ee9338c5f81fd7ab58d7fa99c1be88dd872640f1","CHANGE_SIGNATURE","{Method load(Account) at app/src/main/java/com/github/pockethub/android/ui/MarkdownLoader.java:67}","{Method load(Context, String, Repository, ImageGetter, boolean) at app/src/main/java/com/github/pockethub/android/ui/MarkdownLoader.java:48}","18","12"
"0682e3bc0032dce1fcceb399d4796d10e307933f","CHANGE_SIGNATURE","{Method getErrorMessage(Exception) at app/src/main/java/com/github/pockethub/android/ui/repo/RepositoryListFragment.java:326}","{Method getErrorMessage() at app/src/main/java/com/github/pockethub/android/ui/repo/RepositoryListFragment.java:334}","3","3"
"0682e3bc0032dce1fcceb399d4796d10e307933f","CHANGE_SIGNATURE","{Method getErrorMessage(Exception) at app/src/main/java/com/github/pockethub/android/ui/user/FollowingFragment.java:41}","{Method getErrorMessage() at app/src/main/java/com/github/pockethub/android/ui/user/FollowingFragment.java:41}","3","3"
"0682e3bc0032dce1fcceb399d4796d10e307933f","CHANGE_SIGNATURE","{Method getErrorMessage(Exception) at app/src/main/java/com/github/pockethub/android/ui/repo/RepositoryContributorsFragment.java:120}","{Method getErrorMessage() at app/src/main/java/com/github/pockethub/android/ui/repo/RepositoryContributorsFragment.java:103}","3","3"
"0682e3bc0032dce1fcceb399d4796d10e307933f","CHANGE_SIGNATURE","{Method getErrorMessage(Exception) at app/src/main/java/com/github/pockethub/android/ui/issue/SearchIssueListFragment.java:123}","{Method getErrorMessage() at app/src/main/java/com/github/pockethub/android/ui/issue/SearchIssueListFragment.java:115}","3","3"
"0682e3bc0032dce1fcceb399d4796d10e307933f","CHANGE_SIGNATURE","{Method getErrorMessage(Exception) at app/src/main/java/com/github/pockethub/android/ui/gist/GistsFragment.java:94}","{Method getErrorMessage() at app/src/main/java/com/github/pockethub/android/ui/gist/GistsFragment.java:94}","3","3"
"0682e3bc0032dce1fcceb399d4796d10e307933f","CHANGE_SIGNATURE","{Method getErrorMessage(Exception) at app/src/main/java/com/github/pockethub/android/ui/commit/CommitListFragment.java:189}","{Method getErrorMessage() at app/src/main/java/com/github/pockethub/android/ui/commit/CommitListFragment.java:150}","3","3"
"0682e3bc0032dce1fcceb399d4796d10e307933f","INTERNAL_MOVE_RENAME","{Method loadInBackground() at app/src/main/java/com/github/pockethub/android/ui/issue/FilterListFragment.java:65}","{Method loadData(boolean) at app/src/main/java/com/github/pockethub/android/ui/issue/FilterListFragment.java:61}","6","8"
"0682e3bc0032dce1fcceb399d4796d10e307933f","CHANGE_SIGNATURE","{Method getErrorMessage(Exception) at app/src/main/java/com/github/pockethub/android/ui/search/SearchRepositoryListFragment.java:161}","{Method getErrorMessage() at app/src/main/java/com/github/pockethub/android/ui/search/SearchRepositoryListFragment.java:152}","3","3"
"0682e3bc0032dce1fcceb399d4796d10e307933f","CHANGE_SIGNATURE","{Method getErrorMessage(Exception) at app/src/main/java/com/github/pockethub/android/ui/search/SearchUserListFragment.java:129}","{Method getErrorMessage() at app/src/main/java/com/github/pockethub/android/ui/search/SearchUserListFragment.java:120}","3","3"
"0682e3bc0032dce1fcceb399d4796d10e307933f","CHANGE_SIGNATURE","{Method new(CommitStore, HttpImageGetter, Activity, Repository, String) at app/src/main/java/com/github/pockethub/android/core/commit/RefreshCommitTask.java:55}","{Method new(CommitStore, HttpImageGetter, RepositoryCommentService, Activity, Repository, String) at app/src/main/java/com/github/pockethub/android/core/commit/RefreshCommitTask.java:61}","7","8"
"0682e3bc0032dce1fcceb399d4796d10e307933f","INTERNAL_MOVE","{Method loadData() at app/src/main/java/com/github/pockethub/android/ui/repo/RepositoryListFragment.java:303}","{Method loadData(boolean) at app/src/main/java/com/github/pockethub/android/ui/repo/RepositoryListFragment.java:299}","12","20"
"0682e3bc0032dce1fcceb399d4796d10e307933f","CHANGE_SIGNATURE","{Method getErrorMessage(Exception) at app/src/main/java/com/github/pockethub/android/ui/issue/IssuesFragment.java:286}","{Method getErrorMessage() at app/src/main/java/com/github/pockethub/android/ui/issue/IssuesFragment.java:283}","3","3"
"0682e3bc0032dce1fcceb399d4796d10e307933f","CHANGE_SIGNATURE","{Method getErrorMessage(Exception) at app/src/main/java/com/github/pockethub/android/ui/ItemListFragment.java:188}","{Method getErrorMessage() at app/src/main/java/com/github/pockethub/android/ui/ItemListFragment.java:195}","1","1"
"0682e3bc0032dce1fcceb399d4796d10e307933f","RENAME","{Method createPager() at app/src/main/java/com/github/pockethub/android/ui/user/OrganizationNewsFragment.java:31}","{Method loadData(int) at app/src/main/java/com/github/pockethub/android/ui/user/OrganizationNewsFragment.java:37}","13","4"
"0682e3bc0032dce1fcceb399d4796d10e307933f","RENAME","{Method createPager() at app/src/main/java/com/github/pockethub/android/ui/search/SearchRepositoryListFragment.java:57}","{Method loadData(int) at app/src/main/java/com/github/pockethub/android/ui/search/SearchRepositoryListFragment.java:60}","26","14"
"0682e3bc0032dce1fcceb399d4796d10e307933f","CHANGE_SIGNATURE","{Method getErrorMessage(Exception) at app/src/main/java/com/github/pockethub/android/ui/user/FollowersFragment.java:41}","{Method getErrorMessage() at app/src/main/java/com/github/pockethub/android/ui/user/FollowersFragment.java:41}","3","3"
"0682e3bc0032dce1fcceb399d4796d10e307933f","CHANGE_SIGNATURE","{Method getErrorMessage(Exception) at app/src/main/java/com/github/pockethub/android/ui/repo/UserRepositoryListFragment.java:85}","{Method getErrorMessage() at app/src/main/java/com/github/pockethub/android/ui/repo/UserRepositoryListFragment.java:78}","3","3"
"0682e3bc0032dce1fcceb399d4796d10e307933f","CHANGE_SIGNATURE","{Method getErrorMessage(Exception) at app/src/main/java/com/github/pockethub/android/ui/issue/DashboardIssueFragment.java:113}","{Method getErrorMessage() at app/src/main/java/com/github/pockethub/android/ui/issue/DashboardIssueFragment.java:101}","3","3"
"0682e3bc0032dce1fcceb399d4796d10e307933f","CHANGE_SIGNATURE","{Method getErrorMessage(Exception) at app/src/main/java/com/github/pockethub/android/ui/user/MembersFragment.java:106}","{Method getErrorMessage() at app/src/main/java/com/github/pockethub/android/ui/user/MembersFragment.java:85}","3","3"
"0682e3bc0032dce1fcceb399d4796d10e307933f","CHANGE_SIGNATURE","{Method showError(Exception, int) at app/src/main/java/com/github/pockethub/android/ui/ItemListFragment.java:246}","{Method showError(Throwable, int) at app/src/main/java/com/github/pockethub/android/ui/ItemListFragment.java:268}","3","3"
"0682e3bc0032dce1fcceb399d4796d10e307933f","RENAME","{Method createPager() at app/src/main/java/com/github/pockethub/android/ui/search/SearchUserListFragment.java:57}","{Method loadData(int) at app/src/main/java/com/github/pockethub/android/ui/search/SearchUserListFragment.java:60}","26","14"
"0682e3bc0032dce1fcceb399d4796d10e307933f","CHANGE_SIGNATURE","{Method getErrorMessage(Exception) at app/src/main/java/com/github/pockethub/android/ui/NewsFragment.java:310}","{Method getErrorMessage() at app/src/main/java/com/github/pockethub/android/ui/NewsFragment.java:310}","3","3"
"0682e3bc0032dce1fcceb399d4796d10e307933f","CHANGE_SIGNATURE","{Method getErrorMessage(Exception) at app/src/main/java/com/github/pockethub/android/ui/issue/FilterListFragment.java:88}","{Method getErrorMessage() at app/src/main/java/com/github/pockethub/android/ui/issue/FilterListFragment.java:84}","3","3"
"e757b83a96b659b332891a94c6d1e6b04bc1596b","MOVE","{Class AccountAuthenticatorAppCompatActivity at app/src/main/java/com/github/pockethub/android/ui/roboactivities/AccountAuthenticatorAppCompatActivity.java:50}","{Class AccountAuthenticatorAppCompatActivity at app/src/main/java/com/github/pockethub/android/ui/base/AccountAuthenticatorAppCompatActivity.java:52}","102","104"
"e757b83a96b659b332891a94c6d1e6b04bc1596b","CHANGE_SIGNATURE","{Method new(BaseActivity, Repository, int, Consumer) at app/src/main/java/com/github/pockethub/android/ui/issue/EditLabelsTask.java:65}","{Method new(IssueStore, BaseActivity, Repository, int, Consumer) at app/src/main/java/com/github/pockethub/android/ui/issue/EditLabelsTask.java:70}","10","9"
"e757b83a96b659b332891a94c6d1e6b04bc1596b","EXTRACT_MOVE","{Method bind(ActionBar, AtomicReference) at app/src/main/java/com/github/pockethub/android/util/AvatarLoader.java:123}","{Method new() at app/src/main/java/com/github/pockethub/android/persistence/AccountDataManager.java:77}","38","1"
"e757b83a96b659b332891a94c6d1e6b04bc1596b","EXTRACT_MOVE","{Method bind(ActionBar, AtomicReference) at app/src/main/java/com/github/pockethub/android/util/AvatarLoader.java:123}","{Method new() at app/src/main/java/com/github/pockethub/android/persistence/DatabaseCache.java:43}","38","1"
"e757b83a96b659b332891a94c6d1e6b04bc1596b","CHANGE_SIGNATURE","{Method edit(Label[]) at app/src/main/java/com/github/pockethub/android/ui/issue/EditLabelsTask.java:94}","{Method edit(List) at app/src/main/java/com/github/pockethub/android/ui/issue/EditLabelsTask.java:98}","16","16"
"e757b83a96b659b332891a94c6d1e6b04bc1596b","CHANGE_SIGNATURE","{Method new(BaseActivity, Repository, int, Consumer) at app/src/main/java/com/github/pockethub/android/ui/issue/EditMilestoneTask.java:64}","{Method new(IssueStore, BaseActivity, Repository, int, Consumer) at app/src/main/java/com/github/pockethub/android/ui/issue/EditMilestoneTask.java:63}","9","8"
"e757b83a96b659b332891a94c6d1e6b04bc1596b","CHANGE_SIGNATURE","{Method new(Context, Repository, int, HttpImageGetter, HttpImageGetter) at app/src/main/java/com/github/pockethub/android/core/issue/RefreshIssueTask.java:74}","{Method new(Context, Repository, int, HttpImageGetter, HttpImageGetter, IssueStore) at app/src/main/java/com/github/pockethub/android/core/issue/RefreshIssueTask.java:77}","8","8"
"e757b83a96b659b332891a94c6d1e6b04bc1596b","CHANGE_SIGNATURE","{Method new(BaseActivity, Repository, int, Consumer) at app/src/main/java/com/github/pockethub/android/ui/issue/EditAssigneeTask.java:65}","{Method new(IssueStore, BaseActivity, Repository, int, Consumer) at app/src/main/java/com/github/pockethub/android/ui/issue/EditAssigneeTask.java:66}","9","8"
"e757b83a96b659b332891a94c6d1e6b04bc1596b","MOVE_RENAME","{Class RoboSupportFragment at app/src/main/java/com/github/pockethub/android/ui/roboactivities/RoboSupportFragment.java:35}","{Class BaseFragment at app/src/main/java/com/github/pockethub/android/ui/base/BaseFragment.java:38}","91","91"
"e757b83a96b659b332891a94c6d1e6b04bc1596b","CHANGE_SIGNATURE","{Method new(BaseActivity, Repository, int, Consumer) at app/src/main/java/com/github/pockethub/android/ui/issue/EditStateTask.java:59}","{Method new(IssueStore, BaseActivity, Repository, int, Consumer) at app/src/main/java/com/github/pockethub/android/ui/issue/EditStateTask.java:60}","7","7"
"e757b83a96b659b332891a94c6d1e6b04bc1596b","CHANGE_SIGNATURE","{Method new(Activity, String, HttpImageGetter) at app/src/main/java/com/github/pockethub/android/core/gist/RefreshGistTask.java:63}","{Method new(GistStore, HttpImageGetter, Activity, String) at app/src/main/java/com/github/pockethub/android/core/gist/RefreshGistTask.java:64}","7","7"
"e757b83a96b659b332891a94c6d1e6b04bc1596b","CHANGE_SIGNATURE","{Method new(Activity, Repository, String, HttpImageGetter) at app/src/main/java/com/github/pockethub/android/core/commit/RefreshCommitTask.java:54}","{Method new(CommitStore, HttpImageGetter, Activity, Repository, String) at app/src/main/java/com/github/pockethub/android/core/commit/RefreshCommitTask.java:55}","8","7"
"ab292d952f3f8eb84f05f364c3fdd71027f48c50"
"b964eb1ceb787ea37a57a789b74f34dc1dd290d9"
"d468fa5504e619fa4f7dbd517bab1c9b917091c5","EXTRACT_MOVE","{Method onBackPressed() at app/src/main/java/com/github/pockethub/android/ui/code/RepositoryCodeFragment.java:254}","{Method isRoot() at app/src/main/java/com/github/pockethub/android/core/code/FullTree.java:70}","8","3"
"d468fa5504e619fa4f7dbd517bab1c9b917091c5","EXTRACT_MOVE","{Method refreshTree(GitReference) at app/src/main/java/com/github/pockethub/android/ui/code/RepositoryCodeFragment.java:150}","{Method isRoot() at app/src/main/java/com/github/pockethub/android/core/code/FullTree.java:70}","39","3"
"a03541b0319a5ef7e4bcfacb9b18beecc6614718"
"bb5d987693f6eef1884b3cabfe730ef82e9b98fa"
"2052f77d389347de8db7641613ff4c9c6053214b"
"fd9015226b6a11dff0cb800cfb505a5c509228e0"
"2cc609bb5acf995be965574343caec1f8710aacb"
"da7518384bf3352afc8c8749d5685c0a30e4e03c","EXTRACT","{Method shouldOverrideUrlLoading(android.webkit.WebView, String) at app/src/main/java/com/github/pockethub/android/accounts/LoginWebViewActivity.java:59}","{Method overrideOAuth(Uri) at app/src/main/java/com/github/pockethub/android/accounts/LoginWebViewActivity.java:84}","11","11"
"3992a3c631a4c7c3f2211d5ca3c8fa2a83714c16"
"0cba92604b295272932ce40ef7e65fa58eb0ce09"
"589cc5f91751df7791eabfe7be6d949f25cc10ca"
"4cde849a93f478a01ac33f50c102a174ee6a8224","CHANGE_SIGNATURE","{Method onFailure(Request, IOException) at app/src/main/java/com/github/pockethub/android/ui/issue/EditIssueActivity.java:318}","{Method onFailure(Call, IOException) at app/src/main/java/com/github/pockethub/android/ui/issue/EditIssueActivity.java:318}","4","4"
"4cde849a93f478a01ac33f50c102a174ee6a8224","CHANGE_SIGNATURE","{Method onResponse(Response) at app/src/main/java/com/github/pockethub/android/ui/comment/RawCommentFragment.java:151}","{Method onResponse(Call, Response) at app/src/main/java/com/github/pockethub/android/ui/comment/RawCommentFragment.java:152}","8","8"
"4cde849a93f478a01ac33f50c102a174ee6a8224","CHANGE_SIGNATURE","{Method onResponse(com.squareup.okhttp.Response) at app/src/main/java/com/github/pockethub/android/ui/issue/EditIssueActivity.java:324}","{Method onResponse(Call, okhttp3.Response) at app/src/main/java/com/github/pockethub/android/ui/issue/EditIssueActivity.java:324}","8","8"
"4cde849a93f478a01ac33f50c102a174ee6a8224","CHANGE_SIGNATURE","{Method onFailure(Request, IOException) at app/src/main/java/com/github/pockethub/android/ui/comment/RawCommentFragment.java:145}","{Method onFailure(Call, IOException) at app/src/main/java/com/github/pockethub/android/ui/comment/RawCommentFragment.java:146}","4","4"
"43315c66f65353b4c2860422a82207270cf00963"
"ce2ec3e2bf91bf86576309470a37a4ce1bca8351"
"c3bdf5ed9e45ca08da6b286e0db9708a201533de"
"47e69c9e53ed8c33404c538d065fc28e7338aba5"
"e2ee7940a998a681b70ad5f5cece0d743d52cacd"
"067ab21516f88e77829030a02d28786b1f7c3fab"
"63935dfa4b95f1d59b48c510dc2c17f1a0a4d3e5"
"b40ca5162f5e4dcbd5161e2848f1a092567ce952"
"cae64c5044522770596e3658901ee6972a91a0ed"
"e71eaf9233e54a3ef88aad651233882a7b1ce05c","CHANGE_SIGNATURE","{Method new(BaseActivity, Repository, int, ProgressObserverAdapter) at app/src/main/java/com/github/pockethub/android/ui/issue/EditAssigneeTask.java:68}","{Method new(BaseActivity, Repository, int, Consumer) at app/src/main/java/com/github/pockethub/android/ui/issue/EditAssigneeTask.java:65}","10","9"
"e71eaf9233e54a3ef88aad651233882a7b1ce05c","CHANGE_SIGNATURE","{Method new(BaseActivity, Repository, int, ProgressObserverAdapter) at app/src/main/java/com/github/pockethub/android/ui/issue/EditLabelsTask.java:68}","{Method new(BaseActivity, Repository, int, Consumer) at app/src/main/java/com/github/pockethub/android/ui/issue/EditLabelsTask.java:65}","11","10"
"e71eaf9233e54a3ef88aad651233882a7b1ce05c","CHANGE_SIGNATURE","{Method new(BaseActivity, Repository, int, ProgressObserverAdapter) at app/src/main/java/com/github/pockethub/android/ui/issue/EditStateTask.java:63}","{Method new(BaseActivity, Repository, int, Consumer) at app/src/main/java/com/github/pockethub/android/ui/issue/EditStateTask.java:59}","7","7"
"e71eaf9233e54a3ef88aad651233882a7b1ce05c","CHANGE_SIGNATURE","{Method new(BaseActivity, Repository, int, ProgressObserverAdapter) at app/src/main/java/com/github/pockethub/android/ui/issue/EditMilestoneTask.java:68}","{Method new(BaseActivity, Repository, int, Consumer) at app/src/main/java/com/github/pockethub/android/ui/issue/EditMilestoneTask.java:64}","10","9"
"e71eaf9233e54a3ef88aad651233882a7b1ce05c","EXTRACT","{Method onCreate(Bundle) at app/src/main/java/com/github/pockethub/android/ui/issue/IssueFragment.java:184}","{Method createObserver() at app/src/main/java/com/github/pockethub/android/ui/issue/IssueFragment.java:201}","27","6"
"579452b5b3cb669be962e5cbfdf5e80819e5b670"
"dfb30c5ac50a9a58c50693c64b2f2d562c6d20a8"
"a6b15879b350f0e78122c8e427fa7fabcc94cf85"
"26b9917f824e1b67d039fc759e824f0ed9e08046"
"7fc849bce097de41a3daa66d7b494bcd2e923c7d"
"67652cff3750a341a9bf6c7ea38612524f5d9335"
"02726b896300954026459a1867596610ebf6725d"
"0be9cbabea0104222cd87468840fed246bb7c1e9","INLINE","{Method subscribe(SingleEmitter) at app/src/main/java/com/github/pockethub/android/ui/issue/EditLabelsTask.java:83}","{Method edit(Label[]) at app/src/main/java/com/github/pockethub/android/ui/issue/EditLabelsTask.java:98}","13","15"
"0be9cbabea0104222cd87468840fed246bb7c1e9","INLINE","{Method subscribe(SingleEmitter) at app/src/main/java/com/github/pockethub/android/ui/issue/EditMilestoneTask.java:80}","{Method edit(Milestone) at app/src/main/java/com/github/pockethub/android/ui/issue/EditMilestoneTask.java:96}","8","13"
"0be9cbabea0104222cd87468840fed246bb7c1e9","INLINE","{Method subscribe(SingleEmitter) at app/src/main/java/com/github/pockethub/android/ui/issue/EditStateTask.java:74}","{Method edit(boolean) at app/src/main/java/com/github/pockethub/android/ui/issue/EditStateTask.java:95}","8","13"
"0be9cbabea0104222cd87468840fed246bb7c1e9","EXTRACT_MOVE","{Method refreshCommit(Repository, String) at app/src/main/java/com/github/pockethub/android/core/commit/CommitStore.java:93}","{Method getCommit() at app/src/main/java/com/github/pockethub/android/core/code/RefreshTreeTask.java:141}","8","3"
"0be9cbabea0104222cd87468840fed246bb7c1e9","INLINE","{Method subscribe(SingleEmitter) at app/src/main/java/com/github/pockethub/android/ui/issue/EditAssigneeTask.java:82}","{Method edit(User) at app/src/main/java/com/github/pockethub/android/ui/issue/EditAssigneeTask.java:97}","17","15"
"153aac37f8d081d2e7943dd2ff824fc4db7108bf"
"7764994504b8ffcf1a1fc0ac493a28777474c027"
"cf2b7338cd3c73ca8573810d222d61be78ccd2d8"
"0529c7e9848f574a7a489f30b5c566743470c2f5"
"acfde8413e5a4c771adf5131813fa385e67f9a8e"
"2cbd760d612108a27081f7961e9857ca9163ac74"
"30d23139f55bbadce66916d6e65c80676d6d3b13","CHANGE_SIGNATURE","{Method onSuccess(Map) at app/src/main/java/com/github/pockethub/android/ui/issue/LabelsDialog.java:81}","{Method onSuccess(List) at app/src/main/java/com/github/pockethub/android/ui/issue/LabelsDialog.java:80}","6","6"
"30d23139f55bbadce66916d6e65c80676d6d3b13","CHANGE_SIGNATURE","{Method onSuccess(Map) at app/src/main/java/com/github/pockethub/android/ui/issue/AssigneeDialog.java:78}","{Method onSuccess(List) at app/src/main/java/com/github/pockethub/android/ui/issue/AssigneeDialog.java:77}","7","7"
"30d23139f55bbadce66916d6e65c80676d6d3b13","CHANGE_SIGNATURE","{Method onSuccess(Map) at app/src/main/java/com/github/pockethub/android/ui/ref/RefDialog.java:80}","{Method onSuccess(List) at app/src/main/java/com/github/pockethub/android/ui/ref/RefDialog.java:79}","5","5"
"08a96c74be7562281022c831fe91b148206d3ace"
"b1e70d6ffa2678e45bb75e3a80569d0d19de8302"
"cdce6634d913697c9a120585e14e73549597fbe3"
"adea441e75a515d8d9c5c9c7194d8a3782edba41"
"d977883c7183ebd127a440e796c4afd6b3ec606a"
"d577a9c96aa4a7efb49ae970bbb79401175bcb3f"
"6d7b033dab234ebba695cc4f8c7a09b758a165ce"
"e6336e36d9eee7c031f6099edb1d83ccb79d2d68"
"e3b61b913e3d12e6732845574f40437816519db3"
"967a96a9588b315b9a94a129fe84e785ced48440","CHANGE_SIGNATURE","{Method new(Gist, boolean, Collection) at app/src/main/java/com/github/pockethub/android/core/gist/FullGist.java:44}","{Method new(Gist, boolean, List) at app/src/main/java/com/github/pockethub/android/core/gist/FullGist.java:39}","6","5"
"3188eb6784f443dc4347ed94a67fc7e7894e66ef"
"58ceda16b479742822b9a4a0f69da68003b43069"
"f028ace70d76fde677cd01f986da72a3d3f3c0a6"
"e387149d637833f4f0eb7a8e7bb16b108cf22dc9"
"fe0bf4db8ed1abb5c15726fb6db2d4f56422c88c"
"1fd156cf704a0fb2b792e1eb43530c8da6df3562"
"9a51f88912040b751c6605078aa4f078e14a668d"
"2676eaa0679a9c9420e40a219b89c2734a66e270"
"7df4164b71159d9cb4e5873ff95b76fb684e50c4"
"6f800873234cca7da3a6c08aae94ddefc2b0b4ce"
"c55ab1c5b31843f9d9f99b8ab07dbb7aaf43748f"
"57863cb62d7363401ef8c1842705d3e57e30c7bd"
"f41e9a3c96bd7a2b005e9b6cec26318bf96510e5"
"f870bbac874ee66baa91162690e0cb6d447d1864"
"a49df2dded60736ebf94d341c7efdeea65dc4bc0","CHANGE_SIGNATURE","{Method onSuccess(Gist) at app/src/main/java/com/github/pockethub/android/ui/gist/CreateGistActivity.java:199}","{Method onSuccess(Response) at app/src/main/java/com/github/pockethub/android/ui/gist/CreateGistActivity.java:201}","6","6"
"a49df2dded60736ebf94d341c7efdeea65dc4bc0","CHANGE_SIGNATURE","{Method onSuccess(GitHubComment) at app/src/main/java/com/github/pockethub/android/ui/gist/EditCommentActivity.java:106}","{Method onSuccess(Response) at app/src/main/java/com/github/pockethub/android/ui/gist/EditCommentActivity.java:108}","5","5"
"a49df2dded60736ebf94d341c7efdeea65dc4bc0","CHANGE_SIGNATURE","{Method onSuccess(Issue) at app/src/main/java/com/github/pockethub/android/ui/issue/EditIssueActivity.java:495}","{Method onSuccess(Response) at app/src/main/java/com/github/pockethub/android/ui/issue/EditIssueActivity.java:495}","7","7"
"a49df2dded60736ebf94d341c7efdeea65dc4bc0","CHANGE_SIGNATURE","{Method onSuccess(GitComment) at app/src/main/java/com/github/pockethub/android/ui/commit/CreateCommentActivity.java:127}","{Method onSuccess(Response) at app/src/main/java/com/github/pockethub/android/ui/commit/CreateCommentActivity.java:128}","4","4"
"a49df2dded60736ebf94d341c7efdeea65dc4bc0","CHANGE_SIGNATURE","{Method onSuccess(Repository) at app/src/main/java/com/github/pockethub/android/ui/search/SearchRepositoryListFragment.java:118}","{Method onSuccess(Response) at app/src/main/java/com/github/pockethub/android/ui/search/SearchRepositoryListFragment.java:126}","4","4"
"a49df2dded60736ebf94d341c7efdeea65dc4bc0","CHANGE_SIGNATURE","{Method onSuccess(GitHubComment) at app/src/main/java/com/github/pockethub/android/ui/issue/EditCommentActivity.java:118}","{Method onSuccess(Response) at app/src/main/java/com/github/pockethub/android/ui/issue/EditCommentActivity.java:119}","5","5"
"b9e32ec35fb9689c6ec20b0d0c90b5d999d6eec0"
"fabf228555673c6fc75856d2378fc3a1025e5e98"
"13c1ece5ef62adb1c90e8344486a282846e61c3e"
"b6124734b2880619f9661eaeb15dee6c6200bb7a","MOVE","{Method getTypeface(Context, String) at app/src/main/java/com/github/pockethub/android/util/TypefaceUtils.java:273}","{Method getTypeface(Context, String) at app/src/main/java/com/github/pockethub/android/ui/view/OcticonTextView.java:206}","3","3"
"b6124734b2880619f9661eaeb15dee6c6200bb7a","MOVE","{Method getOcticons(Context) at app/src/main/java/com/github/pockethub/android/util/TypefaceUtils.java:243}","{Method getOcticons() at app/src/main/java/com/github/pockethub/android/ui/view/OcticonTextView.java:196}","6","6"
"7151cf352ccf73eba24c7ddf23a9b3fca6f13a5b"
"f89fe4b8844dced54c7bb1ceb9e517893dc10fec","CHANGE_SIGNATURE","{Method subscribe(ObservableEmitter) at app/src/main/java/com/github/pockethub/android/ui/issue/EditAssigneeTask.java:82}","{Method subscribe(SingleEmitter) at app/src/main/java/com/github/pockethub/android/ui/issue/EditAssigneeTask.java:82}","17","17"
"f89fe4b8844dced54c7bb1ceb9e517893dc10fec","CHANGE_SIGNATURE","{Method subscribe(ObservableEmitter) at app/src/main/java/com/github/pockethub/android/ui/issue/EditStateTask.java:74}","{Method subscribe(SingleEmitter) at app/src/main/java/com/github/pockethub/android/ui/issue/EditStateTask.java:74}","9","8"
"f89fe4b8844dced54c7bb1ceb9e517893dc10fec","CHANGE_SIGNATURE","{Method subscribe(ObservableEmitter) at app/src/main/java/com/github/pockethub/android/ui/issue/EditLabelsTask.java:83}","{Method subscribe(SingleEmitter) at app/src/main/java/com/github/pockethub/android/ui/issue/EditLabelsTask.java:83}","13","13"
"f89fe4b8844dced54c7bb1ceb9e517893dc10fec","CHANGE_SIGNATURE","{Method subscribe(ObservableEmitter) at app/src/main/java/com/github/pockethub/android/core/code/RefreshTreeTask.java:67}","{Method subscribe(SingleEmitter) at app/src/main/java/com/github/pockethub/android/core/code/RefreshTreeTask.java:67}","40","40"
"f89fe4b8844dced54c7bb1ceb9e517893dc10fec","CHANGE_SIGNATURE","{Method subscribe(ObservableEmitter) at app/src/main/java/com/github/pockethub/android/core/gist/RefreshGistTask.java:67}","{Method subscribe(SingleEmitter) at app/src/main/java/com/github/pockethub/android/core/gist/RefreshGistTask.java:67}","22","22"
"f89fe4b8844dced54c7bb1ceb9e517893dc10fec","CHANGE_SIGNATURE","{Method subscribe(ObservableEmitter) at app/src/main/java/com/github/pockethub/android/core/issue/RefreshIssueTask.java:80}","{Method subscribe(SingleEmitter) at app/src/main/java/com/github/pockethub/android/core/issue/RefreshIssueTask.java:80}","30","30"
"f89fe4b8844dced54c7bb1ceb9e517893dc10fec","CHANGE_SIGNATURE","{Method subscribe(ObservableEmitter) at app/src/main/java/com/github/pockethub/android/core/commit/RefreshCommitTask.java:69}","{Method subscribe(SingleEmitter) at app/src/main/java/com/github/pockethub/android/core/commit/RefreshCommitTask.java:69}","21","21"
"f89fe4b8844dced54c7bb1ceb9e517893dc10fec","CHANGE_SIGNATURE","{Method subscribe(ObservableEmitter) at app/src/main/java/com/github/pockethub/android/ui/issue/EditMilestoneTask.java:80}","{Method subscribe(SingleEmitter) at app/src/main/java/com/github/pockethub/android/ui/issue/EditMilestoneTask.java:80}","8","8"
"ba16da9e918a4aa01ff4d97b164f7c24aff62a8a","MOVE","{Method onSubscribe(Disposable) at app/src/main/java/com/github/pockethub/android/rx/ObserverAdapter.java:29}","{Method onSubscribe(Disposable) at app/src/main/java/com/github/pockethub/android/rx/ProgressObserverAdapter.java:53}","3","2"
"ba16da9e918a4aa01ff4d97b164f7c24aff62a8a","MOVE","{Method onNext(T) at app/src/main/java/com/github/pockethub/android/rx/ObserverAdapter.java:39}","{Method onNext(T) at app/src/main/java/com/github/pockethub/android/rx/ProgressObserverAdapter.java:57}","3","2"
"85d7eba20451886240fb920883183247892085cb"
"c21cb5febcd7836d31f76dced01c99c1ccd1f08c"
"9eadf2bcaa300c9e26503583789cf4d22a0fbca2"
"1553cca6474e0ba96bd08e2bb819e0005e2b62ef","RENAME","{Method success(IssueFilter) at app/src/main/java/com/github/pockethub/android/ui/issue/FiltersViewFragment.java:87}","{Method accept(IssueFilter) at app/src/main/java/com/github/pockethub/android/ui/issue/FiltersViewFragment.java:88}","5","5"
"1553cca6474e0ba96bd08e2bb819e0005e2b62ef","CHANGE_SIGNATURE","{Method removeIssueFilter(IssueFilter, RequestFuture) at app/src/main/java/com/github/pockethub/android/persistence/AccountDataManager.java:290}","{Method removeIssueFilter(IssueFilter, Consumer) at app/src/main/java/com/github/pockethub/android/persistence/AccountDataManager.java:280}","19","14"
"1553cca6474e0ba96bd08e2bb819e0005e2b62ef","RENAME","{Method success(IssueFilter) at app/src/main/java/com/github/pockethub/android/ui/issue/FiltersViewActivity.java:88}","{Method accept(IssueFilter) at app/src/main/java/com/github/pockethub/android/ui/issue/FiltersViewActivity.java:89}","5","5"
"1553cca6474e0ba96bd08e2bb819e0005e2b62ef","CHANGE_SIGNATURE","{Method getIssueFilters(RequestFuture) at app/src/main/java/com/github/pockethub/android/persistence/AccountDataManager.java:207}","{Method getIssueFilters(Consumer) at app/src/main/java/com/github/pockethub/android/persistence/AccountDataManager.java:207}","13","8"
"1553cca6474e0ba96bd08e2bb819e0005e2b62ef","RENAME","{Method onError(Throwable) at app/src/main/java/com/github/pockethub/android/persistence/AccountDataManager.java:256}","{Method accept(Throwable) at app/src/main/java/com/github/pockethub/android/persistence/AccountDataManager.java:251}","3","3"
"1553cca6474e0ba96bd08e2bb819e0005e2b62ef","CHANGE_SIGNATURE","{Method addIssueFilter(IssueFilter, RequestFuture) at app/src/main/java/com/github/pockethub/android/persistence/AccountDataManager.java:247}","{Method addIssueFilter(IssueFilter, Consumer) at app/src/main/java/com/github/pockethub/android/persistence/AccountDataManager.java:242}","19","14"
"1553cca6474e0ba96bd08e2bb819e0005e2b62ef","RENAME","{Method onError(Throwable) at app/src/main/java/com/github/pockethub/android/persistence/AccountDataManager.java:304}","{Method accept(Throwable) at app/src/main/java/com/github/pockethub/android/persistence/AccountDataManager.java:289}","3","3"
"1553cca6474e0ba96bd08e2bb819e0005e2b62ef","RENAME","{Method success(IssueFilter) at app/src/main/java/com/github/pockethub/android/ui/issue/IssuesFragment.java:228}","{Method accept(IssueFilter) at app/src/main/java/com/github/pockethub/android/ui/issue/IssuesFragment.java:229}","3","3"
"2e80c6494d6ced79803ceff3d3b8b719eb1b68c4"
"60685f30762d2aefe265db454a91cfee3cdd7dc5"
"63ee91045f231a090b5593d2356ec8fd075c84ce","RENAME","{Method call(Page) at app/src/main/java/com/github/pockethub/android/ui/issue/MilestoneDialog.java:124}","{Method apply(Page) at app/src/main/java/com/github/pockethub/android/ui/issue/MilestoneDialog.java:125}","8","8"
"63ee91045f231a090b5593d2356ec8fd075c84ce","RENAME","{Method call(Subscriber) at app/src/main/java/com/github/pockethub/android/ui/issue/EditLabelsTask.java:83}","{Method subscribe(ObservableEmitter) at app/src/main/java/com/github/pockethub/android/ui/issue/EditLabelsTask.java:83}","13","13"
"63ee91045f231a090b5593d2356ec8fd075c84ce","RENAME","{Method call(Subscriber) at app/src/main/java/com/github/pockethub/android/core/code/RefreshTreeTask.java:67}","{Method subscribe(ObservableEmitter) at app/src/main/java/com/github/pockethub/android/core/code/RefreshTreeTask.java:67}","40","40"
"63ee91045f231a090b5593d2356ec8fd075c84ce","RENAME","{Method call(Subscriber) at app/src/main/java/com/github/pockethub/android/persistence/AccountDataManager.java:210}","{Method subscribe(ObservableEmitter) at app/src/main/java/com/github/pockethub/android/persistence/AccountDataManager.java:210}","3","3"
"63ee91045f231a090b5593d2356ec8fd075c84ce","RENAME","{Method call(Subscriber) at app/src/main/java/com/github/pockethub/android/core/issue/RefreshIssueTask.java:82}","{Method subscribe(ObservableEmitter) at app/src/main/java/com/github/pockethub/android/core/issue/RefreshIssueTask.java:80}","30","30"
"63ee91045f231a090b5593d2356ec8fd075c84ce","RENAME","{Method call(Subscriber) at app/src/main/java/com/github/pockethub/android/core/commit/RefreshCommitTask.java:69}","{Method subscribe(ObservableEmitter) at app/src/main/java/com/github/pockethub/android/core/commit/RefreshCommitTask.java:69}","21","21"
"63ee91045f231a090b5593d2356ec8fd075c84ce","RENAME","{Method call(Subscriber) at app/src/main/java/com/github/pockethub/android/ui/issue/EditAssigneeTask.java:82}","{Method subscribe(ObservableEmitter) at app/src/main/java/com/github/pockethub/android/ui/issue/EditAssigneeTask.java:82}","17","17"
"63ee91045f231a090b5593d2356ec8fd075c84ce","RENAME","{Method call(Subscriber) at app/src/main/java/com/github/pockethub/android/ui/gist/GistFileFragment.java:152}","{Method subscribe(ObservableEmitter) at app/src/main/java/com/github/pockethub/android/ui/gist/GistFileFragment.java:152}","16","16"
"63ee91045f231a090b5593d2356ec8fd075c84ce","RENAME","{Method call(Page) at app/src/main/java/com/github/pockethub/android/ui/issue/AssigneeDialog.java:113}","{Method apply(Page) at app/src/main/java/com/github/pockethub/android/ui/issue/AssigneeDialog.java:114}","8","8"
"63ee91045f231a090b5593d2356ec8fd075c84ce","RENAME","{Method call(Subscriber) at app/src/main/java/com/github/pockethub/android/persistence/AccountDataManager.java:293}","{Method subscribe(ObservableEmitter) at app/src/main/java/com/github/pockethub/android/persistence/AccountDataManager.java:293}","4","4"
"63ee91045f231a090b5593d2356ec8fd075c84ce","RENAME","{Method call(Subscriber) at app/src/main/java/com/github/pockethub/android/persistence/AccountDataManager.java:250}","{Method subscribe(ObservableEmitter) at app/src/main/java/com/github/pockethub/android/persistence/AccountDataManager.java:250}","4","4"
"63ee91045f231a090b5593d2356ec8fd075c84ce","RENAME","{Method call(Page) at app/src/main/java/com/github/pockethub/android/ui/ref/RefDialog.java:116}","{Method apply(Page) at app/src/main/java/com/github/pockethub/android/ui/ref/RefDialog.java:117}","8","8"
"63ee91045f231a090b5593d2356ec8fd075c84ce","RENAME","{Method call(Subscriber) at app/src/main/java/com/github/pockethub/android/ui/issue/EditStateTask.java:74}","{Method subscribe(ObservableEmitter) at app/src/main/java/com/github/pockethub/android/ui/issue/EditStateTask.java:74}","9","9"
"63ee91045f231a090b5593d2356ec8fd075c84ce","RENAME","{Method call(Subscriber) at app/src/main/java/com/github/pockethub/android/core/gist/RefreshGistTask.java:67}","{Method subscribe(ObservableEmitter) at app/src/main/java/com/github/pockethub/android/core/gist/RefreshGistTask.java:67}","22","22"
"63ee91045f231a090b5593d2356ec8fd075c84ce","RENAME","{Method call(Subscriber) at app/src/main/java/com/github/pockethub/android/ui/gist/GistsPagerFragment.java:68}","{Method subscribe(ObservableEmitter) at app/src/main/java/com/github/pockethub/android/ui/gist/GistsPagerFragment.java:68}","21","21"
"63ee91045f231a090b5593d2356ec8fd075c84ce","RENAME","{Method call(Subscriber) at app/src/main/java/com/github/pockethub/android/ui/issue/EditMilestoneTask.java:80}","{Method subscribe(ObservableEmitter) at app/src/main/java/com/github/pockethub/android/ui/issue/EditMilestoneTask.java:80}","8","8"
"63ee91045f231a090b5593d2356ec8fd075c84ce","RENAME","{Method call(Page) at app/src/main/java/com/github/pockethub/android/ui/issue/LabelsDialog.java:117}","{Method apply(Page) at app/src/main/java/com/github/pockethub/android/ui/issue/LabelsDialog.java:118}","8","8"
"dc3f8b9564e28f1329e0a39909912a74dcc52181","RENAME","{Method onNext(Response) at app/src/main/java/com/github/pockethub/android/ui/issue/EditIssueActivity.java:436}","{Method onSuccess(Response) at app/src/main/java/com/github/pockethub/android/ui/issue/EditIssueActivity.java:436}","6","6"
"dc3f8b9564e28f1329e0a39909912a74dcc52181","RENAME","{Method onNext(GitHubComment) at app/src/main/java/com/github/pockethub/android/ui/gist/EditCommentActivity.java:107}","{Method onSuccess(GitHubComment) at app/src/main/java/com/github/pockethub/android/ui/gist/EditCommentActivity.java:107}","5","5"
"dc3f8b9564e28f1329e0a39909912a74dcc52181","RENAME","{Method onNext(Repository) at app/src/main/java/com/github/pockethub/android/ui/repo/RepositoryViewActivity.java:312}","{Method onSuccess(Repository) at app/src/main/java/com/github/pockethub/android/ui/repo/RepositoryViewActivity.java:312}","7","7"
"dc3f8b9564e28f1329e0a39909912a74dcc52181","RENAME","{Method onNext(Response) at app/src/main/java/com/github/pockethub/android/ui/user/UserViewActivity.java:237}","{Method onSuccess(Response) at app/src/main/java/com/github/pockethub/android/ui/user/UserViewActivity.java:237}","5","5"
"dc3f8b9564e28f1329e0a39909912a74dcc52181","RENAME","{Method onNext(Response) at app/src/main/java/com/github/pockethub/android/ui/gist/GistFragment.java:346}","{Method onSuccess(Response) at app/src/main/java/com/github/pockethub/android/ui/gist/GistFragment.java:345}","3","3"
"dc3f8b9564e28f1329e0a39909912a74dcc52181","RENAME","{Method onNext(Response) at app/src/main/java/com/github/pockethub/android/ui/repo/RepositoryViewActivity.java:352}","{Method onSuccess(Response) at app/src/main/java/com/github/pockethub/android/ui/repo/RepositoryViewActivity.java:352}","4","4"
"dc3f8b9564e28f1329e0a39909912a74dcc52181","RENAME","{Method onNext(Repository) at app/src/main/java/com/github/pockethub/android/ui/search/SearchRepositoryListFragment.java:132}","{Method onSuccess(Repository) at app/src/main/java/com/github/pockethub/android/ui/search/SearchRepositoryListFragment.java:132}","4","4"
"dc3f8b9564e28f1329e0a39909912a74dcc52181","RENAME","{Method onNext(GitHubComment) at app/src/main/java/com/github/pockethub/android/ui/issue/CreateCommentActivity.java:96}","{Method onSuccess(GitHubComment) at app/src/main/java/com/github/pockethub/android/ui/issue/CreateCommentActivity.java:95}","3","3"
"dc3f8b9564e28f1329e0a39909912a74dcc52181","RENAME","{Method onNext(Response) at app/src/main/java/com/github/pockethub/android/ui/gist/GistsViewActivity.java:180}","{Method onSuccess(Response) at app/src/main/java/com/github/pockethub/android/ui/gist/GistsViewActivity.java:180}","5","5"
"dc3f8b9564e28f1329e0a39909912a74dcc52181","RENAME","{Method onCompleted() at app/src/main/java/com/github/pockethub/android/ui/ref/RefDialog.java:86}","{Method onComplete() at app/src/main/java/com/github/pockethub/android/ui/ref/RefDialog.java:86}","13","13"
"dc3f8b9564e28f1329e0a39909912a74dcc52181","RENAME","{Method call(String) at app/src/main/java/com/github/pockethub/android/util/HttpImageGetter.java:238}","{Method apply(String) at app/src/main/java/com/github/pockethub/android/util/HttpImageGetter.java:238}","3","3"
"dc3f8b9564e28f1329e0a39909912a74dcc52181","RENAME","{Method onCompleted() at app/src/main/java/com/github/pockethub/android/ui/issue/LabelsDialog.java:87}","{Method onComplete() at app/src/main/java/com/github/pockethub/android/ui/issue/LabelsDialog.java:87}","13","13"
"dc3f8b9564e28f1329e0a39909912a74dcc52181","RENAME","{Method onNext(Response) at app/src/main/java/com/github/pockethub/android/ui/issue/IssueFragment.java:543}","{Method onSuccess(Response) at app/src/main/java/com/github/pockethub/android/ui/issue/IssueFragment.java:542}","13","13"
"dc3f8b9564e28f1329e0a39909912a74dcc52181","RENAME","{Method onNext(GitHubToken) at app/src/main/java/com/github/pockethub/android/accounts/LoginActivity.java:158}","{Method onSuccess(GitHubToken) at app/src/main/java/com/github/pockethub/android/accounts/LoginActivity.java:157}","8","8"
"dc3f8b9564e28f1329e0a39909912a74dcc52181","RENAME","{Method onNext(Response) at app/src/main/java/com/github/pockethub/android/ui/repo/RepositoryViewActivity.java:167}","{Method onSuccess(Response) at app/src/main/java/com/github/pockethub/android/ui/repo/RepositoryViewActivity.java:167}","4","4"
"dc3f8b9564e28f1329e0a39909912a74dcc52181","RENAME","{Method onNext(String) at app/src/main/java/com/github/pockethub/android/ui/repo/RepositoryReadmeFragment.java:63}","{Method onSuccess(String) at app/src/main/java/com/github/pockethub/android/ui/repo/RepositoryReadmeFragment.java:63}","8","8"
"dc3f8b9564e28f1329e0a39909912a74dcc52181","RENAME","{Method onNext(Repository) at app/src/main/java/com/github/pockethub/android/ui/issue/IssuesViewActivity.java:207}","{Method onSuccess(Repository) at app/src/main/java/com/github/pockethub/android/ui/issue/IssuesViewActivity.java:207}","3","3"
"dc3f8b9564e28f1329e0a39909912a74dcc52181","RENAME","{Method onNext(String) at app/src/main/java/com/github/pockethub/android/util/HttpImageGetter.java:202}","{Method onSuccess(String) at app/src/main/java/com/github/pockethub/android/util/HttpImageGetter.java:202}","3","3"
"dc3f8b9564e28f1329e0a39909912a74dcc52181","RENAME","{Method onCompleted() at app/src/main/java/com/github/pockethub/android/ui/issue/AssigneeDialog.java:86}","{Method onComplete() at app/src/main/java/com/github/pockethub/android/ui/issue/AssigneeDialog.java:86}","12","12"
"dc3f8b9564e28f1329e0a39909912a74dcc52181","RENAME","{Method onNext(User) at app/src/main/java/com/github/pockethub/android/ui/user/UserViewActivity.java:106}","{Method onSuccess(User) at app/src/main/java/com/github/pockethub/android/ui/user/UserViewActivity.java:106}","4","4"
"dc3f8b9564e28f1329e0a39909912a74dcc52181","RENAME","{Method onNext(Response) at app/src/main/java/com/github/pockethub/android/ui/gist/GistFragment.java:496}","{Method onSuccess(Response) at app/src/main/java/com/github/pockethub/android/ui/gist/GistFragment.java:495}","18","18"
"dc3f8b9564e28f1329e0a39909912a74dcc52181","RENAME","{Method onNext(User) at app/src/main/java/com/github/pockethub/android/ui/repo/RepositoryContributorsFragment.java:115}","{Method onSuccess(User) at app/src/main/java/com/github/pockethub/android/ui/repo/RepositoryContributorsFragment.java:115}","4","4"
"dc3f8b9564e28f1329e0a39909912a74dcc52181","RENAME","{Method onNext(Gist) at app/src/main/java/com/github/pockethub/android/ui/gist/CreateGistActivity.java:208}","{Method onSuccess(Gist) at app/src/main/java/com/github/pockethub/android/ui/gist/CreateGistActivity.java:208}","6","6"
"dc3f8b9564e28f1329e0a39909912a74dcc52181","RENAME","{Method onNext(GitHubComment) at app/src/main/java/com/github/pockethub/android/ui/issue/EditCommentActivity.java:119}","{Method onSuccess(GitHubComment) at app/src/main/java/com/github/pockethub/android/ui/issue/EditCommentActivity.java:119}","5","5"
"dc3f8b9564e28f1329e0a39909912a74dcc52181","RENAME","{Method onNext(GitBlob) at app/src/main/java/com/github/pockethub/android/ui/ref/BranchFileViewActivity.java:283}","{Method onSuccess(GitBlob) at app/src/main/java/com/github/pockethub/android/ui/ref/BranchFileViewActivity.java:282}","19","19"
"dc3f8b9564e28f1329e0a39909912a74dcc52181","RENAME","{Method onNext(GitBlob) at app/src/main/java/com/github/pockethub/android/ui/commit/CommitFileViewActivity.java:283}","{Method onSuccess(GitBlob) at app/src/main/java/com/github/pockethub/android/ui/commit/CommitFileViewActivity.java:283}","22","22"
"dc3f8b9564e28f1329e0a39909912a74dcc52181","RENAME","{Method onNext(Response) at app/src/main/java/com/github/pockethub/android/ui/gist/GistFragment.java:314}","{Method onSuccess(Response) at app/src/main/java/com/github/pockethub/android/ui/gist/GistFragment.java:313}","3","3"
"dc3f8b9564e28f1329e0a39909912a74dcc52181","RENAME","{Method onNext(CommitCompare) at app/src/main/java/com/github/pockethub/android/ui/commit/CommitCompareListFragment.java:135}","{Method onSuccess(CommitCompare) at app/src/main/java/com/github/pockethub/android/ui/commit/CommitCompareListFragment.java:134}","8","8"
"dc3f8b9564e28f1329e0a39909912a74dcc52181","RENAME","{Method onCompleted() at app/src/main/java/com/github/pockethub/android/ui/issue/MilestoneDialog.java:93}","{Method onComplete() at app/src/main/java/com/github/pockethub/android/ui/issue/MilestoneDialog.java:93}","14","14"
"dc3f8b9564e28f1329e0a39909912a74dcc52181","RENAME","{Method onNext(Repository) at app/src/main/java/com/github/pockethub/android/ui/repo/RepositoryViewActivity.java:122}","{Method onSuccess(Repository) at app/src/main/java/com/github/pockethub/android/ui/repo/RepositoryViewActivity.java:122}","4","4"
"dc3f8b9564e28f1329e0a39909912a74dcc52181","RENAME","{Method onNext(User) at app/src/main/java/com/github/pockethub/android/accounts/LoginActivity.java:245}","{Method onSuccess(User) at app/src/main/java/com/github/pockethub/android/accounts/LoginActivity.java:244}","17","17"
"dc3f8b9564e28f1329e0a39909912a74dcc52181","RENAME","{Method onNext(GitHubComment) at app/src/main/java/com/github/pockethub/android/ui/gist/CreateCommentActivity.java:90}","{Method onSuccess(GitHubComment) at app/src/main/java/com/github/pockethub/android/ui/gist/CreateCommentActivity.java:90}","3","3"
"dc3f8b9564e28f1329e0a39909912a74dcc52181","RENAME","{Method onNext(User) at app/src/main/java/com/github/pockethub/android/ui/search/SearchUserListFragment.java:138}","{Method onSuccess(User) at app/src/main/java/com/github/pockethub/android/ui/search/SearchUserListFragment.java:138}","3","3"
"dc3f8b9564e28f1329e0a39909912a74dcc52181","RENAME","{Method onNext(Issue) at app/src/main/java/com/github/pockethub/android/ui/issue/EditIssueActivity.java:407}","{Method onSuccess(Issue) at app/src/main/java/com/github/pockethub/android/ui/issue/EditIssueActivity.java:407}","7","7"
"dc3f8b9564e28f1329e0a39909912a74dcc52181","RENAME","{Method onNext(Response) at app/src/main/java/com/github/pockethub/android/ui/repo/RepositoryViewActivity.java:287}","{Method onSuccess(Response) at app/src/main/java/com/github/pockethub/android/ui/repo/RepositoryViewActivity.java:287}","5","5"
"dc3f8b9564e28f1329e0a39909912a74dcc52181","RENAME","{Method onNext(GitComment) at app/src/main/java/com/github/pockethub/android/ui/commit/CreateCommentActivity.java:128}","{Method onSuccess(GitComment) at app/src/main/java/com/github/pockethub/android/ui/commit/CreateCommentActivity.java:128}","4","4"
"dc3f8b9564e28f1329e0a39909912a74dcc52181","RENAME","{Method onNext(Response) at app/src/main/java/com/github/pockethub/android/ui/user/UserViewActivity.java:216}","{Method onSuccess(Response) at app/src/main/java/com/github/pockethub/android/ui/user/UserViewActivity.java:216}","3","3"
"dc3f8b9564e28f1329e0a39909912a74dcc52181","RENAME","{Method onNext(Response) at app/src/main/java/com/github/pockethub/android/ui/repo/RepositoryViewActivity.java:266}","{Method onSuccess(Response) at app/src/main/java/com/github/pockethub/android/ui/repo/RepositoryViewActivity.java:266}","4","4"
"6e0b7e40dee87470d17d9981a12d61fd581a4c9d"
"dd39aa55aaf18d2492cb0d580326fbe2c09daaf1","RENAME","{Method call(SearchPage) at app/src/main/java/com/github/pockethub/android/ui/search/SearchUserListFragment.java:77}","{Method apply(SearchPage) at app/src/main/java/com/github/pockethub/android/ui/search/SearchUserListFragment.java:81}","9","9"
"dd39aa55aaf18d2492cb0d580326fbe2c09daaf1","RENAME","{Method call(SearchPage) at app/src/main/java/com/github/pockethub/android/ui/search/SearchRepositoryListFragment.java:74}","{Method apply(SearchPage) at app/src/main/java/com/github/pockethub/android/ui/search/SearchRepositoryListFragment.java:78}","9","9"
"930d9b469b28770d3b0be0531893f4572f67b769"
"25266af39d906d41f48cb58c42749cae54251614"
"01550b73b047f9674c2498f7944ff9280833f468"
"237a839245e64278867c8bc510e3a37b19bfce1d"
"4f1ed0887b34f7ac9b657fe06092855159b2a090"
"2be56354278d2b0dc9f4af8dadcd701e2d320574"
"3e46129d4a54cf9bb40393d58d48a46511aae68b"
"2c70b5501c343fa11dee075ef4e01049290ed89e"
"c0e99a448f16499c98d9c020b600f6c6eea3ed0b"
"01e3a4aa7138acffd82eae48e2f45ae462f33b53"
"4117b7680022c0fd413e6a139f8e0f09f7d270a0"
"5b7f445e9b91b0e0b96b70478e4b64742cdba1b1"
"2b4b46c2ef8603f614eb2586d12dfe0c85a4ef42"
"666cef42383132b1eee73417c0e4d651807041e8"
"46d0890edc6bb6908943917ae71cb77a4514d16a"
"450a1a1ebba956ca8adbc0dfefa05742f7afc403"
"0b333c444c75db4090b9b18f4c9b1ff1d0685361"
"9d1edf3a79faf54168a24fd4d8d910c3e9e75ae0"
"73338cf6cd2155d53769a539ee1f387491244458"
"bc46d372463c1eb4065b0124364db2595e394cda"
"11d222ea025bda20cc6498acc8b4fda5a2b697f8"
"c04490d67c05f2bbcd1382a21f93a698241470ab","CHANGE_SIGNATURE","{Method new(Repo) at app/src/main/java/com/github/pockethub/android/core/issue/IssueFilter.java:164}","{Method new(Repository) at app/src/main/java/com/github/pockethub/android/core/issue/IssueFilter.java:164}","4","4"
"c04490d67c05f2bbcd1382a21f93a698241470ab","CHANGE_SIGNATURE","{Method generateIconAndFormatStyledText(IconAndViewTextManager, GithubEvent, StyledText, StyledText) at app/src/main/java/com/github/pockethub/android/ui/user/EventType.java:110}","{Method generateIconAndFormatStyledText(IconAndViewTextManager, GitHubEvent, StyledText, StyledText) at app/src/main/java/com/github/pockethub/android/ui/user/EventType.java:113}","4","4"
"c04490d67c05f2bbcd1382a21f93a698241470ab","CHANGE_SIGNATURE","{Method new(LayoutInflater, Repo[]) at app/src/main/java/com/github/pockethub/android/ui/search/SearchRepositoryListAdapter.java:42}","{Method new(LayoutInflater, Repository[]) at app/src/main/java/com/github/pockethub/android/ui/search/SearchRepositoryListAdapter.java:42}","3","3"
"c04490d67c05f2bbcd1382a21f93a698241470ab","RENAME","{Method onNext(List) at app/src/main/java/com/github/pockethub/android/ui/issue/MilestoneDialog.java:89}","{Method onCompleted() at app/src/main/java/com/github/pockethub/android/ui/issue/MilestoneDialog.java:92}","12","13"
"c04490d67c05f2bbcd1382a21f93a698241470ab","CHANGE_SIGNATURE","{Method onNext(GithubComment) at app/src/main/java/com/github/pockethub/android/ui/issue/EditCommentActivity.java:114}","{Method onNext(GitHubComment) at app/src/main/java/com/github/pockethub/android/ui/issue/EditCommentActivity.java:118}","6","5"
"c04490d67c05f2bbcd1382a21f93a698241470ab","CHANGE_SIGNATURE","{Method onNext(Boolean) at app/src/main/java/com/github/pockethub/android/ui/user/UserViewActivity.java:214}","{Method onNext(Response) at app/src/main/java/com/github/pockethub/android/ui/user/UserViewActivity.java:215}","3","3"
"c04490d67c05f2bbcd1382a21f93a698241470ab","INLINE","{Method new() at app/src/main/java/com/github/pockethub/android/api/FollowEventPayload.java:38}","{Method onCompleted() at app/src/main/java/com/github/pockethub/android/ui/ref/RefDialog.java:85}","3","11"
"c04490d67c05f2bbcd1382a21f93a698241470ab","INLINE","{Method new() at app/src/main/java/com/github/pockethub/android/api/MemberEventPayload.java:37}","{Method createPager() at app/src/main/java/com/github/pockethub/android/ui/search/SearchUserListFragment.java:61}","2","31"
"c04490d67c05f2bbcd1382a21f93a698241470ab","CHANGE_SIGNATURE","{Method generateIconAndFormatStyledText(IconAndViewTextManager, GithubEvent, StyledText, StyledText) at app/src/main/java/com/github/pockethub/android/ui/user/EventType.java:124}","{Method generateIconAndFormatStyledText(IconAndViewTextManager, GitHubEvent, StyledText, StyledText) at app/src/main/java/com/github/pockethub/android/ui/user/EventType.java:127}","4","4"
"c04490d67c05f2bbcd1382a21f93a698241470ab","CHANGE_SIGNATURE","{Method createIntent(Collection, Repo, int) at app/src/main/java/com/github/pockethub/android/ui/issue/IssuesViewActivity.java:95}","{Method createIntent(Collection, Repository, int) at app/src/main/java/com/github/pockethub/android/ui/issue/IssuesViewActivity.java:96}","14","14"
"c04490d67c05f2bbcd1382a21f93a698241470ab","CHANGE_SIGNATURE","{Method formatTeamAdd(GithubEvent, StyledText, StyledText) at app/src/main/java/com/github/pockethub/android/ui/user/IconAndViewTextManager.java:355}","{Method formatTeamAdd(GitHubEvent, StyledText, StyledText) at app/src/main/java/com/github/pockethub/android/ui/user/IconAndViewTextManager.java:397}","17","18"
"c04490d67c05f2bbcd1382a21f93a698241470ab","INLINE","{Method new() at app/src/main/java/com/github/pockethub/android/api/GistEventPayload.java:38}","{Method onCompleted() at app/src/main/java/com/github/pockethub/android/ui/ref/RefDialog.java:85}","3","11"
"c04490d67c05f2bbcd1382a21f93a698241470ab","CHANGE_SIGNATURE","{Method onNext(Repo) at app/src/main/java/com/github/pockethub/android/ui/issue/IssuesViewActivity.java:202}","{Method onNext(Repository) at app/src/main/java/com/github/pockethub/android/ui/issue/IssuesViewActivity.java:204}","3","3"
"c04490d67c05f2bbcd1382a21f93a698241470ab","CHANGE_SIGNATURE","{Method onNext(GithubComment) at app/src/main/java/com/github/pockethub/android/ui/issue/CreateCommentActivity.java:90}","{Method onNext(GitHubComment) at app/src/main/java/com/github/pockethub/android/ui/issue/CreateCommentActivity.java:95}","4","3"
"c04490d67c05f2bbcd1382a21f93a698241470ab","INLINE","{Method new() at app/src/main/java/com/github/pockethub/android/api/MemberEventPayload.java:37}","{Method createPager() at app/src/main/java/com/github/pockethub/android/ui/search/SearchRepositoryListFragment.java:58}","2","31"
"c04490d67c05f2bbcd1382a21f93a698241470ab","CHANGE_SIGNATURE","{Method generateIconAndFormatStyledText(IconAndViewTextManager, GithubEvent, StyledText, StyledText) at app/src/main/java/com/github/pockethub/android/ui/user/EventType.java:158}","{Method generateIconAndFormatStyledText(IconAndViewTextManager, GitHubEvent, StyledText, StyledText) at app/src/main/java/com/github/pockethub/android/ui/user/EventType.java:161}","1","1"
"c04490d67c05f2bbcd1382a21f93a698241470ab","CHANGE_SIGNATURE","{Method onNext(Repo) at app/src/main/java/com/github/pockethub/android/ui/repo/RepositoryViewActivity.java:307}","{Method onNext(Repository) at app/src/main/java/com/github/pockethub/android/ui/repo/RepositoryViewActivity.java:309}","7","7"
"c04490d67c05f2bbcd1382a21f93a698241470ab","CHANGE_SIGNATURE","{Method generateIconAndFormatStyledText(IconAndViewTextManager, GithubEvent, StyledText, StyledText) at app/src/main/java/com/github/pockethub/android/ui/user/EventType.java:77}","{Method generateIconAndFormatStyledText(IconAndViewTextManager, GitHubEvent, StyledText, StyledText) at app/src/main/java/com/github/pockethub/android/ui/user/EventType.java:83}","4","4"
"c04490d67c05f2bbcd1382a21f93a698241470ab","INLINE","{Method new() at app/src/main/java/com/github/pockethub/android/api/FollowEventPayload.java:38}","{Method load(Collection) at app/src/main/java/com/github/pockethub/android/ui/issue/LabelsDialog.java:76}","3","31"
"c04490d67c05f2bbcd1382a21f93a698241470ab","CHANGE_SIGNATURE","{Method onDeleteComment(GithubComment) at app/src/main/java/com/github/pockethub/android/ui/gist/GistFragment.java:511}","{Method onDeleteComment(GitHubComment) at app/src/main/java/com/github/pockethub/android/ui/gist/GistFragment.java:512}","11","11"
"c04490d67c05f2bbcd1382a21f93a698241470ab","CHANGE_SIGNATURE","{Method addCommit(Repo, Commit) at app/src/main/java/com/github/pockethub/android/core/commit/CommitStore.java:68}","{Method addCommit(Repository, Commit) at app/src/main/java/com/github/pockethub/android/core/commit/CommitStore.java:69}","23","14"
"c04490d67c05f2bbcd1382a21f93a698241470ab","CHANGE_SIGNATURE","{Method generateIconAndFormatStyledText(IconAndViewTextManager, GithubEvent, StyledText, StyledText) at app/src/main/java/com/github/pockethub/android/ui/user/EventType.java:70}","{Method generateIconAndFormatStyledText(IconAndViewTextManager, GitHubEvent, StyledText, StyledText) at app/src/main/java/com/github/pockethub/android/ui/user/EventType.java:76}","4","4"
"c04490d67c05f2bbcd1382a21f93a698241470ab","CHANGE_SIGNATURE","{Method formatWiki(GithubEvent, StyledText, StyledText) at app/src/main/java/com/github/pockethub/android/ui/user/IconAndViewTextManager.java:199}","{Method formatWiki(GitHubEvent, StyledText, StyledText) at app/src/main/java/com/github/pockethub/android/ui/user/IconAndViewTextManager.java:232}","5","5"
"c04490d67c05f2bbcd1382a21f93a698241470ab","CHANGE_SIGNATURE","{Method onNext(Repo) at app/src/main/java/com/github/pockethub/android/ui/repo/RepositoryViewActivity.java:122}","{Method onNext(Repository) at app/src/main/java/com/github/pockethub/android/ui/repo/RepositoryViewActivity.java:121}","4","4"
"c04490d67c05f2bbcd1382a21f93a698241470ab","CHANGE_SIGNATURE","{Method onNext(Boolean) at app/src/main/java/com/github/pockethub/android/ui/user/UserViewActivity.java:235}","{Method onNext(Response) at app/src/main/java/com/github/pockethub/android/ui/user/UserViewActivity.java:236}","5","5"
"c04490d67c05f2bbcd1382a21f93a698241470ab","CHANGE_SIGNATURE","{Method formatPublic(GithubEvent, StyledText, StyledText) at app/src/main/java/com/github/pockethub/android/ui/user/IconAndViewTextManager.java:253}","{Method formatPublic(GitHubEvent, StyledText, StyledText) at app/src/main/java/com/github/pockethub/android/ui/user/IconAndViewTextManager.java:291}","5","5"
"c04490d67c05f2bbcd1382a21f93a698241470ab","CHANGE_SIGNATURE","{Method showFileOptions(CharSequence, int, CommitFile) at app/src/main/java/com/github/pockethub/android/ui/commit/CommitDiffListFragment.java:410}","{Method showFileOptions(CharSequence, int, GitHubFile) at app/src/main/java/com/github/pockethub/android/ui/commit/CommitDiffListFragment.java:413}","50","50"
"c04490d67c05f2bbcd1382a21f93a698241470ab","CHANGE_SIGNATURE","{Method new(BaseActivity, Repo, int, ProgressObserverAdapter) at app/src/main/java/com/github/pockethub/android/ui/issue/EditAssigneeTask.java:67}","{Method new(BaseActivity, Repository, int, ProgressObserverAdapter) at app/src/main/java/com/github/pockethub/android/ui/issue/EditAssigneeTask.java:69}","10","10"
"c04490d67c05f2bbcd1382a21f93a698241470ab","CHANGE_SIGNATURE","{Method createIntent(Issue, Repo) at app/src/main/java/com/github/pockethub/android/ui/issue/IssuesViewActivity.java:82}","{Method createIntent(Issue, Repository) at app/src/main/java/com/github/pockethub/android/ui/issue/IssuesViewActivity.java:83}","3","3"
"c04490d67c05f2bbcd1382a21f93a698241470ab","CHANGE_SIGNATURE","{Method onEditComment(GithubComment) at app/src/main/java/com/github/pockethub/android/ui/comment/EditCommentListener.java:30}","{Method onEditComment(GitHubComment) at app/src/main/java/com/github/pockethub/android/ui/comment/EditCommentListener.java:30}","1","1"
"c04490d67c05f2bbcd1382a21f93a698241470ab","CHANGE_SIGNATURE","{Method showMorePopup(View, GithubComment, boolean, boolean) at app/src/main/java/com/github/pockethub/android/ui/comment/CommentListAdapter.java:227}","{Method showMorePopup(View, GitHubComment, boolean, boolean) at app/src/main/java/com/github/pockethub/android/ui/comment/CommentListAdapter.java:226}","28","28"
"c04490d67c05f2bbcd1382a21f93a698241470ab","CHANGE_SIGNATURE","{Method add(CommitComment) at app/src/main/java/com/github/pockethub/android/core/commit/FullCommitFile.java:64}","{Method add(GitComment) at app/src/main/java/com/github/pockethub/android/core/commit/FullCommitFile.java:62}","12","12"
"c04490d67c05f2bbcd1382a21f93a698241470ab","INLINE","{Method new() at app/src/main/java/com/github/pockethub/android/api/MemberEventPayload.java:37}","{Method call(Subscriber) at app/src/main/java/com/github/pockethub/android/core/code/RefreshTreeTask.java:67}","2","42"
"c04490d67c05f2bbcd1382a21f93a698241470ab","CHANGE_SIGNATURE","{Method update(int, Repo) at app/src/main/java/com/github/pockethub/android/ui/repo/UserRepositoryListAdapter.java:75}","{Method update(int, Repository) at app/src/main/java/com/github/pockethub/android/ui/repo/UserRepositoryListAdapter.java:75}","13","13"
"c04490d67c05f2bbcd1382a21f93a698241470ab","CHANGE_SIGNATURE","{Method generateIconAndFormatStyledText(IconAndViewTextManager, GithubEvent, StyledText, StyledText) at app/src/main/java/com/github/pockethub/android/ui/user/EventType.java:91}","{Method generateIconAndFormatStyledText(IconAndViewTextManager, GitHubEvent, StyledText, StyledText) at app/src/main/java/com/github/pockethub/android/ui/user/EventType.java:97}","16","13"
"c04490d67c05f2bbcd1382a21f93a698241470ab","CHANGE_SIGNATURE","{Method createIntent(Repo, int, Collection) at app/src/main/java/com/github/pockethub/android/ui/commit/CommitViewActivity.java:70}","{Method createIntent(Repository, int, Collection) at app/src/main/java/com/github/pockethub/android/ui/commit/CommitViewActivity.java:70}","7","7"
"c04490d67c05f2bbcd1382a21f93a698241470ab","CHANGE_SIGNATURE","{Method new(Repo, CommitStore) at app/src/main/java/com/github/pockethub/android/core/commit/CommitPager.java:37}","{Method new(Repository, CommitStore) at app/src/main/java/com/github/pockethub/android/core/commit/CommitPager.java:37}","4","4"
"c04490d67c05f2bbcd1382a21f93a698241470ab","CHANGE_SIGNATURE","{Method new(Context, Repo, int, HttpImageGetter) at app/src/main/java/com/github/pockethub/android/core/issue/RefreshIssueTask.java:60}","{Method new(Context, Repository, int, HttpImageGetter, HttpImageGetter) at app/src/main/java/com/github/pockethub/android/core/issue/RefreshIssueTask.java:72}","6","8"
"c04490d67c05f2bbcd1382a21f93a698241470ab","CHANGE_SIGNATURE","{Method registerNoSeparator(Repo) at app/src/main/java/com/github/pockethub/android/ui/repo/DefaultRepositoryListAdapter.java:93}","{Method registerNoSeparator(Repository) at app/src/main/java/com/github/pockethub/android/ui/repo/DefaultRepositoryListAdapter.java:93}","4","4"
"c04490d67c05f2bbcd1382a21f93a698241470ab","CHANGE_SIGNATURE","{Method getId(Repo) at app/src/main/java/com/github/pockethub/android/ui/repo/UserRepositoryListFragment.java:66}","{Method getId(Repository) at app/src/main/java/com/github/pockethub/android/ui/repo/UserRepositoryListFragment.java:69}","3","3"
"c04490d67c05f2bbcd1382a21f93a698241470ab","CHANGE_SIGNATURE","{Method generateIconAndFormatStyledText(IconAndViewTextManager, GithubEvent, StyledText, StyledText) at app/src/main/java/com/github/pockethub/android/ui/user/EventType.java:117}","{Method generateIconAndFormatStyledText(IconAndViewTextManager, GitHubEvent, StyledText, StyledText) at app/src/main/java/com/github/pockethub/android/ui/user/EventType.java:120}","4","4"
"c04490d67c05f2bbcd1382a21f93a698241470ab","CHANGE_SIGNATURE","{Method new(BaseActivity, int, Repo) at app/src/main/java/com/github/pockethub/android/ui/ref/RefDialog.java:66}","{Method new(BaseActivity, int, Repository) at app/src/main/java/com/github/pockethub/android/ui/ref/RefDialog.java:66}","5","5"
"c04490d67c05f2bbcd1382a21f93a698241470ab","INLINE","{Method new() at app/src/main/java/com/github/pockethub/android/api/MemberEventPayload.java:37}","{Method execute(int) at app/src/main/java/com/github/pockethub/android/ui/search/SearchRepositoryListFragment.java:69}","2","16"
"c04490d67c05f2bbcd1382a21f93a698241470ab","CHANGE_SIGNATURE","{Method onNext(Pair) at app/src/main/java/com/github/pockethub/android/ui/ref/RefDialog.java:81}","{Method onNext(Page) at app/src/main/java/com/github/pockethub/android/ui/ref/RefDialog.java:79}","4","4"
"c04490d67c05f2bbcd1382a21f93a698241470ab","CHANGE_SIGNATURE","{Method new(AppCompatActivity, Repo, CharSequence[]) at app/src/main/java/com/github/pockethub/android/ui/commit/CommitPagerAdapter.java:43}","{Method new(AppCompatActivity, Repository, CharSequence[]) at app/src/main/java/com/github/pockethub/android/ui/commit/CommitPagerAdapter.java:43}","6","6"
"c04490d67c05f2bbcd1382a21f93a698241470ab","CHANGE_SIGNATURE","{Method new(LayoutInflater, GithubComment[], AvatarLoader, HttpImageGetter, EditCommentListener, DeleteCommentListener, String, boolean, Issue) at app/src/main/java/com/github/pockethub/android/ui/comment/CommentListAdapter.java:110}","{Method new(LayoutInflater, GitHubComment[], AvatarLoader, HttpImageGetter, EditCommentListener, DeleteCommentListener, String, boolean, Issue) at app/src/main/java/com/github/pockethub/android/ui/comment/CommentListAdapter.java:109}","13","13"
"c04490d67c05f2bbcd1382a21f93a698241470ab","CHANGE_SIGNATURE","{Method formatCommitComment(GithubEvent, StyledText, StyledText) at app/src/main/java/com/github/pockethub/android/ui/user/IconAndViewTextManager.java:118}","{Method formatCommitComment(GitHubEvent, StyledText, StyledText) at app/src/main/java/com/github/pockethub/android/ui/user/IconAndViewTextManager.java:145}","7","8"
"c04490d67c05f2bbcd1382a21f93a698241470ab","CHANGE_SIGNATURE","{Method add(Repo) at app/src/main/java/com/github/pockethub/android/ui/repo/RecentRepositories.java:92}","{Method add(Repository) at app/src/main/java/com/github/pockethub/android/ui/repo/RecentRepositories.java:92}","3","3"
"c04490d67c05f2bbcd1382a21f93a698241470ab","CHANGE_SIGNATURE","{Method createIntent(Repo, int, final...) at app/src/main/java/com/github/pockethub/android/ui/commit/CommitViewActivity.java:87}","{Method createIntent(Repository, int, final...) at app/src/main/java/com/github/pockethub/android/ui/commit/CommitViewActivity.java:87}","7","7"
"c04490d67c05f2bbcd1382a21f93a698241470ab","CHANGE_SIGNATURE","{Method bind(MenuItem, Organization) at app/src/main/java/com/github/pockethub/android/util/AvatarLoader.java:204}","{Method bind(MenuItem, User) at app/src/main/java/com/github/pockethub/android/util/AvatarLoader.java:182}","3","3"
"c04490d67c05f2bbcd1382a21f93a698241470ab","INLINE","{Method new() at app/src/main/java/com/github/pockethub/android/api/MemberEventPayload.java:37}","{Method load(Collection) at app/src/main/java/com/github/pockethub/android/ui/issue/LabelsDialog.java:76}","2","31"
"c04490d67c05f2bbcd1382a21f93a698241470ab","CHANGE_SIGNATURE","{Method setIconAndFormatStyledText(GithubEvent, StyledText, StyledText) at app/src/main/java/com/github/pockethub/android/ui/user/IconAndViewTextManager.java:395}","{Method setIconAndFormatStyledText(GitHubEvent, StyledText, StyledText) at app/src/main/java/com/github/pockethub/android/ui/user/IconAndViewTextManager.java:438}","4","4"
"c04490d67c05f2bbcd1382a21f93a698241470ab","CHANGE_SIGNATURE","{Method isValid(GithubEvent) at app/src/main/java/com/github/pockethub/android/ui/user/NewsListAdapter.java:51}","{Method isValid(GitHubEvent) at app/src/main/java/com/github/pockethub/android/ui/user/NewsListAdapter.java:50}","36","28"
"c04490d67c05f2bbcd1382a21f93a698241470ab","CHANGE_SIGNATURE","{Method new(LayoutInflater, Repo[], User) at app/src/main/java/com/github/pockethub/android/ui/repo/UserRepositoryListAdapter.java:46}","{Method new(LayoutInflater, Repository[], User) at app/src/main/java/com/github/pockethub/android/ui/repo/UserRepositoryListAdapter.java:46}","5","5"
"c04490d67c05f2bbcd1382a21f93a698241470ab","CHANGE_SIGNATURE","{Method createIntent(Repo, String) at app/src/main/java/com/github/pockethub/android/ui/commit/CreateCommentActivity.java:57}","{Method createIntent(Repository, String) at app/src/main/java/com/github/pockethub/android/ui/commit/CreateCommentActivity.java:57}","3","3"
"c04490d67c05f2bbcd1382a21f93a698241470ab","CHANGE_SIGNATURE","{Method new(BaseActivity, int, Repo) at app/src/main/java/com/github/pockethub/android/ui/issue/LabelsDialog.java:66}","{Method new(BaseActivity, int, Repository) at app/src/main/java/com/github/pockethub/android/ui/issue/LabelsDialog.java:69}","6","6"
"c04490d67c05f2bbcd1382a21f93a698241470ab","CHANGE_SIGNATURE","{Method addItem(CommitFile) at app/src/main/java/com/github/pockethub/android/ui/commit/CommitFileListAdapter.java:126}","{Method addItem(GitHubFile) at app/src/main/java/com/github/pockethub/android/ui/commit/CommitFileListAdapter.java:126}","4","4"
"c04490d67c05f2bbcd1382a21f93a698241470ab","CHANGE_SIGNATURE","{Method compare(Repo, Repo) at app/src/main/java/com/github/pockethub/android/ui/repo/RecentRepositories.java:187}","{Method compare(Repository, Repository) at app/src/main/java/com/github/pockethub/android/ui/repo/RecentRepositories.java:187}","21","21"
"c04490d67c05f2bbcd1382a21f93a698241470ab","CHANGE_SIGNATURE","{Method eventRepoToRepo(Repo) at app/src/main/java/com/github/pockethub/android/util/ConvertUtils.java:30}","{Method eventRepoToRepo(Repository) at app/src/main/java/com/github/pockethub/android/util/ConvertUtils.java:29}","8","4"
"c04490d67c05f2bbcd1382a21f93a698241470ab","CHANGE_SIGNATURE","{Method new(LayoutInflater, GithubComment[], AvatarLoader, HttpImageGetter, Issue) at app/src/main/java/com/github/pockethub/android/ui/comment/CommentListAdapter.java:79}","{Method new(LayoutInflater, GitHubComment[], AvatarLoader, HttpImageGetter, Issue) at app/src/main/java/com/github/pockethub/android/ui/comment/CommentListAdapter.java:78}","4","4"
"c04490d67c05f2bbcd1382a21f93a698241470ab","CHANGE_SIGNATURE","{Method formatPush(GithubEvent, StyledText, StyledText) at app/src/main/java/com/github/pockethub/android/ui/user/IconAndViewTextManager.java:301}","{Method formatPush(GitHubEvent, StyledText, StyledText) at app/src/main/java/com/github/pockethub/android/ui/user/IconAndViewTextManager.java:341}","52","54"
"c04490d67c05f2bbcd1382a21f93a698241470ab","CHANGE_SIGNATURE","{Method compare(CommitFile, CommitFile) at app/src/main/java/com/github/pockethub/android/ui/commit/CommitFileComparator.java:31}","{Method compare(GitHubFile, GitHubFile) at app/src/main/java/com/github/pockethub/android/ui/commit/CommitFileComparator.java:31}","13","13"
"c04490d67c05f2bbcd1382a21f93a698241470ab","CHANGE_SIGNATURE","{Method createRepoId(Repo) at app/src/main/java/com/github/pockethub/android/util/InfoUtils.java:83}","{Method createRepoId(Repository) at app/src/main/java/com/github/pockethub/android/util/InfoUtils.java:45}","6","6"
"c04490d67c05f2bbcd1382a21f93a698241470ab","INLINE","{Method new() at app/src/main/java/com/github/pockethub/android/api/MemberEventPayload.java:37}","{Method execute(int) at app/src/main/java/com/github/pockethub/android/ui/search/SearchUserListFragment.java:72}","2","16"
"c04490d67c05f2bbcd1382a21f93a698241470ab","CHANGE_SIGNATURE","{Method under(Organization) at app/src/main/java/com/github/pockethub/android/persistence/OrganizationRepositories.java:60}","{Method under(User) at app/src/main/java/com/github/pockethub/android/persistence/OrganizationRepositories.java:63}","1","1"
"c04490d67c05f2bbcd1382a21f93a698241470ab","CHANGE_SIGNATURE","{Method createIntent(Repo, String, CommitFile) at app/src/main/java/com/github/pockethub/android/ui/commit/CommitFileViewActivity.java:83}","{Method createIntent(Repository, String, GitHubFile) at app/src/main/java/com/github/pockethub/android/ui/commit/CommitFileViewActivity.java:83}","8","8"
"c04490d67c05f2bbcd1382a21f93a698241470ab","CHANGE_SIGNATURE","{Method new(LayoutInflater, Repo[], AtomicReference) at app/src/main/java/com/github/pockethub/android/ui/repo/DefaultRepositoryListAdapter.java:56}","{Method new(LayoutInflater, Repository[], AtomicReference) at app/src/main/java/com/github/pockethub/android/ui/repo/DefaultRepositoryListAdapter.java:56}","5","5"
"c04490d67c05f2bbcd1382a21f93a698241470ab","CHANGE_SIGNATURE","{Method createIntent(Repo) at app/src/main/java/com/github/pockethub/android/ui/issue/EditIssueActivity.java:86}","{Method createIntent(Repository) at app/src/main/java/com/github/pockethub/android/ui/issue/EditIssueActivity.java:88}","4","4"
"c04490d67c05f2bbcd1382a21f93a698241470ab","CHANGE_SIGNATURE","{Method new(Activity, Repo, String, ImageGetter, boolean) at app/src/main/java/com/github/pockethub/android/ui/MarkdownLoader.java:51}","{Method new(Activity, Repository, String, ImageGetter, boolean) at app/src/main/java/com/github/pockethub/android/ui/MarkdownLoader.java:52}","8","8"
"c04490d67c05f2bbcd1382a21f93a698241470ab","CHANGE_SIGNATURE","{Method onNext(Repo) at app/src/main/java/com/github/pockethub/android/ui/search/SearchRepositoryListFragment.java:114}","{Method onNext(Repository) at app/src/main/java/com/github/pockethub/android/ui/search/SearchRepositoryListFragment.java:130}","4","4"
"c04490d67c05f2bbcd1382a21f93a698241470ab","CHANGE_SIGNATURE","{Method boldActor(StyledText, GithubEvent) at app/src/main/java/com/github/pockethub/android/ui/user/IconAndViewTextManager.java:86}","{Method boldActor(StyledText, GitHubEvent) at app/src/main/java/com/github/pockethub/android/ui/user/IconAndViewTextManager.java:113}","3","3"
"c04490d67c05f2bbcd1382a21f93a698241470ab","CHANGE_SIGNATURE","{Method finish(GithubComment) at app/src/main/java/com/github/pockethub/android/ui/comment/CreateCommentActivity.java:91}","{Method finish(GitHubComment) at app/src/main/java/com/github/pockethub/android/ui/comment/CreateCommentActivity.java:92}","6","6"
"c04490d67c05f2bbcd1382a21f93a698241470ab","CHANGE_SIGNATURE","{Method generateIconAndFormatStyledText(IconAndViewTextManager, GithubEvent, StyledText, StyledText) at app/src/main/java/com/github/pockethub/android/ui/user/EventType.java:145}","{Method generateIconAndFormatStyledText(IconAndViewTextManager, GitHubEvent, StyledText, StyledText) at app/src/main/java/com/github/pockethub/android/ui/user/EventType.java:148}","4","4"
"c04490d67c05f2bbcd1382a21f93a698241470ab","CHANGE_SIGNATURE","{Method formatIssues(GithubEvent, StyledText, StyledText) at app/src/main/java/com/github/pockethub/android/ui/user/IconAndViewTextManager.java:227}","{Method formatIssues(GitHubEvent, StyledText, StyledText) at app/src/main/java/com/github/pockethub/android/ui/user/IconAndViewTextManager.java:261}","15","17"
"c04490d67c05f2bbcd1382a21f93a698241470ab","CHANGE_SIGNATURE","{Method generateIconAndFormatStyledText(IconAndViewTextManager, GithubEvent, StyledText, StyledText) at app/src/main/java/com/github/pockethub/android/ui/user/EventType.java:42}","{Method generateIconAndFormatStyledText(IconAndViewTextManager, GitHubEvent, StyledText, StyledText) at app/src/main/java/com/github/pockethub/android/ui/user/EventType.java:41}","4","4"
"c04490d67c05f2bbcd1382a21f93a698241470ab","CHANGE_SIGNATURE","{Method formatDownload(GithubEvent, StyledText, StyledText) at app/src/main/java/com/github/pockethub/android/ui/user/IconAndViewTextManager.java:127}","{Method formatDownload(GitHubEvent, StyledText, StyledText) at app/src/main/java/com/github/pockethub/android/ui/user/IconAndViewTextManager.java:155}","9","10"
"c04490d67c05f2bbcd1382a21f93a698241470ab","CHANGE_SIGNATURE","{Method new(BaseActivity, Repo, int, ProgressObserverAdapter) at app/src/main/java/com/github/pockethub/android/ui/issue/EditMilestoneTask.java:67}","{Method new(BaseActivity, Repository, int, ProgressObserverAdapter) at app/src/main/java/com/github/pockethub/android/ui/issue/EditMilestoneTask.java:67}","10","10"
"c04490d67c05f2bbcd1382a21f93a698241470ab","CHANGE_SIGNATURE","{Method new(Activity, Repo, String, HttpImageGetter) at app/src/main/java/com/github/pockethub/android/core/commit/RefreshCommitTask.java:60}","{Method new(Activity, Repository, String, HttpImageGetter) at app/src/main/java/com/github/pockethub/android/core/commit/RefreshCommitTask.java:59}","7","8"
"c04490d67c05f2bbcd1382a21f93a698241470ab","CHANGE_SIGNATURE","{Method generateIconAndFormatStyledText(IconAndViewTextManager, GithubEvent, StyledText, StyledText) at app/src/main/java/com/github/pockethub/android/ui/user/EventType.java:152}","{Method generateIconAndFormatStyledText(IconAndViewTextManager, GitHubEvent, StyledText, StyledText) at app/src/main/java/com/github/pockethub/android/ui/user/EventType.java:155}","4","4"
"c04490d67c05f2bbcd1382a21f93a698241470ab","CHANGE_SIGNATURE","{Method onEditComment(GithubComment) at app/src/main/java/com/github/pockethub/android/ui/issue/IssueFragment.java:644}","{Method onEditComment(GitHubComment) at app/src/main/java/com/github/pockethub/android/ui/issue/IssueFragment.java:675}","4","4"
"c04490d67c05f2bbcd1382a21f93a698241470ab","CHANGE_SIGNATURE","{Method refreshIssue(Repo, int) at app/src/main/java/com/github/pockethub/android/core/issue/IssueStore.java:154}","{Method refreshIssue(Repository, int) at app/src/main/java/com/github/pockethub/android/core/issue/IssueStore.java:143}","5","6"
"c04490d67c05f2bbcd1382a21f93a698241470ab","CHANGE_SIGNATURE","{Method new(BaseActivity, int, Repo) at app/src/main/java/com/github/pockethub/android/ui/issue/AssigneeDialog.java:63}","{Method new(BaseActivity, int, Repository) at app/src/main/java/com/github/pockethub/android/ui/issue/AssigneeDialog.java:66}","6","6"
"c04490d67c05f2bbcd1382a21f93a698241470ab","CHANGE_SIGNATURE","{Method onNext(GithubComment) at app/src/main/java/com/github/pockethub/android/ui/gist/EditCommentActivity.java:101}","{Method onNext(GitHubComment) at app/src/main/java/com/github/pockethub/android/ui/gist/EditCommentActivity.java:105}","6","5"
"c04490d67c05f2bbcd1382a21f93a698241470ab","CHANGE_SIGNATURE","{Method new(CommitFile) at app/src/main/java/com/github/pockethub/android/core/commit/FullCommitFile.java:42}","{Method new(GitHubFile) at app/src/main/java/com/github/pockethub/android/core/commit/FullCommitFile.java:41}","3","3"
"c04490d67c05f2bbcd1382a21f93a698241470ab","RENAME","{Method onNext(List) at app/src/main/java/com/github/pockethub/android/ui/issue/LabelsDialog.java:82}","{Method onCompleted() at app/src/main/java/com/github/pockethub/android/ui/issue/LabelsDialog.java:86}","10","12"
"c04490d67c05f2bbcd1382a21f93a698241470ab","CHANGE_SIGNATURE","{Method generateIconAndFormatStyledText(IconAndViewTextManager, GithubEvent, StyledText, StyledText) at app/src/main/java/com/github/pockethub/android/ui/user/EventType.java:28}","{Method generateIconAndFormatStyledText(IconAndViewTextManager, GitHubEvent, StyledText, StyledText) at app/src/main/java/com/github/pockethub/android/ui/user/EventType.java:27}","4","4"
"c04490d67c05f2bbcd1382a21f93a698241470ab","CHANGE_SIGNATURE","{Method createIntent(Repo, String) at app/src/main/java/com/github/pockethub/android/ui/commit/CommitViewActivity.java:57}","{Method createIntent(Repository, String) at app/src/main/java/com/github/pockethub/android/ui/commit/CommitViewActivity.java:57}","3","3"
"c04490d67c05f2bbcd1382a21f93a698241470ab","CHANGE_SIGNATURE","{Method updateComment(GithubComment) at app/src/main/java/com/github/pockethub/android/ui/comment/CommentListAdapter.java:201}","{Method updateComment(GitHubComment) at app/src/main/java/com/github/pockethub/android/ui/comment/CommentListAdapter.java:200}","25","25"
"c04490d67c05f2bbcd1382a21f93a698241470ab","CHANGE_SIGNATURE","{Method formatIssueComment(GithubEvent, StyledText, StyledText) at app/src/main/java/com/github/pockethub/android/ui/user/IconAndViewTextManager.java:206}","{Method formatIssueComment(GitHubEvent, StyledText, StyledText) at app/src/main/java/com/github/pockethub/android/ui/user/IconAndViewTextManager.java:239}","19","20"
"c04490d67c05f2bbcd1382a21f93a698241470ab","CHANGE_SIGNATURE","{Method new(AppCompatActivity, Repo, int[], boolean) at app/src/main/java/com/github/pockethub/android/ui/issue/IssuesPagerAdapter.java:83}","{Method new(AppCompatActivity, Repository, int[], boolean) at app/src/main/java/com/github/pockethub/android/ui/issue/IssuesPagerAdapter.java:83}","9","9"
"c04490d67c05f2bbcd1382a21f93a698241470ab","CHANGE_SIGNATURE","{Method new(BaseActivity, Repo, int, ProgressObserverAdapter) at app/src/main/java/com/github/pockethub/android/ui/issue/EditStateTask.java:64}","{Method new(BaseActivity, Repository, int, ProgressObserverAdapter) at app/src/main/java/com/github/pockethub/android/ui/issue/EditStateTask.java:64}","7","7"
"c04490d67c05f2bbcd1382a21f93a698241470ab","CHANGE_SIGNATURE","{Method generateIconAndFormatStyledText(IconAndViewTextManager, GithubEvent, StyledText, StyledText) at app/src/main/java/com/github/pockethub/android/ui/user/EventType.java:138}","{Method generateIconAndFormatStyledText(IconAndViewTextManager, GitHubEvent, StyledText, StyledText) at app/src/main/java/com/github/pockethub/android/ui/user/EventType.java:141}","4","4"
"c04490d67c05f2bbcd1382a21f93a698241470ab","INLINE","{Method new() at app/src/main/java/com/github/pockethub/android/api/GistEventPayload.java:38}","{Method load(User) at app/src/main/java/com/github/pockethub/android/ui/issue/AssigneeDialog.java:73}","3","30"
"c04490d67c05f2bbcd1382a21f93a698241470ab","CHANGE_SIGNATURE","{Method replaceCommentInItems(int, GithubComment) at app/src/main/java/com/github/pockethub/android/ui/issue/IssueFragment.java:694}","{Method replaceCommentInItems(int, GitHubComment) at app/src/main/java/com/github/pockethub/android/ui/issue/IssueFragment.java:725}","9","9"
"c04490d67c05f2bbcd1382a21f93a698241470ab","INLINE","{Method new() at app/src/main/java/com/github/pockethub/android/api/FollowEventPayload.java:38}","{Method load(User) at app/src/main/java/com/github/pockethub/android/ui/issue/AssigneeDialog.java:73}","3","30"
"c04490d67c05f2bbcd1382a21f93a698241470ab","CHANGE_SIGNATURE","{Method appendComment(StyledText, GithubComment) at app/src/main/java/com/github/pockethub/android/ui/user/IconAndViewTextManager.java:54}","{Method appendComment(StyledText, GitHubComment) at app/src/main/java/com/github/pockethub/android/ui/user/IconAndViewTextManager.java:65}","4","4"
"c04490d67c05f2bbcd1382a21f93a698241470ab","CHANGE_SIGNATURE","{Method new(LayoutInflater, GithubEvent[], AvatarLoader) at app/src/main/java/com/github/pockethub/android/ui/user/NewsListAdapter.java:98}","{Method new(LayoutInflater, GitHubEvent[], AvatarLoader) at app/src/main/java/com/github/pockethub/android/ui/user/NewsListAdapter.java:89}","6","6"
"c04490d67c05f2bbcd1382a21f93a698241470ab","CHANGE_SIGNATURE","{Method updateView(GithubEvent) at app/src/androidTest/java/com/github/pockethub/android/tests/NewsEventTextTest.java:82}","{Method updateView(GitHubEvent) at app/src/androidTest/java/com/github/pockethub/android/tests/NewsEventTextTest.java:90}","7","7"
"c04490d67c05f2bbcd1382a21f93a698241470ab","INLINE","{Method new() at app/src/main/java/com/github/pockethub/android/api/MemberEventPayload.java:37}","{Method loadData() at app/src/main/java/com/github/pockethub/android/ui/repo/RepositoryContributorsFragment.java:80}","2","15"
"c04490d67c05f2bbcd1382a21f93a698241470ab","CHANGE_SIGNATURE","{Method getId(GithubEvent) at app/src/main/java/com/github/pockethub/android/ui/user/EventPager.java:27}","{Method getId(GitHubEvent) at app/src/main/java/com/github/pockethub/android/ui/user/EventPager.java:27}","3","3"
"c04490d67c05f2bbcd1382a21f93a698241470ab","CHANGE_SIGNATURE","{Method createIntent(Repo, int, User) at app/src/main/java/com/github/pockethub/android/ui/issue/CreateCommentActivity.java:56}","{Method createIntent(Repository, int, User) at app/src/main/java/com/github/pockethub/android/ui/issue/CreateCommentActivity.java:57}","7","7"
"c04490d67c05f2bbcd1382a21f93a698241470ab","CHANGE_SIGNATURE","{Method isComplete(Repo) at app/src/main/java/com/github/pockethub/android/core/repo/RepositoryUtils.java:38}","{Method isComplete(Repository) at app/src/main/java/com/github/pockethub/android/core/repo/RepositoryUtils.java:39}","5","5"
"c04490d67c05f2bbcd1382a21f93a698241470ab","CHANGE_SIGNATURE","{Method boldRepoName(StyledText, GithubEvent) at app/src/main/java/com/github/pockethub/android/ui/user/IconAndViewTextManager.java:104}","{Method boldRepoName(StyledText, GitHubEvent) at app/src/main/java/com/github/pockethub/android/ui/user/IconAndViewTextManager.java:131}","12","12"
"c04490d67c05f2bbcd1382a21f93a698241470ab","INLINE","{Method new() at app/src/main/java/com/github/pockethub/android/api/MemberEventPayload.java:37}","{Method onOptionsItemSelected(MenuItem) at app/src/main/java/com/github/pockethub/android/ui/issue/EditIssueActivity.java:348}","2","60"
"c04490d67c05f2bbcd1382a21f93a698241470ab","CHANGE_SIGNATURE","{Method viewIssue(Issue, Repo) at app/src/main/java/com/github/pockethub/android/ui/repo/RepositoryNewsFragment.java:81}","{Method viewIssue(Issue, Repository) at app/src/main/java/com/github/pockethub/android/ui/repo/RepositoryNewsFragment.java:83}","3","3"
"c04490d67c05f2bbcd1382a21f93a698241470ab","CHANGE_SIGNATURE","{Method updateList(CompareCommit) at app/src/main/java/com/github/pockethub/android/ui/commit/CommitCompareListFragment.java:148}","{Method updateList(CommitCompare) at app/src/main/java/com/github/pockethub/android/ui/commit/CommitCompareListFragment.java:148}","41","41"
"c04490d67c05f2bbcd1382a21f93a698241470ab","CHANGE_SIGNATURE","{Method onNext(IssueStory) at app/src/main/java/com/github/pockethub/android/ui/issue/IssueFragment.java:424}","{Method onNext(FullIssue) at app/src/main/java/com/github/pockethub/android/ui/issue/IssueFragment.java:427}","9","10"
"c04490d67c05f2bbcd1382a21f93a698241470ab","CHANGE_SIGNATURE","{Method onNext(Token) at app/src/main/java/com/github/pockethub/android/accounts/LoginActivity.java:147}","{Method onNext(GitHubToken) at app/src/main/java/com/github/pockethub/android/accounts/LoginActivity.java:157}","8","8"
"c04490d67c05f2bbcd1382a21f93a698241470ab","CHANGE_SIGNATURE","{Method formatAddMember(GithubEvent, StyledText, StyledText) at app/src/main/java/com/github/pockethub/android/ui/user/IconAndViewTextManager.java:244}","{Method formatAddMember(GitHubEvent, StyledText, StyledText) at app/src/main/java/com/github/pockethub/android/ui/user/IconAndViewTextManager.java:280}","7","9"
"c04490d67c05f2bbcd1382a21f93a698241470ab","CHANGE_SIGNATURE","{Method appendCommitComment(StyledText, CommitComment) at app/src/main/java/com/github/pockethub/android/ui/user/IconAndViewTextManager.java:60}","{Method appendCommitComment(StyledText, GitComment) at app/src/main/java/com/github/pockethub/android/ui/user/IconAndViewTextManager.java:87}","15","15"
"c04490d67c05f2bbcd1382a21f93a698241470ab","CHANGE_SIGNATURE","{Method repo(Repo) at app/src/main/java/com/github/pockethub/android/Intents.java:219}","{Method repo(Repository) at app/src/main/java/com/github/pockethub/android/Intents.java:219}","3","3"
"c04490d67c05f2bbcd1382a21f93a698241470ab","CHANGE_SIGNATURE","{Method update(int, GithubEvent) at app/src/main/java/com/github/pockethub/android/ui/user/NewsListAdapter.java:198}","{Method update(int, GitHubEvent) at app/src/main/java/com/github/pockethub/android/ui/user/NewsListAdapter.java:128}","4","4"
"c04490d67c05f2bbcd1382a21f93a698241470ab","CHANGE_SIGNATURE","{Method openDownload(GithubEvent) at app/src/main/java/com/github/pockethub/android/ui/NewsFragment.java:194}","{Method openDownload(GitHubEvent) at app/src/main/java/com/github/pockethub/android/ui/NewsFragment.java:194}","16","13"
"c04490d67c05f2bbcd1382a21f93a698241470ab","CHANGE_SIGNATURE","{Method generateIconAndFormatStyledText(IconAndViewTextManager, GithubEvent, StyledText, StyledText) at app/src/main/java/com/github/pockethub/android/ui/user/EventType.java:63}","{Method generateIconAndFormatStyledText(IconAndViewTextManager, GitHubEvent, StyledText, StyledText) at app/src/main/java/com/github/pockethub/android/ui/user/EventType.java:69}","4","4"
"c04490d67c05f2bbcd1382a21f93a698241470ab","CHANGE_SIGNATURE","{Method addComment(CommitComment) at app/src/main/java/com/github/pockethub/android/ui/commit/CommitFileListAdapter.java:136}","{Method addComment(GitComment) at app/src/main/java/com/github/pockethub/android/ui/commit/CommitFileListAdapter.java:136}","3","3"
"c04490d67c05f2bbcd1382a21f93a698241470ab","CHANGE_SIGNATURE","{Method registerHeader(Repo, String) at app/src/main/java/com/github/pockethub/android/ui/repo/DefaultRepositoryListAdapter.java:81}","{Method registerHeader(Repository, String) at app/src/main/java/com/github/pockethub/android/ui/repo/DefaultRepositoryListAdapter.java:81}","4","4"
"c04490d67c05f2bbcd1382a21f93a698241470ab","CHANGE_SIGNATURE","{Method openPush(GithubEvent) at app/src/main/java/com/github/pockethub/android/ui/NewsFragment.java:234}","{Method openPush(GitHubEvent) at app/src/main/java/com/github/pockethub/android/ui/NewsFragment.java:228}","26","22"
"c04490d67c05f2bbcd1382a21f93a698241470ab","CHANGE_SIGNATURE","{Method viewRepository(Repo) at app/src/main/java/com/github/pockethub/android/ui/NewsFragment.java:266}","{Method viewRepository(Repository) at app/src/main/java/com/github/pockethub/android/ui/NewsFragment.java:256}","3","3"
"c04490d67c05f2bbcd1382a21f93a698241470ab","CHANGE_SIGNATURE","{Method boldRepo(StyledText, GithubEvent) at app/src/main/java/com/github/pockethub/android/ui/user/IconAndViewTextManager.java:96}","{Method boldRepo(StyledText, GitHubEvent) at app/src/main/java/com/github/pockethub/android/ui/user/IconAndViewTextManager.java:123}","6","6"
"c04490d67c05f2bbcd1382a21f93a698241470ab","CHANGE_SIGNATURE","{Method openFile(CommitFile) at app/src/main/java/com/github/pockethub/android/ui/commit/CommitDiffListFragment.java:461}","{Method openFile(GitHubFile) at app/src/main/java/com/github/pockethub/android/ui/commit/CommitDiffListFragment.java:464}","6","6"
"c04490d67c05f2bbcd1382a21f93a698241470ab","CHANGE_SIGNATURE","{Method createIntent(Repo, String, String, String) at app/src/main/java/com/github/pockethub/android/ui/ref/BranchFileViewActivity.java:83}","{Method createIntent(Repository, String, String, String) at app/src/main/java/com/github/pockethub/android/ui/ref/BranchFileViewActivity.java:84}","8","8"
"c04490d67c05f2bbcd1382a21f93a698241470ab","CHANGE_SIGNATURE","{Method switchFragment(Fragment, Organization) at app/src/main/java/com/github/pockethub/android/ui/MainActivity.java:341}","{Method switchFragment(Fragment, User) at app/src/main/java/com/github/pockethub/android/ui/MainActivity.java:340}","10","10"
"c04490d67c05f2bbcd1382a21f93a698241470ab","CHANGE_SIGNATURE","{Method generateIconAndFormatStyledText(IconAndViewTextManager, GithubEvent, StyledText, StyledText) at app/src/main/java/com/github/pockethub/android/ui/user/EventType.java:35}","{Method generateIconAndFormatStyledText(IconAndViewTextManager, GitHubEvent, StyledText, StyledText) at app/src/main/java/com/github/pockethub/android/ui/user/EventType.java:34}","4","4"
"c04490d67c05f2bbcd1382a21f93a698241470ab","CHANGE_SIGNATURE","{Method switchFragment(Fragment, Organization) at app/src/test/java/com/github/pockethub/android/ui/MainActivityTest.java:134}","{Method switchFragment(Fragment, User) at app/src/test/java/com/github/pockethub/android/ui/MainActivityTest.java:134}","4","4"
"c04490d67c05f2bbcd1382a21f93a698241470ab","CHANGE_SIGNATURE","{Method refreshCommit(Repo, String) at app/src/main/java/com/github/pockethub/android/core/commit/CommitStore.java:100}","{Method refreshCommit(Repository, String) at app/src/main/java/com/github/pockethub/android/core/commit/CommitStore.java:92}","4","8"
"c04490d67c05f2bbcd1382a21f93a698241470ab","CHANGE_SIGNATURE","{Method compare(GithubComment, GithubComment) at app/src/main/java/com/github/pockethub/android/ui/gist/GistFragment.java:474}","{Method compare(GitHubComment, GitHubComment) at app/src/main/java/com/github/pockethub/android/ui/gist/GistFragment.java:475}","4","4"
"c04490d67c05f2bbcd1382a21f93a698241470ab","CHANGE_SIGNATURE","{Method getCommit(Repo, String) at app/src/main/java/com/github/pockethub/android/core/commit/CommitStore.java:56}","{Method getCommit(Repository, String) at app/src/main/java/com/github/pockethub/android/core/commit/CommitStore.java:57}","4","4"
"c04490d67c05f2bbcd1382a21f93a698241470ab","CHANGE_SIGNATURE","{Method add(CommitComment) at app/src/main/java/com/github/pockethub/android/core/commit/FullCommit.java:99}","{Method add(GitComment) at app/src/main/java/com/github/pockethub/android/core/commit/FullCommit.java:99}","17","17"
"c04490d67c05f2bbcd1382a21f93a698241470ab","CHANGE_SIGNATURE","{Method new(Context, Contributor[], AvatarLoader) at app/src/main/java/com/github/pockethub/android/ui/repo/ContributorListAdapter.java:43}","{Method new(Context, User[], AvatarLoader) at app/src/main/java/com/github/pockethub/android/ui/repo/ContributorListAdapter.java:43}","7","7"
"c04490d67c05f2bbcd1382a21f93a698241470ab","CHANGE_SIGNATURE","{Method findCommentPositionInItems(GithubComment) at app/src/main/java/com/github/pockethub/android/ui/issue/IssueFragment.java:673}","{Method findCommentPositionInItems(GitHubComment) at app/src/main/java/com/github/pockethub/android/ui/issue/IssueFragment.java:704}","13","13"
"c04490d67c05f2bbcd1382a21f93a698241470ab","CHANGE_SIGNATURE","{Method formatDelete(GithubEvent, StyledText, StyledText) at app/src/main/java/com/github/pockethub/android/ui/user/IconAndViewTextManager.java:154}","{Method formatDelete(GitHubEvent, StyledText, StyledText) at app/src/main/java/com/github/pockethub/android/ui/user/IconAndViewTextManager.java:185}","11","13"
"c04490d67c05f2bbcd1382a21f93a698241470ab","INLINE","{Method new() at app/src/main/java/com/github/pockethub/android/api/FollowEventPayload.java:38}","{Method load(Milestone) at app/src/main/java/com/github/pockethub/android/ui/issue/MilestoneDialog.java:82}","3","32"
"c04490d67c05f2bbcd1382a21f93a698241470ab","CHANGE_SIGNATURE","{Method createIntent(Repo) at app/src/main/java/com/github/pockethub/android/ui/repo/RepositoryViewActivity.java:77}","{Method createIntent(Repository) at app/src/main/java/com/github/pockethub/android/ui/repo/RepositoryViewActivity.java:76}","3","3"
"c04490d67c05f2bbcd1382a21f93a698241470ab","CHANGE_SIGNATURE","{Method getName(CommitFile) at app/src/main/java/com/github/pockethub/android/core/commit/CommitUtils.java:263}","{Method getName(GitHubFile) at app/src/main/java/com/github/pockethub/android/core/commit/CommitUtils.java:255}","3","3"
"c04490d67c05f2bbcd1382a21f93a698241470ab","INLINE","{Method new() at app/src/main/java/com/github/pockethub/android/api/MemberEventPayload.java:37}","{Method createIterator(int, int) at app/src/main/java/com/github/pockethub/android/ui/search/SearchRepositoryListFragment.java:66}","2","21"
"c04490d67c05f2bbcd1382a21f93a698241470ab","CHANGE_SIGNATURE","{Method generateIconAndFormatStyledText(IconAndViewTextManager, GithubEvent, StyledText, StyledText) at app/src/main/java/com/github/pockethub/android/ui/user/EventType.java:131}","{Method generateIconAndFormatStyledText(IconAndViewTextManager, GitHubEvent, StyledText, StyledText) at app/src/main/java/com/github/pockethub/android/ui/user/EventType.java:134}","4","4"
"c04490d67c05f2bbcd1382a21f93a698241470ab","CHANGE_SIGNATURE","{Method updateNumber(int, IssueState, int, int) at app/src/main/java/com/github/pockethub/android/ui/issue/IssueListAdapter.java:116}","{Method updateNumber(long, IssueState, int, int) at app/src/main/java/com/github/pockethub/android/ui/issue/IssueListAdapter.java:115}","9","9"
"c04490d67c05f2bbcd1382a21f93a698241470ab","CHANGE_SIGNATURE","{Method formatGist(GithubEvent, StyledText, StyledText) at app/src/main/java/com/github/pockethub/android/ui/user/IconAndViewTextManager.java:181}","{Method formatGist(GitHubEvent, StyledText, StyledText) at app/src/main/java/com/github/pockethub/android/ui/user/IconAndViewTextManager.java:214}","16","16"
"c04490d67c05f2bbcd1382a21f93a698241470ab","CHANGE_SIGNATURE","{Method generateIconAndFormatStyledText(IconAndViewTextManager, GithubEvent, StyledText, StyledText) at app/src/main/java/com/github/pockethub/android/ui/user/EventType.java:84}","{Method generateIconAndFormatStyledText(IconAndViewTextManager, GitHubEvent, StyledText, StyledText) at app/src/main/java/com/github/pockethub/android/ui/user/EventType.java:90}","4","4"
"c04490d67c05f2bbcd1382a21f93a698241470ab","INLINE","{Method new() at app/src/main/java/com/github/pockethub/android/api/FollowEventPayload.java:38}","{Method onCompleted() at app/src/main/java/com/github/pockethub/android/ui/issue/AssigneeDialog.java:85}","3","11"
"c04490d67c05f2bbcd1382a21f93a698241470ab","INLINE","{Method new() at app/src/main/java/com/github/pockethub/android/api/GistEventPayload.java:38}","{Method onCompleted() at app/src/main/java/com/github/pockethub/android/ui/issue/AssigneeDialog.java:85}","3","11"
"c04490d67c05f2bbcd1382a21f93a698241470ab","CHANGE_SIGNATURE","{Method new(AppCompatActivity, Repo) at app/src/main/java/com/github/pockethub/android/ui/comment/CommentPreviewPagerAdapter.java:46}","{Method new(AppCompatActivity, Repository) at app/src/main/java/com/github/pockethub/android/ui/comment/CommentPreviewPagerAdapter.java:45}","5","5"
"c04490d67c05f2bbcd1382a21f93a698241470ab","CHANGE_SIGNATURE","{Method addComment(CommitComment) at app/src/main/java/com/github/pockethub/android/ui/commit/CommitDiffListFragment.java:168}","{Method addComment(GitComment) at app/src/main/java/com/github/pockethub/android/ui/commit/CommitDiffListFragment.java:167}","11","18"
"c04490d67c05f2bbcd1382a21f93a698241470ab","CHANGE_SIGNATURE","{Method new(Organization, Context, Provider) at app/src/main/java/com/github/pockethub/android/persistence/OrganizationRepositories.java:78}","{Method new(User, Context, Provider) at app/src/main/java/com/github/pockethub/android/persistence/OrganizationRepositories.java:81}","5","5"
"c04490d67c05f2bbcd1382a21f93a698241470ab","CHANGE_SIGNATURE","{Method viewRepository(Repo) at app/src/main/java/com/github/pockethub/android/ui/repo/RepositoryNewsFragment.java:75}","{Method viewRepository(Repository) at app/src/main/java/com/github/pockethub/android/ui/repo/RepositoryNewsFragment.java:77}","4","4"
"c04490d67c05f2bbcd1382a21f93a698241470ab","CHANGE_SIGNATURE","{Method getIssue(Repo, int) at app/src/main/java/com/github/pockethub/android/core/issue/IssueStore.java:63}","{Method getIssue(Repository, int) at app/src/main/java/com/github/pockethub/android/core/issue/IssueStore.java:70}","4","4"
"c04490d67c05f2bbcd1382a21f93a698241470ab","CHANGE_SIGNATURE","{Method formatCreate(GithubEvent, StyledText, StyledText) at app/src/main/java/com/github/pockethub/android/ui/user/IconAndViewTextManager.java:138}","{Method formatCreate(GitHubEvent, StyledText, StyledText) at app/src/main/java/com/github/pockethub/android/ui/user/IconAndViewTextManager.java:167}","14","16"
"c04490d67c05f2bbcd1382a21f93a698241470ab","CHANGE_SIGNATURE","{Method formatFollow(GithubEvent, StyledText, StyledText) at app/src/main/java/com/github/pockethub/android/ui/user/IconAndViewTextManager.java:167}","{Method formatFollow(GitHubEvent, StyledText, StyledText) at app/src/main/java/com/github/pockethub/android/ui/user/IconAndViewTextManager.java:200}","5","5"
"c04490d67c05f2bbcd1382a21f93a698241470ab","CHANGE_SIGNATURE","{Method update(int, Repo) at app/src/main/java/com/github/pockethub/android/ui/search/SearchRepositoryListAdapter.java:70}","{Method update(int, Repository) at app/src/main/java/com/github/pockethub/android/ui/search/SearchRepositoryListAdapter.java:70}","10","10"
"c04490d67c05f2bbcd1382a21f93a698241470ab","CHANGE_SIGNATURE","{Method generateIconAndFormatStyledText(IconAndViewTextManager, GithubEvent, StyledText, StyledText) at app/src/main/java/com/github/pockethub/android/ui/user/EventType.java:56}","{Method generateIconAndFormatStyledText(IconAndViewTextManager, GitHubEvent, StyledText, StyledText) at app/src/main/java/com/github/pockethub/android/ui/user/EventType.java:62}","4","4"
"c04490d67c05f2bbcd1382a21f93a698241470ab","CHANGE_SIGNATURE","{Method onDeleteComment(GithubComment) at app/src/main/java/com/github/pockethub/android/ui/issue/IssueFragment.java:654}","{Method onDeleteComment(GitHubComment) at app/src/main/java/com/github/pockethub/android/ui/issue/IssueFragment.java:685}","11","11"
"c04490d67c05f2bbcd1382a21f93a698241470ab","CHANGE_SIGNATURE","{Method onNext(Boolean) at app/src/main/java/com/github/pockethub/android/ui/repo/RepositoryViewActivity.java:262}","{Method onNext(Response) at app/src/main/java/com/github/pockethub/android/ui/repo/RepositoryViewActivity.java:264}","4","4"
"c04490d67c05f2bbcd1382a21f93a698241470ab","CHANGE_SIGNATURE","{Method getRepository(GithubEvent) at app/src/main/java/com/github/pockethub/android/core/repo/RepositoryEventMatcher.java:36}","{Method getRepository(GitHubEvent) at app/src/main/java/com/github/pockethub/android/core/repo/RepositoryEventMatcher.java:39}","23","20"
"c04490d67c05f2bbcd1382a21f93a698241470ab","CHANGE_SIGNATURE","{Method editComment(String) at app/src/main/java/com/github/pockethub/android/ui/gist/EditCommentActivity.java:93}","{Method editComment(CommentRequest) at app/src/main/java/com/github/pockethub/android/ui/gist/EditCommentActivity.java:96}","23","23"
"c04490d67c05f2bbcd1382a21f93a698241470ab","CHANGE_SIGNATURE","{Method setText(String, Repo) at app/src/main/java/com/github/pockethub/android/ui/comment/RenderedCommentFragment.java:70}","{Method setText(String, Repository) at app/src/main/java/com/github/pockethub/android/ui/comment/RenderedCommentFragment.java:70}","9","9"
"c04490d67c05f2bbcd1382a21f93a698241470ab","CHANGE_SIGNATURE","{Method new(Repo, String) at app/src/main/java/com/github/pockethub/android/core/commit/CommitMatch.java:41}","{Method new(Repository, String) at app/src/main/java/com/github/pockethub/android/core/commit/CommitMatch.java:41}","4","4"
"c04490d67c05f2bbcd1382a21f93a698241470ab","INLINE","{Method new() at app/src/main/java/com/github/pockethub/android/api/GistEventPayload.java:38}","{Method load(Milestone) at app/src/main/java/com/github/pockethub/android/ui/issue/MilestoneDialog.java:82}","3","32"
"c04490d67c05f2bbcd1382a21f93a698241470ab","CHANGE_SIGNATURE","{Method compare(Repo, Repo) at app/src/main/java/com/github/pockethub/android/persistence/OrganizationRepositories.java:174}","{Method compare(Repository, Repository) at app/src/main/java/com/github/pockethub/android/persistence/OrganizationRepositories.java:178}","9","9"
"c04490d67c05f2bbcd1382a21f93a698241470ab","CHANGE_SIGNATURE","{Method formatFork(GithubEvent, StyledText, StyledText) at app/src/main/java/com/github/pockethub/android/ui/user/IconAndViewTextManager.java:174}","{Method formatFork(GitHubEvent, StyledText, StyledText) at app/src/main/java/com/github/pockethub/android/ui/user/IconAndViewTextManager.java:207}","5","5"
"c04490d67c05f2bbcd1382a21f93a698241470ab","CHANGE_SIGNATURE","{Method onNext(Boolean) at app/src/main/java/com/github/pockethub/android/ui/gist/GistFragment.java:300}","{Method onNext(Response) at app/src/main/java/com/github/pockethub/android/ui/gist/GistFragment.java:299}","3","3"
"c04490d67c05f2bbcd1382a21f93a698241470ab","INLINE","{Method new() at app/src/main/java/com/github/pockethub/android/api/FollowEventPayload.java:38}","{Method onCompleted() at app/src/main/java/com/github/pockethub/android/ui/issue/LabelsDialog.java:86}","3","12"
"c04490d67c05f2bbcd1382a21f93a698241470ab","CHANGE_SIGNATURE","{Method formatReviewComment(GithubEvent, StyledText, StyledText) at app/src/main/java/com/github/pockethub/android/ui/user/IconAndViewTextManager.java:267}","{Method formatReviewComment(GitHubEvent, StyledText, StyledText) at app/src/main/java/com/github/pockethub/android/ui/user/IconAndViewTextManager.java:305}","7","7"
"c04490d67c05f2bbcd1382a21f93a698241470ab","CHANGE_SIGNATURE","{Method compare(Organization, Organization) at app/src/main/java/com/github/pockethub/android/core/user/UserComparator.java:46}","{Method compare(User, User) at app/src/main/java/com/github/pockethub/android/core/user/UserComparator.java:46}","12","12"
"c04490d67c05f2bbcd1382a21f93a698241470ab","CHANGE_SIGNATURE","{Method openCommitComment(GithubEvent) at app/src/main/java/com/github/pockethub/android/ui/NewsFragment.java:211}","{Method openCommitComment(GitHubEvent) at app/src/main/java/com/github/pockethub/android/ui/NewsFragment.java:208}","22","19"
"c04490d67c05f2bbcd1382a21f93a698241470ab","CHANGE_SIGNATURE","{Method onNext(Boolean) at app/src/main/java/com/github/pockethub/android/ui/repo/RepositoryViewActivity.java:283}","{Method onNext(Response) at app/src/main/java/com/github/pockethub/android/ui/repo/RepositoryViewActivity.java:285}","5","5"
"c04490d67c05f2bbcd1382a21f93a698241470ab","CHANGE_SIGNATURE","{Method openFile(CommitFile) at app/src/main/java/com/github/pockethub/android/ui/commit/CommitCompareListFragment.java:239}","{Method openFile(GitHubFile) at app/src/main/java/com/github/pockethub/android/ui/commit/CommitCompareListFragment.java:238}","5","5"
"c04490d67c05f2bbcd1382a21f93a698241470ab","CHANGE_SIGNATURE","{Method remove(Repo) at app/src/main/java/com/github/pockethub/android/ui/repo/RecentRepositories.java:117}","{Method remove(Repository) at app/src/main/java/com/github/pockethub/android/ui/repo/RecentRepositories.java:117}","3","3"
"c04490d67c05f2bbcd1382a21f93a698241470ab","CHANGE_SIGNATURE","{Method setOrg(Organization) at app/src/main/java/com/github/pockethub/android/ui/user/HomePagerFragment.java:52}","{Method setOrg(User) at app/src/main/java/com/github/pockethub/android/ui/user/HomePagerFragment.java:51}","6","6"
"c04490d67c05f2bbcd1382a21f93a698241470ab","CHANGE_SIGNATURE","{Method viewIssue(Issue, Repo) at app/src/main/java/com/github/pockethub/android/ui/NewsFragment.java:296}","{Method viewIssue(Issue, Repository) at app/src/main/java/com/github/pockethub/android/ui/NewsFragment.java:286}","6","6"
"c04490d67c05f2bbcd1382a21f93a698241470ab","CHANGE_SIGNATURE","{Method contains(Repo) at app/src/main/java/com/github/pockethub/android/ui/repo/RecentRepositories.java:170}","{Method contains(Repository) at app/src/main/java/com/github/pockethub/android/ui/repo/RecentRepositories.java:170}","3","3"
"c04490d67c05f2bbcd1382a21f93a698241470ab","INLINE","{Method new() at app/src/main/java/com/github/pockethub/android/api/MemberEventPayload.java:37}","{Method load(User) at app/src/main/java/com/github/pockethub/android/ui/issue/AssigneeDialog.java:73}","2","30"
"c04490d67c05f2bbcd1382a21f93a698241470ab","CHANGE_SIGNATURE","{Method onNext(CommitComment) at app/src/main/java/com/github/pockethub/android/ui/commit/CreateCommentActivity.java:125}","{Method onNext(GitComment) at app/src/main/java/com/github/pockethub/android/ui/commit/CreateCommentActivity.java:125}","5","4"
"c04490d67c05f2bbcd1382a21f93a698241470ab","CHANGE_SIGNATURE","{Method new(Repo, GitReference) at app/src/main/java/com/github/pockethub/android/core/code/RefreshTreeTask.java:57}","{Method new(Context, Repository, GitReference) at app/src/main/java/com/github/pockethub/android/core/code/RefreshTreeTask.java:55}","4","5"
"c04490d67c05f2bbcd1382a21f93a698241470ab","CHANGE_SIGNATURE","{Method update(int, Contributor) at app/src/main/java/com/github/pockethub/android/ui/repo/ContributorListAdapter.java:62}","{Method update(int, User) at app/src/main/java/com/github/pockethub/android/ui/repo/ContributorListAdapter.java:62}","5","5"
"c04490d67c05f2bbcd1382a21f93a698241470ab","CHANGE_SIGNATURE","{Method update(int, GithubEvent) at app/src/main/java/com/github/pockethub/android/ui/user/IconAndViewTextManager.java:373}","{Method update(int, GitHubEvent) at app/src/main/java/com/github/pockethub/android/ui/user/IconAndViewTextManager.java:416}","21","21"
"c04490d67c05f2bbcd1382a21f93a698241470ab","CHANGE_SIGNATURE","{Method createIntent(Repo) at app/src/main/java/com/github/pockethub/android/ui/repo/RepositoryContributorsActivity.java:46}","{Method createIntent(Repository) at app/src/main/java/com/github/pockethub/android/ui/repo/RepositoryContributorsActivity.java:46}","3","3"
"c04490d67c05f2bbcd1382a21f93a698241470ab","INLINE","{Method new() at app/src/main/java/com/github/pockethub/android/api/MemberEventPayload.java:37}","{Method createIterator(int, int) at app/src/main/java/com/github/pockethub/android/ui/search/SearchUserListFragment.java:69}","2","21"
"c04490d67c05f2bbcd1382a21f93a698241470ab","INLINE","{Method new() at app/src/main/java/com/github/pockethub/android/api/FollowEventPayload.java:38}","{Method onCompleted() at app/src/main/java/com/github/pockethub/android/ui/issue/MilestoneDialog.java:92}","3","13"
"c04490d67c05f2bbcd1382a21f93a698241470ab","INLINE","{Method new() at app/src/main/java/com/github/pockethub/android/api/GistEventPayload.java:38}","{Method onCompleted() at app/src/main/java/com/github/pockethub/android/ui/issue/LabelsDialog.java:86}","3","12"
"c04490d67c05f2bbcd1382a21f93a698241470ab","CHANGE_SIGNATURE","{Method onEditComment(GithubComment) at app/src/main/java/com/github/pockethub/android/ui/gist/GistFragment.java:500}","{Method onEditComment(GitHubComment) at app/src/main/java/com/github/pockethub/android/ui/gist/GistFragment.java:501}","5","5"
"c04490d67c05f2bbcd1382a21f93a698241470ab","CHANGE_SIGNATURE","{Method onDeleteComment(GithubComment) at app/src/main/java/com/github/pockethub/android/ui/comment/DeleteCommentListener.java:30}","{Method onDeleteComment(GitHubComment) at app/src/main/java/com/github/pockethub/android/ui/comment/DeleteCommentListener.java:30}","1","1"
"c04490d67c05f2bbcd1382a21f93a698241470ab","CHANGE_SIGNATURE","{Method formatPullRequest(GithubEvent, StyledText, StyledText) at app/src/main/java/com/github/pockethub/android/ui/user/IconAndViewTextManager.java:276}","{Method formatPullRequest(GitHubEvent, StyledText, StyledText) at app/src/main/java/com/github/pockethub/android/ui/user/IconAndViewTextManager.java:314}","23","25"
"c04490d67c05f2bbcd1382a21f93a698241470ab","RENAME","{Method onNext(List) at app/src/main/java/com/github/pockethub/android/ui/issue/AssigneeDialog.java:85}","{Method onCompleted() at app/src/main/java/com/github/pockethub/android/ui/issue/AssigneeDialog.java:85}","10","11"
"c04490d67c05f2bbcd1382a21f93a698241470ab","CHANGE_SIGNATURE","{Method createIntent(Repo, int, GithubComment, User) at app/src/main/java/com/github/pockethub/android/ui/issue/EditCommentActivity.java:63}","{Method createIntent(Repository, int, GitHubComment, User) at app/src/main/java/com/github/pockethub/android/ui/issue/EditCommentActivity.java:62}","8","8"
"c04490d67c05f2bbcd1382a21f93a698241470ab","CHANGE_SIGNATURE","{Method formatWatch(GithubEvent, StyledText, StyledText) at app/src/main/java/com/github/pockethub/android/ui/user/IconAndViewTextManager.java:260}","{Method formatWatch(GitHubEvent, StyledText, StyledText) at app/src/main/java/com/github/pockethub/android/ui/user/IconAndViewTextManager.java:298}","5","5"
"c04490d67c05f2bbcd1382a21f93a698241470ab","CHANGE_SIGNATURE","{Method onNext(Boolean) at app/src/main/java/com/github/pockethub/android/ui/issue/EditIssueActivity.java:400}","{Method onNext(Response) at app/src/main/java/com/github/pockethub/android/ui/issue/EditIssueActivity.java:417}","5","5"
"c04490d67c05f2bbcd1382a21f93a698241470ab","CHANGE_SIGNATURE","{Method update(int, Repo) at app/src/main/java/com/github/pockethub/android/ui/repo/DefaultRepositoryListAdapter.java:117}","{Method update(int, Repository) at app/src/main/java/com/github/pockethub/android/ui/repo/DefaultRepositoryListAdapter.java:117}","22","22"
"c04490d67c05f2bbcd1382a21f93a698241470ab","CHANGE_SIGNATURE","{Method isEqual(Repo, Repo) at app/src/main/java/com/github/pockethub/android/core/issue/IssueFilter.java:385}","{Method isEqual(Repository, Repository) at app/src/main/java/com/github/pockethub/android/core/issue/IssueFilter.java:385}","3","3"
"c04490d67c05f2bbcd1382a21f93a698241470ab","INLINE","{Method new() at app/src/main/java/com/github/pockethub/android/api/GistEventPayload.java:38}","{Method load(GitReference) at app/src/main/java/com/github/pockethub/android/ui/ref/RefDialog.java:74}","3","31"
"c04490d67c05f2bbcd1382a21f93a698241470ab","CHANGE_SIGNATURE","{Method createIntent(Repo, String, String, int) at app/src/main/java/com/github/pockethub/android/ui/commit/CreateCommentActivity.java:71}","{Method createIntent(Repository, String, String, int) at app/src/main/java/com/github/pockethub/android/ui/commit/CreateCommentActivity.java:71}","8","8"
"c04490d67c05f2bbcd1382a21f93a698241470ab","CHANGE_SIGNATURE","{Method createIntent(Repo, String, String) at app/src/main/java/com/github/pockethub/android/ui/commit/CommitCompareViewActivity.java:55}","{Method createIntent(Repository, String, String) at app/src/main/java/com/github/pockethub/android/ui/commit/CommitCompareViewActivity.java:54}","7","7"
"c04490d67c05f2bbcd1382a21f93a698241470ab","INLINE","{Method new() at app/src/main/java/com/github/pockethub/android/api/MemberEventPayload.java:37}","{Method request() at app/src/main/java/com/github/pockethub/android/persistence/OrganizationRepositories.java:171}","2","40"
"c04490d67c05f2bbcd1382a21f93a698241470ab","CHANGE_SIGNATURE","{Method viewRepository(Repo) at app/src/main/java/com/github/pockethub/android/ui/user/UserNewsFragment.java:71}","{Method viewRepository(Repository) at app/src/main/java/com/github/pockethub/android/ui/user/UserNewsFragment.java:71}","7","7"
"c04490d67c05f2bbcd1382a21f93a698241470ab","INLINE","{Method new() at app/src/main/java/com/github/pockethub/android/api/MemberEventPayload.java:37}","{Method onCreateLoader(int, Bundle) at app/src/main/java/com/github/pockethub/android/ui/repo/RepositoryContributorsFragment.java:76}","2","21"
"c04490d67c05f2bbcd1382a21f93a698241470ab","CHANGE_SIGNATURE","{Method createIntent(Gist, GithubComment) at app/src/main/java/com/github/pockethub/android/ui/gist/EditCommentActivity.java:55}","{Method createIntent(Gist, GitHubComment) at app/src/main/java/com/github/pockethub/android/ui/gist/EditCommentActivity.java:55}","6","6"
"c04490d67c05f2bbcd1382a21f93a698241470ab","INLINE","{Method new() at app/src/main/java/com/github/pockethub/android/api/MemberEventPayload.java:37}","{Method load(Milestone) at app/src/main/java/com/github/pockethub/android/ui/issue/MilestoneDialog.java:82}","2","32"
"c04490d67c05f2bbcd1382a21f93a698241470ab","CHANGE_SIGNATURE","{Method onNext(CompareCommit) at app/src/main/java/com/github/pockethub/android/ui/commit/CommitCompareListFragment.java:133}","{Method onNext(CommitCompare) at app/src/main/java/com/github/pockethub/android/ui/commit/CommitCompareListFragment.java:133}","7","7"
"c04490d67c05f2bbcd1382a21f93a698241470ab","CHANGE_SIGNATURE","{Method onNext(Boolean) at app/src/main/java/com/github/pockethub/android/ui/gist/GistFragment.java:330}","{Method onNext(Response) at app/src/main/java/com/github/pockethub/android/ui/gist/GistFragment.java:330}","3","3"
"c04490d67c05f2bbcd1382a21f93a698241470ab","CHANGE_SIGNATURE","{Method getGist(GithubEvent) at app/src/main/java/com/github/pockethub/android/core/gist/GistEventMatcher.java:36}","{Method getGist(GitHubEvent) at app/src/main/java/com/github/pockethub/android/core/gist/GistEventMatcher.java:36}","15","10"
"c04490d67c05f2bbcd1382a21f93a698241470ab","INLINE","{Method new() at app/src/main/java/com/github/pockethub/android/api/GistEventPayload.java:38}","{Method onCompleted() at app/src/main/java/com/github/pockethub/android/ui/issue/MilestoneDialog.java:92}","3","13"
"c04490d67c05f2bbcd1382a21f93a698241470ab","INLINE","{Method new() at app/src/main/java/com/github/pockethub/android/api/GistEventPayload.java:38}","{Method load(Collection) at app/src/main/java/com/github/pockethub/android/ui/issue/LabelsDialog.java:76}","3","31"
"c04490d67c05f2bbcd1382a21f93a698241470ab","CHANGE_SIGNATURE","{Method register(GithubEvent) at app/src/main/java/com/github/pockethub/android/ui/user/EventPager.java:32}","{Method register(GitHubEvent) at app/src/main/java/com/github/pockethub/android/ui/user/EventPager.java:32}","3","3"
"c04490d67c05f2bbcd1382a21f93a698241470ab","CHANGE_SIGNATURE","{Method getId(Repo) at app/src/main/java/com/github/pockethub/android/ui/search/SearchRepositoryListFragment.java:58}","{Method getId(Repository) at app/src/main/java/com/github/pockethub/android/ui/search/SearchRepositoryListFragment.java:61}","3","3"
"c04490d67c05f2bbcd1382a21f93a698241470ab","CHANGE_SIGNATURE","{Method new(BaseActivity, Repo, int, ProgressObserverAdapter) at app/src/main/java/com/github/pockethub/android/ui/issue/EditLabelsTask.java:68}","{Method new(BaseActivity, Repository, int, ProgressObserverAdapter) at app/src/main/java/com/github/pockethub/android/ui/issue/EditLabelsTask.java:69}","11","11"
"c04490d67c05f2bbcd1382a21f93a698241470ab","CHANGE_SIGNATURE","{Method repositoryLoaded(Repo) at app/src/main/java/com/github/pockethub/android/ui/issue/IssuesViewActivity.java:211}","{Method repositoryLoaded(Repository) at app/src/main/java/com/github/pockethub/android/ui/issue/IssuesViewActivity.java:213}","8","9"
"c04490d67c05f2bbcd1382a21f93a698241470ab","CHANGE_SIGNATURE","{Method compare(GithubComment, GithubComment) at app/src/main/java/com/github/pockethub/android/ui/gist/GistFragment.java:362}","{Method compare(GitHubComment, GitHubComment) at app/src/main/java/com/github/pockethub/android/ui/gist/GistFragment.java:362}","3","3"
"c04490d67c05f2bbcd1382a21f93a698241470ab","CHANGE_SIGNATURE","{Method generateIconAndFormatStyledText(IconAndViewTextManager, GithubEvent, StyledText, StyledText) at app/src/main/java/com/github/pockethub/android/ui/user/EventType.java:49}","{Method generateIconAndFormatStyledText(IconAndViewTextManager, GitHubEvent, StyledText, StyledText) at app/src/main/java/com/github/pockethub/android/ui/user/EventType.java:48}","4","4"
"c04490d67c05f2bbcd1382a21f93a698241470ab","CHANGE_SIGNATURE","{Method getUsers(GithubEvent) at app/src/main/java/com/github/pockethub/android/core/user/UserEventMatcher.java:57}","{Method getUsers(GitHubEvent) at app/src/main/java/com/github/pockethub/android/core/user/UserEventMatcher.java:55}","20","14"
"c04490d67c05f2bbcd1382a21f93a698241470ab","CHANGE_SIGNATURE","{Method onNext(GithubComment) at app/src/main/java/com/github/pockethub/android/ui/gist/CreateCommentActivity.java:83}","{Method onNext(GitHubComment) at app/src/main/java/com/github/pockethub/android/ui/gist/CreateCommentActivity.java:88}","3","3"
"c04490d67c05f2bbcd1382a21f93a698241470ab","INLINE","{Method new() at app/src/main/java/com/github/pockethub/android/api/FollowEventPayload.java:38}","{Method load(GitReference) at app/src/main/java/com/github/pockethub/android/ui/ref/RefDialog.java:74}","3","31"
"c04490d67c05f2bbcd1382a21f93a698241470ab","CHANGE_SIGNATURE","{Method new(BaseActivity, int, Repo) at app/src/main/java/com/github/pockethub/android/ui/issue/MilestoneDialog.java:64}","{Method new(BaseActivity, int, Repository) at app/src/main/java/com/github/pockethub/android/ui/issue/MilestoneDialog.java:66}","6","6"
"9503a11b879ab5bcc0e2995d32b4d628e031acd7"
"079fcfc0c75e4f5b62245fb5656e7ed75db8f6a1"
"db5141911b65d937bbdc98d9a77864c1bdb70322"
"e045ff581a3ed84f95c94e1d20582eaf3a424843"
"533caa7e9e65e2310764ad1c37e9b67d6910c782"
"d061a2fb0488e3db463a291e5bc56e98a0a01617"
"623e16e3a5173152338f199833ee9a4c4ad79762"
"e9cd870c6112f11487c9ac52e21f3ce1c7fb2990"
"b65bbf51371c35a3db20c7bc7e5c027498a3b781","MOVE","{Class UserNewsFragment at app/src/main/java/com/github/pockethub/ui/user/UserNewsFragment.java:31}","{Class UserNewsFragment at app/src/main/java/com/github/pockethub/android/ui/user/UserNewsFragment.java:31}","72","72"
"b65bbf51371c35a3db20c7bc7e5c027498a3b781","MOVE","{Interface OnLoadListener at app/src/main/java/com/github/pockethub/core/OnLoadListener.java:23}","{Interface OnLoadListener at app/src/main/java/com/github/pockethub/android/core/OnLoadListener.java:23}","9","9"
"b65bbf51371c35a3db20c7bc7e5c027498a3b781","MOVE","{Class SearchActivity at app/src/main/java/com/github/pockethub/ui/search/SearchActivity.java:46}","{Class SearchActivity at app/src/main/java/com/github/pockethub/android/ui/search/SearchActivity.java:46}","114","114"
"b65bbf51371c35a3db20c7bc7e5c027498a3b781","MOVE","{Class FragmentPagerAdapter at app/src/main/java/com/github/pockethub/ui/FragmentPagerAdapter.java:31}","{Class FragmentPagerAdapter at app/src/main/java/com/github/pockethub/android/ui/FragmentPagerAdapter.java:31}","107","107"
"b65bbf51371c35a3db20c7bc7e5c027498a3b781","MOVE","{Class CheckableRelativeLayout at app/src/main/java/com/github/pockethub/ui/CheckableRelativeLayout.java:24}","{Class CheckableRelativeLayout at app/src/main/java/com/github/pockethub/android/ui/CheckableRelativeLayout.java:24}","37","37"
"b65bbf51371c35a3db20c7bc7e5c027498a3b781","MOVE","{Class CreateCommentActivityTest at app/src/androidTest/java/com/github/pockethub/tests/gist/CreateCommentActivityTest.java:33}","{Class CreateCommentActivityTest at app/src/androidTest/java/com/github/pockethub/android/tests/gist/CreateCommentActivityTest.java:33}","39","39"
"b65bbf51371c35a3db20c7bc7e5c027498a3b781","MOVE","{Class GistFilesPagerAdapter at app/src/main/java/com/github/pockethub/ui/gist/GistFilesPagerAdapter.java:33}","{Class GistFilesPagerAdapter at app/src/main/java/com/github/pockethub/android/ui/gist/GistFilesPagerAdapter.java:33}","38","38"
"b65bbf51371c35a3db20c7bc7e5c027498a3b781","MOVE","{Class GistFilesViewActivityTest at app/src/androidTest/java/com/github/pockethub/tests/gist/GistFilesViewActivityTest.java:38}","{Class GistFilesViewActivityTest at app/src/androidTest/java/com/github/pockethub/android/tests/gist/GistFilesViewActivityTest.java:38}","66","66"
"b65bbf51371c35a3db20c7bc7e5c027498a3b781","MOVE","{Class GistsPagerFragment at app/src/main/java/com/github/pockethub/ui/gist/GistsPagerFragment.java:53}","{Class GistsPagerFragment at app/src/main/java/com/github/pockethub/android/ui/gist/GistsPagerFragment.java:53}","99","99"
"b65bbf51371c35a3db20c7bc7e5c027498a3b781","MOVE","{Class PagedItemFragment at app/src/main/java/com/github/pockethub/ui/PagedItemFragment.java:39}","{Class PagedItemFragment at app/src/main/java/com/github/pockethub/android/ui/PagedItemFragment.java:38}","113","113"
"b65bbf51371c35a3db20c7bc7e5c027498a3b781","MOVE","{Class ResourceLoadingIndicator at app/src/main/java/com/github/pockethub/ui/ResourceLoadingIndicator.java:29}","{Class ResourceLoadingIndicator at app/src/main/java/com/github/pockethub/android/ui/ResourceLoadingIndicator.java:29}","54","54"
"b65bbf51371c35a3db20c7bc7e5c027498a3b781","MOVE","{Class AccountsHelper at app/src/main/java/com/github/pockethub/accounts/AccountsHelper.java:24}","{Class AccountsHelper at app/src/main/java/com/github/pockethub/android/accounts/AccountsHelper.java:24}","55","55"
"b65bbf51371c35a3db20c7bc7e5c027498a3b781","MOVE","{Class MembersFragment at app/src/main/java/com/github/pockethub/ui/user/MembersFragment.java:41}","{Class MembersFragment at app/src/main/java/com/github/pockethub/android/ui/user/MembersFragment.java:41}","62","62"
"b65bbf51371c35a3db20c7bc7e5c027498a3b781","MOVE","{Class CommitPager at app/src/main/java/com/github/pockethub/core/commit/CommitPager.java:25}","{Class CommitPager at app/src/main/java/com/github/pockethub/android/core/commit/CommitPager.java:25}","27","27"
"b65bbf51371c35a3db20c7bc7e5c027498a3b781","MOVE","{Class UserCreatedNewsFragment at app/src/main/java/com/github/pockethub/ui/user/UserCreatedNewsFragment.java:29}","{Class UserCreatedNewsFragment at app/src/main/java/com/github/pockethub/android/ui/user/UserCreatedNewsFragment.java:29}","18","18"
"b65bbf51371c35a3db20c7bc7e5c027498a3b781","MOVE","{Class TabPagerActivity at app/src/main/java/com/github/pockethub/ui/TabPagerActivity.java:34}","{Class TabPagerActivity at app/src/main/java/com/github/pockethub/android/ui/TabPagerActivity.java:34}","147","147"
"b65bbf51371c35a3db20c7bc7e5c027498a3b781","MOVE","{Class FiltersViewActivityTest at app/src/androidTest/java/com/github/pockethub/tests/FiltersViewActivityTest.java:23}","{Class FiltersViewActivityTest at app/src/androidTest/java/com/github/pockethub/android/tests/FiltersViewActivityTest.java:23}","9","9"
"b65bbf51371c35a3db20c7bc7e5c027498a3b781","MOVE","{Class SearchRepositoryListFragment at app/src/main/java/com/github/pockethub/ui/search/SearchRepositoryListFragment.java:50}","{Class SearchRepositoryListFragment at app/src/main/java/com/github/pockethub/android/ui/search/SearchRepositoryListFragment.java:50}","109","109"
"b65bbf51371c35a3db20c7bc7e5c027498a3b781","MOVE","{Class RefUtilsTest at app/src/androidTest/java/com/github/pockethub/tests/ref/RefUtilsTest.java:27}","{Class RefUtilsTest at app/src/androidTest/java/com/github/pockethub/android/tests/ref/RefUtilsTest.java:27}","84","84"
"b65bbf51371c35a3db20c7bc7e5c027498a3b781","MOVE","{Class CommitUtilsTest at app/src/androidTest/java/com/github/pockethub/tests/commit/CommitUtilsTest.java:32}","{Class CommitUtilsTest at app/src/androidTest/java/com/github/pockethub/android/tests/commit/CommitUtilsTest.java:32}","114","114"
"b65bbf51371c35a3db20c7bc7e5c027498a3b781","MOVE","{Class AccountUtils at app/src/main/java/com/github/pockethub/accounts/AccountUtils.java:54}","{Class AccountUtils at app/src/main/java/com/github/pockethub/android/accounts/AccountUtils.java:52}","311","311"
"b65bbf51371c35a3db20c7bc7e5c027498a3b781","MOVE","{Class UserEventMatcher at app/src/main/java/com/github/pockethub/core/user/UserEventMatcher.java:28}","{Class UserEventMatcher at app/src/main/java/com/github/pockethub/android/core/user/UserEventMatcher.java:28}","50","50"
"b65bbf51371c35a3db20c7bc7e5c027498a3b781","MOVE","{Class PagerActivity at app/src/main/java/com/github/pockethub/ui/PagerActivity.java:28}","{Class PagerActivity at app/src/main/java/com/github/pockethub/android/ui/PagerActivity.java:28}","74","74"
"b65bbf51371c35a3db20c7bc7e5c027498a3b781","MOVE","{Class WebView at app/src/main/java/com/github/pockethub/ui/WebView.java:25}","{Class WebView at app/src/main/java/com/github/pockethub/android/ui/WebView.java:25}","79","79"
"b65bbf51371c35a3db20c7bc7e5c027498a3b781","MOVE","{Class RepositoryIssueListAdapter at app/src/main/java/com/github/pockethub/ui/issue/RepositoryIssueListAdapter.java:32}","{Class RepositoryIssueListAdapter at app/src/main/java/com/github/pockethub/android/ui/issue/RepositoryIssueListAdapter.java:32}","57","57"
"b65bbf51371c35a3db20c7bc7e5c027498a3b781","MOVE","{Class RepositoryEventMatcher at app/src/main/java/com/github/pockethub/core/repo/RepositoryEventMatcher.java:28}","{Class RepositoryEventMatcher at app/src/main/java/com/github/pockethub/android/core/repo/RepositoryEventMatcher.java:28}","32","32"
"b65bbf51371c35a3db20c7bc7e5c027498a3b781","MOVE","{Class AccountDataManager at app/src/main/java/com/github/pockethub/persistence/AccountDataManager.java:54}","{Class AccountDataManager at app/src/main/java/com/github/pockethub/android/persistence/AccountDataManager.java:52}","253","253"
"b65bbf51371c35a3db20c7bc7e5c027498a3b781","MOVE","{Class DatabaseCache at app/src/main/java/com/github/pockethub/persistence/DatabaseCache.java:35}","{Class DatabaseCache at app/src/main/java/com/github/pockethub/android/persistence/DatabaseCache.java:35}","125","125"
"b65bbf51371c35a3db20c7bc7e5c027498a3b781","MOVE","{Class SearchUser at app/src/main/java/com/github/pockethub/core/search/SearchUser.java:24}","{Class SearchUser at app/src/main/java/com/github/pockethub/android/core/search/SearchUser.java:24}","149","149"
"b65bbf51371c35a3db20c7bc7e5c027498a3b781","MOVE","{Class PreferenceUtils at app/src/main/java/com/github/pockethub/util/PreferenceUtils.java:27}","{Class PreferenceUtils at app/src/main/java/com/github/pockethub/android/util/PreferenceUtils.java:27}","31","31"
"b65bbf51371c35a3db20c7bc7e5c027498a3b781","MOVE","{Class CommitCompareViewActivity at app/src/main/java/com/github/pockethub/ui/commit/CommitCompareViewActivity.java:44}","{Class CommitCompareViewActivity at app/src/main/java/com/github/pockethub/android/ui/commit/CommitCompareViewActivity.java:44}","69","69"
"b65bbf51371c35a3db20c7bc7e5c027498a3b781","MOVE","{Class RepositorySearchSuggestionsProvider at app/src/main/java/com/github/pockethub/ui/search/RepositorySearchSuggestionsProvider.java:26}","{Class RepositorySearchSuggestionsProvider at app/src/main/java/com/github/pockethub/android/ui/search/RepositorySearchSuggestionsProvider.java:26}","35","35"
"b65bbf51371c35a3db20c7bc7e5c027498a3b781","MOVE","{Class EditMilestoneTask at app/src/main/java/com/github/pockethub/ui/issue/EditMilestoneTask.java:42}","{Class EditMilestoneTask at app/src/main/java/com/github/pockethub/android/ui/issue/EditMilestoneTask.java:41}","77","77"
"b65bbf51371c35a3db20c7bc7e5c027498a3b781","MOVE","{Class CommitDiffListFragment at app/src/main/java/com/github/pockethub/ui/commit/CommitDiffListFragment.java:88}","{Class CommitDiffListFragment at app/src/main/java/com/github/pockethub/android/ui/commit/CommitDiffListFragment.java:86}","429","429"
"b65bbf51371c35a3db20c7bc7e5c027498a3b781","MOVE","{Class AssigneeDialogFragment at app/src/main/java/com/github/pockethub/ui/issue/AssigneeDialogFragment.java:48}","{Class AssigneeDialogFragment at app/src/main/java/com/github/pockethub/android/ui/issue/AssigneeDialogFragment.java:48}","131","131"
"b65bbf51371c35a3db20c7bc7e5c027498a3b781","MOVE","{Class UserFollowersFragment at app/src/main/java/com/github/pockethub/ui/user/UserFollowersFragment.java:34}","{Class UserFollowersFragment at app/src/main/java/com/github/pockethub/android/ui/user/UserFollowersFragment.java:34}","27","27"
"b65bbf51371c35a3db20c7bc7e5c027498a3b781","MOVE","{Class RoboAccountAuthenticatorAppCompatActivity at app/src/main/java/com/github/pockethub/ui/roboactivities/RoboAccountAuthenticatorAppCompatActivity.java:51}","{Class RoboAccountAuthenticatorAppCompatActivity at app/src/main/java/com/github/pockethub/android/ui/roboactivities/RoboAccountAuthenticatorAppCompatActivity.java:51}","90","90"
"b65bbf51371c35a3db20c7bc7e5c027498a3b781","MOVE","{Class HttpImageGetter at app/src/main/java/com/github/pockethub/util/HttpImageGetter.java:63}","{Class HttpImageGetter at app/src/main/java/com/github/pockethub/android/util/HttpImageGetter.java:63}","295","295"
"b65bbf51371c35a3db20c7bc7e5c027498a3b781","MOVE","{Class SelectableLinkMovementMethod at app/src/main/java/com/github/pockethub/ui/SelectableLinkMovementMethod.java:25}","{Class SelectableLinkMovementMethod at app/src/main/java/com/github/pockethub/android/ui/SelectableLinkMovementMethod.java:25}","43","43"
"b65bbf51371c35a3db20c7bc7e5c027498a3b781","MOVE","{Class Organizations at app/src/main/java/com/github/pockethub/persistence/Organizations.java:37}","{Class Organizations at app/src/main/java/com/github/pockethub/android/persistence/Organizations.java:37}","62","62"
"b65bbf51371c35a3db20c7bc7e5c027498a3b781","MOVE","{Class CommitCompareListFragment at app/src/main/java/com/github/pockethub/ui/commit/CommitCompareListFragment.java:66}","{Class CommitCompareListFragment at app/src/main/java/com/github/pockethub/android/ui/commit/CommitCompareListFragment.java:66}","202","202"
"b65bbf51371c35a3db20c7bc7e5c027498a3b781","MOVE","{Class RepositoryEventMatcherTest at app/src/androidTest/java/com/github/pockethub/tests/repo/RepositoryEventMatcherTest.java:30}","{Class RepositoryEventMatcherTest at app/src/androidTest/java/com/github/pockethub/android/tests/repo/RepositoryEventMatcherTest.java:30}","28","28"
"b65bbf51371c35a3db20c7bc7e5c027498a3b781","MOVE","{Class IconAndViewTextManager at app/src/main/java/com/github/pockethub/ui/user/IconAndViewTextManager.java:43}","{Class IconAndViewTextManager at app/src/main/java/com/github/pockethub/android/ui/user/IconAndViewTextManager.java:43}","357","357"
"b65bbf51371c35a3db20c7bc7e5c027498a3b781","MOVE","{Class HtmlUtilsTest at app/src/androidTest/java/com/github/pockethub/tests/util/HtmlUtilsTest.java:25}","{Class HtmlUtilsTest at app/src/androidTest/java/com/github/pockethub/android/tests/util/HtmlUtilsTest.java:25}","197","197"
"b65bbf51371c35a3db20c7bc7e5c027498a3b781","MOVE","{Class InfoUtils at app/src/main/java/com/github/pockethub/util/InfoUtils.java:26}","{Class InfoUtils at app/src/main/java/com/github/pockethub/android/util/InfoUtils.java:26}","84","84"
"b65bbf51371c35a3db20c7bc7e5c027498a3b781","MOVE","{Class HomePagerAdapter at app/src/main/java/com/github/pockethub/ui/user/HomePagerAdapter.java:35}","{Class HomePagerAdapter at app/src/main/java/com/github/pockethub/android/ui/user/HomePagerAdapter.java:35}","88","88"
"b65bbf51371c35a3db20c7bc7e5c027498a3b781","MOVE","{Class ConvertUtilsTest at app/src/test/java/com/github/pockethub/util/ConvertUtilsTest.java:28}","{Class ConvertUtilsTest at app/src/test/java/com/github/pockethub/android/util/ConvertUtilsTest.java:28}","32","32"
"b65bbf51371c35a3db20c7bc7e5c027498a3b781","MOVE","{Class ContributorListAdapter at app/src/main/java/com/github/pockethub/ui/repo/ContributorListAdapter.java:29}","{Class ContributorListAdapter at app/src/main/java/com/github/pockethub/android/ui/repo/ContributorListAdapter.java:29}","39","39"
"b65bbf51371c35a3db20c7bc7e5c027498a3b781","MOVE","{Class FullTree at app/src/main/java/com/github/pockethub/core/code/FullTree.java:36}","{Class FullTree at app/src/main/java/com/github/pockethub/android/core/code/FullTree.java:36}","155","155"
"b65bbf51371c35a3db20c7bc7e5c027498a3b781","MOVE","{Class ViewPager at app/src/main/java/com/github/pockethub/ui/ViewPager.java:26}","{Class ViewPager at app/src/main/java/com/github/pockethub/android/ui/ViewPager.java:26}","89","89"
"b65bbf51371c35a3db20c7bc7e5c027498a3b781","MOVE","{Class MyGistsFragment at app/src/main/java/com/github/pockethub/ui/gist/MyGistsFragment.java:39}","{Class MyGistsFragment at app/src/main/java/com/github/pockethub/android/ui/gist/MyGistsFragment.java:39}","32","32"
"b65bbf51371c35a3db20c7bc7e5c027498a3b781","MOVE","{Class CommentListAdapter at app/src/main/java/com/github/pockethub/ui/comment/CommentListAdapter.java:46}","{Class CommentListAdapter at app/src/main/java/com/github/pockethub/android/ui/comment/CommentListAdapter.java:46}","271","271"
"b65bbf51371c35a3db20c7bc7e5c027498a3b781","MOVE","{Class CheckHasReadMeClient at app/src/main/java/com/github/pockethub/api/CheckHasReadMeClient.java:10}","{Class CheckHasReadMeClient at app/src/main/java/com/github/pockethub/android/api/CheckHasReadMeClient.java:10}","13","13"
"b65bbf51371c35a3db20c7bc7e5c027498a3b781","MOVE","{Class BaseActivity at app/src/main/java/com/github/pockethub/ui/BaseActivity.java:35}","{Class BaseActivity at app/src/main/java/com/github/pockethub/android/ui/BaseActivity.java:35}","143","143"
"b65bbf51371c35a3db20c7bc7e5c027498a3b781","MOVE","{Class CreateGistActivity at app/src/main/java/com/github/pockethub/ui/gist/CreateGistActivity.java:49}","{Class CreateGistActivity at app/src/main/java/com/github/pockethub/android/ui/gist/CreateGistActivity.java:49}","132","132"
"b65bbf51371c35a3db20c7bc7e5c027498a3b781","MOVE","{Class GistsViewActivity at app/src/main/java/com/github/pockethub/ui/gist/GistsViewActivity.java:59}","{Class GistsViewActivity at app/src/main/java/com/github/pockethub/android/ui/gist/GistsViewActivity.java:59}","185","185"
"b65bbf51371c35a3db20c7bc7e5c027498a3b781","MOVE","{Class RefreshTreeTask at app/src/main/java/com/github/pockethub/core/code/RefreshTreeTask.java:42}","{Class RefreshTreeTask at app/src/main/java/com/github/pockethub/android/core/code/RefreshTreeTask.java:42}","58","58"
"b65bbf51371c35a3db20c7bc7e5c027498a3b781","MOVE","{Class OrganizationLoader at app/src/main/java/com/github/pockethub/ui/repo/OrganizationLoader.java:39}","{Class OrganizationLoader at app/src/main/java/com/github/pockethub/android/ui/repo/OrganizationLoader.java:39}","44","44"
"b65bbf51371c35a3db20c7bc7e5c027498a3b781","MOVE","{Class RoboAppCompatActivity at app/src/main/java/com/github/pockethub/ui/roboactivities/RoboAppCompatActivity.java:50}","{Class RoboAppCompatActivity at app/src/main/java/com/github/pockethub/android/ui/roboactivities/RoboAppCompatActivity.java:50}","106","106"
"b65bbf51371c35a3db20c7bc7e5c027498a3b781","MOVE","{Class GistListAdapter at app/src/main/java/com/github/pockethub/ui/gist/GistListAdapter.java:37}","{Class GistListAdapter at app/src/main/java/com/github/pockethub/android/ui/gist/GistListAdapter.java:37}","69","69"
"b65bbf51371c35a3db20c7bc7e5c027498a3b781","MOVE","{Class CreateCommentActivity at app/src/main/java/com/github/pockethub/ui/gist/CreateCommentActivity.java:42}","{Class CreateCommentActivity at app/src/main/java/com/github/pockethub/android/ui/gist/CreateCommentActivity.java:42}","54","54"
"b65bbf51371c35a3db20c7bc7e5c027498a3b781","MOVE","{Class CommitUriMatcherTest at app/src/androidTest/java/com/github/pockethub/tests/commit/CommitUriMatcherTest.java:27}","{Class CommitUriMatcherTest at app/src/androidTest/java/com/github/pockethub/android/tests/commit/CommitUriMatcherTest.java:27}","60","60"
"b65bbf51371c35a3db20c7bc7e5c027498a3b781","MOVE","{Class TabPagerFragment at app/src/main/java/com/github/pockethub/ui/TabPagerFragment.java:35}","{Class TabPagerFragment at app/src/main/java/com/github/pockethub/android/ui/TabPagerFragment.java:35}","134","134"
"b65bbf51371c35a3db20c7bc7e5c027498a3b781","MOVE","{Class GistPager at app/src/main/java/com/github/pockethub/core/gist/GistPager.java:24}","{Class GistPager at app/src/main/java/com/github/pockethub/android/core/gist/GistPager.java:24}","23","23"
"b65bbf51371c35a3db20c7bc7e5c027498a3b781","MOVE","{Class CommentPreviewPagerAdapter at app/src/main/java/com/github/pockethub/ui/comment/CommentPreviewPagerAdapter.java:29}","{Class CommentPreviewPagerAdapter at app/src/main/java/com/github/pockethub/android/ui/comment/CommentPreviewPagerAdapter.java:29}","93","93"
"b65bbf51371c35a3db20c7bc7e5c027498a3b781","MOVE","{Interface ContentService at app/src/main/java/com/github/pockethub/api/ContentService.java:9}","{Interface ContentService at app/src/main/java/com/github/pockethub/android/api/ContentService.java:9}","13","13"
"b65bbf51371c35a3db20c7bc7e5c027498a3b781","MOVE","{Class NoSuchPageException at app/src/main/java/com/github/pockethub/core/NoSuchPageException.java:22}","{Class NoSuchPageException at app/src/main/java/com/github/pockethub/android/core/NoSuchPageException.java:22}","16","16"
"b65bbf51371c35a3db20c7bc7e5c027498a3b781","MOVE","{Class DiffStyler at app/src/main/java/com/github/pockethub/ui/commit/DiffStyler.java:35}","{Class DiffStyler at app/src/main/java/com/github/pockethub/android/ui/commit/DiffStyler.java:35}","101","101"
"b65bbf51371c35a3db20c7bc7e5c027498a3b781","MOVE","{Class UserRepositoryListFragment at app/src/main/java/com/github/pockethub/ui/repo/UserRepositoryListFragment.java:43}","{Class UserRepositoryListFragment at app/src/main/java/com/github/pockethub/android/ui/repo/UserRepositoryListFragment.java:43}","72","72"
"b65bbf51371c35a3db20c7bc7e5c027498a3b781","MOVE","{Class ProgressObserverAdapter at app/src/main/java/com/github/pockethub/rx/ProgressObserverAdapter.java:8}","{Class ProgressObserverAdapter at app/src/main/java/com/github/pockethub/android/rx/ProgressObserverAdapter.java:8}","88","88"
"b65bbf51371c35a3db20c7bc7e5c027498a3b781","MOVE","{Class FollowEventPayload at app/src/main/java/com/github/pockethub/api/FollowEventPayload.java:24}","{Class FollowEventPayload at app/src/main/java/com/github/pockethub/android/api/FollowEventPayload.java:24}","29","29"
"b65bbf51371c35a3db20c7bc7e5c027498a3b781","MOVE","{Class RefDialog at app/src/main/java/com/github/pockethub/ui/ref/RefDialog.java:46}","{Class RefDialog at app/src/main/java/com/github/pockethub/android/ui/ref/RefDialog.java:46}","93","93"
"b65bbf51371c35a3db20c7bc7e5c027498a3b781","MOVE","{Class PageIterator at app/src/main/java/com/github/pockethub/core/PageIterator.java:29}","{Class PageIterator at app/src/main/java/com/github/pockethub/android/core/PageIterator.java:29}","82","82"
"b65bbf51371c35a3db20c7bc7e5c027498a3b781","MOVE","{Class RepositoryContributorsActivity at app/src/main/java/com/github/pockethub/ui/repo/RepositoryContributorsActivity.java:38}","{Class RepositoryContributorsActivity at app/src/main/java/com/github/pockethub/android/ui/repo/RepositoryContributorsActivity.java:38}","49","49"
"b65bbf51371c35a3db20c7bc7e5c027498a3b781","MOVE","{Interface OrganizationSelectionProvider at app/src/main/java/com/github/pockethub/ui/user/OrganizationSelectionProvider.java:21}","{Interface OrganizationSelectionProvider at app/src/main/java/com/github/pockethub/android/ui/user/OrganizationSelectionProvider.java:21}","19","19"
"b65bbf51371c35a3db20c7bc7e5c027498a3b781","MOVE","{Class IssueSearchActivity at app/src/main/java/com/github/pockethub/ui/issue/IssueSearchActivity.java:47}","{Class IssueSearchActivity at app/src/main/java/com/github/pockethub/android/ui/issue/IssueSearchActivity.java:47}","85","85"
"b65bbf51371c35a3db20c7bc7e5c027498a3b781","MOVE","{Class EditStateTask at app/src/main/java/com/github/pockethub/ui/issue/EditStateTask.java:43}","{Class EditStateTask at app/src/main/java/com/github/pockethub/android/ui/issue/EditStateTask.java:42}","78","78"
"b65bbf51371c35a3db20c7bc7e5c027498a3b781","MOVE","{Class RefreshCommitTask at app/src/main/java/com/github/pockethub/core/commit/RefreshCommitTask.java:43}","{Class RefreshCommitTask at app/src/main/java/com/github/pockethub/android/core/commit/RefreshCommitTask.java:43}","46","46"
"b65bbf51371c35a3db20c7bc7e5c027498a3b781","MOVE","{Class PagedUserFragment at app/src/main/java/com/github/pockethub/ui/user/PagedUserFragment.java:33}","{Class PagedUserFragment at app/src/main/java/com/github/pockethub/android/ui/user/PagedUserFragment.java:33}","22","22"
"b65bbf51371c35a3db20c7bc7e5c027498a3b781","MOVE","{Class RequestUtils at app/src/main/java/com/github/pockethub/util/RequestUtils.java:25}","{Class RequestUtils at app/src/main/java/com/github/pockethub/android/util/RequestUtils.java:25}","37","37"
"b65bbf51371c35a3db20c7bc7e5c027498a3b781","MOVE","{Interface EditCommentListener at app/src/main/java/com/github/pockethub/ui/comment/EditCommentListener.java:23}","{Interface EditCommentListener at app/src/main/java/com/github/pockethub/android/ui/comment/EditCommentListener.java:23}","9","9"
"b65bbf51371c35a3db20c7bc7e5c027498a3b781","MOVE","{Class CommitMatch at app/src/main/java/com/github/pockethub/core/commit/CommitMatch.java:23}","{Class CommitMatch at app/src/main/java/com/github/pockethub/android/core/commit/CommitMatch.java:23}","23","23"
"b65bbf51371c35a3db20c7bc7e5c027498a3b781","MOVE","{Class ToastUtils at app/src/main/java/com/github/pockethub/util/ToastUtils.java:28}","{Class ToastUtils at app/src/main/java/com/github/pockethub/android/util/ToastUtils.java:28}","58","58"
"b65bbf51371c35a3db20c7bc7e5c027498a3b781","MOVE","{Class SearchActivityTest at app/src/androidTest/java/com/github/pockethub/tests/repo/SearchActivityTest.java:30}","{Class SearchActivityTest at app/src/androidTest/java/com/github/pockethub/android/tests/repo/SearchActivityTest.java:30}","16","16"
"b65bbf51371c35a3db20c7bc7e5c027498a3b781","MOVE","{Class HeaderFooterListAdapter at app/src/main/java/com/github/pockethub/ui/HeaderFooterListAdapter.java:32}","{Class HeaderFooterListAdapter at app/src/main/java/com/github/pockethub/android/ui/HeaderFooterListAdapter.java:32}","155","155"
"b65bbf51371c35a3db20c7bc7e5c027498a3b781","MOVE","{Class UriLauncherActivity at app/src/main/java/com/github/pockethub/ui/user/UriLauncherActivity.java:55}","{Class UriLauncherActivity at app/src/main/java/com/github/pockethub/android/ui/user/UriLauncherActivity.java:55}","129","129"
"b65bbf51371c35a3db20c7bc7e5c027498a3b781","MOVE","{Class EditCommentActivity at app/src/main/java/com/github/pockethub/ui/issue/EditCommentActivity.java:50}","{Class EditCommentActivity at app/src/main/java/com/github/pockethub/android/ui/issue/EditCommentActivity.java:50}","87","87"
"b65bbf51371c35a3db20c7bc7e5c027498a3b781","MOVE","{Interface OrganizationSelectionListener at app/src/main/java/com/github/pockethub/ui/user/OrganizationSelectionListener.java:23}","{Interface OrganizationSelectionListener at app/src/main/java/com/github/pockethub/android/ui/user/OrganizationSelectionListener.java:23}","9","9"
"b65bbf51371c35a3db20c7bc7e5c027498a3b781","MOVE","{Interface RequestFuture at app/src/main/java/com/github/pockethub/RequestFuture.java:24}","{Interface RequestFuture at app/src/main/java/com/github/pockethub/android/RequestFuture.java:24}","9","9"
"b65bbf51371c35a3db20c7bc7e5c027498a3b781","MOVE","{Class RecentRepositoriesTest at app/src/androidTest/java/com/github/pockethub/tests/repo/RecentRepositoriesTest.java:28}","{Class RecentRepositoriesTest at app/src/androidTest/java/com/github/pockethub/android/tests/repo/RecentRepositoriesTest.java:28}","73","73"
"b65bbf51371c35a3db20c7bc7e5c027498a3b781","MOVE","{Class UserUriMatcher at app/src/main/java/com/github/pockethub/core/user/UserUriMatcher.java:28}","{Class UserUriMatcher at app/src/main/java/com/github/pockethub/android/core/user/UserUriMatcher.java:28}","23","23"
"b65bbf51371c35a3db20c7bc7e5c027498a3b781","MOVE","{Class Intents at app/src/main/java/com/github/pockethub/Intents.java:34}","{Class Intents at app/src/main/java/com/github/pockethub/android/Intents.java:34}","347","347"
"b65bbf51371c35a3db20c7bc7e5c027498a3b781","MOVE","{Interface DeleteCommentListener at app/src/main/java/com/github/pockethub/ui/comment/DeleteCommentListener.java:23}","{Interface DeleteCommentListener at app/src/main/java/com/github/pockethub/android/ui/comment/DeleteCommentListener.java:23}","9","9"
"b65bbf51371c35a3db20c7bc7e5c027498a3b781","MOVE","{Class DashboardIssueListAdapter at app/src/main/java/com/github/pockethub/ui/issue/DashboardIssueListAdapter.java:33}","{Class DashboardIssueListAdapter at app/src/main/java/com/github/pockethub/android/ui/issue/DashboardIssueListAdapter.java:33}","67","67"
"b65bbf51371c35a3db20c7bc7e5c027498a3b781","MOVE","{Class HtmlUtils at app/src/main/java/com/github/pockethub/util/HtmlUtils.java:43}","{Class HtmlUtils at app/src/main/java/com/github/pockethub/android/util/HtmlUtils.java:43}","449","449"
"b65bbf51371c35a3db20c7bc7e5c027498a3b781","MOVE","{Class RepositoryUriMatcher at app/src/main/java/com/github/pockethub/core/repo/RepositoryUriMatcher.java:28}","{Class RepositoryUriMatcher at app/src/main/java/com/github/pockethub/android/core/repo/RepositoryUriMatcher.java:28}","31","31"
"b65bbf51371c35a3db20c7bc7e5c027498a3b781","MOVE","{Class MainActivityTest at app/src/test/java/com/github/pockethub/ui/MainActivityTest.java:58}","{Class MainActivityTest at app/src/test/java/com/github/pockethub/android/ui/MainActivityTest.java:58}","87","87"
"b65bbf51371c35a3db20c7bc7e5c027498a3b781","MOVE","{Enum EventType at app/src/main/java/com/github/pockethub/ui/user/EventType.java:25}","{Enum EventType at app/src/main/java/com/github/pockethub/android/ui/user/EventType.java:25}","135","135"
"b65bbf51371c35a3db20c7bc7e5c027498a3b781","MOVE","{Class IssuePager at app/src/main/java/com/github/pockethub/core/issue/IssuePager.java:24}","{Class IssuePager at app/src/main/java/com/github/pockethub/android/core/issue/IssuePager.java:24}","27","27"
"b65bbf51371c35a3db20c7bc7e5c027498a3b781","MOVE","{Class UrlMatcher at app/src/main/java/com/github/pockethub/core/UrlMatcher.java:25}","{Class UrlMatcher at app/src/main/java/com/github/pockethub/android/core/UrlMatcher.java:25}","16","16"
"b65bbf51371c35a3db20c7bc7e5c027498a3b781","MOVE","{Class DotPagerActivity at app/src/main/java/com/github/pockethub/ui/DotPagerActivity.java:27}","{Class DotPagerActivity at app/src/main/java/com/github/pockethub/android/ui/DotPagerActivity.java:27}","79","79"
"b65bbf51371c35a3db20c7bc7e5c027498a3b781","MOVE","{Class CreateCommentActivity at app/src/main/java/com/github/pockethub/ui/commit/CreateCommentActivity.java:48}","{Class CreateCommentActivity at app/src/main/java/com/github/pockethub/android/ui/commit/CreateCommentActivity.java:48}","96","96"
"b65bbf51371c35a3db20c7bc7e5c027498a3b781","MOVE","{Class IssueStore at app/src/main/java/com/github/pockethub/core/issue/IssueStore.java:40}","{Class IssueStore at app/src/main/java/com/github/pockethub/android/core/issue/IssueStore.java:40}","140","140"
"b65bbf51371c35a3db20c7bc7e5c027498a3b781","MOVE","{Class CommitListAdapter at app/src/main/java/com/github/pockethub/ui/commit/CommitListAdapter.java:36}","{Class CommitListAdapter at app/src/main/java/com/github/pockethub/android/ui/commit/CommitListAdapter.java:36}","57","57"
"b65bbf51371c35a3db20c7bc7e5c027498a3b781","MOVE","{Class AccountAuthenticator at app/src/main/java/com/github/pockethub/accounts/AccountAuthenticator.java:39}","{Class AccountAuthenticator at app/src/main/java/com/github/pockethub/android/accounts/AccountAuthenticator.java:34}","82","82"
"b65bbf51371c35a3db20c7bc7e5c027498a3b781","MOVE","{Class HomePagerFragment at app/src/main/java/com/github/pockethub/ui/user/HomePagerFragment.java:32}","{Class HomePagerFragment at app/src/main/java/com/github/pockethub/android/ui/user/HomePagerFragment.java:32}","60","60"
"b65bbf51371c35a3db20c7bc7e5c027498a3b781","MOVE","{Class WelcomePagerAdapter at app/src/main/java/com/github/pockethub/ui/WelcomePagerAdapter.java:29}","{Class WelcomePagerAdapter at app/src/main/java/com/github/pockethub/android/ui/WelcomePagerAdapter.java:29}","49","49"
"b65bbf51371c35a3db20c7bc7e5c027498a3b781","MOVE","{Class RefDialogFragment at app/src/main/java/com/github/pockethub/ui/ref/RefDialogFragment.java:47}","{Class RefDialogFragment at app/src/main/java/com/github/pockethub/android/ui/ref/RefDialogFragment.java:47}","128","128"
"b65bbf51371c35a3db20c7bc7e5c027498a3b781","MOVE","{Class PagerFragment at app/src/main/java/com/github/pockethub/ui/PagerFragment.java:26}","{Class PagerFragment at app/src/main/java/com/github/pockethub/android/ui/PagerFragment.java:26}","55","55"
"b65bbf51371c35a3db20c7bc7e5c027498a3b781","MOVE","{Class GistsPagerAdapter at app/src/main/java/com/github/pockethub/ui/gist/GistsPagerAdapter.java:31}","{Class GistsPagerAdapter at app/src/main/java/com/github/pockethub/android/ui/gist/GistsPagerAdapter.java:31}","62","62"
"b65bbf51371c35a3db20c7bc7e5c027498a3b781","MOVE","{Class IssuesViewActivity at app/src/main/java/com/github/pockethub/ui/issue/IssuesViewActivity.java:67}","{Class IssuesViewActivity at app/src/main/java/com/github/pockethub/android/ui/issue/IssuesViewActivity.java:60}","273","273"
"b65bbf51371c35a3db20c7bc7e5c027498a3b781","MOVE","{Class FullIssue at app/src/main/java/com/github/pockethub/core/issue/FullIssue.java:29}","{Class FullIssue at app/src/main/java/com/github/pockethub/android/core/issue/FullIssue.java:29}","45","45"
"b65bbf51371c35a3db20c7bc7e5c027498a3b781","MOVE","{Class ContentProviderAdapter at app/src/main/java/com/github/pockethub/sync/ContentProviderAdapter.java:26}","{Class ContentProviderAdapter at app/src/main/java/com/github/pockethub/android/sync/ContentProviderAdapter.java:26}","34","34"
"b65bbf51371c35a3db20c7bc7e5c027498a3b781","MOVE","{Class OrganizationRepositories at app/src/main/java/com/github/pockethub/persistence/OrganizationRepositories.java:47}","{Class OrganizationRepositories at app/src/main/java/com/github/pockethub/android/persistence/OrganizationRepositories.java:47}","154","154"
"b65bbf51371c35a3db20c7bc7e5c027498a3b781","MOVE","{Class UserComparatorTest at app/src/androidTest/java/com/github/pockethub/tests/user/UserComparatorTest.java:27}","{Class UserComparatorTest at app/src/androidTest/java/com/github/pockethub/android/tests/user/UserComparatorTest.java:27}","42","42"
"b65bbf51371c35a3db20c7bc7e5c027498a3b781","MOVE","{Class ServiceUtils at app/src/main/java/com/github/pockethub/util/ServiceUtils.java:31}","{Class ServiceUtils at app/src/main/java/com/github/pockethub/android/util/ServiceUtils.java:31}","101","101"
"b65bbf51371c35a3db20c7bc7e5c027498a3b781","MOVE","{Interface FragmentProvider at app/src/main/java/com/github/pockethub/ui/FragmentProvider.java:23}","{Interface FragmentProvider at app/src/main/java/com/github/pockethub/android/ui/FragmentProvider.java:23}","9","9"
"b65bbf51371c35a3db20c7bc7e5c027498a3b781","MOVE","{Class IssueEventMatcher at app/src/main/java/com/github/pockethub/core/issue/IssueEventMatcher.java:28}","{Class IssueEventMatcher at app/src/main/java/com/github/pockethub/android/core/issue/IssueEventMatcher.java:28}","29","29"
"b65bbf51371c35a3db20c7bc7e5c027498a3b781","MOVE","{Class CreateCommentActivity at app/src/main/java/com/github/pockethub/ui/comment/CreateCommentActivity.java:38}","{Class CreateCommentActivity at app/src/main/java/com/github/pockethub/android/ui/comment/CreateCommentActivity.java:38}","110","110"
"b65bbf51371c35a3db20c7bc7e5c027498a3b781","MOVE","{Class SearchIssueListAdapter at app/src/main/java/com/github/pockethub/ui/issue/SearchIssueListAdapter.java:32}","{Class SearchIssueListAdapter at app/src/main/java/com/github/pockethub/android/ui/issue/SearchIssueListAdapter.java:32}","56","56"
"b65bbf51371c35a3db20c7bc7e5c027498a3b781","MOVE","{Class SearchPagerAdapter at app/src/main/java/com/github/pockethub/ui/search/SearchPagerAdapter.java:28}","{Class SearchPagerAdapter at app/src/main/java/com/github/pockethub/android/ui/search/SearchPagerAdapter.java:28}","44","44"
"b65bbf51371c35a3db20c7bc7e5c027498a3b781","MOVE","{Class DialogFragment at app/src/main/java/com/github/pockethub/ui/DialogFragment.java:32}","{Class DialogFragment at app/src/main/java/com/github/pockethub/android/ui/DialogFragment.java:32}","97","97"
"b65bbf51371c35a3db20c7bc7e5c027498a3b781","MOVE","{Class RepositoryViewActivity at app/src/main/java/com/github/pockethub/ui/repo/RepositoryViewActivity.java:71}","{Class RepositoryViewActivity at app/src/main/java/com/github/pockethub/android/ui/repo/RepositoryViewActivity.java:68}","294","294"
"b65bbf51371c35a3db20c7bc7e5c027498a3b781","MOVE","{Class RepositoryPagerAdapter at app/src/main/java/com/github/pockethub/ui/repo/RepositoryPagerAdapter.java:32}","{Class RepositoryPagerAdapter at app/src/main/java/com/github/pockethub/android/ui/repo/RepositoryPagerAdapter.java:32}","119","119"
"b65bbf51371c35a3db20c7bc7e5c027498a3b781","MOVE","{Class ConvertUtils at app/src/main/java/com/github/pockethub/util/ConvertUtils.java:22}","{Class ConvertUtils at app/src/main/java/com/github/pockethub/android/util/ConvertUtils.java:22}","17","17"
"b65bbf51371c35a3db20c7bc7e5c027498a3b781","MOVE","{Class ShareUtils at app/src/main/java/com/github/pockethub/util/ShareUtils.java:28}","{Class ShareUtils at app/src/main/java/com/github/pockethub/android/util/ShareUtils.java:28}","39","39"
"b65bbf51371c35a3db20c7bc7e5c027498a3b781","MOVE","{Class IssueBrowseActivity at app/src/main/java/com/github/pockethub/ui/issue/IssueBrowseActivity.java:39}","{Class IssueBrowseActivity at app/src/main/java/com/github/pockethub/android/ui/issue/IssueBrowseActivity.java:39}","48","48"
"b65bbf51371c35a3db20c7bc7e5c027498a3b781","MOVE","{Class IssuesFragment at app/src/main/java/com/github/pockethub/ui/issue/IssuesFragment.java:71}","{Class IssuesFragment at app/src/main/java/com/github/pockethub/android/ui/issue/IssuesFragment.java:71}","225","225"
"b65bbf51371c35a3db20c7bc7e5c027498a3b781","MOVE","{Class SyncAdapter at app/src/main/java/com/github/pockethub/sync/SyncAdapter.java:35}","{Class SyncAdapter at app/src/main/java/com/github/pockethub/android/sync/SyncAdapter.java:35}","44","44"
"b65bbf51371c35a3db20c7bc7e5c027498a3b781","MOVE","{Class RefreshIssueTask at app/src/main/java/com/github/pockethub/core/issue/RefreshIssueTask.java:39}","{Class RefreshIssueTask at app/src/main/java/com/github/pockethub/android/core/issue/RefreshIssueTask.java:39}","49","49"
"b65bbf51371c35a3db20c7bc7e5c027498a3b781","MOVE","{Class NewsFragment at app/src/main/java/com/github/pockethub/ui/NewsFragment.java:69}","{Class NewsFragment at app/src/main/java/com/github/pockethub/android/ui/NewsFragment.java:69}","250","250"
"b65bbf51371c35a3db20c7bc7e5c027498a3b781","MOVE","{Class FiltersViewActivity at app/src/main/java/com/github/pockethub/ui/issue/FiltersViewActivity.java:43}","{Class FiltersViewActivity at app/src/main/java/com/github/pockethub/android/ui/issue/FiltersViewActivity.java:43}","81","81"
"b65bbf51371c35a3db20c7bc7e5c027498a3b781","MOVE","{Class GravatarUtils at app/src/main/java/com/github/pockethub/util/GravatarUtils.java:31}","{Class GravatarUtils at app/src/main/java/com/github/pockethub/android/util/GravatarUtils.java:31}","66","66"
"b65bbf51371c35a3db20c7bc7e5c027498a3b781","MOVE","{Class RepositoryUtils at app/src/main/java/com/github/pockethub/core/repo/RepositoryUtils.java:25}","{Class RepositoryUtils at app/src/main/java/com/github/pockethub/android/core/repo/RepositoryUtils.java:25}","75","75"
"b65bbf51371c35a3db20c7bc7e5c027498a3b781","MOVE","{Class CommitUtils at app/src/main/java/com/github/pockethub/core/commit/CommitUtils.java:36}","{Class CommitUtils at app/src/main/java/com/github/pockethub/android/core/commit/CommitUtils.java:36}","248","248"
"b65bbf51371c35a3db20c7bc7e5c027498a3b781","MOVE","{Class GistFileFragment at app/src/main/java/com/github/pockethub/ui/gist/GistFileFragment.java:59}","{Class GistFileFragment at app/src/main/java/com/github/pockethub/android/ui/gist/GistFileFragment.java:56}","159","159"
"b65bbf51371c35a3db20c7bc7e5c027498a3b781","MOVE","{Class CommitStore at app/src/main/java/com/github/pockethub/core/commit/CommitStore.java:34}","{Class CommitStore at app/src/main/java/com/github/pockethub/android/core/commit/CommitStore.java:34}","71","71"
"b65bbf51371c35a3db20c7bc7e5c027498a3b781","MOVE","{Class PocketHub at app/src/main/java/com/github/pockethub/PocketHub.java:36}","{Class PocketHub at app/src/main/java/com/github/pockethub/android/PocketHub.java:36}","45","45"
"b65bbf51371c35a3db20c7bc7e5c027498a3b781","MOVE","{Interface ResultCodes at app/src/main/java/com/github/pockethub/ResultCodes.java:23}","{Interface ResultCodes at app/src/main/java/com/github/pockethub/android/ResultCodes.java:23}","7","7"
"b65bbf51371c35a3db20c7bc7e5c027498a3b781","MOVE","{Class SyncAdapterService at app/src/main/java/com/github/pockethub/sync/SyncAdapterService.java:29}","{Class SyncAdapterService at app/src/main/java/com/github/pockethub/android/sync/SyncAdapterService.java:29}","10","10"
"b65bbf51371c35a3db20c7bc7e5c027498a3b781","MOVE","{Class RefreshGistTask at app/src/main/java/com/github/pockethub/core/gist/RefreshGistTask.java:40}","{Class RefreshGistTask at app/src/main/java/com/github/pockethub/android/core/gist/RefreshGistTask.java:40}","45","45"
"b65bbf51371c35a3db20c7bc7e5c027498a3b781","MOVE","{Class EditIssueActivityTest at app/src/androidTest/java/com/github/pockethub/tests/issue/EditIssueActivityTest.java:32}","{Class EditIssueActivityTest at app/src/androidTest/java/com/github/pockethub/android/tests/issue/EditIssueActivityTest.java:32}","34","34"
"b65bbf51371c35a3db20c7bc7e5c027498a3b781","MOVE","{Class MilestoneDialog at app/src/main/java/com/github/pockethub/ui/issue/MilestoneDialog.java:44}","{Class MilestoneDialog at app/src/main/java/com/github/pockethub/android/ui/issue/MilestoneDialog.java:44}","105","105"
"b65bbf51371c35a3db20c7bc7e5c027498a3b781","MOVE","{Class RequestReader at app/src/main/java/com/github/pockethub/RequestReader.java:31}","{Class RequestReader at app/src/main/java/com/github/pockethub/android/RequestReader.java:31}","78","78"
"b65bbf51371c35a3db20c7bc7e5c027498a3b781","MOVE","{Class StoreCredentials at app/src/main/java/com/github/pockethub/accounts/StoreCredentials.java:23}","{Class StoreCredentials at app/src/main/java/com/github/pockethub/android/accounts/StoreCredentials.java:23}","47","47"
"b65bbf51371c35a3db20c7bc7e5c027498a3b781","MOVE","{Class CommitPagerAdapter at app/src/main/java/com/github/pockethub/ui/commit/CommitPagerAdapter.java:31}","{Class CommitPagerAdapter at app/src/main/java/com/github/pockethub/android/ui/commit/CommitPagerAdapter.java:31}","34","34"
"b65bbf51371c35a3db20c7bc7e5c027498a3b781","MOVE","{Class IssueDashboardPagerAdapter at app/src/main/java/com/github/pockethub/ui/issue/IssueDashboardPagerAdapter.java:37}","{Class IssueDashboardPagerAdapter at app/src/main/java/com/github/pockethub/android/ui/issue/IssueDashboardPagerAdapter.java:37}","66","66"
"b65bbf51371c35a3db20c7bc7e5c027498a3b781","MOVE","{Class CommitFileListAdapter at app/src/main/java/com/github/pockethub/ui/commit/CommitFileListAdapter.java:41}","{Class CommitFileListAdapter at app/src/main/java/com/github/pockethub/android/ui/commit/CommitFileListAdapter.java:41}","172","172"
"b65bbf51371c35a3db20c7bc7e5c027498a3b781","MOVE","{Class RepositoryUriMatcherTest at app/src/androidTest/java/com/github/pockethub/tests/repo/RepositoryUriMatcherTest.java:27}","{Class RepositoryUriMatcherTest at app/src/androidTest/java/com/github/pockethub/android/tests/repo/RepositoryUriMatcherTest.java:27}","63","63"
"b65bbf51371c35a3db20c7bc7e5c027498a3b781","MOVE","{Class FollowingFragment at app/src/main/java/com/github/pockethub/ui/user/FollowingFragment.java:26}","{Class FollowingFragment at app/src/main/java/com/github/pockethub/android/ui/user/FollowingFragment.java:26}","19","19"
"b65bbf51371c35a3db20c7bc7e5c027498a3b781","MOVE","{Class NewsListAdapter at app/src/main/java/com/github/pockethub/ui/user/NewsListAdapter.java:41}","{Class NewsListAdapter at app/src/main/java/com/github/pockethub/android/ui/user/NewsListAdapter.java:41}","178","178"
"b65bbf51371c35a3db20c7bc7e5c027498a3b781","MOVE","{Class RepositoryNewsFragment at app/src/main/java/com/github/pockethub/ui/repo/RepositoryNewsFragment.java:42}","{Class RepositoryNewsFragment at app/src/main/java/com/github/pockethub/android/ui/repo/RepositoryNewsFragment.java:42}","58","58"
"b65bbf51371c35a3db20c7bc7e5c027498a3b781","MOVE","{Class GistEventPayload at app/src/main/java/com/github/pockethub/api/GistEventPayload.java:24}","{Class GistEventPayload at app/src/main/java/com/github/pockethub/android/api/GistEventPayload.java:24}","34","34"
"b65bbf51371c35a3db20c7bc7e5c027498a3b781","MOVE","{Class EditIssuesFilterActivityTest at app/src/androidTest/java/com/github/pockethub/tests/issue/EditIssuesFilterActivityTest.java:28}","{Class EditIssuesFilterActivityTest at app/src/androidTest/java/com/github/pockethub/android/tests/issue/EditIssuesFilterActivityTest.java:28}","18","18"
"b65bbf51371c35a3db20c7bc7e5c027498a3b781","MOVE","{Class FragmentStatePagerAdapter at app/src/main/java/com/github/pockethub/ui/FragmentStatePagerAdapter.java:27}","{Class FragmentStatePagerAdapter at app/src/main/java/com/github/pockethub/android/ui/FragmentStatePagerAdapter.java:27}","47","47"
"b65bbf51371c35a3db20c7bc7e5c027498a3b781","MOVE","{Class MilestoneDialogFragment at app/src/main/java/com/github/pockethub/ui/issue/MilestoneDialogFragment.java:49}","{Class MilestoneDialogFragment at app/src/main/java/com/github/pockethub/android/ui/issue/MilestoneDialogFragment.java:49}","135","135"
"b65bbf51371c35a3db20c7bc7e5c027498a3b781","MOVE","{Class IssueFilterTest at app/src/androidTest/java/com/github/pockethub/tests/issue/IssueFilterTest.java:28}","{Class IssueFilterTest at app/src/androidTest/java/com/github/pockethub/android/tests/issue/IssueFilterTest.java:28}","41","41"
"b65bbf51371c35a3db20c7bc7e5c027498a3b781","MOVE","{Class RepositoryCodeFragment at app/src/main/java/com/github/pockethub/ui/code/RepositoryCodeFragment.java:71}","{Class RepositoryCodeFragment at app/src/main/java/com/github/pockethub/android/ui/code/RepositoryCodeFragment.java:71}","257","257"
"b65bbf51371c35a3db20c7bc7e5c027498a3b781","MOVE","{Interface AccountConstants at app/src/main/java/com/github/pockethub/accounts/AccountConstants.java:21}","{Interface AccountConstants at app/src/main/java/com/github/pockethub/android/accounts/AccountConstants.java:21}","27","27"
"b65bbf51371c35a3db20c7bc7e5c027498a3b781","MOVE","{Class ImageUtils at app/src/main/java/com/github/pockethub/util/ImageUtils.java:40}","{Class ImageUtils at app/src/main/java/com/github/pockethub/android/util/ImageUtils.java:40}","219","219"
"b65bbf51371c35a3db20c7bc7e5c027498a3b781","MOVE","{Class DiffStylerTest at app/src/androidTest/java/com/github/pockethub/tests/commit/DiffStylerTest.java:32}","{Class DiffStylerTest at app/src/androidTest/java/com/github/pockethub/android/tests/commit/DiffStylerTest.java:32}","110","110"
"b65bbf51371c35a3db20c7bc7e5c027498a3b781","MOVE","{Class LabelsDialogFragment at app/src/main/java/com/github/pockethub/ui/issue/LabelsDialogFragment.java:51}","{Class LabelsDialogFragment at app/src/main/java/com/github/pockethub/android/ui/issue/LabelsDialogFragment.java:51}","162","162"
"b65bbf51371c35a3db20c7bc7e5c027498a3b781","MOVE","{Class TextWatcherAdapter at app/src/main/java/com/github/pockethub/ui/TextWatcherAdapter.java:24}","{Class TextWatcherAdapter at app/src/main/java/com/github/pockethub/android/ui/TextWatcherAdapter.java:24}","12","12"
"b65bbf51371c35a3db20c7bc7e5c027498a3b781","MOVE","{Class IssueListAdapter at app/src/main/java/com/github/pockethub/ui/issue/IssueListAdapter.java:43}","{Class IssueListAdapter at app/src/main/java/com/github/pockethub/android/ui/issue/IssueListAdapter.java:43}","124","124"
"b65bbf51371c35a3db20c7bc7e5c027498a3b781","MOVE","{Class MyFollowersFragment at app/src/main/java/com/github/pockethub/ui/user/MyFollowersFragment.java:30}","{Class MyFollowersFragment at app/src/main/java/com/github/pockethub/android/ui/user/MyFollowersFragment.java:30}","18","18"
"b65bbf51371c35a3db20c7bc7e5c027498a3b781","MOVE","{Class AssigneeDialog at app/src/main/java/com/github/pockethub/ui/issue/AssigneeDialog.java:43}","{Class AssigneeDialog at app/src/main/java/com/github/pockethub/android/ui/issue/AssigneeDialog.java:43}","78","78"
"b65bbf51371c35a3db20c7bc7e5c027498a3b781","MOVE","{Class CreateGistActivityTest at app/src/androidTest/java/com/github/pockethub/tests/gist/CreateGistActivityTest.java:31}","{Class CreateGistActivityTest at app/src/androidTest/java/com/github/pockethub/android/tests/gist/CreateGistActivityTest.java:31}","35","35"
"b65bbf51371c35a3db20c7bc7e5c027498a3b781","MOVE","{Class CacheHelper at app/src/main/java/com/github/pockethub/persistence/CacheHelper.java:27}","{Class CacheHelper at app/src/main/java/com/github/pockethub/android/persistence/CacheHelper.java:27}","40","40"
"b65bbf51371c35a3db20c7bc7e5c027498a3b781","MOVE","{Class TimeUtils at app/src/main/java/com/github/pockethub/util/TimeUtils.java:34}","{Class TimeUtils at app/src/main/java/com/github/pockethub/android/util/TimeUtils.java:34}","38","38"
"b65bbf51371c35a3db20c7bc7e5c027498a3b781","MOVE","{Class PatchedScrollingViewBehavior at app/src/main/java/com/github/pockethub/ui/PatchedScrollingViewBehavior.java:28}","{Class PatchedScrollingViewBehavior at app/src/main/java/com/github/pockethub/android/ui/PatchedScrollingViewBehavior.java:28}","47","47"
"b65bbf51371c35a3db20c7bc7e5c027498a3b781","MOVE","{Class GistStoreTest at app/src/androidTest/java/com/github/pockethub/tests/gist/GistStoreTest.java:26}","{Class GistStoreTest at app/src/androidTest/java/com/github/pockethub/android/tests/gist/GistStoreTest.java:26}","23","23"
"b65bbf51371c35a3db20c7bc7e5c027498a3b781","MOVE","{Class DefaultRepositoryListAdapter at app/src/main/java/com/github/pockethub/ui/repo/DefaultRepositoryListAdapter.java:38}","{Class DefaultRepositoryListAdapter at app/src/main/java/com/github/pockethub/android/ui/repo/DefaultRepositoryListAdapter.java:38}","102","102"
"b65bbf51371c35a3db20c7bc7e5c027498a3b781","MOVE","{Class SearchUserListAdapter at app/src/main/java/com/github/pockethub/ui/search/SearchUserListAdapter.java:29}","{Class SearchUserListAdapter at app/src/main/java/com/github/pockethub/android/ui/search/SearchUserListAdapter.java:29}","35","35"
"b65bbf51371c35a3db20c7bc7e5c027498a3b781","MOVE","{Class UnStarGistClient at app/src/main/java/com/github/pockethub/api/UnStarGistClient.java:11}","{Class UnStarGistClient at app/src/main/java/com/github/pockethub/android/api/UnStarGistClient.java:11}","29","29"
"b65bbf51371c35a3db20c7bc7e5c027498a3b781","MOVE","{Class UserComparator at app/src/main/java/com/github/pockethub/core/user/UserComparator.java:31}","{Class UserComparator at app/src/main/java/com/github/pockethub/android/core/user/UserComparator.java:31}","28","28"
"b65bbf51371c35a3db20c7bc7e5c027498a3b781","MOVE","{Class FilterListFragment at app/src/main/java/com/github/pockethub/ui/issue/FilterListFragment.java:45}","{Class FilterListFragment at app/src/main/java/com/github/pockethub/android/ui/issue/FilterListFragment.java:45}","63","63"
"b65bbf51371c35a3db20c7bc7e5c027498a3b781","MOVE","{Class StarGistClient at app/src/main/java/com/github/pockethub/api/StarGistClient.java:11}","{Class StarGistClient at app/src/main/java/com/github/pockethub/android/api/StarGistClient.java:11}","29","29"
"b65bbf51371c35a3db20c7bc7e5c027498a3b781","MOVE","{Class GistEventMatcher at app/src/main/java/com/github/pockethub/core/gist/GistEventMatcher.java:28}","{Class GistEventMatcher at app/src/main/java/com/github/pockethub/android/core/gist/GistEventMatcher.java:28}","24","24"
"b65bbf51371c35a3db20c7bc7e5c027498a3b781","MOVE","{Class MainActivity at app/src/main/java/com/github/pockethub/ui/MainActivity.java:75}","{Class MainActivity at app/src/main/java/com/github/pockethub/android/ui/MainActivity.java:75}","282","282"
"b65bbf51371c35a3db20c7bc7e5c027498a3b781","MOVE","{Class FullGist at app/src/main/java/com/github/pockethub/core/gist/FullGist.java:28}","{Class FullGist at app/src/main/java/com/github/pockethub/android/core/gist/FullGist.java:28}","45","45"
"b65bbf51371c35a3db20c7bc7e5c027498a3b781","MOVE","{Class NewsEventTextTest at app/src/androidTest/java/com/github/pockethub/tests/NewsEventTextTest.java:43}","{Class NewsEventTextTest at app/src/androidTest/java/com/github/pockethub/android/tests/NewsEventTextTest.java:43}","273","273"
"b65bbf51371c35a3db20c7bc7e5c027498a3b781","MOVE","{Class DialogFragmentHelper at app/src/main/java/com/github/pockethub/ui/DialogFragmentHelper.java:36}","{Class DialogFragmentHelper at app/src/main/java/com/github/pockethub/android/ui/DialogFragmentHelper.java:36}","111","111"
"b65bbf51371c35a3db20c7bc7e5c027498a3b781","MOVE","{Class MemberEventPayload at app/src/main/java/com/github/pockethub/api/MemberEventPayload.java:24}","{Class MemberEventPayload at app/src/main/java/com/github/pockethub/android/api/MemberEventPayload.java:24}","33","33"
"b65bbf51371c35a3db20c7bc7e5c027498a3b781","MOVE","{Class ResourcePager at app/src/main/java/com/github/pockethub/core/ResourcePager.java:30}","{Class ResourcePager at app/src/main/java/com/github/pockethub/android/core/ResourcePager.java:30}","142","142"
"b65bbf51371c35a3db20c7bc7e5c027498a3b781","MOVE","{Class GistFragment at app/src/main/java/com/github/pockethub/ui/gist/GistFragment.java:92}","{Class GistFragment at app/src/main/java/com/github/pockethub/android/ui/gist/GistFragment.java:92}","432","432"
"b65bbf51371c35a3db20c7bc7e5c027498a3b781","MOVE","{Class FullCommitTest at app/src/androidTest/java/com/github/pockethub/tests/commit/FullCommitTest.java:33}","{Class FullCommitTest at app/src/androidTest/java/com/github/pockethub/android/tests/commit/FullCommitTest.java:33}","86","86"
"b65bbf51371c35a3db20c7bc7e5c027498a3b781","MOVE","{Class WelcomeActivity at app/src/main/java/com/github/pockethub/ui/WelcomeActivity.java:34}","{Class WelcomeActivity at app/src/main/java/com/github/pockethub/android/ui/WelcomeActivity.java:34}","203","203"
"b65bbf51371c35a3db20c7bc7e5c027498a3b781","MOVE","{Class CommitFileViewActivity at app/src/main/java/com/github/pockethub/ui/commit/CommitFileViewActivity.java:66}","{Class CommitFileViewActivity at app/src/main/java/com/github/pockethub/android/ui/commit/CommitFileViewActivity.java:66}","244","244"
"b65bbf51371c35a3db20c7bc7e5c027498a3b781","MOVE","{Class StyledText at app/src/main/java/com/github/pockethub/ui/StyledText.java:38}","{Class StyledText at app/src/main/java/com/github/pockethub/android/ui/StyledText.java:38}","153","153"
"b65bbf51371c35a3db20c7bc7e5c027498a3b781","MOVE","{Class IssueFilter at app/src/main/java/com/github/pockethub/core/issue/IssueFilter.java:39}","{Class IssueFilter at app/src/main/java/com/github/pockethub/android/core/issue/IssueFilter.java:39}","393","393"
"b65bbf51371c35a3db20c7bc7e5c027498a3b781","MOVE","{Class UserPagerAdapter at app/src/main/java/com/github/pockethub/ui/user/UserPagerAdapter.java:29}","{Class UserPagerAdapter at app/src/main/java/com/github/pockethub/android/ui/user/UserPagerAdapter.java:29}","50","50"
"b65bbf51371c35a3db20c7bc7e5c027498a3b781","MOVE","{Class PublicGistsFragment at app/src/main/java/com/github/pockethub/ui/gist/PublicGistsFragment.java:30}","{Class PublicGistsFragment at app/src/main/java/com/github/pockethub/android/ui/gist/PublicGistsFragment.java:30}","18","18"
"b65bbf51371c35a3db20c7bc7e5c027498a3b781","MOVE","{Class EditCommentActivity at app/src/main/java/com/github/pockethub/ui/gist/EditCommentActivity.java:45}","{Class EditCommentActivity at app/src/main/java/com/github/pockethub/android/ui/gist/EditCommentActivity.java:45}","79","79"
"b65bbf51371c35a3db20c7bc7e5c027498a3b781","MOVE","{Class ConfirmDialogFragment at app/src/main/java/com/github/pockethub/ui/ConfirmDialogFragment.java:37}","{Class ConfirmDialogFragment at app/src/main/java/com/github/pockethub/android/ui/ConfirmDialogFragment.java:37}","72","72"
"b65bbf51371c35a3db20c7bc7e5c027498a3b781","MOVE","{Class UserListAdapter at app/src/main/java/com/github/pockethub/ui/user/UserListAdapter.java:28}","{Class UserListAdapter at app/src/main/java/com/github/pockethub/android/ui/user/UserListAdapter.java:28}","35","35"
"b65bbf51371c35a3db20c7bc7e5c027498a3b781","MOVE","{Class ObserverAdapter at app/src/main/java/com/github/pockethub/rx/ObserverAdapter.java:24}","{Class ObserverAdapter at app/src/main/java/com/github/pockethub/android/rx/ObserverAdapter.java:24}","16","16"
"b65bbf51371c35a3db20c7bc7e5c027498a3b781","MOVE","{Class CreateCommentActivity at app/src/main/java/com/github/pockethub/ui/issue/CreateCommentActivity.java:45}","{Class CreateCommentActivity at app/src/main/java/com/github/pockethub/android/ui/issue/CreateCommentActivity.java:45}","57","57"
"b65bbf51371c35a3db20c7bc7e5c027498a3b781","MOVE","{Class ItemListFragment at app/src/main/java/com/github/pockethub/ui/ItemListFragment.java:52}","{Class ItemListFragment at app/src/main/java/com/github/pockethub/android/ui/ItemListFragment.java:52}","401","401"
"b65bbf51371c35a3db20c7bc7e5c027498a3b781","MOVE","{Class SyncCampaign at app/src/main/java/com/github/pockethub/sync/SyncCampaign.java:35}","{Class SyncCampaign at app/src/main/java/com/github/pockethub/android/sync/SyncCampaign.java:35}","79","79"
"b65bbf51371c35a3db20c7bc7e5c027498a3b781","MOVE","{Class EventPager at app/src/main/java/com/github/pockethub/ui/user/EventPager.java:24}","{Class EventPager at app/src/main/java/com/github/pockethub/android/ui/user/EventPager.java:24}","12","12"
"b65bbf51371c35a3db20c7bc7e5c027498a3b781","MOVE","{Interface GistService at app/src/main/java/com/github/pockethub/api/GistService.java:11}","{Interface GistService at app/src/main/java/com/github/pockethub/android/api/GistService.java:11}","14","14"
"b65bbf51371c35a3db20c7bc7e5c027498a3b781","MOVE","{Class IssuesPagerAdapter at app/src/main/java/com/github/pockethub/ui/issue/IssuesPagerAdapter.java:45}","{Class IssuesPagerAdapter at app/src/main/java/com/github/pockethub/android/ui/issue/IssuesPagerAdapter.java:42}","114","114"
"b65bbf51371c35a3db20c7bc7e5c027498a3b781","MOVE","{Class RenderedCommentFragment at app/src/main/java/com/github/pockethub/ui/comment/RenderedCommentFragment.java:43}","{Class RenderedCommentFragment at app/src/main/java/com/github/pockethub/android/ui/comment/RenderedCommentFragment.java:43}","69","69"
"b65bbf51371c35a3db20c7bc7e5c027498a3b781","MOVE","{Class GistsFragment at app/src/main/java/com/github/pockethub/ui/gist/GistsFragment.java:40}","{Class GistsFragment at app/src/main/java/com/github/pockethub/android/ui/gist/GistsFragment.java:40}","67","67"
"b65bbf51371c35a3db20c7bc7e5c027498a3b781","MOVE","{Class IssueDashboardPagerFragment at app/src/main/java/com/github/pockethub/ui/issue/IssueDashboardPagerFragment.java:38}","{Class IssueDashboardPagerFragment at app/src/main/java/com/github/pockethub/android/ui/issue/IssueDashboardPagerFragment.java:38}","42","42"
"b65bbf51371c35a3db20c7bc7e5c027498a3b781","MOVE","{Class FollowersFragment at app/src/main/java/com/github/pockethub/ui/user/FollowersFragment.java:26}","{Class FollowersFragment at app/src/main/java/com/github/pockethub/android/ui/user/FollowersFragment.java:26}","19","19"
"b65bbf51371c35a3db20c7bc7e5c027498a3b781","MOVE","{Class ThrowableLoader at app/src/main/java/com/github/pockethub/ThrowableLoader.java:31}","{Class ThrowableLoader at app/src/main/java/com/github/pockethub/android/ThrowableLoader.java:30}","70","70"
"b65bbf51371c35a3db20c7bc7e5c027498a3b781","MOVE","{Class CreateCommentActivityTest at app/src/androidTest/java/com/github/pockethub/tests/commit/CreateCommentActivityTest.java:33}","{Class CreateCommentActivityTest at app/src/androidTest/java/com/github/pockethub/android/tests/commit/CreateCommentActivityTest.java:33}","37","37"
"b65bbf51371c35a3db20c7bc7e5c027498a3b781","MOVE","{Class SingleChoiceDialogFragment at app/src/main/java/com/github/pockethub/ui/SingleChoiceDialogFragment.java:28}","{Class SingleChoiceDialogFragment at app/src/main/java/com/github/pockethub/android/ui/SingleChoiceDialogFragment.java:28}","43","43"
"b65bbf51371c35a3db20c7bc7e5c027498a3b781","MOVE","{Class RoboSupportFragment at app/src/main/java/com/github/pockethub/ui/roboactivities/RoboSupportFragment.java:34}","{Class RoboSupportFragment at app/src/main/java/com/github/pockethub/android/ui/roboactivities/RoboSupportFragment.java:34}","91","91"
"b65bbf51371c35a3db20c7bc7e5c027498a3b781","MOVE","{Class LoginWebViewActivity at app/src/main/java/com/github/pockethub/accounts/LoginWebViewActivity.java:30}","{Class LoginWebViewActivity at app/src/main/java/com/github/pockethub/android/accounts/LoginWebViewActivity.java:30}","40","40"
"b65bbf51371c35a3db20c7bc7e5c027498a3b781","MOVE","{Class FilterListAdapter at app/src/main/java/com/github/pockethub/ui/issue/FilterListAdapter.java:36}","{Class FilterListAdapter at app/src/main/java/com/github/pockethub/android/ui/issue/FilterListAdapter.java:36}","57","57"
"b65bbf51371c35a3db20c7bc7e5c027498a3b781","MOVE","{Class CommitViewActivity at app/src/main/java/com/github/pockethub/ui/commit/CommitViewActivity.java:47}","{Class CommitViewActivity at app/src/main/java/com/github/pockethub/android/ui/commit/CommitViewActivity.java:47}","113","113"
"b65bbf51371c35a3db20c7bc7e5c027498a3b781","MOVE","{Class IssueUriMatcher at app/src/main/java/com/github/pockethub/core/issue/IssueUriMatcher.java:31}","{Class IssueUriMatcher at app/src/main/java/com/github/pockethub/android/core/issue/IssueUriMatcher.java:31}","51","51"
"b65bbf51371c35a3db20c7bc7e5c027498a3b781","MOVE","{Class UserPager at app/src/main/java/com/github/pockethub/core/user/UserPager.java:24}","{Class UserPager at app/src/main/java/com/github/pockethub/android/core/user/UserPager.java:24}","7","7"
"b65bbf51371c35a3db20c7bc7e5c027498a3b781","MOVE","{Interface DialogResultListener at app/src/main/java/com/github/pockethub/ui/DialogResultListener.java:24}","{Interface DialogResultListener at app/src/main/java/com/github/pockethub/android/ui/DialogResultListener.java:24}","13","13"
"b65bbf51371c35a3db20c7bc7e5c027498a3b781","MOVE","{Class RequestWriter at app/src/main/java/com/github/pockethub/RequestWriter.java:31}","{Class RequestWriter at app/src/main/java/com/github/pockethub/android/RequestWriter.java:31}","68","68"
"b65bbf51371c35a3db20c7bc7e5c027498a3b781","MOVE","{Class IssueSearchSuggestionsProvider at app/src/main/java/com/github/pockethub/ui/issue/IssueSearchSuggestionsProvider.java:26}","{Class IssueSearchSuggestionsProvider at app/src/main/java/com/github/pockethub/android/ui/issue/IssueSearchSuggestionsProvider.java:26}","35","35"
"b65bbf51371c35a3db20c7bc7e5c027498a3b781","MOVE","{Class SearchRepositoryListAdapter at app/src/main/java/com/github/pockethub/ui/search/SearchRepositoryListAdapter.java:33}","{Class SearchRepositoryListAdapter at app/src/main/java/com/github/pockethub/android/ui/search/SearchRepositoryListAdapter.java:33}","48","48"
"b65bbf51371c35a3db20c7bc7e5c027498a3b781","MOVE","{Class AuthenticatedUserLoader at app/src/main/java/com/github/pockethub/accounts/AuthenticatedUserLoader.java:37}","{Class AuthenticatedUserLoader at app/src/main/java/com/github/pockethub/android/accounts/AuthenticatedUserLoader.java:37}","56","56"
"b65bbf51371c35a3db20c7bc7e5c027498a3b781","MOVE","{Class RepositoryListFragment at app/src/main/java/com/github/pockethub/ui/repo/RepositoryListFragment.java:56}","{Class RepositoryListFragment at app/src/main/java/com/github/pockethub/android/ui/repo/RepositoryListFragment.java:56}","257","257"
"b65bbf51371c35a3db20c7bc7e5c027498a3b781","MOVE","{Class EditIssuesFilterActivity at app/src/main/java/com/github/pockethub/ui/issue/EditIssuesFilterActivity.java:50}","{Class EditIssuesFilterActivity at app/src/main/java/com/github/pockethub/android/ui/issue/EditIssuesFilterActivity.java:50}","216","216"
"b65bbf51371c35a3db20c7bc7e5c027498a3b781","MOVE","{Class UserFollowingFragment at app/src/main/java/com/github/pockethub/ui/user/UserFollowingFragment.java:34}","{Class UserFollowingFragment at app/src/main/java/com/github/pockethub/android/ui/user/UserFollowingFragment.java:34}","27","27"
"b65bbf51371c35a3db20c7bc7e5c027498a3b781","MOVE","{Class CommitFileComparator at app/src/main/java/com/github/pockethub/ui/commit/CommitFileComparator.java:28}","{Class CommitFileComparator at app/src/main/java/com/github/pockethub/android/ui/commit/CommitFileComparator.java:28}","17","17"
"b65bbf51371c35a3db20c7bc7e5c027498a3b781","MOVE","{Class FullCommit at app/src/main/java/com/github/pockethub/core/commit/FullCommit.java:35}","{Class FullCommit at app/src/main/java/com/github/pockethub/android/core/commit/FullCommit.java:35}","96","96"
"b65bbf51371c35a3db20c7bc7e5c027498a3b781","MOVE","{Class DashboardIssueFragment at app/src/main/java/com/github/pockethub/ui/issue/DashboardIssueFragment.java:43}","{Class DashboardIssueFragment at app/src/main/java/com/github/pockethub/android/ui/issue/DashboardIssueFragment.java:43}","84","84"
"b65bbf51371c35a3db20c7bc7e5c027498a3b781","MOVE","{Class CommitUriMatcher at app/src/main/java/com/github/pockethub/core/commit/CommitUriMatcher.java:29}","{Class CommitUriMatcher at app/src/main/java/com/github/pockethub/android/core/commit/CommitUriMatcher.java:29}","37","37"
"b65bbf51371c35a3db20c7bc7e5c027498a3b781","MOVE","{Class TypefaceUtils at app/src/main/java/com/github/pockethub/util/TypefaceUtils.java:28}","{Class TypefaceUtils at app/src/main/java/com/github/pockethub/android/util/TypefaceUtils.java:28}","245","245"
"b65bbf51371c35a3db20c7bc7e5c027498a3b781","MOVE","{Class MarkdownUtils at app/src/main/java/com/github/pockethub/util/MarkdownUtils.java:25}","{Class MarkdownUtils at app/src/main/java/com/github/pockethub/android/util/MarkdownUtils.java:25}","23","23"
"b65bbf51371c35a3db20c7bc7e5c027498a3b781","MOVE","{Class CheckGistStarredClient at app/src/main/java/com/github/pockethub/api/CheckGistStarredClient.java:11}","{Class CheckGistStarredClient at app/src/main/java/com/github/pockethub/android/api/CheckGistStarredClient.java:11}","29","29"
"b65bbf51371c35a3db20c7bc7e5c027498a3b781","MOVE","{Class UserReceivedNewsFragment at app/src/main/java/com/github/pockethub/ui/user/UserReceivedNewsFragment.java:30}","{Class UserReceivedNewsFragment at app/src/main/java/com/github/pockethub/android/ui/user/UserReceivedNewsFragment.java:30}","19","19"
"b65bbf51371c35a3db20c7bc7e5c027498a3b781","MOVE","{Class OrganizationNewsFragment at app/src/main/java/com/github/pockethub/ui/user/OrganizationNewsFragment.java:30}","{Class OrganizationNewsFragment at app/src/main/java/com/github/pockethub/android/ui/user/OrganizationNewsFragment.java:30}","19","19"
"b65bbf51371c35a3db20c7bc7e5c027498a3b781","MOVE","{Class RepositoryReadmeFragment at app/src/main/java/com/github/pockethub/ui/repo/RepositoryReadmeFragment.java:24}","{Class RepositoryReadmeFragment at app/src/main/java/com/github/pockethub/android/ui/repo/RepositoryReadmeFragment.java:22}","52","52"
"b65bbf51371c35a3db20c7bc7e5c027498a3b781","MOVE","{Class LabelsDialog at app/src/main/java/com/github/pockethub/ui/issue/LabelsDialog.java:46}","{Class LabelsDialog at app/src/main/java/com/github/pockethub/android/ui/issue/LabelsDialog.java:46}","81","81"
"b65bbf51371c35a3db20c7bc7e5c027498a3b781","MOVE","{Class AvatarLoader at app/src/main/java/com/github/pockethub/util/AvatarLoader.java:52}","{Class AvatarLoader at app/src/main/java/com/github/pockethub/android/util/AvatarLoader.java:52}","252","252"
"b65bbf51371c35a3db20c7bc7e5c027498a3b781","MOVE","{Class GistStore at app/src/main/java/com/github/pockethub/core/gist/GistStore.java:37}","{Class GistStore at app/src/main/java/com/github/pockethub/android/core/gist/GistStore.java:37}","87","87"
"b65bbf51371c35a3db20c7bc7e5c027498a3b781","MOVE","{Class GistUriMatcher at app/src/main/java/com/github/pockethub/core/gist/GistUriMatcher.java:29}","{Class GistUriMatcher at app/src/main/java/com/github/pockethub/android/core/gist/GistUriMatcher.java:29}","32","32"
"b65bbf51371c35a3db20c7bc7e5c027498a3b781","MOVE","{Class GistUriMatcherTest at app/src/androidTest/java/com/github/pockethub/tests/gist/GistUriMatcherTest.java:27}","{Class GistUriMatcherTest at app/src/androidTest/java/com/github/pockethub/android/tests/gist/GistUriMatcherTest.java:27}","41","41"
"b65bbf51371c35a3db20c7bc7e5c027498a3b781","MOVE","{Interface RequestCodes at app/src/main/java/com/github/pockethub/RequestCodes.java:21}","{Interface RequestCodes at app/src/main/java/com/github/pockethub/android/RequestCodes.java:21}","92","92"
"b65bbf51371c35a3db20c7bc7e5c027498a3b781","MOVE","{Class UserRepositoryListAdapter at app/src/main/java/com/github/pockethub/ui/repo/UserRepositoryListAdapter.java:32}","{Class UserRepositoryListAdapter at app/src/main/java/com/github/pockethub/android/ui/repo/UserRepositoryListAdapter.java:32}","57","57"
"b65bbf51371c35a3db20c7bc7e5c027498a3b781","MOVE","{Class MarkdownLoader at app/src/main/java/com/github/pockethub/ui/MarkdownLoader.java:32}","{Class MarkdownLoader at app/src/main/java/com/github/pockethub/android/ui/MarkdownLoader.java:31}","49","49"
"b65bbf51371c35a3db20c7bc7e5c027498a3b781","MOVE","{Class FullCommitFile at app/src/main/java/com/github/pockethub/core/commit/FullCommitFile.java:30}","{Class FullCommitFile at app/src/main/java/com/github/pockethub/android/core/commit/FullCommitFile.java:30}","54","54"
"b65bbf51371c35a3db20c7bc7e5c027498a3b781","MOVE","{Class AccountAuthenticatorAppCompatActivity at app/src/main/java/com/github/pockethub/ui/roboactivities/AccountAuthenticatorAppCompatActivity.java:48}","{Class AccountAuthenticatorAppCompatActivity at app/src/main/java/com/github/pockethub/android/ui/roboactivities/AccountAuthenticatorAppCompatActivity.java:48}","101","101"
"b65bbf51371c35a3db20c7bc7e5c027498a3b781","MOVE","{Class LoginActivity at app/src/main/java/com/github/pockethub/accounts/LoginActivity.java:55}","{Class LoginActivity at app/src/main/java/com/github/pockethub/android/accounts/LoginActivity.java:49}","209","209"
"b65bbf51371c35a3db20c7bc7e5c027498a3b781","MOVE","{Class GistFilesViewActivity at app/src/main/java/com/github/pockethub/ui/gist/GistFilesViewActivity.java:54}","{Class GistFilesViewActivity at app/src/main/java/com/github/pockethub/android/ui/gist/GistFilesViewActivity.java:53}","123","123"
"b65bbf51371c35a3db20c7bc7e5c027498a3b781","MOVE","{Class IssueStoreTest at app/src/androidTest/java/com/github/pockethub/tests/issue/IssueStoreTest.java:28}","{Class IssueStoreTest at app/src/androidTest/java/com/github/pockethub/android/tests/issue/IssueStoreTest.java:28}","27","27"
"b65bbf51371c35a3db20c7bc7e5c027498a3b781","MOVE","{Class BaseProgressDialog at app/src/main/java/com/github/pockethub/ui/BaseProgressDialog.java:24}","{Class BaseProgressDialog at app/src/main/java/com/github/pockethub/android/ui/BaseProgressDialog.java:24}","53","53"
"b65bbf51371c35a3db20c7bc7e5c027498a3b781","MOVE","{Class UserViewActivity at app/src/main/java/com/github/pockethub/ui/user/UserViewActivity.java:59}","{Class UserViewActivity at app/src/main/java/com/github/pockethub/android/ui/user/UserViewActivity.java:59}","184","184"
"b65bbf51371c35a3db20c7bc7e5c027498a3b781","MOVE","{Class UserUriMatcherTest at app/src/androidTest/java/com/github/pockethub/tests/user/UserUriMatcherTest.java:27}","{Class UserUriMatcherTest at app/src/androidTest/java/com/github/pockethub/android/tests/user/UserUriMatcherTest.java:27}","59","59"
"b65bbf51371c35a3db20c7bc7e5c027498a3b781","MOVE","{Class SearchIssueListFragment at app/src/main/java/com/github/pockethub/ui/issue/SearchIssueListFragment.java:45}","{Class SearchIssueListFragment at app/src/main/java/com/github/pockethub/android/ui/issue/SearchIssueListFragment.java:45}","79","79"
"b65bbf51371c35a3db20c7bc7e5c027498a3b781","MOVE","{Class IconAndViewTextManagerTest at app/src/test/java/com/github/pockethub/ui/user/IconAndViewTextManagerTest.java:38}","{Class IconAndViewTextManagerTest at app/src/test/java/com/github/pockethub/android/ui/user/IconAndViewTextManagerTest.java:38}","335","335"
"b65bbf51371c35a3db20c7bc7e5c027498a3b781","MOVE","{Interface PersistableResource at app/src/main/java/com/github/pockethub/persistence/PersistableResource.java:31}","{Interface PersistableResource at app/src/main/java/com/github/pockethub/android/persistence/PersistableResource.java:31}","32","32"
"b65bbf51371c35a3db20c7bc7e5c027498a3b781","MOVE","{Class ActivityTest at app/src/androidTest/java/com/github/pockethub/tests/ActivityTest.java:29}","{Class ActivityTest at app/src/androidTest/java/com/github/pockethub/android/tests/ActivityTest.java:29}","75","75"
"b65bbf51371c35a3db20c7bc7e5c027498a3b781","MOVE","{Class IssueUriMatcherTest at app/src/androidTest/java/com/github/pockethub/tests/issue/IssueUriMatcherTest.java:27}","{Class IssueUriMatcherTest at app/src/androidTest/java/com/github/pockethub/android/tests/issue/IssueUriMatcherTest.java:27}","74","74"
"b65bbf51371c35a3db20c7bc7e5c027498a3b781","MOVE","{Class Authorization at app/src/main/java/com/github/pockethub/model/Authorization.java:24}","{Class Authorization at app/src/main/java/com/github/pockethub/android/model/Authorization.java:24}","184","184"
"b65bbf51371c35a3db20c7bc7e5c027498a3b781","MOVE","{Class BranchFileViewActivity at app/src/main/java/com/github/pockethub/ui/ref/BranchFileViewActivity.java:65}","{Class BranchFileViewActivity at app/src/main/java/com/github/pockethub/android/ui/ref/BranchFileViewActivity.java:65}","242","242"
"b65bbf51371c35a3db20c7bc7e5c027498a3b781","MOVE","{Class RefUtils at app/src/main/java/com/github/pockethub/core/ref/RefUtils.java:26}","{Class RefUtils at app/src/main/java/com/github/pockethub/android/core/ref/RefUtils.java:26}","108","108"
"b65bbf51371c35a3db20c7bc7e5c027498a3b781","MOVE","{Class RepositoryListAdapter at app/src/main/java/com/github/pockethub/ui/repo/RepositoryListAdapter.java:35}","{Class RepositoryListAdapter at app/src/main/java/com/github/pockethub/android/ui/repo/RepositoryListAdapter.java:35}","59","59"
"b65bbf51371c35a3db20c7bc7e5c027498a3b781","MOVE","{Class IssueUtils at app/src/main/java/com/github/pockethub/core/issue/IssueUtils.java:27}","{Class IssueUtils at app/src/main/java/com/github/pockethub/android/core/issue/IssueUtils.java:27}","44","44"
"b65bbf51371c35a3db20c7bc7e5c027498a3b781","MOVE","{Class SearchUserListFragment at app/src/main/java/com/github/pockethub/ui/search/SearchUserListFragment.java:49}","{Class SearchUserListFragment at app/src/main/java/com/github/pockethub/android/ui/search/SearchUserListFragment.java:49}","82","82"
"b65bbf51371c35a3db20c7bc7e5c027498a3b781","MOVE","{Class RecentRepositories at app/src/main/java/com/github/pockethub/ui/repo/RecentRepositories.java:37}","{Class RecentRepositories at app/src/main/java/com/github/pockethub/android/ui/repo/RecentRepositories.java:37}","172","172"
"b65bbf51371c35a3db20c7bc7e5c027498a3b781","MOVE","{Class IssueFragment at app/src/main/java/com/github/pockethub/ui/issue/IssueFragment.java:109}","{Class IssueFragment at app/src/main/java/com/github/pockethub/android/ui/issue/IssueFragment.java:109}","596","596"
"b65bbf51371c35a3db20c7bc7e5c027498a3b781","MOVE","{Class LabelDrawableSpan at app/src/main/java/com/github/pockethub/ui/issue/LabelDrawableSpan.java:49}","{Class LabelDrawableSpan at app/src/main/java/com/github/pockethub/android/ui/issue/LabelDrawableSpan.java:49}","209","209"
"b65bbf51371c35a3db20c7bc7e5c027498a3b781","MOVE","{Class RepositoryContributorsFragment at app/src/main/java/com/github/pockethub/ui/repo/RepositoryContributorsFragment.java:50}","{Class RepositoryContributorsFragment at app/src/main/java/com/github/pockethub/android/ui/repo/RepositoryContributorsFragment.java:50}","65","65"
"b65bbf51371c35a3db20c7bc7e5c027498a3b781","MOVE","{Class CodeTreeAdapter at app/src/main/java/com/github/pockethub/ui/ref/CodeTreeAdapter.java:35}","{Class CodeTreeAdapter at app/src/main/java/com/github/pockethub/android/ui/ref/CodeTreeAdapter.java:35}","133","133"
"b65bbf51371c35a3db20c7bc7e5c027498a3b781","MOVE","{Class DeleteGistClient at app/src/main/java/com/github/pockethub/api/DeleteGistClient.java:9}","{Class DeleteGistClient at app/src/main/java/com/github/pockethub/android/api/DeleteGistClient.java:9}","13","13"
"b65bbf51371c35a3db20c7bc7e5c027498a3b781","MOVE","{Class FiltersViewFragment at app/src/main/java/com/github/pockethub/ui/issue/FiltersViewFragment.java:46}","{Class FiltersViewFragment at app/src/main/java/com/github/pockethub/android/ui/issue/FiltersViewFragment.java:46}","77","77"
"b65bbf51371c35a3db20c7bc7e5c027498a3b781","MOVE","{Class CreateCommentActivityTest at app/src/androidTest/java/com/github/pockethub/tests/issue/CreateCommentActivityTest.java:33}","{Class CreateCommentActivityTest at app/src/androidTest/java/com/github/pockethub/android/tests/issue/CreateCommentActivityTest.java:33}","36","36"
"b65bbf51371c35a3db20c7bc7e5c027498a3b781","MOVE","{Class App at app/src/main/java/com/github/pockethub/model/App.java:22}","{Class App at app/src/main/java/com/github/pockethub/android/model/App.java:22}","70","70"
"b65bbf51371c35a3db20c7bc7e5c027498a3b781","MOVE","{Class SourceEditor at app/src/main/java/com/github/pockethub/util/SourceEditor.java:35}","{Class SourceEditor at app/src/main/java/com/github/pockethub/android/util/SourceEditor.java:35}","176","176"
"b65bbf51371c35a3db20c7bc7e5c027498a3b781","MOVE","{Class AccountAuthenticatorService at app/src/main/java/com/github/pockethub/accounts/AccountAuthenticatorService.java:28}","{Class AccountAuthenticatorService at app/src/main/java/com/github/pockethub/android/accounts/AccountAuthenticatorService.java:28}","15","15"
"b65bbf51371c35a3db20c7bc7e5c027498a3b781","MOVE","{Class EditAssigneeTask at app/src/main/java/com/github/pockethub/ui/issue/EditAssigneeTask.java:41}","{Class EditAssigneeTask at app/src/main/java/com/github/pockethub/android/ui/issue/EditAssigneeTask.java:41}","82","82"
"b65bbf51371c35a3db20c7bc7e5c027498a3b781","MOVE","{Class PocketHubModule at app/src/main/java/com/github/pockethub/PocketHubModule.java:39}","{Class PocketHubModule at app/src/main/java/com/github/pockethub/android/PocketHubModule.java:39}","59","59"
"b65bbf51371c35a3db20c7bc7e5c027498a3b781","MOVE","{Class ServicesModule at app/src/main/java/com/github/pockethub/ServicesModule.java:30}","{Class ServicesModule at app/src/main/java/com/github/pockethub/android/ServicesModule.java:30}","11","11"
"b65bbf51371c35a3db20c7bc7e5c027498a3b781","MOVE","{Class ItemStore at app/src/main/java/com/github/pockethub/core/ItemStore.java:26}","{Class ItemStore at app/src/main/java/com/github/pockethub/android/core/ItemStore.java:26}","69","69"
"b65bbf51371c35a3db20c7bc7e5c027498a3b781","MOVE","{Class EditLabelsTask at app/src/main/java/com/github/pockethub/ui/issue/EditLabelsTask.java:42}","{Class EditLabelsTask at app/src/main/java/com/github/pockethub/android/ui/issue/EditLabelsTask.java:42}","81","81"
"b65bbf51371c35a3db20c7bc7e5c027498a3b781","MOVE","{Class CommitListFragment at app/src/main/java/com/github/pockethub/ui/commit/CommitListFragment.java:69}","{Class CommitListFragment at app/src/main/java/com/github/pockethub/android/ui/commit/CommitListFragment.java:69}","214","214"
"b65bbf51371c35a3db20c7bc7e5c027498a3b781","MOVE","{Class GistQueriesPagerAdapter at app/src/main/java/com/github/pockethub/ui/gist/GistQueriesPagerAdapter.java:27}","{Class GistQueriesPagerAdapter at app/src/main/java/com/github/pockethub/android/ui/gist/GistQueriesPagerAdapter.java:27}","48","48"
"b65bbf51371c35a3db20c7bc7e5c027498a3b781","MOVE","{Class DotPageIndicator at app/src/main/java/com/github/pockethub/ui/view/DotPageIndicator.java:33}","{Class DotPageIndicator at app/src/main/java/com/github/pockethub/android/ui/view/DotPageIndicator.java:33}","372","372"
"b65bbf51371c35a3db20c7bc7e5c027498a3b781","MOVE","{Class EditIssueActivity at app/src/main/java/com/github/pockethub/ui/issue/EditIssueActivity.java:76}","{Class EditIssueActivity at app/src/main/java/com/github/pockethub/android/ui/issue/EditIssueActivity.java:76}","341","341"
"b65bbf51371c35a3db20c7bc7e5c027498a3b781","MOVE","{Class StarredGistsFragment at app/src/main/java/com/github/pockethub/ui/gist/StarredGistsFragment.java:30}","{Class StarredGistsFragment at app/src/main/java/com/github/pockethub/android/ui/gist/StarredGistsFragment.java:30}","18","18"
"b65bbf51371c35a3db20c7bc7e5c027498a3b781","MOVE","{Class RawCommentFragment at app/src/main/java/com/github/pockethub/ui/comment/RawCommentFragment.java:33}","{Class RawCommentFragment at app/src/main/java/com/github/pockethub/android/ui/comment/RawCommentFragment.java:33}","64","64"
"b65bbf51371c35a3db20c7bc7e5c027498a3b781","MOVE","{Class MyFollowingFragment at app/src/main/java/com/github/pockethub/ui/user/MyFollowingFragment.java:30}","{Class MyFollowingFragment at app/src/main/java/com/github/pockethub/android/ui/user/MyFollowingFragment.java:30}","18","18"
"5e000151c8c4919479ba1096357cbfaa56230e66"
"3e6fb8332246089a620734630f0f643417990316","INLINE","{Method onException(Exception) at app/src/main/java/com/github/pockethub/core/gist/RefreshGistTask.java:83}","{Method onError(Throwable) at app/src/main/java/com/github/pockethub/ui/code/RepositoryCodeFragment.java:179}","5","7"
"3e6fb8332246089a620734630f0f643417990316","CHANGE_SIGNATURE","{Method show(DialogFragmentActivity, int, String, String, ArrayList, int) at app/src/main/java/com/github/pockethub/ui/ref/RefDialogFragment.java:112}","{Method show(BaseActivity, int, String, String, ArrayList, int) at app/src/main/java/com/github/pockethub/ui/ref/RefDialogFragment.java:112}","4","4"
"3e6fb8332246089a620734630f0f643417990316","INLINE","{Method start() at app/src/main/java/com/github/pockethub/ui/gist/EditCommentTask.java:63}","{Method editComment(String) at app/src/main/java/com/github/pockethub/ui/gist/EditCommentActivity.java:93}","5","23"
"3e6fb8332246089a620734630f0f643417990316","CHANGE_SIGNATURE","{Method new(Repo, GitReference, Context) at app/src/main/java/com/github/pockethub/core/code/RefreshTreeTask.java:56}","{Method new(Repo, GitReference) at app/src/main/java/com/github/pockethub/core/code/RefreshTreeTask.java:57}","6","4"
"3e6fb8332246089a620734630f0f643417990316","RENAME","{Method run(Account) at app/src/main/java/com/github/pockethub/persistence/AccountDataManager.java:291}","{Method call(Subscriber) at app/src/main/java/com/github/pockethub/persistence/AccountDataManager.java:290}","4","4"
"3e6fb8332246089a620734630f0f643417990316","INLINE","{Method new(Context, Repo) at app/src/main/java/com/github/pockethub/core/repo/StarRepositoryTask.java:42}","{Method onListItemClick(ListView, View, int, long) at app/src/main/java/com/github/pockethub/ui/search/SearchRepositoryListFragment.java:104}","5","16"
"3e6fb8332246089a620734630f0f643417990316","INLINE","{Method onException(Exception) at app/src/main/java/com/github/pockethub/core/repo/UnstarRepositoryTask.java:66}","{Method refreshTree(GitReference) at app/src/main/java/com/github/pockethub/ui/code/RepositoryCodeFragment.java:145}","5","43"
"3e6fb8332246089a620734630f0f643417990316","INLINE","{Method start() at app/src/main/java/com/github/pockethub/ui/issue/EditCommentTask.java:76}","{Method editComment(String) at app/src/main/java/com/github/pockethub/ui/gist/EditCommentActivity.java:93}","6","23"
"3e6fb8332246089a620734630f0f643417990316","MOVE","{Method getIntArrayExtra(String) at app/src/main/java/com/github/pockethub/ui/DialogFragmentActivity.java:129}","{Method getIntArrayExtra(String) at app/src/main/java/com/github/pockethub/ui/BaseActivity.java:129}","3","3"
"3e6fb8332246089a620734630f0f643417990316","INLINE","{Method onException(Exception) at app/src/main/java/com/github/pockethub/core/repo/RefreshRepositoryTask.java:54}","{Method onError(Throwable) at app/src/main/java/com/github/pockethub/ui/code/RepositoryCodeFragment.java:179}","5","7"
"3e6fb8332246089a620734630f0f643417990316","RENAME","{Method onSuccess(GithubComment) at app/src/main/java/com/github/pockethub/ui/issue/IssueFragment.java:503}","{Method onNext(Response) at app/src/main/java/com/github/pockethub/ui/issue/IssueFragment.java:490}","13","13"
"3e6fb8332246089a620734630f0f643417990316","CHANGE_SIGNATURE","{Method new(DialogFragmentActivity, Repo, int) at app/src/main/java/com/github/pockethub/ui/issue/EditStateTask.java:55}","{Method new(BaseActivity, Repo, int, ProgressObserverAdapter) at app/src/main/java/com/github/pockethub/ui/issue/EditStateTask.java:65}","6","7"
"3e6fb8332246089a620734630f0f643417990316","MOVE","{Method getCharSequenceArrayExtra(String) at app/src/main/java/com/github/pockethub/ui/DialogFragmentActivity.java:169}","{Method getCharSequenceArrayExtra(String) at app/src/main/java/com/github/pockethub/ui/BaseActivity.java:169}","3","3"
"3e6fb8332246089a620734630f0f643417990316","INLINE","{Method onException(Exception) at app/src/main/java/com/github/pockethub/core/code/RefreshTreeTask.java:103}","{Method onError(Throwable) at app/src/main/java/com/github/pockethub/ui/code/RepositoryCodeFragment.java:179}","5","7"
"3e6fb8332246089a620734630f0f643417990316","INLINE","{Method onException(Exception) at app/src/main/java/com/github/pockethub/core/gist/UnstarGistTask.java:55}","{Method onError(Throwable) at app/src/main/java/com/github/pockethub/ui/code/RepositoryCodeFragment.java:179}","5","7"
"3e6fb8332246089a620734630f0f643417990316","INLINE","{Method getUsername() at app/src/main/java/com/github/pockethub/accounts/GitHubAccount.java:57}","{Method new(Account) at app/src/main/java/com/github/pockethub/core/user/UserComparator.java:41}","3","3"
"3e6fb8332246089a620734630f0f643417990316","INLINE","{Method onException(Exception) at app/src/main/java/com/github/pockethub/core/user/UnfollowUserTask.java:68}","{Method onError(Throwable) at app/src/main/java/com/github/pockethub/ui/code/RepositoryCodeFragment.java:179}","5","7"
"3e6fb8332246089a620734630f0f643417990316","INLINE","{Method start() at app/src/main/java/com/github/pockethub/ui/issue/DeleteCommentTask.java:70}","{Method onDialogResult(int, int, Bundle) at app/src/main/java/com/github/pockethub/ui/issue/IssueFragment.java:454}","6","60"
"3e6fb8332246089a620734630f0f643417990316","CHANGE_SIGNATURE","{Method new(DialogFragmentActivity, int, Repo) at app/src/main/java/com/github/pockethub/ui/ref/RefDialog.java:61}","{Method new(BaseActivity, int, Repo) at app/src/main/java/com/github/pockethub/ui/ref/RefDialog.java:66}","5","5"
"3e6fb8332246089a620734630f0f643417990316","INLINE","{Method onException(Exception) at app/src/main/java/com/github/pockethub/core/user/FollowingUserTask.java:52}","{Method refreshTree(GitReference) at app/src/main/java/com/github/pockethub/ui/code/RepositoryCodeFragment.java:145}","5","43"
"3e6fb8332246089a620734630f0f643417990316","CHANGE_SIGNATURE","{Method new(Context, Repo, String, ImageGetter, boolean) at app/src/main/java/com/github/pockethub/ui/MarkdownLoader.java:51}","{Method new(Activity, Repo, String, ImageGetter, boolean) at app/src/main/java/com/github/pockethub/ui/MarkdownLoader.java:52}","8","8"
"3e6fb8332246089a620734630f0f643417990316","INLINE","{Method onException(Exception) at app/src/main/java/com/github/pockethub/core/repo/StarredRepositoryTask.java:53}","{Method refreshTree(GitReference) at app/src/main/java/com/github/pockethub/ui/code/RepositoryCodeFragment.java:145}","5","43"
"3e6fb8332246089a620734630f0f643417990316","RENAME","{Method onSuccess(User) at app/src/main/java/com/github/pockethub/ui/repo/RepositoryContributorsFragment.java:93}","{Method onNext(User) at app/src/main/java/com/github/pockethub/ui/repo/RepositoryContributorsFragment.java:101}","6","5"
"3e6fb8332246089a620734630f0f643417990316","EXTRACT_MOVE","{Method load(GitReference) at app/src/main/java/com/github/pockethub/ui/ref/RefDialog.java:67}","{Method onNext(Pair) at app/src/main/java/com/github/pockethub/ui/ref/RefDialog.java:81}","48","4"
"3e6fb8332246089a620734630f0f643417990316","CHANGE_SIGNATURE","{Method new(GitHubAccount) at app/src/main/java/com/github/pockethub/core/user/UserComparator.java:40}","{Method new(Account) at app/src/main/java/com/github/pockethub/core/user/UserComparator.java:41}","3","3"
"3e6fb8332246089a620734630f0f643417990316","INLINE","{Method start() at app/src/main/java/com/github/pockethub/ui/gist/DeleteCommentTask.java:65}","{Method onDialogResult(int, int, Bundle) at app/src/main/java/com/github/pockethub/ui/gist/GistFragment.java:454}","6","41"
"3e6fb8332246089a620734630f0f643417990316","INLINE","{Method onException(Exception) at app/src/main/java/com/github/pockethub/core/repo/ForkRepositoryTask.java:68}","{Method onError(Throwable) at app/src/main/java/com/github/pockethub/ui/code/RepositoryCodeFragment.java:179}","5","7"
"3e6fb8332246089a620734630f0f643417990316","INLINE","{Method start() at app/src/main/java/com/github/pockethub/ui/commit/CreateCommentTask.java:68}","{Method createComment(String) at app/src/main/java/com/github/pockethub/ui/commit/CreateCommentActivity.java:109}","5","29"
"3e6fb8332246089a620734630f0f643417990316","INLINE","{Method onException(Exception) at app/src/main/java/com/github/pockethub/core/commit/CommitCompareTask.java:63}","{Method onError(Throwable) at app/src/main/java/com/github/pockethub/ui/code/RepositoryCodeFragment.java:179}","5","7"
"3e6fb8332246089a620734630f0f643417990316","RENAME","{Method onSuccess(IssueStory) at app/src/main/java/com/github/pockethub/ui/issue/IssueFragment.java:448}","{Method onNext(IssueStory) at app/src/main/java/com/github/pockethub/ui/issue/IssueFragment.java:424}","13","9"
"3e6fb8332246089a620734630f0f643417990316","RENAME","{Method run(Account) at app/src/main/java/com/github/pockethub/ui/gist/GistFileFragment.java:146}","{Method call(Subscriber) at app/src/main/java/com/github/pockethub/ui/gist/GistFileFragment.java:150}","10","14"
"3e6fb8332246089a620734630f0f643417990316","RENAME","{Method onException(Exception) at app/src/main/java/com/github/pockethub/persistence/AccountDataManager.java:302}","{Method onError(Throwable) at app/src/main/java/com/github/pockethub/persistence/AccountDataManager.java:301}","3","3"
"3e6fb8332246089a620734630f0f643417990316","INLINE","{Method onException(Exception) at app/src/main/java/com/github/pockethub/core/gist/StarGistTask.java:55}","{Method onError(Throwable) at app/src/main/java/com/github/pockethub/ui/code/RepositoryCodeFragment.java:179}","5","7"
"3e6fb8332246089a620734630f0f643417990316","INLINE","{Method create() at app/src/main/java/com/github/pockethub/ui/gist/CreateGistTask.java:91}","{Method createGist() at app/src/main/java/com/github/pockethub/ui/gist/CreateGistActivity.java:134}","5","46"
"3e6fb8332246089a620734630f0f643417990316","RENAME","{Method onException(Exception) at app/src/main/java/com/github/pockethub/ui/gist/GistFragment.java:322}","{Method onError(Throwable) at app/src/main/java/com/github/pockethub/ui/gist/GistFragment.java:335}","5","3"
"3e6fb8332246089a620734630f0f643417990316","INLINE","{Method onSuccess(E) at app/src/main/java/com/github/pockethub/ui/ProgressDialogTask.java:96}","{Method editComment(String) at app/src/main/java/com/github/pockethub/ui/issue/EditCommentActivity.java:105}","3","24"
"3e6fb8332246089a620734630f0f643417990316","INLINE","{Method create() at app/src/main/java/com/github/pockethub/ui/issue/CreateIssueTask.java:65}","{Method onOptionsItemSelected(MenuItem) at app/src/main/java/com/github/pockethub/ui/issue/EditIssueActivity.java:349}","6","42"
"3e6fb8332246089a620734630f0f643417990316","RENAME","{Method onSuccess(IssueFilter) at app/src/main/java/com/github/pockethub/persistence/AccountDataManager.java:297}","{Method onNext(IssueFilter) at app/src/main/java/com/github/pockethub/persistence/AccountDataManager.java:296}","3","3"
"3e6fb8332246089a620734630f0f643417990316","INLINE","{Method onException(Exception) at app/src/main/java/com/github/pockethub/core/repo/StarRepositoryTask.java:66}","{Method onError(Throwable) at app/src/main/java/com/github/pockethub/ui/code/RepositoryCodeFragment.java:179}","5","7"
"3e6fb8332246089a620734630f0f643417990316","CHANGE_SIGNATURE","{Method new(DialogFragmentActivity, int, Repo) at app/src/main/java/com/github/pockethub/ui/issue/LabelsDialog.java:66}","{Method new(BaseActivity, int, Repo) at app/src/main/java/com/github/pockethub/ui/issue/LabelsDialog.java:66}","6","6"
"3e6fb8332246089a620734630f0f643417990316","RENAME","{Method onException(Exception) at app/src/main/java/com/github/pockethub/ui/gist/GistFileFragment.java:158}","{Method onError(Throwable) at app/src/main/java/com/github/pockethub/ui/gist/GistFileFragment.java:177}","5","3"
"3e6fb8332246089a620734630f0f643417990316","CHANGE_SIGNATURE","{Method new(DialogFragmentActivity, Repo, int) at app/src/main/java/com/github/pockethub/ui/issue/EditMilestoneTask.java:56}","{Method new(BaseActivity, Repo, int, ProgressObserverAdapter) at app/src/main/java/com/github/pockethub/ui/issue/EditMilestoneTask.java:68}","8","10"
"3e6fb8332246089a620734630f0f643417990316","INLINE","{Method onException(Exception) at app/src/main/java/com/github/pockethub/core/user/RefreshUserTask.java:53}","{Method onError(Throwable) at app/src/main/java/com/github/pockethub/ui/code/RepositoryCodeFragment.java:179}","5","7"
"3e6fb8332246089a620734630f0f643417990316","MOVE_RENAME","{Method run(Account) at app/src/main/java/com/github/pockethub/ui/gist/RandomGistTask.java:68}","{Method call(Subscriber) at app/src/main/java/com/github/pockethub/ui/gist/GistsPagerFragment.java:68}","24","24"
"3e6fb8332246089a620734630f0f643417990316","RENAME","{Method run(Account) at app/src/main/java/com/github/pockethub/core/code/RefreshTreeTask.java:69}","{Method call(Subscriber) at app/src/main/java/com/github/pockethub/core/code/RefreshTreeTask.java:68}","32","31"
"3e6fb8332246089a620734630f0f643417990316","RENAME","{Method onSuccess(FullTree) at app/src/main/java/com/github/pockethub/ui/code/RepositoryCodeFragment.java:143}","{Method onNext(FullTree) at app/src/main/java/com/github/pockethub/ui/code/RepositoryCodeFragment.java:153}","26","24"
"3e6fb8332246089a620734630f0f643417990316","INLINE","{Method onSuccess(E) at app/src/main/java/com/github/pockethub/ui/ProgressDialogTask.java:96}","{Method onNext(Response) at app/src/main/java/com/github/pockethub/ui/issue/IssueFragment.java:490}","3","13"
"3e6fb8332246089a620734630f0f643417990316","RENAME","{Method run(Account) at app/src/main/java/com/github/pockethub/ui/issue/EditMilestoneTask.java:66}","{Method call(Subscriber) at app/src/main/java/com/github/pockethub/ui/issue/EditMilestoneTask.java:80}","5","9"
"3e6fb8332246089a620734630f0f643417990316","RENAME","{Method onSuccess(GistFile) at app/src/main/java/com/github/pockethub/ui/gist/GistFileFragment.java:165}","{Method onNext(GistFile) at app/src/main/java/com/github/pockethub/ui/gist/GistFileFragment.java:166}","11","9"
"3e6fb8332246089a620734630f0f643417990316","INLINE","{Method start() at app/src/main/java/com/github/pockethub/ui/issue/EditCommentTask.java:76}","{Method editComment(String) at app/src/main/java/com/github/pockethub/ui/issue/EditCommentActivity.java:105}","6","24"
"3e6fb8332246089a620734630f0f643417990316","CHANGE_SIGNATURE","{Method show(DialogFragmentActivity, int, String, String, ArrayList, boolean[]) at app/src/main/java/com/github/pockethub/ui/issue/LabelsDialogFragment.java:119}","{Method show(BaseActivity, int, String, String, ArrayList, boolean[]) at app/src/main/java/com/github/pockethub/ui/issue/LabelsDialogFragment.java:119}","6","6"
"3e6fb8332246089a620734630f0f643417990316","INLINE","{Method start() at app/src/main/java/com/github/pockethub/ui/gist/EditCommentTask.java:63}","{Method editComment(String) at app/src/main/java/com/github/pockethub/ui/issue/EditCommentActivity.java:105}","5","24"
"3e6fb8332246089a620734630f0f643417990316","RENAME","{Method onException(Exception) at app/src/main/java/com/github/pockethub/ui/ref/BranchFileViewActivity.java:289}","{Method onError(Throwable) at app/src/main/java/com/github/pockethub/ui/ref/BranchFileViewActivity.java:296}","10","8"
"3e6fb8332246089a620734630f0f643417990316","CHANGE_SIGNATURE","{Method show(DialogFragmentActivity, int, String, String, ArrayList, int, DialogFragmentHelper) at app/src/main/java/com/github/pockethub/ui/SingleChoiceDialogFragment.java:64}","{Method show(BaseActivity, int, String, String, ArrayList, int, DialogFragmentHelper) at app/src/main/java/com/github/pockethub/ui/SingleChoiceDialogFragment.java:64}","6","6"
"3e6fb8332246089a620734630f0f643417990316","RENAME","{Method onSuccess(Repo) at app/src/main/java/com/github/pockethub/ui/search/SearchRepositoryListFragment.java:114}","{Method onNext(Repo) at app/src/main/java/com/github/pockethub/ui/search/SearchRepositoryListFragment.java:114}","5","4"
"3e6fb8332246089a620734630f0f643417990316","RENAME","{Method run(Account) at app/src/main/java/com/github/pockethub/core/issue/RefreshIssueTask.java:72}","{Method call(Subscriber) at app/src/main/java/com/github/pockethub/core/issue/RefreshIssueTask.java:68}","15","19"
"3e6fb8332246089a620734630f0f643417990316","INLINE","{Method new(Activity, String, boolean, String, String) at app/src/main/java/com/github/pockethub/ui/gist/CreateGistTask.java:55}","{Method createGist() at app/src/main/java/com/github/pockethub/ui/gist/CreateGistActivity.java:134}","8","46"
"3e6fb8332246089a620734630f0f643417990316","RENAME","{Method run(Account) at app/src/main/java/com/github/pockethub/ui/commit/CommitDiffListFragment.java:238}","{Method onNext(FullCommit) at app/src/main/java/com/github/pockethub/ui/commit/CommitDiffListFragment.java:246}","9","8"
"3e6fb8332246089a620734630f0f643417990316","RENAME","{Method onSuccess(GitBlob) at app/src/main/java/com/github/pockethub/ui/ref/BranchFileViewActivity.java:267}","{Method onNext(GitBlob) at app/src/main/java/com/github/pockethub/ui/ref/BranchFileViewActivity.java:276}","20","18"
"3e6fb8332246089a620734630f0f643417990316","CHANGE_SIGNATURE","{Method new(DialogFragmentActivity, int, Repo) at app/src/main/java/com/github/pockethub/ui/issue/AssigneeDialog.java:63}","{Method new(BaseActivity, int, Repo) at app/src/main/java/com/github/pockethub/ui/issue/AssigneeDialog.java:63}","6","6"
"3e6fb8332246089a620734630f0f643417990316","INLINE","{Method getUsername() at app/src/main/java/com/github/pockethub/accounts/GitHubAccount.java:57}","{Method execute(int) at app/src/main/java/com/github/pockethub/ui/gist/MyGistsFragment.java:63}","3","3"
"3e6fb8332246089a620734630f0f643417990316","INLINE","{Method onException(Exception) at app/src/main/java/com/github/pockethub/core/commit/RefreshCommitTask.java:84}","{Method onError(Throwable) at app/src/main/java/com/github/pockethub/ui/code/RepositoryCodeFragment.java:179}","5","7"
"3e6fb8332246089a620734630f0f643417990316","MOVE","{Method onDialogResult(int, int, Bundle) at app/src/main/java/com/github/pockethub/ui/DialogFragmentActivity.java:174}","{Method onDialogResult(int, int, Bundle) at app/src/main/java/com/github/pockethub/ui/BaseActivity.java:174}","3","3"
"3e6fb8332246089a620734630f0f643417990316","CHANGE_SIGNATURE","{Method new(Context, Repo, int, HttpImageGetter, HttpImageGetter) at app/src/main/java/com/github/pockethub/core/issue/RefreshIssueTask.java:62}","{Method new(Context, Repo, int, HttpImageGetter) at app/src/main/java/com/github/pockethub/core/issue/RefreshIssueTask.java:60}","8","6"
"3e6fb8332246089a620734630f0f643417990316","RENAME","{Method onSuccess(GithubComment) at app/src/main/java/com/github/pockethub/ui/gist/GistFragment.java:454}","{Method onNext(Response) at app/src/main/java/com/github/pockethub/ui/gist/GistFragment.java:468}","17","16"
"3e6fb8332246089a620734630f0f643417990316","RENAME","{Method onException(Exception) at app/src/main/java/com/github/pockethub/ui/gist/GistFragment.java:407}","{Method onError(Throwable) at app/src/main/java/com/github/pockethub/ui/gist/GistFragment.java:438}","4","3"
"3e6fb8332246089a620734630f0f643417990316","INLINE","{Method edit() at app/src/main/java/com/github/pockethub/ui/issue/EditIssueTask.java:72}","{Method onOptionsItemSelected(MenuItem) at app/src/main/java/com/github/pockethub/ui/issue/EditIssueActivity.java:349}","6","42"
"3e6fb8332246089a620734630f0f643417990316","RENAME","{Method onException(Exception) at app/src/main/java/com/github/pockethub/persistence/AccountDataManager.java:259}","{Method onError(Throwable) at app/src/main/java/com/github/pockethub/persistence/AccountDataManager.java:254}","3","3"
"3e6fb8332246089a620734630f0f643417990316","INLINE","{Method onException(Exception) at app/src/main/java/com/github/pockethub/core/user/FollowUserTask.java:68}","{Method onError(Throwable) at app/src/main/java/com/github/pockethub/ui/code/RepositoryCodeFragment.java:179}","5","7"
"3e6fb8332246089a620734630f0f643417990316","RENAME","{Method onSuccess(IssueFilter) at app/src/main/java/com/github/pockethub/persistence/AccountDataManager.java:254}","{Method onNext(IssueFilter) at app/src/main/java/com/github/pockethub/persistence/AccountDataManager.java:259}","3","3"
"3e6fb8332246089a620734630f0f643417990316","RENAME","{Method run(Account) at app/src/main/java/com/github/pockethub/ui/issue/EditLabelsTask.java:95}","{Method call(Subscriber) at app/src/main/java/com/github/pockethub/ui/issue/EditLabelsTask.java:81}","8","12"
"3e6fb8332246089a620734630f0f643417990316","INLINE","{Method onException(Exception) at app/src/main/java/com/github/pockethub/core/repo/DeleteRepositoryTask.java:68}","{Method onError(Throwable) at app/src/main/java/com/github/pockethub/ui/code/RepositoryCodeFragment.java:179}","5","7"
"3e6fb8332246089a620734630f0f643417990316","INLINE","{Method onException(Exception) at app/src/main/java/com/github/pockethub/core/user/FollowUserTask.java:68}","{Method refreshTree(GitReference) at app/src/main/java/com/github/pockethub/ui/code/RepositoryCodeFragment.java:145}","5","43"
"3e6fb8332246089a620734630f0f643417990316","INLINE","{Method onException(Exception) at app/src/main/java/com/github/pockethub/core/issue/RefreshIssueTask.java:89}","{Method refreshTree(GitReference) at app/src/main/java/com/github/pockethub/ui/code/RepositoryCodeFragment.java:145}","5","43"
"3e6fb8332246089a620734630f0f643417990316","CHANGE_SIGNATURE","{Method new(DialogFragmentActivity, int, Repo) at app/src/main/java/com/github/pockethub/ui/issue/MilestoneDialog.java:64}","{Method new(BaseActivity, int, Repo) at app/src/main/java/com/github/pockethub/ui/issue/MilestoneDialog.java:64}","6","6"
"3e6fb8332246089a620734630f0f643417990316","INLINE","{Method onException(Exception) at app/src/main/java/com/github/pockethub/core/repo/StarredRepositoryTask.java:53}","{Method onError(Throwable) at app/src/main/java/com/github/pockethub/ui/code/RepositoryCodeFragment.java:179}","5","7"
"3e6fb8332246089a620734630f0f643417990316","INLINE","{Method getUsername() at app/src/main/java/com/github/pockethub/accounts/GitHubAccount.java:57}","{Method isAuthenticatedUser() at app/src/main/java/com/github/pockethub/persistence/OrganizationRepositories.java:192}","3","3"
"3e6fb8332246089a620734630f0f643417990316","RENAME","{Method onSuccess(User) at app/src/main/java/com/github/pockethub/ui/search/SearchUserListFragment.java:110}","{Method onNext(User) at app/src/main/java/com/github/pockethub/ui/search/SearchUserListFragment.java:119}","6","4"
"3e6fb8332246089a620734630f0f643417990316","CHANGE_SIGNATURE","{Method new(Context) at app/src/main/java/com/github/pockethub/accounts/AuthenticatedUserLoader.java:57}","{Method new(Activity) at app/src/main/java/com/github/pockethub/accounts/AuthenticatedUserLoader.java:52}","5","5"
"3e6fb8332246089a620734630f0f643417990316","INLINE","{Method onException(Exception) at app/src/main/java/com/github/pockethub/core/repo/StarRepositoryTask.java:66}","{Method refreshTree(GitReference) at app/src/main/java/com/github/pockethub/ui/code/RepositoryCodeFragment.java:145}","5","43"
"3e6fb8332246089a620734630f0f643417990316","MOVE_RENAME","{Method showIndeterminate(CharSequence) at app/src/main/java/com/github/pockethub/ui/ProgressDialogTask.java:68}","{Method showProgressIndeterminate(CharSequence) at app/src/main/java/com/github/pockethub/ui/DialogFragment.java:106}","8","8"
"3e6fb8332246089a620734630f0f643417990316","INLINE","{Method start() at app/src/main/java/com/github/pockethub/ui/gist/DeleteGistTask.java:56}","{Method onDialogResult(int, int, Bundle) at app/src/main/java/com/github/pockethub/ui/gist/GistsViewActivity.java:164}","5","33"
"3e6fb8332246089a620734630f0f643417990316","INLINE","{Method start() at app/src/main/java/com/github/pockethub/ui/issue/DeleteCommentTask.java:70}","{Method onDialogResult(int, int, Bundle) at app/src/main/java/com/github/pockethub/ui/gist/GistFragment.java:454}","6","41"
"3e6fb8332246089a620734630f0f643417990316","INLINE","{Method new(Context, Repo) at app/src/main/java/com/github/pockethub/core/repo/DeleteRepositoryTask.java:44}","{Method onListItemClick(ListView, View, int, long) at app/src/main/java/com/github/pockethub/ui/search/SearchRepositoryListFragment.java:104}","4","16"
"3e6fb8332246089a620734630f0f643417990316","CHANGE_SIGNATURE","{Method show(DialogFragmentActivity, int, String, String, ArrayList, int) at app/src/main/java/com/github/pockethub/ui/issue/MilestoneDialogFragment.java:111}","{Method show(BaseActivity, int, String, String, ArrayList, int) at app/src/main/java/com/github/pockethub/ui/issue/MilestoneDialogFragment.java:111}","4","4"
"3e6fb8332246089a620734630f0f643417990316","INLINE","{Method new(Context, Repo) at app/src/main/java/com/github/pockethub/core/repo/ForkRepositoryTask.java:45}","{Method onListItemClick(ListView, View, int, long) at app/src/main/java/com/github/pockethub/ui/search/SearchRepositoryListFragment.java:104}","5","16"
"3e6fb8332246089a620734630f0f643417990316","RENAME","{Method onSuccess(Issue) at app/src/main/java/com/github/pockethub/ui/issue/EditIssueActivity.java:351}","{Method onNext(Issue) at app/src/main/java/com/github/pockethub/ui/issue/EditIssueActivity.java:371}","8","7"
"3e6fb8332246089a620734630f0f643417990316","INLINE","{Method onSuccess(E) at app/src/main/java/com/github/pockethub/ui/ProgressDialogTask.java:96}","{Method editComment(String) at app/src/main/java/com/github/pockethub/ui/gist/EditCommentActivity.java:93}","3","23"
"3e6fb8332246089a620734630f0f643417990316","RENAME","{Method run(Account) at app/src/main/java/com/github/pockethub/core/commit/RefreshCommitTask.java:67}","{Method call(Subscriber) at app/src/main/java/com/github/pockethub/core/commit/RefreshCommitTask.java:69}","15","19"
"3e6fb8332246089a620734630f0f643417990316","RENAME","{Method run(Account) at app/src/main/java/com/github/pockethub/core/gist/RefreshGistTask.java:64}","{Method call(Subscriber) at app/src/main/java/com/github/pockethub/core/gist/RefreshGistTask.java:63}","17","21"
"3e6fb8332246089a620734630f0f643417990316","INLINE","{Method onException(Exception) at app/src/main/java/com/github/pockethub/core/gist/RefreshGistTask.java:83}","{Method refreshTree(GitReference) at app/src/main/java/com/github/pockethub/ui/code/RepositoryCodeFragment.java:145}","5","43"
"3e6fb8332246089a620734630f0f643417990316","CHANGE_SIGNATURE","{Method new(DialogFragmentActivity, Repo, int) at app/src/main/java/com/github/pockethub/ui/issue/EditAssigneeTask.java:56}","{Method new(BaseActivity, Repo, int, ProgressObserverAdapter) at app/src/main/java/com/github/pockethub/ui/issue/EditAssigneeTask.java:67}","8","10"
"3e6fb8332246089a620734630f0f643417990316","INLINE","{Method onException(Exception) at app/src/main/java/com/github/pockethub/core/repo/ForkRepositoryTask.java:68}","{Method refreshTree(GitReference) at app/src/main/java/com/github/pockethub/ui/code/RepositoryCodeFragment.java:145}","5","43"
"3e6fb8332246089a620734630f0f643417990316","RENAME","{Method onException(Exception) at app/src/main/java/com/github/pockethub/ui/code/RepositoryCodeFragment.java:171}","{Method onError(Throwable) at app/src/main/java/com/github/pockethub/ui/code/RepositoryCodeFragment.java:179}","6","7"
"3e6fb8332246089a620734630f0f643417990316","INLINE","{Method onException(Exception) at app/src/main/java/com/github/pockethub/core/user/UnfollowUserTask.java:68}","{Method refreshTree(GitReference) at app/src/main/java/com/github/pockethub/ui/code/RepositoryCodeFragment.java:145}","5","43"
"3e6fb8332246089a620734630f0f643417990316","RENAME","{Method onSuccess(FullGist) at app/src/main/java/com/github/pockethub/ui/gist/GistFilesViewActivity.java:115}","{Method onNext(FullGist) at app/src/main/java/com/github/pockethub/ui/gist/GistFilesViewActivity.java:124}","6","4"
"3e6fb8332246089a620734630f0f643417990316","RENAME","{Method run(Account) at app/src/main/java/com/github/pockethub/ui/issue/EditAssigneeTask.java:93}","{Method call(Subscriber) at app/src/main/java/com/github/pockethub/ui/issue/EditAssigneeTask.java:79}","8","12"
"3e6fb8332246089a620734630f0f643417990316","CHANGE_SIGNATURE","{Method new(DialogFragmentActivity, Repo, int) at app/src/main/java/com/github/pockethub/ui/issue/EditLabelsTask.java:58}","{Method new(BaseActivity, Repo, int, ProgressObserverAdapter) at app/src/main/java/com/github/pockethub/ui/issue/EditLabelsTask.java:68}","8","11"
"3e6fb8332246089a620734630f0f643417990316","INLINE","{Method start() at app/src/main/java/com/github/pockethub/ui/gist/RandomGistTask.java:61}","{Method randomGist() at app/src/main/java/com/github/pockethub/ui/gist/GistsPagerFragment.java:65}","5","50"
"3e6fb8332246089a620734630f0f643417990316","RENAME","{Method run(Account) at app/src/main/java/com/github/pockethub/persistence/AccountDataManager.java:248}","{Method call(Subscriber) at app/src/main/java/com/github/pockethub/persistence/AccountDataManager.java:248}","4","4"
"3e6fb8332246089a620734630f0f643417990316","MOVE_RENAME","{Method showIndeterminate(int) at app/src/main/java/com/github/pockethub/ui/ProgressDialogTask.java:82}","{Method showProgressIndeterminate(int) at app/src/main/java/com/github/pockethub/ui/DialogFragment.java:120}","8","8"
"3e6fb8332246089a620734630f0f643417990316","CHANGE_SIGNATURE","{Method new(Context, Repo, String, HttpImageGetter) at app/src/main/java/com/github/pockethub/core/commit/RefreshCommitTask.java:58}","{Method new(Activity, Repo, String, HttpImageGetter) at app/src/main/java/com/github/pockethub/core/commit/RefreshCommitTask.java:60}","7","7"
"3e6fb8332246089a620734630f0f643417990316","INLINE","{Method onException(Exception) at app/src/main/java/com/github/pockethub/core/user/FollowingUserTask.java:52}","{Method onError(Throwable) at app/src/main/java/com/github/pockethub/ui/code/RepositoryCodeFragment.java:179}","5","7"
"3e6fb8332246089a620734630f0f643417990316","INLINE","{Method getUsername() at app/src/main/java/com/github/pockethub/accounts/GitHubAccount.java:57}","{Method createIterator(int, int) at app/src/main/java/com/github/pockethub/ui/gist/MyGistsFragment.java:60}","3","8"
"3e6fb8332246089a620734630f0f643417990316","INLINE","{Method getUsername() at app/src/main/java/com/github/pockethub/accounts/GitHubAccount.java:57}","{Method createPager() at app/src/main/java/com/github/pockethub/ui/gist/MyGistsFragment.java:56}","3","14"
"3e6fb8332246089a620734630f0f643417990316","EXTRACT_MOVE","{Method onOptionsItemSelected(MenuItem) at app/src/main/java/com/github/pockethub/ui/issue/EditIssueActivity.java:341}","{Method onNext(Response) at app/src/main/java/com/github/pockethub/ui/gist/GistsViewActivity.java:175}","38","5"
"3e6fb8332246089a620734630f0f643417990316","INLINE","{Method onException(Exception) at app/src/main/java/com/github/pockethub/core/code/RefreshTreeTask.java:103}","{Method refreshTree(GitReference) at app/src/main/java/com/github/pockethub/ui/code/RepositoryCodeFragment.java:145}","5","43"
"3e6fb8332246089a620734630f0f643417990316","INLINE","{Method onException(Exception) at app/src/main/java/com/github/pockethub/core/commit/RefreshCommitTask.java:84}","{Method refreshTree(GitReference) at app/src/main/java/com/github/pockethub/ui/code/RepositoryCodeFragment.java:145}","5","43"
"3e6fb8332246089a620734630f0f643417990316","RENAME","{Method onSuccess(FullGist) at app/src/main/java/com/github/pockethub/ui/gist/GistFragment.java:414}","{Method onNext(FullGist) at app/src/main/java/com/github/pockethub/ui/gist/GistFragment.java:421}","17","15"
"3e6fb8332246089a620734630f0f643417990316","INLINE","{Method onException(Exception) at app/src/main/java/com/github/pockethub/core/commit/CommitCompareTask.java:63}","{Method refreshTree(GitReference) at app/src/main/java/com/github/pockethub/ui/code/RepositoryCodeFragment.java:145}","5","43"
"3e6fb8332246089a620734630f0f643417990316","INLINE","{Method onException(Exception) at app/src/main/java/com/github/pockethub/core/gist/UnstarGistTask.java:55}","{Method refreshTree(GitReference) at app/src/main/java/com/github/pockethub/ui/code/RepositoryCodeFragment.java:145}","5","43"
"3e6fb8332246089a620734630f0f643417990316","INLINE","{Method new(Context, Repo) at app/src/main/java/com/github/pockethub/core/repo/UnstarRepositoryTask.java:42}","{Method onListItemClick(ListView, View, int, long) at app/src/main/java/com/github/pockethub/ui/search/SearchRepositoryListFragment.java:104}","5","16"
"3e6fb8332246089a620734630f0f643417990316","INLINE","{Method onException(Exception) at app/src/main/java/com/github/pockethub/core/gist/StarGistTask.java:55}","{Method refreshTree(GitReference) at app/src/main/java/com/github/pockethub/ui/code/RepositoryCodeFragment.java:145}","5","43"
"3e6fb8332246089a620734630f0f643417990316","CHANGE_SIGNATURE","{Method new(Context, D) at app/src/main/java/com/github/pockethub/ThrowableLoader.java:44}","{Method new(Activity, D) at app/src/main/java/com/github/pockethub/ThrowableLoader.java:45}","5","5"
"3e6fb8332246089a620734630f0f643417990316","RENAME","{Method onException(Exception) at app/src/main/java/com/github/pockethub/ui/commit/CommitDiffListFragment.java:255}","{Method onError(Throwable) at app/src/main/java/com/github/pockethub/ui/commit/CommitDiffListFragment.java:256}","5","4"
"3e6fb8332246089a620734630f0f643417990316","INLINE","{Method onSuccess(E) at app/src/main/java/com/github/pockethub/ui/ProgressDialogTask.java:96}","{Method onDialogResult(int, int, Bundle) at app/src/main/java/com/github/pockethub/ui/issue/IssueFragment.java:454}","3","60"
"3e6fb8332246089a620734630f0f643417990316","INLINE","{Method onException(Exception) at app/src/main/java/com/github/pockethub/core/issue/RefreshIssueTask.java:89}","{Method onError(Throwable) at app/src/main/java/com/github/pockethub/ui/code/RepositoryCodeFragment.java:179}","5","7"
"3e6fb8332246089a620734630f0f643417990316","INLINE","{Method start() at app/src/main/java/com/github/pockethub/ui/gist/CreateCommentTask.java:61}","{Method createComment(String) at app/src/main/java/com/github/pockethub/ui/commit/CreateCommentActivity.java:109}","5","29"
"3e6fb8332246089a620734630f0f643417990316","RENAME","{Method onSuccess(Gist) at app/src/main/java/com/github/pockethub/ui/gist/CreateGistActivity.java:139}","{Method onNext(Gist) at app/src/main/java/com/github/pockethub/ui/gist/CreateGistActivity.java:165}","7","6"
"3e6fb8332246089a620734630f0f643417990316","RENAME","{Method onException(Exception) at app/src/main/java/com/github/pockethub/ui/ref/RefDialog.java:100}","{Method onError(Throwable) at app/src/main/java/com/github/pockethub/ui/ref/RefDialog.java:99}","6","5"
"3e6fb8332246089a620734630f0f643417990316","INLINE","{Method onException(Exception) at app/src/main/java/com/github/pockethub/core/repo/UnstarRepositoryTask.java:66}","{Method onError(Throwable) at app/src/main/java/com/github/pockethub/ui/code/RepositoryCodeFragment.java:179}","5","7"
"3e6fb8332246089a620734630f0f643417990316","RENAME","{Method run(Account) at app/src/main/java/com/github/pockethub/persistence/AccountDataManager.java:208}","{Method call(Subscriber) at app/src/main/java/com/github/pockethub/persistence/AccountDataManager.java:210}","3","3"
"3e6fb8332246089a620734630f0f643417990316","INLINE","{Method onException(Exception) at app/src/main/java/com/github/pockethub/core/repo/RefreshRepositoryTask.java:54}","{Method refreshTree(GitReference) at app/src/main/java/com/github/pockethub/ui/code/RepositoryCodeFragment.java:145}","5","43"
"3e6fb8332246089a620734630f0f643417990316","INLINE","{Method new(Context, Repo) at app/src/main/java/com/github/pockethub/core/repo/StarredRepositoryTask.java:41}","{Method onListItemClick(ListView, View, int, long) at app/src/main/java/com/github/pockethub/ui/search/SearchRepositoryListFragment.java:104}","5","16"
"3e6fb8332246089a620734630f0f643417990316","MOVE","{Method getBooleanArrayExtra(String) at app/src/main/java/com/github/pockethub/ui/DialogFragmentActivity.java:139}","{Method getBooleanArrayExtra(String) at app/src/main/java/com/github/pockethub/ui/BaseActivity.java:139}","3","3"
"3e6fb8332246089a620734630f0f643417990316","CHANGE_SIGNATURE","{Method show(DialogFragmentActivity, int, String, String, ArrayList, int) at app/src/main/java/com/github/pockethub/ui/issue/AssigneeDialogFragment.java:105}","{Method show(BaseActivity, int, String, String, ArrayList, int) at app/src/main/java/com/github/pockethub/ui/issue/AssigneeDialogFragment.java:105}","4","4"
"3e6fb8332246089a620734630f0f643417990316","INLINE","{Method onException(Exception) at app/src/main/java/com/github/pockethub/core/repo/DeleteRepositoryTask.java:68}","{Method refreshTree(GitReference) at app/src/main/java/com/github/pockethub/ui/code/RepositoryCodeFragment.java:145}","5","43"
"3e6fb8332246089a620734630f0f643417990316","CHANGE_SIGNATURE","{Method new(Context, String, HttpImageGetter) at app/src/main/java/com/github/pockethub/core/gist/RefreshGistTask.java:56}","{Method new(Activity, String, HttpImageGetter) at app/src/main/java/com/github/pockethub/core/gist/RefreshGistTask.java:56}","6","5"
"3e6fb8332246089a620734630f0f643417990316","INLINE","{Method new(Context, Repo) at app/src/main/java/com/github/pockethub/core/repo/RefreshRepositoryTask.java:42}","{Method onListItemClick(ListView, View, int, long) at app/src/main/java/com/github/pockethub/ui/search/SearchRepositoryListFragment.java:104}","5","16"
"3e6fb8332246089a620734630f0f643417990316","RENAME","{Method onSuccess(Collection) at app/src/main/java/com/github/pockethub/persistence/AccountDataManager.java:214}","{Method onNext(Collection) at app/src/main/java/com/github/pockethub/persistence/AccountDataManager.java:215}","3","3"
"3e6fb8332246089a620734630f0f643417990316","INLINE","{Method onException(Exception) at app/src/main/java/com/github/pockethub/core/user/RefreshUserTask.java:53}","{Method refreshTree(GitReference) at app/src/main/java/com/github/pockethub/ui/code/RepositoryCodeFragment.java:145}","5","43"
"3e6fb8332246089a620734630f0f643417990316","INLINE","{Method start() at app/src/main/java/com/github/pockethub/ui/gist/DeleteCommentTask.java:65}","{Method onDialogResult(int, int, Bundle) at app/src/main/java/com/github/pockethub/ui/issue/IssueFragment.java:454}","6","60"
"3e6fb8332246089a620734630f0f643417990316","RENAME","{Method onException(Exception) at app/src/main/java/com/github/pockethub/ui/gist/GistFragment.java:290}","{Method onError(Throwable) at app/src/main/java/com/github/pockethub/ui/gist/GistFragment.java:305}","5","3"
"3e6fb8332246089a620734630f0f643417990316","RENAME","{Method onException(Exception) at app/src/main/java/com/github/pockethub/ui/issue/IssueFragment.java:441}","{Method onError(Throwable) at app/src/main/java/com/github/pockethub/ui/issue/IssueFragment.java:435}","5","4"
"6bb3a315e2b2eee64dac08f852a38e4d6fa318e7"
"9aba50cf6803ad895ff53b610d4a2d5d388bd9f7"
"1deec6c7ee73efb6cf3d3bac114d8e583c2bb588","CHANGE_SIGNATURE","{Method new(AppCompatActivity, boolean) at app/src/main/java/com/github/pockethub/ui/repo/RepositoryPagerAdapter.java:59}","{Method new(AppCompatActivity, boolean, boolean) at app/src/main/java/com/github/pockethub/ui/repo/RepositoryPagerAdapter.java:51}","6","7"
"15812cba3d21da8f0ddf8ec60c585b9e33743d5f"
"6342bf80e0349eaeba36290a8bbd68ffc8e7494a","CHANGE_SIGNATURE","{Method new(AppCompatActivity, Repo, int[], boolean, boolean) at app/src/main/java/com/github/pockethub/ui/issue/IssuesPagerAdapter.java:87}","{Method new(AppCompatActivity, Repo, int[], boolean) at app/src/main/java/com/github/pockethub/ui/issue/IssuesPagerAdapter.java:86}","10","9"
"6342bf80e0349eaeba36290a8bbd68ffc8e7494a","EXTRACT","{Method onCreate(Bundle) at app/src/main/java/com/github/pockethub/ui/issue/IssuesViewActivity.java:182}","{Method repositoryLoaded(Repo) at app/src/main/java/com/github/pockethub/ui/issue/IssuesViewActivity.java:219}","47","8"
"6342bf80e0349eaeba36290a8bbd68ffc8e7494a","CHANGE_SIGNATURE","{Method new(AppCompatActivity, List, int[], IssueStore, boolean, boolean) at app/src/main/java/com/github/pockethub/ui/issue/IssuesPagerAdapter.java:68}","{Method new(AppCompatActivity, List, int[], IssueStore, boolean) at app/src/main/java/com/github/pockethub/ui/issue/IssuesPagerAdapter.java:68}","10","9"
"fe09281dd48b350de8b8cc8779de4ae168edd907"
"102bb2da6c62448c1daf4a8af98bf4f4ef557821"
"a8167de3b12ab896caf666c979f74228265ccf32","INLINE","{Method new(GitHubClient) at app/src/main/java/com/github/pockethub/core/search/SearchUserService.java:63}","{Method run(Account) at app/src/main/java/com/github/pockethub/core/gist/RefreshGistTask.java:64}","3","17"
"a8167de3b12ab896caf666c979f74228265ccf32","CHANGE_SIGNATURE","{Method new(Context, ContentsService) at app/src/main/java/com/github/pockethub/util/HttpImageGetter.java:109}","{Method new(Context) at app/src/main/java/com/github/pockethub/util/HttpImageGetter.java:108}","8","7"
"a8167de3b12ab896caf666c979f74228265ccf32","INLINE","{Method new(GitHubClient) at app/src/main/java/com/github/pockethub/core/search/SearchUserService.java:63}","{Method run(Account) at app/src/main/java/com/github/pockethub/core/repo/DeleteRepositoryTask.java:61}","3","5"
"a8167de3b12ab896caf666c979f74228265ccf32","EXTRACT_MOVE","{Method run(Account) at app/src/main/java/com/github/pockethub/core/repo/DeleteRepositoryTask.java:77}","{Method new(String) at app/src/main/java/com/github/pockethub/api/DeleteGistClient.java:13}","51","3"
"a8167de3b12ab896caf666c979f74228265ccf32","EXTRACT_MOVE","{Method run(Account) at app/src/main/java/com/github/pockethub/core/repo/DeleteRepositoryTask.java:77}","{Method new(String) at app/src/main/java/com/github/pockethub/api/UnStarGistClient.java:15}","51","3"
"a8167de3b12ab896caf666c979f74228265ccf32","EXTRACT_MOVE","{Method run(Account) at app/src/main/java/com/github/pockethub/core/repo/DeleteRepositoryTask.java:77}","{Method new(String) at app/src/main/java/com/github/pockethub/api/CheckGistStarredClient.java:15}","51","3"
"a8167de3b12ab896caf666c979f74228265ccf32","EXTRACT_MOVE","{Method run(Account) at app/src/main/java/com/github/pockethub/core/repo/DeleteRepositoryTask.java:77}","{Method new(String) at app/src/main/java/com/github/pockethub/api/StarGistClient.java:15}","51","3"
"d7651f2d0dc0490650f60af80a486f4ff0ded04f"
"02664d4f43a106acd1bff7caf8aedfd0176321fd"
"686f130db5153f85458c8efeb54cd3c6d730ad85"
"fe58d162b9465023a3f5b14d83992b9857721ff3"
"507e2106444df35669fbbbb3f611b56b87094d9e"
"cc0cc52b7be5767a486a1bd17c4f0adc0b34fa92"
"96616d34ee50b766e8c7352e2c2673e284e6a3c5"
"e0ae922263932beb7be5ca23fdf6e0710cf17c23"
"c0a29c32cedc2cce947f3b586f3c7faf16f6841f"
"850bcb608ab380084f13782b50f1a16460d486de"
"4be7aba208d70e7e13ba8dbdcb4746ddf8ad270d"
"fcbe90b66eccf368264e2402dcc21c03f4742488"
"c02eee0c2e0925ba622be41f9cce9b9f3b46307c"
"33eb6b8c642c90d3efd1120890b9799848758682"
"357051f37de5d5b90fadabf8aa27809959eee1e7"
"5c971635e0add124978dc152473aadd69c939ab6"
"c21acb276750d05c64acd25a08e6b4e205d5f321"
"17ced278f8a4e39921c321869bb11c78a2cb84f1","CHANGE_SIGNATURE","{Method openLoginInBrowser(GithubDeveloperCredentialsProvider) at app/src/main/java/com/github/pockethub/accounts/LoginActivity.java:207}","{Method openLoginInBrowser() at app/src/main/java/com/github/pockethub/accounts/LoginActivity.java:202}","15","15"
"17ced278f8a4e39921c321869bb11c78a2cb84f1","RENAME","{Method run(Account) at app/src/main/java/com/github/pockethub/util/HttpImageGetter.java:230}","{Method call(String) at app/src/main/java/com/github/pockethub/util/HttpImageGetter.java:231}","3","3"
"17ced278f8a4e39921c321869bb11c78a2cb84f1","RENAME","{Method onSuccess(CharSequence) at app/src/main/java/com/github/pockethub/util/HttpImageGetter.java:235}","{Method onNext(CharSequence) at app/src/main/java/com/github/pockethub/util/HttpImageGetter.java:237}","6","6"
"48414bbfbd7f0af6caa138c8732f9a341d423c5e"
"5732929052eb388c3945d61d82c8127acfe3c75c"
"6a8e5e911e62e3208bd12a0ca9ac9e32167074f6","RENAME","{Method onFail(RetrofitError) at app/src/main/java/com/github/pockethub/ui/user/UserViewActivity.java:107}","{Method onError(Throwable) at app/src/main/java/com/github/pockethub/ui/user/UserViewActivity.java:110}","5","5"
"6a8e5e911e62e3208bd12a0ca9ac9e32167074f6","RENAME","{Method onResponseOk(Repo, Response) at app/src/main/java/com/github/pockethub/ui/repo/RepositoryViewActivity.java:284}","{Method onNext(Repo) at app/src/main/java/com/github/pockethub/ui/repo/RepositoryViewActivity.java:280}","7","7"
"6a8e5e911e62e3208bd12a0ca9ac9e32167074f6","RENAME","{Method onFail(RetrofitError) at app/src/main/java/com/github/pockethub/ui/issue/LabelsDialog.java:90}","{Method onError(Throwable) at app/src/main/java/com/github/pockethub/ui/issue/LabelsDialog.java:93}","5","5"
"6a8e5e911e62e3208bd12a0ca9ac9e32167074f6","RENAME","{Method onFail(RetrofitError) at app/src/main/java/com/github/pockethub/ui/repo/RepositoryViewActivity.java:121}","{Method onError(Throwable) at app/src/main/java/com/github/pockethub/ui/repo/RepositoryViewActivity.java:125}","4","4"
"6a8e5e911e62e3208bd12a0ca9ac9e32167074f6","EXTRACT_MOVE","{Method followUser() at app/src/main/java/com/github/pockethub/ui/user/UserViewActivity.java:197}","{Method onError(Throwable) at app/src/main/java/com/github/pockethub/rx/ObserverAdapter.java:31}","33","3"
"6a8e5e911e62e3208bd12a0ca9ac9e32167074f6","EXTRACT_MOVE","{Method followUser() at app/src/main/java/com/github/pockethub/ui/user/UserViewActivity.java:197}","{Method onNext(Boolean) at app/src/main/java/com/github/pockethub/ui/user/UserViewActivity.java:212}","33","3"
"6a8e5e911e62e3208bd12a0ca9ac9e32167074f6","RENAME","{Method onFail(RetrofitError) at app/src/main/java/com/github/pockethub/ui/commit/CommitFileViewActivity.java:295}","{Method onError(Throwable) at app/src/main/java/com/github/pockethub/ui/commit/CommitFileViewActivity.java:297}","8","8"
"6a8e5e911e62e3208bd12a0ca9ac9e32167074f6","RENAME","{Method onFail(RetrofitError) at app/src/main/java/com/github/pockethub/ui/repo/RepositoryViewActivity.java:328}","{Method onError(Throwable) at app/src/main/java/com/github/pockethub/ui/repo/RepositoryViewActivity.java:325}","3","3"
"6a8e5e911e62e3208bd12a0ca9ac9e32167074f6","CHANGE_SIGNATURE","{Method show(Activity, Exception, int) at app/src/main/java/com/github/pockethub/util/ToastUtils.java:71}","{Method show(Activity, Throwable, int) at app/src/main/java/com/github/pockethub/util/ToastUtils.java:71}","15","15"
"6a8e5e911e62e3208bd12a0ca9ac9e32167074f6","EXTRACT_MOVE","{Method createComment(String) at app/src/main/java/com/github/pockethub/ui/issue/CreateCommentActivity.java:82}","{Method onNext(T) at app/src/main/java/com/github/pockethub/rx/ObserverAdapter.java:36}","17","3"
"6a8e5e911e62e3208bd12a0ca9ac9e32167074f6","RENAME","{Method onResponseOk(String, Response) at app/src/main/java/com/github/pockethub/util/HttpImageGetter.java:193}","{Method onNext(String) at app/src/main/java/com/github/pockethub/util/HttpImageGetter.java:196}","3","3"
"6a8e5e911e62e3208bd12a0ca9ac9e32167074f6","RENAME","{Method onResponseOk(GithubComment, Response) at app/src/main/java/com/github/pockethub/ui/gist/CreateCommentActivity.java:80}","{Method onNext(GithubComment) at app/src/main/java/com/github/pockethub/ui/gist/CreateCommentActivity.java:82}","3","3"
"6a8e5e911e62e3208bd12a0ca9ac9e32167074f6","RENAME","{Method onResponseOk(Token, Response) at app/src/main/java/com/github/pockethub/accounts/LoginActivity.java:158}","{Method onNext(Token) at app/src/main/java/com/github/pockethub/accounts/LoginActivity.java:174}","8","8"
"6a8e5e911e62e3208bd12a0ca9ac9e32167074f6","EXTRACT_MOVE","{Method onUserLoggedIn(Uri) at app/src/main/java/com/github/pockethub/accounts/LoginActivity.java:150}","{Method onError(Throwable) at app/src/main/java/com/github/pockethub/rx/ObserverAdapter.java:31}","26","3"
"6a8e5e911e62e3208bd12a0ca9ac9e32167074f6","RENAME","{Method onCheckUserIsCollaborator(String, boolean) at app/src/main/java/com/github/pockethub/ui/issue/IssuesViewActivity.java:354}","{Method onNext(Boolean) at app/src/main/java/com/github/pockethub/ui/issue/IssuesViewActivity.java:350}","5","5"
"6a8e5e911e62e3208bd12a0ca9ac9e32167074f6","RENAME","{Method onResponseOk(List, Response) at app/src/main/java/com/github/pockethub/ui/issue/AssigneeDialog.java:75}","{Method onNext(List) at app/src/main/java/com/github/pockethub/ui/issue/AssigneeDialog.java:84}","10","10"
"6a8e5e911e62e3208bd12a0ca9ac9e32167074f6","RENAME","{Method onResponseOk(List, Response) at app/src/main/java/com/github/pockethub/ui/issue/LabelsDialog.java:78}","{Method onNext(List) at app/src/main/java/com/github/pockethub/ui/issue/LabelsDialog.java:81}","10","10"
"6a8e5e911e62e3208bd12a0ca9ac9e32167074f6","RENAME","{Method onFail(RetrofitError) at app/src/main/java/com/github/pockethub/ui/commit/CommitCompareListFragment.java:139}","{Method onError(Throwable) at app/src/main/java/com/github/pockethub/ui/commit/CommitCompareListFragment.java:141}","3","3"
"6a8e5e911e62e3208bd12a0ca9ac9e32167074f6","RENAME","{Method onFail(RetrofitError) at app/src/main/java/com/github/pockethub/ui/issue/MilestoneDialog.java:100}","{Method onError(Throwable) at app/src/main/java/com/github/pockethub/ui/issue/MilestoneDialog.java:102}","5","5"
"6a8e5e911e62e3208bd12a0ca9ac9e32167074f6","RENAME","{Method onResponseOk(Response, Response) at app/src/main/java/com/github/pockethub/ui/repo/RepositoryViewActivity.java:228}","{Method onNext(Boolean) at app/src/main/java/com/github/pockethub/ui/repo/RepositoryViewActivity.java:237}","5","4"
"6a8e5e911e62e3208bd12a0ca9ac9e32167074f6","RENAME","{Method onFail(RetrofitError) at app/src/main/java/com/github/pockethub/ui/gist/CreateCommentActivity.java:85}","{Method onError(Throwable) at app/src/main/java/com/github/pockethub/ui/gist/CreateCommentActivity.java:87}","5","5"
"6a8e5e911e62e3208bd12a0ca9ac9e32167074f6","EXTRACT_MOVE","{Method starRepository() at app/src/main/java/com/github/pockethub/ui/repo/RepositoryViewActivity.java:223}","{Method onNext(T) at app/src/main/java/com/github/pockethub/rx/ObserverAdapter.java:36}","34","3"
"6a8e5e911e62e3208bd12a0ca9ac9e32167074f6","RENAME","{Method onResponseOk(Repo, Response) at app/src/main/java/com/github/pockethub/ui/issue/IssuesViewActivity.java:210}","{Method onNext(Repo) at app/src/main/java/com/github/pockethub/ui/issue/IssuesViewActivity.java:211}","3","3"
"6a8e5e911e62e3208bd12a0ca9ac9e32167074f6","RENAME","{Method onFail(RetrofitError) at app/src/main/java/com/github/pockethub/ui/repo/RepositoryViewActivity.java:293}","{Method onError(Throwable) at app/src/main/java/com/github/pockethub/ui/repo/RepositoryViewActivity.java:289}","3","3"
"6a8e5e911e62e3208bd12a0ca9ac9e32167074f6","RENAME","{Method onResponseOk(CompareCommit, Response) at app/src/main/java/com/github/pockethub/ui/commit/CommitCompareListFragment.java:130}","{Method onNext(CompareCommit) at app/src/main/java/com/github/pockethub/ui/commit/CommitCompareListFragment.java:132}","7","7"
"6a8e5e911e62e3208bd12a0ca9ac9e32167074f6","EXTRACT_MOVE","{Method followUser() at app/src/main/java/com/github/pockethub/ui/user/UserViewActivity.java:197}","{Method onNext(T) at app/src/main/java/com/github/pockethub/rx/ObserverAdapter.java:36}","33","3"
"6a8e5e911e62e3208bd12a0ca9ac9e32167074f6","RENAME","{Method onResponseOk(GithubComment, Response) at app/src/main/java/com/github/pockethub/ui/issue/CreateCommentActivity.java:87}","{Method onNext(GithubComment) at app/src/main/java/com/github/pockethub/ui/issue/CreateCommentActivity.java:89}","4","4"
"6a8e5e911e62e3208bd12a0ca9ac9e32167074f6","RENAME","{Method onResponseOk(Repo, Response) at app/src/main/java/com/github/pockethub/ui/repo/RepositoryViewActivity.java:115}","{Method onNext(Repo) at app/src/main/java/com/github/pockethub/ui/repo/RepositoryViewActivity.java:119}","4","4"
"6a8e5e911e62e3208bd12a0ca9ac9e32167074f6","RENAME","{Method onFail(RetrofitError) at app/src/main/java/com/github/pockethub/ui/issue/AssigneeDialog.java:87}","{Method onError(Throwable) at app/src/main/java/com/github/pockethub/ui/issue/AssigneeDialog.java:77}","5","5"
"6a8e5e911e62e3208bd12a0ca9ac9e32167074f6","RENAME","{Method onResponseOk(GitBlob, Response) at app/src/main/java/com/github/pockethub/ui/commit/CommitFileViewActivity.java:272}","{Method onNext(GitBlob) at app/src/main/java/com/github/pockethub/ui/commit/CommitFileViewActivity.java:274}","21","21"
"6a8e5e911e62e3208bd12a0ca9ac9e32167074f6","RENAME","{Method onResponseOk(Response, Response) at app/src/main/java/com/github/pockethub/ui/repo/RepositoryViewActivity.java:322}","{Method onNext(Response) at app/src/main/java/com/github/pockethub/ui/repo/RepositoryViewActivity.java:319}","4","4"
"6a8e5e911e62e3208bd12a0ca9ac9e32167074f6","RENAME","{Method onResponseOk(List, Response) at app/src/main/java/com/github/pockethub/ui/issue/MilestoneDialog.java:86}","{Method onNext(List) at app/src/main/java/com/github/pockethub/ui/issue/MilestoneDialog.java:88}","12","12"
"6a8e5e911e62e3208bd12a0ca9ac9e32167074f6","RENAME","{Method onFail(RetrofitError) at app/src/main/java/com/github/pockethub/util/HttpImageGetter.java:198}","{Method onError(Throwable) at app/src/main/java/com/github/pockethub/util/HttpImageGetter.java:201}","3","3"
"6a8e5e911e62e3208bd12a0ca9ac9e32167074f6","RENAME","{Method onResponseOk(User, Response) at app/src/main/java/com/github/pockethub/ui/user/UserViewActivity.java:101}","{Method onNext(User) at app/src/main/java/com/github/pockethub/ui/user/UserViewActivity.java:104}","4","4"
"6a8e5e911e62e3208bd12a0ca9ac9e32167074f6","EXTRACT_MOVE","{Method starRepository() at app/src/main/java/com/github/pockethub/ui/repo/RepositoryViewActivity.java:223}","{Method onError(Throwable) at app/src/main/java/com/github/pockethub/rx/ObserverAdapter.java:31}","34","3"
"6a8e5e911e62e3208bd12a0ca9ac9e32167074f6","EXTRACT_MOVE","{Method onCreate(Bundle) at app/src/main/java/com/github/pockethub/ui/issue/IssuesViewActivity.java:183}","{Method onNext(T) at app/src/main/java/com/github/pockethub/rx/ObserverAdapter.java:36}","50","3"
"6a8e5e911e62e3208bd12a0ca9ac9e32167074f6","RENAME","{Method onFail(RetrofitError) at app/src/main/java/com/github/pockethub/accounts/LoginActivity.java:168}","{Method onError(Throwable) at app/src/main/java/com/github/pockethub/accounts/LoginActivity.java:169}","3","3"
"6a8e5e911e62e3208bd12a0ca9ac9e32167074f6","INTERNAL_MOVE_RENAME","{Method onResponseOk(com.alorma.github.sdk.bean.dto.response.User, Response) at app/src/main/java/com/github/pockethub/accounts/LoginActivity.java:233}","{Method onNext(User) at app/src/main/java/com/github/pockethub/accounts/LoginActivity.java:258}","17","17"
"6a8e5e911e62e3208bd12a0ca9ac9e32167074f6","RENAME","{Method onCheckStarredRepo(String, boolean) at app/src/main/java/com/github/pockethub/ui/repo/RepositoryViewActivity.java:263}","{Method onNext(Boolean) at app/src/main/java/com/github/pockethub/ui/repo/RepositoryViewActivity.java:257}","5","5"
"6a8e5e911e62e3208bd12a0ca9ac9e32167074f6","RENAME","{Method onCheckFollowUser(String, boolean) at app/src/main/java/com/github/pockethub/ui/user/UserViewActivity.java:236}","{Method onNext(Boolean) at app/src/main/java/com/github/pockethub/ui/user/UserViewActivity.java:232}","5","5"
"6a8e5e911e62e3208bd12a0ca9ac9e32167074f6","EXTRACT_MOVE","{Method onUserLoggedIn(Uri) at app/src/main/java/com/github/pockethub/accounts/LoginActivity.java:150}","{Method onNext(T) at app/src/main/java/com/github/pockethub/rx/ObserverAdapter.java:36}","26","3"
"51fb484a264a64132e01969b22c9f8adf1702d2d"
"b9da5bdef45a1c88de2547855d987b2581b8a27f"
"fb49e96692b63ec3c98b347f72de038832f653fc"
"e230e9fcd6289319dac163ee0d4baedc174548b7"
"af5adefe54896f922e33297c812b58d8139c904a"
"753ba5de409afa6ea4ef28d558efe6775d773087"
"856802cdaf634988a143eb8b875f6b339a8f4e70"
"576549fc07a92b290aeb42b4b9cc51a9abffe663"
"f833555b95117402d4ba7aafa94cd4cce2c19c57"
"78355fe33a2bb9739d96cf816ecbdc720af28d20"
"7dce0c78e5fb9881c5a57467e524bf8c2987d314"
"9df371bdc7da4abab6d1b8238e2f09e6c8d799ff"
"2b35090309b77519dc32edc59eca447869e3e77f"
"c40bbb70995452942515f0401254be83c0d7d873"
"ec8558eb06b682cdcef1d3d7885657c65424303e"
"858ab018c862778873909b9dca9b6a1f860b433c"
"73112ad2ddcf85daf606d34ae06c6770ec88a9bd"
"b8d60cbbd1a9b9d5aaacf819510ab1788c75e4fd"
"095a24523c53e22aee5231d0091f87518389cf60"
"975e2cca6066c9c8b18262cd0e40552ade029059"
"ba3435763313531fec9b5e9d7e6416591fe52a0a"
"4518905455a9393e7c013edb9834bbad3f35ae80"
"e62cefa59c593a356c7b36589f3c7f520751eddf"
"1511f9765f73b09d0deaca10a24e6c5ec9dbc8ee"
"c09d46ce31b94d7046f5eccf07154ad7c220dc49","EXTRACT_MOVE","{Method showParseError(String) at app/src/main/java/com/github/pockethub/ui/user/UriLauncherActivity.java:164}","{Method onClick(MaterialDialog, DialogAction) at app/src/main/java/com/github/pockethub/ui/issue/LabelsDialogFragment.java:169}","21","3"
"c09d46ce31b94d7046f5eccf07154ad7c220dc49","EXTRACT_MOVE","{Method showFileOptions(CharSequence, int, CommitFile) at app/src/main/java/com/github/pockethub/ui/commit/CommitDiffListFragment.java:416}","{Method onClick(MaterialDialog, DialogAction) at app/src/main/java/com/github/pockethub/ui/ref/RefDialogFragment.java:126}","48","3"
"c09d46ce31b94d7046f5eccf07154ad7c220dc49","CHANGE_SIGNATURE","{Method onClick(DialogInterface, int) at app/src/main/java/com/github/pockethub/ui/user/UriLauncherActivity.java:179}","{Method onClick(MaterialDialog, DialogAction) at app/src/main/java/com/github/pockethub/ui/user/UriLauncherActivity.java:176}","3","3"
"c09d46ce31b94d7046f5eccf07154ad7c220dc49","CHANGE_SIGNATURE","{Method onClick(DialogInterface, int) at app/src/main/java/com/github/pockethub/ui/commit/CommitDiffListFragment.java:458}","{Method onClick(MaterialDialog, DialogAction) at app/src/main/java/com/github/pockethub/ui/commit/CommitDiffListFragment.java:455}","3","3"
"c09d46ce31b94d7046f5eccf07154ad7c220dc49","EXTRACT_MOVE","{Method showFileOptions(CharSequence, int, CommitFile) at app/src/main/java/com/github/pockethub/ui/commit/CommitDiffListFragment.java:416}","{Method onClick(MaterialDialog, DialogAction) at app/src/main/java/com/github/pockethub/ui/issue/AssigneeDialogFragment.java:122}","48","3"
"c09d46ce31b94d7046f5eccf07154ad7c220dc49","EXTRACT_MOVE","{Method showConflictMessage(Activity) at app/src/main/java/com/github/pockethub/accounts/AccountUtils.java:321}","{Method onClick(MaterialDialog, DialogAction) at app/src/main/java/com/github/pockethub/ui/issue/LabelsDialogFragment.java:169}","22","3"
"c09d46ce31b94d7046f5eccf07154ad7c220dc49","EXTRACT_MOVE","{Method showFileOptions(CharSequence, int, CommitFile) at app/src/main/java/com/github/pockethub/ui/commit/CommitDiffListFragment.java:416}","{Method onClick(MaterialDialog, DialogAction) at app/src/main/java/com/github/pockethub/ui/issue/LabelsDialogFragment.java:155}","48","3"
"c09d46ce31b94d7046f5eccf07154ad7c220dc49","CHANGE_SIGNATURE","{Method onClick(DialogInterface, int) at app/src/main/java/com/github/pockethub/accounts/AccountUtils.java:337}","{Method onClick(MaterialDialog, DialogAction) at app/src/main/java/com/github/pockethub/accounts/AccountUtils.java:333}","3","3"
"c09d46ce31b94d7046f5eccf07154ad7c220dc49","EXTRACT_MOVE","{Method showFileOptions(CharSequence, int, CommitFile) at app/src/main/java/com/github/pockethub/ui/commit/CommitDiffListFragment.java:416}","{Method onClick(MaterialDialog, DialogAction) at app/src/main/java/com/github/pockethub/ui/ConfirmDialogFragment.java:87}","48","3"
"c09d46ce31b94d7046f5eccf07154ad7c220dc49","EXTRACT_MOVE","{Method showParseError(String) at app/src/main/java/com/github/pockethub/ui/user/UriLauncherActivity.java:164}","{Method onClick(MaterialDialog, DialogAction) at app/src/main/java/com/github/pockethub/ui/ConfirmDialogFragment.java:81}","21","3"
"c09d46ce31b94d7046f5eccf07154ad7c220dc49","EXTRACT_MOVE","{Method showConflictMessage(Activity) at app/src/main/java/com/github/pockethub/accounts/AccountUtils.java:321}","{Method onClick(MaterialDialog, DialogAction) at app/src/main/java/com/github/pockethub/ui/ConfirmDialogFragment.java:81}","22","3"
"c09d46ce31b94d7046f5eccf07154ad7c220dc49","EXTRACT_MOVE","{Method showFileOptions(CharSequence, int, CommitFile) at app/src/main/java/com/github/pockethub/ui/commit/CommitDiffListFragment.java:416}","{Method onClick(MaterialDialog, DialogAction) at app/src/main/java/com/github/pockethub/ui/issue/MilestoneDialogFragment.java:125}","48","3"
"a2c307906ffeacf4f0b9d7b3129ae948bdb5639a"
"e3324d0d3c01dc2801470f9fde6d68f81452116a"
"95fa70bf7c020ceb6dca06b6c1ead305080bdc06"
"920f0dc79c5e0b63b7f4abb5c92034e790b2d56e"
"1366ac2baab8797896e70b10b449cce5287d366a"
"56f137f10e74af0c1661f664cef5d66ddc27185b"
"6f8d0a9e22a8ba20336275f5b3bfaffb10cfa3ed"
"54d78f723969aaa9e27cf81ec6c601f531cc0f97"
"546dcf58998fb81692de551e6d854ccf1fd108d3"
"3d9ca43372ddb1cc1e87989fb62f408f635d2bc0"
"6d43284289eb61b267642a54388e57ef3ef9dfe0"
"811c3b158d1146b03db94f0ae709939a11b5d193"
"5a059692307e26f0f81f7af07d1a860f1a1951fa"
"daa422cd980b5470742a7a54e46ec253e659d672"
"32c6cdc35258acc6163f743cbfa99802110a04b6"
"c96d2f9dc45a617d993e767bed8cbdc01304ff89"
"48d09ccc6254cb3f07d2063bfebc65e9edc88935"
"d1d94fc44390e097fdb562ae19785c9230ae8e6a"
"f756ae763e9b4cc558ecad428e3f20175a98fe34"
"200187e7edae9b5656a4bb5edb45c48ff80f530f"
"9a0ad80aac9a296447999967d98cdd6113cc978a"
"60509477ad59c67487b66afa9cea03f37aedf3eb"
"99fe501e6c133f22ff032dddbae966a496f77714"
"77d493b8a2432e3fae8d28f50e2a3a353d8370a1"
"1be13551730f558e0c0b0faf050e5b15aecbea1e"
"b60dfddaeba307a5ac09c6df66e31ebaef0c4287"
"4ff00597470e7a36589d814f577c0c8c40c66026"
"702ca972240b313e64328e2eb75722ee5645e373"
"2ea45b27ef0782e2a865795ef61f4080700fe344"
"9018709a0d0dfdaaf6694a8b1dcb0349255a026d"
"a525f6e96e6731033930b05d922224d385b1c4de"
"c29d4d53a3880c9395e307302f928c75bb6d6e48"
"c3496315f5996d0acc48ce0c21bd84a1a4594f2a"
"fbfdcdd0f0e719eee07f800a7d6cb85050786ba4"
"e21298960da8b466e5f56d081f2c60116cd4c647"
"d73e2f4b1364dda0a4e93c128ff40b1afc9258a0"
"a9760302a0ca59d2f70a5a09513c4c9d4170188b"
"eeaa29680a3f0448d47e2211a7a6f38e8548bf91"
"3b21fc2263be100ea339eb402a6f357f1818d195"
"7cd43b8c3bdf3e36e1e9632f3eb63fbe93acf4ce"
"eaafeb40ea84a96be7a446faf64c82673ed2cddb"
"5466191884f667d2c5da1eb8d95fba32bc9d5c92"
"0df058fbf6c9667c7bf12ae2cae7808fa5c26663"
"f3002134181b2787f9fc7d89d9661f54f78415f2"
"7e6d61199b36c5110310c81e11ec4f558408febe","CHANGE_SIGNATURE","{Method onAttach(Activity) at app/src/main/java/com/github/pockethub/ui/issue/IssuesFragment.java:102}","{Method onAttach(Context) at app/src/main/java/com/github/pockethub/ui/issue/IssuesFragment.java:102}","6","6"
"7e6d61199b36c5110310c81e11ec4f558408febe","CHANGE_SIGNATURE","{Method onAttach(Activity) at app/src/main/java/com/github/pockethub/ui/search/SearchUserListFragment.java:95}","{Method onAttach(Context) at app/src/main/java/com/github/pockethub/ui/search/SearchUserListFragment.java:96}","5","5"
"7e6d61199b36c5110310c81e11ec4f558408febe","CHANGE_SIGNATURE","{Method onAttach(Activity) at app/src/main/java/com/github/pockethub/ui/user/UserFollowersFragment.java:39}","{Method onAttach(Context) at app/src/main/java/com/github/pockethub/ui/user/UserFollowersFragment.java:40}","5","5"
"7e6d61199b36c5110310c81e11ec4f558408febe","CHANGE_SIGNATURE","{Method onAttach(Activity) at app/src/main/java/com/github/pockethub/ui/commit/CommitListFragment.java:96}","{Method onAttach(Context) at app/src/main/java/com/github/pockethub/ui/commit/CommitListFragment.java:97}","5","6"
"7e6d61199b36c5110310c81e11ec4f558408febe","CHANGE_SIGNATURE","{Method onAttach(Activity) at app/src/main/java/com/github/pockethub/ui/search/SearchRepositoryListFragment.java:89}","{Method onAttach(Context) at app/src/main/java/com/github/pockethub/ui/search/SearchRepositoryListFragment.java:90}","4","4"
"7e6d61199b36c5110310c81e11ec4f558408febe","CHANGE_SIGNATURE","{Method onAttach(Activity) at app/src/main/java/com/github/pockethub/ui/repo/UserRepositoryListFragment.java:53}","{Method onAttach(Context) at app/src/main/java/com/github/pockethub/ui/repo/UserRepositoryListFragment.java:54}","5","5"
"7e6d61199b36c5110310c81e11ec4f558408febe","CHANGE_SIGNATURE","{Method onAttach(Activity) at app/src/main/java/com/github/pockethub/ui/user/UserFollowingFragment.java:39}","{Method onAttach(Context) at app/src/main/java/com/github/pockethub/ui/user/UserFollowingFragment.java:40}","5","5"
"7e6d61199b36c5110310c81e11ec4f558408febe","CHANGE_SIGNATURE","{Method onAttach(Activity) at app/src/main/java/com/github/pockethub/ui/code/RepositoryCodeFragment.java:99}","{Method onAttach(Context) at app/src/main/java/com/github/pockethub/ui/code/RepositoryCodeFragment.java:100}","4","5"
"7e6d61199b36c5110310c81e11ec4f558408febe","CHANGE_SIGNATURE","{Method onAttach(Activity) at app/src/main/java/com/github/pockethub/ui/gist/GistFileFragment.java:74}","{Method onAttach(Context) at app/src/main/java/com/github/pockethub/ui/gist/GistFileFragment.java:75}","5","5"
"7e6d61199b36c5110310c81e11ec4f558408febe","CHANGE_SIGNATURE","{Method onAttach(Activity) at app/src/main/java/com/github/pockethub/ui/repo/RepositoryContributorsFragment.java:57}","{Method onAttach(Context) at app/src/main/java/com/github/pockethub/ui/repo/RepositoryContributorsFragment.java:58}","5","5"
"7e6d61199b36c5110310c81e11ec4f558408febe","CHANGE_SIGNATURE","{Method onAttach(Activity) at app/src/main/java/com/github/pockethub/ui/commit/CommitCompareListFragment.java:89}","{Method onAttach(Context) at app/src/main/java/com/github/pockethub/ui/commit/CommitCompareListFragment.java:90}","7","8"
"7e6d61199b36c5110310c81e11ec4f558408febe","CHANGE_SIGNATURE","{Method onAttach(Activity) at app/src/main/java/com/github/pockethub/ui/repo/RepositoryNewsFragment.java:48}","{Method onAttach(Context) at app/src/main/java/com/github/pockethub/ui/repo/RepositoryNewsFragment.java:49}","5","5"
"fbeac32bae4801da78c7e984e9c29cf7ccc7fbb7","CHANGE_SIGNATURE","{Method getMockMenuItem(int) at app/src/test/java/com/github/pockethub/ui/MainActivityTest.java:64}","{Method getMockMenuItem(int, String) at app/src/test/java/com/github/pockethub/ui/MainActivityTest.java:64}","5","6"
"4e8dd1ea0b538ced574d9de0f163d1d99f35b2a4","RENAME","{Method test() at app/src/test/java/com/github/pockethub/ui/MainActivityTest.java:100}","{Method testNavigationDrawerClickListenerPos5_ShouldLogoutUser() at app/src/test/java/com/github/pockethub/ui/MainActivityTest.java:103}","8","8"
"dda9e786aed60b78551f142f671f27ded2367f5b"
"79f8dc1352bc9bdec50c470f6fad8e7cbdaed8ec"
"4d972f2d378edaf01b5e5803b9b8ce529bcb1f10"
"11eae1840798b6bfd9c3082b75e51738582349f6"
"35ca751ca177fe7cd11f0e314d7fbb124e306d71"
"657262bac73ed39cd9b1c03a1465c079eab3d869","RENAME","{Class GitHub at app/src/main/java/com/github/pockethub/GitHub.java:8}","{Class PocketHub at app/src/main/java/com/github/pockethub/PocketHub.java:8}","8","8"
"657262bac73ed39cd9b1c03a1465c079eab3d869","RENAME","{Class GitHubModule at app/src/main/java/com/github/pockethub/GitHubModule.java:47}","{Class PocketHubModule at app/src/main/java/com/github/pockethub/PocketHubModule.java:47}","58","58"
"dc39dcb43db190210d577071ac7166358080d4d1"
"aa001a57f20e505f88ea71e40f86f7b347a9564f","EXTRACT","{Method setUpNavigationMenu() at app/src/main/java/com/github/pockethub/ui/MainActivity.java:250}","{Method isRealOrganization(Organization) at app/src/main/java/com/github/pockethub/ui/MainActivity.java:268}","21","7"
"254c6b0010db9bce1d6b477ad8cce826a6d537ae"
"4909abfda874e129f30557165de0877d4c9ecb4d"
"ecfaf1d90fda565a172e9fc17b23ae0e46e64e83"
"aa5aaaac3a01667256f39768b8bb105392fdb3fe"
"c3a4532639dba3879b4ca3a909e0d769af3f4b82"
"e907cc38debfa67d8038100a399d81812c58120c","INLINE","{Method new() at app/src/main/java/com/github/pockethub/ui/NavigationDrawerFragment.java:53}","{Method onCreate(Bundle) at app/src/main/java/com/github/pockethub/ui/MainActivity.java:87}","2","50"
"e907cc38debfa67d8038100a399d81812c58120c","INLINE","{Method onCreate(Bundle) at app/src/main/java/com/github/pockethub/ui/NavigationDrawerFragment.java:57}","{Method onCreate(Bundle) at app/src/main/java/com/github/pockethub/ui/MainActivity.java:87}","10","50"
"e907cc38debfa67d8038100a399d81812c58120c","MOVE","{Method onConfigurationChanged(Configuration) at app/src/main/java/com/github/pockethub/ui/NavigationDrawerFragment.java:211}","{Method onConfigurationChanged(Configuration) at app/src/main/java/com/github/pockethub/ui/MainActivity.java:139}","4","4"
"722d6fc640d46ebd88be6e63eb4f075c4cd8dcf0"
"00cb1bc0077dc49a8cf1f8d9e29800264a707f66"
"84b17f30a66de5fd67345ae54dab36091bae66af"
"27f63170da1c516d483b5601d25fab7cc9100d75"
"2d8ae14a97203cc4b28f150798e3878094216467"
"9206195f18addfcc98061aa53755df32c7a085d2"
"bdae00fa6a7bdd30db75e4f1ed0eec86bd9da2ed"
"8933811dd419244a91f47c8a80887e0f39133e38"
"d88ff7cb8310e58875a744330837c37be970f777"
"ce30450773888fe9195f4c7e62a9e18438c4edf9"
"5ac355a5e0f15bada7c8c1411d385bd0d75897ef","CHANGE_SIGNATURE","{Method new(ActionBarActivity, Gist) at app/src/main/java/com/github/pockethub/ui/gist/GistFilesPagerAdapter.java:41}","{Method new(AppCompatActivity, Gist) at app/src/main/java/com/github/pockethub/ui/gist/GistFilesPagerAdapter.java:41}","9","9"
"5ac355a5e0f15bada7c8c1411d385bd0d75897ef","CHANGE_SIGNATURE","{Method new(ActionBarActivity, String[]) at app/src/main/java/com/github/pockethub/ui/gist/GistsPagerAdapter.java:40}","{Method new(AppCompatActivity, String[]) at app/src/main/java/com/github/pockethub/ui/gist/GistsPagerAdapter.java:40}","5","5"
"5ac355a5e0f15bada7c8c1411d385bd0d75897ef","CHANGE_SIGNATURE","{Method new(ActionBarActivity, Repo, int[], boolean, boolean) at app/src/main/java/com/github/pockethub/ui/issue/IssuesPagerAdapter.java:87}","{Method new(AppCompatActivity, Repo, int[], boolean, boolean) at app/src/main/java/com/github/pockethub/ui/issue/IssuesPagerAdapter.java:87}","10","10"
"5ac355a5e0f15bada7c8c1411d385bd0d75897ef","RENAME","{Class ActionBarAccountAuthenticatorActivity at app/src/main/java/com/github/pockethub/ui/roboactivities/ActionBarAccountAuthenticatorActivity.java:24}","{Class AccountAuthenticatorAppCompatActivity at app/src/main/java/com/github/pockethub/ui/roboactivities/AccountAuthenticatorAppCompatActivity.java:24}","47","47"
"5ac355a5e0f15bada7c8c1411d385bd0d75897ef","CHANGE_SIGNATURE","{Method new(ActionBarActivity, List, int[], IssueStore, boolean, boolean) at app/src/main/java/com/github/pockethub/ui/issue/IssuesPagerAdapter.java:68}","{Method new(AppCompatActivity, List, int[], IssueStore, boolean, boolean) at app/src/main/java/com/github/pockethub/ui/issue/IssuesPagerAdapter.java:68}","10","10"
"5ac355a5e0f15bada7c8c1411d385bd0d75897ef","RENAME","{Class RoboActionBarAccountAuthenticatorActivity at app/src/main/java/com/github/pockethub/ui/roboactivities/RoboActionBarAccountAuthenticatorActivity.java:35}","{Class RoboAccountAuthenticatorAppCompatActivity at app/src/main/java/com/github/pockethub/ui/roboactivities/RoboAccountAuthenticatorAppCompatActivity.java:35}","90","90"
"5ac355a5e0f15bada7c8c1411d385bd0d75897ef","CHANGE_SIGNATURE","{Method new(ActionBarActivity, boolean) at app/src/main/java/com/github/pockethub/ui/repo/RepositoryPagerAdapter.java:59}","{Method new(AppCompatActivity, boolean) at app/src/main/java/com/github/pockethub/ui/repo/RepositoryPagerAdapter.java:59}","6","6"
"5ac355a5e0f15bada7c8c1411d385bd0d75897ef","CHANGE_SIGNATURE","{Method new(ActionBarActivity) at app/src/main/java/com/github/pockethub/ui/FragmentStatePagerAdapter.java:36}","{Method new(AppCompatActivity) at app/src/main/java/com/github/pockethub/ui/FragmentStatePagerAdapter.java:36}","5","5"
"5ac355a5e0f15bada7c8c1411d385bd0d75897ef","CHANGE_SIGNATURE","{Method new(ActionBarActivity, Repo) at app/src/main/java/com/github/pockethub/ui/comment/CommentPreviewPagerAdapter.java:50}","{Method new(AppCompatActivity, Repo) at app/src/main/java/com/github/pockethub/ui/comment/CommentPreviewPagerAdapter.java:50}","5","5"
"5ac355a5e0f15bada7c8c1411d385bd0d75897ef","CHANGE_SIGNATURE","{Method new(ActionBarActivity) at app/src/main/java/com/github/pockethub/ui/user/UserPagerAdapter.java:36}","{Method new(AppCompatActivity) at app/src/main/java/com/github/pockethub/ui/user/UserPagerAdapter.java:36}","5","5"
"5ac355a5e0f15bada7c8c1411d385bd0d75897ef","RENAME","{Class RoboActionBarActivity at app/src/main/java/com/github/pockethub/ui/roboactivities/RoboActionBarActivity.java:34}","{Class RoboAppCompatActivity at app/src/main/java/com/github/pockethub/ui/roboactivities/RoboAppCompatActivity.java:34}","106","106"
"5ac355a5e0f15bada7c8c1411d385bd0d75897ef","CHANGE_SIGNATURE","{Method new(ActionBarActivity) at app/src/main/java/com/github/pockethub/ui/search/SearchPagerAdapter.java:37}","{Method new(AppCompatActivity) at app/src/main/java/com/github/pockethub/ui/search/SearchPagerAdapter.java:37}","5","5"
"5ac355a5e0f15bada7c8c1411d385bd0d75897ef","CHANGE_SIGNATURE","{Method new(ActionBarActivity, Repo, CharSequence[]) at app/src/main/java/com/github/pockethub/ui/commit/CommitPagerAdapter.java:44}","{Method new(AppCompatActivity, Repo, CharSequence[]) at app/src/main/java/com/github/pockethub/ui/commit/CommitPagerAdapter.java:44}","6","6"
"5ac355a5e0f15bada7c8c1411d385bd0d75897ef","CHANGE_SIGNATURE","{Method new(ActionBarActivity) at app/src/main/java/com/github/pockethub/ui/FragmentPagerAdapter.java:44}","{Method new(AppCompatActivity) at app/src/main/java/com/github/pockethub/ui/FragmentPagerAdapter.java:44}","6","6"
"1813f2f097ec24271ff8399d7f50a16f3b2c4461"
"0219b7e781c3d4b67a51e5ff1464549f807aeb0b"
"b2204831346a722582e85e511e277aeaf44f9817"
"22a0d90ca97f0873f4f5bc9548198f252d0eb07e","EXTRACT","{Method onNavigationDrawerItemSelected(int) at app/src/main/java/com/github/pockethub/ui/MainActivity.java:173}","{Method getAccountManager() at app/src/main/java/com/github/pockethub/ui/MainActivity.java:215}","41","3"
"22a0d90ca97f0873f4f5bc9548198f252d0eb07e","EXTRACT","{Method onNavigationDrawerItemSelected(int) at app/src/main/java/com/github/pockethub/ui/MainActivity.java:173}","{Method putFragmentToContainer(Fragment, Bundle) at app/src/main/java/com/github/pockethub/ui/MainActivity.java:220}","41","5"
"d1274b38e3a776da9abd7e9c98d3731402732739"
"d876d91864211716e7c48745e4807f823309e260"
"b683af35fced4fa499cb5ecb323840c8cb3c60bc"
"8fd8adebc385fcb9ef15f23a5d75d292897e3690"
"f8a347f64ca18b50a525bf3c544a26bfcc288ceb"
"d3c15f1fc54294a82b3e9f977ba7b966eebd3f5d"
"5f96ef0efcba319cf669eb903a8a433b7ae8d454"
"504a8893467d76005b7630111bba47ff021d8d02"
"c417e5aaebb78943d3c8e01ef4b0ec267873c018"
"0d53f7503c6ae9670c4f16a92f642ad4d4b4fd03","CHANGE_SIGNATURE","{Method updateView(Event) at app/src/androidTest/java/com/github/pockethub/tests/NewsEventTextTest.java:106}","{Method updateView(GithubEvent) at app/src/androidTest/java/com/github/pockethub/tests/NewsEventTextTest.java:90}","7","7"
"3263b18934eb9e12d1346b7158111708008594d7","CHANGE_SIGNATURE","{Method compare(Repository, Repository) at app/src/main/java/com/github/pockethub/ui/repo/RecentRepositories.java:187}","{Method compare(Repo, Repo) at app/src/main/java/com/github/pockethub/ui/repo/RecentRepositories.java:187}","21","21"
"3263b18934eb9e12d1346b7158111708008594d7","CHANGE_SIGNATURE","{Method remove(Repository) at app/src/main/java/com/github/pockethub/ui/repo/RecentRepositories.java:117}","{Method remove(Repo) at app/src/main/java/com/github/pockethub/ui/repo/RecentRepositories.java:117}","3","3"
"3263b18934eb9e12d1346b7158111708008594d7","CHANGE_SIGNATURE","{Method add(Repository) at app/src/main/java/com/github/pockethub/ui/repo/RecentRepositories.java:92}","{Method add(Repo) at app/src/main/java/com/github/pockethub/ui/repo/RecentRepositories.java:92}","3","3"
"3263b18934eb9e12d1346b7158111708008594d7","CHANGE_SIGNATURE","{Method contains(Repository) at app/src/main/java/com/github/pockethub/ui/repo/RecentRepositories.java:170}","{Method contains(Repo) at app/src/main/java/com/github/pockethub/ui/repo/RecentRepositories.java:170}","3","3"
"c8755168c7a3914e34969c4657e6e1153cb07966","CHANGE_SIGNATURE","{Method update(int, Event) at app/src/main/java/com/github/pockethub/ui/user/IconAndViewTextManager.java:385}","{Method update(int, GithubEvent) at app/src/main/java/com/github/pockethub/ui/user/IconAndViewTextManager.java:380}","21","21"
"c8755168c7a3914e34969c4657e6e1153cb07966","CHANGE_SIGNATURE","{Method formatFork(Event, StyledText, StyledText) at app/src/main/java/com/github/pockethub/ui/user/IconAndViewTextManager.java:174}","{Method formatFork(GithubEvent, StyledText, StyledText) at app/src/main/java/com/github/pockethub/ui/user/IconAndViewTextManager.java:172}","5","5"
"c8755168c7a3914e34969c4657e6e1153cb07966","CHANGE_SIGNATURE","{Method generateIconAndFormatStyledText(IconAndViewTextManager, Event, StyledText, StyledText) at app/src/main/java/com/github/pockethub/ui/user/EventType.java:139}","{Method generateIconAndFormatStyledText(IconAndViewTextManager, GithubEvent, StyledText, StyledText) at app/src/main/java/com/github/pockethub/ui/user/EventType.java:144}","1","1"
"c8755168c7a3914e34969c4657e6e1153cb07966","CHANGE_SIGNATURE","{Method formatWiki(Event, StyledText, StyledText) at app/src/main/java/com/github/pockethub/ui/user/IconAndViewTextManager.java:199}","{Method formatWiki(GithubEvent, StyledText, StyledText) at app/src/main/java/com/github/pockethub/ui/user/IconAndViewTextManager.java:197}","5","5"
"c8755168c7a3914e34969c4657e6e1153cb07966","CHANGE_SIGNATURE","{Method generateIconAndFormatStyledText(IconAndViewTextManager, Event, StyledText, StyledText) at app/src/main/java/com/github/pockethub/ui/user/EventType.java:54}","{Method generateIconAndFormatStyledText(IconAndViewTextManager, GithubEvent, StyledText, StyledText) at app/src/main/java/com/github/pockethub/ui/user/EventType.java:56}","4","4"
"c8755168c7a3914e34969c4657e6e1153cb07966","CHANGE_SIGNATURE","{Method generateIconAndFormatStyledText(IconAndViewTextManager, Event, StyledText, StyledText) at app/src/main/java/com/github/pockethub/ui/user/EventType.java:61}","{Method generateIconAndFormatStyledText(IconAndViewTextManager, GithubEvent, StyledText, StyledText) at app/src/main/java/com/github/pockethub/ui/user/EventType.java:63}","4","4"
"c8755168c7a3914e34969c4657e6e1153cb07966","CHANGE_SIGNATURE","{Method generateIconAndFormatStyledText(IconAndViewTextManager, Event, StyledText, StyledText) at app/src/main/java/com/github/pockethub/ui/user/EventType.java:75}","{Method generateIconAndFormatStyledText(IconAndViewTextManager, GithubEvent, StyledText, StyledText) at app/src/main/java/com/github/pockethub/ui/user/EventType.java:77}","12","16"
"c8755168c7a3914e34969c4657e6e1153cb07966","CHANGE_SIGNATURE","{Method generateIconAndFormatStyledText(IconAndViewTextManager, Event, StyledText, StyledText) at app/src/main/java/com/github/pockethub/ui/user/EventType.java:12}","{Method generateIconAndFormatStyledText(IconAndViewTextManager, GithubEvent, StyledText, StyledText) at app/src/main/java/com/github/pockethub/ui/user/EventType.java:14}","4","4"
"c8755168c7a3914e34969c4657e6e1153cb07966","CHANGE_SIGNATURE","{Method setIconAndFormatStyledText(Event, StyledText, StyledText) at app/src/main/java/com/github/pockethub/ui/user/IconAndViewTextManager.java:407}","{Method setIconAndFormatStyledText(GithubEvent, StyledText, StyledText) at app/src/main/java/com/github/pockethub/ui/user/IconAndViewTextManager.java:402}","4","4"
"c8755168c7a3914e34969c4657e6e1153cb07966","CHANGE_SIGNATURE","{Method formatPullRequest(Event, StyledText, StyledText) at app/src/main/java/com/github/pockethub/ui/user/IconAndViewTextManager.java:283}","{Method formatPullRequest(GithubEvent, StyledText, StyledText) at app/src/main/java/com/github/pockethub/ui/user/IconAndViewTextManager.java:279}","24","24"
"c8755168c7a3914e34969c4657e6e1153cb07966","CHANGE_SIGNATURE","{Method formatWatch(Event, StyledText, StyledText) at app/src/main/java/com/github/pockethub/ui/user/IconAndViewTextManager.java:265}","{Method formatWatch(GithubEvent, StyledText, StyledText) at app/src/main/java/com/github/pockethub/ui/user/IconAndViewTextManager.java:262}","5","5"
"c8755168c7a3914e34969c4657e6e1153cb07966","CHANGE_SIGNATURE","{Method boldActor(StyledText, Event) at app/src/main/java/com/github/pockethub/ui/user/IconAndViewTextManager.java:81}","{Method boldActor(StyledText, GithubEvent) at app/src/main/java/com/github/pockethub/ui/user/IconAndViewTextManager.java:80}","3","3"
"c8755168c7a3914e34969c4657e6e1153cb07966","CHANGE_SIGNATURE","{Method formatReviewComment(Event, StyledText, StyledText) at app/src/main/java/com/github/pockethub/ui/user/IconAndViewTextManager.java:272}","{Method formatReviewComment(GithubEvent, StyledText, StyledText) at app/src/main/java/com/github/pockethub/ui/user/IconAndViewTextManager.java:269}","9","8"
"c8755168c7a3914e34969c4657e6e1153cb07966","CHANGE_SIGNATURE","{Method generateIconAndFormatStyledText(IconAndViewTextManager, Event, StyledText, StyledText) at app/src/main/java/com/github/pockethub/ui/user/EventType.java:47}","{Method generateIconAndFormatStyledText(IconAndViewTextManager, GithubEvent, StyledText, StyledText) at app/src/main/java/com/github/pockethub/ui/user/EventType.java:49}","4","4"
"c8755168c7a3914e34969c4657e6e1153cb07966","CHANGE_SIGNATURE","{Method formatFollow(Event, StyledText, StyledText) at app/src/main/java/com/github/pockethub/ui/user/IconAndViewTextManager.java:167}","{Method formatFollow(GithubEvent, StyledText, StyledText) at app/src/main/java/com/github/pockethub/ui/user/IconAndViewTextManager.java:165}","5","5"
"c8755168c7a3914e34969c4657e6e1153cb07966","CHANGE_SIGNATURE","{Method generateIconAndFormatStyledText(IconAndViewTextManager, Event, StyledText, StyledText) at app/src/main/java/com/github/pockethub/ui/user/EventType.java:26}","{Method generateIconAndFormatStyledText(IconAndViewTextManager, GithubEvent, StyledText, StyledText) at app/src/main/java/com/github/pockethub/ui/user/EventType.java:28}","4","4"
"c8755168c7a3914e34969c4657e6e1153cb07966","CHANGE_SIGNATURE","{Method formatCreate(Event, StyledText, StyledText) at app/src/main/java/com/github/pockethub/ui/user/IconAndViewTextManager.java:136}","{Method formatCreate(GithubEvent, StyledText, StyledText) at app/src/main/java/com/github/pockethub/ui/user/IconAndViewTextManager.java:134}","15","15"
"c8755168c7a3914e34969c4657e6e1153cb07966","CHANGE_SIGNATURE","{Method generateIconAndFormatStyledText(IconAndViewTextManager, Event, StyledText, StyledText) at app/src/main/java/com/github/pockethub/ui/user/EventType.java:90}","{Method generateIconAndFormatStyledText(IconAndViewTextManager, GithubEvent, StyledText, StyledText) at app/src/main/java/com/github/pockethub/ui/user/EventType.java:96}","4","4"
"c8755168c7a3914e34969c4657e6e1153cb07966","CHANGE_SIGNATURE","{Method generateIconAndFormatStyledText(IconAndViewTextManager, Event, StyledText, StyledText) at app/src/main/java/com/github/pockethub/ui/user/EventType.java:40}","{Method generateIconAndFormatStyledText(IconAndViewTextManager, GithubEvent, StyledText, StyledText) at app/src/main/java/com/github/pockethub/ui/user/EventType.java:42}","4","4"
"c8755168c7a3914e34969c4657e6e1153cb07966","CHANGE_SIGNATURE","{Method formatPush(Event, StyledText, StyledText) at app/src/main/java/com/github/pockethub/ui/user/IconAndViewTextManager.java:309}","{Method formatPush(GithubEvent, StyledText, StyledText) at app/src/main/java/com/github/pockethub/ui/user/IconAndViewTextManager.java:305}","53","53"
"c8755168c7a3914e34969c4657e6e1153cb07966","CHANGE_SIGNATURE","{Method formatAddMember(Event, StyledText, StyledText) at app/src/main/java/com/github/pockethub/ui/user/IconAndViewTextManager.java:247}","{Method formatAddMember(GithubEvent, StyledText, StyledText) at app/src/main/java/com/github/pockethub/ui/user/IconAndViewTextManager.java:245}","9","8"
"c8755168c7a3914e34969c4657e6e1153cb07966","CHANGE_SIGNATURE","{Method formatDownload(Event, StyledText, StyledText) at app/src/main/java/com/github/pockethub/ui/user/IconAndViewTextManager.java:124}","{Method formatDownload(GithubEvent, StyledText, StyledText) at app/src/main/java/com/github/pockethub/ui/user/IconAndViewTextManager.java:122}","10","10"
"c8755168c7a3914e34969c4657e6e1153cb07966","CHANGE_SIGNATURE","{Method generateIconAndFormatStyledText(IconAndViewTextManager, Event, StyledText, StyledText) at app/src/main/java/com/github/pockethub/ui/user/EventType.java:19}","{Method generateIconAndFormatStyledText(IconAndViewTextManager, GithubEvent, StyledText, StyledText) at app/src/main/java/com/github/pockethub/ui/user/EventType.java:21}","4","4"
"c8755168c7a3914e34969c4657e6e1153cb07966","CHANGE_SIGNATURE","{Method boldRepoName(StyledText, Event) at app/src/main/java/com/github/pockethub/ui/user/IconAndViewTextManager.java:99}","{Method boldRepoName(StyledText, GithubEvent) at app/src/main/java/com/github/pockethub/ui/user/IconAndViewTextManager.java:98}","12","12"
"c8755168c7a3914e34969c4657e6e1153cb07966","CHANGE_SIGNATURE","{Method formatIssueComment(Event, StyledText, StyledText) at app/src/main/java/com/github/pockethub/ui/user/IconAndViewTextManager.java:206}","{Method formatIssueComment(GithubEvent, StyledText, StyledText) at app/src/main/java/com/github/pockethub/ui/user/IconAndViewTextManager.java:204}","21","21"
"c8755168c7a3914e34969c4657e6e1153cb07966","CHANGE_SIGNATURE","{Method formatDelete(Event, StyledText, StyledText) at app/src/main/java/com/github/pockethub/ui/user/IconAndViewTextManager.java:153}","{Method formatDelete(GithubEvent, StyledText, StyledText) at app/src/main/java/com/github/pockethub/ui/user/IconAndViewTextManager.java:151}","12","12"
"c8755168c7a3914e34969c4657e6e1153cb07966","CHANGE_SIGNATURE","{Method generateIconAndFormatStyledText(IconAndViewTextManager, Event, StyledText, StyledText) at app/src/main/java/com/github/pockethub/ui/user/EventType.java:118}","{Method generateIconAndFormatStyledText(IconAndViewTextManager, GithubEvent, StyledText, StyledText) at app/src/main/java/com/github/pockethub/ui/user/EventType.java:124}","4","4"
"c8755168c7a3914e34969c4657e6e1153cb07966","CHANGE_SIGNATURE","{Method generateIconAndFormatStyledText(IconAndViewTextManager, Event, StyledText, StyledText) at app/src/main/java/com/github/pockethub/ui/user/EventType.java:111}","{Method generateIconAndFormatStyledText(IconAndViewTextManager, GithubEvent, StyledText, StyledText) at app/src/main/java/com/github/pockethub/ui/user/EventType.java:117}","4","4"
"c8755168c7a3914e34969c4657e6e1153cb07966","CHANGE_SIGNATURE","{Method generateIconAndFormatStyledText(IconAndViewTextManager, Event, StyledText, StyledText) at app/src/main/java/com/github/pockethub/ui/user/EventType.java:132}","{Method generateIconAndFormatStyledText(IconAndViewTextManager, GithubEvent, StyledText, StyledText) at app/src/main/java/com/github/pockethub/ui/user/EventType.java:138}","4","4"
"c8755168c7a3914e34969c4657e6e1153cb07966","CHANGE_SIGNATURE","{Method formatIssues(Event, StyledText, StyledText) at app/src/main/java/com/github/pockethub/ui/user/IconAndViewTextManager.java:229}","{Method formatIssues(GithubEvent, StyledText, StyledText) at app/src/main/java/com/github/pockethub/ui/user/IconAndViewTextManager.java:227}","16","16"
"c8755168c7a3914e34969c4657e6e1153cb07966","CHANGE_SIGNATURE","{Method formatTeamAdd(Event, StyledText, StyledText) at app/src/main/java/com/github/pockethub/ui/user/IconAndViewTextManager.java:364}","{Method formatTeamAdd(GithubEvent, StyledText, StyledText) at app/src/main/java/com/github/pockethub/ui/user/IconAndViewTextManager.java:360}","20","19"
"c8755168c7a3914e34969c4657e6e1153cb07966","CHANGE_SIGNATURE","{Method generateIconAndFormatStyledText(IconAndViewTextManager, Event, StyledText, StyledText) at app/src/main/java/com/github/pockethub/ui/user/EventType.java:104}","{Method generateIconAndFormatStyledText(IconAndViewTextManager, GithubEvent, StyledText, StyledText) at app/src/main/java/com/github/pockethub/ui/user/EventType.java:110}","4","4"
"c8755168c7a3914e34969c4657e6e1153cb07966","CHANGE_SIGNATURE","{Method formatGist(Event, StyledText, StyledText) at app/src/main/java/com/github/pockethub/ui/user/IconAndViewTextManager.java:181}","{Method formatGist(GithubEvent, StyledText, StyledText) at app/src/main/java/com/github/pockethub/ui/user/IconAndViewTextManager.java:179}","16","16"
"c8755168c7a3914e34969c4657e6e1153cb07966","CHANGE_SIGNATURE","{Method boldRepo(StyledText, Event) at app/src/main/java/com/github/pockethub/ui/user/IconAndViewTextManager.java:91}","{Method boldRepo(StyledText, GithubEvent) at app/src/main/java/com/github/pockethub/ui/user/IconAndViewTextManager.java:90}","6","6"
"c8755168c7a3914e34969c4657e6e1153cb07966","CHANGE_SIGNATURE","{Method generateIconAndFormatStyledText(IconAndViewTextManager, Event, StyledText, StyledText) at app/src/main/java/com/github/pockethub/ui/user/EventType.java:33}","{Method generateIconAndFormatStyledText(IconAndViewTextManager, GithubEvent, StyledText, StyledText) at app/src/main/java/com/github/pockethub/ui/user/EventType.java:35}","4","4"
"c8755168c7a3914e34969c4657e6e1153cb07966","CHANGE_SIGNATURE","{Method generateIconAndFormatStyledText(IconAndViewTextManager, Event, StyledText, StyledText) at app/src/main/java/com/github/pockethub/ui/user/EventType.java:125}","{Method generateIconAndFormatStyledText(IconAndViewTextManager, GithubEvent, StyledText, StyledText) at app/src/main/java/com/github/pockethub/ui/user/EventType.java:131}","4","4"
"c8755168c7a3914e34969c4657e6e1153cb07966","CHANGE_SIGNATURE","{Method appendComment(StyledText, Comment) at app/src/main/java/com/github/pockethub/ui/user/IconAndViewTextManager.java:49}","{Method appendComment(StyledText, GithubComment) at app/src/main/java/com/github/pockethub/ui/user/IconAndViewTextManager.java:48}","4","4"
"c8755168c7a3914e34969c4657e6e1153cb07966","CHANGE_SIGNATURE","{Method generateIconAndFormatStyledText(IconAndViewTextManager, Event, StyledText, StyledText) at app/src/main/java/com/github/pockethub/ui/user/EventType.java:97}","{Method generateIconAndFormatStyledText(IconAndViewTextManager, GithubEvent, StyledText, StyledText) at app/src/main/java/com/github/pockethub/ui/user/EventType.java:103}","4","4"
"c8755168c7a3914e34969c4657e6e1153cb07966","CHANGE_SIGNATURE","{Method formatPublic(Event, StyledText, StyledText) at app/src/main/java/com/github/pockethub/ui/user/IconAndViewTextManager.java:258}","{Method formatPublic(GithubEvent, StyledText, StyledText) at app/src/main/java/com/github/pockethub/ui/user/IconAndViewTextManager.java:255}","5","5"
"c8755168c7a3914e34969c4657e6e1153cb07966","CHANGE_SIGNATURE","{Method generateIconAndFormatStyledText(IconAndViewTextManager, Event, StyledText, StyledText) at app/src/main/java/com/github/pockethub/ui/user/EventType.java:68}","{Method generateIconAndFormatStyledText(IconAndViewTextManager, GithubEvent, StyledText, StyledText) at app/src/main/java/com/github/pockethub/ui/user/EventType.java:70}","4","4"
"c8755168c7a3914e34969c4657e6e1153cb07966","CHANGE_SIGNATURE","{Method formatCommitComment(Event, StyledText, StyledText) at app/src/main/java/com/github/pockethub/ui/user/IconAndViewTextManager.java:113}","{Method formatCommitComment(GithubEvent, StyledText, StyledText) at app/src/main/java/com/github/pockethub/ui/user/IconAndViewTextManager.java:112}","9","8"
"999bccbc96e0ec641d74e99079367fc56b340d8d","CHANGE_SIGNATURE","{Method new(String, int, User) at app/src/main/java/com/github/pockethub/ui/NavigationDrawerObject.java:22}","{Method new(String, int, Organization) at app/src/main/java/com/github/pockethub/ui/NavigationDrawerObject.java:22}","6","6"
"6611511d7a8efba3a1db960a64628e4d9066d554","INTERNAL_MOVE","{Method compare(Milestone, Milestone) at app/src/main/java/com/github/pockethub/ui/issue/MilestoneDialog.java:93}","{Method compare(Milestone, Milestone) at app/src/main/java/com/github/pockethub/ui/issue/MilestoneDialog.java:93}","4","4"
"6611511d7a8efba3a1db960a64628e4d9066d554","CHANGE_SIGNATURE","{Method load(Reference) at app/src/main/java/com/github/pockethub/ui/ref/RefDialog.java:71}","{Method load(GitReference) at app/src/main/java/com/github/pockethub/ui/ref/RefDialog.java:68}","38","50"
"6611511d7a8efba3a1db960a64628e4d9066d554","RENAME","{Method run(Account) at app/src/main/java/com/github/pockethub/ui/issue/AssigneeDialog.java:74}","{Method onResponseOk(List, Response) at app/src/main/java/com/github/pockethub/ui/issue/AssigneeDialog.java:79}","9","10"
"6611511d7a8efba3a1db960a64628e4d9066d554","CHANGE_SIGNATURE","{Method new(DialogFragmentActivity, int, IRepositoryIdProvider, DataService) at app/src/main/java/com/github/pockethub/ui/ref/RefDialog.java:64}","{Method new(DialogFragmentActivity, int, Repo) at app/src/main/java/com/github/pockethub/ui/ref/RefDialog.java:62}","6","5"
"6611511d7a8efba3a1db960a64628e4d9066d554","CHANGE_SIGNATURE","{Method new(DialogFragmentActivity, int, IRepositoryIdProvider, CollaboratorService) at app/src/main/java/com/github/pockethub/ui/issue/AssigneeDialog.java:63}","{Method new(DialogFragmentActivity, int, Repo) at app/src/main/java/com/github/pockethub/ui/issue/AssigneeDialog.java:67}","6","6"
"6611511d7a8efba3a1db960a64628e4d9066d554","CHANGE_SIGNATURE","{Method onEditComment(Comment) at app/src/main/java/com/github/pockethub/ui/comment/EditCommentListener.java:30}","{Method onEditComment(GithubComment) at app/src/main/java/com/github/pockethub/ui/comment/EditCommentListener.java:32}","1","1"
"6611511d7a8efba3a1db960a64628e4d9066d554","CHANGE_SIGNATURE","{Method onDeleteComment(Comment) at app/src/main/java/com/github/pockethub/ui/comment/DeleteCommentListener.java:30}","{Method onDeleteComment(GithubComment) at app/src/main/java/com/github/pockethub/ui/comment/DeleteCommentListener.java:32}","1","1"
"6611511d7a8efba3a1db960a64628e4d9066d554","CHANGE_SIGNATURE","{Method show(Reference) at app/src/main/java/com/github/pockethub/ui/ref/RefDialog.java:115}","{Method show(GitReference) at app/src/main/java/com/github/pockethub/ui/ref/RefDialog.java:124}","26","26"
"6611511d7a8efba3a1db960a64628e4d9066d554","RENAME","{Method run(Account) at app/src/main/java/com/github/pockethub/ui/issue/LabelsDialog.java:77}","{Method onResponseOk(List, Response) at app/src/main/java/com/github/pockethub/ui/issue/LabelsDialog.java:79}","9","10"
"6611511d7a8efba3a1db960a64628e4d9066d554","CHANGE_SIGNATURE","{Method new(DialogFragmentActivity, int, IRepositoryIdProvider, MilestoneService) at app/src/main/java/com/github/pockethub/ui/issue/MilestoneDialog.java:65}","{Method new(DialogFragmentActivity, int, Repo) at app/src/main/java/com/github/pockethub/ui/issue/MilestoneDialog.java:69}","6","6"
"6611511d7a8efba3a1db960a64628e4d9066d554","CHANGE_SIGNATURE","{Method new(DialogFragmentActivity, int, IRepositoryIdProvider, LabelService) at app/src/main/java/com/github/pockethub/ui/issue/LabelsDialog.java:66}","{Method new(DialogFragmentActivity, int, Repo) at app/src/main/java/com/github/pockethub/ui/issue/LabelsDialog.java:67}","6","6"
"a23f58522dfd1214ab935d4d9b832142d3f5f248","CHANGE_SIGNATURE","{Method createIntent(Issue, Repository) at app/src/main/java/com/github/pockethub/ui/issue/IssuesViewActivity.java:86}","{Method createIntent(Issue, Repo) at app/src/main/java/com/github/pockethub/ui/issue/IssuesViewActivity.java:91}","3","3"
"a23f58522dfd1214ab935d4d9b832142d3f5f248","RENAME","{Method onException(Exception) at app/src/main/java/com/github/pockethub/ui/repo/RepositoryViewActivity.java:125}","{Method onFail(RetrofitError) at app/src/main/java/com/github/pockethub/ui/repo/RepositoryViewActivity.java:121}","6","4"
"a23f58522dfd1214ab935d4d9b832142d3f5f248","RENAME","{Method onSuccess(Boolean) at app/src/main/java/com/github/pockethub/ui/user/UserViewActivity.java:236}","{Method onCheckFollowUser(String, boolean) at app/src/main/java/com/github/pockethub/ui/user/UserViewActivity.java:237}","7","5"
"a23f58522dfd1214ab935d4d9b832142d3f5f248","CHANGE_SIGNATURE","{Method createIntent(Repository) at app/src/main/java/com/github/pockethub/ui/issue/EditIssueActivity.java:76}","{Method createIntent(Repo) at app/src/main/java/com/github/pockethub/ui/issue/EditIssueActivity.java:77}","4","4"
"a23f58522dfd1214ab935d4d9b832142d3f5f248","CHANGE_SIGNATURE","{Method createIntent(Gist, Comment) at app/src/main/java/com/github/pockethub/ui/gist/EditCommentActivity.java:44}","{Method createIntent(Gist, GithubComment) at app/src/main/java/com/github/pockethub/ui/gist/EditCommentActivity.java:44}","6","6"
"a23f58522dfd1214ab935d4d9b832142d3f5f248","CHANGE_SIGNATURE","{Method createIntent(Repository) at app/src/main/java/com/github/pockethub/ui/repo/RepositoryViewActivity.java:78}","{Method createIntent(Repo) at app/src/main/java/com/github/pockethub/ui/repo/RepositoryViewActivity.java:76}","3","3"
"a23f58522dfd1214ab935d4d9b832142d3f5f248","EXTRACT_MOVE","{Method checkCollaboratorStatus() at app/src/main/java/com/github/pockethub/ui/issue/IssuesViewActivity.java:350}","{Method onCheckUserIsCollaborator(String, boolean) at app/src/main/java/com/github/pockethub/ui/issue/IssuesViewActivity.java:354}","25","5"
"a23f58522dfd1214ab935d4d9b832142d3f5f248","CHANGE_SIGNATURE","{Method createIntent(Repository, int, Collection) at app/src/main/java/com/github/pockethub/ui/commit/CommitViewActivity.java:69}","{Method createIntent(Repo, int, Collection) at app/src/main/java/com/github/pockethub/ui/commit/CommitViewActivity.java:69}","7","7"
"a23f58522dfd1214ab935d4d9b832142d3f5f248","CHANGE_SIGNATURE","{Method createIntent(Repository, String, String) at app/src/main/java/com/github/pockethub/ui/commit/CommitCompareViewActivity.java:53}","{Method createIntent(Repo, String, String) at app/src/main/java/com/github/pockethub/ui/commit/CommitCompareViewActivity.java:54}","7","7"
"a23f58522dfd1214ab935d4d9b832142d3f5f248","RENAME","{Method onException(Exception) at app/src/main/java/com/github/pockethub/ui/commit/CommitFileViewActivity.java:294}","{Method onFail(RetrofitError) at app/src/main/java/com/github/pockethub/ui/commit/CommitFileViewActivity.java:297}","10","8"
"a23f58522dfd1214ab935d4d9b832142d3f5f248","RENAME","{Method onSuccess(Void) at app/src/main/java/com/github/pockethub/ui/repo/RepositoryViewActivity.java:334}","{Method onResponseOk(Response, Response) at app/src/main/java/com/github/pockethub/ui/repo/RepositoryViewActivity.java:322}","5","4"
"a23f58522dfd1214ab935d4d9b832142d3f5f248","CHANGE_SIGNATURE","{Method onSuccess(Blob) at app/src/main/java/com/github/pockethub/ui/ref/BranchFileViewActivity.java:269}","{Method onSuccess(GitBlob) at app/src/main/java/com/github/pockethub/ui/ref/BranchFileViewActivity.java:269}","20","20"
"a23f58522dfd1214ab935d4d9b832142d3f5f248","CHANGE_SIGNATURE","{Method finish(Comment) at app/src/main/java/com/github/pockethub/ui/comment/CreateCommentActivity.java:92}","{Method finish(GithubComment) at app/src/main/java/com/github/pockethub/ui/comment/CreateCommentActivity.java:93}","6","6"
"a23f58522dfd1214ab935d4d9b832142d3f5f248","CHANGE_SIGNATURE","{Method createIntent(Repository) at app/src/main/java/com/github/pockethub/ui/repo/RepositoryContributorsActivity.java:46}","{Method createIntent(Repo) at app/src/main/java/com/github/pockethub/ui/repo/RepositoryContributorsActivity.java:45}","3","3"
"a23f58522dfd1214ab935d4d9b832142d3f5f248","CHANGE_SIGNATURE","{Method createIntent(RepositoryId, int, User) at app/src/main/java/com/github/pockethub/ui/issue/CreateCommentActivity.java:50}","{Method createIntent(Repo, int, User) at app/src/main/java/com/github/pockethub/ui/issue/CreateCommentActivity.java:58}","7","7"
"a23f58522dfd1214ab935d4d9b832142d3f5f248","RENAME","{Method onException(Exception) at app/src/main/java/com/github/pockethub/ui/user/UserViewActivity.java:204}","{Method onFail(RetrofitError) at app/src/main/java/com/github/pockethub/ui/user/UserViewActivity.java:208}","6","4"
"a23f58522dfd1214ab935d4d9b832142d3f5f248","CHANGE_SIGNATURE","{Method createIntent(Repository, int, final...) at app/src/main/java/com/github/pockethub/ui/commit/CommitViewActivity.java:86}","{Method createIntent(Repo, int, final...) at app/src/main/java/com/github/pockethub/ui/commit/CommitViewActivity.java:86}","7","7"
"a23f58522dfd1214ab935d4d9b832142d3f5f248","RENAME","{Method getSerializableExtra(String) at app/src/main/java/com/github/pockethub/ui/DialogFragmentActivity.java:50}","{Method getParcelableExtra(String) at app/src/main/java/com/github/pockethub/ui/DialogFragmentActivity.java:51}","3","3"
"a23f58522dfd1214ab935d4d9b832142d3f5f248","RENAME","{Method onException(Exception) at app/src/main/java/com/github/pockethub/ui/repo/RepositoryViewActivity.java:341}","{Method onFail(RetrofitError) at app/src/main/java/com/github/pockethub/ui/repo/RepositoryViewActivity.java:328}","5","3"
"a23f58522dfd1214ab935d4d9b832142d3f5f248","RENAME","{Method onException(Exception) at app/src/main/java/com/github/pockethub/ui/user/UserViewActivity.java:102}","{Method onFail(RetrofitError) at app/src/main/java/com/github/pockethub/ui/user/UserViewActivity.java:109}","7","5"
"a23f58522dfd1214ab935d4d9b832142d3f5f248","CHANGE_SIGNATURE","{Method createIntent(Repository, String, String, int) at app/src/main/java/com/github/pockethub/ui/commit/CreateCommentActivity.java:62}","{Method createIntent(Repo, String, String, int) at app/src/main/java/com/github/pockethub/ui/commit/CreateCommentActivity.java:64}","8","8"
"a23f58522dfd1214ab935d4d9b832142d3f5f248","CHANGE_SIGNATURE","{Method createIntent(Repository, String) at app/src/main/java/com/github/pockethub/ui/commit/CommitViewActivity.java:56}","{Method createIntent(Repo, String) at app/src/main/java/com/github/pockethub/ui/commit/CommitViewActivity.java:56}","3","3"
"a23f58522dfd1214ab935d4d9b832142d3f5f248","CHANGE_SIGNATURE","{Method createIntent(Collection, Repository, int) at app/src/main/java/com/github/pockethub/ui/issue/IssuesViewActivity.java:99}","{Method createIntent(Collection, Repo, int) at app/src/main/java/com/github/pockethub/ui/issue/IssuesViewActivity.java:104}","14","14"
"a23f58522dfd1214ab935d4d9b832142d3f5f248","RENAME","{Method onException(Exception) at app/src/main/java/com/github/pockethub/ui/user/UserViewActivity.java:222}","{Method onFail(RetrofitError) at app/src/main/java/com/github/pockethub/ui/user/UserViewActivity.java:223}","6","4"
"a23f58522dfd1214ab935d4d9b832142d3f5f248","CHANGE_SIGNATURE","{Method createIntent(Repository, String, String, String) at app/src/main/java/com/github/pockethub/ui/ref/BranchFileViewActivity.java:80}","{Method createIntent(Repo, String, String, String) at app/src/main/java/com/github/pockethub/ui/ref/BranchFileViewActivity.java:80}","8","8"
"a23f58522dfd1214ab935d4d9b832142d3f5f248","CHANGE_SIGNATURE","{Method createIntent(Repository, String) at app/src/main/java/com/github/pockethub/ui/commit/CreateCommentActivity.java:48}","{Method createIntent(Repo, String) at app/src/main/java/com/github/pockethub/ui/commit/CreateCommentActivity.java:50}","3","3"
"a23f58522dfd1214ab935d4d9b832142d3f5f248","CHANGE_SIGNATURE","{Method onSuccess(Comment) at app/src/main/java/com/github/pockethub/ui/issue/EditCommentActivity.java:99}","{Method onSuccess(GithubComment) at app/src/main/java/com/github/pockethub/ui/issue/EditCommentActivity.java:98}","5","5"
"a23f58522dfd1214ab935d4d9b832142d3f5f248","CHANGE_SIGNATURE","{Method createIntent(Repository, String, CommitFile) at app/src/main/java/com/github/pockethub/ui/commit/CommitFileViewActivity.java:79}","{Method createIntent(Repo, String, CommitFile) at app/src/main/java/com/github/pockethub/ui/commit/CommitFileViewActivity.java:85}","8","8"
"a23f58522dfd1214ab935d4d9b832142d3f5f248","RENAME","{Method onSuccess(Blob) at app/src/main/java/com/github/pockethub/ui/commit/CommitFileViewActivity.java:269}","{Method onResponseOk(GitBlob, Response) at app/src/main/java/com/github/pockethub/ui/commit/CommitFileViewActivity.java:274}","23","21"
"a23f58522dfd1214ab935d4d9b832142d3f5f248","CHANGE_SIGNATURE","{Method createIntent(RepositoryId, int, Comment, User) at app/src/main/java/com/github/pockethub/ui/issue/EditCommentActivity.java:51}","{Method createIntent(Repo, int, GithubComment, User) at app/src/main/java/com/github/pockethub/ui/issue/EditCommentActivity.java:53}","8","8"
"a23f58522dfd1214ab935d4d9b832142d3f5f248","CHANGE_SIGNATURE","{Method onSuccess(Comment) at app/src/main/java/com/github/pockethub/ui/gist/EditCommentActivity.java:87}","{Method onSuccess(GithubComment) at app/src/main/java/com/github/pockethub/ui/gist/EditCommentActivity.java:85}","5","5"
"6a8ae72718850a5cbdd1eb337c4498ce0bda5b01","CHANGE_SIGNATURE","{Method onDeleteComment(Comment) at app/src/main/java/com/github/pockethub/ui/gist/GistFragment.java:493}","{Method onDeleteComment(GithubComment) at app/src/main/java/com/github/pockethub/ui/gist/GistFragment.java:491}","11","11"
"6a8ae72718850a5cbdd1eb337c4498ce0bda5b01","CHANGE_SIGNATURE","{Method register(RepositoryIssue) at app/src/main/java/com/github/pockethub/ui/issue/DashboardIssueFragment.java:92}","{Method register(Issue) at app/src/main/java/com/github/pockethub/ui/issue/DashboardIssueFragment.java:94}","3","3"
"6a8ae72718850a5cbdd1eb337c4498ce0bda5b01","CHANGE_SIGNATURE","{Method getId(RepositoryIssue) at app/src/main/java/com/github/pockethub/ui/issue/DashboardIssueFragment.java:97}","{Method getId(Issue) at app/src/main/java/com/github/pockethub/ui/issue/DashboardIssueFragment.java:99}","3","3"
"6a8ae72718850a5cbdd1eb337c4498ce0bda5b01","CHANGE_SIGNATURE","{Method onDeleteComment(Comment) at app/src/main/java/com/github/pockethub/ui/issue/IssueFragment.java:699}","{Method onDeleteComment(GithubComment) at app/src/main/java/com/github/pockethub/ui/issue/IssueFragment.java:672}","11","11"
"6a8ae72718850a5cbdd1eb337c4498ce0bda5b01","CHANGE_SIGNATURE","{Method addCommitDetails(RepositoryCommit) at app/src/main/java/com/github/pockethub/ui/commit/CommitDiffListFragment.java:278}","{Method addCommitDetails(Commit) at app/src/main/java/com/github/pockethub/ui/commit/CommitDiffListFragment.java:280}","38","38"
"6a8ae72718850a5cbdd1eb337c4498ce0bda5b01","CHANGE_SIGNATURE","{Method register(RepositoryCommit) at app/src/main/java/com/github/pockethub/ui/commit/CommitListFragment.java:152}","{Method register(Commit) at app/src/main/java/com/github/pockethub/ui/commit/CommitListFragment.java:148}","11","11"
"6a8ae72718850a5cbdd1eb337c4498ce0bda5b01","CHANGE_SIGNATURE","{Method onEditComment(Comment) at app/src/main/java/com/github/pockethub/ui/issue/IssueFragment.java:689}","{Method onEditComment(GithubComment) at app/src/main/java/com/github/pockethub/ui/issue/IssueFragment.java:662}","4","4"
"6a8ae72718850a5cbdd1eb337c4498ce0bda5b01","EXTRACT","{Method onAttach(Activity) at app/src/main/java/com/github/pockethub/ui/search/SearchRepositoryListFragment.java:63}","{Method start() at app/src/main/java/com/github/pockethub/ui/search/SearchRepositoryListFragment.java:100}","5","4"
"6a8ae72718850a5cbdd1eb337c4498ce0bda5b01","CHANGE_SIGNATURE","{Method new(LayoutInflater, Reference[], int) at app/src/main/java/com/github/pockethub/ui/ref/RefDialogFragment.java:52}","{Method new(LayoutInflater, GitReference[], int) at app/src/main/java/com/github/pockethub/ui/ref/RefDialogFragment.java:51}","6","6"
"6a8ae72718850a5cbdd1eb337c4498ce0bda5b01","CHANGE_SIGNATURE","{Method addDiffStats(RepositoryCommit, LayoutInflater) at app/src/main/java/com/github/pockethub/ui/commit/CommitDiffListFragment.java:317}","{Method addDiffStats(Commit, LayoutInflater) at app/src/main/java/com/github/pockethub/ui/commit/CommitDiffListFragment.java:319}","7","7"
"6a8ae72718850a5cbdd1eb337c4498ce0bda5b01","CHANGE_SIGNATURE","{Method viewRepository(Repository) at app/src/main/java/com/github/pockethub/ui/user/UserNewsFragment.java:71}","{Method viewRepository(Repo) at app/src/main/java/com/github/pockethub/ui/user/UserNewsFragment.java:71}","7","7"
"6a8ae72718850a5cbdd1eb337c4498ce0bda5b01","CHANGE_SIGNATURE","{Method onSuccess(Comment) at app/src/main/java/com/github/pockethub/ui/gist/GistFragment.java:456}","{Method onSuccess(GithubComment) at app/src/main/java/com/github/pockethub/ui/gist/GistFragment.java:454}","17","17"
"6a8ae72718850a5cbdd1eb337c4498ce0bda5b01","RENAME","{Method getSerializableExtra(String) at app/src/main/java/com/github/pockethub/ui/DialogFragment.java:60}","{Method getParcelableExtra(String) at app/src/main/java/com/github/pockethub/ui/DialogFragment.java:61}","7","7"
"6a8ae72718850a5cbdd1eb337c4498ce0bda5b01","CHANGE_SIGNATURE","{Method onSuccess(Repository) at app/src/main/java/com/github/pockethub/ui/search/SearchRepositoryListFragment.java:92}","{Method onSuccess(Repo) at app/src/main/java/com/github/pockethub/ui/search/SearchRepositoryListFragment.java:120}","5","5"
"6a8ae72718850a5cbdd1eb337c4498ce0bda5b01","CHANGE_SIGNATURE","{Method updateList(RepositoryCommitCompare) at app/src/main/java/com/github/pockethub/ui/commit/CommitCompareListFragment.java:152}","{Method updateList(CompareCommit) at app/src/main/java/com/github/pockethub/ui/commit/CommitCompareListFragment.java:146}","41","41"
"6a8ae72718850a5cbdd1eb337c4498ce0bda5b01","CHANGE_SIGNATURE","{Method compare(Comment, Comment) at app/src/main/java/com/github/pockethub/ui/issue/IssueFragment.java:619}","{Method compare(GithubComment, GithubComment) at app/src/main/java/com/github/pockethub/ui/issue/IssueFragment.java:592}","3","3"
"6a8ae72718850a5cbdd1eb337c4498ce0bda5b01","CHANGE_SIGNATURE","{Method compare(Comment, Comment) at app/src/main/java/com/github/pockethub/ui/gist/GistFragment.java:351}","{Method compare(GithubComment, GithubComment) at app/src/main/java/com/github/pockethub/ui/gist/GistFragment.java:352}","4","3"
"6a8ae72718850a5cbdd1eb337c4498ce0bda5b01","CHANGE_SIGNATURE","{Method setOrg(User) at app/src/main/java/com/github/pockethub/ui/user/HomePagerFragment.java:34}","{Method setOrg(Organization) at app/src/main/java/com/github/pockethub/ui/user/HomePagerFragment.java:41}","7","6"
"6a8ae72718850a5cbdd1eb337c4498ce0bda5b01","CHANGE_SIGNATURE","{Method compare(Comment, Comment) at app/src/main/java/com/github/pockethub/ui/issue/IssueFragment.java:544}","{Method compare(GithubComment, GithubComment) at app/src/main/java/com/github/pockethub/ui/issue/IssueFragment.java:518}","4","3"
"6a8ae72718850a5cbdd1eb337c4498ce0bda5b01","CHANGE_SIGNATURE","{Method setUp(int, DrawerLayout, NavigationDrawerAdapter, AvatarLoader, User) at app/src/main/java/com/github/pockethub/ui/NavigationDrawerFragment.java:102}","{Method setUp(int, DrawerLayout, NavigationDrawerAdapter, AvatarLoader, Organization) at app/src/main/java/com/github/pockethub/ui/NavigationDrawerFragment.java:102}","77","77"
"6a8ae72718850a5cbdd1eb337c4498ce0bda5b01","CHANGE_SIGNATURE","{Method viewIssue(Issue, Repository) at app/src/main/java/com/github/pockethub/ui/repo/RepositoryNewsFragment.java:71}","{Method viewIssue(Issue, Repo) at app/src/main/java/com/github/pockethub/ui/repo/RepositoryNewsFragment.java:83}","3","3"
"6a8ae72718850a5cbdd1eb337c4498ce0bda5b01","CHANGE_SIGNATURE","{Method viewRepository(Repository) at app/src/main/java/com/github/pockethub/ui/repo/RepositoryNewsFragment.java:65}","{Method viewRepository(Repo) at app/src/main/java/com/github/pockethub/ui/repo/RepositoryNewsFragment.java:77}","4","4"
"6a8ae72718850a5cbdd1eb337c4498ce0bda5b01","CHANGE_SIGNATURE","{Method update(int, Reference) at app/src/main/java/com/github/pockethub/ui/ref/RefDialogFragment.java:78}","{Method update(int, GitReference) at app/src/main/java/com/github/pockethub/ui/ref/RefDialogFragment.java:77}","8","8"
"6a8ae72718850a5cbdd1eb337c4498ce0bda5b01","CHANGE_SIGNATURE","{Method setText(String, IRepositoryIdProvider) at app/src/main/java/com/github/pockethub/ui/comment/RenderedCommentFragment.java:71}","{Method setText(String, Repo) at app/src/main/java/com/github/pockethub/ui/comment/RenderedCommentFragment.java:72}","9","9"
"6a8ae72718850a5cbdd1eb337c4498ce0bda5b01","RENAME","{Method afterTextChanged(Editable) at app/src/main/java/com/github/pockethub/ui/comment/RawCommentFragment.java:51}","{Method onTextChanged(CharSequence, int, int, int) at app/src/main/java/com/github/pockethub/ui/comment/RawCommentFragment.java:51}","5","5"
"6a8ae72718850a5cbdd1eb337c4498ce0bda5b01","CHANGE_SIGNATURE","{Method updateList(RepositoryCommit, List, List) at app/src/main/java/com/github/pockethub/ui/commit/CommitDiffListFragment.java:354}","{Method updateList(Commit, List, List) at app/src/main/java/com/github/pockethub/ui/commit/CommitDiffListFragment.java:356}","14","14"
"6a8ae72718850a5cbdd1eb337c4498ce0bda5b01","EXTRACT","{Method refresh() at app/src/main/java/com/github/pockethub/ui/search/SearchRepositoryListFragment.java:70}","{Method start() at app/src/main/java/com/github/pockethub/ui/search/SearchRepositoryListFragment.java:100}","5","4"
"6a8ae72718850a5cbdd1eb337c4498ce0bda5b01","CHANGE_SIGNATURE","{Method viewIssue(Issue, Repository) at app/src/main/java/com/github/pockethub/ui/NewsFragment.java:287}","{Method viewIssue(Issue, Repo) at app/src/main/java/com/github/pockethub/ui/NewsFragment.java:296}","6","6"
"6a8ae72718850a5cbdd1eb337c4498ce0bda5b01","CHANGE_SIGNATURE","{Method onEditComment(Comment) at app/src/main/java/com/github/pockethub/ui/gist/GistFragment.java:482}","{Method onEditComment(GithubComment) at app/src/main/java/com/github/pockethub/ui/gist/GistFragment.java:480}","5","5"
"6a8ae72718850a5cbdd1eb337c4498ce0bda5b01","CHANGE_SIGNATURE","{Method compare(SearchIssue, SearchIssue) at app/src/main/java/com/github/pockethub/ui/issue/SearchIssueListFragment.java:125}","{Method compare(Issue, Issue) at app/src/main/java/com/github/pockethub/ui/issue/SearchIssueListFragment.java:126}","3","3"
"6a8ae72718850a5cbdd1eb337c4498ce0bda5b01","CHANGE_SIGNATURE","{Method onSuccess(Comment) at app/src/main/java/com/github/pockethub/ui/issue/IssueFragment.java:538}","{Method onSuccess(GithubComment) at app/src/main/java/com/github/pockethub/ui/issue/IssueFragment.java:512}","16","15"
"6a8ae72718850a5cbdd1eb337c4498ce0bda5b01","CHANGE_SIGNATURE","{Method openPush(Event) at app/src/main/java/com/github/pockethub/ui/NewsFragment.java:227}","{Method openPush(GithubEvent) at app/src/main/java/com/github/pockethub/ui/NewsFragment.java:234}","24","26"
"6a8ae72718850a5cbdd1eb337c4498ce0bda5b01","CHANGE_SIGNATURE","{Method updateHeader(RepositoryCommit) at app/src/main/java/com/github/pockethub/ui/commit/CommitDiffListFragment.java:345}","{Method updateHeader(Commit) at app/src/main/java/com/github/pockethub/ui/commit/CommitDiffListFragment.java:347}","7","7"
"6a8ae72718850a5cbdd1eb337c4498ce0bda5b01","CHANGE_SIGNATURE","{Method setRef(Reference) at app/src/main/java/com/github/pockethub/ui/commit/CommitListFragment.java:236}","{Method setRef(GitReference) at app/src/main/java/com/github/pockethub/ui/commit/CommitListFragment.java:237}","5","5"
"6a8ae72718850a5cbdd1eb337c4498ce0bda5b01","CHANGE_SIGNATURE","{Method compare(Comment, Comment) at app/src/main/java/com/github/pockethub/ui/gist/GistFragment.java:463}","{Method compare(GithubComment, GithubComment) at app/src/main/java/com/github/pockethub/ui/gist/GistFragment.java:461}","4","4"
"6a8ae72718850a5cbdd1eb337c4498ce0bda5b01","CHANGE_SIGNATURE","{Method getId(Repository) at app/src/main/java/com/github/pockethub/ui/repo/UserRepositoryListFragment.java:69}","{Method getId(Repo) at app/src/main/java/com/github/pockethub/ui/repo/UserRepositoryListFragment.java:71}","3","3"
"6a8ae72718850a5cbdd1eb337c4498ce0bda5b01","CHANGE_SIGNATURE","{Method viewRepository(Repository) at app/src/main/java/com/github/pockethub/ui/NewsFragment.java:257}","{Method viewRepository(Repo) at app/src/main/java/com/github/pockethub/ui/NewsFragment.java:266}","3","3"
"6a8ae72718850a5cbdd1eb337c4498ce0bda5b01","CHANGE_SIGNATURE","{Method openCommit(RepositoryCommit) at app/src/main/java/com/github/pockethub/ui/commit/CommitCompareListFragment.java:226}","{Method openCommit(Commit) at app/src/main/java/com/github/pockethub/ui/commit/CommitCompareListFragment.java:220}","16","16"
"6a8ae72718850a5cbdd1eb337c4498ce0bda5b01","CHANGE_SIGNATURE","{Method addCommitParents(RepositoryCommit, LayoutInflater) at app/src/main/java/com/github/pockethub/ui/commit/CommitDiffListFragment.java:326}","{Method addCommitParents(Commit, LayoutInflater) at app/src/main/java/com/github/pockethub/ui/commit/CommitDiffListFragment.java:328}","18","18"
"0201ca0417d220bb1e258f167ba247e7666b824e","CHANGE_SIGNATURE","{Method new(Context, IRepositoryIdProvider, String, ImageGetter, boolean) at app/src/main/java/com/github/pockethub/ui/MarkdownLoader.java:59}","{Method new(Context, Repo, String, ImageGetter, boolean) at app/src/main/java/com/github/pockethub/ui/MarkdownLoader.java:59}","8","8"
"0201ca0417d220bb1e258f167ba247e7666b824e","CHANGE_SIGNATURE","{Method refreshTree(Reference) at app/src/main/java/com/github/pockethub/ui/code/RepositoryCodeFragment.java:139}","{Method refreshTree(GitReference) at app/src/main/java/com/github/pockethub/ui/code/RepositoryCodeFragment.java:141}","42","42"
"977c3f4be547bc4b0f43424893dc64f6d985b53d","RENAME","{Method getSerializableExtra(String) at app/src/main/java/com/github/pockethub/ui/BaseActivity.java:49}","{Method getParcelableExtra(String) at app/src/main/java/com/github/pockethub/ui/BaseActivity.java:50}","3","3"
"310db00bb69c49736c3b4cbede290341d1c0af5b","CHANGE_SIGNATURE","{Method new(User, RepositoryService, WatcherService, Provider) at app/src/main/java/com/github/pockethub/persistence/OrganizationRepositories.java:79}","{Method new(Organization, Context, Provider) at app/src/main/java/com/github/pockethub/persistence/OrganizationRepositories.java:81}","6","5"
"310db00bb69c49736c3b4cbede290341d1c0af5b","CHANGE_SIGNATURE","{Method under(User) at app/src/main/java/com/github/pockethub/persistence/OrganizationRepositories.java:57}","{Method under(Organization) at app/src/main/java/com/github/pockethub/persistence/OrganizationRepositories.java:63}","1","1"
"310db00bb69c49736c3b4cbede290341d1c0af5b","CHANGE_SIGNATURE","{Method compare(Repository, Repository) at app/src/main/java/com/github/pockethub/persistence/OrganizationRepositories.java:167}","{Method compare(Repo, Repo) at app/src/main/java/com/github/pockethub/persistence/OrganizationRepositories.java:168}","9","9"
"154cfb4912df4d41ade49ca11a56a5139c5395c9","CHANGE_SIGNATURE","{Method isEqual(Repository, Repository) at app/src/main/java/com/github/pockethub/core/issue/IssueFilter.java:269}","{Method isEqual(Repo, Repo) at app/src/main/java/com/github/pockethub/core/issue/IssueFilter.java:293}","3","3"
"154cfb4912df4d41ade49ca11a56a5139c5395c9","CHANGE_SIGNATURE","{Method new(Repository) at app/src/main/java/com/github/pockethub/core/issue/IssueFilter.java:69}","{Method new(Repo) at app/src/main/java/com/github/pockethub/core/issue/IssueFilter.java:72}","4","4"
"be85b6c896e7dc6ef516ba4b6fe79d2575e42e7f","CHANGE_SIGNATURE","{Method isValid(Reference) at app/src/main/java/com/github/pockethub/core/ref/RefUtils.java:125}","{Method isValid(GitReference) at app/src/main/java/com/github/pockethub/core/ref/RefUtils.java:126}","7","7"
"be85b6c896e7dc6ef516ba4b6fe79d2575e42e7f","CHANGE_SIGNATURE","{Method isTag(Reference) at app/src/main/java/com/github/pockethub/core/ref/RefUtils.java:55}","{Method isTag(GitReference) at app/src/main/java/com/github/pockethub/core/ref/RefUtils.java:56}","3","3"
"be85b6c896e7dc6ef516ba4b6fe79d2575e42e7f","CHANGE_SIGNATURE","{Method isBranch(Reference) at app/src/main/java/com/github/pockethub/core/ref/RefUtils.java:41}","{Method isBranch(GitReference) at app/src/main/java/com/github/pockethub/core/ref/RefUtils.java:42}","7","7"
"be85b6c896e7dc6ef516ba4b6fe79d2575e42e7f","CHANGE_SIGNATURE","{Method getPath(Reference) at app/src/main/java/com/github/pockethub/core/ref/RefUtils.java:75}","{Method getPath(GitReference) at app/src/main/java/com/github/pockethub/core/ref/RefUtils.java:76}","9","9"
"be85b6c896e7dc6ef516ba4b6fe79d2575e42e7f","CHANGE_SIGNATURE","{Method getCommitterDate(RepositoryCommit) at app/src/main/java/com/github/pockethub/core/commit/CommitUtils.java:155}","{Method getCommitterDate(Commit) at app/src/main/java/com/github/pockethub/core/commit/CommitUtils.java:154}","8","8"
"be85b6c896e7dc6ef516ba4b6fe79d2575e42e7f","CHANGE_SIGNATURE","{Method getName(Reference) at app/src/main/java/com/github/pockethub/core/ref/RefUtils.java:91}","{Method getName(GitReference) at app/src/main/java/com/github/pockethub/core/ref/RefUtils.java:92}","6","6"
"be85b6c896e7dc6ef516ba4b6fe79d2575e42e7f","CHANGE_SIGNATURE","{Method isComplete(Repository) at app/src/main/java/com/github/pockethub/core/repo/RepositoryUtils.java:38}","{Method isComplete(Repo) at app/src/main/java/com/github/pockethub/core/repo/RepositoryUtils.java:40}","5","5"
"be85b6c896e7dc6ef516ba4b6fe79d2575e42e7f","CHANGE_SIGNATURE","{Method getCommitter(RepositoryCommit) at app/src/main/java/com/github/pockethub/core/commit/CommitUtils.java:121}","{Method getCommitter(Commit) at app/src/main/java/com/github/pockethub/core/commit/CommitUtils.java:120}","12","12"
"be85b6c896e7dc6ef516ba4b6fe79d2575e42e7f","CHANGE_SIGNATURE","{Method getCommentCount(RepositoryCommit) at app/src/main/java/com/github/pockethub/core/commit/CommitUtils.java:212}","{Method getCommentCount(Commit) at app/src/main/java/com/github/pockethub/core/commit/CommitUtils.java:211}","7","7"
"be85b6c896e7dc6ef516ba4b6fe79d2575e42e7f","CHANGE_SIGNATURE","{Method getAuthor(RepositoryCommit) at app/src/main/java/com/github/pockethub/core/commit/CommitUtils.java:99}","{Method getAuthor(Commit) at app/src/main/java/com/github/pockethub/core/commit/CommitUtils.java:98}","12","12"
"be85b6c896e7dc6ef516ba4b6fe79d2575e42e7f","CHANGE_SIGNATURE","{Method bindAuthor(RepositoryCommit, AvatarLoader, ImageView) at app/src/main/java/com/github/pockethub/core/commit/CommitUtils.java:173}","{Method bindAuthor(Commit, AvatarLoader, ImageView) at app/src/main/java/com/github/pockethub/core/commit/CommitUtils.java:172}","11","11"
"be85b6c896e7dc6ef516ba4b6fe79d2575e42e7f","CHANGE_SIGNATURE","{Method abbreviate(RepositoryCommit) at app/src/main/java/com/github/pockethub/core/commit/CommitUtils.java:53}","{Method abbreviate(GitCommit) at app/src/main/java/com/github/pockethub/core/commit/CommitUtils.java:62}","3","3"
"be85b6c896e7dc6ef516ba4b6fe79d2575e42e7f","CHANGE_SIGNATURE","{Method getAuthorDate(RepositoryCommit) at app/src/main/java/com/github/pockethub/core/commit/CommitUtils.java:140}","{Method getAuthorDate(Commit) at app/src/main/java/com/github/pockethub/core/commit/CommitUtils.java:139}","8","8"
"be85b6c896e7dc6ef516ba4b6fe79d2575e42e7f","CHANGE_SIGNATURE","{Method bindCommitter(RepositoryCommit, AvatarLoader, ImageView) at app/src/main/java/com/github/pockethub/core/commit/CommitUtils.java:194}","{Method bindCommitter(Commit, AvatarLoader, ImageView) at app/src/main/java/com/github/pockethub/core/commit/CommitUtils.java:193}","11","11"
"b87e8c4ddd9f4d8b3e3527a8e48e2248e10de257","CHANGE_SIGNATURE","{Method compare(User, User) at app/src/main/java/com/github/pockethub/core/user/UserComparator.java:46}","{Method compare(Organization, Organization) at app/src/main/java/com/github/pockethub/core/user/UserComparator.java:47}","12","12"
"b87e8c4ddd9f4d8b3e3527a8e48e2248e10de257","CHANGE_SIGNATURE","{Method getUsers(Event) at app/src/main/java/com/github/pockethub/core/user/UserEventMatcher.java:57}","{Method getUsers(GithubEvent) at app/src/main/java/com/github/pockethub/core/user/UserEventMatcher.java:58}","18","20"
"b87e8c4ddd9f4d8b3e3527a8e48e2248e10de257","CHANGE_SIGNATURE","{Method new(Repository, String) at app/src/main/java/com/github/pockethub/core/commit/CommitMatch.java:41}","{Method new(Repo, String) at app/src/main/java/com/github/pockethub/core/commit/CommitMatch.java:41}","4","4"
"a0d0cab46e4c65816ac7d7e6caaf22c81db0bc36","CHANGE_SIGNATURE","{Method getCommit(IRepositoryIdProvider, String) at app/src/main/java/com/github/pockethub/core/commit/CommitStore.java:54}","{Method getCommit(Repo, String) at app/src/main/java/com/github/pockethub/core/commit/CommitStore.java:59}","5","4"
"a0d0cab46e4c65816ac7d7e6caaf22c81db0bc36","CHANGE_SIGNATURE","{Method refreshCommit(IRepositoryIdProvider, String) at app/src/main/java/com/github/pockethub/core/commit/CommitStore.java:101}","{Method refreshCommit(Repo, String) at app/src/main/java/com/github/pockethub/core/commit/CommitStore.java:103}","3","3"
"a0d0cab46e4c65816ac7d7e6caaf22c81db0bc36","CHANGE_SIGNATURE","{Method getIssue(IRepositoryIdProvider, int) at app/src/main/java/com/github/pockethub/core/issue/IssueStore.java:63}","{Method getIssue(Repo, int) at app/src/main/java/com/github/pockethub/core/issue/IssueStore.java:67}","5","4"
"a0d0cab46e4c65816ac7d7e6caaf22c81db0bc36","CHANGE_SIGNATURE","{Method new(CommitService) at app/src/main/java/com/github/pockethub/core/commit/CommitStore.java:42}","{Method new(Context) at app/src/main/java/com/github/pockethub/core/commit/CommitStore.java:48}","3","3"
"73811c194cd0014465465b627fc75e81f4d8e3bc","CHANGE_SIGNATURE","{Method getId(Event) at app/src/main/java/com/github/pockethub/ui/user/EventPager.java:28}","{Method getId(GithubEvent) at app/src/main/java/com/github/pockethub/ui/user/EventPager.java:29}","3","3"
"73811c194cd0014465465b627fc75e81f4d8e3bc","CHANGE_SIGNATURE","{Method getId(RepositoryCommit) at app/src/main/java/com/github/pockethub/core/commit/CommitPager.java:45}","{Method getId(Commit) at app/src/main/java/com/github/pockethub/core/commit/CommitPager.java:43}","3","3"
"73811c194cd0014465465b627fc75e81f4d8e3bc","CHANGE_SIGNATURE","{Method new(IRepositoryIdProvider, CommitStore) at app/src/main/java/com/github/pockethub/core/commit/CommitPager.java:39}","{Method new(Repo, CommitStore) at app/src/main/java/com/github/pockethub/core/commit/CommitPager.java:37}","4","4"
"73811c194cd0014465465b627fc75e81f4d8e3bc","CHANGE_SIGNATURE","{Method register(RepositoryCommit) at app/src/main/java/com/github/pockethub/core/commit/CommitPager.java:50}","{Method register(Commit) at app/src/main/java/com/github/pockethub/core/commit/CommitPager.java:48}","3","3"
"73811c194cd0014465465b627fc75e81f4d8e3bc","CHANGE_SIGNATURE","{Method register(Event) at app/src/main/java/com/github/pockethub/ui/user/EventPager.java:33}","{Method register(GithubEvent) at app/src/main/java/com/github/pockethub/ui/user/EventPager.java:34}","3","3"
"6439e983954b6e8fe3c6b63f3ba72b89e0939724","CHANGE_SIGNATURE","{Method new(Context, IRepositoryIdProvider) at app/src/main/java/com/github/pockethub/core/repo/ForkRepositoryTask.java:33}","{Method new(Context, Repo) at app/src/main/java/com/github/pockethub/core/repo/ForkRepositoryTask.java:34}","5","5"
"6439e983954b6e8fe3c6b63f3ba72b89e0939724","CHANGE_SIGNATURE","{Method new(DialogFragmentActivity, IRepositoryIdProvider, int) at app/src/main/java/com/github/pockethub/ui/issue/EditAssigneeTask.java:59}","{Method new(DialogFragmentActivity, Repo, int) at app/src/main/java/com/github/pockethub/ui/issue/EditAssigneeTask.java:60}","8","8"
"6439e983954b6e8fe3c6b63f3ba72b89e0939724","CHANGE_SIGNATURE","{Method new(Context, IRepositoryIdProvider) at app/src/main/java/com/github/pockethub/core/repo/RefreshRepositoryTask.java:47}","{Method new(Context, Repo) at app/src/main/java/com/github/pockethub/core/repo/RefreshRepositoryTask.java:49}","5","5"
"6439e983954b6e8fe3c6b63f3ba72b89e0939724","CHANGE_SIGNATURE","{Method new(DialogFragmentActivity, IRepositoryIdProvider, Issue) at app/src/main/java/com/github/pockethub/ui/issue/EditIssueTask.java:49}","{Method new(DialogFragmentActivity, Repo, int, IssueRequest) at app/src/main/java/com/github/pockethub/ui/issue/EditIssueTask.java:55}","6","7"
"6439e983954b6e8fe3c6b63f3ba72b89e0939724","CHANGE_SIGNATURE","{Method isValidRef(Reference) at app/src/main/java/com/github/pockethub/core/code/RefreshTreeTask.java:68}","{Method isValidRef(GitReference) at app/src/main/java/com/github/pockethub/core/code/RefreshTreeTask.java:63}","4","4"
"6439e983954b6e8fe3c6b63f3ba72b89e0939724","CHANGE_SIGNATURE","{Method new(Context, IRepositoryIdProvider, Comment) at app/src/main/java/com/github/pockethub/ui/issue/EditCommentTask.java:57}","{Method new(Context, Repo, String, String) at app/src/main/java/com/github/pockethub/ui/issue/EditCommentTask.java:59}","6","7"
"6439e983954b6e8fe3c6b63f3ba72b89e0939724","CHANGE_SIGNATURE","{Method new(Repository, Reference, Context) at app/src/main/java/com/github/pockethub/core/code/RefreshTreeTask.java:61}","{Method new(Repo, GitReference, Context) at app/src/main/java/com/github/pockethub/core/code/RefreshTreeTask.java:56}","6","6"
"6439e983954b6e8fe3c6b63f3ba72b89e0939724","CHANGE_SIGNATURE","{Method new(Context, IRepositoryIdProvider) at app/src/main/java/com/github/pockethub/core/repo/StarRepositoryTask.java:47}","{Method new(Context, Repo) at app/src/main/java/com/github/pockethub/core/repo/StarRepositoryTask.java:48}","5","5"
"6439e983954b6e8fe3c6b63f3ba72b89e0939724","CHANGE_SIGNATURE","{Method new(DialogFragmentActivity, IRepositoryIdProvider, int) at app/src/main/java/com/github/pockethub/ui/issue/EditStateTask.java:56}","{Method new(DialogFragmentActivity, Repo, int) at app/src/main/java/com/github/pockethub/ui/issue/EditStateTask.java:57}","6","6"
"6439e983954b6e8fe3c6b63f3ba72b89e0939724","CHANGE_SIGNATURE","{Method new(Context, IRepositoryIdProvider) at app/src/main/java/com/github/pockethub/core/repo/UnstarRepositoryTask.java:47}","{Method new(Context, Repo) at app/src/main/java/com/github/pockethub/core/repo/UnstarRepositoryTask.java:48}","5","5"
"6439e983954b6e8fe3c6b63f3ba72b89e0939724","CHANGE_SIGNATURE","{Method new(Activity, String, Comment) at app/src/main/java/com/github/pockethub/ui/gist/DeleteCommentTask.java:54}","{Method new(Activity, String, GithubComment) at app/src/main/java/com/github/pockethub/ui/gist/DeleteCommentTask.java:48}","6","6"
"6439e983954b6e8fe3c6b63f3ba72b89e0939724","CHANGE_SIGNATURE","{Method new(Context, IRepositoryIdProvider, Comment) at app/src/main/java/com/github/pockethub/ui/issue/DeleteCommentTask.java:56}","{Method new(Context, Repo, GithubComment) at app/src/main/java/com/github/pockethub/ui/issue/DeleteCommentTask.java:56}","6","6"
"6439e983954b6e8fe3c6b63f3ba72b89e0939724","CHANGE_SIGNATURE","{Method new(Activity, IRepositoryIdProvider, Issue) at app/src/main/java/com/github/pockethub/ui/issue/CreateIssueTask.java:57}","{Method new(Activity, Repo, IssueRequest) at app/src/main/java/com/github/pockethub/ui/issue/CreateIssueTask.java:56}","6","6"
"6439e983954b6e8fe3c6b63f3ba72b89e0939724","CHANGE_SIGNATURE","{Method new(DialogFragmentActivity, IRepositoryIdProvider, int) at app/src/main/java/com/github/pockethub/ui/issue/EditMilestoneTask.java:59}","{Method new(DialogFragmentActivity, Repo, int) at app/src/main/java/com/github/pockethub/ui/issue/EditMilestoneTask.java:61}","8","8"
"6439e983954b6e8fe3c6b63f3ba72b89e0939724","CHANGE_SIGNATURE","{Method new(DialogFragmentActivity, IRepositoryIdProvider, int) at app/src/main/java/com/github/pockethub/ui/issue/EditLabelsTask.java:62}","{Method new(DialogFragmentActivity, Repo, int) at app/src/main/java/com/github/pockethub/ui/issue/EditLabelsTask.java:60}","8","8"
"6439e983954b6e8fe3c6b63f3ba72b89e0939724","CHANGE_SIGNATURE","{Method new(Context, IRepositoryIdProvider, String, String) at app/src/main/java/com/github/pockethub/core/commit/CommitCompareTask.java:53}","{Method new(Context, Repo, String, String) at app/src/main/java/com/github/pockethub/core/commit/CommitCompareTask.java:52}","7","7"
"6439e983954b6e8fe3c6b63f3ba72b89e0939724","CHANGE_SIGNATURE","{Method new(Repository, String, Context) at app/src/main/java/com/github/pockethub/core/code/RefreshBlobTask.java:46}","{Method new(Repo, String, Context) at app/src/main/java/com/github/pockethub/core/code/RefreshBlobTask.java:43}","6","6"
"6439e983954b6e8fe3c6b63f3ba72b89e0939724","CHANGE_SIGNATURE","{Method new(Context, IRepositoryIdProvider, String, HttpImageGetter) at app/src/main/java/com/github/pockethub/core/commit/RefreshCommitTask.java:61}","{Method new(Context, Repo, String, HttpImageGetter) at app/src/main/java/com/github/pockethub/core/commit/RefreshCommitTask.java:59}","7","7"
"6439e983954b6e8fe3c6b63f3ba72b89e0939724","CHANGE_SIGNATURE","{Method new(Context, IRepositoryIdProvider) at app/src/main/java/com/github/pockethub/core/repo/StarredRepositoryTask.java:46}","{Method new(Context, Repo) at app/src/main/java/com/github/pockethub/core/repo/StarredRepositoryTask.java:47}","5","5"
"6439e983954b6e8fe3c6b63f3ba72b89e0939724","CHANGE_SIGNATURE","{Method new(Context, IRepositoryIdProvider, int, HttpImageGetter, HttpImageGetter) at app/src/main/java/com/github/pockethub/core/issue/RefreshIssueTask.java:71}","{Method new(Context, Repo, int, HttpImageGetter, HttpImageGetter) at app/src/main/java/com/github/pockethub/core/issue/RefreshIssueTask.java:63}","8","8"
"6439e983954b6e8fe3c6b63f3ba72b89e0939724","CHANGE_SIGNATURE","{Method new(Context, IRepositoryIdProvider) at app/src/main/java/com/github/pockethub/core/repo/DeleteRepositoryTask.java:43}","{Method new(Context, Repo) at app/src/main/java/com/github/pockethub/core/repo/DeleteRepositoryTask.java:44}","4","4"
"6439e983954b6e8fe3c6b63f3ba72b89e0939724","CHANGE_SIGNATURE","{Method new(Activity, IRepositoryIdProvider, String, CommitComment) at app/src/main/java/com/github/pockethub/ui/commit/CreateCommentTask.java:58}","{Method new(Activity, Repo, String, CommitCommentRequest) at app/src/main/java/com/github/pockethub/ui/commit/CreateCommentTask.java:58}","7","7"
"3cf1239c8ea9749b446af696e093490146b00466","CHANGE_SIGNATURE","{Method new(ActionBarActivity, IRepositoryIdProvider) at app/src/main/java/com/github/pockethub/ui/comment/CommentPreviewPagerAdapter.java:50}","{Method new(ActionBarActivity, Repo) at app/src/main/java/com/github/pockethub/ui/comment/CommentPreviewPagerAdapter.java:50}","5","5"
"3cf1239c8ea9749b446af696e093490146b00466","CHANGE_SIGNATURE","{Method update(int, Event) at app/src/main/java/com/github/pockethub/ui/user/NewsListAdapter.java:154}","{Method update(int, GithubEvent) at app/src/main/java/com/github/pockethub/ui/user/NewsListAdapter.java:234}","4","4"
"3cf1239c8ea9749b446af696e093490146b00466","CHANGE_SIGNATURE","{Method update(int, Repository) at app/src/main/java/com/github/pockethub/ui/repo/DefaultRepositoryListAdapter.java:118}","{Method update(int, Repo) at app/src/main/java/com/github/pockethub/ui/repo/DefaultRepositoryListAdapter.java:118}","22","22"
"3cf1239c8ea9749b446af696e093490146b00466","CHANGE_SIGNATURE","{Method update(int, SearchRepository) at app/src/main/java/com/github/pockethub/ui/search/SearchRepositoryListAdapter.java:71}","{Method update(int, Repo) at app/src/main/java/com/github/pockethub/ui/search/SearchRepositoryListAdapter.java:72}","10","10"
"3cf1239c8ea9749b446af696e093490146b00466","CHANGE_SIGNATURE","{Method new(LayoutInflater, Repository[], AtomicReference) at app/src/main/java/com/github/pockethub/ui/repo/DefaultRepositoryListAdapter.java:57}","{Method new(LayoutInflater, Repo[], AtomicReference) at app/src/main/java/com/github/pockethub/ui/repo/DefaultRepositoryListAdapter.java:57}","5","5"
"3cf1239c8ea9749b446af696e093490146b00466","CHANGE_SIGNATURE","{Method update(int, RepositoryIssue) at app/src/main/java/com/github/pockethub/ui/issue/DashboardIssueListAdapter.java:79}","{Method update(int, Issue) at app/src/main/java/com/github/pockethub/ui/issue/DashboardIssueListAdapter.java:81}","20","20"
"3cf1239c8ea9749b446af696e093490146b00466","CHANGE_SIGNATURE","{Method updateNumber(int, String, int, int) at app/src/main/java/com/github/pockethub/ui/issue/IssueListAdapter.java:116}","{Method updateNumber(int, IssueState, int, int) at app/src/main/java/com/github/pockethub/ui/issue/IssueListAdapter.java:116}","9","9"
"3cf1239c8ea9749b446af696e093490146b00466","CHANGE_SIGNATURE","{Method getNumber(SearchIssue) at app/src/main/java/com/github/pockethub/ui/issue/SearchIssueListAdapter.java:54}","{Method getNumber(Issue) at app/src/main/java/com/github/pockethub/ui/issue/SearchIssueListAdapter.java:56}","3","3"
"3cf1239c8ea9749b446af696e093490146b00466","CHANGE_SIGNATURE","{Method new(LayoutInflater, SearchIssue[], AvatarLoader) at app/src/main/java/com/github/pockethub/ui/issue/SearchIssueListAdapter.java:44}","{Method new(LayoutInflater, Issue[], AvatarLoader) at app/src/main/java/com/github/pockethub/ui/issue/SearchIssueListAdapter.java:46}","3","3"
"3cf1239c8ea9749b446af696e093490146b00466","CHANGE_SIGNATURE","{Method new(Context, SearchUser[], AvatarLoader) at app/src/main/java/com/github/pockethub/ui/search/SearchUserListAdapter.java:41}","{Method new(Context, User[], AvatarLoader) at app/src/main/java/com/github/pockethub/ui/search/SearchUserListAdapter.java:42}","6","6"
"3cf1239c8ea9749b446af696e093490146b00466","CHANGE_SIGNATURE","{Method isValid(Event) at app/src/main/java/com/github/pockethub/ui/user/NewsListAdapter.java:68}","{Method isValid(GithubEvent) at app/src/main/java/com/github/pockethub/ui/user/NewsListAdapter.java:85}","35","37"
"3cf1239c8ea9749b446af696e093490146b00466","CHANGE_SIGNATURE","{Method getNumber(RepositoryIssue) at app/src/main/java/com/github/pockethub/ui/issue/DashboardIssueListAdapter.java:55}","{Method getNumber(Issue) at app/src/main/java/com/github/pockethub/ui/issue/DashboardIssueListAdapter.java:57}","3","3"
"3cf1239c8ea9749b446af696e093490146b00466","CHANGE_SIGNATURE","{Method updateComment(Comment) at app/src/main/java/com/github/pockethub/ui/comment/CommentListAdapter.java:199}","{Method updateComment(GithubComment) at app/src/main/java/com/github/pockethub/ui/comment/CommentListAdapter.java:207}","25","25"
"3cf1239c8ea9749b446af696e093490146b00466","CHANGE_SIGNATURE","{Method new(LayoutInflater, SearchRepository[]) at app/src/main/java/com/github/pockethub/ui/search/SearchRepositoryListAdapter.java:43}","{Method new(LayoutInflater, Repo[]) at app/src/main/java/com/github/pockethub/ui/search/SearchRepositoryListAdapter.java:44}","3","3"
"3cf1239c8ea9749b446af696e093490146b00466","CHANGE_SIGNATURE","{Method update(int, Repository) at app/src/main/java/com/github/pockethub/ui/repo/UserRepositoryListAdapter.java:76}","{Method update(int, Repo) at app/src/main/java/com/github/pockethub/ui/repo/UserRepositoryListAdapter.java:76}","13","13"
"3cf1239c8ea9749b446af696e093490146b00466","CHANGE_SIGNATURE","{Method new(AvatarLoader, LayoutInflater, RepositoryIssue[]) at app/src/main/java/com/github/pockethub/ui/issue/DashboardIssueListAdapter.java:45}","{Method new(AvatarLoader, LayoutInflater, Issue[]) at app/src/main/java/com/github/pockethub/ui/issue/DashboardIssueListAdapter.java:47}","3","3"
"3cf1239c8ea9749b446af696e093490146b00466","CHANGE_SIGNATURE","{Method registerHeader(Repository, String) at app/src/main/java/com/github/pockethub/ui/repo/DefaultRepositoryListAdapter.java:82}","{Method registerHeader(Repo, String) at app/src/main/java/com/github/pockethub/ui/repo/DefaultRepositoryListAdapter.java:82}","4","4"
"3cf1239c8ea9749b446af696e093490146b00466","CHANGE_SIGNATURE","{Method registerNoSeparator(Repository) at app/src/main/java/com/github/pockethub/ui/repo/DefaultRepositoryListAdapter.java:94}","{Method registerNoSeparator(Repo) at app/src/main/java/com/github/pockethub/ui/repo/DefaultRepositoryListAdapter.java:94}","4","4"
"3cf1239c8ea9749b446af696e093490146b00466","CHANGE_SIGNATURE","{Method new(LayoutInflater, Comment[], AvatarLoader, HttpImageGetter, EditCommentListener, DeleteCommentListener, String, boolean, Issue) at app/src/main/java/com/github/pockethub/ui/comment/CommentListAdapter.java:108}","{Method new(LayoutInflater, GithubComment[], AvatarLoader, HttpImageGetter, EditCommentListener, DeleteCommentListener, String, boolean, Issue) at app/src/main/java/com/github/pockethub/ui/comment/CommentListAdapter.java:116}","13","13"
"3cf1239c8ea9749b446af696e093490146b00466","CHANGE_SIGNATURE","{Method new(LayoutInflater, Comment[], AvatarLoader, HttpImageGetter, Issue) at app/src/main/java/com/github/pockethub/ui/comment/CommentListAdapter.java:77}","{Method new(LayoutInflater, GithubComment[], AvatarLoader, HttpImageGetter, Issue) at app/src/main/java/com/github/pockethub/ui/comment/CommentListAdapter.java:85}","4","4"
"3cf1239c8ea9749b446af696e093490146b00466","CHANGE_SIGNATURE","{Method new(ActionBarActivity, Repository, CharSequence[]) at app/src/main/java/com/github/pockethub/ui/commit/CommitPagerAdapter.java:43}","{Method new(ActionBarActivity, Repo, CharSequence[]) at app/src/main/java/com/github/pockethub/ui/commit/CommitPagerAdapter.java:44}","6","6"
"3cf1239c8ea9749b446af696e093490146b00466","CHANGE_SIGNATURE","{Method new(LayoutInflater, Repository[], User) at app/src/main/java/com/github/pockethub/ui/repo/UserRepositoryListAdapter.java:47}","{Method new(LayoutInflater, Repo[], User) at app/src/main/java/com/github/pockethub/ui/repo/UserRepositoryListAdapter.java:47}","5","5"
"3cf1239c8ea9749b446af696e093490146b00466","CHANGE_SIGNATURE","{Method new(LayoutInflater, Event[], AvatarLoader) at app/src/main/java/com/github/pockethub/ui/user/NewsListAdapter.java:114}","{Method new(LayoutInflater, GithubEvent[], AvatarLoader) at app/src/main/java/com/github/pockethub/ui/user/NewsListAdapter.java:133}","6","6"
"3cf1239c8ea9749b446af696e093490146b00466","CHANGE_SIGNATURE","{Method update(int, RepositoryCommit) at app/src/main/java/com/github/pockethub/ui/commit/CommitListAdapter.java:80}","{Method update(int, Commit) at app/src/main/java/com/github/pockethub/ui/commit/CommitListAdapter.java:81}","13","13"
"3cf1239c8ea9749b446af696e093490146b00466","CHANGE_SIGNATURE","{Method update(int, SearchUser) at app/src/main/java/com/github/pockethub/ui/search/SearchUserListAdapter.java:60}","{Method update(int, User) at app/src/main/java/com/github/pockethub/ui/search/SearchUserListAdapter.java:61}","3","3"
"3cf1239c8ea9749b446af696e093490146b00466","CHANGE_SIGNATURE","{Method showMorePopup(View, Comment, boolean, boolean) at app/src/main/java/com/github/pockethub/ui/comment/CommentListAdapter.java:225}","{Method showMorePopup(View, GithubComment, boolean, boolean) at app/src/main/java/com/github/pockethub/ui/comment/CommentListAdapter.java:233}","28","28"
"3cf1239c8ea9749b446af696e093490146b00466","CHANGE_SIGNATURE","{Method new(ActionBarActivity, Repository, int[], boolean, boolean) at app/src/main/java/com/github/pockethub/ui/issue/IssuesPagerAdapter.java:88}","{Method new(ActionBarActivity, Repo, int[], boolean, boolean) at app/src/main/java/com/github/pockethub/ui/issue/IssuesPagerAdapter.java:87}","10","10"
"8a648ca7b69b1f58a9cb8dc177849170cb3d1bcd","INTERNAL_MOVE","{Method run(Account) at app/src/main/java/com/github/pockethub/util/HttpImageGetter.java:185}","{Method run(Account) at app/src/main/java/com/github/pockethub/util/HttpImageGetter.java:223}","3","3"
"8a648ca7b69b1f58a9cb8dc177849170cb3d1bcd","CHANGE_SIGNATURE","{Method new(RepositoryCommit) at app/src/main/java/com/github/pockethub/core/commit/FullCommit.java:48}","{Method new(Commit) at app/src/main/java/com/github/pockethub/core/commit/FullCommit.java:48}","10","10"
"8a648ca7b69b1f58a9cb8dc177849170cb3d1bcd","CHANGE_SIGNATURE","{Method new(RepositoryCommit, Collection) at app/src/main/java/com/github/pockethub/core/commit/FullCommit.java:66}","{Method new(Commit, Collection) at app/src/main/java/com/github/pockethub/core/commit/FullCommit.java:66}","31","31"
"8a648ca7b69b1f58a9cb8dc177849170cb3d1bcd","CHANGE_SIGNATURE","{Method add(TreeEntry) at app/src/main/java/com/github/pockethub/core/code/FullTree.java:124}","{Method add(GitTreeEntry) at app/src/main/java/com/github/pockethub/core/code/FullTree.java:127}","28","28"
"8a648ca7b69b1f58a9cb8dc177849170cb3d1bcd","CHANGE_SIGNATURE","{Method new(TreeEntry, Folder) at app/src/main/java/com/github/pockethub/core/code/FullTree.java:98}","{Method new(GitTreeEntry, Folder) at app/src/main/java/com/github/pockethub/core/code/FullTree.java:101}","3","3"
"8a648ca7b69b1f58a9cb8dc177849170cb3d1bcd","CHANGE_SIGNATURE","{Method new(TreeEntry, Folder) at app/src/main/java/com/github/pockethub/core/code/FullTree.java:65}","{Method new(GitTreeEntry, Folder) at app/src/main/java/com/github/pockethub/core/code/FullTree.java:68}","5","5"
"8a648ca7b69b1f58a9cb8dc177849170cb3d1bcd","INTERNAL_MOVE","{Method onSuccess(CharSequence) at app/src/main/java/com/github/pockethub/util/HttpImageGetter.java:190}","{Method onSuccess(CharSequence) at app/src/main/java/com/github/pockethub/util/HttpImageGetter.java:228}","6","6"
"8a648ca7b69b1f58a9cb8dc177849170cb3d1bcd","CHANGE_SIGNATURE","{Method addFile(TreeEntry, String[], int) at app/src/main/java/com/github/pockethub/core/code/FullTree.java:102}","{Method addFile(GitTreeEntry, String[], int) at app/src/main/java/com/github/pockethub/core/code/FullTree.java:105}","10","10"
"8a648ca7b69b1f58a9cb8dc177849170cb3d1bcd","CHANGE_SIGNATURE","{Method new(Tree, Reference) at app/src/main/java/com/github/pockethub/core/code/FullTree.java:180}","{Method new(GitTree, GitReference) at app/src/main/java/com/github/pockethub/core/code/FullTree.java:183}","11","12"
"8a648ca7b69b1f58a9cb8dc177849170cb3d1bcd","CHANGE_SIGNATURE","{Method addFolder(TreeEntry, String[], int) at app/src/main/java/com/github/pockethub/core/code/FullTree.java:113}","{Method addFolder(GitTreeEntry, String[], int) at app/src/main/java/com/github/pockethub/core/code/FullTree.java:116}","10","10"
"8a648ca7b69b1f58a9cb8dc177849170cb3d1bcd","CHANGE_SIGNATURE","{Method bind(ImageView, CommitUser) at app/src/main/java/com/github/pockethub/util/AvatarLoader.java:168}","{Method bind(ImageView, Organization) at app/src/main/java/com/github/pockethub/util/AvatarLoader.java:167}","3","3"
"8a648ca7b69b1f58a9cb8dc177849170cb3d1bcd","EXTRACT_MOVE","{Method bind(TextView, String, Object) at app/src/main/java/com/github/pockethub/util/HttpImageGetter.java:157}","{Method onFail(RetrofitError) at app/src/main/java/com/github/pockethub/util/HttpImageGetter.java:193}","42","3"
"8a648ca7b69b1f58a9cb8dc177849170cb3d1bcd","EXTRACT","{Method bind(TextView, String, Object) at app/src/main/java/com/github/pockethub/util/HttpImageGetter.java:157}","{Method continueBind(TextView, String, Object) at app/src/main/java/com/github/pockethub/util/HttpImageGetter.java:205}","42","32"
"8a648ca7b69b1f58a9cb8dc177849170cb3d1bcd","CHANGE_SIGNATURE","{Method setSource(String, Blob) at app/src/main/java/com/github/pockethub/util/SourceEditor.java:187}","{Method setSource(String, GitBlob) at app/src/main/java/com/github/pockethub/util/SourceEditor.java:188}","7","7"
"d21f0229333fff137b38b9bea62385adc3dd7531"
"efb4cc3404e22b9adf94e73eb4fc784d90e12ec4"
"786bab20e15127943568a36c48779276b4db8d04"
"1bb7109229c420ece555586eee129d6df99b7a28"
"a4b1f2c5d9ba11c5845cb7c0716c53fb5dc35a04"
"435118e8d41edca5130abd334598bffa9fbdfb0d"
"f5b0aa39a73f7dc9d9586037a9992cd841896cb9","CHANGE_SIGNATURE","{Method openLoginInBrowser(ApiClient) at app/src/main/java/com/github/pockethub/accounts/LoginActivity.java:189}","{Method openLoginInBrowser(GithubDeveloperCredentialsProvider) at app/src/main/java/com/github/pockethub/accounts/LoginActivity.java:192}","15","15"
"3b1935022332b5e58ff67ba69835cc1979094685","CHANGE_SIGNATURE","{Method issueStore(IssueService, PullRequestService) at app/src/main/java/com/github/pockethub/GitHubModule.java:76}","{Method issueStore(Context) at app/src/main/java/com/github/pockethub/GitHubModule.java:76}","8","8"
"3b1935022332b5e58ff67ba69835cc1979094685","CHANGE_SIGNATURE","{Method currentUser(UserService) at app/src/main/java/com/github/pockethub/ServicesModule.java:88}","{Method currentUser(Context) at app/src/main/java/com/github/pockethub/ServicesModule.java:92}","3","3"
"3b1935022332b5e58ff67ba69835cc1979094685","CHANGE_SIGNATURE","{Method commitStore(CommitService) at app/src/main/java/com/github/pockethub/GitHubModule.java:96}","{Method commitStore(Context) at app/src/main/java/com/github/pockethub/GitHubModule.java:96}","8","8"
"3b1935022332b5e58ff67ba69835cc1979094685","CHANGE_SIGNATURE","{Method repo(Repository) at app/src/main/java/com/github/pockethub/Intents.java:226}","{Method repo(Repo) at app/src/main/java/com/github/pockethub/Intents.java:214}","3","3"
"3b1935022332b5e58ff67ba69835cc1979094685","CHANGE_SIGNATURE","{Method gistStore(GistService) at app/src/main/java/com/github/pockethub/GitHubModule.java:86}","{Method gistStore(Context) at app/src/main/java/com/github/pockethub/GitHubModule.java:86}","8","8"
"7b6e71f62136402ce93b495452dd424c533b3a49"
"558f07878219b19d48befe784dd937b3598c0498"
"579a4a9c348e22131903b14a220f2ab548267a38"
"2b86ea04d9ef017677c73221f10594f5f47783f6"
"25503fe69cecf577ae08ca81a21641445195289c"
"132fbd557cda121dec006f4d4b6b2cfcc82474db"
"f825fbd722805787adee60cf78c5f33c6d7faf98"
"3c600da9f654c94f980663dcf8eea8d5a89edc36"
"9d69a53f35a4be6f5fee1d0da1c154bb4289deaf"
"a84568a08676fd328827030ec319dbb866b14702"
"5abfa7299a8c203d9721b86c0f30cb60f083bc6d"
"b619377016661b62dc99384a3220a5bdd50515bc"
"31c41d448cd12bb7065234d3a3070c5a92ef8d1c"
"55e162252ab4525c6ba3cd97746e78cd647442f4"
"d07e20f26fad4e2f8240301e437e14a2e903950c"
"a50512ba621dc0870789d6f35a514ec3653d8094"
"23b1defc9e7348a765fe0b89b12a60ebe07b5093"
