"f19f1a667cc502abb28cb846bcef513de8d93995","CHANGE_SIGNATURE","{Method generateApplyBeanRegistrarsMethod(MethodSpec.Builder, GenerationContext) at spring-context/src/main/java/org/springframework/context/annotation/ConfigurationClassPostProcessor.java:879}","{Method generateApplyBeanRegistrarsMethod(MethodSpec.Builder, GenerationContext, ClassName) at spring-context/src/main/java/org/springframework/context/annotation/ConfigurationClassPostProcessor.java:884}","-875","-880"
"f19f1a667cc502abb28cb846bcef513de8d93995","RENAME","{Class ImportAwareBeanRegistrarConfiguration at spring-context/src/test/java/org/springframework/context/annotation/ConfigurationClassPostProcessorAotContributionTests.java:580}","{Class ImportAwareConfiguration at spring-context/src/test/java/org/springframework/context/annotation/ConfigurationClassPostProcessorAotContributionTests.java:616}","-576","-612"
"f19f1a667cc502abb28cb846bcef513de8d93995","CHANGE_SIGNATURE","{Method generateRegisterCode() at spring-context/src/main/java/org/springframework/context/annotation/ConfigurationClassPostProcessor.java:940}","{Method generateRegisterCode(ClassName, GenerationContext) at spring-context/src/main/java/org/springframework/context/annotation/ConfigurationClassPostProcessor.java:947}","-936","-943"
"69207c6c16848706431541b23b2924bc7a9d53ee"
"f61832ecb803d00d533b68e8f86aabd2e9e674f7"
"14790493f4360542ff6e2531c2407d8b67cff0a3"
"53d9ba879d09c0f6cd5f4b7d2aa6ec7b52ab70c1"
"9d2d9ae0ff15cb07cec787c33d88fccb915c748f"
"c74af40288faf328271ffa34fbc13a35f27ff848","RENAME","{Method stopOrder() at spring-context/src/test/java/org/springframework/context/support/ApplicationContextLifecycleTests.java:87}","{Method autoStartup() at spring-context/src/test/java/org/springframework/context/support/ApplicationContextLifecycleTests.java:101}","-84","-98"
"196c1dd51c118e6b67c50933a3c5e987f20349a2"
"44689b9ec098ad395bac2d647b6baee44bc5712f"
"b916dc962e053083256a2b4d4d6bdbd0d75890ab"
"87d0113b258f86755e82a04768db43a1a15fe3eb"
"cee185ce3b1f7377e72c186def44b8123c2f40da"
"e45727d4fa5cf619b6004331a7bc5e27986726dd"
"bc088ebdef745ce172bcaa57f8ee67be6c484b39","CHANGE_SIGNATURE","{Method new(Instant) at spring-web/src/main/java/org/springframework/web/server/session/InMemoryWebSessionStore.java:187}","{Method new(Instant, Duration) at spring-web/src/main/java/org/springframework/web/server/session/InMemoryWebSessionStore.java:207}","-183","-203"
"f1cf91c9f9d8b0599b1efffc7388f6049d41e370"
"d36475cb4c6a4fe2d2a1e3e5e7c18c2ecd821f4b"
"8b6d7e0da7f65f0e92e96bb9ec2316fa3852e1a4"
"0a86a7e3a8701b425db4628c965fb1f97feedb6b"
"8edde374bb60ab497bebaf05089434d641441b39"
"35b58cd0ee60750d392eb0d292789160b818f940"
"dfc900c7c4042d510ce0cf24353ea5e13a6600be"
"07c0213f2004afc0cc0b580642823adea8be0394"
"667851c0faec68b324dbd4da03c27e41a38c8767"
"96aadc2b12bce37237e053b7f7e1c28b98be328b"
"2c6ccaea052cb59ef20c267a073b015a03aa6f2b"
"62d09be2ae47b0d8bbfa3d4bdcf63592fad80b0d","CHANGE_SIGNATURE","{Method log(String, Object, Exception) at spring-core/src/main/java/org/springframework/core/annotation/IntrospectionFailureLogger.java:60}","{Method log(String, Object, Throwable) at spring-core/src/main/java/org/springframework/core/annotation/IntrospectionFailureLogger.java:72}","-57","-69"
"62d09be2ae47b0d8bbfa3d4bdcf63592fad80b0d","CHANGE_SIGNATURE","{Method canLoad(Annotation) at spring-core/src/main/java/org/springframework/core/annotation/AttributeMethods.java:97}","{Method canLoad(Annotation, AnnotatedElement) at spring-core/src/main/java/org/springframework/core/annotation/AttributeMethods.java:101}","-94","-98"
"62d09be2ae47b0d8bbfa3d4bdcf63592fad80b0d","CHANGE_SIGNATURE","{Method addIfPossible(Deque, AnnotationTypeMapping, Class, Annotation, Set) at spring-core/src/main/java/org/springframework/core/annotation/AnnotationTypeMappings.java:115}","{Method addIfPossible(Deque, AnnotationTypeMapping, Class, Annotation, boolean, Set) at spring-core/src/main/java/org/springframework/core/annotation/AnnotationTypeMappings.java:115}","-112","-112"
"47f65b3dff873a2d39b676fe54adfc71f032ec0e"
"c7e24a5c26753be444f7d5ce8e48594abd8f6aa2"
"a493bd959d0045341f942ea677c363d3ef7b6cb7"
"92e9543ad44bb33cf6d89525e93d6afb0714f137"
"68231aa08c12c11250d969d7886fb19d720a8ab3"
"71d18ebabcdc9581af11c3cc04a7fb0049a07a18"
"3ccb0786db4ea817cc26302dfdc22c20d435a410","EXTRACT","{Method doShutdown() at spring-jms/src/main/java/org/springframework/jms/listener/DefaultMessageListenerContainer.java:730}","{Method clearResourcesInScheduledInvokers() at spring-jms/src/main/java/org/springframework/jms/listener/DefaultMessageListenerContainer.java:914}","-727","-911"
"15c16d2c3a8376929c5955ba89bf43ad5791f0f8"
"5dcb85db8d9e60b2bad4cd78c3159689e0177d68"
"4ae03ecd40d7c2cc7fc85f33b8e5837d8655d1e4","EXTRACT","{Method new(WebsocketInbound, WebsocketOutbound, HandshakeInfo, NettyDataBufferFactory, int) at spring-webflux/src/main/java/org/springframework/web/reactive/socket/adapter/ReactorNettyWebSocketSession.java:67}","{Method getChannelId(WebsocketInbound) at spring-webflux/src/main/java/org/springframework/web/reactive/socket/adapter/ReactorNettyWebSocketSession.java:76}","-64","-73"
"1603045c7d7372b2bd9463f4116b15a7090a0c82"
"ace2b2bac940d15b1605b0ddafe08a2a4e0e09a6"
"f082c435e1cc14593300715a94b2ab712249bd00"
"c6810334cac77ec54cab2ff8030d397eb864e50a","MOVE","{Method addHeaderPredicate(Predicate) at spring-webmvc/src/main/java/org/springframework/web/servlet/mvc/method/annotation/ExtendedServletRequestDataBinder.java:92}","{Method addHeaderPredicate(Predicate) at spring-webmvc/src/main/java/org/springframework/web/servlet/support/ExtendedServletRequestDataBinder.java:92}","-89","-89"
"c6810334cac77ec54cab2ff8030d397eb864e50a","MOVE","{Class ExtendedServletRequestDataBinderTests at spring-webmvc/src/test/java/org/springframework/web/servlet/mvc/method/annotation/ExtendedServletRequestDataBinderTests.java:44}","{Class ExtendedServletRequestDataBinderTests at spring-webmvc/src/test/java/org/springframework/web/servlet/support/ExtendedServletRequestDataBinderTests.java:44}","-42","-42"
"c6810334cac77ec54cab2ff8030d397eb864e50a","MOVE","{Method normalizeHeaderName(String) at spring-webmvc/src/main/java/org/springframework/web/servlet/mvc/method/annotation/ExtendedServletRequestDataBinder.java:175}","{Method normalizeHeaderName(String) at spring-webmvc/src/main/java/org/springframework/web/servlet/support/ExtendedServletRequestDataBinder.java:174}","-172","-171"
"c6810334cac77ec54cab2ff8030d397eb864e50a","MOVE","{Method setHeaderPredicate(Predicate) at spring-webflux/src/main/java/org/springframework/web/reactive/result/method/annotation/ExtendedWebExchangeDataBinder.java:88}","{Method setHeaderPredicate(Predicate) at spring-webflux/src/main/java/org/springframework/web/reactive/result/ExtendedWebExchangeDataBinder.java:87}","-85","-84"
"c6810334cac77ec54cab2ff8030d397eb864e50a","MOVE","{Class ExtendedServletRequestValueResolver at spring-webmvc/src/main/java/org/springframework/web/servlet/mvc/method/annotation/ExtendedServletRequestDataBinder.java:183}","{Class ExtendedServletRequestValueResolver at spring-webmvc/src/main/java/org/springframework/web/servlet/support/ExtendedServletRequestDataBinder.java:182}","-180","-179"
"c6810334cac77ec54cab2ff8030d397eb864e50a","MOVE","{Method getHeaderValue(HttpServletRequest, String) at spring-webmvc/src/main/java/org/springframework/web/servlet/mvc/method/annotation/ExtendedServletRequestDataBinder.java:152}","{Method getHeaderValue(HttpServletRequest, String) at spring-webmvc/src/main/java/org/springframework/web/servlet/support/ExtendedServletRequestDataBinder.java:151}","-149","-148"
"c6810334cac77ec54cab2ff8030d397eb864e50a","MOVE","{Method createValueResolver(ServletRequest) at spring-webmvc/src/main/java/org/springframework/web/servlet/mvc/method/annotation/ExtendedServletRequestDataBinder.java:109}","{Method createValueResolver(ServletRequest) at spring-webmvc/src/main/java/org/springframework/web/servlet/support/ExtendedServletRequestDataBinder.java:108}","-106","-105"
"c6810334cac77ec54cab2ff8030d397eb864e50a","MOVE","{Method addHeaderPredicate(Predicate) at spring-webflux/src/main/java/org/springframework/web/reactive/result/method/annotation/ExtendedWebExchangeDataBinder.java:76}","{Method addHeaderPredicate(Predicate) at spring-webflux/src/main/java/org/springframework/web/reactive/result/ExtendedWebExchangeDataBinder.java:75}","-73","-72"
"c6810334cac77ec54cab2ff8030d397eb864e50a","MOVE","{Method getValuesToBind(ServerWebExchange) at spring-webflux/src/main/java/org/springframework/web/reactive/result/method/annotation/ExtendedWebExchangeDataBinder.java:93}","{Method getValuesToBind(ServerWebExchange) at spring-webflux/src/main/java/org/springframework/web/reactive/result/ExtendedWebExchangeDataBinder.java:92}","-90","-89"
"c6810334cac77ec54cab2ff8030d397eb864e50a","MOVE","{Method addValueIfNotPresent(MutablePropertyValues, String, String, Object) at spring-webmvc/src/main/java/org/springframework/web/servlet/mvc/method/annotation/ExtendedServletRequestDataBinder.java:141}","{Method addValueIfNotPresent(MutablePropertyValues, String, String, Object) at spring-webmvc/src/main/java/org/springframework/web/servlet/support/ExtendedServletRequestDataBinder.java:140}","-138","-137"
"c6810334cac77ec54cab2ff8030d397eb864e50a","MOVE","{Method setHeaderPredicate(Predicate) at spring-webmvc/src/main/java/org/springframework/web/servlet/mvc/method/annotation/ExtendedServletRequestDataBinder.java:104}","{Method setHeaderPredicate(Predicate) at spring-webmvc/src/main/java/org/springframework/web/servlet/support/ExtendedServletRequestDataBinder.java:103}","-101","-100"
"c6810334cac77ec54cab2ff8030d397eb864e50a","MOVE","{Method getUriVars(ServletRequest) at spring-webmvc/src/main/java/org/springframework/web/servlet/mvc/method/annotation/ExtendedServletRequestDataBinder.java:136}","{Method getUriVars(ServletRequest) at spring-webmvc/src/main/java/org/springframework/web/servlet/support/ExtendedServletRequestDataBinder.java:135}","-133","-132"
"c6810334cac77ec54cab2ff8030d397eb864e50a","MOVE","{Method addBindValues(MutablePropertyValues, ServletRequest) at spring-webmvc/src/main/java/org/springframework/web/servlet/mvc/method/annotation/ExtendedServletRequestDataBinder.java:117}","{Method addBindValues(MutablePropertyValues, ServletRequest) at spring-webmvc/src/main/java/org/springframework/web/servlet/support/ExtendedServletRequestDataBinder.java:116}","-114","-113"
"c6810334cac77ec54cab2ff8030d397eb864e50a","MOVE","{Method addValueIfNotPresent(Map, String, String, Object) at spring-webflux/src/main/java/org/springframework/web/reactive/result/method/annotation/ExtendedWebExchangeDataBinder.java:118}","{Method addValueIfNotPresent(Map, String, String, Object) at spring-webflux/src/main/java/org/springframework/web/reactive/result/ExtendedWebExchangeDataBinder.java:117}","-115","-114"
"3b90311c17a60f528615dd5f8944a0e9e308292a"
"946fc6571279f8acf6ec2b3dc3ec4ca9d75cdf40"
"fd25e2f4680c968ea713e607c10c6a2f7c4fcaac"
"46ceedf9924ef36635bec76623f86534aaaffbf0"
"a4b31119289ce6d92cbc4e8f311f26cc13c815e1"
"4c4161c8c0398f19bbd25b82f5fd01719ae0120a","CHANGE_SIGNATURE","{Method createOptionalDependency(DependencyDescriptor, String, final @Nullable...) at spring-beans/src/main/java/org/springframework/beans/factory/support/DefaultListableBeanFactory.java:2333}","{Method createOptionalDependency(DependencyDescriptor, String, Set, Object @Nullable []) at spring-beans/src/main/java/org/springframework/beans/factory/support/DefaultListableBeanFactory.java:2333}","-2330","-2330"
"4c4161c8c0398f19bbd25b82f5fd01719ae0120a","EXTRACT","{Method getValue() at spring-beans/src/main/java/org/springframework/beans/factory/support/DefaultListableBeanFactory.java:2632}","{Method resolveValue(Set) at spring-beans/src/main/java/org/springframework/beans/factory/support/DefaultListableBeanFactory.java:2663}","-2628","-2659"
"61d5413c23cc820b6f2f4408c29408b8b1736ea8"
"08e6d762d283346eb146830827766e0845ba314c"
"7a19cbb452b7a37545d1063e1cacef884b7b6d93","CHANGE_SIGNATURE","{Method canWrite(ResolvableType, Class, MediaType) at spring-web/src/main/java/org/springframework/http/converter/AbstractSmartHttpMessageConverter.java:77}","{Method canWrite(Class, MediaType) at spring-web/src/main/java/org/springframework/http/converter/AbstractSmartHttpMessageConverter.java:76}","-74","-73"
"7a19cbb452b7a37545d1063e1cacef884b7b6d93","CHANGE_SIGNATURE","{Method canRead(ResolvableType, MediaType) at spring-web/src/main/java/org/springframework/http/converter/AbstractSmartHttpMessageConverter.java:71}","{Method canRead(Class, MediaType) at spring-web/src/main/java/org/springframework/http/converter/AbstractSmartHttpMessageConverter.java:71}","-68","-68"
"7a19cbb452b7a37545d1063e1cacef884b7b6d93","CHANGE_SIGNATURE","{Method canWrite(Class, MediaType) at spring-web/src/main/java/org/springframework/http/converter/AbstractJacksonHttpMessageConverter.java:270}","{Method canWrite(ResolvableType, Class, MediaType) at spring-web/src/main/java/org/springframework/http/converter/AbstractJacksonHttpMessageConverter.java:270}","-267","-267"
"2f1e1d483a0f2f9a63ff7f2246e262b7e4fef11d"
"24d152cdabd02197b2200aa356d272248fde18e5"
"cc530d4df2e265095142cd09341c7903f72dbbb3","RENAME","{Method generatedWhenBeanReferenceByType() at spring-beans/src/test/java/org/springframework/beans/factory/aot/BeanDefinitionPropertyValueCodeGeneratorDelegatesTests.java:479}","{Method generatedWhenRuntimeBeanReferenceByType() at spring-beans/src/test/java/org/springframework/beans/factory/aot/BeanDefinitionPropertyValueCodeGeneratorDelegatesTests.java:480}","-475","-476"
"cc530d4df2e265095142cd09341c7903f72dbbb3","RENAME","{Method generatedWhenBeanReferenceByName() at spring-beans/src/test/java/org/springframework/beans/factory/aot/BeanDefinitionPropertyValueCodeGeneratorDelegatesTests.java:469}","{Method generatedWhenRuntimeBeanReferenceByName() at spring-beans/src/test/java/org/springframework/beans/factory/aot/BeanDefinitionPropertyValueCodeGeneratorDelegatesTests.java:470}","-465","-466"
"6c3132cb8cd67c5e9451b48d4dcb440fb28e484c"
"a15274d43148afc131ac6a3f9ef9a974c7de58a1"
"45d4fd3b7ee67ecbb56b6786fbcdd2f8c872e382"
"3fd5d699390b709a68a142a539410d601b067603"
"8647c44364fe9a48938df76d9059b5bf77b417fd"
"6504177e7ba576d8457e014fed5deb2cb421c4ef"
"c1125699bbc001b05c97acaa27db84202822a536"
"f58d0f6aaee53e05aa7940c5f284a447f624ea9c"
"c1b6bfb6818a91ec2b7ec16a73562b57c8283b01"
"9d4abb63d8151265f96449a625810f4b7390847a"
"a9a404266c25a82b0f3a4286053f69ce0c8fb008"
"b29f4ed37edf0da0f41dc19c4ac56ba0d445fca6","EXTRACT","{Method bind(Class, Consumer) at spring-webmvc/src/main/java/org/springframework/web/servlet/function/DefaultServerRequest.java:248}","{Method doBind(Class, Consumer, HttpServletRequest) at spring-webmvc/src/main/java/org/springframework/web/servlet/function/DefaultServerRequest.java:253}","-245","-250"
"b29f4ed37edf0da0f41dc19c4ac56ba0d445fca6","EXTRACT_MOVE","{Method bind(Class, Consumer) at spring-webmvc/src/main/java/org/springframework/web/servlet/function/DefaultServerRequestBuilder.java:345}","{Method doBind(Class, Consumer, HttpServletRequest) at spring-webmvc/src/main/java/org/springframework/web/servlet/function/DefaultServerRequest.java:253}","-341","-250"
"4847ee80b0450f6328d319f9dc853dbda8258b3a"
"f4ee120a423c069ddfc94076cc49e02ec9d797d5"
"e625a28f6def72f72be0b9821d3d71c0a82ee7f6"
"45c1cd9295a6da25cdb426a0e9895babbc4ba3ca"
"2641b5d783aac7c76acb8db86bd2ed5b4112158f"
"dc0c463137ff50de718f02ffbbf35c7286dd2aab"
"83bbf16e6ca72de3f34832a4a098a0467f89ecf7"
"3686b89ab57a84d8298163298502454dee23881b"
"85ca9f46dd9e91604846b249927b271671f624a1"
"e2287020c355ec7e4173a5046329ee56d733a8b7"
"9e18c75ff1a9493b24daf9a23ee10894ca047abf"
"fb9f31d1010587832cd74f13540a40138e32d3fb"
"4ee0a8ee3321df8055dce16eb645aca8bf6f1ee5"
"f3908832c5fa14f8d303fa205648dde13a82ecb4"
"c10266e57ea5160c9d753efdb40f7de2d710a75e"
"1b6b163f247b9c232f807f13cf21135f4e3e86b7"
"8642a39a0359ff08ed708b236fd4bba3cb7998c1"
"f62cc98a9782070969dbf933e957521b7bb1dcbf"
"c599775a9e6fb08a1d6c12157a35c042d95c384b"
"4bc97ad532708479ec17dc13031417974b504555"
"abec289e9f7284c657b8762d0d5fdee6ea89e6da"
"3026f0a49badf4c235df9dd1c756e771c6b8f303"
"9fe4e7798d77123119efa4cb502d611d078f049f"
"d178930186c630d4df858cf87b098b63d69084c8"
"91d2a51f3f3d766db1e9e7e0d0141a970c7b1e15"
"f456674529a24bc0f9585855874c97f84fad2232"
"35b8fbf90110d4705a9661cf64caa734592dc5c0"
"1d1851f48aa998dc200ff302fac7cd19bc8ff766"
"23f0cfb9256a823b7e758ec4fc08daf873d9ccc1"
"2cca56064e471907ec033add66cbd84e7de0732f"
"e0353fe75f92c2261bd4d1b33fb52dfc93b60374"
"f80b79bc45bb42a8d420657d21a60975dd4bb4db"
"adffd3dcf6edd22167e652371f5f5ab5eb9afd5b"
"284a28659dee87e2a70dd2fa19fbfbec541d0763"
"57a1d4007b82eb6da333d2bc3cd62612ec86f1df"
"bc3431f435684dfa1b900a9f64e34c2c41f8ac68"
"de5b9aab55f40365212949883f58d08bc6ed58a3"
"f72891c24d1f0fa2ffd4f3884b0c05677b049ddc"
"fac8708857734c17d88e9a64a34feed40fd2f550","CHANGE_SIGNATURE","{Method matchSpecificSecond(Date, TimeZone) at spring-context/src/test/java/org/springframework/scheduling/support/CronTriggerTests.java:78}","{Method matchSpecificSecond() at spring-context/src/test/java/org/springframework/scheduling/support/CronTriggerTests.java:83}","-75","-80"
"fac8708857734c17d88e9a64a34feed40fd2f550","CHANGE_SIGNATURE","{Method dailyTriggerOnDaylightSavingBoundary(Date, TimeZone) at spring-context/src/test/java/org/springframework/scheduling/support/CronTriggerTests.java:317}","{Method dailyTriggerOnDaylightSavingBoundary() at spring-context/src/test/java/org/springframework/scheduling/support/CronTriggerTests.java:292}","-314","-289"
"fac8708857734c17d88e9a64a34feed40fd2f550","CHANGE_SIGNATURE","{Method sundayIsZero(Date, TimeZone) at spring-context/src/test/java/org/springframework/scheduling/support/CronTriggerTests.java:659}","{Method sundayIsZero() at spring-context/src/test/java/org/springframework/scheduling/support/CronTriggerTests.java:594}","-656","-591"
"fac8708857734c17d88e9a64a34feed40fd2f550","CHANGE_SIGNATURE","{Method daylightSavingMissingHour(Date, TimeZone) at spring-context/src/test/java/org/springframework/scheduling/support/CronTriggerTests.java:815}","{Method daylightSavingMissingHour() at spring-context/src/test/java/org/springframework/scheduling/support/CronTriggerTests.java:714}","-812","-711"
"fac8708857734c17d88e9a64a34feed40fd2f550","CHANGE_SIGNATURE","{Method incrementDayOfWeekByOne(Date, TimeZone) at spring-context/src/test/java/org/springframework/scheduling/support/CronTriggerTests.java:415}","{Method incrementDayOfWeekByOne() at spring-context/src/test/java/org/springframework/scheduling/support/CronTriggerTests.java:380}","-412","-377"
"fac8708857734c17d88e9a64a34feed40fd2f550","CHANGE_SIGNATURE","{Method incrementDayOfMonthByOne(Date, TimeZone) at spring-context/src/test/java/org/springframework/scheduling/support/CronTriggerTests.java:244}","{Method incrementDayOfMonthByOne() at spring-context/src/test/java/org/springframework/scheduling/support/CronTriggerTests.java:227}","-241","-224"
"fac8708857734c17d88e9a64a34feed40fd2f550","CHANGE_SIGNATURE","{Method incrementDayOfMonth(Date, TimeZone) at spring-context/src/test/java/org/springframework/scheduling/support/CronTriggerTests.java:222}","{Method incrementDayOfMonth() at spring-context/src/test/java/org/springframework/scheduling/support/CronTriggerTests.java:207}","-219","-204"
"fac8708857734c17d88e9a64a34feed40fd2f550","CHANGE_SIGNATURE","{Method minuteRangeInvalid(Date, TimeZone) at spring-context/src/test/java/org/springframework/scheduling/support/CronTriggerTests.java:716}","{Method minuteRangeInvalid() at spring-context/src/test/java/org/springframework/scheduling/support/CronTriggerTests.java:637}","-713","-634"
"fac8708857734c17d88e9a64a34feed40fd2f550","CHANGE_SIGNATURE","{Method incrementMonthAndRollover(Date, TimeZone) at spring-context/src/test/java/org/springframework/scheduling/support/CronTriggerTests.java:359}","{Method incrementMonthAndRollover() at spring-context/src/test/java/org/springframework/scheduling/support/CronTriggerTests.java:330}","-356","-327"
"fac8708857734c17d88e9a64a34feed40fd2f550","CHANGE_SIGNATURE","{Method specificMinuteSecond(Date, TimeZone) at spring-context/src/test/java/org/springframework/scheduling/support/CronTriggerTests.java:447}","{Method specificMinuteSecond() at spring-context/src/test/java/org/springframework/scheduling/support/CronTriggerTests.java:408}","-444","-405"
"fac8708857734c17d88e9a64a34feed40fd2f550","CHANGE_SIGNATURE","{Method specificDate(Date, TimeZone) at spring-context/src/test/java/org/springframework/scheduling/support/CronTriggerTests.java:528}","{Method specificDate() at spring-context/src/test/java/org/springframework/scheduling/support/CronTriggerTests.java:481}","-525","-478"
"fac8708857734c17d88e9a64a34feed40fd2f550","CHANGE_SIGNATURE","{Method dailyTriggerInShortMonth(Date, TimeZone) at spring-context/src/test/java/org/springframework/scheduling/support/CronTriggerTests.java:275}","{Method dailyTriggerInShortMonth() at spring-context/src/test/java/org/springframework/scheduling/support/CronTriggerTests.java:254}","-272","-251"
"fac8708857734c17d88e9a64a34feed40fd2f550","CHANGE_SIGNATURE","{Method dailyTriggerInLongMonth(Date, TimeZone) at spring-context/src/test/java/org/springframework/scheduling/support/CronTriggerTests.java:296}","{Method dailyTriggerInLongMonth() at spring-context/src/test/java/org/springframework/scheduling/support/CronTriggerTests.java:273}","-293","-270"
"fac8708857734c17d88e9a64a34feed40fd2f550","CHANGE_SIGNATURE","{Method whitespace(Date, TimeZone) at spring-context/src/test/java/org/springframework/scheduling/support/CronTriggerTests.java:779}","{Method whitespace() at spring-context/src/test/java/org/springframework/scheduling/support/CronTriggerTests.java:682}","-776","-679"
"fac8708857734c17d88e9a64a34feed40fd2f550","CHANGE_SIGNATURE","{Method hourInvalid(Date, TimeZone) at spring-context/src/test/java/org/springframework/scheduling/support/CronTriggerTests.java:723}","{Method hourInvalid() at spring-context/src/test/java/org/springframework/scheduling/support/CronTriggerTests.java:642}","-720","-639"
"fac8708857734c17d88e9a64a34feed40fd2f550","CHANGE_SIGNATURE","{Method matchAll(Date, TimeZone) at spring-context/src/test/java/org/springframework/scheduling/support/CronTriggerTests.java:59}","{Method matchAll() at spring-context/src/test/java/org/springframework/scheduling/support/CronTriggerTests.java:68}","-56","-65"
"fac8708857734c17d88e9a64a34feed40fd2f550","CHANGE_SIGNATURE","{Method leapYearSpecificDate(Date, TimeZone) at spring-context/src/test/java/org/springframework/scheduling/support/CronTriggerTests.java:563}","{Method leapYearSpecificDate() at spring-context/src/test/java/org/springframework/scheduling/support/CronTriggerTests.java:512}","-560","-509"
"fac8708857734c17d88e9a64a34feed40fd2f550","CHANGE_SIGNATURE","{Method incrementHourAndRollover(Date, TimeZone) at spring-context/src/test/java/org/springframework/scheduling/support/CronTriggerTests.java:200}","{Method incrementHourAndRollover() at spring-context/src/test/java/org/springframework/scheduling/support/CronTriggerTests.java:187}","-197","-184"
"fac8708857734c17d88e9a64a34feed40fd2f550","CHANGE_SIGNATURE","{Method secondRangeInvalid(Date, TimeZone) at spring-context/src/test/java/org/springframework/scheduling/support/CronTriggerTests.java:702}","{Method secondRangeInvalid() at spring-context/src/test/java/org/springframework/scheduling/support/CronTriggerTests.java:627}","-699","-624"
"fac8708857734c17d88e9a64a34feed40fd2f550","CHANGE_SIGNATURE","{Method weekDaySequence(Date, TimeZone) at spring-context/src/test/java/org/springframework/scheduling/support/CronTriggerTests.java:586}","{Method weekDaySequence() at spring-context/src/test/java/org/springframework/scheduling/support/CronTriggerTests.java:533}","-583","-530"
"fac8708857734c17d88e9a64a34feed40fd2f550","CHANGE_SIGNATURE","{Method hourRangeInvalid(Date, TimeZone) at spring-context/src/test/java/org/springframework/scheduling/support/CronTriggerTests.java:730}","{Method hourRangeInvalid() at spring-context/src/test/java/org/springframework/scheduling/support/CronTriggerTests.java:647}","-727","-644"
"fac8708857734c17d88e9a64a34feed40fd2f550","CHANGE_SIGNATURE","{Method dayOfMonthInvalid(Date, TimeZone) at spring-context/src/test/java/org/springframework/scheduling/support/CronTriggerTests.java:765}","{Method dayOfMonthInvalid() at spring-context/src/test/java/org/springframework/scheduling/support/CronTriggerTests.java:672}","-762","-669"
"fac8708857734c17d88e9a64a34feed40fd2f550","CHANGE_SIGNATURE","{Method incrementMonth(Date, TimeZone) at spring-context/src/test/java/org/springframework/scheduling/support/CronTriggerTests.java:338}","{Method incrementMonth() at spring-context/src/test/java/org/springframework/scheduling/support/CronTriggerTests.java:311}","-335","-308"
"fac8708857734c17d88e9a64a34feed40fd2f550","CHANGE_SIGNATURE","{Method incrementDayOfWeekAndRollover(Date, TimeZone) at spring-context/src/test/java/org/springframework/scheduling/support/CronTriggerTests.java:431}","{Method incrementDayOfWeekAndRollover() at spring-context/src/test/java/org/springframework/scheduling/support/CronTriggerTests.java:394}","-428","-391"
"fac8708857734c17d88e9a64a34feed40fd2f550","CHANGE_SIGNATURE","{Method incrementHour(Date, TimeZone) at spring-context/src/test/java/org/springframework/scheduling/support/CronTriggerTests.java:179}","{Method incrementHour() at spring-context/src/test/java/org/springframework/scheduling/support/CronTriggerTests.java:168}","-176","-165"
"fac8708857734c17d88e9a64a34feed40fd2f550","CHANGE_SIGNATURE","{Method incrementSecondWithPreviousExecutionTooEarly(Date, TimeZone) at spring-context/src/test/java/org/springframework/scheduling/support/CronTriggerTests.java:100}","{Method incrementSecondWithPreviousExecutionTooEarly() at spring-context/src/test/java/org/springframework/scheduling/support/CronTriggerTests.java:101}","-97","-98"
"fac8708857734c17d88e9a64a34feed40fd2f550","CHANGE_SIGNATURE","{Method specificMinuteHour(Date, TimeZone) at spring-context/src/test/java/org/springframework/scheduling/support/CronTriggerTests.java:486}","{Method specificMinuteHour() at spring-context/src/test/java/org/springframework/scheduling/support/CronTriggerTests.java:443}","-483","-440"
"fac8708857734c17d88e9a64a34feed40fd2f550","CHANGE_SIGNATURE","{Method monthNames(Date, TimeZone) at spring-context/src/test/java/org/springframework/scheduling/support/CronTriggerTests.java:677}","{Method monthNames() at spring-context/src/test/java/org/springframework/scheduling/support/CronTriggerTests.java:608}","-674","-605"
"fac8708857734c17d88e9a64a34feed40fd2f550","CHANGE_SIGNATURE","{Method incrementMinuteByOne(Date, TimeZone) at spring-context/src/test/java/org/springframework/scheduling/support/CronTriggerTests.java:154}","{Method incrementMinuteByOne() at spring-context/src/test/java/org/springframework/scheduling/support/CronTriggerTests.java:147}","-151","-144"
"fac8708857734c17d88e9a64a34feed40fd2f550","CHANGE_SIGNATURE","{Method dayInvalid(Date, TimeZone) at spring-context/src/test/java/org/springframework/scheduling/support/CronTriggerTests.java:737}","{Method dayInvalid() at spring-context/src/test/java/org/springframework/scheduling/support/CronTriggerTests.java:652}","-734","-649"
"fac8708857734c17d88e9a64a34feed40fd2f550","RENAME","{Method setup(Date, TimeZone) at spring-context/src/test/java/org/springframework/scheduling/support/CronTriggerTests.java:52}","{Method new(Date, TimeZone) at spring-context/src/test/java/org/springframework/scheduling/support/CronTriggerTests.java:59}","-49","-56"
"fac8708857734c17d88e9a64a34feed40fd2f550","CHANGE_SIGNATURE","{Method incrementSecondByOne(Date, TimeZone) at spring-context/src/test/java/org/springframework/scheduling/support/CronTriggerTests.java:88}","{Method incrementSecondByOne() at spring-context/src/test/java/org/springframework/scheduling/support/CronTriggerTests.java:91}","-85","-88"
"fac8708857734c17d88e9a64a34feed40fd2f550","CHANGE_SIGNATURE","{Method dayNames(Date, TimeZone) at spring-context/src/test/java/org/springframework/scheduling/support/CronTriggerTests.java:650}","{Method dayNames() at spring-context/src/test/java/org/springframework/scheduling/support/CronTriggerTests.java:587}","-647","-584"
"fac8708857734c17d88e9a64a34feed40fd2f550","CHANGE_SIGNATURE","{Method specificHourSecond(Date, TimeZone) at spring-context/src/test/java/org/springframework/scheduling/support/CronTriggerTests.java:466}","{Method specificHourSecond() at spring-context/src/test/java/org/springframework/scheduling/support/CronTriggerTests.java:425}","-463","-422"
"fac8708857734c17d88e9a64a34feed40fd2f550","CHANGE_SIGNATURE","{Method secondInvalid(Date, TimeZone) at spring-context/src/test/java/org/springframework/scheduling/support/CronTriggerTests.java:695}","{Method secondInvalid() at spring-context/src/test/java/org/springframework/scheduling/support/CronTriggerTests.java:622}","-692","-619"
"fac8708857734c17d88e9a64a34feed40fd2f550","CHANGE_SIGNATURE","{Method matchLastSecond(Date, TimeZone) at spring-context/src/test/java/org/springframework/scheduling/support/CronTriggerTests.java:68}","{Method matchLastSecond() at spring-context/src/test/java/org/springframework/scheduling/support/CronTriggerTests.java:75}","-65","-72"
"fac8708857734c17d88e9a64a34feed40fd2f550","CHANGE_SIGNATURE","{Method secondIncrementerWithRange(Date, TimeZone) at spring-context/src/test/java/org/springframework/scheduling/support/CronTriggerTests.java:632}","{Method secondIncrementerWithRange() at spring-context/src/test/java/org/springframework/scheduling/support/CronTriggerTests.java:573}","-629","-570"
"fac8708857734c17d88e9a64a34feed40fd2f550","CHANGE_SIGNATURE","{Method secondIncrementer(Date, TimeZone) at spring-context/src/test/java/org/springframework/scheduling/support/CronTriggerTests.java:623}","{Method secondIncrementer() at spring-context/src/test/java/org/springframework/scheduling/support/CronTriggerTests.java:566}","-620","-563"
"fac8708857734c17d88e9a64a34feed40fd2f550","CHANGE_SIGNATURE","{Method dayRangeInvalid(Date, TimeZone) at spring-context/src/test/java/org/springframework/scheduling/support/CronTriggerTests.java:744}","{Method dayRangeInvalid() at spring-context/src/test/java/org/springframework/scheduling/support/CronTriggerTests.java:657}","-741","-654"
"fac8708857734c17d88e9a64a34feed40fd2f550","CHANGE_SIGNATURE","{Method monthInvalid(Date, TimeZone) at spring-context/src/test/java/org/springframework/scheduling/support/CronTriggerTests.java:751}","{Method monthInvalid() at spring-context/src/test/java/org/springframework/scheduling/support/CronTriggerTests.java:662}","-748","-659"
"fac8708857734c17d88e9a64a34feed40fd2f550","CHANGE_SIGNATURE","{Method monthlyTriggerInShortMonth(Date, TimeZone) at spring-context/src/test/java/org/springframework/scheduling/support/CronTriggerTests.java:398}","{Method monthlyTriggerInShortMonth() at spring-context/src/test/java/org/springframework/scheduling/support/CronTriggerTests.java:365}","-395","-362"
"fac8708857734c17d88e9a64a34feed40fd2f550","CHANGE_SIGNATURE","{Method incrementSecondAndRollover(Date, TimeZone) at spring-context/src/test/java/org/springframework/scheduling/support/CronTriggerTests.java:113}","{Method incrementSecondAndRollover() at spring-context/src/test/java/org/springframework/scheduling/support/CronTriggerTests.java:112}","-110","-109"
"fac8708857734c17d88e9a64a34feed40fd2f550","CHANGE_SIGNATURE","{Method monthInvalidTooSmall(Date, TimeZone) at spring-context/src/test/java/org/springframework/scheduling/support/CronTriggerTests.java:758}","{Method monthInvalidTooSmall() at spring-context/src/test/java/org/springframework/scheduling/support/CronTriggerTests.java:667}","-755","-664"
"fac8708857734c17d88e9a64a34feed40fd2f550","CHANGE_SIGNATURE","{Method secondRange(Date, TimeZone) at spring-context/src/test/java/org/springframework/scheduling/support/CronTriggerTests.java:125}","{Method secondRange() at spring-context/src/test/java/org/springframework/scheduling/support/CronTriggerTests.java:122}","-122","-119"
"fac8708857734c17d88e9a64a34feed40fd2f550","CHANGE_SIGNATURE","{Method nonExistentSpecificDate(Date, TimeZone) at spring-context/src/test/java/org/springframework/scheduling/support/CronTriggerTests.java:550}","{Method nonExistentSpecificDate() at spring-context/src/test/java/org/springframework/scheduling/support/CronTriggerTests.java:501}","-547","-498"
"fac8708857734c17d88e9a64a34feed40fd2f550","CHANGE_SIGNATURE","{Method incrementDayOfMonthAndRollover(Date, TimeZone) at spring-context/src/test/java/org/springframework/scheduling/support/CronTriggerTests.java:259}","{Method incrementDayOfMonthAndRollover() at spring-context/src/test/java/org/springframework/scheduling/support/CronTriggerTests.java:240}","-256","-237"
"fac8708857734c17d88e9a64a34feed40fd2f550","CHANGE_SIGNATURE","{Method monthSequence(Date, TimeZone) at spring-context/src/test/java/org/springframework/scheduling/support/CronTriggerTests.java:788}","{Method monthSequence() at spring-context/src/test/java/org/springframework/scheduling/support/CronTriggerTests.java:689}","-785","-686"
"fac8708857734c17d88e9a64a34feed40fd2f550","CHANGE_SIGNATURE","{Method monthNamesMixedCase(Date, TimeZone) at spring-context/src/test/java/org/springframework/scheduling/support/CronTriggerTests.java:686}","{Method monthNamesMixedCase() at spring-context/src/test/java/org/springframework/scheduling/support/CronTriggerTests.java:615}","-683","-612"
"fac8708857734c17d88e9a64a34feed40fd2f550","CHANGE_SIGNATURE","{Method incrementMinute(Date, TimeZone) at spring-context/src/test/java/org/springframework/scheduling/support/CronTriggerTests.java:136}","{Method incrementMinute() at spring-context/src/test/java/org/springframework/scheduling/support/CronTriggerTests.java:131}","-133","-128"
"fac8708857734c17d88e9a64a34feed40fd2f550","CHANGE_SIGNATURE","{Method incrementMinuteAndRollover(Date, TimeZone) at spring-context/src/test/java/org/springframework/scheduling/support/CronTriggerTests.java:166}","{Method incrementMinuteAndRollover() at spring-context/src/test/java/org/springframework/scheduling/support/CronTriggerTests.java:157}","-163","-154"
"fac8708857734c17d88e9a64a34feed40fd2f550","CHANGE_SIGNATURE","{Method hourIncrementer(Date, TimeZone) at spring-context/src/test/java/org/springframework/scheduling/support/CronTriggerTests.java:641}","{Method hourIncrementer() at spring-context/src/test/java/org/springframework/scheduling/support/CronTriggerTests.java:580}","-638","-577"
"fac8708857734c17d88e9a64a34feed40fd2f550","CHANGE_SIGNATURE","{Method specificDayOfMonthSecond(Date, TimeZone) at spring-context/src/test/java/org/springframework/scheduling/support/CronTriggerTests.java:507}","{Method specificDayOfMonthSecond() at spring-context/src/test/java/org/springframework/scheduling/support/CronTriggerTests.java:462}","-504","-459"
"fac8708857734c17d88e9a64a34feed40fd2f550","CHANGE_SIGNATURE","{Method dayOfWeekIndifferent(Date, TimeZone) at spring-context/src/test/java/org/springframework/scheduling/support/CronTriggerTests.java:614}","{Method dayOfWeekIndifferent() at spring-context/src/test/java/org/springframework/scheduling/support/CronTriggerTests.java:559}","-611","-556"
"fac8708857734c17d88e9a64a34feed40fd2f550","CHANGE_SIGNATURE","{Method sundaySynonym(Date, TimeZone) at spring-context/src/test/java/org/springframework/scheduling/support/CronTriggerTests.java:668}","{Method sundaySynonym() at spring-context/src/test/java/org/springframework/scheduling/support/CronTriggerTests.java:601}","-665","-598"
"fac8708857734c17d88e9a64a34feed40fd2f550","CHANGE_SIGNATURE","{Method monthlyTriggerInLongMonth(Date, TimeZone) at spring-context/src/test/java/org/springframework/scheduling/support/CronTriggerTests.java:382}","{Method monthlyTriggerInLongMonth() at spring-context/src/test/java/org/springframework/scheduling/support/CronTriggerTests.java:351}","-379","-348"
"fac8708857734c17d88e9a64a34feed40fd2f550","CHANGE_SIGNATURE","{Method minuteInvalid(Date, TimeZone) at spring-context/src/test/java/org/springframework/scheduling/support/CronTriggerTests.java:709}","{Method minuteInvalid() at spring-context/src/test/java/org/springframework/scheduling/support/CronTriggerTests.java:632}","-706","-629"
"fac8708857734c17d88e9a64a34feed40fd2f550","CHANGE_SIGNATURE","{Method monthRangeInvalid(Date, TimeZone) at spring-context/src/test/java/org/springframework/scheduling/support/CronTriggerTests.java:772}","{Method monthRangeInvalid() at spring-context/src/test/java/org/springframework/scheduling/support/CronTriggerTests.java:677}","-769","-674"
"0342cd0904d4889694bd2c3e1127a720bf79b9ac","MOVE_RENAME","{Method unescapeHandlesSupplementaryCharactersAsHexadecimal() at spring-web/src/test/java/org/springframework/web/util/HtmlCharacterEntityDecoderTests.java:37}","{Method htmlUnescapeHandlesSupplementaryCharactersAsHexadecimal() at spring-web/src/test/java/org/springframework/web/util/HtmlUtilsTests.java:86}","-34","-83"
"0342cd0904d4889694bd2c3e1127a720bf79b9ac","RENAME","{Method testHtmlUnescape() at spring-web/src/test/java/org/springframework/web/util/HtmlUtilsTests.java:41}","{Method htmlUnescape() at spring-web/src/test/java/org/springframework/web/util/HtmlUtilsTests.java:71}","-38","-68"
"0342cd0904d4889694bd2c3e1127a720bf79b9ac","MOVE_RENAME","{Method unescapeHandlesSupplementaryCharactersAsDecimal() at spring-web/src/test/java/org/springframework/web/util/HtmlCharacterEntityDecoderTests.java:29}","{Method htmlUnescapeHandlesSupplementaryCharactersAsDecimal() at spring-web/src/test/java/org/springframework/web/util/HtmlUtilsTests.java:78}","-26","-75"
"0342cd0904d4889694bd2c3e1127a720bf79b9ac","RENAME","{Method testDecodeFromHtmlCharacterSet() at spring-web/src/test/java/org/springframework/web/util/HtmlUtilsTests.java:77}","{Method htmlUnescapeFromHtmlCharacterSet() at spring-web/src/test/java/org/springframework/web/util/HtmlUtilsTests.java:102}","-74","-99"
"0342cd0904d4889694bd2c3e1127a720bf79b9ac","RENAME","{Method testEncodeIntoHtmlCharacterSetFromUtf8() at spring-web/src/test/java/org/springframework/web/util/HtmlUtilsTests.java:64}","{Method htmlEscapeIntoHtmlCharacterSetFromUtf8() at spring-web/src/test/java/org/springframework/web/util/HtmlUtilsTests.java:58}","-61","-55"
"0342cd0904d4889694bd2c3e1127a720bf79b9ac","MOVE_RENAME","{Method unescapeHandlesBasicEntities() at spring-web/src/test/java/org/springframework/web/util/HtmlCharacterEntityDecoderTests.java:45}","{Method htmlUnescapeHandlesBasicEntities() at spring-web/src/test/java/org/springframework/web/util/HtmlUtilsTests.java:94}","-42","-91"
"0342cd0904d4889694bd2c3e1127a720bf79b9ac","RENAME","{Method testHtmlEscape() at spring-web/src/test/java/org/springframework/web/util/HtmlUtilsTests.java:30}","{Method htmlEscape() at spring-web/src/test/java/org/springframework/web/util/HtmlUtilsTests.java:32}","-27","-29"
"0342cd0904d4889694bd2c3e1127a720bf79b9ac","RENAME","{Method testEncodeIntoHtmlCharacterSet() at spring-web/src/test/java/org/springframework/web/util/HtmlUtilsTests.java:48}","{Method htmlEscapeIntoHtmlCharacterSet() at spring-web/src/test/java/org/springframework/web/util/HtmlUtilsTests.java:43}","-45","-40"
"e0fd42981afd5393dd6c03ea22917d902c195a67"
"87d95dc30a6a2034ffca86c3f40250cbbacb2a55","RENAME","{Class HtmlCharacterEntityDecoderTest at spring-web/src/test/java/org/springframework/web/util/HtmlCharacterEntityDecoderTest.java:8}","{Class HtmlCharacterEntityDecoderTests at spring-web/src/test/java/org/springframework/web/util/HtmlCharacterEntityDecoderTests.java:27}","-6","-25"
"47de8b05e68ce3819181748c194a2e64c9c5dcbf"
"3b6be3d4d3fa375735cc27b2a95e87a00a0531bf"
"6115c3966c2e88aac3b66ef0b8ee9ff7cf503bf1"
"09a8bbc0c7113b09bca26c6ede44fb1b26c73d9b"
"ed7590683467efcea27507bd5cfab6acc006239c","EXTRACT_MOVE","{Method createReferenceArray(int) at spring-core/src/main/java/org/springframework/util/ConcurrentReferenceHashMap.java:770}","{Method size() at spring-core/src/main/java/org/springframework/util/ConcurrentReferenceHashMap.java:1087}","-766","-1083"
"ed7590683467efcea27507bd5cfab6acc006239c","EXTRACT_MOVE","{Method clear() at spring-core/src/main/java/org/springframework/util/ConcurrentReferenceHashMap.java:466}","{Method clear() at spring-core/src/main/java/org/springframework/util/ConcurrentReferenceHashMap.java:1097}","-463","-1093"
"ed7590683467efcea27507bd5cfab6acc006239c","EXTRACT_MOVE","{Method size() at spring-core/src/main/java/org/springframework/util/ConcurrentReferenceHashMap.java:970}","{Method size() at spring-core/src/main/java/org/springframework/util/ConcurrentReferenceHashMap.java:1087}","-966","-1083"
"ed7590683467efcea27507bd5cfab6acc006239c","EXTRACT_MOVE","{Method containsViaEntrySet() at spring-core/src/test/java/org/springframework/util/ConcurrentReferenceHashMapTests.java:524}","{Method clear() at spring-core/src/main/java/org/springframework/util/ConcurrentReferenceHashMap.java:1097}","-521","-1093"
"ed7590683467efcea27507bd5cfab6acc006239c","EXTRACT_MOVE","{Method containsViaEntrySet() at spring-core/src/test/java/org/springframework/util/ConcurrentReferenceHashMapTests.java:524}","{Method clear() at spring-core/src/main/java/org/springframework/util/ConcurrentReferenceHashMap.java:1039}","-521","-1035"
"ed7590683467efcea27507bd5cfab6acc006239c","EXTRACT_MOVE","{Method clear() at spring-core/src/main/java/org/springframework/util/ConcurrentReferenceHashMap.java:975}","{Method clear() at spring-core/src/main/java/org/springframework/util/ConcurrentReferenceHashMap.java:1039}","-971","-1035"
"ed7590683467efcea27507bd5cfab6acc006239c","EXTRACT_MOVE","{Method new(int, float, int, ReferenceType) at spring-core/src/main/java/org/springframework/util/ConcurrentReferenceHashMap.java:172}","{Method size() at spring-core/src/main/java/org/springframework/util/ConcurrentReferenceHashMap.java:1029}","-169","-1025"
"ed7590683467efcea27507bd5cfab6acc006239c","EXTRACT_MOVE","{Method clear() at spring-core/src/main/java/org/springframework/util/ConcurrentReferenceHashMap.java:975}","{Method clear() at spring-core/src/main/java/org/springframework/util/ConcurrentReferenceHashMap.java:1097}","-971","-1093"
"ed7590683467efcea27507bd5cfab6acc006239c","EXTRACT_MOVE","{Method size() at spring-core/src/main/java/org/springframework/util/ConcurrentReferenceHashMap.java:486}","{Method size() at spring-core/src/main/java/org/springframework/util/ConcurrentReferenceHashMap.java:1087}","-483","-1083"
"ed7590683467efcea27507bd5cfab6acc006239c","EXTRACT_MOVE","{Method clear() at spring-core/src/main/java/org/springframework/util/ConcurrentReferenceHashMap.java:466}","{Method clear() at spring-core/src/main/java/org/springframework/util/ConcurrentReferenceHashMap.java:1039}","-463","-1035"
"ed7590683467efcea27507bd5cfab6acc006239c","EXTRACT_MOVE","{Method clear() at spring-core/src/test/java/org/springframework/util/ConcurrentReferenceHashMapTests.java:429}","{Method clear() at spring-core/src/main/java/org/springframework/util/ConcurrentReferenceHashMap.java:1097}","-426","-1093"
"ed7590683467efcea27507bd5cfab6acc006239c","EXTRACT_MOVE","{Method new(int, float, int, ReferenceType) at spring-core/src/main/java/org/springframework/util/ConcurrentReferenceHashMap.java:172}","{Method size() at spring-core/src/main/java/org/springframework/util/ConcurrentReferenceHashMap.java:1087}","-169","-1083"
"ed7590683467efcea27507bd5cfab6acc006239c","EXTRACT_MOVE","{Method restructure(boolean, Reference) at spring-core/src/main/java/org/springframework/util/ConcurrentReferenceHashMap.java:676}","{Method size() at spring-core/src/main/java/org/springframework/util/ConcurrentReferenceHashMap.java:1087}","-672","-1083"
"ed7590683467efcea27507bd5cfab6acc006239c","EXTRACT_MOVE","{Method clear() at spring-core/src/test/java/org/springframework/util/ConcurrentReferenceHashMapTests.java:429}","{Method clear() at spring-core/src/main/java/org/springframework/util/ConcurrentReferenceHashMap.java:1039}","-426","-1035"
"ed7590683467efcea27507bd5cfab6acc006239c","EXTRACT_MOVE","{Method createReferenceArray(int) at spring-core/src/main/java/org/springframework/util/ConcurrentReferenceHashMap.java:770}","{Method size() at spring-core/src/main/java/org/springframework/util/ConcurrentReferenceHashMap.java:1029}","-766","-1025"
"ed7590683467efcea27507bd5cfab6acc006239c","EXTRACT_MOVE","{Method restructure(boolean, Reference) at spring-core/src/main/java/org/springframework/util/ConcurrentReferenceHashMap.java:676}","{Method size() at spring-core/src/main/java/org/springframework/util/ConcurrentReferenceHashMap.java:1029}","-672","-1025"
"ed7590683467efcea27507bd5cfab6acc006239c","EXTRACT_MOVE","{Method size() at spring-core/src/main/java/org/springframework/util/ConcurrentReferenceHashMap.java:970}","{Method size() at spring-core/src/main/java/org/springframework/util/ConcurrentReferenceHashMap.java:1029}","-966","-1025"
"ed7590683467efcea27507bd5cfab6acc006239c","EXTRACT_MOVE","{Method size() at spring-core/src/main/java/org/springframework/util/ConcurrentReferenceHashMap.java:486}","{Method size() at spring-core/src/main/java/org/springframework/util/ConcurrentReferenceHashMap.java:1029}","-483","-1025"
"4756a4be235d501b626572e487e52610bc316f5c"
"40c5c5d5f01439f73843b5079f6678fe724552f9"
"6b8552b4c15f1a73183f0c76be2938616c50ac9d"
"f42eea183e3a6f6b02c52928de23c75796fb698c"
"ebcfe113d1ff56c729791cc5c18d88827f94be5b"
"b133c2b346bf54d5f5c4df3e995f39605c13f7a3"
"648629fab2eb9755cac9122f11858db8b3412a10"
"f2bf227cd004ef84e76fe4e877dd12275b96ab36"
"1260081436aa11ff22ddd10bbbd46a2988b2f843"
"18d8d458e34f91bc54b47b6aab291f17b90dfdce","RENAME","{Method inelineMapIsInstanceOfMap() at spring-expression/src/test/java/org/springframework/expression/spel/MapTests.java:83}","{Method inlineMapIsInstanceOfMap() at spring-expression/src/test/java/org/springframework/expression/spel/MapTests.java:83}","-80","-80"
"18d8d458e34f91bc54b47b6aab291f17b90dfdce","RENAME","{Method classGetConstructorsShouldNotMatchWhemMissingTypeHint() at spring-core-test/src/test/java/org/springframework/aot/agent/InstrumentedMethodTests.java:156}","{Method classGetConstructorsShouldNotMatchWhenMissingTypeHint() at spring-core-test/src/test/java/org/springframework/aot/agent/InstrumentedMethodTests.java:156}","-152","-152"
"18d8d458e34f91bc54b47b6aab291f17b90dfdce","RENAME","{Method contributeWhenPackagePrivateFieldInjectionInjectsUsingFieldAssignement() at spring-context/src/test/java/org/springframework/context/annotation/CommonAnnotationBeanRegistrationAotContributionTests.java:93}","{Method contributeWhenPackagePrivateFieldInjectionInjectsUsingFieldAssignment() at spring-context/src/test/java/org/springframework/context/annotation/CommonAnnotationBeanRegistrationAotContributionTests.java:93}","-90","-90"
"1aa520162b098c89ea506d1817d8378369efe62f"
"ed444eb0c1c02b8e1b20aade9dfb15f51dd0902e"
"888d0f9adc9a2b2c7aa137eeb177416f00d95600"
"da31750e5fd91f67bdf560c645cbf2b25824cd89"
"b853203846760c3265483de5f4caa757e8c8cc0c"
"89e0273244b850b44c2e2dbad7d60a1e6a59439c"
"2b04df045a59ae57aedd7556eef0c785a234bc75"
"395ddd2ca6243769d4d7c76df7a6ac0af6d5130f"
"a5a0840f486216734a55e273ef4b5f1c286db222"
"a54618b4988e3d60858c71f40719aad029b2078a"
"d37030b9e192078e72ea09d4b4eaa22374bcf2b8"
"f62380cc7bcac3b4c2df11293b9a802e3c6e4033"
"93b72fa0803ce6e0c6e89591d1d9dc23b3c3842f"
"3ac7f839007cc1c2c16d3e38de3f2df725bc6465"
"deca37da4a1d937921965abcd85735765bf7a42b"
"347040c5a4205de323d60d87f18276bf0e88ce63"
"89993364581afab99b13736d35fa3bc5e644c061"
"a8b8468af06b4af522296bbad4c268425f39dac6"
"b648e226cd97992f7cbf87a29fcd31921d64d16f"
"fb8bbe838d3a4a3657dd90928f4320d092c25db3"
"dff08583406dd7b3f47a229f8e8f6414f61e0960"
"40544e096f9ec1b5e73df7f826557dae5e5c4663"
"23354b01558f4ac2c22579901a6480a628c52c12"
"39d29c8f7e77e17b68fbe9f2d199174f97c65c97","RENAME","{Class ConcurrencyThrottleCache at spring-context/src/main/java/org/springframework/resilience/annotation/ConcurrencyLimitBeanPostProcessor.java:144}","{Class ConcurrencyThrottleHolder at spring-context/src/main/java/org/springframework/resilience/annotation/ConcurrencyLimitBeanPostProcessor.java:144}","-141","-141"
"4593f877ddfbc68ae0eeef6e83395a0af32e2811","EXTRACT_MOVE","{Method asSingleValueMap() at spring-web/src/main/java/org/springframework/http/HttpHeaders.java:1861}","{Method asSingleValueMap() at spring-websocket/src/main/java/org/springframework/web/socket/WebSocketHttpHeaders.java:241}","-1858","-238"
"a3e8a173a83e2d45a2e450e20b867401cc061482"
"5c5367a1bee739b998b7112003cfd5076a889f7f"
"12dd75815867def5c6d29be656ae67a0bf493235","RENAME","{Method shouldApplySupplementalHash() at spring-core/src/test/java/org/springframework/util/ConcurrentReferenceHashMapTests.java:164}","{Method applySupplementalHash() at spring-core/src/test/java/org/springframework/util/ConcurrentReferenceHashMapTests.java:164}","-161","-161"
"12dd75815867def5c6d29be656ae67a0bf493235","RENAME","{Method shouldRemoveKeyAndValue() at spring-core/src/test/java/org/springframework/util/ConcurrentReferenceHashMapTests.java:268}","{Method removeKeyAndValue() at spring-core/src/test/java/org/springframework/util/ConcurrentReferenceHashMapTests.java:268}","-265","-265"
"12dd75815867def5c6d29be656ae67a0bf493235","RENAME","{Method shouldReplaceValue() at spring-core/src/test/java/org/springframework/util/ConcurrentReferenceHashMapTests.java:306}","{Method replaceValue() at spring-core/src/test/java/org/springframework/util/ConcurrentReferenceHashMapTests.java:306}","-303","-303"
"12dd75815867def5c6d29be656ae67a0bf493235","RENAME","{Method shouldPutIfAbsentWithNullValue() at spring-core/src/test/java/org/springframework/util/ConcurrentReferenceHashMapTests.java:254}","{Method putIfAbsentWithNullValue() at spring-core/src/test/java/org/springframework/util/ConcurrentReferenceHashMapTests.java:254}","-251","-251"
"12dd75815867def5c6d29be656ae67a0bf493235","RENAME","{Method shouldResize() at spring-core/src/test/java/org/springframework/util/ConcurrentReferenceHashMapTests.java:186}","{Method resize() at spring-core/src/test/java/org/springframework/util/ConcurrentReferenceHashMapTests.java:186}","-183","-183"
"12dd75815867def5c6d29be656ae67a0bf493235","RENAME","{Method shouldCreateWithInitialCapacityAndLoadFactor() at spring-core/src/test/java/org/springframework/util/ConcurrentReferenceHashMapTests.java:71}","{Method createWithInitialCapacityAndLoadFactor() at spring-core/src/test/java/org/springframework/util/ConcurrentReferenceHashMapTests.java:71}","-68","-68"
"12dd75815867def5c6d29be656ae67a0bf493235","RENAME","{Method shouldReplaceOldNullValueWithNewValue() at spring-core/src/test/java/org/springframework/util/ConcurrentReferenceHashMapTests.java:297}","{Method replaceOldNullValueWithNewValue() at spring-core/src/test/java/org/springframework/util/ConcurrentReferenceHashMapTests.java:297}","-294","-294"
"12dd75815867def5c6d29be656ae67a0bf493235","RENAME","{Method shouldRemoveWhenKeyIsInMap() at spring-core/src/test/java/org/springframework/util/ConcurrentReferenceHashMapTests.java:358}","{Method removeWhenKeyIsInMap() at spring-core/src/test/java/org/springframework/util/ConcurrentReferenceHashMapTests.java:398}","-355","-395"
"12dd75815867def5c6d29be656ae67a0bf493235","RENAME","{Method shouldGetKeySet() at spring-core/src/test/java/org/springframework/util/ConcurrentReferenceHashMapTests.java:401}","{Method keySet() at spring-core/src/test/java/org/springframework/util/ConcurrentReferenceHashMapTests.java:441}","-398","-438"
"12dd75815867def5c6d29be656ae67a0bf493235","RENAME","{Method shouldPurgeOnPut() at spring-core/src/test/java/org/springframework/util/ConcurrentReferenceHashMapTests.java:231}","{Method purgeOnPut() at spring-core/src/test/java/org/springframework/util/ConcurrentReferenceHashMapTests.java:231}","-228","-228"
"12dd75815867def5c6d29be656ae67a0bf493235","RENAME","{Method shouldPutAll() at spring-core/src/test/java/org/springframework/util/ConcurrentReferenceHashMapTests.java:376}","{Method putAll() at spring-core/src/test/java/org/springframework/util/ConcurrentReferenceHashMapTests.java:416}","-373","-413"
"12dd75815867def5c6d29be656ae67a0bf493235","RENAME","{Method shouldGetWithNoItems() at spring-core/src/test/java/org/springframework/util/ConcurrentReferenceHashMapTests.java:159}","{Method getWithNoItems() at spring-core/src/test/java/org/springframework/util/ConcurrentReferenceHashMapTests.java:159}","-156","-156"
"12dd75815867def5c6d29be656ae67a0bf493235","RENAME","{Method shouldCreateFullyCustom() at spring-core/src/test/java/org/springframework/util/ConcurrentReferenceHashMapTests.java:87}","{Method createFullyCustom() at spring-core/src/test/java/org/springframework/util/ConcurrentReferenceHashMapTests.java:87}","-84","-84"
"12dd75815867def5c6d29be656ae67a0bf493235","RENAME","{Method shouldPutNullValue() at spring-core/src/test/java/org/springframework/util/ConcurrentReferenceHashMapTests.java:147}","{Method putNullValue() at spring-core/src/test/java/org/springframework/util/ConcurrentReferenceHashMapTests.java:147}","-144","-144"
"12dd75815867def5c6d29be656ae67a0bf493235","RENAME","{Method shouldReplaceNullValue() at spring-core/src/test/java/org/springframework/util/ConcurrentReferenceHashMapTests.java:313}","{Method replaceNullValue() at spring-core/src/test/java/org/springframework/util/ConcurrentReferenceHashMapTests.java:313}","-310","-310"
"12dd75815867def5c6d29be656ae67a0bf493235","RENAME","{Method shouldRemoveKeyAndValueWithExistingNull() at spring-core/src/test/java/org/springframework/util/ConcurrentReferenceHashMapTests.java:278}","{Method removeKeyAndValueWithExistingNull() at spring-core/src/test/java/org/springframework/util/ConcurrentReferenceHashMapTests.java:278}","-275","-275"
"12dd75815867def5c6d29be656ae67a0bf493235","RENAME","{Method shouldContainKey() at spring-core/src/test/java/org/springframework/util/ConcurrentReferenceHashMapTests.java:338}","{Method containsKey() at spring-core/src/test/java/org/springframework/util/ConcurrentReferenceHashMapTests.java:378}","-335","-375"
"12dd75815867def5c6d29be656ae67a0bf493235","RENAME","{Method shouldClear() at spring-core/src/test/java/org/springframework/util/ConcurrentReferenceHashMapTests.java:389}","{Method clear() at spring-core/src/test/java/org/springframework/util/ConcurrentReferenceHashMapTests.java:429}","-386","-426"
"12dd75815867def5c6d29be656ae67a0bf493235","RENAME","{Method shouldSupportIsEmpty() at spring-core/src/test/java/org/springframework/util/ConcurrentReferenceHashMapTests.java:329}","{Method isEmpty() at spring-core/src/test/java/org/springframework/util/ConcurrentReferenceHashMapTests.java:369}","-326","-366"
"12dd75815867def5c6d29be656ae67a0bf493235","RENAME","{Method shouldCreateWithInitialCapacity() at spring-core/src/test/java/org/springframework/util/ConcurrentReferenceHashMapTests.java:63}","{Method createWithInitialCapacity() at spring-core/src/test/java/org/springframework/util/ConcurrentReferenceHashMapTests.java:63}","-60","-60"
"12dd75815867def5c6d29be656ae67a0bf493235","RENAME","{Method shouldGetValues() at spring-core/src/test/java/org/springframework/util/ConcurrentReferenceHashMapTests.java:413}","{Method valuesCollection() at spring-core/src/test/java/org/springframework/util/ConcurrentReferenceHashMapTests.java:453}","-410","-450"
"12dd75815867def5c6d29be656ae67a0bf493235","RENAME","{Method shouldRemoveViaEntrySet() at spring-core/src/test/java/org/springframework/util/ConcurrentReferenceHashMapTests.java:454}","{Method removeViaEntrySet() at spring-core/src/test/java/org/springframework/util/ConcurrentReferenceHashMapTests.java:494}","-451","-491"
"12dd75815867def5c6d29be656ae67a0bf493235","RENAME","{Method shouldGetSize() at spring-core/src/test/java/org/springframework/util/ConcurrentReferenceHashMapTests.java:320}","{Method size() at spring-core/src/test/java/org/springframework/util/ConcurrentReferenceHashMapTests.java:360}","-317","-357"
"12dd75815867def5c6d29be656ae67a0bf493235","RENAME","{Method shouldGetEntrySetFollowingNext() at spring-core/src/test/java/org/springframework/util/ConcurrentReferenceHashMapTests.java:440}","{Method getEntrySetFollowingNext() at spring-core/src/test/java/org/springframework/util/ConcurrentReferenceHashMapTests.java:480}","-437","-477"
"12dd75815867def5c6d29be656ae67a0bf493235","RENAME","{Method shouldNeedPositiveConcurrencyLevel() at spring-core/src/test/java/org/springframework/util/ConcurrentReferenceHashMapTests.java:111}","{Method positiveConcurrencyLevel() at spring-core/src/test/java/org/springframework/util/ConcurrentReferenceHashMapTests.java:111}","-108","-108"
"12dd75815867def5c6d29be656ae67a0bf493235","RENAME","{Method shouldContainValue() at spring-core/src/test/java/org/springframework/util/ConcurrentReferenceHashMapTests.java:348}","{Method containsValue() at spring-core/src/test/java/org/springframework/util/ConcurrentReferenceHashMapTests.java:388}","-345","-385"
"12dd75815867def5c6d29be656ae67a0bf493235","RENAME","{Method shouldPutAndGet() at spring-core/src/test/java/org/springframework/util/ConcurrentReferenceHashMapTests.java:118}","{Method putAndGet() at spring-core/src/test/java/org/springframework/util/ConcurrentReferenceHashMapTests.java:118}","-115","-115"
"12dd75815867def5c6d29be656ae67a0bf493235","RENAME","{Method shouldPutIfAbsentWithNullKey() at spring-core/src/test/java/org/springframework/util/ConcurrentReferenceHashMapTests.java:261}","{Method putIfAbsentWithNullKey() at spring-core/src/test/java/org/springframework/util/ConcurrentReferenceHashMapTests.java:261}","-258","-258"
"12dd75815867def5c6d29be656ae67a0bf493235","RENAME","{Method shouldPurgeOnGet() at spring-core/src/test/java/org/springframework/util/ConcurrentReferenceHashMapTests.java:216}","{Method purgeOnGet() at spring-core/src/test/java/org/springframework/util/ConcurrentReferenceHashMapTests.java:216}","-213","-213"
"12dd75815867def5c6d29be656ae67a0bf493235","RENAME","{Method shouldReplaceOldValueWithNewValue() at spring-core/src/test/java/org/springframework/util/ConcurrentReferenceHashMapTests.java:288}","{Method replaceOldValueWithNewValue() at spring-core/src/test/java/org/springframework/util/ConcurrentReferenceHashMapTests.java:288}","-285","-285"
"12dd75815867def5c6d29be656ae67a0bf493235","RENAME","{Method shouldNeedPositiveLoadFactor() at spring-core/src/test/java/org/springframework/util/ConcurrentReferenceHashMapTests.java:104}","{Method positiveLoadFactor() at spring-core/src/test/java/org/springframework/util/ConcurrentReferenceHashMapTests.java:104}","-101","-101"
"12dd75815867def5c6d29be656ae67a0bf493235","RENAME","{Method shouldReplaceOnDoublePut() at spring-core/src/test/java/org/springframework/util/ConcurrentReferenceHashMapTests.java:131}","{Method replaceOnDoublePut() at spring-core/src/test/java/org/springframework/util/ConcurrentReferenceHashMapTests.java:131}","-128","-128"
"12dd75815867def5c6d29be656ae67a0bf493235","RENAME","{Method shouldPutIfAbsent() at spring-core/src/test/java/org/springframework/util/ConcurrentReferenceHashMapTests.java:247}","{Method putIfAbsent() at spring-core/src/test/java/org/springframework/util/ConcurrentReferenceHashMapTests.java:247}","-244","-244"
"12dd75815867def5c6d29be656ae67a0bf493235","RENAME","{Method shouldSetViaEntrySet() at spring-core/src/test/java/org/springframework/util/ConcurrentReferenceHashMapTests.java:470}","{Method setViaEntrySet() at spring-core/src/test/java/org/springframework/util/ConcurrentReferenceHashMapTests.java:510}","-467","-507"
"12dd75815867def5c6d29be656ae67a0bf493235","RENAME","{Method shouldGetFollowingNexts() at spring-core/src/test/java/org/springframework/util/ConcurrentReferenceHashMapTests.java:172}","{Method getFollowingNexts() at spring-core/src/test/java/org/springframework/util/ConcurrentReferenceHashMapTests.java:172}","-169","-169"
"12dd75815867def5c6d29be656ae67a0bf493235","RENAME","{Method shouldGetEntrySet() at spring-core/src/test/java/org/springframework/util/ConcurrentReferenceHashMapTests.java:428}","{Method getEntrySet() at spring-core/src/test/java/org/springframework/util/ConcurrentReferenceHashMapTests.java:468}","-425","-465"
"12dd75815867def5c6d29be656ae67a0bf493235","RENAME","{Method shouldPutNullKey() at spring-core/src/test/java/org/springframework/util/ConcurrentReferenceHashMapTests.java:138}","{Method putNullKey() at spring-core/src/test/java/org/springframework/util/ConcurrentReferenceHashMapTests.java:138}","-135","-135"
"12dd75815867def5c6d29be656ae67a0bf493235","RENAME","{Method shouldCreateWithInitialCapacityAndConcurrentLevel() at spring-core/src/test/java/org/springframework/util/ConcurrentReferenceHashMapTests.java:79}","{Method createWithInitialCapacityAndConcurrentLevel() at spring-core/src/test/java/org/springframework/util/ConcurrentReferenceHashMapTests.java:79}","-76","-76"
"12dd75815867def5c6d29be656ae67a0bf493235","RENAME","{Method shouldRemoveWhenKeyIsNotInMap() at spring-core/src/test/java/org/springframework/util/ConcurrentReferenceHashMapTests.java:369}","{Method removeWhenKeyIsNotInMap() at spring-core/src/test/java/org/springframework/util/ConcurrentReferenceHashMapTests.java:409}","-366","-406"
"12dd75815867def5c6d29be656ae67a0bf493235","RENAME","{Method shouldCreateWithDefaults() at spring-core/src/test/java/org/springframework/util/ConcurrentReferenceHashMapTests.java:55}","{Method createWithDefaults() at spring-core/src/test/java/org/springframework/util/ConcurrentReferenceHashMapTests.java:55}","-52","-52"
"12dd75815867def5c6d29be656ae67a0bf493235","RENAME","{Method shouldNeedNonNegativeInitialCapacity() at spring-core/src/test/java/org/springframework/util/ConcurrentReferenceHashMapTests.java:97}","{Method nonNegativeInitialCapacity() at spring-core/src/test/java/org/springframework/util/ConcurrentReferenceHashMapTests.java:97}","-94","-94"
"5aec2392614e557255114137ed143c2264a8d1d7"
"0552cdb7ed390b239e2de2e13c7142f10d9c0c82","RENAME","{Method shouldClear() at spring-core/src/test/java/org/springframework/util/ConcurrentReferenceHashMapTests.java:389}","{Method clear() at spring-core/src/test/java/org/springframework/util/ConcurrentReferenceHashMapTests.java:429}","-386","-426"
"0552cdb7ed390b239e2de2e13c7142f10d9c0c82","RENAME","{Method shouldReplaceNullValue() at spring-core/src/test/java/org/springframework/util/ConcurrentReferenceHashMapTests.java:313}","{Method replaceNullValue() at spring-core/src/test/java/org/springframework/util/ConcurrentReferenceHashMapTests.java:313}","-310","-310"
"0552cdb7ed390b239e2de2e13c7142f10d9c0c82","RENAME","{Method shouldRemoveKeyAndValue() at spring-core/src/test/java/org/springframework/util/ConcurrentReferenceHashMapTests.java:268}","{Method removeKeyAndValue() at spring-core/src/test/java/org/springframework/util/ConcurrentReferenceHashMapTests.java:268}","-265","-265"
"0552cdb7ed390b239e2de2e13c7142f10d9c0c82","RENAME","{Method shouldReplaceOldNullValueWithNewValue() at spring-core/src/test/java/org/springframework/util/ConcurrentReferenceHashMapTests.java:297}","{Method replaceOldNullValueWithNewValue() at spring-core/src/test/java/org/springframework/util/ConcurrentReferenceHashMapTests.java:297}","-294","-294"
"0552cdb7ed390b239e2de2e13c7142f10d9c0c82","RENAME","{Method shouldCreateFullyCustom() at spring-core/src/test/java/org/springframework/util/ConcurrentReferenceHashMapTests.java:87}","{Method createFullyCustom() at spring-core/src/test/java/org/springframework/util/ConcurrentReferenceHashMapTests.java:87}","-84","-84"
"0552cdb7ed390b239e2de2e13c7142f10d9c0c82","RENAME","{Method shouldRemoveWhenKeyIsInMap() at spring-core/src/test/java/org/springframework/util/ConcurrentReferenceHashMapTests.java:358}","{Method removeWhenKeyIsInMap() at spring-core/src/test/java/org/springframework/util/ConcurrentReferenceHashMapTests.java:398}","-355","-395"
"0552cdb7ed390b239e2de2e13c7142f10d9c0c82","RENAME","{Method shouldRemoveKeyAndValueWithExistingNull() at spring-core/src/test/java/org/springframework/util/ConcurrentReferenceHashMapTests.java:278}","{Method removeKeyAndValueWithExistingNull() at spring-core/src/test/java/org/springframework/util/ConcurrentReferenceHashMapTests.java:278}","-275","-275"
"0552cdb7ed390b239e2de2e13c7142f10d9c0c82","RENAME","{Method shouldContainKey() at spring-core/src/test/java/org/springframework/util/ConcurrentReferenceHashMapTests.java:338}","{Method containsKey() at spring-core/src/test/java/org/springframework/util/ConcurrentReferenceHashMapTests.java:378}","-335","-375"
"0552cdb7ed390b239e2de2e13c7142f10d9c0c82","RENAME","{Method shouldPutNullValue() at spring-core/src/test/java/org/springframework/util/ConcurrentReferenceHashMapTests.java:147}","{Method putNullValue() at spring-core/src/test/java/org/springframework/util/ConcurrentReferenceHashMapTests.java:147}","-144","-144"
"0552cdb7ed390b239e2de2e13c7142f10d9c0c82","RENAME","{Method shouldNeedNonNegativeInitialCapacity() at spring-core/src/test/java/org/springframework/util/ConcurrentReferenceHashMapTests.java:97}","{Method nonNegativeInitialCapacity() at spring-core/src/test/java/org/springframework/util/ConcurrentReferenceHashMapTests.java:97}","-94","-94"
"0552cdb7ed390b239e2de2e13c7142f10d9c0c82","RENAME","{Method shouldApplySupplementalHash() at spring-core/src/test/java/org/springframework/util/ConcurrentReferenceHashMapTests.java:164}","{Method applySupplementalHash() at spring-core/src/test/java/org/springframework/util/ConcurrentReferenceHashMapTests.java:164}","-161","-161"
"0552cdb7ed390b239e2de2e13c7142f10d9c0c82","RENAME","{Method shouldCreateWithDefaults() at spring-core/src/test/java/org/springframework/util/ConcurrentReferenceHashMapTests.java:55}","{Method createWithDefaults() at spring-core/src/test/java/org/springframework/util/ConcurrentReferenceHashMapTests.java:55}","-52","-52"
"0552cdb7ed390b239e2de2e13c7142f10d9c0c82","RENAME","{Method shouldGetValues() at spring-core/src/test/java/org/springframework/util/ConcurrentReferenceHashMapTests.java:413}","{Method valuesCollection() at spring-core/src/test/java/org/springframework/util/ConcurrentReferenceHashMapTests.java:453}","-410","-450"
"0552cdb7ed390b239e2de2e13c7142f10d9c0c82","RENAME","{Method shouldPurgeOnPut() at spring-core/src/test/java/org/springframework/util/ConcurrentReferenceHashMapTests.java:231}","{Method purgeOnPut() at spring-core/src/test/java/org/springframework/util/ConcurrentReferenceHashMapTests.java:231}","-228","-228"
"0552cdb7ed390b239e2de2e13c7142f10d9c0c82","RENAME","{Method shouldRemoveWhenKeyIsNotInMap() at spring-core/src/test/java/org/springframework/util/ConcurrentReferenceHashMapTests.java:369}","{Method removeWhenKeyIsNotInMap() at spring-core/src/test/java/org/springframework/util/ConcurrentReferenceHashMapTests.java:409}","-366","-406"
"0552cdb7ed390b239e2de2e13c7142f10d9c0c82","RENAME","{Method shouldGetEntrySet() at spring-core/src/test/java/org/springframework/util/ConcurrentReferenceHashMapTests.java:428}","{Method getEntrySet() at spring-core/src/test/java/org/springframework/util/ConcurrentReferenceHashMapTests.java:468}","-425","-465"
"0552cdb7ed390b239e2de2e13c7142f10d9c0c82","RENAME","{Method shouldSetViaEntrySet() at spring-core/src/test/java/org/springframework/util/ConcurrentReferenceHashMapTests.java:470}","{Method setViaEntrySet() at spring-core/src/test/java/org/springframework/util/ConcurrentReferenceHashMapTests.java:510}","-467","-507"
"0552cdb7ed390b239e2de2e13c7142f10d9c0c82","RENAME","{Method shouldNeedPositiveConcurrencyLevel() at spring-core/src/test/java/org/springframework/util/ConcurrentReferenceHashMapTests.java:111}","{Method positiveConcurrencyLevel() at spring-core/src/test/java/org/springframework/util/ConcurrentReferenceHashMapTests.java:111}","-108","-108"
"0552cdb7ed390b239e2de2e13c7142f10d9c0c82","RENAME","{Method shouldReplaceOldValueWithNewValue() at spring-core/src/test/java/org/springframework/util/ConcurrentReferenceHashMapTests.java:288}","{Method replaceOldValueWithNewValue() at spring-core/src/test/java/org/springframework/util/ConcurrentReferenceHashMapTests.java:288}","-285","-285"
"0552cdb7ed390b239e2de2e13c7142f10d9c0c82","RENAME","{Method shouldCreateWithInitialCapacityAndConcurrentLevel() at spring-core/src/test/java/org/springframework/util/ConcurrentReferenceHashMapTests.java:79}","{Method createWithInitialCapacityAndConcurrentLevel() at spring-core/src/test/java/org/springframework/util/ConcurrentReferenceHashMapTests.java:79}","-76","-76"
"0552cdb7ed390b239e2de2e13c7142f10d9c0c82","RENAME","{Method shouldPutAndGet() at spring-core/src/test/java/org/springframework/util/ConcurrentReferenceHashMapTests.java:118}","{Method putAndGet() at spring-core/src/test/java/org/springframework/util/ConcurrentReferenceHashMapTests.java:118}","-115","-115"
"0552cdb7ed390b239e2de2e13c7142f10d9c0c82","RENAME","{Method shouldSupportIsEmpty() at spring-core/src/test/java/org/springframework/util/ConcurrentReferenceHashMapTests.java:329}","{Method isEmpty() at spring-core/src/test/java/org/springframework/util/ConcurrentReferenceHashMapTests.java:369}","-326","-366"
"0552cdb7ed390b239e2de2e13c7142f10d9c0c82","RENAME","{Method shouldGetKeySet() at spring-core/src/test/java/org/springframework/util/ConcurrentReferenceHashMapTests.java:401}","{Method keySet() at spring-core/src/test/java/org/springframework/util/ConcurrentReferenceHashMapTests.java:441}","-398","-438"
"0552cdb7ed390b239e2de2e13c7142f10d9c0c82","RENAME","{Method shouldPurgeOnGet() at spring-core/src/test/java/org/springframework/util/ConcurrentReferenceHashMapTests.java:216}","{Method purgeOnGet() at spring-core/src/test/java/org/springframework/util/ConcurrentReferenceHashMapTests.java:216}","-213","-213"
"0552cdb7ed390b239e2de2e13c7142f10d9c0c82","RENAME","{Method shouldReplaceValue() at spring-core/src/test/java/org/springframework/util/ConcurrentReferenceHashMapTests.java:306}","{Method replaceValue() at spring-core/src/test/java/org/springframework/util/ConcurrentReferenceHashMapTests.java:306}","-303","-303"
"0552cdb7ed390b239e2de2e13c7142f10d9c0c82","RENAME","{Method shouldCreateWithInitialCapacityAndLoadFactor() at spring-core/src/test/java/org/springframework/util/ConcurrentReferenceHashMapTests.java:71}","{Method createWithInitialCapacityAndLoadFactor() at spring-core/src/test/java/org/springframework/util/ConcurrentReferenceHashMapTests.java:71}","-68","-68"
"0552cdb7ed390b239e2de2e13c7142f10d9c0c82","RENAME","{Method shouldGetFollowingNexts() at spring-core/src/test/java/org/springframework/util/ConcurrentReferenceHashMapTests.java:172}","{Method getFollowingNexts() at spring-core/src/test/java/org/springframework/util/ConcurrentReferenceHashMapTests.java:172}","-169","-169"
"0552cdb7ed390b239e2de2e13c7142f10d9c0c82","RENAME","{Method shouldPutIfAbsentWithNullValue() at spring-core/src/test/java/org/springframework/util/ConcurrentReferenceHashMapTests.java:254}","{Method putIfAbsentWithNullValue() at spring-core/src/test/java/org/springframework/util/ConcurrentReferenceHashMapTests.java:254}","-251","-251"
"0552cdb7ed390b239e2de2e13c7142f10d9c0c82","RENAME","{Method shouldCreateWithInitialCapacity() at spring-core/src/test/java/org/springframework/util/ConcurrentReferenceHashMapTests.java:63}","{Method createWithInitialCapacity() at spring-core/src/test/java/org/springframework/util/ConcurrentReferenceHashMapTests.java:63}","-60","-60"
"0552cdb7ed390b239e2de2e13c7142f10d9c0c82","RENAME","{Method shouldReplaceOnDoublePut() at spring-core/src/test/java/org/springframework/util/ConcurrentReferenceHashMapTests.java:131}","{Method replaceOnDoublePut() at spring-core/src/test/java/org/springframework/util/ConcurrentReferenceHashMapTests.java:131}","-128","-128"
"0552cdb7ed390b239e2de2e13c7142f10d9c0c82","RENAME","{Method shouldResize() at spring-core/src/test/java/org/springframework/util/ConcurrentReferenceHashMapTests.java:186}","{Method resize() at spring-core/src/test/java/org/springframework/util/ConcurrentReferenceHashMapTests.java:186}","-183","-183"
"0552cdb7ed390b239e2de2e13c7142f10d9c0c82","RENAME","{Method shouldGetSize() at spring-core/src/test/java/org/springframework/util/ConcurrentReferenceHashMapTests.java:320}","{Method size() at spring-core/src/test/java/org/springframework/util/ConcurrentReferenceHashMapTests.java:360}","-317","-357"
"0552cdb7ed390b239e2de2e13c7142f10d9c0c82","RENAME","{Method shouldPutAll() at spring-core/src/test/java/org/springframework/util/ConcurrentReferenceHashMapTests.java:376}","{Method putAll() at spring-core/src/test/java/org/springframework/util/ConcurrentReferenceHashMapTests.java:416}","-373","-413"
"0552cdb7ed390b239e2de2e13c7142f10d9c0c82","RENAME","{Method shouldGetEntrySetFollowingNext() at spring-core/src/test/java/org/springframework/util/ConcurrentReferenceHashMapTests.java:440}","{Method getEntrySetFollowingNext() at spring-core/src/test/java/org/springframework/util/ConcurrentReferenceHashMapTests.java:480}","-437","-477"
"0552cdb7ed390b239e2de2e13c7142f10d9c0c82","RENAME","{Method shouldPutNullKey() at spring-core/src/test/java/org/springframework/util/ConcurrentReferenceHashMapTests.java:138}","{Method putNullKey() at spring-core/src/test/java/org/springframework/util/ConcurrentReferenceHashMapTests.java:138}","-135","-135"
"0552cdb7ed390b239e2de2e13c7142f10d9c0c82","RENAME","{Method shouldContainValue() at spring-core/src/test/java/org/springframework/util/ConcurrentReferenceHashMapTests.java:348}","{Method containsValue() at spring-core/src/test/java/org/springframework/util/ConcurrentReferenceHashMapTests.java:388}","-345","-385"
"0552cdb7ed390b239e2de2e13c7142f10d9c0c82","RENAME","{Method shouldPutIfAbsentWithNullKey() at spring-core/src/test/java/org/springframework/util/ConcurrentReferenceHashMapTests.java:261}","{Method putIfAbsentWithNullKey() at spring-core/src/test/java/org/springframework/util/ConcurrentReferenceHashMapTests.java:261}","-258","-258"
"0552cdb7ed390b239e2de2e13c7142f10d9c0c82","RENAME","{Method shouldPutIfAbsent() at spring-core/src/test/java/org/springframework/util/ConcurrentReferenceHashMapTests.java:247}","{Method putIfAbsent() at spring-core/src/test/java/org/springframework/util/ConcurrentReferenceHashMapTests.java:247}","-244","-244"
"0552cdb7ed390b239e2de2e13c7142f10d9c0c82","RENAME","{Method shouldGetWithNoItems() at spring-core/src/test/java/org/springframework/util/ConcurrentReferenceHashMapTests.java:159}","{Method getWithNoItems() at spring-core/src/test/java/org/springframework/util/ConcurrentReferenceHashMapTests.java:159}","-156","-156"
"0552cdb7ed390b239e2de2e13c7142f10d9c0c82","RENAME","{Method shouldNeedPositiveLoadFactor() at spring-core/src/test/java/org/springframework/util/ConcurrentReferenceHashMapTests.java:104}","{Method positiveLoadFactor() at spring-core/src/test/java/org/springframework/util/ConcurrentReferenceHashMapTests.java:104}","-101","-101"
"0552cdb7ed390b239e2de2e13c7142f10d9c0c82","RENAME","{Method shouldRemoveViaEntrySet() at spring-core/src/test/java/org/springframework/util/ConcurrentReferenceHashMapTests.java:454}","{Method removeViaEntrySet() at spring-core/src/test/java/org/springframework/util/ConcurrentReferenceHashMapTests.java:494}","-451","-491"
"721c40b5c5deb3cc538053d5c1c20496adcc7389","RENAME","{Method validateVersion(String, DefaultApiVersionStrategy) at spring-webflux/src/test/java/org/springframework/web/reactive/accept/DefaultApiVersionStrategiesTests.java:124}","{Method testValidate(String, DefaultApiVersionStrategy) at spring-webflux/src/test/java/org/springframework/web/reactive/accept/DefaultApiVersionStrategiesTests.java:131}","-121","-128"
"721c40b5c5deb3cc538053d5c1c20496adcc7389","RENAME","{Method validateVersion(String, DefaultApiVersionStrategy) at spring-web/src/test/java/org/springframework/web/accept/DefaultApiVersionStrategiesTests.java:124}","{Method testValidate(String, DefaultApiVersionStrategy) at spring-web/src/test/java/org/springframework/web/accept/DefaultApiVersionStrategiesTests.java:131}","-121","-128"
"7555d0e4891661092dbd0f8376e72bff30b1c3e6"
"d0ff8f92438136e69825e68f146ab1feecd6a465"
"e4f8ae033864128f38464658c71e20bb169f2db1"
"ba39385cced0ac3981f9e320b38fb09bbe4a82d3"
"e735c2d9c580b5ca62446740ede1e4c28958246d"
"3cb498fa98a351e089e9f5b7298a19084e52da00"
"335a2c4e21939a921ac33dcbb4ba830c4567bda3","CHANGE_SIGNATURE","{Method new(Object, BindStatus, String, String, boolean) at spring-webmvc/src/main/java/org/springframework/web/servlet/tags/form/OptionWriter.java:115}","{Method new(Object, BindStatus, String, String, boolean, String) at spring-webmvc/src/main/java/org/springframework/web/servlet/tags/form/OptionWriter.java:123}","-112","-120"
"335a2c4e21939a921ac33dcbb4ba830c4567bda3","CHANGE_SIGNATURE","{Method new(String, Object, String, String) at spring-webmvc/src/main/java/org/springframework/web/servlet/tags/form/OptionsTag.java:355}","{Method new(String, Object, String, String, String) at spring-webmvc/src/main/java/org/springframework/web/servlet/tags/form/OptionsTag.java:359}","-351","-355"
"1714a0049280eb48123eb4edca7aa3f736b22461"
"ddb45a9302faa7438dd0a398eee5cce1539da0e4"
"816cee12e534740bcc67755aa81d6b53b0aff4c5"
"d64edc01c03718de53535c04e697d3fce2e68dda"
"d0f57013b0ae9e716b370a28d4dcac40778ea4e7","EXTRACT","{Method getBaseObjectWriters() at spring-web/src/main/java/org/springframework/http/codec/support/BaseDefaultCodecs.java:745}","{Method getKotlinSerializationCborEncoder() at spring-web/src/main/java/org/springframework/http/codec/support/BaseDefaultCodecs.java:991}","-742","-988"
"19dd488dd7fd6fecec6acb1f28210ed0572237e8"
"a68d60768e7a7430aab5d7538f7863ccf19f500c"
"24590092efa313cd56b3a9a0752a5b54f2fe03a1","RENAME","{Method withMaxAttemptsPreconditions() at spring-core/src/test/java/org/springframework/core/retry/RetryPolicyTests.java:66}","{Method withMaxRetriesPreconditions() at spring-core/src/test/java/org/springframework/core/retry/RetryPolicyTests.java:66}","-62","-62"
"24590092efa313cd56b3a9a0752a5b54f2fe03a1","RENAME","{Method maxAttempts() at spring-core/src/test/java/org/springframework/core/retry/MaxAttemptsRetryPolicyTests.java:40}","{Method maxRetries() at spring-core/src/test/java/org/springframework/core/retry/MaxRetriesRetryPolicyTests.java:40}","-37","-37"
"24590092efa313cd56b3a9a0752a5b54f2fe03a1","RENAME","{Method maxAttempts() at spring-core/src/test/java/org/springframework/core/retry/RetryPolicyTests.java:120}","{Method maxRetries() at spring-core/src/test/java/org/springframework/core/retry/RetryPolicyTests.java:120}","-116","-116"
"24590092efa313cd56b3a9a0752a5b54f2fe03a1","RENAME","{Method withMaxAttempts() at spring-core/src/test/java/org/springframework/core/retry/RetryPolicyTests.java:73}","{Method withMaxRetries() at spring-core/src/test/java/org/springframework/core/retry/RetryPolicyTests.java:73}","-69","-69"
"24590092efa313cd56b3a9a0752a5b54f2fe03a1","RENAME","{Method maxAttemptsPreconditions() at spring-core/src/test/java/org/springframework/core/retry/RetryPolicyTests.java:113}","{Method maxRetriesPreconditions() at spring-core/src/test/java/org/springframework/core/retry/RetryPolicyTests.java:113}","-109","-109"
"24590092efa313cd56b3a9a0752a5b54f2fe03a1","RENAME","{Class MaxAttemptsRetryPolicyTests at spring-core/src/test/java/org/springframework/core/retry/MaxAttemptsRetryPolicyTests.java:38}","{Class MaxRetriesRetryPolicyTests at spring-core/src/test/java/org/springframework/core/retry/MaxRetriesRetryPolicyTests.java:38}","-36","-36"
"24590092efa313cd56b3a9a0752a5b54f2fe03a1","RENAME","{Method assertMaxAttemptsIsNotNegative(long) at spring-core/src/main/java/org/springframework/core/retry/RetryPolicy.java:104}","{Method assertMaxRetriesIsNotNegative(long) at spring-core/src/main/java/org/springframework/core/retry/RetryPolicy.java:113}","-101","-110"
"24590092efa313cd56b3a9a0752a5b54f2fe03a1","RENAME","{Method maxAttemptsZero() at spring-core/src/test/java/org/springframework/core/retry/MaxAttemptsRetryPolicyTests.java:57}","{Method maxRetriesZero() at spring-core/src/test/java/org/springframework/core/retry/MaxRetriesRetryPolicyTests.java:57}","-54","-54"
"24590092efa313cd56b3a9a0752a5b54f2fe03a1","RENAME","{Method maxAttemptsWithIncludesAndExcludes() at spring-core/src/test/java/org/springframework/core/retry/MaxAttemptsRetryPolicyTests.java:96}","{Method maxRetriesWithIncludesAndExcludes() at spring-core/src/test/java/org/springframework/core/retry/MaxRetriesRetryPolicyTests.java:96}","-93","-93"
"24590092efa313cd56b3a9a0752a5b54f2fe03a1","RENAME","{Method maxAttemptsAndPredicate() at spring-core/src/test/java/org/springframework/core/retry/MaxAttemptsRetryPolicyTests.java:69}","{Method maxRetriesAndPredicate() at spring-core/src/test/java/org/springframework/core/retry/MaxRetriesRetryPolicyTests.java:69}","-66","-66"
"771517dc36735842a129ea3a51738f0b6fcce7bd"
"388abf9312a79a0e5faeaaf7648addf713545ee9"
"e91befa5bb5233c0107587a97a5be7f56cbde3e3"
"5353c964ef1ce8dc7934f010e514ef53d04698aa"
"38555df3d8d76d7e6c237541c9a0155014c8f06b"
"6f81cb625c7ee548d70d217aaf8152877f53e27d","CHANGE_SIGNATURE","{Method searchCandidates(List, Method) at spring-core/src/main/java/org/springframework/core/BridgeMethodResolver.java:151}","{Method searchCandidates(List, Method, Class) at spring-core/src/main/java/org/springframework/core/BridgeMethodResolver.java:151}","-148","-148"
"6f81cb625c7ee548d70d217aaf8152877f53e27d","EXTRACT","{Method isResolvedTypeMatch(Method, Method, Class) at spring-core/src/main/java/org/springframework/core/BridgeMethodResolver.java:189}","{Method checkResolvedTypeMatch(Method, Method, Class) at spring-core/src/main/java/org/springframework/core/BridgeMethodResolver.java:206}","-186","-203"
"566078b4e4d7b27fb7e0e39cff8c2333f68d8a02"
"d9580fd436504a50f75203a6338bfd46e2c1cb54"
"386c6cafc9d68e89af79dd9b8cb10940ca81a0fb"
"1bf8756f204bdd4db6fe3553f0ae7bdc5de96710"
"06ae7fb2b5a3404d23e763e5e8f0ce1e33d6c2b0"
"f0cf7f19f6d90d156f4e35fe50d7ca743bad9f34"
"a0baeae9cf3cadf96e5bd632735dc54f5c5e8830"
"115dee9be1adc8a4dfc8d5bf656f79eee3bafefd"
"09105eb7b2e079217f132a3909f7266402a33475","EXTRACT","{Method twoGroups() at spring-web/src/test/java/org/springframework/web/service/registry/HttpServiceProxyRegistryFactoryBeanTests.java:43}","{Method initProxyRegistry(RestClientHttpServiceGroupConfigurer, GroupsMetadata) at spring-web/src/test/java/org/springframework/web/service/registry/HttpServiceProxyRegistryFactoryBeanTests.java:97}","-40","-94"
"6dd40a025256800dcd18c4ec4e3bca2c4aeb028f","EXTRACT_MOVE","{Method forEachClient(HttpServiceGroupConfigurer.ClientCallback) at spring-web/src/main/java/org/springframework/web/service/registry/HttpServiceProxyRegistryFactoryBean.java:253}","{Method applyClientCallback(HttpServiceGroupConfigurer.ClientCallback) at spring-web/src/main/java/org/springframework/web/service/registry/HttpServiceProxyRegistryFactoryBean.java:194}","-249","-190"
"6dd40a025256800dcd18c4ec4e3bca2c4aeb028f","EXTRACT","{Method forEachGroup(HttpServiceGroupConfigurer.GroupCallback) at spring-web/src/main/java/org/springframework/web/service/registry/HttpServiceProxyRegistryFactoryBean.java:263}","{Method filterAndReset() at spring-web/src/main/java/org/springframework/web/service/registry/HttpServiceProxyRegistryFactoryBean.java:271}","-259","-267"
"6dd40a025256800dcd18c4ec4e3bca2c4aeb028f","RENAME","{Method applyConfigurer(HttpServiceGroupConfigurer.GroupCallback) at spring-web/src/main/java/org/springframework/web/service/registry/HttpServiceProxyRegistryFactoryBean.java:200}","{Method applyGroupCallback(HttpServiceGroupConfigurer.GroupCallback) at spring-web/src/main/java/org/springframework/web/service/registry/HttpServiceProxyRegistryFactoryBean.java:203}","-196","-199"
"6dd40a025256800dcd18c4ec4e3bca2c4aeb028f","RENAME","{Class ProxyHttpServiceGroup at spring-web/src/main/java/org/springframework/web/service/registry/HttpServiceProxyRegistryFactoryBean.java:163}","{Class ConfigurableGroup at spring-web/src/main/java/org/springframework/web/service/registry/HttpServiceProxyRegistryFactoryBean.java:164}","-160","-161"
"f6a3346e3fac76a8afa9d80af5e9052a19ea106d"
"b5008d33ee20ed03c00feebaafef2ce7e27ef7fa"
"bce1445d924802fae0b8e9a0595a1489605de940"
"285182be270235934617c9816f5e9ac6bd89aa2b"
"8bb63081a87cadb7fbf8ba306187564b9d2f0b1c"
"94d7aa284423cf8d527caab2454af90e7651c021"
"934394eb2a22f140f7ea2e967bb9dfb6e7a9b412"
"b128f59714b071e9b4d8a1ae9cdc63f3ff62251f","CHANGE_SIGNATURE","{Method handleVersion(Comparable, ServerWebExchange) at spring-webflux/src/main/java/org/springframework/web/reactive/accept/StandardApiVersionDeprecationHandler.java:88}","{Method handleVersion(Comparable, Object, ServerWebExchange) at spring-webflux/src/main/java/org/springframework/web/reactive/accept/StandardApiVersionDeprecationHandler.java:88}","-85","-85"
"b128f59714b071e9b4d8a1ae9cdc63f3ff62251f","CHANGE_SIGNATURE","{Method handleVersion(Comparable, ServerWebExchange) at spring-webflux/src/main/java/org/springframework/web/reactive/accept/ApiVersionDeprecationHandler.java:38}","{Method handleVersion(Comparable, Object, ServerWebExchange) at spring-webflux/src/main/java/org/springframework/web/reactive/accept/ApiVersionDeprecationHandler.java:39}","-35","-36"
"b128f59714b071e9b4d8a1ae9cdc63f3ff62251f","CHANGE_SIGNATURE","{Method handleDeprecations(Comparable, ServerWebExchange) at spring-webflux/src/main/java/org/springframework/web/reactive/accept/ApiVersionStrategy.java:99}","{Method handleDeprecations(Comparable, Object, ServerWebExchange) at spring-webflux/src/main/java/org/springframework/web/reactive/accept/ApiVersionStrategy.java:100}","-96","-97"
"b128f59714b071e9b4d8a1ae9cdc63f3ff62251f","CHANGE_SIGNATURE","{Method handleDeprecations(Comparable, HttpServletRequest, HttpServletResponse) at spring-web/src/main/java/org/springframework/web/accept/DefaultApiVersionStrategy.java:182}","{Method handleDeprecations(Comparable, Object, HttpServletRequest, HttpServletResponse) at spring-web/src/main/java/org/springframework/web/accept/DefaultApiVersionStrategy.java:182}","-179","-179"
"b128f59714b071e9b4d8a1ae9cdc63f3ff62251f","CHANGE_SIGNATURE","{Method handleDeprecations(Comparable, HttpServletRequest, HttpServletResponse) at spring-web/src/main/java/org/springframework/web/accept/ApiVersionStrategy.java:98}","{Method handleDeprecations(Comparable, Object, HttpServletRequest, HttpServletResponse) at spring-web/src/main/java/org/springframework/web/accept/ApiVersionStrategy.java:99}","-95","-96"
"b128f59714b071e9b4d8a1ae9cdc63f3ff62251f","CHANGE_SIGNATURE","{Method handleDeprecations(Comparable, ServerWebExchange) at spring-webflux/src/main/java/org/springframework/web/reactive/accept/DefaultApiVersionStrategy.java:183}","{Method handleDeprecations(Comparable, Object, ServerWebExchange) at spring-webflux/src/main/java/org/springframework/web/reactive/accept/DefaultApiVersionStrategy.java:183}","-180","-180"
"b128f59714b071e9b4d8a1ae9cdc63f3ff62251f","CHANGE_SIGNATURE","{Method handleVersion(Comparable, HttpServletRequest, HttpServletResponse) at spring-web/src/main/java/org/springframework/web/accept/StandardApiVersionDeprecationHandler.java:88}","{Method handleVersion(Comparable, Object, HttpServletRequest, HttpServletResponse) at spring-web/src/main/java/org/springframework/web/accept/StandardApiVersionDeprecationHandler.java:88}","-85","-85"
"b128f59714b071e9b4d8a1ae9cdc63f3ff62251f","CHANGE_SIGNATURE","{Method handleVersion(Comparable, HttpServletRequest, HttpServletResponse) at spring-web/src/main/java/org/springframework/web/accept/ApiVersionDeprecationHandler.java:41}","{Method handleVersion(Comparable, Object, HttpServletRequest, HttpServletResponse) at spring-web/src/main/java/org/springframework/web/accept/ApiVersionDeprecationHandler.java:42}","-38","-39"
"cd67010518675a67c15d8e3cd5245e43e3f16835"
"a698b1bc0d9727b9af0208f12c312787046bf617"
"2060c340ce047fb279c46a798ef4a6ebf94b8650"
"4f97c41e5835793bb2cc5d9a7110168a00f2c062"
"0243059f53903961039dff6bb77d62a355e410d6"
"b027b73a7a6a9ccea4809ea5756a7740960bb6b2"
"e5fccd1fbbf09f1e253b10ebfc12ad339d0196b5"
"3b0cc2821f9249388190cf559269d9dedac923ec"
"02e928e4e39a6c2b26503fe97c05d201d291c9d2"
"7445f542f4c0a2bf48617fdeb131f1f6aad04130","CHANGE_SIGNATURE","{Method new(ClientHttpRequest, ClientHttpResponse, Mono, Mono, Duration, String, Object) at spring-test/src/main/java/org/springframework/test/web/reactive/server/ExchangeResult.java:97}","{Method new(ClientHttpRequest, ClientHttpResponse, Mono, Mono, Duration, String, Object, JsonConverterDelegate) at spring-test/src/main/java/org/springframework/test/web/reactive/server/ExchangeResult.java:101}","-94","-98"
"cd8690254b672b3f7aa1e0e0abcc8f71c861f8ed","RENAME","{Method mapCookies(Cookie[]) at spring-test/src/main/java/org/springframework/test/web/servlet/assertj/CookieMapAssert.java:43}","{Method toMap(Cookie[]) at spring-test/src/main/java/org/springframework/test/web/servlet/assertj/CookieMapAssert.java:44}","-40","-41"
"cd8690254b672b3f7aa1e0e0abcc8f71c861f8ed","RENAME","{Method getConverterDelegate() at spring-test/src/main/java/org/springframework/test/web/servlet/client/ExchangeResult.java:208}","{Method getJsonConverterDelegate() at spring-test/src/main/java/org/springframework/test/web/servlet/client/ExchangeResult.java:208}","-205","-205"
"125002844e9c450d0f66da1d22ce4700a9ccf038","CHANGE_SIGNATURE","{Method new(MockMvc, HttpMessageContentConverter) at spring-test/src/main/java/org/springframework/test/web/servlet/assertj/MockMvcTester.java:138}","{Method new(MockMvc, JsonConverterDelegate) at spring-test/src/main/java/org/springframework/test/web/servlet/assertj/MockMvcTester.java:138}","-135","-135"
"125002844e9c450d0f66da1d22ce4700a9ccf038","CHANGE_SIGNATURE","{Method new(Object, Class, HttpMessageContentConverter) at spring-test/src/main/java/org/springframework/test/json/AbstractJsonValueAssert.java:70}","{Method new(Object, Class, JsonConverterDelegate) at spring-test/src/main/java/org/springframework/test/json/AbstractJsonValueAssert.java:69}","-67","-66"
"125002844e9c450d0f66da1d22ce4700a9ccf038","CHANGE_SIGNATURE","{Method forJson(String, HttpMessageContentConverter) at spring-test/src/test/java/org/springframework/test/json/AbstractJsonContentAssertTests.java:123}","{Method forJson(String, JsonConverterDelegate) at spring-test/src/test/java/org/springframework/test/json/AbstractJsonContentAssertTests.java:122}","-119","-118"
"125002844e9c450d0f66da1d22ce4700a9ccf038","CHANGE_SIGNATURE","{Method new(String, HttpMessageContentConverter) at spring-test/src/test/java/org/springframework/test/json/AbstractJsonContentAssertTests.java:889}","{Method new(String, JsonConverterDelegate) at spring-test/src/test/java/org/springframework/test/json/AbstractJsonContentAssertTests.java:888}","-885","-884"
"125002844e9c450d0f66da1d22ce4700a9ccf038","CHANGE_SIGNATURE","{Method new(Object, String, HttpMessageContentConverter) at spring-test/src/main/java/org/springframework/test/json/JsonPathValueAssert.java:37}","{Method new(Object, String, JsonConverterDelegate) at spring-test/src/main/java/org/springframework/test/json/JsonPathValueAssert.java:35}","-34","-32"
"125002844e9c450d0f66da1d22ce4700a9ccf038","CHANGE_SIGNATURE","{Method new(HttpMessageContentConverter, ACTUAL, Class) at spring-test/src/main/java/org/springframework/test/web/servlet/assertj/AbstractMockHttpServletResponseAssert.java:49}","{Method new(JsonConverterDelegate, ACTUAL, Class) at spring-test/src/main/java/org/springframework/test/web/servlet/assertj/AbstractMockHttpServletResponseAssert.java:50}","-46","-47"
"125002844e9c450d0f66da1d22ce4700a9ccf038","CHANGE_SIGNATURE","{Method forJson(String, HttpMessageContentConverter) at spring-test/src/test/java/org/springframework/test/json/AbstractJsonContentAssertTests.java:389}","{Method forJson(String, JsonConverterDelegate) at spring-test/src/test/java/org/springframework/test/json/AbstractJsonContentAssertTests.java:388}","-385","-384"
"125002844e9c450d0f66da1d22ce4700a9ccf038","CHANGE_SIGNATURE","{Method new(HttpRequest, ConvertibleClientHttpResponse, String, byte[], HttpMessageContentConverter) at spring-test/src/main/java/org/springframework/test/web/servlet/client/ExchangeResult.java:84}","{Method new(HttpRequest, ConvertibleClientHttpResponse, String, byte[], JsonConverterDelegate) at spring-test/src/main/java/org/springframework/test/web/servlet/client/ExchangeResult.java:84}","-81","-81"
"125002844e9c450d0f66da1d22ce4700a9ccf038","CHANGE_SIGNATURE","{Method new(MvcResult, Exception, HttpMessageContentConverter) at spring-test/src/main/java/org/springframework/test/web/servlet/assertj/DefaultMvcTestResult.java:39}","{Method new(MvcResult, Exception, JsonConverterDelegate) at spring-test/src/main/java/org/springframework/test/web/servlet/assertj/DefaultMvcTestResult.java:39}","-36","-36"
"125002844e9c450d0f66da1d22ce4700a9ccf038","CHANGE_SIGNATURE","{Method new(MvcTestResult, HttpMessageContentConverter) at spring-test/src/main/java/org/springframework/test/web/servlet/assertj/MvcTestResultAssert.java:54}","{Method new(MvcTestResult, JsonConverterDelegate) at spring-test/src/main/java/org/springframework/test/web/servlet/assertj/MvcTestResultAssert.java:54}","-51","-51"
"125002844e9c450d0f66da1d22ce4700a9ccf038","MOVE_RENAME","{Class HttpMessageContentConverterTests at spring-test/src/test/java/org/springframework/test/http/HttpMessageContentConverterTests.java:53}","{Class DefaultJsonConverterDelegateTests at spring-test/src/test/java/org/springframework/test/json/DefaultJsonConverterDelegateTests.java:53}","-51","-51"
"c0429dbb091452f9f7476d7a3c40c0cceb1095c5"
"5e213b2407bc211aee4bfa02f5e1909128860f2f"
"b019ebee6e0c7b6d120817863f56a82689763bf5"
"c0c94d5d86d741d407e35a972c2313157d3d3362"
"d65de19e7df494fed0b5ffa30142bd2ae4270150"
"e6a076017bdfb4dc8879095b80f31c4681c36a5f","RENAME","{Method setSmileMessageConverter(HttpMessageConverter) at spring-web/src/main/java/org/springframework/http/converter/DefaultHttpMessageConverters.java:177}","{Method setSmileConverter(HttpMessageConverter) at spring-web/src/main/java/org/springframework/http/converter/DefaultHttpMessageConverters.java:184}","-173","-180"
"1fc446b3fc1474ab5d8b9c05bbf77b62eacd674b"
"096303c477a02c4f36c37a48375e4527da517008"
"2f47efe2d308750fb4e8c607375bd19f05919aca"
"16822c2fd046dcc4a890434e4272b62291f75caf"
"983d39a97087e8a7b868fdcd9e27b709cfa7b8bd"
"1ee05cc180479f61937dc05a1bbd4988cbadf58e","RENAME","{Method testMutateHasNoSideEffects() at spring-test/src/test/java/org/springframework/test/web/servlet/client/DefaultRestTestClientBuilderTests.java:25}","{Method mutateSameClientTwiceHasNoSideEffects() at spring-test/src/test/java/org/springframework/test/web/servlet/client/DefaultRestTestClientBuilderTests.java:36}","-22","-33"
"8e046b8a3cf23863f47fc44629635a72f4e7edeb"
"183a9466c522a26dcb44aef641d774bc8158a32e"
"4b7cf85d714c514445453845710885c1a8fafffb"
"2b526efe651bd62644b267856613257882e531b1"
"a33027703d20735be8c640b732b8c830627f09db","RENAME","{Method testParticipatingTransactionWithDifferentConnectionObtainedFromSynch() at spring-jdbc/src/test/java/org/springframework/jdbc/datasource/DataSourceTransactionManagerTests.java:484}","{Method participatingTransactionWithDifferentConnectionObtainedFromSynch() at spring-jdbc/src/test/java/org/springframework/jdbc/datasource/DataSourceTransactionManagerTests.java:445}","-481","-442"
"a33027703d20735be8c640b732b8c830627f09db","RENAME","{Method testTransactionWithExceptionOnBegin() at spring-jdbc/src/test/java/org/springframework/jdbc/datasource/DataSourceTransactionManagerTests.java:1287}","{Method transactionWithExceptionOnBegin() at spring-jdbc/src/test/java/org/springframework/jdbc/datasource/DataSourceTransactionManagerTests.java:1203}","-1284","-1200"
"a33027703d20735be8c640b732b8c830627f09db","RENAME","{Method testPropagationNotSupportedWithExistingTransaction() at spring-jdbc/src/test/java/org/springframework/jdbc/datasource/DataSourceTransactionManagerTests.java:701}","{Method propagationNotSupportedWithExistingTransaction() at spring-jdbc/src/test/java/org/springframework/jdbc/datasource/DataSourceTransactionManagerTests.java:632}","-698","-629"
"a33027703d20735be8c640b732b8c830627f09db","RENAME","{Method testTransactionWithExceptionOnCommitAndRollbackOnCommitFailure() at spring-jdbc/src/test/java/org/springframework/jdbc/support/JdbcTransactionManagerTests.java:110}","{Method transactionWithExceptionOnCommitAndRollbackOnCommitFailure() at spring-jdbc/src/test/java/org/springframework/jdbc/support/JdbcTransactionManagerTests.java:99}","-107","-96"
"a33027703d20735be8c640b732b8c830627f09db","RENAME","{Method testParticipatingTransactionWithRollbackOnlyAndInnerSynch() at spring-jdbc/src/test/java/org/springframework/jdbc/datasource/DataSourceTransactionManagerTests.java:523}","{Method participatingTransactionWithRollbackOnlyAndInnerSynch() at spring-jdbc/src/test/java/org/springframework/jdbc/datasource/DataSourceTransactionManagerTests.java:480}","-520","-477"
"a33027703d20735be8c640b732b8c830627f09db","RENAME","{Method testTransactionAwareDataSourceProxyWithEarlyConnection() at spring-jdbc/src/test/java/org/springframework/jdbc/datasource/DataSourceTransactionManagerTests.java:1131}","{Method transactionAwareDataSourceProxyWithEarlyConnection() at spring-jdbc/src/test/java/org/springframework/jdbc/datasource/DataSourceTransactionManagerTests.java:1062}","-1128","-1059"
"a33027703d20735be8c640b732b8c830627f09db","RENAME","{Method testTransactionWithReadOnlyDataSourceAndStatement() at spring-jdbc/src/test/java/org/springframework/jdbc/datasource/DataSourceTransactionManagerTests.java:933}","{Method transactionWithReadOnlyDataSourceAndStatement() at spring-jdbc/src/test/java/org/springframework/jdbc/datasource/DataSourceTransactionManagerTests.java:868}","-930","-865"
"a33027703d20735be8c640b732b8c830627f09db","RENAME","{Method testTransactionWithPropagationNestedAndRollback() at spring-jdbc/src/test/java/org/springframework/jdbc/datasource/DataSourceTransactionManagerTests.java:1769}","{Method transactionWithPropagationNestedAndRollback() at spring-jdbc/src/test/java/org/springframework/jdbc/datasource/DataSourceTransactionManagerTests.java:1625}","-1766","-1622"
"a33027703d20735be8c640b732b8c830627f09db","RENAME","{Method testTransactionWithLazyConnectionDataSourceAndStatement() at spring-jdbc/src/test/java/org/springframework/jdbc/datasource/DataSourceTransactionManagerTests.java:897}","{Method transactionWithLazyConnectionDataSourceAndStatement() at spring-jdbc/src/test/java/org/springframework/jdbc/datasource/DataSourceTransactionManagerTests.java:824}","-894","-821"
"a33027703d20735be8c640b732b8c830627f09db","RENAME","{Method testParticipatingTransactionWithIncompatibleIsolationLevel() at spring-jdbc/src/test/java/org/springframework/jdbc/datasource/DataSourceTransactionManagerTests.java:379}","{Method participatingTransactionWithIncompatibleIsolationLevel() at spring-jdbc/src/test/java/org/springframework/jdbc/datasource/DataSourceTransactionManagerTests.java:363}","-376","-360"
"a33027703d20735be8c640b732b8c830627f09db","RENAME","{Method testTransactionWithPropagationNever() at spring-jdbc/src/test/java/org/springframework/jdbc/datasource/DataSourceTransactionManagerTests.java:1407}","{Method transactionWithPropagationNever() at spring-jdbc/src/test/java/org/springframework/jdbc/datasource/DataSourceTransactionManagerTests.java:1305}","-1404","-1302"
"a33027703d20735be8c640b732b8c830627f09db","RENAME","{Method testTransactionWithIsolationAndReadOnly() at spring-jdbc/src/test/java/org/springframework/jdbc/datasource/DataSourceTransactionManagerTests.java:852}","{Method transactionWithIsolationAndReadOnly() at spring-jdbc/src/test/java/org/springframework/jdbc/datasource/DataSourceTransactionManagerTests.java:758}","-849","-755"
"a33027703d20735be8c640b732b8c830627f09db","RENAME","{Method testTransactionAwareDataSourceProxyWithSuspension() at spring-jdbc/src/test/java/org/springframework/jdbc/datasource/DataSourceTransactionManagerTests.java:1167}","{Method transactionAwareDataSourceProxyWithSuspension() at spring-jdbc/src/test/java/org/springframework/jdbc/datasource/DataSourceTransactionManagerTests.java:1095}","-1164","-1092"
"a33027703d20735be8c640b732b8c830627f09db","RENAME","{Method testPropagationRequiresNewWithExistingTransactionAndUnrelatedFailingDataSource() at spring-jdbc/src/test/java/org/springframework/jdbc/datasource/DataSourceTransactionManagerTests.java:657}","{Method propagationRequiresNewWithExistingTransactionAndUnrelatedFailingDataSource() at spring-jdbc/src/test/java/org/springframework/jdbc/datasource/DataSourceTransactionManagerTests.java:596}","-654","-593"
"a33027703d20735be8c640b732b8c830627f09db","RENAME","{Method testTransactionRollbackWithAutoCommitTrueAndLazyConnectionAndCreateStatement() at spring-jdbc/src/test/java/org/springframework/jdbc/datasource/DataSourceTransactionManagerTests.java:207}","{Method transactionRollbackWithAutoCommitTrueAndLazyConnectionAndCreateStatement() at spring-jdbc/src/test/java/org/springframework/jdbc/datasource/DataSourceTransactionManagerTests.java:203}","-204","-200"
"a33027703d20735be8c640b732b8c830627f09db","RENAME","{Method testTransactionWithDataAccessExceptionOnRollbackFromLazyExceptionTranslator() at spring-jdbc/src/test/java/org/springframework/jdbc/support/JdbcTransactionManagerTests.java:189}","{Method transactionWithDataAccessExceptionOnRollbackFromLazyExceptionTranslator() at spring-jdbc/src/test/java/org/springframework/jdbc/support/JdbcTransactionManagerTests.java:167}","-186","-164"
"a33027703d20735be8c640b732b8c830627f09db","RENAME","{Method doTestExistingTransactionWithPropagationNested(int) at spring-jdbc/src/test/java/org/springframework/jdbc/datasource/DataSourceTransactionManagerTests.java:1434}","{Method testExistingTransactionWithPropagationNested(int) at spring-jdbc/src/test/java/org/springframework/jdbc/datasource/DataSourceTransactionManagerTests.java:1329}","-1431","-1326"
"a33027703d20735be8c640b732b8c830627f09db","RENAME","{Method testTransactionWithLazyConnectionDataSourceNoStatement() at spring-jdbc/src/test/java/org/springframework/jdbc/datasource/DataSourceTransactionManagerTests.java:920}","{Method transactionWithLazyConnectionDataSourceNoStatement() at spring-jdbc/src/test/java/org/springframework/jdbc/datasource/DataSourceTransactionManagerTests.java:851}","-917","-848"
"a33027703d20735be8c640b732b8c830627f09db","RENAME","{Method testPropagationSupportsAndRequiresNewWithEarlyAccess() at spring-jdbc/src/test/java/org/springframework/jdbc/datasource/DataSourceTransactionManagerTests.java:808}","{Method propagationSupportsAndRequiresNewWithEarlyAccess() at spring-jdbc/src/test/java/org/springframework/jdbc/datasource/DataSourceTransactionManagerTests.java:720}","-805","-717"
"a33027703d20735be8c640b732b8c830627f09db","RENAME","{Method testPropagationRequiresNewWithExistingTransaction() at spring-jdbc/src/test/java/org/springframework/jdbc/datasource/DataSourceTransactionManagerTests.java:571}","{Method propagationRequiresNewWithExistingTransaction() at spring-jdbc/src/test/java/org/springframework/jdbc/datasource/DataSourceTransactionManagerTests.java:522}","-568","-519"
"a33027703d20735be8c640b732b8c830627f09db","RENAME","{Method doTestTransactionCommitRestoringAutoCommit(boolean, boolean, boolean) at spring-jdbc/src/test/java/org/springframework/jdbc/datasource/DataSourceTransactionManagerTests.java:130}","{Method testTransactionCommitRestoringAutoCommit(boolean, boolean, boolean) at spring-jdbc/src/test/java/org/springframework/jdbc/datasource/DataSourceTransactionManagerTests.java:129}","-127","-126"
"a33027703d20735be8c640b732b8c830627f09db","RENAME","{Method testPropagationNeverWithExistingTransaction() at spring-jdbc/src/test/java/org/springframework/jdbc/datasource/DataSourceTransactionManagerTests.java:742}","{Method propagationNeverWithExistingTransaction() at spring-jdbc/src/test/java/org/springframework/jdbc/datasource/DataSourceTransactionManagerTests.java:667}","-739","-664"
"a33027703d20735be8c640b732b8c830627f09db","RENAME","{Method testTransactionWithPropagationSupports() at spring-jdbc/src/test/java/org/springframework/jdbc/datasource/DataSourceTransactionManagerTests.java:1371}","{Method transactionWithPropagationSupports() at spring-jdbc/src/test/java/org/springframework/jdbc/datasource/DataSourceTransactionManagerTests.java:1275}","-1368","-1272"
"a33027703d20735be8c640b732b8c830627f09db","RENAME","{Method testTransactionWithDataAccessExceptionOnCommitFromLazyExceptionTranslator() at spring-jdbc/src/test/java/org/springframework/jdbc/support/JdbcTransactionManagerTests.java:92}","{Method transactionWithDataAccessExceptionOnCommitFromLazyExceptionTranslator() at spring-jdbc/src/test/java/org/springframework/jdbc/support/JdbcTransactionManagerTests.java:84}","-89","-81"
"a33027703d20735be8c640b732b8c830627f09db","RENAME","{Method testExistingTransactionWithPropagationNestedAndRequiredRollback() at spring-jdbc/src/test/java/org/springframework/jdbc/datasource/DataSourceTransactionManagerTests.java:1539}","{Method existingTransactionWithPropagationNestedAndRequiredRollback() at spring-jdbc/src/test/java/org/springframework/jdbc/datasource/DataSourceTransactionManagerTests.java:1422}","-1536","-1419"
"a33027703d20735be8c640b732b8c830627f09db","RENAME","{Method testParticipatingTransactionWithIncompatibleReadOnly() at spring-jdbc/src/test/java/org/springframework/jdbc/datasource/DataSourceTransactionManagerTests.java:411}","{Method participatingTransactionWithIncompatibleReadOnly() at spring-jdbc/src/test/java/org/springframework/jdbc/datasource/DataSourceTransactionManagerTests.java:387}","-408","-384"
"a33027703d20735be8c640b732b8c830627f09db","RENAME","{Method testTransactionWithPropagationNested() at spring-jdbc/src/test/java/org/springframework/jdbc/datasource/DataSourceTransactionManagerTests.java:1743}","{Method transactionWithPropagationNested() at spring-jdbc/src/test/java/org/springframework/jdbc/datasource/DataSourceTransactionManagerTests.java:1602}","-1740","-1599"
"a33027703d20735be8c640b732b8c830627f09db","RENAME","{Method testTransactionAwareDataSourceProxy() at spring-jdbc/src/test/java/org/springframework/jdbc/datasource/DataSourceTransactionManagerTests.java:1060}","{Method transactionAwareDataSourceProxy() at spring-jdbc/src/test/java/org/springframework/jdbc/datasource/DataSourceTransactionManagerTests.java:997}","-1057","-994"
"a33027703d20735be8c640b732b8c830627f09db","RENAME","{Method testTransactionRollbackOnly() at spring-jdbc/src/test/java/org/springframework/jdbc/datasource/DataSourceTransactionManagerTests.java:271}","{Method transactionRollbackOnly() at spring-jdbc/src/test/java/org/springframework/jdbc/datasource/DataSourceTransactionManagerTests.java:264}","-268","-261"
"a33027703d20735be8c640b732b8c830627f09db","RENAME","{Method testTransactionRollbackWithAutoCommitFalseAndLazyConnectionAndCreateStatement() at spring-jdbc/src/test/java/org/springframework/jdbc/datasource/DataSourceTransactionManagerTests.java:212}","{Method transactionRollbackWithAutoCommitFalseAndLazyConnectionAndCreateStatement() at spring-jdbc/src/test/java/org/springframework/jdbc/datasource/DataSourceTransactionManagerTests.java:208}","-209","-205"
"a33027703d20735be8c640b732b8c830627f09db","RENAME","{Method testTransactionWithDataAccessExceptionOnCommit() at spring-jdbc/src/test/java/org/springframework/jdbc/support/JdbcTransactionManagerTests.java:73}","{Method transactionWithDataAccessExceptionOnCommit() at spring-jdbc/src/test/java/org/springframework/jdbc/support/JdbcTransactionManagerTests.java:68}","-70","-65"
"a33027703d20735be8c640b732b8c830627f09db","RENAME","{Method testExistingTransactionWithManualSavepoint() at spring-jdbc/src/test/java/org/springframework/jdbc/datasource/DataSourceTransactionManagerTests.java:1669}","{Method existingTransactionWithManualSavepoint() at spring-jdbc/src/test/java/org/springframework/jdbc/datasource/DataSourceTransactionManagerTests.java:1534}","-1666","-1531"
"a33027703d20735be8c640b732b8c830627f09db","EXTRACT","{Method prepareConnectionForTransaction(Connection, TransactionDefinition) at spring-jdbc/src/main/java/org/springframework/jdbc/datasource/DataSourceUtils.java:177}","{Method prepareConnectionForTransaction(Connection, int, boolean) at spring-jdbc/src/main/java/org/springframework/jdbc/datasource/DataSourceUtils.java:196}","-174","-193"
"a33027703d20735be8c640b732b8c830627f09db","RENAME","{Method testTransactionAwareDataSourceProxyWithLazyFalse() at spring-jdbc/src/test/java/org/springframework/jdbc/datasource/DataSourceTransactionManagerTests.java:1095}","{Method transactionAwareDataSourceProxyWithLazyFalse() at spring-jdbc/src/test/java/org/springframework/jdbc/datasource/DataSourceTransactionManagerTests.java:1029}","-1092","-1026"
"a33027703d20735be8c640b732b8c830627f09db","RENAME","{Method testTransactionWithEnforceReadOnly() at spring-jdbc/src/test/java/org/springframework/jdbc/datasource/DataSourceTransactionManagerTests.java:873}","{Method transactionWithEnforceReadOnly() at spring-jdbc/src/test/java/org/springframework/jdbc/datasource/DataSourceTransactionManagerTests.java:798}","-870","-795"
"a33027703d20735be8c640b732b8c830627f09db","RENAME","{Method testExistingTransactionWithPropagationNestedAndRequiredRollbackOnly() at spring-jdbc/src/test/java/org/springframework/jdbc/datasource/DataSourceTransactionManagerTests.java:1604}","{Method existingTransactionWithPropagationNestedAndRequiredRollbackOnly() at spring-jdbc/src/test/java/org/springframework/jdbc/datasource/DataSourceTransactionManagerTests.java:1478}","-1601","-1475"
"a33027703d20735be8c640b732b8c830627f09db","RENAME","{Method doTestTransactionRollbackRestoringAutoCommit(boolean, boolean, boolean) at spring-jdbc/src/test/java/org/springframework/jdbc/datasource/DataSourceTransactionManagerTests.java:217}","{Method testTransactionRollbackRestoringAutoCommit(boolean, boolean, boolean) at spring-jdbc/src/test/java/org/springframework/jdbc/datasource/DataSourceTransactionManagerTests.java:213}","-214","-210"
"a33027703d20735be8c640b732b8c830627f09db","RENAME","{Method testTransactionAwareDataSourceProxyWithSuspensionAndReobtaining() at spring-jdbc/src/test/java/org/springframework/jdbc/datasource/DataSourceTransactionManagerTests.java:1225}","{Method transactionAwareDataSourceProxyWithSuspensionAndReobtaining() at spring-jdbc/src/test/java/org/springframework/jdbc/datasource/DataSourceTransactionManagerTests.java:1147}","-1222","-1144"
"a33027703d20735be8c640b732b8c830627f09db","RENAME","{Method testExistingTransactionWithPropagationNestedAndRollback() at spring-jdbc/src/test/java/org/springframework/jdbc/datasource/DataSourceTransactionManagerTests.java:1487}","{Method existingTransactionWithPropagationNestedAndRollback() at spring-jdbc/src/test/java/org/springframework/jdbc/datasource/DataSourceTransactionManagerTests.java:1376}","-1484","-1373"
"a33027703d20735be8c640b732b8c830627f09db","RENAME","{Method testTransactionWithExceptionOnCommit() at spring-jdbc/src/test/java/org/springframework/jdbc/support/JdbcTransactionManagerTests.java:54}","{Method transactionWithExceptionOnCommit() at spring-jdbc/src/test/java/org/springframework/jdbc/support/JdbcTransactionManagerTests.java:52}","-51","-49"
"a33027703d20735be8c640b732b8c830627f09db","RENAME","{Method testTransactionWithExceptionOnRollback() at spring-jdbc/src/test/java/org/springframework/jdbc/datasource/DataSourceTransactionManagerTests.java:1340}","{Method transactionWithExceptionOnRollback() at spring-jdbc/src/test/java/org/springframework/jdbc/datasource/DataSourceTransactionManagerTests.java:1247}","-1337","-1244"
"a33027703d20735be8c640b732b8c830627f09db","RENAME","{Method testExistingTransactionWithManualSavepointAndRollback() at spring-jdbc/src/test/java/org/springframework/jdbc/datasource/DataSourceTransactionManagerTests.java:1706}","{Method existingTransactionWithManualSavepointAndRollback() at spring-jdbc/src/test/java/org/springframework/jdbc/datasource/DataSourceTransactionManagerTests.java:1568}","-1703","-1565"
"a33027703d20735be8c640b732b8c830627f09db","RENAME","{Method testTransactionWithExceptionOnRollback() at spring-jdbc/src/test/java/org/springframework/jdbc/support/JdbcTransactionManagerTests.java:132}","{Method transactionWithExceptionOnRollback() at spring-jdbc/src/test/java/org/springframework/jdbc/support/JdbcTransactionManagerTests.java:118}","-129","-115"
"a33027703d20735be8c640b732b8c830627f09db","RENAME","{Method testParticipatingTransactionWithTransactionStartedFromSynch() at spring-jdbc/src/test/java/org/springframework/jdbc/datasource/DataSourceTransactionManagerTests.java:445}","{Method participatingTransactionWithTransactionStartedFromSynch() at spring-jdbc/src/test/java/org/springframework/jdbc/datasource/DataSourceTransactionManagerTests.java:413}","-442","-410"
"a33027703d20735be8c640b732b8c830627f09db","RENAME","{Method testTransactionWithExceptionOnCommitAndRollbackOnCommitFailure() at spring-jdbc/src/test/java/org/springframework/jdbc/datasource/DataSourceTransactionManagerTests.java:1321}","{Method transactionWithExceptionOnCommitAndRollbackOnCommitFailure() at spring-jdbc/src/test/java/org/springframework/jdbc/datasource/DataSourceTransactionManagerTests.java:1231}","-1318","-1228"
"a33027703d20735be8c640b732b8c830627f09db","RENAME","{Method testTransactionWithExceptionOnCommit() at spring-jdbc/src/test/java/org/springframework/jdbc/datasource/DataSourceTransactionManagerTests.java:1304}","{Method transactionWithExceptionOnCommit() at spring-jdbc/src/test/java/org/springframework/jdbc/datasource/DataSourceTransactionManagerTests.java:1217}","-1301","-1214"
"a33027703d20735be8c640b732b8c830627f09db","RENAME","{Method testTransactionWithReadOnlyDataSourceNoStatement() at spring-jdbc/src/test/java/org/springframework/jdbc/datasource/DataSourceTransactionManagerTests.java:952}","{Method transactionWithReadOnlyDataSourceNoStatement() at spring-jdbc/src/test/java/org/springframework/jdbc/datasource/DataSourceTransactionManagerTests.java:891}","-949","-888"
"a33027703d20735be8c640b732b8c830627f09db","RENAME","{Method doTestParticipatingTransactionWithRollbackOnly(boolean) at spring-jdbc/src/test/java/org/springframework/jdbc/datasource/DataSourceTransactionManagerTests.java:315}","{Method testParticipatingTransactionWithRollbackOnly(boolean) at spring-jdbc/src/test/java/org/springframework/jdbc/datasource/DataSourceTransactionManagerTests.java:305}","-312","-302"
"a33027703d20735be8c640b732b8c830627f09db","RENAME","{Method testTransactionWithDataAccessExceptionOnRollback() at spring-jdbc/src/test/java/org/springframework/jdbc/support/JdbcTransactionManagerTests.java:165}","{Method transactionWithDataAccessExceptionOnRollback() at spring-jdbc/src/test/java/org/springframework/jdbc/support/JdbcTransactionManagerTests.java:148}","-162","-145"
"a33027703d20735be8c640b732b8c830627f09db","RENAME","{Method testPropagationSupportsAndRequiresNew() at spring-jdbc/src/test/java/org/springframework/jdbc/datasource/DataSourceTransactionManagerTests.java:772}","{Method propagationSupportsAndRequiresNew() at spring-jdbc/src/test/java/org/springframework/jdbc/datasource/DataSourceTransactionManagerTests.java:690}","-769","-687"
"a33027703d20735be8c640b732b8c830627f09db","RENAME","{Method testTransactionWithPropagationNotSupported() at spring-jdbc/src/test/java/org/springframework/jdbc/datasource/DataSourceTransactionManagerTests.java:1390}","{Method transactionWithPropagationNotSupported() at spring-jdbc/src/test/java/org/springframework/jdbc/datasource/DataSourceTransactionManagerTests.java:1291}","-1387","-1288"
"a33027703d20735be8c640b732b8c830627f09db","RENAME","{Method testPropagationRequiresNewWithExistingTransactionAndUnrelatedDataSource() at spring-jdbc/src/test/java/org/springframework/jdbc/datasource/DataSourceTransactionManagerTests.java:608}","{Method propagationRequiresNewWithExistingTransactionAndUnrelatedDataSource() at spring-jdbc/src/test/java/org/springframework/jdbc/datasource/DataSourceTransactionManagerTests.java:553}","-605","-550"
"a33027703d20735be8c640b732b8c830627f09db","RENAME","{Method testTransactionCommitWithAutoCommitTrueAndLazyConnectionAndStatementCreated() at spring-jdbc/src/test/java/org/springframework/jdbc/datasource/DataSourceTransactionManagerTests.java:120}","{Method transactionCommitWithAutoCommitTrueAndLazyConnectionAndStatementCreated() at spring-jdbc/src/test/java/org/springframework/jdbc/datasource/DataSourceTransactionManagerTests.java:119}","-117","-116"
"a33027703d20735be8c640b732b8c830627f09db","RENAME","{Method testTransactionCommitWithAutoCommitFalseAndLazyConnectionAndStatementCreated() at spring-jdbc/src/test/java/org/springframework/jdbc/datasource/DataSourceTransactionManagerTests.java:125}","{Method transactionCommitWithAutoCommitFalseAndLazyConnectionAndStatementCreated() at spring-jdbc/src/test/java/org/springframework/jdbc/datasource/DataSourceTransactionManagerTests.java:124}","-122","-121"
"a33027703d20735be8c640b732b8c830627f09db","RENAME","{Method doTestTransactionReadOnly(int, boolean) at spring-jdbc/src/test/java/org/springframework/jdbc/datasource/DataSourceTransactionManagerTests.java:965}","{Method testTransactionReadOnly(int, boolean) at spring-jdbc/src/test/java/org/springframework/jdbc/datasource/DataSourceTransactionManagerTests.java:908}","-962","-905"
"81d69216b19e6470f00311abab5fad704e9dfc4a","RENAME","{Method setup() at spring-test/src/test/java/org/springframework/test/web/servlet/client/MockMvcClientHttpRequestFactoryTests.java:47}","{Method new() at spring-test/src/test/java/org/springframework/test/web/servlet/client/MockMvcRestTestClientTests.java:43}","-44","-40"
"81d69216b19e6470f00311abab5fad704e9dfc4a","RENAME","{Class MockMvcClientHttpRequestFactoryTests at spring-test/src/test/java/org/springframework/test/web/servlet/client/MockMvcClientHttpRequestFactoryTests.java:42}","{Class MockMvcRestTestClientTests at spring-test/src/test/java/org/springframework/test/web/servlet/client/MockMvcRestTestClientTests.java:39}","-40","-37"
"ae804cb2d08b947bc4f67b330c2f6483d5f78a5b"
"46503d6a45e40203b87eed640412b57e2f01dc13"
"b4a13dddfcc7be0f5e938613d21d3a161767ccac"
"205f3e392d42f49e37b5da29be921c21bf6860fc"
"661dca5e54d4f69aa64b0ae3a08527f82699cc84"
"b976010a9e4ea4967abd91bba9a18dfb76705f96","RENAME","{Method setup() at spring-test/src/test/java/org/springframework/test/web/client/samples/MockMvcClientHttpRequestFactoryTests.java:66}","{Method new(WebApplicationContext) at spring-test/src/test/java/org/springframework/test/web/client/samples/MockMvcClientHttpRequestFactoryTests.java:54}","-63","-51"
"15563ee54ebc4e9da4d28ac6308dd8d369bfb25b"
"324b254849df83ff44ec96a0e534497ed99dade0"
"97586b525f0d20836c6ab319d9d68d396218340e"
"f89737e398452f4e5c15f3d8d7ca52683a582845"
"af026c0373e0a6ff7452ab8bb8949ff6c77a6ab1","RENAME","{Method yamlMessageConverter(HttpMessageConverter) at spring-web/src/main/java/org/springframework/http/converter/DefaultHttpMessageConverters.java:454}","{Method withYamlConverter(HttpMessageConverter) at spring-web/src/main/java/org/springframework/http/converter/DefaultHttpMessageConverters.java:455}","-450","-451"
"af026c0373e0a6ff7452ab8bb8949ff6c77a6ab1","RENAME","{Method customMessageConverter(HttpMessageConverter) at spring-web/src/main/java/org/springframework/http/converter/DefaultHttpMessageConverters.java:376}","{Method addCustomConverter(HttpMessageConverter) at spring-web/src/main/java/org/springframework/http/converter/DefaultHttpMessageConverters.java:376}","-372","-372"
"af026c0373e0a6ff7452ab8bb8949ff6c77a6ab1","RENAME","{Method smileMessageConverter(HttpMessageConverter) at spring-web/src/main/java/org/springframework/http/converter/DefaultHttpMessageConverters.java:442}","{Method withSmileConverter(HttpMessageConverter) at spring-web/src/main/java/org/springframework/http/converter/DefaultHttpMessageConverters.java:443}","-438","-439"
"af026c0373e0a6ff7452ab8bb8949ff6c77a6ab1","RENAME","{Method jsonMessageConverter(HttpMessageConverter) at spring-web/src/main/java/org/springframework/http/converter/DefaultHttpMessageConverters.java:430}","{Method withJsonConverter(HttpMessageConverter) at spring-web/src/main/java/org/springframework/http/converter/DefaultHttpMessageConverters.java:431}","-426","-427"
"af026c0373e0a6ff7452ab8bb8949ff6c77a6ab1","RENAME","{Method customMessageConverter(HttpMessageConverter) at spring-web/src/main/java/org/springframework/http/converter/HttpMessageConverters.java:139}","{Method addCustomConverter(HttpMessageConverter) at spring-web/src/main/java/org/springframework/http/converter/HttpMessageConverters.java:141}","-135","-137"
"af026c0373e0a6ff7452ab8bb8949ff6c77a6ab1","RENAME","{Method stringMessageConverter(HttpMessageConverter) at spring-web/src/main/java/org/springframework/http/converter/DefaultHttpMessageConverters.java:340}","{Method withStringConverter(HttpMessageConverter) at spring-web/src/main/java/org/springframework/http/converter/DefaultHttpMessageConverters.java:340}","-336","-336"
"af026c0373e0a6ff7452ab8bb8949ff6c77a6ab1","RENAME","{Method jsonMessageConverter(HttpMessageConverter) at spring-web/src/main/java/org/springframework/http/converter/DefaultHttpMessageConverters.java:346}","{Method withJsonConverter(HttpMessageConverter) at spring-web/src/main/java/org/springframework/http/converter/DefaultHttpMessageConverters.java:346}","-342","-342"
"af026c0373e0a6ff7452ab8bb8949ff6c77a6ab1","RENAME","{Method smileMessageConverter(HttpMessageConverter) at spring-web/src/main/java/org/springframework/http/converter/DefaultHttpMessageConverters.java:358}","{Method withSmileConverter(HttpMessageConverter) at spring-web/src/main/java/org/springframework/http/converter/DefaultHttpMessageConverters.java:358}","-354","-354"
"af026c0373e0a6ff7452ab8bb8949ff6c77a6ab1","RENAME","{Method stringMessageConverter(HttpMessageConverter) at spring-web/src/main/java/org/springframework/http/converter/HttpMessageConverters.java:93}","{Method withStringConverter(HttpMessageConverter) at spring-web/src/main/java/org/springframework/http/converter/HttpMessageConverters.java:95}","-89","-91"
"af026c0373e0a6ff7452ab8bb8949ff6c77a6ab1","RENAME","{Method yamlMessageConverter(HttpMessageConverter) at spring-web/src/main/java/org/springframework/http/converter/DefaultHttpMessageConverters.java:370}","{Method withYamlConverter(HttpMessageConverter) at spring-web/src/main/java/org/springframework/http/converter/DefaultHttpMessageConverters.java:370}","-366","-366"
"af026c0373e0a6ff7452ab8bb8949ff6c77a6ab1","RENAME","{Method xmlMessageConverter(HttpMessageConverter) at spring-web/src/main/java/org/springframework/http/converter/DefaultHttpMessageConverters.java:352}","{Method withXmlConverter(HttpMessageConverter) at spring-web/src/main/java/org/springframework/http/converter/DefaultHttpMessageConverters.java:352}","-348","-348"
"af026c0373e0a6ff7452ab8bb8949ff6c77a6ab1","RENAME","{Method stringMessageConverter(HttpMessageConverter) at spring-web/src/main/java/org/springframework/http/converter/DefaultHttpMessageConverters.java:424}","{Method withStringConverter(HttpMessageConverter) at spring-web/src/main/java/org/springframework/http/converter/DefaultHttpMessageConverters.java:425}","-420","-421"
"af026c0373e0a6ff7452ab8bb8949ff6c77a6ab1","RENAME","{Method xmlMessageConverter(HttpMessageConverter) at spring-web/src/main/java/org/springframework/http/converter/DefaultHttpMessageConverters.java:436}","{Method withXmlConverter(HttpMessageConverter) at spring-web/src/main/java/org/springframework/http/converter/DefaultHttpMessageConverters.java:437}","-432","-433"
"af026c0373e0a6ff7452ab8bb8949ff6c77a6ab1","RENAME","{Method cborMessageConverter(HttpMessageConverter) at spring-web/src/main/java/org/springframework/http/converter/DefaultHttpMessageConverters.java:364}","{Method withCborConverter(HttpMessageConverter) at spring-web/src/main/java/org/springframework/http/converter/DefaultHttpMessageConverters.java:364}","-360","-360"
"af026c0373e0a6ff7452ab8bb8949ff6c77a6ab1","RENAME","{Method cborMessageConverter(HttpMessageConverter) at spring-web/src/main/java/org/springframework/http/converter/DefaultHttpMessageConverters.java:448}","{Method withCborConverter(HttpMessageConverter) at spring-web/src/main/java/org/springframework/http/converter/DefaultHttpMessageConverters.java:449}","-444","-445"
"af026c0373e0a6ff7452ab8bb8949ff6c77a6ab1","RENAME","{Method customMessageConverter(HttpMessageConverter) at spring-web/src/main/java/org/springframework/http/converter/DefaultHttpMessageConverters.java:460}","{Method addCustomConverter(HttpMessageConverter) at spring-web/src/main/java/org/springframework/http/converter/DefaultHttpMessageConverters.java:461}","-456","-457"
"ecdf069c5df46c5e15405a1437dcbee00e4f9057"
"ce050f152efc6ddba79ff4ca8d4fa9ac5a6557e6"
"b2b526162f27247379d499d504492ac84477c614"
"d7acdc54b42f4bcf1e2bb5ad54c424a44b08471f"
"01a58a253b0631bbaa2a3e5a4a2d098fa316ba69"
"a23c3775a8bec2c830bbe131c4497b7bb284f522"
"f28e245baad21162fad99ca410b20c59234193f4"
"14579b7848cb75c488b0c8c7deb7e7c6d936a483"
"00e1429378572446eda4c60e5ad6d456f7671ae9"
"2d3c2e3feba276d56c7968fd087bef42ef973416"
"a41af448ec23b124d8f5a450c4b43c67a4674771"
"7509e257d1ab73192dcee8344224e0a7b9bdb83a"
"e6037a739e7ac94a2dbdfada4d4ade9e721b5cb3"
"aeed3c963b5dffdccc4589391897b90638f04e96"
"4880ed5c33ff01e5bed3fef4798d64408a908571"
"b1cd508016f27ebcf3d21557a42f6d1afeffb434"
"5471961f061b8cb78e4f12c8c6c07e5391726dc6"
"d33f2c6f73860cd9f3aa6a5027d4d98f9376b356"
"a8349e1c5c98486580ade59a0d51d77445919e9d","CHANGE_SIGNATURE","{Method new(HttpRequest, ConvertibleClientHttpResponse, String, byte[]) at spring-test/src/main/java/org/springframework/test/web/servlet/client/ExchangeResult.java:81}","{Method new(HttpRequest, ConvertibleClientHttpResponse, String, byte[], HttpMessageContentConverter) at spring-test/src/main/java/org/springframework/test/web/servlet/client/ExchangeResult.java:84}","-78","-81"
"41ae13df5d94d94207441d46224dcf5321fe8d5f","EXTRACT_MOVE","{Method nestedTest() at spring-test/src/test/java/org/springframework/test/context/junit/jupiter/nested/ContextHierarchyTestClassScopedExtensionContextNestedTests.java:164}","{Method bar() at spring-test/src/test/java/org/springframework/test/context/junit/jupiter/nested/ParameterizedConstructorInjectionTestMethodScopedExtensionContextNestedTests.java:178}","-158","-174"
"41ae13df5d94d94207441d46224dcf5321fe8d5f","INTERNAL_MOVE","{Method test() at spring-test/src/test/java/org/springframework/test/context/junit/jupiter/nested/TestConstructorTestMethodScopedExtensionContextNestedTests.java:72}","{Method test() at spring-test/src/test/java/org/springframework/test/context/junit/jupiter/nested/TestConstructorTestMethodScopedExtensionContextNestedTests.java:55}","-68","-52"
"41ae13df5d94d94207441d46224dcf5321fe8d5f","EXTRACT_MOVE","{Method nestedTest() at spring-test/src/test/java/org/springframework/test/context/junit/jupiter/nested/ConstructorInjectionTestClassScopedExtensionContextNestedTests.java:108}","{Method bar() at spring-test/src/test/java/org/springframework/test/context/junit/jupiter/nested/ParameterizedConstructorInjectionTestMethodScopedExtensionContextNestedTests.java:178}","-104","-174"
"41ae13df5d94d94207441d46224dcf5321fe8d5f","EXTRACT_MOVE","{Method new(String) at spring-test/src/test/java/org/springframework/test/context/junit/jupiter/nested/ConstructorInjectionTestMethodScopedExtensionContextNestedTests.java:85}","{Method bar() at spring-test/src/test/java/org/springframework/test/context/junit/jupiter/nested/ParameterizedConstructorInjectionTestMethodScopedExtensionContextNestedTests.java:178}","-80","-174"
"41ae13df5d94d94207441d46224dcf5321fe8d5f","INTERNAL_MOVE","{Method nestedFieldHasOverride(ApplicationContext) at spring-test/src/test/java/org/springframework/test/context/bean/override/convention/TestBeanByNameLookupTestMethodScopedExtensionContextIntegrationTests.java:110}","{Method nestedFieldHasOverride(ApplicationContext) at spring-test/src/test/java/org/springframework/test/context/bean/override/convention/TestBeanByNameLookupTestMethodScopedExtensionContextIntegrationTests.java:92}","-105","-88"
"41ae13df5d94d94207441d46224dcf5321fe8d5f","EXTRACT_MOVE","{Method nestedTest() at spring-test/src/test/java/org/springframework/test/context/junit/jupiter/nested/ConstructorInjectionTestMethodScopedExtensionContextNestedTests.java:143}","{Method bar() at spring-test/src/test/java/org/springframework/test/context/junit/jupiter/nested/ParameterizedConstructorInjectionTestMethodScopedExtensionContextNestedTests.java:178}","-138","-174"
"41ae13df5d94d94207441d46224dcf5321fe8d5f","EXTRACT_MOVE","{Method new(String) at spring-test/src/test/java/org/springframework/test/context/junit/jupiter/nested/ConstructorInjectionTestMethodScopedExtensionContextNestedTests.java:103}","{Method bar() at spring-test/src/test/java/org/springframework/test/context/junit/jupiter/nested/ParameterizedConstructorInjectionTestClassScopedExtensionContextNestedTests.java:180}","-98","-176"
"41ae13df5d94d94207441d46224dcf5321fe8d5f","EXTRACT_MOVE","{Method test() at spring-test/src/test/java/org/springframework/test/context/junit/jupiter/nested/ContextConfigurationTestClassScopedExtensionContextNestedTests.java:101}","{Method bar() at spring-test/src/test/java/org/springframework/test/context/junit/jupiter/nested/ParameterizedConstructorInjectionTestMethodScopedExtensionContextNestedTests.java:178}","-97","-174"
"41ae13df5d94d94207441d46224dcf5321fe8d5f","RENAME","{Class TestCase at spring-test/src/test/java/org/springframework/test/context/bean/override/mockito/MockitoBeanByNameLookupTestMethodScopedExtensionContextIntegrationTests.java:61}","{Class MockitoBeanNestedTests at spring-test/src/test/java/org/springframework/test/context/bean/override/mockito/MockitoBeanByNameLookupTestMethodScopedExtensionContextIntegrationTests.java:75}","-58","-72"
"41ae13df5d94d94207441d46224dcf5321fe8d5f","EXTRACT_MOVE","{Method new(String) at spring-test/src/test/java/org/springframework/test/context/junit/jupiter/nested/ConstructorInjectionTestClassScopedExtensionContextNestedTests.java:87}","{Method bar() at spring-test/src/test/java/org/springframework/test/context/junit/jupiter/nested/ParameterizedConstructorInjectionTestClassScopedExtensionContextNestedTests.java:180}","-83","-176"
"41ae13df5d94d94207441d46224dcf5321fe8d5f","EXTRACT_MOVE","{Method test() at spring-test/src/test/java/org/springframework/test/context/junit/jupiter/nested/ContextConfigurationTestMethodScopedExtensionContextNestedTests.java:100}","{Method bar() at spring-test/src/test/java/org/springframework/test/context/junit/jupiter/nested/ParameterizedConstructorInjectionTestClassScopedExtensionContextNestedTests.java:180}","-95","-176"
"41ae13df5d94d94207441d46224dcf5321fe8d5f","EXTRACT_MOVE","{Method nestedTest() at spring-test/src/test/java/org/springframework/test/context/junit/jupiter/nested/ContextHierarchyTestClassScopedExtensionContextNestedTests.java:111}","{Method foo() at spring-test/src/test/java/org/springframework/test/context/junit/jupiter/nested/ParameterizedConstructorInjectionTestMethodScopedExtensionContextNestedTests.java:169}","-107","-165"
"41ae13df5d94d94207441d46224dcf5321fe8d5f","EXTRACT_SUPER","{Class TripleNestedWithInheritedConfigAndTestInterfaceTests at spring-test/src/test/java/org/springframework/test/context/junit/jupiter/nested/ContextConfigurationTestClassScopedExtensionContextNestedTests.java:156}","{Interface TestInterface at spring-test/src/test/java/org/springframework/test/context/junit/jupiter/nested/ParameterizedCtxConfigTestMethodScopedExtensionContextNestedTests.java:245}","-151","-242"
"41ae13df5d94d94207441d46224dcf5321fe8d5f","EXTRACT_MOVE","{Method nestedTest() at spring-test/src/test/java/org/springframework/test/context/junit/jupiter/nested/ContextHierarchyTestMethodScopedExtensionContextNestedTests.java:156}","{Method bar() at spring-test/src/test/java/org/springframework/test/context/junit/jupiter/nested/ParameterizedConstructorInjectionTestClassScopedExtensionContextNestedTests.java:180}","-150","-176"
"41ae13df5d94d94207441d46224dcf5321fe8d5f","INTERNAL_MOVE","{Method topLevelTest() at spring-test/src/test/java/org/springframework/test/context/junit/jupiter/nested/ContextHierarchyTestMethodScopedExtensionContextNestedTests.java:84}","{Method topLevelTest() at spring-test/src/test/java/org/springframework/test/context/junit/jupiter/nested/ContextHierarchyTestMethodScopedExtensionContextNestedTests.java:68}","-80","-65"
"41ae13df5d94d94207441d46224dcf5321fe8d5f","INTERNAL_MOVE","{Class NestedTests at spring-test/src/test/java/org/springframework/test/context/orm/jpa/JpaPersonRepositoryTests.java:85}","{Class NestedTests at spring-test/src/test/java/org/springframework/test/context/orm/jpa/JpaPersonRepositoryTests.java:66}","-81","-63"
"41ae13df5d94d94207441d46224dcf5321fe8d5f","EXTRACT_MOVE","{Method topLevelTest() at spring-test/src/test/java/org/springframework/test/context/junit/jupiter/nested/ContextHierarchyTestClassScopedExtensionContextNestedTests.java:67}","{Method foo() at spring-test/src/test/java/org/springframework/test/context/junit/jupiter/nested/ParameterizedConstructorInjectionTestMethodScopedExtensionContextNestedTests.java:169}","-64","-165"
"41ae13df5d94d94207441d46224dcf5321fe8d5f","EXTRACT_MOVE","{Method test() at spring-test/src/test/java/org/springframework/test/context/junit/jupiter/nested/ContextConfigurationTestMethodScopedExtensionContextNestedTests.java:188}","{Method bar() at spring-test/src/test/java/org/springframework/test/context/junit/jupiter/nested/ParameterizedConstructorInjectionTestMethodScopedExtensionContextNestedTests.java:178}","-181","-174"
"41ae13df5d94d94207441d46224dcf5321fe8d5f","EXTRACT_SUPER","{Class TripleNestedWithInheritedConfigAndTestInterfaceTestCase at spring-test/src/test/java/org/springframework/test/context/junit/jupiter/nested/ContextConfigurationTestMethodScopedExtensionContextNestedTests.java:172}","{Interface TestInterface at spring-test/src/test/java/org/springframework/test/context/junit/jupiter/nested/ParameterizedCtxConfigTestMethodScopedExtensionContextNestedTests.java:245}","-166","-242"
"41ae13df5d94d94207441d46224dcf5321fe8d5f","EXTRACT_MOVE","{Method nestedTest() at spring-test/src/test/java/org/springframework/test/context/junit/jupiter/nested/ConstructorInjectionTestClassScopedExtensionContextNestedTests.java:74}","{Method foo() at spring-test/src/test/java/org/springframework/test/context/junit/jupiter/nested/ParameterizedConstructorInjectionTestMethodScopedExtensionContextNestedTests.java:169}","-70","-165"
"41ae13df5d94d94207441d46224dcf5321fe8d5f","RENAME","{Class TripleNestedWithInheritedConfigButOverriddenProfilesTestCase at spring-test/src/test/java/org/springframework/test/context/junit/jupiter/nested/ActiveProfilesTestMethodScopedExtensionContextNestedTests.java:149}","{Class TripleNestedWithInheritedConfigButOverriddenProfilesTests at spring-test/src/test/java/org/springframework/test/context/junit/jupiter/nested/ActiveProfilesTestMethodScopedExtensionContextNestedTests.java:133}","-143","-128"
"41ae13df5d94d94207441d46224dcf5321fe8d5f","EXTRACT_SUPER","{Class L5InheritedCfgAndTestInterfaceTests at spring-test/src/test/java/org/springframework/test/context/junit/jupiter/nested/TestPropertySourceTestClassScopedExtensionContextNestedTests.java:164}","{Interface TestInterface at spring-test/src/test/java/org/springframework/test/context/junit/jupiter/nested/ParameterizedCtxConfigTestClassScopedExtensionContextNestedTests.java:253}","-158","-250"
"41ae13df5d94d94207441d46224dcf5321fe8d5f","EXTRACT_MOVE","{Method test() at spring-test/src/test/java/org/springframework/test/context/junit/jupiter/nested/ContextConfigurationTestMethodScopedExtensionContextNestedTests.java:144}","{Method foo() at spring-test/src/test/java/org/springframework/test/context/junit/jupiter/nested/ParameterizedConstructorInjectionTestClassScopedExtensionContextNestedTests.java:171}","-138","-167"
"41ae13df5d94d94207441d46224dcf5321fe8d5f","EXTRACT_MOVE","{Method test() at spring-test/src/test/java/org/springframework/test/context/junit/jupiter/nested/ContextConfigurationTestClassScopedExtensionContextNestedTests.java:125}","{Method bar() at spring-test/src/test/java/org/springframework/test/context/junit/jupiter/nested/ParameterizedConstructorInjectionTestMethodScopedExtensionContextNestedTests.java:178}","-120","-174"
"41ae13df5d94d94207441d46224dcf5321fe8d5f","EXTRACT_MOVE","{Method new(TestInfo, String) at spring-test/src/test/java/org/springframework/test/context/junit/jupiter/nested/ConstructorInjectionTestMethodScopedExtensionContextNestedTests.java:120}","{Method bar() at spring-test/src/test/java/org/springframework/test/context/junit/jupiter/nested/ParameterizedConstructorInjectionTestClassScopedExtensionContextNestedTests.java:180}","-115","-176"
"41ae13df5d94d94207441d46224dcf5321fe8d5f","EXTRACT_MOVE","{Method test() at spring-test/src/test/java/org/springframework/test/context/junit/jupiter/nested/ContextConfigurationTestMethodScopedExtensionContextNestedTests.java:164}","{Method foo() at spring-test/src/test/java/org/springframework/test/context/junit/jupiter/nested/ParameterizedConstructorInjectionTestMethodScopedExtensionContextNestedTests.java:169}","-157","-165"
"41ae13df5d94d94207441d46224dcf5321fe8d5f","EXTRACT_MOVE","{Method nestedTest() at spring-test/src/test/java/org/springframework/test/context/junit/jupiter/nested/ConstructorInjectionTestMethodScopedExtensionContextNestedTests.java:107}","{Method foo() at spring-test/src/test/java/org/springframework/test/context/junit/jupiter/nested/ParameterizedConstructorInjectionTestMethodScopedExtensionContextNestedTests.java:169}","-102","-165"
"41ae13df5d94d94207441d46224dcf5321fe8d5f","EXTRACT_MOVE","{Method test() at spring-test/src/test/java/org/springframework/test/context/junit/jupiter/nested/ContextConfigurationTestClassScopedExtensionContextNestedTests.java:148}","{Method bar() at spring-test/src/test/java/org/springframework/test/context/junit/jupiter/nested/ParameterizedConstructorInjectionTestClassScopedExtensionContextNestedTests.java:180}","-142","-176"
"41ae13df5d94d94207441d46224dcf5321fe8d5f","INTERNAL_MOVE","{Method nestedFieldHasOverride(ApplicationContext) at spring-test/src/test/java/org/springframework/test/context/bean/override/mockito/MockitoSpyBeanByNameLookupTestMethodScopedExtensionContextIntegrationTests.java:100}","{Method nestedFieldHasOverride(ApplicationContext) at spring-test/src/test/java/org/springframework/test/context/bean/override/mockito/MockitoSpyBeanByNameLookupTestMethodScopedExtensionContextIntegrationTests.java:83}","-95","-79"
"41ae13df5d94d94207441d46224dcf5321fe8d5f","RENAME","{Class L4InheritedCfgButOverriddenTestPropertiesTestCase at spring-test/src/test/java/org/springframework/test/context/junit/jupiter/nested/TestPropertySourceTestMethodScopedExtensionContextNestedTests.java:146}","{Class L4InheritedCfgButOverriddenTestPropsTests at spring-test/src/test/java/org/springframework/test/context/junit/jupiter/nested/TestPropertySourceTestMethodScopedExtensionContextNestedTests.java:129}","-140","-124"
"41ae13df5d94d94207441d46224dcf5321fe8d5f","EXTRACT_SUPER","{Class TripleNestedWithInheritedConfigAndTestInterfaceTests at spring-test/src/test/java/org/springframework/test/context/junit/jupiter/nested/TestConstructorTestClassScopedExtensionContextNestedTests.java:142}","{Interface TestInterface at spring-test/src/test/java/org/springframework/test/context/junit/jupiter/nested/ParameterizedCtxConfigTestMethodScopedExtensionContextNestedTests.java:245}","-137","-242"
"41ae13df5d94d94207441d46224dcf5321fe8d5f","EXTRACT_MOVE","{Method new(TestInfo, String) at spring-test/src/test/java/org/springframework/test/context/junit/jupiter/nested/ConstructorInjectionTestClassScopedExtensionContextNestedTests.java:54}","{Method foo() at spring-test/src/test/java/org/springframework/test/context/junit/jupiter/nested/ParameterizedConstructorInjectionTestClassScopedExtensionContextNestedTests.java:171}","-51","-167"
"41ae13df5d94d94207441d46224dcf5321fe8d5f","EXTRACT_MOVE","{Method nestedTest() at spring-test/src/test/java/org/springframework/test/context/junit/jupiter/nested/ConstructorInjectionTestMethodScopedExtensionContextNestedTests.java:107}","{Method foo() at spring-test/src/test/java/org/springframework/test/context/junit/jupiter/nested/ParameterizedConstructorInjectionTestClassScopedExtensionContextNestedTests.java:171}","-102","-167"
"41ae13df5d94d94207441d46224dcf5321fe8d5f","EXTRACT_MOVE","{Method test() at spring-test/src/test/java/org/springframework/test/context/junit/jupiter/nested/ContextConfigurationTestMethodScopedExtensionContextNestedTests.java:144}","{Method bar() at spring-test/src/test/java/org/springframework/test/context/junit/jupiter/nested/ParameterizedConstructorInjectionTestMethodScopedExtensionContextNestedTests.java:178}","-138","-174"
"41ae13df5d94d94207441d46224dcf5321fe8d5f","EXTRACT_MOVE","{Method topLevelTest() at spring-test/src/test/java/org/springframework/test/context/junit/jupiter/nested/ContextHierarchyTestMethodScopedExtensionContextNestedTests.java:84}","{Method foo() at spring-test/src/test/java/org/springframework/test/context/junit/jupiter/nested/ParameterizedConstructorInjectionTestMethodScopedExtensionContextNestedTests.java:169}","-80","-165"
"41ae13df5d94d94207441d46224dcf5321fe8d5f","INTERNAL_MOVE","{Method fieldIsMockedWhenNoOriginalBean(ApplicationContext) at spring-test/src/test/java/org/springframework/test/context/bean/override/mockito/MockitoBeanByNameLookupTestMethodScopedExtensionContextIntegrationTests.java:121}","{Method fieldIsMockedWhenNoOriginalBean(ApplicationContext) at spring-test/src/test/java/org/springframework/test/context/bean/override/mockito/MockitoBeanByNameLookupTestMethodScopedExtensionContextIntegrationTests.java:64}","-116","-61"
"41ae13df5d94d94207441d46224dcf5321fe8d5f","EXTRACT_MOVE","{Method propertiesInEnvironment() at spring-test/src/test/java/org/springframework/test/context/junit/jupiter/nested/TestPropertySourceTestMethodScopedExtensionContextNestedTests.java:171}","{Method bar() at spring-test/src/test/java/org/springframework/test/context/junit/jupiter/nested/ParameterizedConstructorInjectionTestMethodScopedExtensionContextNestedTests.java:178}","-163","-174"
"41ae13df5d94d94207441d46224dcf5321fe8d5f","EXTRACT_MOVE","{Method nestedTest() at spring-test/src/test/java/org/springframework/test/context/junit/jupiter/nested/ContextHierarchyTestClassScopedExtensionContextNestedTests.java:86}","{Method bar() at spring-test/src/test/java/org/springframework/test/context/junit/jupiter/nested/ParameterizedConstructorInjectionTestClassScopedExtensionContextNestedTests.java:180}","-82","-176"
"41ae13df5d94d94207441d46224dcf5321fe8d5f","INTERNAL_MOVE_RENAME","{Class ConfigOverriddenByDefaultTestCase at spring-test/src/test/java/org/springframework/test/context/junit/jupiter/nested/ActiveProfilesTestMethodScopedExtensionContextNestedTests.java:96}","{Class ConfigOverriddenByDefaultTests at spring-test/src/test/java/org/springframework/test/context/junit/jupiter/nested/ActiveProfilesTestMethodScopedExtensionContextNestedTests.java:80}","-92","-77"
"41ae13df5d94d94207441d46224dcf5321fe8d5f","INTERNAL_MOVE","{Method field() at spring-test/src/test/java/org/springframework/test/context/bean/override/convention/TestBeanByNameLookupTestMethodScopedExtensionContextIntegrationTests.java:66}","{Method field() at spring-test/src/test/java/org/springframework/test/context/bean/override/convention/TestBeanByNameLookupTestMethodScopedExtensionContextIntegrationTests.java:48}","-62","-45"
"41ae13df5d94d94207441d46224dcf5321fe8d5f","EXTRACT_SUPER","{Class TripleNestedWithInheritedConfigAndTestInterfaceTestCase at spring-test/src/test/java/org/springframework/test/context/junit/jupiter/nested/TestConstructorTestMethodScopedExtensionContextNestedTests.java:159}","{Interface TestInterface at spring-test/src/test/java/org/springframework/test/context/junit/jupiter/nested/ParameterizedCtxConfigTestMethodScopedExtensionContextNestedTests.java:245}","-153","-242"
"41ae13df5d94d94207441d46224dcf5321fe8d5f","EXTRACT_MOVE","{Method nestedTest() at spring-test/src/test/java/org/springframework/test/context/junit/jupiter/nested/ContextHierarchyTestClassScopedExtensionContextNestedTests.java:86}","{Method bar() at spring-test/src/test/java/org/springframework/test/context/junit/jupiter/nested/ParameterizedConstructorInjectionTestMethodScopedExtensionContextNestedTests.java:178}","-82","-174"
"41ae13df5d94d94207441d46224dcf5321fe8d5f","EXTRACT_SUPER","{Class TripleNestedInheritedCfgAndTestInterfaceTests at spring-test/src/test/java/org/springframework/test/context/junit/jupiter/nested/ContextHierarchyTestClassScopedExtensionContextNestedTests.java:149}","{Interface TestInterface at spring-test/src/test/java/org/springframework/test/context/junit/jupiter/nested/ParameterizedCtxConfigTestClassScopedExtensionContextNestedTests.java:253}","-144","-250"
"41ae13df5d94d94207441d46224dcf5321fe8d5f","EXTRACT_MOVE","{Method nestedTest() at spring-test/src/test/java/org/springframework/test/context/junit/jupiter/nested/ConstructorInjectionTestClassScopedExtensionContextNestedTests.java:74}","{Method foo() at spring-test/src/test/java/org/springframework/test/context/junit/jupiter/nested/ParameterizedConstructorInjectionTestClassScopedExtensionContextNestedTests.java:171}","-70","-167"
"41ae13df5d94d94207441d46224dcf5321fe8d5f","EXTRACT_MOVE","{Method topLevelTest() at spring-test/src/test/java/org/springframework/test/context/junit/jupiter/nested/ConstructorInjectionTestMethodScopedExtensionContextNestedTests.java:74}","{Method foo() at spring-test/src/test/java/org/springframework/test/context/junit/jupiter/nested/ParameterizedConstructorInjectionTestMethodScopedExtensionContextNestedTests.java:169}","-70","-165"
"41ae13df5d94d94207441d46224dcf5321fe8d5f","EXTRACT_MOVE","{Method test() at spring-test/src/test/java/org/springframework/test/context/junit/jupiter/nested/ContextConfigurationTestClassScopedExtensionContextNestedTests.java:171}","{Method bar() at spring-test/src/test/java/org/springframework/test/context/junit/jupiter/nested/ParameterizedConstructorInjectionTestMethodScopedExtensionContextNestedTests.java:178}","-165","-174"
"41ae13df5d94d94207441d46224dcf5321fe8d5f","RENAME","{Class TripleNestedWithInheritedConfigAndTestInterfaceTestCase at spring-test/src/test/java/org/springframework/test/context/junit/jupiter/nested/ContextConfigurationTestMethodScopedExtensionContextNestedTests.java:172}","{Class TripleNestedWithInheritedConfigAndTestInterfaceTests at spring-test/src/test/java/org/springframework/test/context/junit/jupiter/nested/ContextConfigurationTestMethodScopedExtensionContextNestedTests.java:151}","-166","-146"
"41ae13df5d94d94207441d46224dcf5321fe8d5f","INTERNAL_MOVE","{Method test() at spring-test/src/test/java/org/springframework/test/context/junit/jupiter/nested/TestConstructorTestMethodScopedExtensionContextNestedTests.java:124}","{Method test() at spring-test/src/test/java/org/springframework/test/context/junit/jupiter/nested/TestConstructorTestMethodScopedExtensionContextNestedTests.java:107}","-117","-101"
"41ae13df5d94d94207441d46224dcf5321fe8d5f","EXTRACT_MOVE","{Method test() at spring-test/src/test/java/org/springframework/test/context/junit/jupiter/nested/ContextConfigurationTestClassScopedExtensionContextNestedTests.java:101}","{Method foo() at spring-test/src/test/java/org/springframework/test/context/junit/jupiter/nested/ParameterizedConstructorInjectionTestClassScopedExtensionContextNestedTests.java:171}","-97","-167"
"41ae13df5d94d94207441d46224dcf5321fe8d5f","EXTRACT_MOVE","{Method propertiesInEnvironment() at spring-test/src/test/java/org/springframework/test/context/junit/jupiter/nested/TestPropertySourceTestMethodScopedExtensionContextNestedTests.java:171}","{Method foo() at spring-test/src/test/java/org/springframework/test/context/junit/jupiter/nested/ParameterizedConstructorInjectionTestClassScopedExtensionContextNestedTests.java:171}","-163","-167"
"41ae13df5d94d94207441d46224dcf5321fe8d5f","EXTRACT_MOVE","{Method nestedTest() at spring-test/src/test/java/org/springframework/test/context/junit/jupiter/nested/ConstructorInjectionTestMethodScopedExtensionContextNestedTests.java:124}","{Method bar() at spring-test/src/test/java/org/springframework/test/context/junit/jupiter/nested/ParameterizedConstructorInjectionTestClassScopedExtensionContextNestedTests.java:180}","-119","-176"
"41ae13df5d94d94207441d46224dcf5321fe8d5f","EXTRACT_MOVE","{Method propertiesInEnvironment() at spring-test/src/test/java/org/springframework/test/context/junit/jupiter/nested/TestPropertySourceTestClassScopedExtensionContextNestedTests.java:171}","{Method foo() at spring-test/src/test/java/org/springframework/test/context/junit/jupiter/nested/ParameterizedConstructorInjectionTestClassScopedExtensionContextNestedTests.java:171}","-164","-167"
"41ae13df5d94d94207441d46224dcf5321fe8d5f","EXTRACT_MOVE","{Method test() at spring-test/src/test/java/org/springframework/test/context/junit/jupiter/nested/ContextConfigurationTestClassScopedExtensionContextNestedTests.java:125}","{Method foo() at spring-test/src/test/java/org/springframework/test/context/junit/jupiter/nested/ParameterizedConstructorInjectionTestClassScopedExtensionContextNestedTests.java:171}","-120","-167"
"41ae13df5d94d94207441d46224dcf5321fe8d5f","EXTRACT_MOVE","{Method nestedTest() at spring-test/src/test/java/org/springframework/test/context/junit/jupiter/nested/ContextHierarchyTestMethodScopedExtensionContextNestedTests.java:103}","{Method foo() at spring-test/src/test/java/org/springframework/test/context/junit/jupiter/nested/ParameterizedConstructorInjectionTestMethodScopedExtensionContextNestedTests.java:169}","-98","-165"
"41ae13df5d94d94207441d46224dcf5321fe8d5f","EXTRACT_MOVE","{Method new(String, TestInfo, int) at spring-test/src/test/java/org/springframework/test/context/junit/jupiter/nested/ConstructorInjectionTestClassScopedExtensionContextNestedTests.java:122}","{Method bar() at spring-test/src/test/java/org/springframework/test/context/junit/jupiter/nested/ParameterizedConstructorInjectionTestMethodScopedExtensionContextNestedTests.java:178}","-118","-174"
"41ae13df5d94d94207441d46224dcf5321fe8d5f","INTERNAL_MOVE","{Method fieldWithMethodNameHasOverride(ApplicationContext) at spring-test/src/test/java/org/springframework/test/context/bean/override/convention/TestBeanByNameLookupTestMethodScopedExtensionContextIntegrationTests.java:104}","{Method fieldWithMethodNameHasOverride(ApplicationContext) at spring-test/src/test/java/org/springframework/test/context/bean/override/convention/TestBeanByNameLookupTestMethodScopedExtensionContextIntegrationTests.java:62}","-99","-59"
"41ae13df5d94d94207441d46224dcf5321fe8d5f","EXTRACT_MOVE","{Method nestedTest() at spring-test/src/test/java/org/springframework/test/context/junit/jupiter/nested/ContextHierarchyTestMethodScopedExtensionContextNestedTests.java:127}","{Method bar() at spring-test/src/test/java/org/springframework/test/context/junit/jupiter/nested/ParameterizedConstructorInjectionTestClassScopedExtensionContextNestedTests.java:180}","-122","-176"
"41ae13df5d94d94207441d46224dcf5321fe8d5f","EXTRACT_MOVE","{Method bar() at spring-test/src/test/java/org/springframework/test/context/junit/jupiter/nested/ConstructorInjectionTestMethodScopedExtensionContextNestedTests.java:167}","{Method bar() at spring-test/src/test/java/org/springframework/test/context/junit/jupiter/nested/ParameterizedConstructorInjectionTestMethodScopedExtensionContextNestedTests.java:178}","-163","-174"
"41ae13df5d94d94207441d46224dcf5321fe8d5f","EXTRACT_MOVE","{Method propertiesInEnvironment() at spring-test/src/test/java/org/springframework/test/context/junit/jupiter/nested/TestPropertySourceTestClassScopedExtensionContextNestedTests.java:171}","{Method bar() at spring-test/src/test/java/org/springframework/test/context/junit/jupiter/nested/ParameterizedConstructorInjectionTestClassScopedExtensionContextNestedTests.java:180}","-164","-176"
"41ae13df5d94d94207441d46224dcf5321fe8d5f","EXTRACT_MOVE","{Method test() at spring-test/src/test/java/org/springframework/test/context/junit/jupiter/nested/ContextConfigurationTestMethodScopedExtensionContextNestedTests.java:120}","{Method bar() at spring-test/src/test/java/org/springframework/test/context/junit/jupiter/nested/ParameterizedConstructorInjectionTestClassScopedExtensionContextNestedTests.java:180}","-115","-176"
"41ae13df5d94d94207441d46224dcf5321fe8d5f","EXTRACT_MOVE","{Method nestedTest() at spring-test/src/test/java/org/springframework/test/context/junit/jupiter/nested/ContextHierarchyTestMethodScopedExtensionContextNestedTests.java:182}","{Method bar() at spring-test/src/test/java/org/springframework/test/context/junit/jupiter/nested/ParameterizedConstructorInjectionTestClassScopedExtensionContextNestedTests.java:180}","-175","-176"
"41ae13df5d94d94207441d46224dcf5321fe8d5f","EXTRACT_MOVE","{Method foo() at spring-test/src/test/java/org/springframework/test/context/junit/jupiter/nested/ConstructorInjectionTestClassScopedExtensionContextNestedTests.java:140}","{Method foo() at spring-test/src/test/java/org/springframework/test/context/junit/jupiter/nested/ParameterizedConstructorInjectionTestClassScopedExtensionContextNestedTests.java:171}","-136","-167"
"41ae13df5d94d94207441d46224dcf5321fe8d5f","EXTRACT_MOVE","{Method test() at spring-test/src/test/java/org/springframework/test/context/junit/jupiter/nested/ContextConfigurationTestMethodScopedExtensionContextNestedTests.java:188}","{Method bar() at spring-test/src/test/java/org/springframework/test/context/junit/jupiter/nested/ParameterizedConstructorInjectionTestClassScopedExtensionContextNestedTests.java:180}","-181","-176"
"41ae13df5d94d94207441d46224dcf5321fe8d5f","MOVE_RENAME","{Class NestedTestCaseWithInheritedConfigTestCase at spring-test/src/test/java/org/springframework/test/context/junit/jupiter/nested/ContextConfigurationTestMethodScopedExtensionContextNestedTests.java:108}","{Class NestedTestsWithInheritedConfigTests at spring-test/src/test/java/org/springframework/test/context/junit/jupiter/nested/ParameterizedCtxConfigTestMethodScopedExtensionContextNestedTests.java:102}","-104","-99"
"41ae13df5d94d94207441d46224dcf5321fe8d5f","EXTRACT_MOVE","{Method nestedTest() at spring-test/src/test/java/org/springframework/test/context/junit/jupiter/nested/ContextHierarchyTestClassScopedExtensionContextNestedTests.java:111}","{Method bar() at spring-test/src/test/java/org/springframework/test/context/junit/jupiter/nested/ParameterizedConstructorInjectionTestMethodScopedExtensionContextNestedTests.java:178}","-107","-174"
"41ae13df5d94d94207441d46224dcf5321fe8d5f","RENAME","{Class TripleNestedWithInheritedConfigAndTestInterfaceTestCase at spring-test/src/test/java/org/springframework/test/context/junit/jupiter/nested/TestConstructorTestMethodScopedExtensionContextNestedTests.java:159}","{Class TripleNestedWithInheritedConfigAndTestInterfaceTests at spring-test/src/test/java/org/springframework/test/context/junit/jupiter/nested/TestConstructorTestMethodScopedExtensionContextNestedTests.java:142}","-153","-137"
"41ae13df5d94d94207441d46224dcf5321fe8d5f","INTERNAL_MOVE_RENAME","{Class NestedTestCase at spring-test/src/test/java/org/springframework/test/context/junit/jupiter/nested/ContextConfigurationTestMethodScopedExtensionContextNestedTests.java:88}","{Class NestedTests at spring-test/src/test/java/org/springframework/test/context/junit/jupiter/nested/ContextConfigurationTestMethodScopedExtensionContextNestedTests.java:67}","-84","-64"
"41ae13df5d94d94207441d46224dcf5321fe8d5f","EXTRACT_MOVE","{Method test() at spring-test/src/test/java/org/springframework/test/context/junit/jupiter/nested/ContextConfigurationTestMethodScopedExtensionContextNestedTests.java:120}","{Method foo() at spring-test/src/test/java/org/springframework/test/context/junit/jupiter/nested/ParameterizedConstructorInjectionTestClassScopedExtensionContextNestedTests.java:171}","-115","-167"
"41ae13df5d94d94207441d46224dcf5321fe8d5f","INTERNAL_MOVE","{Method nestedFieldAndRenamedFieldHaveSameOverride(ApplicationContext) at spring-test/src/test/java/org/springframework/test/context/bean/override/mockito/MockitoBeanByNameLookupTestMethodScopedExtensionContextIntegrationTests.java:131}","{Method nestedFieldAndRenamedFieldHaveSameOverride(ApplicationContext) at spring-test/src/test/java/org/springframework/test/context/bean/override/mockito/MockitoBeanByNameLookupTestMethodScopedExtensionContextIntegrationTests.java:114}","-126","-110"
"41ae13df5d94d94207441d46224dcf5321fe8d5f","EXTRACT_MOVE","{Method nestedTest() at spring-test/src/test/java/org/springframework/test/context/junit/jupiter/nested/ConstructorInjectionTestMethodScopedExtensionContextNestedTests.java:90}","{Method foo() at spring-test/src/test/java/org/springframework/test/context/junit/jupiter/nested/ParameterizedConstructorInjectionTestClassScopedExtensionContextNestedTests.java:171}","-85","-167"
"41ae13df5d94d94207441d46224dcf5321fe8d5f","RENAME","{Class TripleNestedInheritedCfgAndTestInterfaceTestCase at spring-test/src/test/java/org/springframework/test/context/junit/jupiter/nested/ContextHierarchyTestMethodScopedExtensionContextNestedTests.java:167}","{Class TripleNestedInheritedCfgAndTestInterfaceTests at spring-test/src/test/java/org/springframework/test/context/junit/jupiter/nested/ContextHierarchyTestMethodScopedExtensionContextNestedTests.java:151}","-161","-146"
"41ae13df5d94d94207441d46224dcf5321fe8d5f","EXTRACT_MOVE","{Method test() at spring-test/src/test/java/org/springframework/test/context/junit/jupiter/nested/ContextConfigurationTestMethodScopedExtensionContextNestedTests.java:188}","{Method foo() at spring-test/src/test/java/org/springframework/test/context/junit/jupiter/nested/ParameterizedConstructorInjectionTestClassScopedExtensionContextNestedTests.java:171}","-181","-167"
"41ae13df5d94d94207441d46224dcf5321fe8d5f","EXTRACT_SUPER","{Class L5InheritedCfgAndTestInterfaceTestCase at spring-test/src/test/java/org/springframework/test/context/junit/jupiter/nested/TestPropertySourceTestMethodScopedExtensionContextNestedTests.java:164}","{Interface TestInterface at spring-test/src/test/java/org/springframework/test/context/junit/jupiter/nested/ParameterizedCtxConfigTestMethodScopedExtensionContextNestedTests.java:245}","-157","-242"
"41ae13df5d94d94207441d46224dcf5321fe8d5f","EXTRACT_MOVE","{Method nestedTest() at spring-test/src/test/java/org/springframework/test/context/junit/jupiter/nested/ContextHierarchyTestClassScopedExtensionContextNestedTests.java:139}","{Method bar() at spring-test/src/test/java/org/springframework/test/context/junit/jupiter/nested/ParameterizedConstructorInjectionTestMethodScopedExtensionContextNestedTests.java:178}","-134","-174"
"41ae13df5d94d94207441d46224dcf5321fe8d5f","INTERNAL_MOVE_RENAME","{Class TestBeanFactoryMethodInEnclosingClassTestCase at spring-test/src/test/java/org/springframework/test/context/bean/override/convention/TestBeanByNameLookupTestMethodScopedExtensionContextIntegrationTests.java:152}","{Class TestBeanFactoryMethodInEnclosingClassTests at spring-test/src/test/java/org/springframework/test/context/bean/override/convention/TestBeanByNameLookupTestMethodScopedExtensionContextIntegrationTests.java:134}","-148","-131"
"41ae13df5d94d94207441d46224dcf5321fe8d5f","EXTRACT_MOVE","{Method test() at spring-test/src/test/java/org/springframework/test/context/junit/jupiter/nested/ContextConfigurationTestMethodScopedExtensionContextNestedTests.java:188}","{Method foo() at spring-test/src/test/java/org/springframework/test/context/junit/jupiter/nested/ParameterizedConstructorInjectionTestMethodScopedExtensionContextNestedTests.java:169}","-181","-165"
"41ae13df5d94d94207441d46224dcf5321fe8d5f","EXTRACT_MOVE","{Method nestedTest() at spring-test/src/test/java/org/springframework/test/context/junit/jupiter/nested/ConstructorInjectionTestClassScopedExtensionContextNestedTests.java:91}","{Method bar() at spring-test/src/test/java/org/springframework/test/context/junit/jupiter/nested/ParameterizedConstructorInjectionTestClassScopedExtensionContextNestedTests.java:180}","-87","-176"
"41ae13df5d94d94207441d46224dcf5321fe8d5f","INTERNAL_MOVE","{Method test() at spring-test/src/test/java/org/springframework/test/context/junit/jupiter/nested/ContextConfigurationTestMethodScopedExtensionContextNestedTests.java:120}","{Method test() at spring-test/src/test/java/org/springframework/test/context/junit/jupiter/nested/ContextConfigurationTestMethodScopedExtensionContextNestedTests.java:99}","-115","-95"
"41ae13df5d94d94207441d46224dcf5321fe8d5f","EXTRACT_MOVE","{Method nestedTest() at spring-test/src/test/java/org/springframework/test/context/junit/jupiter/nested/ContextHierarchyTestMethodScopedExtensionContextNestedTests.java:103}","{Method foo() at spring-test/src/test/java/org/springframework/test/context/junit/jupiter/nested/ParameterizedConstructorInjectionTestClassScopedExtensionContextNestedTests.java:171}","-98","-167"
"41ae13df5d94d94207441d46224dcf5321fe8d5f","EXTRACT_MOVE","{Method propertiesInEnvironment() at spring-test/src/test/java/org/springframework/test/context/junit/jupiter/nested/TestPropertySourceTestClassScopedExtensionContextNestedTests.java:171}","{Method foo() at spring-test/src/test/java/org/springframework/test/context/junit/jupiter/nested/ParameterizedConstructorInjectionTestMethodScopedExtensionContextNestedTests.java:169}","-164","-165"
"41ae13df5d94d94207441d46224dcf5321fe8d5f","EXTRACT_MOVE","{Method nestedTest() at spring-test/src/test/java/org/springframework/test/context/junit/jupiter/nested/ContextHierarchyTestClassScopedExtensionContextNestedTests.java:164}","{Method foo() at spring-test/src/test/java/org/springframework/test/context/junit/jupiter/nested/ParameterizedConstructorInjectionTestMethodScopedExtensionContextNestedTests.java:169}","-158","-165"
"41ae13df5d94d94207441d46224dcf5321fe8d5f","EXTRACT_MOVE","{Method topLevelTest() at spring-test/src/test/java/org/springframework/test/context/junit/jupiter/nested/ContextConfigurationTestMethodScopedExtensionContextNestedTests.java:82}","{Method foo() at spring-test/src/test/java/org/springframework/test/context/junit/jupiter/nested/ParameterizedConstructorInjectionTestMethodScopedExtensionContextNestedTests.java:169}","-78","-165"
"41ae13df5d94d94207441d46224dcf5321fe8d5f","EXTRACT_MOVE","{Method test() at spring-test/src/test/java/org/springframework/test/context/junit/jupiter/nested/ContextConfigurationTestMethodScopedExtensionContextNestedTests.java:164}","{Method bar() at spring-test/src/test/java/org/springframework/test/context/junit/jupiter/nested/ParameterizedConstructorInjectionTestMethodScopedExtensionContextNestedTests.java:178}","-157","-174"
"41ae13df5d94d94207441d46224dcf5321fe8d5f","RENAME","{Class TestCase at spring-test/src/test/java/org/springframework/test/context/junit/jupiter/nested/ActiveProfilesTestMethodScopedExtensionContextNestedTests.java:65}","{Class InheritedAndExtendedConfigTests at spring-test/src/test/java/org/springframework/test/context/junit/jupiter/nested/ActiveProfilesTestMethodScopedExtensionContextNestedTests.java:97}","-62","-94"
"41ae13df5d94d94207441d46224dcf5321fe8d5f","EXTRACT_MOVE","{Method nestedTest() at spring-test/src/test/java/org/springframework/test/context/junit/jupiter/nested/ContextHierarchyTestMethodScopedExtensionContextNestedTests.java:127}","{Method bar() at spring-test/src/test/java/org/springframework/test/context/junit/jupiter/nested/ParameterizedConstructorInjectionTestMethodScopedExtensionContextNestedTests.java:178}","-122","-174"
"41ae13df5d94d94207441d46224dcf5321fe8d5f","EXTRACT_MOVE","{Method test() at spring-test/src/test/java/org/springframework/test/context/junit/jupiter/nested/ContextConfigurationTestMethodScopedExtensionContextNestedTests.java:100}","{Method foo() at spring-test/src/test/java/org/springframework/test/context/junit/jupiter/nested/ParameterizedConstructorInjectionTestMethodScopedExtensionContextNestedTests.java:169}","-95","-165"
"41ae13df5d94d94207441d46224dcf5321fe8d5f","INTERNAL_MOVE_RENAME","{Class QualifiedConstructorParameterTestCase at spring-test/src/test/java/org/springframework/test/context/junit/jupiter/nested/ConstructorInjectionTestMethodScopedExtensionContextNestedTests.java:114}","{Class QualifiedConstructorParameterTests at spring-test/src/test/java/org/springframework/test/context/junit/jupiter/nested/ConstructorInjectionTestMethodScopedExtensionContextNestedTests.java:98}","-110","-95"
"41ae13df5d94d94207441d46224dcf5321fe8d5f","EXTRACT_MOVE","{Method nestedTest() at spring-test/src/test/java/org/springframework/test/context/junit/jupiter/nested/ConstructorInjectionTestMethodScopedExtensionContextNestedTests.java:107}","{Method bar() at spring-test/src/test/java/org/springframework/test/context/junit/jupiter/nested/ParameterizedConstructorInjectionTestClassScopedExtensionContextNestedTests.java:180}","-102","-176"
"41ae13df5d94d94207441d46224dcf5321fe8d5f","INTERNAL_MOVE_RENAME","{Class InheritedCfgTestCase at spring-test/src/test/java/org/springframework/test/context/junit/jupiter/nested/TestPropertySourceTestMethodScopedExtensionContextNestedTests.java:76}","{Class InheritedCfgTests at spring-test/src/test/java/org/springframework/test/context/junit/jupiter/nested/TestPropertySourceTestMethodScopedExtensionContextNestedTests.java:59}","-72","-56"
"41ae13df5d94d94207441d46224dcf5321fe8d5f","EXTRACT_MOVE","{Method test() at spring-test/src/test/java/org/springframework/test/context/junit/jupiter/nested/ContextConfigurationTestClassScopedExtensionContextNestedTests.java:148}","{Method foo() at spring-test/src/test/java/org/springframework/test/context/junit/jupiter/nested/ParameterizedConstructorInjectionTestMethodScopedExtensionContextNestedTests.java:169}","-142","-165"
"41ae13df5d94d94207441d46224dcf5321fe8d5f","EXTRACT_MOVE","{Method topLevelTest() at spring-test/src/test/java/org/springframework/test/context/junit/jupiter/nested/ConstructorInjectionTestMethodScopedExtensionContextNestedTests.java:74}","{Method foo() at spring-test/src/test/java/org/springframework/test/context/junit/jupiter/nested/ParameterizedConstructorInjectionTestClassScopedExtensionContextNestedTests.java:171}","-70","-167"
"41ae13df5d94d94207441d46224dcf5321fe8d5f","EXTRACT_MOVE","{Method test() at spring-test/src/test/java/org/springframework/test/context/junit/jupiter/nested/ContextConfigurationTestClassScopedExtensionContextNestedTests.java:171}","{Method foo() at spring-test/src/test/java/org/springframework/test/context/junit/jupiter/nested/ParameterizedConstructorInjectionTestClassScopedExtensionContextNestedTests.java:171}","-165","-167"
"41ae13df5d94d94207441d46224dcf5321fe8d5f","INTERNAL_MOVE","{Method fieldHasOverride(ApplicationContext) at spring-test/src/test/java/org/springframework/test/context/bean/override/mockito/MockitoSpyBeanByNameLookupTestMethodScopedExtensionContextIntegrationTests.java:90}","{Method fieldHasOverride(ApplicationContext) at spring-test/src/test/java/org/springframework/test/context/bean/override/mockito/MockitoSpyBeanByNameLookupTestMethodScopedExtensionContextIntegrationTests.java:51}","-85","-48"
"41ae13df5d94d94207441d46224dcf5321fe8d5f","INTERNAL_MOVE","{Method topLevelTest() at spring-test/src/test/java/org/springframework/test/context/junit/jupiter/nested/ConstructorInjectionTestMethodScopedExtensionContextNestedTests.java:74}","{Method topLevelTest() at spring-test/src/test/java/org/springframework/test/context/junit/jupiter/nested/ConstructorInjectionTestMethodScopedExtensionContextNestedTests.java:58}","-70","-55"
"41ae13df5d94d94207441d46224dcf5321fe8d5f","EXTRACT_MOVE","{Method nestedTest() at spring-test/src/test/java/org/springframework/test/context/junit/jupiter/nested/ConstructorInjectionTestClassScopedExtensionContextNestedTests.java:127}","{Method foo() at spring-test/src/test/java/org/springframework/test/context/junit/jupiter/nested/ParameterizedConstructorInjectionTestClassScopedExtensionContextNestedTests.java:171}","-123","-167"
"41ae13df5d94d94207441d46224dcf5321fe8d5f","EXTRACT_SUPER","{Class TripleNestedWithInheritedConfigAndTestInterfaceTests at spring-test/src/test/java/org/springframework/test/context/junit/jupiter/nested/ContextConfigurationTestClassScopedExtensionContextNestedTests.java:156}","{Interface TestInterface at spring-test/src/test/java/org/springframework/test/context/junit/jupiter/nested/ParameterizedCtxConfigTestClassScopedExtensionContextNestedTests.java:253}","-151","-250"
"41ae13df5d94d94207441d46224dcf5321fe8d5f","INTERNAL_MOVE_RENAME","{Class InheritedConfigTestCase at spring-test/src/test/java/org/springframework/test/context/junit/jupiter/nested/TestConstructorTestMethodScopedExtensionContextNestedTests.java:92}","{Class InheritedConfigTests at spring-test/src/test/java/org/springframework/test/context/junit/jupiter/nested/TestConstructorTestMethodScopedExtensionContextNestedTests.java:75}","-88","-72"
"41ae13df5d94d94207441d46224dcf5321fe8d5f","EXTRACT_MOVE","{Method new(TestInfo, String) at spring-test/src/test/java/org/springframework/test/context/junit/jupiter/nested/ConstructorInjectionTestClassScopedExtensionContextNestedTests.java:104}","{Method bar() at spring-test/src/test/java/org/springframework/test/context/junit/jupiter/nested/ParameterizedConstructorInjectionTestClassScopedExtensionContextNestedTests.java:180}","-100","-176"
"41ae13df5d94d94207441d46224dcf5321fe8d5f","EXTRACT_MOVE","{Method nestedTest() at spring-test/src/test/java/org/springframework/test/context/junit/jupiter/nested/ContextHierarchyTestClassScopedExtensionContextNestedTests.java:86}","{Method foo() at spring-test/src/test/java/org/springframework/test/context/junit/jupiter/nested/ParameterizedConstructorInjectionTestClassScopedExtensionContextNestedTests.java:171}","-82","-167"
"41ae13df5d94d94207441d46224dcf5321fe8d5f","EXTRACT_MOVE","{Method propertiesInEnvironment() at spring-test/src/test/java/org/springframework/test/context/junit/jupiter/nested/TestPropertySourceTestMethodScopedExtensionContextNestedTests.java:171}","{Method foo() at spring-test/src/test/java/org/springframework/test/context/junit/jupiter/nested/ParameterizedConstructorInjectionTestMethodScopedExtensionContextNestedTests.java:169}","-163","-165"
"41ae13df5d94d94207441d46224dcf5321fe8d5f","EXTRACT_MOVE","{Method bar() at spring-test/src/test/java/org/springframework/test/context/junit/jupiter/nested/ConstructorInjectionTestClassScopedExtensionContextNestedTests.java:149}","{Method bar() at spring-test/src/test/java/org/springframework/test/context/junit/jupiter/nested/ParameterizedConstructorInjectionTestMethodScopedExtensionContextNestedTests.java:178}","-145","-174"
"41ae13df5d94d94207441d46224dcf5321fe8d5f","EXTRACT_MOVE","{Method nestedTest() at spring-test/src/test/java/org/springframework/test/context/junit/jupiter/nested/ConstructorInjectionTestClassScopedExtensionContextNestedTests.java:74}","{Method bar() at spring-test/src/test/java/org/springframework/test/context/junit/jupiter/nested/ParameterizedConstructorInjectionTestMethodScopedExtensionContextNestedTests.java:178}","-70","-174"
"41ae13df5d94d94207441d46224dcf5321fe8d5f","EXTRACT_MOVE","{Method nestedTest() at spring-test/src/test/java/org/springframework/test/context/junit/jupiter/nested/ContextHierarchyTestMethodScopedExtensionContextNestedTests.java:182}","{Method foo() at spring-test/src/test/java/org/springframework/test/context/junit/jupiter/nested/ParameterizedConstructorInjectionTestMethodScopedExtensionContextNestedTests.java:169}","-175","-165"
"41ae13df5d94d94207441d46224dcf5321fe8d5f","INTERNAL_MOVE_RENAME","{Class SpelConstructorParameterTestCase at spring-test/src/test/java/org/springframework/test/context/junit/jupiter/nested/ConstructorInjectionTestMethodScopedExtensionContextNestedTests.java:131}","{Class SpelConstructorParameterTests at spring-test/src/test/java/org/springframework/test/context/junit/jupiter/nested/ConstructorInjectionTestMethodScopedExtensionContextNestedTests.java:115}","-127","-112"
"41ae13df5d94d94207441d46224dcf5321fe8d5f","EXTRACT_MOVE","{Method nestedTest() at spring-test/src/test/java/org/springframework/test/context/junit/jupiter/nested/ContextHierarchyTestMethodScopedExtensionContextNestedTests.java:156}","{Method bar() at spring-test/src/test/java/org/springframework/test/context/junit/jupiter/nested/ParameterizedConstructorInjectionTestMethodScopedExtensionContextNestedTests.java:178}","-150","-174"
"41ae13df5d94d94207441d46224dcf5321fe8d5f","EXTRACT_MOVE","{Method nestedTest() at spring-test/src/test/java/org/springframework/test/context/junit/jupiter/nested/ConstructorInjectionTestClassScopedExtensionContextNestedTests.java:108}","{Method foo() at spring-test/src/test/java/org/springframework/test/context/junit/jupiter/nested/ParameterizedConstructorInjectionTestClassScopedExtensionContextNestedTests.java:171}","-104","-167"
"41ae13df5d94d94207441d46224dcf5321fe8d5f","EXTRACT_MOVE","{Method nestedTest() at spring-test/src/test/java/org/springframework/test/context/junit/jupiter/nested/ConstructorInjectionTestMethodScopedExtensionContextNestedTests.java:143}","{Method foo() at spring-test/src/test/java/org/springframework/test/context/junit/jupiter/nested/ParameterizedConstructorInjectionTestClassScopedExtensionContextNestedTests.java:171}","-138","-167"
"41ae13df5d94d94207441d46224dcf5321fe8d5f","INTERNAL_MOVE","{Method fieldAndRenamedFieldHaveSameOverride(ApplicationContext) at spring-test/src/test/java/org/springframework/test/context/bean/override/mockito/MockitoBeanByNameLookupTestMethodScopedExtensionContextIntegrationTests.java:111}","{Method fieldAndRenamedFieldHaveSameOverride(ApplicationContext) at spring-test/src/test/java/org/springframework/test/context/bean/override/mockito/MockitoBeanByNameLookupTestMethodScopedExtensionContextIntegrationTests.java:54}","-106","-51"
"41ae13df5d94d94207441d46224dcf5321fe8d5f","RENAME","{Class TestCase at spring-test/src/test/java/org/springframework/test/context/junit/jupiter/nested/ContextConfigurationTestMethodScopedExtensionContextNestedTests.java:69}","{Class NestedTestsWithInheritedConfigTests at spring-test/src/test/java/org/springframework/test/context/junit/jupiter/nested/ContextConfigurationTestMethodScopedExtensionContextNestedTests.java:87}","-66","-84"
"41ae13df5d94d94207441d46224dcf5321fe8d5f","INTERNAL_MOVE","{Method nestedTest() at spring-test/src/test/java/org/springframework/test/context/junit/jupiter/nested/ContextHierarchyTestMethodScopedExtensionContextNestedTests.java:127}","{Method nestedTest() at spring-test/src/test/java/org/springframework/test/context/junit/jupiter/nested/ContextHierarchyTestMethodScopedExtensionContextNestedTests.java:111}","-122","-107"
"41ae13df5d94d94207441d46224dcf5321fe8d5f","INTERNAL_MOVE_RENAME","{Class AutowiredConstructorParameterTestCase at spring-test/src/test/java/org/springframework/test/context/junit/jupiter/nested/ConstructorInjectionTestMethodScopedExtensionContextNestedTests.java:97}","{Class AutowiredConstructorParameterTests at spring-test/src/test/java/org/springframework/test/context/junit/jupiter/nested/ConstructorInjectionTestMethodScopedExtensionContextNestedTests.java:81}","-93","-78"
"41ae13df5d94d94207441d46224dcf5321fe8d5f","EXTRACT_MOVE","{Method nestedTest() at spring-test/src/test/java/org/springframework/test/context/junit/jupiter/nested/ConstructorInjectionTestMethodScopedExtensionContextNestedTests.java:124}","{Method foo() at spring-test/src/test/java/org/springframework/test/context/junit/jupiter/nested/ParameterizedConstructorInjectionTestClassScopedExtensionContextNestedTests.java:171}","-119","-167"
"41ae13df5d94d94207441d46224dcf5321fe8d5f","EXTRACT_MOVE","{Method topLevelTest() at spring-test/src/test/java/org/springframework/test/context/junit/jupiter/nested/ContextHierarchyTestMethodScopedExtensionContextNestedTests.java:84}","{Method foo() at spring-test/src/test/java/org/springframework/test/context/junit/jupiter/nested/ParameterizedConstructorInjectionTestClassScopedExtensionContextNestedTests.java:171}","-80","-167"
"41ae13df5d94d94207441d46224dcf5321fe8d5f","EXTRACT_MOVE","{Method test() at spring-test/src/test/java/org/springframework/test/context/junit/jupiter/nested/ContextConfigurationTestMethodScopedExtensionContextNestedTests.java:144}","{Method foo() at spring-test/src/test/java/org/springframework/test/context/junit/jupiter/nested/ParameterizedConstructorInjectionTestMethodScopedExtensionContextNestedTests.java:169}","-138","-165"
"41ae13df5d94d94207441d46224dcf5321fe8d5f","EXTRACT_MOVE","{Method nestedTest() at spring-test/src/test/java/org/springframework/test/context/junit/jupiter/nested/ConstructorInjectionTestClassScopedExtensionContextNestedTests.java:91}","{Method foo() at spring-test/src/test/java/org/springframework/test/context/junit/jupiter/nested/ParameterizedConstructorInjectionTestMethodScopedExtensionContextNestedTests.java:169}","-87","-165"
"41ae13df5d94d94207441d46224dcf5321fe8d5f","EXTRACT_MOVE","{Method new(String) at spring-test/src/test/java/org/springframework/test/context/junit/jupiter/nested/ConstructorInjectionTestClassScopedExtensionContextNestedTests.java:69}","{Method bar() at spring-test/src/test/java/org/springframework/test/context/junit/jupiter/nested/ParameterizedConstructorInjectionTestClassScopedExtensionContextNestedTests.java:180}","-65","-176"
"41ae13df5d94d94207441d46224dcf5321fe8d5f","EXTRACT_SUPER","{Class L5InheritedCfgAndTestInterfaceTests at spring-test/src/test/java/org/springframework/test/context/junit/jupiter/nested/TestPropertySourceTestClassScopedExtensionContextNestedTests.java:164}","{Interface TestInterface at spring-test/src/test/java/org/springframework/test/context/junit/jupiter/nested/ParameterizedCtxConfigTestMethodScopedExtensionContextNestedTests.java:245}","-158","-242"
"41ae13df5d94d94207441d46224dcf5321fe8d5f","EXTRACT_MOVE","{Method test() at spring-test/src/test/java/org/springframework/test/context/junit/jupiter/nested/ContextConfigurationTestClassScopedExtensionContextNestedTests.java:78}","{Method bar() at spring-test/src/test/java/org/springframework/test/context/junit/jupiter/nested/ParameterizedConstructorInjectionTestMethodScopedExtensionContextNestedTests.java:178}","-74","-174"
"41ae13df5d94d94207441d46224dcf5321fe8d5f","EXTRACT_MOVE","{Method new(String, TestInfo, int) at spring-test/src/test/java/org/springframework/test/context/junit/jupiter/nested/ConstructorInjectionTestClassScopedExtensionContextNestedTests.java:122}","{Method bar() at spring-test/src/test/java/org/springframework/test/context/junit/jupiter/nested/ParameterizedConstructorInjectionTestClassScopedExtensionContextNestedTests.java:180}","-118","-176"
"41ae13df5d94d94207441d46224dcf5321fe8d5f","EXTRACT_MOVE","{Method propertiesInEnvironment() at spring-test/src/test/java/org/springframework/test/context/junit/jupiter/nested/TestPropertySourceTestMethodScopedExtensionContextNestedTests.java:171}","{Method bar() at spring-test/src/test/java/org/springframework/test/context/junit/jupiter/nested/ParameterizedConstructorInjectionTestClassScopedExtensionContextNestedTests.java:180}","-163","-176"
"41ae13df5d94d94207441d46224dcf5321fe8d5f","EXTRACT_SUPER","{Class TripleNestedWithInheritedConfigAndTestInterfaceTests at spring-test/src/test/java/org/springframework/test/context/junit/jupiter/nested/TestConstructorTestClassScopedExtensionContextNestedTests.java:142}","{Interface TestInterface at spring-test/src/test/java/org/springframework/test/context/junit/jupiter/nested/ParameterizedCtxConfigTestClassScopedExtensionContextNestedTests.java:253}","-137","-250"
"41ae13df5d94d94207441d46224dcf5321fe8d5f","EXTRACT_MOVE","{Method nestedTest() at spring-test/src/test/java/org/springframework/test/context/junit/jupiter/nested/ConstructorInjectionTestClassScopedExtensionContextNestedTests.java:91}","{Method bar() at spring-test/src/test/java/org/springframework/test/context/junit/jupiter/nested/ParameterizedConstructorInjectionTestMethodScopedExtensionContextNestedTests.java:178}","-87","-174"
"41ae13df5d94d94207441d46224dcf5321fe8d5f","INTERNAL_MOVE_RENAME","{Class DoubleNestedOverriddenCfgTestCase at spring-test/src/test/java/org/springframework/test/context/junit/jupiter/nested/ContextHierarchyTestMethodScopedExtensionContextNestedTests.java:141}","{Class DoubleNestedOverriddenCfgTests at spring-test/src/test/java/org/springframework/test/context/junit/jupiter/nested/ContextHierarchyTestMethodScopedExtensionContextNestedTests.java:125}","-136","-121"
"41ae13df5d94d94207441d46224dcf5321fe8d5f","EXTRACT_MOVE","{Method topLevelTest() at spring-test/src/test/java/org/springframework/test/context/junit/jupiter/nested/ContextConfigurationTestClassScopedExtensionContextNestedTests.java:60}","{Method foo() at spring-test/src/test/java/org/springframework/test/context/junit/jupiter/nested/ParameterizedConstructorInjectionTestClassScopedExtensionContextNestedTests.java:171}","-57","-167"
"41ae13df5d94d94207441d46224dcf5321fe8d5f","EXTRACT_SUPER","{Class TripleNestedInheritedCfgAndTestInterfaceTests at spring-test/src/test/java/org/springframework/test/context/junit/jupiter/nested/ContextHierarchyTestClassScopedExtensionContextNestedTests.java:149}","{Interface TestInterface at spring-test/src/test/java/org/springframework/test/context/junit/jupiter/nested/ParameterizedCtxConfigTestMethodScopedExtensionContextNestedTests.java:245}","-144","-242"
"41ae13df5d94d94207441d46224dcf5321fe8d5f","EXTRACT_MOVE","{Method nestedTest() at spring-test/src/test/java/org/springframework/test/context/junit/jupiter/nested/ContextHierarchyTestMethodScopedExtensionContextNestedTests.java:156}","{Method foo() at spring-test/src/test/java/org/springframework/test/context/junit/jupiter/nested/ParameterizedConstructorInjectionTestClassScopedExtensionContextNestedTests.java:171}","-150","-167"
"41ae13df5d94d94207441d46224dcf5321fe8d5f","EXTRACT_SUPER","{Class TripleNestedWithInheritedConfigAndTestInterfaceTestCase at spring-test/src/test/java/org/springframework/test/context/junit/jupiter/nested/ContextConfigurationTestMethodScopedExtensionContextNestedTests.java:172}","{Interface TestInterface at spring-test/src/test/java/org/springframework/test/context/junit/jupiter/nested/ParameterizedCtxConfigTestClassScopedExtensionContextNestedTests.java:253}","-166","-250"
"41ae13df5d94d94207441d46224dcf5321fe8d5f","INTERNAL_MOVE","{Method nestedFieldIsMockedWhenNoOriginalBean(ApplicationContext) at spring-test/src/test/java/org/springframework/test/context/bean/override/mockito/MockitoBeanByNameLookupTestMethodScopedExtensionContextIntegrationTests.java:139}","{Method nestedFieldIsMockedWhenNoOriginalBean(ApplicationContext) at spring-test/src/test/java/org/springframework/test/context/bean/override/mockito/MockitoBeanByNameLookupTestMethodScopedExtensionContextIntegrationTests.java:122}","-134","-118"
"41ae13df5d94d94207441d46224dcf5321fe8d5f","EXTRACT_MOVE","{Method test() at spring-test/src/test/java/org/springframework/test/context/junit/jupiter/nested/ContextConfigurationTestMethodScopedExtensionContextNestedTests.java:100}","{Method foo() at spring-test/src/test/java/org/springframework/test/context/junit/jupiter/nested/ParameterizedConstructorInjectionTestClassScopedExtensionContextNestedTests.java:171}","-95","-167"
"41ae13df5d94d94207441d46224dcf5321fe8d5f","EXTRACT_MOVE","{Method topLevelTest() at spring-test/src/test/java/org/springframework/test/context/junit/jupiter/nested/ContextConfigurationTestClassScopedExtensionContextNestedTests.java:60}","{Method foo() at spring-test/src/test/java/org/springframework/test/context/junit/jupiter/nested/ParameterizedConstructorInjectionTestMethodScopedExtensionContextNestedTests.java:169}","-57","-165"
"41ae13df5d94d94207441d46224dcf5321fe8d5f","RENAME","{Class TestCase at spring-test/src/test/java/org/springframework/test/context/bean/override/convention/TestBeanByNameLookupTestMethodScopedExtensionContextIntegrationTests.java:57}","{Class TestBeanFieldInEnclosingClassTests at spring-test/src/test/java/org/springframework/test/context/bean/override/convention/TestBeanByNameLookupTestMethodScopedExtensionContextIntegrationTests.java:69}","-54","-66"
"41ae13df5d94d94207441d46224dcf5321fe8d5f","EXTRACT_MOVE","{Method test() at spring-test/src/test/java/org/springframework/test/context/junit/jupiter/nested/ContextConfigurationTestMethodScopedExtensionContextNestedTests.java:144}","{Method bar() at spring-test/src/test/java/org/springframework/test/context/junit/jupiter/nested/ParameterizedConstructorInjectionTestClassScopedExtensionContextNestedTests.java:180}","-138","-176"
"41ae13df5d94d94207441d46224dcf5321fe8d5f","EXTRACT_MOVE","{Method test() at spring-test/src/test/java/org/springframework/test/context/junit/jupiter/nested/ContextConfigurationTestClassScopedExtensionContextNestedTests.java:148}","{Method foo() at spring-test/src/test/java/org/springframework/test/context/junit/jupiter/nested/ParameterizedConstructorInjectionTestClassScopedExtensionContextNestedTests.java:171}","-142","-167"
"41ae13df5d94d94207441d46224dcf5321fe8d5f","INTERNAL_MOVE_RENAME","{Class ConfigOverriddenByDefaultTestCase at spring-test/src/test/java/org/springframework/test/context/junit/jupiter/nested/TestPropertySourceTestMethodScopedExtensionContextNestedTests.java:91}","{Class ConfigOverriddenByDefaultTests at spring-test/src/test/java/org/springframework/test/context/junit/jupiter/nested/TestPropertySourceTestMethodScopedExtensionContextNestedTests.java:74}","-87","-71"
"41ae13df5d94d94207441d46224dcf5321fe8d5f","EXTRACT_MOVE","{Method nestedTest() at spring-test/src/test/java/org/springframework/test/context/junit/jupiter/nested/ContextHierarchyTestClassScopedExtensionContextNestedTests.java:86}","{Method foo() at spring-test/src/test/java/org/springframework/test/context/junit/jupiter/nested/ParameterizedConstructorInjectionTestMethodScopedExtensionContextNestedTests.java:169}","-82","-165"
"41ae13df5d94d94207441d46224dcf5321fe8d5f","EXTRACT_MOVE","{Method nestedTest() at spring-test/src/test/java/org/springframework/test/context/junit/jupiter/nested/ConstructorInjectionTestMethodScopedExtensionContextNestedTests.java:124}","{Method bar() at spring-test/src/test/java/org/springframework/test/context/junit/jupiter/nested/ParameterizedConstructorInjectionTestMethodScopedExtensionContextNestedTests.java:178}","-119","-174"
"41ae13df5d94d94207441d46224dcf5321fe8d5f","EXTRACT_MOVE","{Method new(String, TestInfo, int) at spring-test/src/test/java/org/springframework/test/context/junit/jupiter/nested/ConstructorInjectionTestMethodScopedExtensionContextNestedTests.java:138}","{Method bar() at spring-test/src/test/java/org/springframework/test/context/junit/jupiter/nested/ParameterizedConstructorInjectionTestMethodScopedExtensionContextNestedTests.java:178}","-133","-174"
"41ae13df5d94d94207441d46224dcf5321fe8d5f","EXTRACT_MOVE","{Method topLevelTest() at spring-test/src/test/java/org/springframework/test/context/junit/jupiter/nested/ConstructorInjectionTestClassScopedExtensionContextNestedTests.java:58}","{Method foo() at spring-test/src/test/java/org/springframework/test/context/junit/jupiter/nested/ParameterizedConstructorInjectionTestMethodScopedExtensionContextNestedTests.java:169}","-55","-165"
"41ae13df5d94d94207441d46224dcf5321fe8d5f","EXTRACT_MOVE","{Method test() at spring-test/src/test/java/org/springframework/test/context/junit/jupiter/nested/ContextConfigurationTestClassScopedExtensionContextNestedTests.java:171}","{Method bar() at spring-test/src/test/java/org/springframework/test/context/junit/jupiter/nested/ParameterizedConstructorInjectionTestClassScopedExtensionContextNestedTests.java:180}","-165","-176"
"41ae13df5d94d94207441d46224dcf5321fe8d5f","EXTRACT_MOVE","{Method propertiesInEnvironment() at spring-test/src/test/java/org/springframework/test/context/junit/jupiter/nested/TestPropertySourceTestClassScopedExtensionContextNestedTests.java:171}","{Method bar() at spring-test/src/test/java/org/springframework/test/context/junit/jupiter/nested/ParameterizedConstructorInjectionTestMethodScopedExtensionContextNestedTests.java:178}","-164","-174"
"41ae13df5d94d94207441d46224dcf5321fe8d5f","INTERNAL_MOVE_RENAME","{Class ConfigOverriddenByDefaultTestCase at spring-test/src/test/java/org/springframework/test/context/junit/jupiter/nested/TestConstructorTestMethodScopedExtensionContextNestedTests.java:77}","{Class ConfigOverriddenByDefaultTests at spring-test/src/test/java/org/springframework/test/context/junit/jupiter/nested/TestConstructorTestMethodScopedExtensionContextNestedTests.java:60}","-73","-57"
"41ae13df5d94d94207441d46224dcf5321fe8d5f","EXTRACT_MOVE","{Method nestedTest() at spring-test/src/test/java/org/springframework/test/context/junit/jupiter/nested/ContextHierarchyTestClassScopedExtensionContextNestedTests.java:139}","{Method foo() at spring-test/src/test/java/org/springframework/test/context/junit/jupiter/nested/ParameterizedConstructorInjectionTestMethodScopedExtensionContextNestedTests.java:169}","-134","-165"
"41ae13df5d94d94207441d46224dcf5321fe8d5f","EXTRACT_SUPER","{Class TripleNestedInheritedCfgAndTestInterfaceTestCase at spring-test/src/test/java/org/springframework/test/context/junit/jupiter/nested/ContextHierarchyTestMethodScopedExtensionContextNestedTests.java:167}","{Interface TestInterface at spring-test/src/test/java/org/springframework/test/context/junit/jupiter/nested/ParameterizedCtxConfigTestMethodScopedExtensionContextNestedTests.java:245}","-161","-242"
"41ae13df5d94d94207441d46224dcf5321fe8d5f","INTERNAL_MOVE","{Method nestedField() at spring-test/src/test/java/org/springframework/test/context/bean/override/convention/TestBeanByNameLookupTestMethodScopedExtensionContextIntegrationTests.java:70}","{Method nestedField() at spring-test/src/test/java/org/springframework/test/context/bean/override/convention/TestBeanByNameLookupTestMethodScopedExtensionContextIntegrationTests.java:52}","-66","-49"
"41ae13df5d94d94207441d46224dcf5321fe8d5f","EXTRACT_MOVE","{Method nestedTest() at spring-test/src/test/java/org/springframework/test/context/junit/jupiter/nested/ContextHierarchyTestMethodScopedExtensionContextNestedTests.java:103}","{Method bar() at spring-test/src/test/java/org/springframework/test/context/junit/jupiter/nested/ParameterizedConstructorInjectionTestClassScopedExtensionContextNestedTests.java:180}","-98","-176"
"41ae13df5d94d94207441d46224dcf5321fe8d5f","EXTRACT_MOVE","{Method nestedTest() at spring-test/src/test/java/org/springframework/test/context/junit/jupiter/nested/ContextHierarchyTestClassScopedExtensionContextNestedTests.java:139}","{Method foo() at spring-test/src/test/java/org/springframework/test/context/junit/jupiter/nested/ParameterizedConstructorInjectionTestClassScopedExtensionContextNestedTests.java:171}","-134","-167"
"41ae13df5d94d94207441d46224dcf5321fe8d5f","EXTRACT_MOVE","{Method nestedTest() at spring-test/src/test/java/org/springframework/test/context/junit/jupiter/nested/ContextHierarchyTestClassScopedExtensionContextNestedTests.java:111}","{Method bar() at spring-test/src/test/java/org/springframework/test/context/junit/jupiter/nested/ParameterizedConstructorInjectionTestClassScopedExtensionContextNestedTests.java:180}","-107","-176"
"41ae13df5d94d94207441d46224dcf5321fe8d5f","EXTRACT_MOVE","{Method test() at spring-test/src/test/java/org/springframework/test/context/junit/jupiter/nested/ContextConfigurationTestMethodScopedExtensionContextNestedTests.java:100}","{Method bar() at spring-test/src/test/java/org/springframework/test/context/junit/jupiter/nested/ParameterizedConstructorInjectionTestMethodScopedExtensionContextNestedTests.java:178}","-95","-174"
"41ae13df5d94d94207441d46224dcf5321fe8d5f","EXTRACT_MOVE","{Method test() at spring-test/src/test/java/org/springframework/test/context/junit/jupiter/nested/ContextConfigurationTestClassScopedExtensionContextNestedTests.java:148}","{Method bar() at spring-test/src/test/java/org/springframework/test/context/junit/jupiter/nested/ParameterizedConstructorInjectionTestMethodScopedExtensionContextNestedTests.java:178}","-142","-174"
"41ae13df5d94d94207441d46224dcf5321fe8d5f","EXTRACT_MOVE","{Method nestedTest() at spring-test/src/test/java/org/springframework/test/context/junit/jupiter/nested/ContextHierarchyTestMethodScopedExtensionContextNestedTests.java:156}","{Method foo() at spring-test/src/test/java/org/springframework/test/context/junit/jupiter/nested/ParameterizedConstructorInjectionTestMethodScopedExtensionContextNestedTests.java:169}","-150","-165"
"41ae13df5d94d94207441d46224dcf5321fe8d5f","EXTRACT_MOVE","{Method nestedTest() at spring-test/src/test/java/org/springframework/test/context/junit/jupiter/nested/ContextHierarchyTestMethodScopedExtensionContextNestedTests.java:127}","{Method foo() at spring-test/src/test/java/org/springframework/test/context/junit/jupiter/nested/ParameterizedConstructorInjectionTestMethodScopedExtensionContextNestedTests.java:169}","-122","-165"
"41ae13df5d94d94207441d46224dcf5321fe8d5f","EXTRACT_MOVE","{Method new(String) at spring-test/src/test/java/org/springframework/test/context/junit/jupiter/nested/ConstructorInjectionTestMethodScopedExtensionContextNestedTests.java:103}","{Method bar() at spring-test/src/test/java/org/springframework/test/context/junit/jupiter/nested/ParameterizedConstructorInjectionTestMethodScopedExtensionContextNestedTests.java:178}","-98","-174"
"41ae13df5d94d94207441d46224dcf5321fe8d5f","EXTRACT_MOVE","{Method nestedTest() at spring-test/src/test/java/org/springframework/test/context/junit/jupiter/nested/ConstructorInjectionTestMethodScopedExtensionContextNestedTests.java:90}","{Method bar() at spring-test/src/test/java/org/springframework/test/context/junit/jupiter/nested/ParameterizedConstructorInjectionTestMethodScopedExtensionContextNestedTests.java:178}","-85","-174"
"41ae13df5d94d94207441d46224dcf5321fe8d5f","EXTRACT_MOVE","{Method new(String) at spring-test/src/test/java/org/springframework/test/context/junit/jupiter/nested/ConstructorInjectionTestClassScopedExtensionContextNestedTests.java:87}","{Method bar() at spring-test/src/test/java/org/springframework/test/context/junit/jupiter/nested/ParameterizedConstructorInjectionTestMethodScopedExtensionContextNestedTests.java:178}","-83","-174"
"41ae13df5d94d94207441d46224dcf5321fe8d5f","INTERNAL_MOVE_RENAME","{Class InheritedConfigTestCase at spring-test/src/test/java/org/springframework/test/context/junit/jupiter/nested/ActiveProfilesTestMethodScopedExtensionContextNestedTests.java:80}","{Class InheritedConfigTests at spring-test/src/test/java/org/springframework/test/context/junit/jupiter/nested/ActiveProfilesTestMethodScopedExtensionContextNestedTests.java:64}","-76","-61"
"41ae13df5d94d94207441d46224dcf5321fe8d5f","EXTRACT_SUPER","{Class L5InheritedCfgAndTestInterfaceTestCase at spring-test/src/test/java/org/springframework/test/context/junit/jupiter/nested/TestPropertySourceTestMethodScopedExtensionContextNestedTests.java:164}","{Interface TestInterface at spring-test/src/test/java/org/springframework/test/context/junit/jupiter/nested/ParameterizedCtxConfigTestClassScopedExtensionContextNestedTests.java:253}","-157","-250"
"41ae13df5d94d94207441d46224dcf5321fe8d5f","INTERNAL_MOVE_RENAME","{Class AutowiredConstructorTestCase at spring-test/src/test/java/org/springframework/test/context/junit/jupiter/nested/ConstructorInjectionTestMethodScopedExtensionContextNestedTests.java:79}","{Class AutowiredConstructorTests at spring-test/src/test/java/org/springframework/test/context/junit/jupiter/nested/ConstructorInjectionTestMethodScopedExtensionContextNestedTests.java:63}","-75","-60"
"41ae13df5d94d94207441d46224dcf5321fe8d5f","EXTRACT_MOVE","{Method bar() at spring-test/src/test/java/org/springframework/test/context/junit/jupiter/nested/ConstructorInjectionTestClassScopedExtensionContextNestedTests.java:149}","{Method bar() at spring-test/src/test/java/org/springframework/test/context/junit/jupiter/nested/ParameterizedConstructorInjectionTestClassScopedExtensionContextNestedTests.java:180}","-145","-176"
"41ae13df5d94d94207441d46224dcf5321fe8d5f","EXTRACT_MOVE","{Method test() at spring-test/src/test/java/org/springframework/test/context/junit/jupiter/nested/ContextConfigurationTestMethodScopedExtensionContextNestedTests.java:164}","{Method bar() at spring-test/src/test/java/org/springframework/test/context/junit/jupiter/nested/ParameterizedConstructorInjectionTestClassScopedExtensionContextNestedTests.java:180}","-157","-176"
"41ae13df5d94d94207441d46224dcf5321fe8d5f","EXTRACT_MOVE","{Method new(TestInfo, String) at spring-test/src/test/java/org/springframework/test/context/junit/jupiter/nested/ConstructorInjectionTestClassScopedExtensionContextNestedTests.java:104}","{Method bar() at spring-test/src/test/java/org/springframework/test/context/junit/jupiter/nested/ParameterizedConstructorInjectionTestMethodScopedExtensionContextNestedTests.java:178}","-100","-174"
"41ae13df5d94d94207441d46224dcf5321fe8d5f","EXTRACT_SUPER","{Class TripleNestedWithInheritedConfigAndTestInterfaceTestCase at spring-test/src/test/java/org/springframework/test/context/junit/jupiter/nested/TestConstructorTestMethodScopedExtensionContextNestedTests.java:159}","{Interface TestInterface at spring-test/src/test/java/org/springframework/test/context/junit/jupiter/nested/ParameterizedCtxConfigTestClassScopedExtensionContextNestedTests.java:253}","-153","-250"
"41ae13df5d94d94207441d46224dcf5321fe8d5f","EXTRACT_MOVE","{Method foo() at spring-test/src/test/java/org/springframework/test/context/junit/jupiter/nested/ConstructorInjectionTestMethodScopedExtensionContextNestedTests.java:158}","{Method foo() at spring-test/src/test/java/org/springframework/test/context/junit/jupiter/nested/ParameterizedConstructorInjectionTestClassScopedExtensionContextNestedTests.java:171}","-154","-167"
"41ae13df5d94d94207441d46224dcf5321fe8d5f","EXTRACT_MOVE","{Method nestedTest() at spring-test/src/test/java/org/springframework/test/context/junit/jupiter/nested/ContextHierarchyTestMethodScopedExtensionContextNestedTests.java:182}","{Method bar() at spring-test/src/test/java/org/springframework/test/context/junit/jupiter/nested/ParameterizedConstructorInjectionTestMethodScopedExtensionContextNestedTests.java:178}","-175","-174"
"41ae13df5d94d94207441d46224dcf5321fe8d5f","RENAME","{Class TestCase at spring-test/src/test/java/org/springframework/test/context/junit/jupiter/nested/TestPropertySourceTestMethodScopedExtensionContextNestedTests.java:61}","{Class InheritedAndExtendedCfgTests at spring-test/src/test/java/org/springframework/test/context/junit/jupiter/nested/TestPropertySourceTestMethodScopedExtensionContextNestedTests.java:91}","-58","-88"
"41ae13df5d94d94207441d46224dcf5321fe8d5f","EXTRACT_MOVE","{Method nestedTest() at spring-test/src/test/java/org/springframework/test/context/junit/jupiter/nested/ConstructorInjectionTestClassScopedExtensionContextNestedTests.java:127}","{Method bar() at spring-test/src/test/java/org/springframework/test/context/junit/jupiter/nested/ParameterizedConstructorInjectionTestMethodScopedExtensionContextNestedTests.java:178}","-123","-174"
"41ae13df5d94d94207441d46224dcf5321fe8d5f","EXTRACT_MOVE","{Method nestedTest() at spring-test/src/test/java/org/springframework/test/context/junit/jupiter/nested/ConstructorInjectionTestMethodScopedExtensionContextNestedTests.java:143}","{Method bar() at spring-test/src/test/java/org/springframework/test/context/junit/jupiter/nested/ParameterizedConstructorInjectionTestClassScopedExtensionContextNestedTests.java:180}","-138","-176"
"41ae13df5d94d94207441d46224dcf5321fe8d5f","EXTRACT_MOVE","{Method test() at spring-test/src/test/java/org/springframework/test/context/junit/jupiter/nested/ContextConfigurationTestMethodScopedExtensionContextNestedTests.java:120}","{Method foo() at spring-test/src/test/java/org/springframework/test/context/junit/jupiter/nested/ParameterizedConstructorInjectionTestMethodScopedExtensionContextNestedTests.java:169}","-115","-165"
"41ae13df5d94d94207441d46224dcf5321fe8d5f","EXTRACT_MOVE","{Method nestedTest() at spring-test/src/test/java/org/springframework/test/context/junit/jupiter/nested/ConstructorInjectionTestClassScopedExtensionContextNestedTests.java:108}","{Method bar() at spring-test/src/test/java/org/springframework/test/context/junit/jupiter/nested/ParameterizedConstructorInjectionTestClassScopedExtensionContextNestedTests.java:180}","-104","-176"
"41ae13df5d94d94207441d46224dcf5321fe8d5f","INTERNAL_MOVE","{Method nestedFieldWithMethodNameHasOverride(ApplicationContext) at spring-test/src/test/java/org/springframework/test/context/bean/override/convention/TestBeanByNameLookupTestMethodScopedExtensionContextIntegrationTests.java:116}","{Method nestedFieldWithMethodNameHasOverride(ApplicationContext) at spring-test/src/test/java/org/springframework/test/context/bean/override/convention/TestBeanByNameLookupTestMethodScopedExtensionContextIntegrationTests.java:98}","-111","-94"
"41ae13df5d94d94207441d46224dcf5321fe8d5f","EXTRACT_MOVE","{Method topLevelTest() at spring-test/src/test/java/org/springframework/test/context/junit/jupiter/nested/ContextConfigurationTestMethodScopedExtensionContextNestedTests.java:82}","{Method foo() at spring-test/src/test/java/org/springframework/test/context/junit/jupiter/nested/ParameterizedConstructorInjectionTestClassScopedExtensionContextNestedTests.java:171}","-78","-167"
"41ae13df5d94d94207441d46224dcf5321fe8d5f","INTERNAL_MOVE","{Method topLevelTest() at spring-test/src/test/java/org/springframework/test/context/junit/jupiter/nested/ContextConfigurationTestMethodScopedExtensionContextNestedTests.java:82}","{Method topLevelTest() at spring-test/src/test/java/org/springframework/test/context/junit/jupiter/nested/ContextConfigurationTestMethodScopedExtensionContextNestedTests.java:61}","-78","-58"
"41ae13df5d94d94207441d46224dcf5321fe8d5f","EXTRACT_MOVE","{Method nestedTest() at spring-test/src/test/java/org/springframework/test/context/junit/jupiter/nested/ContextHierarchyTestClassScopedExtensionContextNestedTests.java:164}","{Method bar() at spring-test/src/test/java/org/springframework/test/context/junit/jupiter/nested/ParameterizedConstructorInjectionTestClassScopedExtensionContextNestedTests.java:180}","-158","-176"
"41ae13df5d94d94207441d46224dcf5321fe8d5f","INTERNAL_MOVE","{Method fieldHasOverride(ApplicationContext) at spring-test/src/test/java/org/springframework/test/context/bean/override/convention/TestBeanByNameLookupTestMethodScopedExtensionContextIntegrationTests.java:98}","{Method fieldHasOverride(ApplicationContext) at spring-test/src/test/java/org/springframework/test/context/bean/override/convention/TestBeanByNameLookupTestMethodScopedExtensionContextIntegrationTests.java:56}","-93","-53"
"41ae13df5d94d94207441d46224dcf5321fe8d5f","EXTRACT_MOVE","{Method topLevelTest() at spring-test/src/test/java/org/springframework/test/context/junit/jupiter/nested/ConstructorInjectionTestClassScopedExtensionContextNestedTests.java:58}","{Method foo() at spring-test/src/test/java/org/springframework/test/context/junit/jupiter/nested/ParameterizedConstructorInjectionTestClassScopedExtensionContextNestedTests.java:171}","-55","-167"
"41ae13df5d94d94207441d46224dcf5321fe8d5f","RENAME","{Class TripleNestedWithInheritedConfigTestCase at spring-test/src/test/java/org/springframework/test/context/junit/jupiter/nested/TestConstructorTestMethodScopedExtensionContextNestedTests.java:145}","{Class TripleNestedWithInheritedConfigTests at spring-test/src/test/java/org/springframework/test/context/junit/jupiter/nested/TestConstructorTestMethodScopedExtensionContextNestedTests.java:128}","-139","-123"
"41ae13df5d94d94207441d46224dcf5321fe8d5f","EXTRACT_MOVE","{Method nestedTest() at spring-test/src/test/java/org/springframework/test/context/junit/jupiter/nested/ConstructorInjectionTestMethodScopedExtensionContextNestedTests.java:90}","{Method bar() at spring-test/src/test/java/org/springframework/test/context/junit/jupiter/nested/ParameterizedConstructorInjectionTestClassScopedExtensionContextNestedTests.java:180}","-85","-176"
"41ae13df5d94d94207441d46224dcf5321fe8d5f","EXTRACT_MOVE","{Method foo() at spring-test/src/test/java/org/springframework/test/context/junit/jupiter/nested/ConstructorInjectionTestMethodScopedExtensionContextNestedTests.java:158}","{Method foo() at spring-test/src/test/java/org/springframework/test/context/junit/jupiter/nested/ParameterizedConstructorInjectionTestMethodScopedExtensionContextNestedTests.java:169}","-154","-165"
"41ae13df5d94d94207441d46224dcf5321fe8d5f","EXTRACT_MOVE","{Method nestedTest() at spring-test/src/test/java/org/springframework/test/context/junit/jupiter/nested/ConstructorInjectionTestMethodScopedExtensionContextNestedTests.java:143}","{Method foo() at spring-test/src/test/java/org/springframework/test/context/junit/jupiter/nested/ParameterizedConstructorInjectionTestMethodScopedExtensionContextNestedTests.java:169}","-138","-165"
"41ae13df5d94d94207441d46224dcf5321fe8d5f","EXTRACT_MOVE","{Method nestedTest() at spring-test/src/test/java/org/springframework/test/context/junit/jupiter/nested/ContextHierarchyTestMethodScopedExtensionContextNestedTests.java:182}","{Method foo() at spring-test/src/test/java/org/springframework/test/context/junit/jupiter/nested/ParameterizedConstructorInjectionTestClassScopedExtensionContextNestedTests.java:171}","-175","-167"
"41ae13df5d94d94207441d46224dcf5321fe8d5f","EXTRACT_MOVE","{Method test() at spring-test/src/test/java/org/springframework/test/context/junit/jupiter/nested/ContextConfigurationTestClassScopedExtensionContextNestedTests.java:78}","{Method foo() at spring-test/src/test/java/org/springframework/test/context/junit/jupiter/nested/ParameterizedConstructorInjectionTestMethodScopedExtensionContextNestedTests.java:169}","-74","-165"
"41ae13df5d94d94207441d46224dcf5321fe8d5f","EXTRACT_SUPER","{Class TripleNestedWithInheritedConfigAndTestInterfaceTests at spring-test/src/test/java/org/springframework/test/context/junit/jupiter/nested/ActiveProfilesTestClassScopedExtensionContextNestedTests.java:146}","{Interface TestInterface at spring-test/src/test/java/org/springframework/test/context/junit/jupiter/nested/ParameterizedCtxConfigTestMethodScopedExtensionContextNestedTests.java:245}","-141","-242"
"41ae13df5d94d94207441d46224dcf5321fe8d5f","EXTRACT_MOVE","{Method test() at spring-test/src/test/java/org/springframework/test/context/junit/jupiter/nested/ContextConfigurationTestClassScopedExtensionContextNestedTests.java:125}","{Method foo() at spring-test/src/test/java/org/springframework/test/context/junit/jupiter/nested/ParameterizedConstructorInjectionTestMethodScopedExtensionContextNestedTests.java:169}","-120","-165"
"41ae13df5d94d94207441d46224dcf5321fe8d5f","EXTRACT_MOVE","{Method test() at spring-test/src/test/java/org/springframework/test/context/junit/jupiter/nested/ContextConfigurationTestClassScopedExtensionContextNestedTests.java:101}","{Method foo() at spring-test/src/test/java/org/springframework/test/context/junit/jupiter/nested/ParameterizedConstructorInjectionTestMethodScopedExtensionContextNestedTests.java:169}","-97","-165"
"41ae13df5d94d94207441d46224dcf5321fe8d5f","RENAME","{Class TripleNestedWithInheritedConfigTestCase at spring-test/src/test/java/org/springframework/test/context/junit/jupiter/nested/ContextConfigurationTestMethodScopedExtensionContextNestedTests.java:152}","{Class TripleNestedWithInheritedConfigTests at spring-test/src/test/java/org/springframework/test/context/junit/jupiter/nested/ContextConfigurationTestMethodScopedExtensionContextNestedTests.java:131}","-146","-126"
"41ae13df5d94d94207441d46224dcf5321fe8d5f","RENAME","{Class TestCase at spring-test/src/test/java/org/springframework/test/context/junit/jupiter/nested/ContextHierarchyTestMethodScopedExtensionContextNestedTests.java:71}","{Class NestedInheritedCfgTests at spring-test/src/test/java/org/springframework/test/context/junit/jupiter/nested/ContextHierarchyTestMethodScopedExtensionContextNestedTests.java:99}","-68","-96"
"41ae13df5d94d94207441d46224dcf5321fe8d5f","EXTRACT_MOVE","{Method nestedTest() at spring-test/src/test/java/org/springframework/test/context/junit/jupiter/nested/ConstructorInjectionTestMethodScopedExtensionContextNestedTests.java:124}","{Method foo() at spring-test/src/test/java/org/springframework/test/context/junit/jupiter/nested/ParameterizedConstructorInjectionTestMethodScopedExtensionContextNestedTests.java:169}","-119","-165"
"41ae13df5d94d94207441d46224dcf5321fe8d5f","EXTRACT_MOVE","{Method new(String) at spring-test/src/test/java/org/springframework/test/context/junit/jupiter/nested/ConstructorInjectionTestMethodScopedExtensionContextNestedTests.java:85}","{Method bar() at spring-test/src/test/java/org/springframework/test/context/junit/jupiter/nested/ParameterizedConstructorInjectionTestClassScopedExtensionContextNestedTests.java:180}","-80","-176"
"41ae13df5d94d94207441d46224dcf5321fe8d5f","RENAME","{Class TripleNestedWithInheritedConfigAndTestInterfaceTestCase at spring-test/src/test/java/org/springframework/test/context/junit/jupiter/nested/ActiveProfilesTestMethodScopedExtensionContextNestedTests.java:166}","{Class TripleNestedWithInheritedConfigAndTestInterfaceTests at spring-test/src/test/java/org/springframework/test/context/junit/jupiter/nested/ActiveProfilesTestMethodScopedExtensionContextNestedTests.java:150}","-160","-145"
"41ae13df5d94d94207441d46224dcf5321fe8d5f","EXTRACT_MOVE","{Method test() at spring-test/src/test/java/org/springframework/test/context/junit/jupiter/nested/ContextConfigurationTestClassScopedExtensionContextNestedTests.java:78}","{Method bar() at spring-test/src/test/java/org/springframework/test/context/junit/jupiter/nested/ParameterizedConstructorInjectionTestClassScopedExtensionContextNestedTests.java:180}","-74","-176"
"41ae13df5d94d94207441d46224dcf5321fe8d5f","EXTRACT_MOVE","{Method nestedTest() at spring-test/src/test/java/org/springframework/test/context/junit/jupiter/nested/ConstructorInjectionTestMethodScopedExtensionContextNestedTests.java:107}","{Method bar() at spring-test/src/test/java/org/springframework/test/context/junit/jupiter/nested/ParameterizedConstructorInjectionTestMethodScopedExtensionContextNestedTests.java:178}","-102","-174"
"41ae13df5d94d94207441d46224dcf5321fe8d5f","EXTRACT_MOVE","{Method test() at spring-test/src/test/java/org/springframework/test/context/junit/jupiter/nested/ContextConfigurationTestClassScopedExtensionContextNestedTests.java:78}","{Method foo() at spring-test/src/test/java/org/springframework/test/context/junit/jupiter/nested/ParameterizedConstructorInjectionTestClassScopedExtensionContextNestedTests.java:171}","-74","-167"
"41ae13df5d94d94207441d46224dcf5321fe8d5f","EXTRACT_MOVE","{Method nestedTest() at spring-test/src/test/java/org/springframework/test/context/junit/jupiter/nested/ConstructorInjectionTestClassScopedExtensionContextNestedTests.java:127}","{Method bar() at spring-test/src/test/java/org/springframework/test/context/junit/jupiter/nested/ParameterizedConstructorInjectionTestClassScopedExtensionContextNestedTests.java:180}","-123","-176"
"41ae13df5d94d94207441d46224dcf5321fe8d5f","INTERNAL_MOVE","{Method test() at spring-test/src/test/java/org/springframework/test/context/junit/jupiter/nested/TestConstructorTestMethodScopedExtensionContextNestedTests.java:112}","{Method test() at spring-test/src/test/java/org/springframework/test/context/junit/jupiter/nested/TestConstructorTestMethodScopedExtensionContextNestedTests.java:95}","-106","-90"
"41ae13df5d94d94207441d46224dcf5321fe8d5f","EXTRACT_SUPER","{Class TripleNestedInheritedCfgAndTestInterfaceTestCase at spring-test/src/test/java/org/springframework/test/context/junit/jupiter/nested/ContextHierarchyTestMethodScopedExtensionContextNestedTests.java:167}","{Interface TestInterface at spring-test/src/test/java/org/springframework/test/context/junit/jupiter/nested/ParameterizedCtxConfigTestClassScopedExtensionContextNestedTests.java:253}","-161","-250"
"41ae13df5d94d94207441d46224dcf5321fe8d5f","EXTRACT_MOVE","{Method nestedTest() at spring-test/src/test/java/org/springframework/test/context/junit/jupiter/nested/ConstructorInjectionTestClassScopedExtensionContextNestedTests.java:91}","{Method foo() at spring-test/src/test/java/org/springframework/test/context/junit/jupiter/nested/ParameterizedConstructorInjectionTestClassScopedExtensionContextNestedTests.java:171}","-87","-167"
"41ae13df5d94d94207441d46224dcf5321fe8d5f","INTERNAL_MOVE_RENAME","{Class TestBeanFieldInEnclosingClassLevel2TestCase at spring-test/src/test/java/org/springframework/test/context/bean/override/convention/TestBeanByNameLookupTestMethodScopedExtensionContextIntegrationTests.java:122}","{Class TestBeanFieldInEnclosingClassLevel2Tests at spring-test/src/test/java/org/springframework/test/context/bean/override/convention/TestBeanByNameLookupTestMethodScopedExtensionContextIntegrationTests.java:104}","-117","-100"
"41ae13df5d94d94207441d46224dcf5321fe8d5f","EXTRACT_MOVE","{Method bar() at spring-test/src/test/java/org/springframework/test/context/junit/jupiter/nested/ConstructorInjectionTestMethodScopedExtensionContextNestedTests.java:167}","{Method bar() at spring-test/src/test/java/org/springframework/test/context/junit/jupiter/nested/ParameterizedConstructorInjectionTestClassScopedExtensionContextNestedTests.java:180}","-163","-176"
"41ae13df5d94d94207441d46224dcf5321fe8d5f","INTERNAL_MOVE","{Method findAll() at spring-test/src/test/java/org/springframework/test/context/orm/jpa/JpaPersonRepositoryTests.java:79}","{Method findAll() at spring-test/src/test/java/org/springframework/test/context/orm/jpa/JpaPersonRepositoryTests.java:60}","-75","-57"
"41ae13df5d94d94207441d46224dcf5321fe8d5f","EXTRACT_MOVE","{Method nestedTest() at spring-test/src/test/java/org/springframework/test/context/junit/jupiter/nested/ConstructorInjectionTestClassScopedExtensionContextNestedTests.java:108}","{Method foo() at spring-test/src/test/java/org/springframework/test/context/junit/jupiter/nested/ParameterizedConstructorInjectionTestMethodScopedExtensionContextNestedTests.java:169}","-104","-165"
"41ae13df5d94d94207441d46224dcf5321fe8d5f","RENAME","{Class DoubleNestedWithOverriddenConfigTestCase at spring-test/src/test/java/org/springframework/test/context/junit/jupiter/nested/TestConstructorTestMethodScopedExtensionContextNestedTests.java:130}","{Class DoubleNestedWithOverriddenConfigTests at spring-test/src/test/java/org/springframework/test/context/junit/jupiter/nested/TestConstructorTestMethodScopedExtensionContextNestedTests.java:113}","-125","-109"
"41ae13df5d94d94207441d46224dcf5321fe8d5f","EXTRACT_MOVE","{Method nestedTest() at spring-test/src/test/java/org/springframework/test/context/junit/jupiter/nested/ContextHierarchyTestClassScopedExtensionContextNestedTests.java:139}","{Method bar() at spring-test/src/test/java/org/springframework/test/context/junit/jupiter/nested/ParameterizedConstructorInjectionTestClassScopedExtensionContextNestedTests.java:180}","-134","-176"
"41ae13df5d94d94207441d46224dcf5321fe8d5f","EXTRACT_SUPER","{Class TripleNestedWithInheritedConfigAndTestInterfaceTests at spring-test/src/test/java/org/springframework/test/context/junit/jupiter/nested/ActiveProfilesTestClassScopedExtensionContextNestedTests.java:146}","{Interface TestInterface at spring-test/src/test/java/org/springframework/test/context/junit/jupiter/nested/ParameterizedCtxConfigTestClassScopedExtensionContextNestedTests.java:253}","-141","-250"
"41ae13df5d94d94207441d46224dcf5321fe8d5f","EXTRACT_MOVE","{Method test() at spring-test/src/test/java/org/springframework/test/context/junit/jupiter/nested/ContextConfigurationTestClassScopedExtensionContextNestedTests.java:125}","{Method bar() at spring-test/src/test/java/org/springframework/test/context/junit/jupiter/nested/ParameterizedConstructorInjectionTestClassScopedExtensionContextNestedTests.java:180}","-120","-176"
"41ae13df5d94d94207441d46224dcf5321fe8d5f","EXTRACT_MOVE","{Method nestedTest() at spring-test/src/test/java/org/springframework/test/context/junit/jupiter/nested/ConstructorInjectionTestMethodScopedExtensionContextNestedTests.java:90}","{Method foo() at spring-test/src/test/java/org/springframework/test/context/junit/jupiter/nested/ParameterizedConstructorInjectionTestMethodScopedExtensionContextNestedTests.java:169}","-85","-165"
"41ae13df5d94d94207441d46224dcf5321fe8d5f","EXTRACT_MOVE","{Method test() at spring-test/src/test/java/org/springframework/test/context/junit/jupiter/nested/ContextConfigurationTestClassScopedExtensionContextNestedTests.java:101}","{Method bar() at spring-test/src/test/java/org/springframework/test/context/junit/jupiter/nested/ParameterizedConstructorInjectionTestClassScopedExtensionContextNestedTests.java:180}","-97","-176"
"41ae13df5d94d94207441d46224dcf5321fe8d5f","EXTRACT_MOVE","{Method nestedTest() at spring-test/src/test/java/org/springframework/test/context/junit/jupiter/nested/ContextHierarchyTestClassScopedExtensionContextNestedTests.java:111}","{Method foo() at spring-test/src/test/java/org/springframework/test/context/junit/jupiter/nested/ParameterizedConstructorInjectionTestClassScopedExtensionContextNestedTests.java:171}","-107","-167"
"41ae13df5d94d94207441d46224dcf5321fe8d5f","EXTRACT_MOVE","{Method nestedTest() at spring-test/src/test/java/org/springframework/test/context/junit/jupiter/nested/ConstructorInjectionTestClassScopedExtensionContextNestedTests.java:74}","{Method bar() at spring-test/src/test/java/org/springframework/test/context/junit/jupiter/nested/ParameterizedConstructorInjectionTestClassScopedExtensionContextNestedTests.java:180}","-70","-176"
"41ae13df5d94d94207441d46224dcf5321fe8d5f","EXTRACT_MOVE","{Method nestedTest() at spring-test/src/test/java/org/springframework/test/context/junit/jupiter/nested/ConstructorInjectionTestClassScopedExtensionContextNestedTests.java:127}","{Method foo() at spring-test/src/test/java/org/springframework/test/context/junit/jupiter/nested/ParameterizedConstructorInjectionTestMethodScopedExtensionContextNestedTests.java:169}","-123","-165"
"41ae13df5d94d94207441d46224dcf5321fe8d5f","RENAME","{Class L5InheritedCfgAndTestInterfaceTestCase at spring-test/src/test/java/org/springframework/test/context/junit/jupiter/nested/TestPropertySourceTestMethodScopedExtensionContextNestedTests.java:164}","{Class L5InheritedCfgAndTestInterfaceTests at spring-test/src/test/java/org/springframework/test/context/junit/jupiter/nested/TestPropertySourceTestMethodScopedExtensionContextNestedTests.java:147}","-157","-141"
"41ae13df5d94d94207441d46224dcf5321fe8d5f","INTERNAL_MOVE_RENAME","{Class DoubleNestedWithOverriddenConfigTestCase at spring-test/src/test/java/org/springframework/test/context/junit/jupiter/nested/ActiveProfilesTestMethodScopedExtensionContextNestedTests.java:131}","{Class DoubleNestedWithOverriddenConfigTests at spring-test/src/test/java/org/springframework/test/context/junit/jupiter/nested/ActiveProfilesTestMethodScopedExtensionContextNestedTests.java:115}","-126","-111"
"41ae13df5d94d94207441d46224dcf5321fe8d5f","EXTRACT_MOVE","{Method foo() at spring-test/src/test/java/org/springframework/test/context/junit/jupiter/nested/ConstructorInjectionTestClassScopedExtensionContextNestedTests.java:140}","{Method foo() at spring-test/src/test/java/org/springframework/test/context/junit/jupiter/nested/ParameterizedConstructorInjectionTestMethodScopedExtensionContextNestedTests.java:169}","-136","-165"
"41ae13df5d94d94207441d46224dcf5321fe8d5f","RENAME","{Class TestCase at spring-test/src/test/java/org/springframework/test/context/bean/override/mockito/MockitoSpyBeanByNameLookupTestMethodScopedExtensionContextIntegrationTests.java:61}","{Class MockitoSpyBeanNestedTests at spring-test/src/test/java/org/springframework/test/context/bean/override/mockito/MockitoSpyBeanByNameLookupTestMethodScopedExtensionContextIntegrationTests.java:62}","-58","-59"
"41ae13df5d94d94207441d46224dcf5321fe8d5f","EXTRACT_MOVE","{Method test() at spring-test/src/test/java/org/springframework/test/context/junit/jupiter/nested/ContextConfigurationTestClassScopedExtensionContextNestedTests.java:171}","{Method foo() at spring-test/src/test/java/org/springframework/test/context/junit/jupiter/nested/ParameterizedConstructorInjectionTestMethodScopedExtensionContextNestedTests.java:169}","-165","-165"
"41ae13df5d94d94207441d46224dcf5321fe8d5f","EXTRACT_MOVE","{Method nestedTest() at spring-test/src/test/java/org/springframework/test/context/junit/jupiter/nested/ContextHierarchyTestMethodScopedExtensionContextNestedTests.java:127}","{Method foo() at spring-test/src/test/java/org/springframework/test/context/junit/jupiter/nested/ParameterizedConstructorInjectionTestClassScopedExtensionContextNestedTests.java:171}","-122","-167"
"41ae13df5d94d94207441d46224dcf5321fe8d5f","EXTRACT_MOVE","{Method nestedTest() at spring-test/src/test/java/org/springframework/test/context/junit/jupiter/nested/ContextHierarchyTestClassScopedExtensionContextNestedTests.java:164}","{Method foo() at spring-test/src/test/java/org/springframework/test/context/junit/jupiter/nested/ParameterizedConstructorInjectionTestClassScopedExtensionContextNestedTests.java:171}","-158","-167"
"41ae13df5d94d94207441d46224dcf5321fe8d5f","INTERNAL_MOVE","{Method setup() at spring-test/src/test/java/org/springframework/test/context/orm/jpa/JpaPersonRepositoryTests.java:73}","{Method setup() at spring-test/src/test/java/org/springframework/test/context/orm/jpa/JpaPersonRepositoryTests.java:54}","-69","-51"
"41ae13df5d94d94207441d46224dcf5321fe8d5f","EXTRACT_MOVE","{Method test() at spring-test/src/test/java/org/springframework/test/context/junit/jupiter/nested/ContextConfigurationTestMethodScopedExtensionContextNestedTests.java:120}","{Method bar() at spring-test/src/test/java/org/springframework/test/context/junit/jupiter/nested/ParameterizedConstructorInjectionTestMethodScopedExtensionContextNestedTests.java:178}","-115","-174"
"41ae13df5d94d94207441d46224dcf5321fe8d5f","EXTRACT_MOVE","{Method new(TestInfo, String) at spring-test/src/test/java/org/springframework/test/context/junit/jupiter/nested/ConstructorInjectionTestClassScopedExtensionContextNestedTests.java:54}","{Method foo() at spring-test/src/test/java/org/springframework/test/context/junit/jupiter/nested/ParameterizedConstructorInjectionTestMethodScopedExtensionContextNestedTests.java:169}","-51","-165"
"41ae13df5d94d94207441d46224dcf5321fe8d5f","EXTRACT_MOVE","{Method new(String, TestInfo, int) at spring-test/src/test/java/org/springframework/test/context/junit/jupiter/nested/ConstructorInjectionTestMethodScopedExtensionContextNestedTests.java:138}","{Method bar() at spring-test/src/test/java/org/springframework/test/context/junit/jupiter/nested/ParameterizedConstructorInjectionTestClassScopedExtensionContextNestedTests.java:180}","-133","-176"
"41ae13df5d94d94207441d46224dcf5321fe8d5f","INTERNAL_MOVE_RENAME","{Class DoubleNestedWithOverriddenConfigTestCase at spring-test/src/test/java/org/springframework/test/context/junit/jupiter/nested/ContextConfigurationTestMethodScopedExtensionContextNestedTests.java:131}","{Class DoubleNestedWithOverriddenConfigTests at spring-test/src/test/java/org/springframework/test/context/junit/jupiter/nested/ContextConfigurationTestMethodScopedExtensionContextNestedTests.java:110}","-126","-106"
"41ae13df5d94d94207441d46224dcf5321fe8d5f","EXTRACT_SUPER","{Class TripleNestedWithInheritedConfigAndTestInterfaceTestCase at spring-test/src/test/java/org/springframework/test/context/junit/jupiter/nested/ActiveProfilesTestMethodScopedExtensionContextNestedTests.java:166}","{Interface TestInterface at spring-test/src/test/java/org/springframework/test/context/junit/jupiter/nested/ParameterizedCtxConfigTestMethodScopedExtensionContextNestedTests.java:245}","-160","-242"
"41ae13df5d94d94207441d46224dcf5321fe8d5f","EXTRACT_MOVE","{Method new(String) at spring-test/src/test/java/org/springframework/test/context/junit/jupiter/nested/ConstructorInjectionTestClassScopedExtensionContextNestedTests.java:69}","{Method bar() at spring-test/src/test/java/org/springframework/test/context/junit/jupiter/nested/ParameterizedConstructorInjectionTestMethodScopedExtensionContextNestedTests.java:178}","-65","-174"
"41ae13df5d94d94207441d46224dcf5321fe8d5f","EXTRACT_SUPER","{Class TripleNestedWithInheritedConfigAndTestInterfaceTestCase at spring-test/src/test/java/org/springframework/test/context/junit/jupiter/nested/ActiveProfilesTestMethodScopedExtensionContextNestedTests.java:166}","{Interface TestInterface at spring-test/src/test/java/org/springframework/test/context/junit/jupiter/nested/ParameterizedCtxConfigTestClassScopedExtensionContextNestedTests.java:253}","-160","-250"
"41ae13df5d94d94207441d46224dcf5321fe8d5f","INTERNAL_MOVE_RENAME","{Class NestedTestCase at spring-test/src/test/java/org/springframework/test/context/junit/jupiter/nested/ContextHierarchyTestMethodScopedExtensionContextNestedTests.java:92}","{Class NestedTests at spring-test/src/test/java/org/springframework/test/context/junit/jupiter/nested/ContextHierarchyTestMethodScopedExtensionContextNestedTests.java:76}","-88","-73"
"41ae13df5d94d94207441d46224dcf5321fe8d5f","EXTRACT_MOVE","{Method topLevelTest() at spring-test/src/test/java/org/springframework/test/context/junit/jupiter/nested/ContextHierarchyTestClassScopedExtensionContextNestedTests.java:67}","{Method foo() at spring-test/src/test/java/org/springframework/test/context/junit/jupiter/nested/ParameterizedConstructorInjectionTestClassScopedExtensionContextNestedTests.java:171}","-64","-167"
"41ae13df5d94d94207441d46224dcf5321fe8d5f","EXTRACT_MOVE","{Method new(TestInfo, String) at spring-test/src/test/java/org/springframework/test/context/junit/jupiter/nested/ConstructorInjectionTestMethodScopedExtensionContextNestedTests.java:120}","{Method bar() at spring-test/src/test/java/org/springframework/test/context/junit/jupiter/nested/ParameterizedConstructorInjectionTestMethodScopedExtensionContextNestedTests.java:178}","-115","-174"
"41ae13df5d94d94207441d46224dcf5321fe8d5f","EXTRACT_MOVE","{Method nestedTest() at spring-test/src/test/java/org/springframework/test/context/junit/jupiter/nested/ContextHierarchyTestMethodScopedExtensionContextNestedTests.java:103}","{Method bar() at spring-test/src/test/java/org/springframework/test/context/junit/jupiter/nested/ParameterizedConstructorInjectionTestMethodScopedExtensionContextNestedTests.java:178}","-98","-174"
"41ae13df5d94d94207441d46224dcf5321fe8d5f","EXTRACT_MOVE","{Method test() at spring-test/src/test/java/org/springframework/test/context/junit/jupiter/nested/ContextConfigurationTestMethodScopedExtensionContextNestedTests.java:164}","{Method foo() at spring-test/src/test/java/org/springframework/test/context/junit/jupiter/nested/ParameterizedConstructorInjectionTestClassScopedExtensionContextNestedTests.java:171}","-157","-167"
"41ae13df5d94d94207441d46224dcf5321fe8d5f","RENAME","{Class TestBeanFactoryMethodInEnclosingClassLevel2TestCase at spring-test/src/test/java/org/springframework/test/context/bean/override/convention/TestBeanByNameLookupTestMethodScopedExtensionContextIntegrationTests.java:165}","{Class TestBeanFactoryMethodInEnclosingClassLevel2Tests at spring-test/src/test/java/org/springframework/test/context/bean/override/convention/TestBeanByNameLookupTestMethodScopedExtensionContextIntegrationTests.java:147}","-160","-143"
"41ae13df5d94d94207441d46224dcf5321fe8d5f","INTERNAL_MOVE_RENAME","{Class L3OverriddenCfgTestCase at spring-test/src/test/java/org/springframework/test/context/junit/jupiter/nested/TestPropertySourceTestMethodScopedExtensionContextNestedTests.java:127}","{Class L3OverriddenCfgTests at spring-test/src/test/java/org/springframework/test/context/junit/jupiter/nested/TestPropertySourceTestMethodScopedExtensionContextNestedTests.java:110}","-122","-106"
"715bc68c164ab5a2486c25e29f62b4ecbb860d11","EXTRACT","{Method with(Collection) at spring-webmvc/src/main/java/org/springframework/web/servlet/view/FragmentsRendering.java:80}","{Method fragments(Collection) at spring-webmvc/src/main/java/org/springframework/web/servlet/view/FragmentsRendering.java:87}","-77","-84"
"715bc68c164ab5a2486c25e29f62b4ecbb860d11","EXTRACT_MOVE","{Method with(String, Map) at spring-webmvc/src/main/java/org/springframework/web/servlet/view/FragmentsRendering.java:60}","{Method fragment(String, Map) at spring-webflux/src/main/java/org/springframework/web/reactive/result/view/FragmentsRendering.java:86}","-57","-83"
"715bc68c164ab5a2486c25e29f62b4ecbb860d11","EXTRACT_MOVE","{Method with(String, Map) at spring-webmvc/src/main/java/org/springframework/web/servlet/view/FragmentsRendering.java:60}","{Method fragment(String) at spring-webflux/src/main/java/org/springframework/web/reactive/result/view/FragmentsRendering.java:74}","-57","-71"
"715bc68c164ab5a2486c25e29f62b4ecbb860d11","EXTRACT_MOVE","{Method with(String) at spring-webmvc/src/main/java/org/springframework/web/servlet/view/FragmentsRendering.java:70}","{Method fragment(String) at spring-webflux/src/main/java/org/springframework/web/reactive/result/view/FragmentsRendering.java:74}","-67","-71"
"715bc68c164ab5a2486c25e29f62b4ecbb860d11","EXTRACT","{Method with(String, Map) at spring-webmvc/src/main/java/org/springframework/web/servlet/view/FragmentsRendering.java:60}","{Method fragment(String) at spring-webmvc/src/main/java/org/springframework/web/servlet/view/FragmentsRendering.java:64}","-57","-61"
"715bc68c164ab5a2486c25e29f62b4ecbb860d11","EXTRACT","{Method with(String) at spring-webmvc/src/main/java/org/springframework/web/servlet/view/FragmentsRendering.java:70}","{Method fragment(String, Map) at spring-webmvc/src/main/java/org/springframework/web/servlet/view/FragmentsRendering.java:76}","-67","-73"
"715bc68c164ab5a2486c25e29f62b4ecbb860d11","EXTRACT_MOVE","{Method with(Collection) at spring-webmvc/src/main/java/org/springframework/web/servlet/view/FragmentsRendering.java:80}","{Method fragments(Collection) at spring-webflux/src/main/java/org/springframework/web/reactive/result/view/FragmentsRendering.java:97}","-77","-94"
"715bc68c164ab5a2486c25e29f62b4ecbb860d11","CHANGE_SIGNATURE","{Method new(Collection) at spring-webflux/src/main/java/org/springframework/web/reactive/result/view/DefaultFragmentsRenderingBuilder.java:52}","{Method new() at spring-webflux/src/main/java/org/springframework/web/reactive/result/view/DefaultFragmentsRenderingBuilder.java:52}","-49","-49"
"715bc68c164ab5a2486c25e29f62b4ecbb860d11","RENAME","{Method adaptProducer(Object) at spring-webflux/src/main/java/org/springframework/web/reactive/result/view/FragmentsRendering.java:115}","{Method fragmentsProducer(Object) at spring-webflux/src/main/java/org/springframework/web/reactive/result/view/FragmentsRendering.java:118}","-112","-115"
"715bc68c164ab5a2486c25e29f62b4ecbb860d11","EXTRACT","{Method with(String) at spring-webmvc/src/main/java/org/springframework/web/servlet/view/FragmentsRendering.java:70}","{Method fragment(String) at spring-webmvc/src/main/java/org/springframework/web/servlet/view/FragmentsRendering.java:64}","-67","-61"
"715bc68c164ab5a2486c25e29f62b4ecbb860d11","EXTRACT","{Method withPublisher(P) at spring-webflux/src/main/java/org/springframework/web/reactive/result/view/FragmentsRendering.java:102}","{Method fragmentsPublisher(P) at spring-webflux/src/main/java/org/springframework/web/reactive/result/view/FragmentsRendering.java:108}","-99","-105"
"715bc68c164ab5a2486c25e29f62b4ecbb860d11","EXTRACT","{Method with(String, Map) at spring-webmvc/src/main/java/org/springframework/web/servlet/view/FragmentsRendering.java:60}","{Method fragment(String, Map) at spring-webmvc/src/main/java/org/springframework/web/servlet/view/FragmentsRendering.java:76}","-57","-73"
"715bc68c164ab5a2486c25e29f62b4ecbb860d11","EXTRACT_MOVE","{Method with(String) at spring-webmvc/src/main/java/org/springframework/web/servlet/view/FragmentsRendering.java:70}","{Method fragment(String, Map) at spring-webflux/src/main/java/org/springframework/web/reactive/result/view/FragmentsRendering.java:86}","-67","-83"
"9c24f7ba8c7555bac418e040a5ad4f5a751eb65c"
"9f9f0a7014416fc8044df0ee96d65bed6224852b"
"3190269567e12a09151d0fae264c129428a0d96c"
"0bcff38f8e0361d3c363029f30cad87b32ff05e2","RENAME","{Method waitBarrier(CyclicBarrier) at spring-context/src/main/java/org/springframework/context/support/DefaultLifecycleProcessor.java:763}","{Method awaitBarrier(CyclicBarrier) at spring-context/src/main/java/org/springframework/context/support/DefaultLifecycleProcessor.java:753}","-759","-749"
"706ea2c2130b145377d16bb316508c819aaa073a","RENAME","{Method awaitPreventShutdownBarrier() at spring-context/src/main/java/org/springframework/context/support/DefaultLifecycleProcessor.java:752}","{Method waitBarrier(CyclicBarrier) at spring-context/src/main/java/org/springframework/context/support/DefaultLifecycleProcessor.java:763}","-748","-759"
"9a10b04fe07c593327d9e97a54e2db2a43f05a3a"
"9c0f7146392d4883e43ce2a1016fe15a879bfe38"
"0319fe92114d6e7c5c39b2cbe36dc6ba19040616"
"b4c6300ac6155e2d8024aab5088a895d19d99155","PUSH_DOWN","{Method values(String, Matcher) at spring-test/src/main/java/org/springframework/test/web/support/AbstractHeaderAssertions.java:176}","{Method values(String, Matcher) at spring-test/src/main/java/org/springframework/test/web/reactive/server/HeaderAssertions.java:77}","-173","-74"
"b4c6300ac6155e2d8024aab5088a895d19d99155","PUSH_DOWN","{Method number(Matcher) at spring-test/src/main/java/org/springframework/test/web/support/AbstractXpathAssertions.java:137}","{Method number(Matcher) at spring-test/src/main/java/org/springframework/test/web/reactive/server/XpathAssertions.java:71}","-134","-68"
"b4c6300ac6155e2d8024aab5088a895d19d99155","EXTRACT","{Method value(Matcher) at spring-test/src/main/java/org/springframework/test/web/support/AbstractStatusAssertions.java:236}","{Method getResponseSpec() at spring-test/src/main/java/org/springframework/test/web/support/AbstractStatusAssertions.java:56}","-233","-53"
"b4c6300ac6155e2d8024aab5088a895d19d99155","EXTRACT","{Method value(ParameterizedTypeReference, Matcher) at spring-test/src/main/java/org/springframework/test/web/support/AbstractJsonPathAssertions.java:165}","{Method getBodySpec() at spring-test/src/main/java/org/springframework/test/web/support/AbstractJsonPathAssertions.java:57}","-162","-54"
"b4c6300ac6155e2d8024aab5088a895d19d99155","EXTRACT","{Method value(ParameterizedTypeReference, Matcher) at spring-test/src/main/java/org/springframework/test/web/support/AbstractJsonPathAssertions.java:165}","{Method getPathHelper() at spring-test/src/main/java/org/springframework/test/web/support/AbstractJsonPathAssertions.java:65}","-162","-62"
"b4c6300ac6155e2d8024aab5088a895d19d99155","PUSH_DOWN","{Method domain(String, Matcher) at spring-test/src/main/java/org/springframework/test/web/support/AbstractCookieAssertions.java:193}","{Method domain(String, Matcher) at spring-test/src/main/java/org/springframework/test/web/reactive/server/CookieAssertions.java:94}","-190","-91"
"b4c6300ac6155e2d8024aab5088a895d19d99155","PUSH_DOWN","{Method value(Matcher) at spring-test/src/main/java/org/springframework/test/web/support/AbstractJsonPathAssertions.java:149}","{Method value(Matcher) at spring-test/src/main/java/org/springframework/test/web/reactive/server/JsonPathAssertions.java:52}","-146","-49"
"b4c6300ac6155e2d8024aab5088a895d19d99155","EXTRACT_MOVE","{Method maxAge(String, Matcher) at spring-test/src/main/java/org/springframework/test/web/support/AbstractCookieAssertions.java:143}","{Method getResponseSpec() at spring-test/src/main/java/org/springframework/test/web/support/AbstractStatusAssertions.java:56}","-140","-53"
"b4c6300ac6155e2d8024aab5088a895d19d99155","EXTRACT","{Method value(String, Matcher) at spring-test/src/main/java/org/springframework/test/web/support/AbstractCookieAssertions.java:90}","{Method getResponseSpec() at spring-test/src/main/java/org/springframework/test/web/support/AbstractCookieAssertions.java:61}","-87","-58"
"b4c6300ac6155e2d8024aab5088a895d19d99155","EXTRACT","{Method values(String, Matcher) at spring-test/src/main/java/org/springframework/test/web/support/AbstractHeaderAssertions.java:176}","{Method getResponseSpec() at spring-test/src/main/java/org/springframework/test/web/support/AbstractHeaderAssertions.java:66}","-173","-63"
"b4c6300ac6155e2d8024aab5088a895d19d99155","PUSH_DOWN","{Method value(String, Matcher) at spring-test/src/main/java/org/springframework/test/web/support/AbstractHeaderAssertions.java:162}","{Method value(String, Matcher) at spring-test/src/main/java/org/springframework/test/web/reactive/server/HeaderAssertions.java:63}","-159","-60"
"b4c6300ac6155e2d8024aab5088a895d19d99155","EXTRACT_MOVE","{Method maxAge(String, Matcher) at spring-test/src/main/java/org/springframework/test/web/support/AbstractCookieAssertions.java:143}","{Method getResponseSpec() at spring-test/src/main/java/org/springframework/test/web/support/AbstractHeaderAssertions.java:66}","-140","-63"
"b4c6300ac6155e2d8024aab5088a895d19d99155","EXTRACT_MOVE","{Method value(Matcher) at spring-test/src/main/java/org/springframework/test/web/support/AbstractStatusAssertions.java:236}","{Method getResponseSpec() at spring-test/src/main/java/org/springframework/test/web/support/AbstractCookieAssertions.java:61}","-233","-58"
"b4c6300ac6155e2d8024aab5088a895d19d99155","EXTRACT","{Method number(Matcher) at spring-test/src/main/java/org/springframework/test/web/support/AbstractXpathAssertions.java:137}","{Method getXpathHelper() at spring-test/src/main/java/org/springframework/test/web/support/AbstractXpathAssertions.java:77}","-134","-74"
"b4c6300ac6155e2d8024aab5088a895d19d99155","CHANGE_SIGNATURE","{Method value(Function, Matcher) at spring-test/src/main/java/org/springframework/test/web/servlet/client/DefaultRestTestClient.java:388}","{Method value(Function, Consumer) at spring-test/src/main/java/org/springframework/test/web/servlet/client/DefaultRestTestClient.java:386}","-384","-382"
"b4c6300ac6155e2d8024aab5088a895d19d99155","PUSH_DOWN","{Method value(String, Matcher) at spring-test/src/main/java/org/springframework/test/web/support/AbstractCookieAssertions.java:90}","{Method value(String, Matcher) at spring-test/src/main/java/org/springframework/test/web/reactive/server/CookieAssertions.java:57}","-87","-54"
"b4c6300ac6155e2d8024aab5088a895d19d99155","EXTRACT_MOVE","{Method domain(String, Matcher) at spring-test/src/main/java/org/springframework/test/web/support/AbstractCookieAssertions.java:193}","{Method getResponseSpec() at spring-test/src/main/java/org/springframework/test/web/support/AbstractHeaderAssertions.java:66}","-190","-63"
"b4c6300ac6155e2d8024aab5088a895d19d99155","PUSH_DOWN","{Method string(Matcher) at spring-test/src/main/java/org/springframework/test/web/support/AbstractXpathAssertions.java:130}","{Method string(Matcher) at spring-test/src/main/java/org/springframework/test/web/reactive/server/XpathAssertions.java:64}","-127","-61"
"b4c6300ac6155e2d8024aab5088a895d19d99155","EXTRACT_MOVE","{Method value(Matcher) at spring-test/src/main/java/org/springframework/test/web/support/AbstractStatusAssertions.java:236}","{Method getResponseSpec() at spring-test/src/main/java/org/springframework/test/web/support/AbstractHeaderAssertions.java:66}","-233","-63"
"b4c6300ac6155e2d8024aab5088a895d19d99155","EXTRACT_MOVE","{Method path(String, Matcher) at spring-test/src/main/java/org/springframework/test/web/support/AbstractCookieAssertions.java:169}","{Method getResponseSpec() at spring-test/src/main/java/org/springframework/test/web/support/AbstractHeaderAssertions.java:66}","-166","-63"
"b4c6300ac6155e2d8024aab5088a895d19d99155","EXTRACT_MOVE","{Method path(String, Matcher) at spring-test/src/main/java/org/springframework/test/web/support/AbstractCookieAssertions.java:169}","{Method getResponseSpec() at spring-test/src/main/java/org/springframework/test/web/support/AbstractStatusAssertions.java:56}","-166","-53"
"b4c6300ac6155e2d8024aab5088a895d19d99155","EXTRACT_MOVE","{Method domain(String, Matcher) at spring-test/src/main/java/org/springframework/test/web/support/AbstractCookieAssertions.java:193}","{Method getResponseSpec() at spring-test/src/main/java/org/springframework/test/web/support/AbstractStatusAssertions.java:56}","-190","-53"
"b4c6300ac6155e2d8024aab5088a895d19d99155","EXTRACT","{Method value(ParameterizedTypeReference, Matcher) at spring-test/src/main/java/org/springframework/test/web/support/AbstractJsonPathAssertions.java:165}","{Method getContent() at spring-test/src/main/java/org/springframework/test/web/support/AbstractJsonPathAssertions.java:61}","-162","-58"
"b4c6300ac6155e2d8024aab5088a895d19d99155","EXTRACT","{Method value(Class, Matcher) at spring-test/src/main/java/org/springframework/test/web/support/AbstractJsonPathAssertions.java:157}","{Method getContent() at spring-test/src/main/java/org/springframework/test/web/support/AbstractJsonPathAssertions.java:61}","-154","-58"
"b4c6300ac6155e2d8024aab5088a895d19d99155","EXTRACT","{Method value(Matcher) at spring-test/src/main/java/org/springframework/test/web/support/AbstractJsonPathAssertions.java:149}","{Method getBodySpec() at spring-test/src/main/java/org/springframework/test/web/support/AbstractJsonPathAssertions.java:57}","-146","-54"
"b4c6300ac6155e2d8024aab5088a895d19d99155","EXTRACT","{Method domain(String, Matcher) at spring-test/src/main/java/org/springframework/test/web/support/AbstractCookieAssertions.java:193}","{Method getResponseSpec() at spring-test/src/main/java/org/springframework/test/web/support/AbstractCookieAssertions.java:61}","-190","-58"
"b4c6300ac6155e2d8024aab5088a895d19d99155","EXTRACT","{Method path(String, Matcher) at spring-test/src/main/java/org/springframework/test/web/support/AbstractCookieAssertions.java:169}","{Method getResponseSpec() at spring-test/src/main/java/org/springframework/test/web/support/AbstractCookieAssertions.java:61}","-166","-58"
"b4c6300ac6155e2d8024aab5088a895d19d99155","PUSH_DOWN","{Method value(Class, Matcher) at spring-test/src/main/java/org/springframework/test/web/support/AbstractJsonPathAssertions.java:157}","{Method value(Class, Matcher) at spring-test/src/main/java/org/springframework/test/web/reactive/server/JsonPathAssertions.java:60}","-154","-57"
"b4c6300ac6155e2d8024aab5088a895d19d99155","EXTRACT","{Method value(Class, Matcher) at spring-test/src/main/java/org/springframework/test/web/support/AbstractJsonPathAssertions.java:157}","{Method getBodySpec() at spring-test/src/main/java/org/springframework/test/web/support/AbstractJsonPathAssertions.java:57}","-154","-54"
"b4c6300ac6155e2d8024aab5088a895d19d99155","EXTRACT","{Method value(Matcher) at spring-test/src/main/java/org/springframework/test/web/support/AbstractJsonPathAssertions.java:149}","{Method getContent() at spring-test/src/main/java/org/springframework/test/web/support/AbstractJsonPathAssertions.java:61}","-146","-58"
"b4c6300ac6155e2d8024aab5088a895d19d99155","EXTRACT","{Method value(Class, Matcher) at spring-test/src/main/java/org/springframework/test/web/support/AbstractJsonPathAssertions.java:157}","{Method getPathHelper() at spring-test/src/main/java/org/springframework/test/web/support/AbstractJsonPathAssertions.java:65}","-154","-62"
"b4c6300ac6155e2d8024aab5088a895d19d99155","EXTRACT_MOVE","{Method value(String, Matcher) at spring-test/src/main/java/org/springframework/test/web/support/AbstractHeaderAssertions.java:162}","{Method getResponseSpec() at spring-test/src/main/java/org/springframework/test/web/support/AbstractStatusAssertions.java:56}","-159","-53"
"b4c6300ac6155e2d8024aab5088a895d19d99155","EXTRACT","{Method maxAge(String, Matcher) at spring-test/src/main/java/org/springframework/test/web/support/AbstractCookieAssertions.java:143}","{Method getResponseSpec() at spring-test/src/main/java/org/springframework/test/web/support/AbstractCookieAssertions.java:61}","-140","-58"
"b4c6300ac6155e2d8024aab5088a895d19d99155","EXTRACT","{Method string(Matcher) at spring-test/src/main/java/org/springframework/test/web/support/AbstractXpathAssertions.java:130}","{Method getXpathHelper() at spring-test/src/main/java/org/springframework/test/web/support/AbstractXpathAssertions.java:77}","-127","-74"
"b4c6300ac6155e2d8024aab5088a895d19d99155","EXTRACT_MOVE","{Method value(String, Matcher) at spring-test/src/main/java/org/springframework/test/web/support/AbstractCookieAssertions.java:90}","{Method getResponseSpec() at spring-test/src/main/java/org/springframework/test/web/support/AbstractHeaderAssertions.java:66}","-87","-63"
"b4c6300ac6155e2d8024aab5088a895d19d99155","PUSH_DOWN","{Method maxAge(String, Matcher) at spring-test/src/main/java/org/springframework/test/web/support/AbstractCookieAssertions.java:143}","{Method maxAge(String, Matcher) at spring-test/src/main/java/org/springframework/test/web/reactive/server/CookieAssertions.java:70}","-140","-67"
"b4c6300ac6155e2d8024aab5088a895d19d99155","EXTRACT_MOVE","{Method value(String, Matcher) at spring-test/src/main/java/org/springframework/test/web/support/AbstractCookieAssertions.java:90}","{Method getResponseSpec() at spring-test/src/main/java/org/springframework/test/web/support/AbstractStatusAssertions.java:56}","-87","-53"
"b4c6300ac6155e2d8024aab5088a895d19d99155","EXTRACT","{Method value(Matcher) at spring-test/src/main/java/org/springframework/test/web/support/AbstractJsonPathAssertions.java:149}","{Method getPathHelper() at spring-test/src/main/java/org/springframework/test/web/support/AbstractJsonPathAssertions.java:65}","-146","-62"
"b4c6300ac6155e2d8024aab5088a895d19d99155","PUSH_DOWN","{Method nodeCount(Matcher) at spring-test/src/main/java/org/springframework/test/web/support/AbstractXpathAssertions.java:144}","{Method nodeCount(Matcher) at spring-test/src/main/java/org/springframework/test/web/reactive/server/XpathAssertions.java:78}","-141","-75"
"b4c6300ac6155e2d8024aab5088a895d19d99155","EXTRACT_MOVE","{Method values(String, Matcher) at spring-test/src/main/java/org/springframework/test/web/support/AbstractHeaderAssertions.java:176}","{Method getResponseSpec() at spring-test/src/main/java/org/springframework/test/web/support/AbstractCookieAssertions.java:61}","-173","-58"
"b4c6300ac6155e2d8024aab5088a895d19d99155","CHANGE_SIGNATURE","{Method value(Function, Matcher) at spring-test/src/main/java/org/springframework/test/web/servlet/client/RestTestClient.java:693}","{Method value(Function, Consumer) at spring-test/src/main/java/org/springframework/test/web/servlet/client/RestTestClient.java:692}","-689","-688"
"b4c6300ac6155e2d8024aab5088a895d19d99155","EXTRACT_MOVE","{Method values(String, Matcher) at spring-test/src/main/java/org/springframework/test/web/support/AbstractHeaderAssertions.java:176}","{Method getResponseSpec() at spring-test/src/main/java/org/springframework/test/web/support/AbstractStatusAssertions.java:56}","-173","-53"
"b4c6300ac6155e2d8024aab5088a895d19d99155","PUSH_DOWN","{Method value(ParameterizedTypeReference, Matcher) at spring-test/src/main/java/org/springframework/test/web/support/AbstractJsonPathAssertions.java:165}","{Method value(ParameterizedTypeReference, Matcher) at spring-test/src/main/java/org/springframework/test/web/reactive/server/JsonPathAssertions.java:68}","-162","-65"
"b4c6300ac6155e2d8024aab5088a895d19d99155","EXTRACT_MOVE","{Method value(String, Matcher) at spring-test/src/main/java/org/springframework/test/web/support/AbstractHeaderAssertions.java:162}","{Method getResponseSpec() at spring-test/src/main/java/org/springframework/test/web/support/AbstractCookieAssertions.java:61}","-159","-58"
"b4c6300ac6155e2d8024aab5088a895d19d99155","EXTRACT","{Method value(String, Matcher) at spring-test/src/main/java/org/springframework/test/web/support/AbstractHeaderAssertions.java:162}","{Method getResponseSpec() at spring-test/src/main/java/org/springframework/test/web/support/AbstractHeaderAssertions.java:66}","-159","-63"
"b4c6300ac6155e2d8024aab5088a895d19d99155","PUSH_DOWN","{Method value(Matcher) at spring-test/src/main/java/org/springframework/test/web/support/AbstractStatusAssertions.java:236}","{Method value(Matcher) at spring-test/src/main/java/org/springframework/test/web/reactive/server/StatusAssertions.java:55}","-233","-52"
"b4c6300ac6155e2d8024aab5088a895d19d99155","PUSH_DOWN","{Method path(String, Matcher) at spring-test/src/main/java/org/springframework/test/web/support/AbstractCookieAssertions.java:169}","{Method path(String, Matcher) at spring-test/src/main/java/org/springframework/test/web/reactive/server/CookieAssertions.java:82}","-166","-79"
"b4c6300ac6155e2d8024aab5088a895d19d99155","EXTRACT","{Method nodeCount(Matcher) at spring-test/src/main/java/org/springframework/test/web/support/AbstractXpathAssertions.java:144}","{Method getXpathHelper() at spring-test/src/main/java/org/springframework/test/web/support/AbstractXpathAssertions.java:77}","-141","-74"
"a40647a62f588ab2fd10350cc0f96be7d285d482"
"b53fb13f3026e002cfa5f746fa48ff776b7a542a","RENAME","{Method setUp() at spring-beans/src/test/java/org/springframework/beans/factory/xml/UtilNamespaceHandlerTests.java:57}","{Method setup() at spring-beans/src/test/java/org/springframework/beans/factory/xml/UtilNamespaceHandlerTests.java:57}","-54","-54"
"4b7b280ac3280ab08c2c262996d575971e0310d8"
"b3aefac9c337d3ba4875814673c97e6407f43057"
"694224f1a6aac97d3f76848ee7ff2a3c4129c852"
"b19059f6cbbe66a07d2d1f58d199f46d5a6f4562"
"6ac13d16d821a2f074dbb9b4c53183f3e49c4068"
"179c63a7c9854494b9a51cd1519e675b450e0d24"
"7e671abb9f165edc0cfe505a7d8a4ba2af66f98d"
"618bce3bd8e72d7d2d478fda2b04e399d2a3dbf5"
"4356fc11e1c4197af1a1c6b598d965253862a9ef"
"8d951c569b2e3ba56f36b42962e74ff81fd8628b"
"65daea1e2a8cf32ced9a41664cc099a17922e847","RENAME","{Class NestedTestCaseWithInheritedConfigTests at spring-test/src/test/java/org/springframework/test/context/junit/jupiter/nested/ContextConfigurationTestClassScopedExtensionContextNestedTests.java:89}","{Class NestedWithInheritedConfigTests at spring-test/src/test/java/org/springframework/test/context/junit/jupiter/nested/ContextConfigurationTestClassScopedExtensionContextNestedTests.java:89}","-86","-86"
"1ea043db28173a7910800e6c1e21301566ba0791"
"24b50650d74cf54ee35130dba2ed4bbb2c9b6037"
"b1f5b61bcd79fca7e697ec9ea263125cd7e7b557"
"f0a61cc9c6d83c350bb86a42abfd8843ee1158cb"
"a982c9b48105971da010e96d5e8ea1fdf185ad31"
"810e069bccfc7bd1662d474369f0f431125b4fc7"
"62f42cab6b515139a08c3bbf78ceaf8467f1ae43"
"9331e1e86c3161fe2d8467e69a1f25e5f707ccc7","EXTRACT","{Method write(Publisher, ResolvableType, MediaType, ReactiveHttpOutputMessage, Map) at spring-web/src/main/java/org/springframework/http/codec/protobuf/ProtobufHttpMessageWriter.java:77}","{Method getStreamingContentType(MediaType) at spring-web/src/main/java/org/springframework/http/codec/protobuf/ProtobufHttpMessageWriter.java:102}","-74","-99"
"9331e1e86c3161fe2d8467e69a1f25e5f707ccc7","EXTRACT","{Method decode(DataBuffer, ResolvableType, MimeType, Map) at spring-web/src/main/java/org/springframework/http/codec/protobuf/ProtobufDecoder.java:147}","{Method merge(DataBuffer, Message.Builder) at spring-web/src/main/java/org/springframework/http/codec/protobuf/ProtobufDecoder.java:181}","-144","-178"
"9331e1e86c3161fe2d8467e69a1f25e5f707ccc7","EXTRACT","{Method encodeValue(Message, DataBufferFactory, boolean) at spring-web/src/main/java/org/springframework/http/codec/protobuf/ProtobufEncoder.java:109}","{Method writeMessage(Message, boolean, OutputStream) at spring-web/src/main/java/org/springframework/http/codec/protobuf/ProtobufEncoder.java:125}","-106","-122"
"9331e1e86c3161fe2d8467e69a1f25e5f707ccc7","INTERNAL_MOVE","{Method readMessageSize(DataBuffer) at spring-web/src/main/java/org/springframework/http/codec/protobuf/ProtobufDecoder.java:273}","{Method readMessageSize(DataBuffer) at spring-web/src/main/java/org/springframework/http/codec/protobuf/ProtobufDecoder.java:321}","-269","-317"
"9331e1e86c3161fe2d8467e69a1f25e5f707ccc7","EXTRACT","{Method write(Publisher, ResolvableType, MediaType, ReactiveHttpOutputMessage, Map) at spring-web/src/main/java/org/springframework/http/codec/protobuf/ProtobufHttpMessageWriter.java:77}","{Method extendHeaders(ReactiveHttpOutputMessage, Map) at spring-web/src/main/java/org/springframework/http/codec/protobuf/ProtobufHttpMessageWriter.java:118}","-74","-115"
"9331e1e86c3161fe2d8467e69a1f25e5f707ccc7","CHANGE_SIGNATURE","{Method new(ResolvableType, int) at spring-web/src/main/java/org/springframework/http/codec/protobuf/ProtobufDecoder.java:202}","{Method new(ResolvableType, int, MessageSizeReader) at spring-web/src/main/java/org/springframework/http/codec/protobuf/ProtobufDecoder.java:219}","-198","-215"
"6ebb2071f570678d462da87c0cd60422364d690f"
"754372a1f66cbd47d8cccb91873c6a522f0f7a2c","CHANGE_SIGNATURE","{Method print(Message, OutputStream, MediaType, Charset) at spring-web/src/main/java/org/springframework/http/converter/protobuf/ProtobufHttpMessageConverter.java:319}","{Method print(Message, HttpOutputMessage, MediaType, Charset) at spring-web/src/main/java/org/springframework/http/converter/protobuf/ProtobufHttpMessageConverter.java:340}","-315","-336"
"754372a1f66cbd47d8cccb91873c6a522f0f7a2c","CHANGE_SIGNATURE","{Method new(ProtobufFormatSupport, ExtensionRegistry) at spring-web/src/main/java/org/springframework/http/converter/protobuf/ProtobufHttpMessageConverter.java:127}","{Method new(ProtobufHttpMessageConverter.@Nullable ProtobufFormatDelegate, ExtensionRegistry) at spring-web/src/main/java/org/springframework/http/converter/protobuf/ProtobufHttpMessageConverter.java:130}","-124","-127"
"754372a1f66cbd47d8cccb91873c6a522f0f7a2c","CHANGE_SIGNATURE","{Method merge(InputStream, Charset, MediaType, ExtensionRegistry, Message.Builder) at spring-web/src/main/java/org/springframework/http/converter/protobuf/ProtobufHttpMessageConverter.java:270}","{Method merge(HttpInputMessage, MediaType, Charset, Message.Builder, ExtensionRegistry) at spring-web/src/main/java/org/springframework/http/converter/protobuf/ProtobufHttpMessageConverter.java:287}","-266","-283"
"754372a1f66cbd47d8cccb91873c6a522f0f7a2c","RENAME","{Interface ProtobufFormatSupport at spring-web/src/main/java/org/springframework/http/converter/protobuf/ProtobufHttpMessageConverter.java:264}","{Interface ProtobufFormatDelegate at spring-web/src/main/java/org/springframework/http/converter/protobuf/ProtobufHttpMessageConverter.java:268}","-261","-265"
"754372a1f66cbd47d8cccb91873c6a522f0f7a2c","CHANGE_SIGNATURE","{Method merge(InputStream, Charset, MediaType, ExtensionRegistry, Message.Builder) at spring-web/src/main/java/org/springframework/http/converter/protobuf/ProtobufHttpMessageConverter.java:304}","{Method merge(HttpInputMessage, MediaType, Charset, Message.Builder, ExtensionRegistry) at spring-web/src/main/java/org/springframework/http/converter/protobuf/ProtobufHttpMessageConverter.java:325}","-300","-321"
"754372a1f66cbd47d8cccb91873c6a522f0f7a2c","RENAME","{Class ProtobufJavaUtilSupport at spring-web/src/main/java/org/springframework/http/converter/protobuf/ProtobufHttpMessageConverter.java:283}","{Class ProtobufJavaUtilDelegate at spring-web/src/main/java/org/springframework/http/converter/protobuf/ProtobufHttpMessageConverter.java:304}","-280","-301"
"754372a1f66cbd47d8cccb91873c6a522f0f7a2c","CHANGE_SIGNATURE","{Method print(Message, OutputStream, MediaType, Charset) at spring-web/src/main/java/org/springframework/http/converter/protobuf/ProtobufHttpMessageConverter.java:274}","{Method print(Message, HttpOutputMessage, MediaType, Charset) at spring-web/src/main/java/org/springframework/http/converter/protobuf/ProtobufHttpMessageConverter.java:295}","-270","-291"
"87607cccff82f818d75a3e0b27b7eadcfc7997b0"
"9ee16b8ea34c7e9d25dc2df70c31ef174223247c"
"e61884e4bd8b4629705f300e0be66fea177c8cf8","MOVE_RENAME","{Class Config at spring-test/src/test/java/org/springframework/test/context/orm/jpa/JpaEntityListenerTests.java:160}","{Class JpaConfig at spring-test/src/test/java/org/springframework/test/context/orm/jpa/JpaConfig.java:36}","-157","-34"
"0f2fc79fb78331c982fe706d043caa87669e4ff7"
"ba70c1384ad692dd05e3986a78f7623ed0e0bd0f","CHANGE_SIGNATURE","{Method supportsApplicationEvents(ParameterContext) at spring-test/src/main/java/org/springframework/test/context/junit/jupiter/SpringExtension.java:314}","{Method supportsApplicationEvents(Class, Executable) at spring-test/src/main/java/org/springframework/test/context/junit/jupiter/SpringExtension.java:315}","-311","-312"
"d24a31d469a43e49c4100533d01e488c357a1d69","EXTRACT_MOVE","{Method bar() at spring-test/src/test/java/org/springframework/test/context/junit4/nested/NestedTestsWithSpringRulesTests.java:84}","{Method bar() at spring-test/src/test/java/org/springframework/test/context/junit/jupiter/nested/ConstructorInjectionTestMethodScopedExtensionContextNestedTests.java:167}","-80","-163"
"d24a31d469a43e49c4100533d01e488c357a1d69","EXTRACT_SUPER","{Class TripleNestedWithInheritedConfigAndTestInterfaceTests at spring-test/src/test/java/org/springframework/test/context/junit/jupiter/nested/ActiveProfilesNestedTests.java:143}","{Interface TestInterface at spring-test/src/test/java/org/springframework/test/context/junit/jupiter/nested/ActiveProfilesTestMethodScopedExtensionContextNestedTests.java:232}","-138","-229"
"d24a31d469a43e49c4100533d01e488c357a1d69","EXTRACT_SUPER","{Class TripleNestedWithInheritedConfigAndTestInterfaceTests at spring-test/src/test/java/org/springframework/test/context/junit/jupiter/nested/ContextHierarchyNestedTests.java:147}","{Interface TestInterface at spring-test/src/test/java/org/springframework/test/context/junit/jupiter/nested/TestPropertySourceTestMethodScopedExtensionContextNestedTests.java:194}","-142","-191"
"d24a31d469a43e49c4100533d01e488c357a1d69","EXTRACT_MOVE","{Method foo() at spring-test/src/test/java/org/springframework/test/context/junit4/nested/NestedTestsWithSpringRulesTests.java:75}","{Method foo() at spring-test/src/test/java/org/springframework/test/context/junit/jupiter/nested/ConstructorInjectionTestMethodScopedExtensionContextNestedTests.java:158}","-71","-154"
"d24a31d469a43e49c4100533d01e488c357a1d69","EXTRACT_SUPER","{Class TripleNestedWithInheritedConfigAndTestInterfaceTests at spring-test/src/test/java/org/springframework/test/context/junit/jupiter/nested/ActiveProfilesNestedTests.java:143}","{Interface TestInterface at spring-test/src/test/java/org/springframework/test/context/junit/jupiter/nested/ContextHierarchyTestMethodScopedExtensionContextNestedTests.java:257}","-138","-254"
"d24a31d469a43e49c4100533d01e488c357a1d69","EXTRACT_MOVE","{Method nestedTest() at spring-test/src/test/java/org/springframework/test/context/junit/jupiter/nested/ConstructorInjectionNestedTests.java:125}","{Method foo() at spring-test/src/test/java/org/springframework/test/context/junit/jupiter/nested/ConstructorInjectionTestMethodScopedExtensionContextNestedTests.java:158}","-121","-154"
"d24a31d469a43e49c4100533d01e488c357a1d69","RENAME","{Class TestConstructorNestedTests at spring-test/src/test/java/org/springframework/test/context/junit/jupiter/nested/TestConstructorNestedTests.java:44}","{Class TestConstructorTestClassScopedExtensionContextNestedTests at spring-test/src/test/java/org/springframework/test/context/junit/jupiter/nested/TestConstructorTestClassScopedExtensionContextNestedTests.java:46}","-42","-44"
"d24a31d469a43e49c4100533d01e488c357a1d69","EXTRACT_SUPER","{Class TripleNestedWithInheritedConfigAndTestInterfaceTests at spring-test/src/test/java/org/springframework/test/context/junit/jupiter/nested/ActiveProfilesNestedTests.java:143}","{Interface TestInterface at spring-test/src/test/java/org/springframework/test/context/junit/jupiter/nested/ContextConfigurationTestMethodScopedExtensionContextNestedTests.java:230}","-138","-227"
"d24a31d469a43e49c4100533d01e488c357a1d69","RENAME","{Class L5WithInheritedConfigAndTestInterfaceTests at spring-test/src/test/java/org/springframework/test/context/junit/jupiter/nested/TestPropertySourceNestedTests.java:163}","{Class L5InheritedCfgAndTestInterfaceTests at spring-test/src/test/java/org/springframework/test/context/junit/jupiter/nested/TestPropertySourceTestClassScopedExtensionContextNestedTests.java:165}","-157","-159"
"d24a31d469a43e49c4100533d01e488c357a1d69","EXTRACT_SUPER","{Class DoubleNestedWithOverriddenConfigWebTests at spring-test/src/test/java/org/springframework/test/context/junit/jupiter/nested/WebAppConfigurationNestedTests.java:95}","{Class Config at spring-test/src/test/java/org/springframework/test/context/junit/jupiter/nested/TestPropertySourceTestMethodScopedExtensionContextNestedTests.java:189}","-91","-186"
"d24a31d469a43e49c4100533d01e488c357a1d69","EXTRACT_MOVE","{Method foo() at spring-test/src/test/java/org/springframework/test/context/junit/jupiter/nested/ConstructorInjectionNestedTests.java:138}","{Method foo() at spring-test/src/test/java/org/springframework/test/context/junit/jupiter/nested/ConstructorInjectionTestMethodScopedExtensionContextNestedTests.java:158}","-134","-154"
"d24a31d469a43e49c4100533d01e488c357a1d69","RENAME","{Class MockitoSpyBeanByNameLookupIntegrationTests at spring-test/src/test/java/org/springframework/test/context/bean/override/mockito/MockitoSpyBeanByNameLookupIntegrationTests.java:43}","{Class MockitoSpyBeanByNameLookupTestClassScopedExtensionContextIntegrationTests at spring-test/src/test/java/org/springframework/test/context/bean/override/mockito/MockitoSpyBeanByNameLookupTestClassScopedExtensionContextIntegrationTests.java:45}","-41","-43"
"d24a31d469a43e49c4100533d01e488c357a1d69","EXTRACT_MOVE","{Method topLevelTest() at spring-test/src/test/java/org/springframework/test/context/junit4/nested/NestedTestsWithSpringRulesTests.java:50}","{Method foo() at spring-test/src/test/java/org/springframework/test/context/junit/jupiter/nested/ConstructorInjectionTestMethodScopedExtensionContextNestedTests.java:158}","-47","-154"
"d24a31d469a43e49c4100533d01e488c357a1d69","EXTRACT_SUPER","{Class TripleNestedWithInheritedConfigAndTestInterfaceTests at spring-test/src/test/java/org/springframework/test/context/junit/jupiter/nested/ContextHierarchyNestedTests.java:147}","{Interface TestInterface at spring-test/src/test/java/org/springframework/test/context/junit/jupiter/nested/TestConstructorTestMethodScopedExtensionContextNestedTests.java:186}","-142","-183"
"d24a31d469a43e49c4100533d01e488c357a1d69","RENAME","{Class TripleNestedWithInheritedConfigAndTestInterfaceTests at spring-test/src/test/java/org/springframework/test/context/junit/jupiter/nested/ContextHierarchyNestedTests.java:147}","{Class TripleNestedInheritedCfgAndTestInterfaceTests at spring-test/src/test/java/org/springframework/test/context/junit/jupiter/nested/ContextHierarchyTestClassScopedExtensionContextNestedTests.java:149}","-142","-144"
"d24a31d469a43e49c4100533d01e488c357a1d69","RENAME","{Class DoubleNestedTestCaseWithOverriddenConfigTests at spring-test/src/test/java/org/springframework/test/context/junit/jupiter/nested/ContextHierarchyNestedTests.java:122}","{Class DoubleNestedOverriddenCfgTests at spring-test/src/test/java/org/springframework/test/context/junit/jupiter/nested/ContextHierarchyTestClassScopedExtensionContextNestedTests.java:124}","-118","-120"
"d24a31d469a43e49c4100533d01e488c357a1d69","EXTRACT_SUPER","{Class L5WithInheritedConfigAndTestInterfaceTests at spring-test/src/test/java/org/springframework/test/context/junit/jupiter/nested/TestPropertySourceNestedTests.java:163}","{Interface TestInterface at spring-test/src/test/java/org/springframework/test/context/junit/jupiter/nested/ActiveProfilesTestMethodScopedExtensionContextNestedTests.java:232}","-157","-229"
"d24a31d469a43e49c4100533d01e488c357a1d69","EXTRACT_SUPER","{Class DoubleNestedWithOverriddenConfigTests at spring-test/src/test/java/org/springframework/test/context/junit/jupiter/nested/TestConstructorNestedTests.java:111}","{Class Config at spring-test/src/test/java/org/springframework/test/context/junit/jupiter/nested/TestPropertySourceTestMethodScopedExtensionContextNestedTests.java:189}","-107","-186"
"d24a31d469a43e49c4100533d01e488c357a1d69","EXTRACT_MOVE","{Method nestedTest() at spring-test/src/test/java/org/springframework/test/context/junit/jupiter/nested/ConstructorInjectionNestedTests.java:106}","{Method bar() at spring-test/src/test/java/org/springframework/test/context/junit/jupiter/nested/ConstructorInjectionTestMethodScopedExtensionContextNestedTests.java:167}","-102","-163"
"d24a31d469a43e49c4100533d01e488c357a1d69","EXTRACT_MOVE","{Method nestedTest() at spring-test/src/test/java/org/springframework/test/context/junit/jupiter/nested/ConstructorInjectionNestedTests.java:106}","{Method foo() at spring-test/src/test/java/org/springframework/test/context/junit/jupiter/nested/ConstructorInjectionTestMethodScopedExtensionContextNestedTests.java:158}","-102","-154"
"d24a31d469a43e49c4100533d01e488c357a1d69","EXTRACT_MOVE","{Method test() at spring-test/src/test/java/org/springframework/test/context/junit/jupiter/nested/ContextConfigurationNestedTests.java:169}","{Method foo() at spring-test/src/test/java/org/springframework/test/context/junit/jupiter/nested/ConstructorInjectionTestMethodScopedExtensionContextNestedTests.java:158}","-163","-154"
"d24a31d469a43e49c4100533d01e488c357a1d69","EXTRACT_SUPER","{Class TripleNestedWithInheritedConfigAndTestInterfaceTests at spring-test/src/test/java/org/springframework/test/context/junit/jupiter/nested/WebAppConfigurationNestedTests.java:116}","{Interface TestInterface at spring-test/src/test/java/org/springframework/test/context/junit/jupiter/nested/ContextHierarchyTestMethodScopedExtensionContextNestedTests.java:257}","-111","-254"
"d24a31d469a43e49c4100533d01e488c357a1d69","EXTRACT_SUPER","{Class TripleNestedWithInheritedConfigAndTestInterfaceTests at spring-test/src/test/java/org/springframework/test/context/junit/jupiter/nested/WebAppConfigurationNestedTests.java:116}","{Interface TestInterface at spring-test/src/test/java/org/springframework/test/context/junit/jupiter/nested/ContextConfigurationTestMethodScopedExtensionContextNestedTests.java:230}","-111","-227"
"d24a31d469a43e49c4100533d01e488c357a1d69","RENAME","{Class ContextHierarchyNestedTests at spring-test/src/test/java/org/springframework/test/context/junit/jupiter/nested/ContextHierarchyNestedTests.java:47}","{Class ContextHierarchyTestClassScopedExtensionContextNestedTests at spring-test/src/test/java/org/springframework/test/context/junit/jupiter/nested/ContextHierarchyTestClassScopedExtensionContextNestedTests.java:49}","-45","-47"
"d24a31d469a43e49c4100533d01e488c357a1d69","EXTRACT_MOVE","{Method topLevelTest() at spring-test/src/test/java/org/springframework/test/context/junit/jupiter/nested/ContextConfigurationNestedTests.java:58}","{Method foo() at spring-test/src/test/java/org/springframework/test/context/junit/jupiter/nested/ConstructorInjectionTestMethodScopedExtensionContextNestedTests.java:158}","-55","-154"
"d24a31d469a43e49c4100533d01e488c357a1d69","EXTRACT_SUPER","{Class MockitoSpyBeanByNameLookupIntegrationTests at spring-test/src/test/java/org/springframework/test/context/bean/override/mockito/MockitoSpyBeanByNameLookupIntegrationTests.java:43}","{Class Config at spring-test/src/test/java/org/springframework/test/context/junit/jupiter/nested/TestPropertySourceTestMethodScopedExtensionContextNestedTests.java:189}","-41","-186"
"d24a31d469a43e49c4100533d01e488c357a1d69","EXTRACT_MOVE","{Method test() at spring-test/src/test/java/org/springframework/test/context/junit/jupiter/nested/ContextConfigurationNestedTests.java:123}","{Method bar() at spring-test/src/test/java/org/springframework/test/context/junit/jupiter/nested/ConstructorInjectionTestMethodScopedExtensionContextNestedTests.java:167}","-118","-163"
"d24a31d469a43e49c4100533d01e488c357a1d69","RENAME","{Class TestBeanByNameLookupIntegrationTests at spring-test/src/test/java/org/springframework/test/context/bean/override/convention/TestBeanByNameLookupIntegrationTests.java:37}","{Class TestBeanByNameLookupTestClassScopedExtensionContextIntegrationTests at spring-test/src/test/java/org/springframework/test/context/bean/override/convention/TestBeanByNameLookupTestClassScopedExtensionContextIntegrationTests.java:39}","-35","-37"
"d24a31d469a43e49c4100533d01e488c357a1d69","EXTRACT_MOVE","{Method test() at spring-test/src/test/java/org/springframework/test/context/junit/jupiter/nested/ContextConfigurationNestedTests.java:99}","{Method foo() at spring-test/src/test/java/org/springframework/test/context/junit/jupiter/nested/ConstructorInjectionTestMethodScopedExtensionContextNestedTests.java:158}","-95","-154"
"d24a31d469a43e49c4100533d01e488c357a1d69","EXTRACT_MOVE","{Method test() at spring-test/src/test/java/org/springframework/test/context/junit/jupiter/nested/ContextConfigurationNestedTests.java:123}","{Method foo() at spring-test/src/test/java/org/springframework/test/context/junit/jupiter/nested/ConstructorInjectionTestMethodScopedExtensionContextNestedTests.java:158}","-118","-154"
"d24a31d469a43e49c4100533d01e488c357a1d69","EXTRACT_MOVE","{Method bar() at spring-test/src/test/java/org/springframework/test/context/junit/jupiter/nested/ConstructorInjectionNestedTests.java:147}","{Method bar() at spring-test/src/test/java/org/springframework/test/context/junit/jupiter/nested/ConstructorInjectionTestMethodScopedExtensionContextNestedTests.java:167}","-143","-163"
"d24a31d469a43e49c4100533d01e488c357a1d69","EXTRACT_MOVE","{Method test() at spring-test/src/test/java/org/springframework/test/context/junit/jupiter/nested/ContextConfigurationNestedTests.java:169}","{Method bar() at spring-test/src/test/java/org/springframework/test/context/junit/jupiter/nested/ConstructorInjectionTestMethodScopedExtensionContextNestedTests.java:167}","-163","-163"
"d24a31d469a43e49c4100533d01e488c357a1d69","EXTRACT_SUPER","{Class TripleNestedWithInheritedConfigAndTestInterfaceTests at spring-test/src/test/java/org/springframework/test/context/junit/jupiter/nested/ContextHierarchyNestedTests.java:147}","{Interface TestInterface at spring-test/src/test/java/org/springframework/test/context/junit/jupiter/nested/ContextHierarchyTestMethodScopedExtensionContextNestedTests.java:257}","-142","-254"
"d24a31d469a43e49c4100533d01e488c357a1d69","EXTRACT_SUPER","{Class ConfigOverriddenByDefaultTests at spring-test/src/test/java/org/springframework/test/context/junit/jupiter/nested/TestPropertySourceNestedTests.java:74}","{Class Config at spring-test/src/test/java/org/springframework/test/context/junit/jupiter/nested/TestPropertySourceTestMethodScopedExtensionContextNestedTests.java:189}","-71","-186"
"d24a31d469a43e49c4100533d01e488c357a1d69","EXTRACT_MOVE","{Method test() at spring-test/src/test/java/org/springframework/test/context/junit/jupiter/nested/ContextConfigurationNestedTests.java:99}","{Method bar() at spring-test/src/test/java/org/springframework/test/context/junit/jupiter/nested/ConstructorInjectionTestMethodScopedExtensionContextNestedTests.java:167}","-95","-163"
"d24a31d469a43e49c4100533d01e488c357a1d69","EXTRACT_SUPER","{Class L5WithInheritedConfigAndTestInterfaceTests at spring-test/src/test/java/org/springframework/test/context/junit/jupiter/nested/TestPropertySourceNestedTests.java:163}","{Interface TestInterface at spring-test/src/test/java/org/springframework/test/context/junit/jupiter/nested/ContextConfigurationTestMethodScopedExtensionContextNestedTests.java:230}","-157","-227"
"d24a31d469a43e49c4100533d01e488c357a1d69","EXTRACT_SUPER","{Class L5WithInheritedConfigAndTestInterfaceTests at spring-test/src/test/java/org/springframework/test/context/junit/jupiter/nested/TestPropertySourceNestedTests.java:163}","{Interface TestInterface at spring-test/src/test/java/org/springframework/test/context/junit/jupiter/nested/ContextHierarchyTestMethodScopedExtensionContextNestedTests.java:257}","-157","-254"
"d24a31d469a43e49c4100533d01e488c357a1d69","RENAME","{Class L3WithOverriddenConfigTests at spring-test/src/test/java/org/springframework/test/context/junit/jupiter/nested/TestPropertySourceNestedTests.java:112}","{Class L3OverriddenCfgTests at spring-test/src/test/java/org/springframework/test/context/junit/jupiter/nested/TestPropertySourceTestClassScopedExtensionContextNestedTests.java:114}","-108","-110"
"d24a31d469a43e49c4100533d01e488c357a1d69","EXTRACT_SUPER","{Class TripleNestedWithInheritedConfigAndTestInterfaceTests at spring-test/src/test/java/org/springframework/test/context/junit/jupiter/nested/ContextHierarchyNestedTests.java:147}","{Interface TestInterface at spring-test/src/test/java/org/springframework/test/context/junit/jupiter/nested/ContextConfigurationTestMethodScopedExtensionContextNestedTests.java:230}","-142","-227"
"d24a31d469a43e49c4100533d01e488c357a1d69","EXTRACT_SUPER","{Class TripleNestedWithInheritedConfigAndTestInterfaceTests at spring-test/src/test/java/org/springframework/test/context/junit/jupiter/nested/ActiveProfilesNestedTests.java:143}","{Interface TestInterface at spring-test/src/test/java/org/springframework/test/context/junit/jupiter/nested/TestConstructorTestMethodScopedExtensionContextNestedTests.java:186}","-138","-183"
"d24a31d469a43e49c4100533d01e488c357a1d69","EXTRACT_MOVE","{Method nestedTest() at spring-test/src/test/java/org/springframework/test/context/junit/jupiter/nested/ContextHierarchyNestedTests.java:137}","{Method foo() at spring-test/src/test/java/org/springframework/test/context/junit/jupiter/nested/ConstructorInjectionTestMethodScopedExtensionContextNestedTests.java:158}","-132","-154"
"d24a31d469a43e49c4100533d01e488c357a1d69","RENAME","{Class NestedTestCaseWithInheritedConfigTests at spring-test/src/test/java/org/springframework/test/context/junit/jupiter/nested/ContextHierarchyNestedTests.java:97}","{Class NestedInheritedCfgTests at spring-test/src/test/java/org/springframework/test/context/junit/jupiter/nested/ContextHierarchyTestClassScopedExtensionContextNestedTests.java:99}","-94","-96"
"d24a31d469a43e49c4100533d01e488c357a1d69","EXTRACT_MOVE","{Method test() at spring-test/src/test/java/org/springframework/test/context/junit/jupiter/nested/ContextConfigurationNestedTests.java:146}","{Method foo() at spring-test/src/test/java/org/springframework/test/context/junit/jupiter/nested/ConstructorInjectionTestMethodScopedExtensionContextNestedTests.java:158}","-140","-154"
"d24a31d469a43e49c4100533d01e488c357a1d69","EXTRACT_MOVE","{Method nestedTest() at spring-test/src/test/java/org/springframework/test/context/junit/jupiter/nested/ContextHierarchyNestedTests.java:84}","{Method foo() at spring-test/src/test/java/org/springframework/test/context/junit/jupiter/nested/ConstructorInjectionTestMethodScopedExtensionContextNestedTests.java:158}","-80","-154"
"d24a31d469a43e49c4100533d01e488c357a1d69","EXTRACT_SUPER","{Class ConfigOverriddenByDefaultTests at spring-test/src/test/java/org/springframework/test/context/junit/jupiter/nested/WebAppConfigurationNestedTests.java:56}","{Class Config at spring-test/src/test/java/org/springframework/test/context/junit/jupiter/nested/TestPropertySourceTestMethodScopedExtensionContextNestedTests.java:189}","-53","-186"
"d24a31d469a43e49c4100533d01e488c357a1d69","EXTRACT_MOVE","{Method nestedTest() at spring-test/src/test/java/org/springframework/test/context/junit/jupiter/nested/ContextHierarchyNestedTests.java:162}","{Method foo() at spring-test/src/test/java/org/springframework/test/context/junit/jupiter/nested/ConstructorInjectionTestMethodScopedExtensionContextNestedTests.java:158}","-156","-154"
"d24a31d469a43e49c4100533d01e488c357a1d69","EXTRACT_MOVE","{Method new(TestInfo, String) at spring-test/src/test/java/org/springframework/test/context/junit/jupiter/nested/ConstructorInjectionNestedTests.java:52}","{Method foo() at spring-test/src/test/java/org/springframework/test/context/junit/jupiter/nested/ConstructorInjectionTestMethodScopedExtensionContextNestedTests.java:158}","-49","-154"
"d24a31d469a43e49c4100533d01e488c357a1d69","EXTRACT_MOVE","{Method nestedTest() at spring-test/src/test/java/org/springframework/test/context/junit/jupiter/nested/ConstructorInjectionNestedTests.java:72}","{Method foo() at spring-test/src/test/java/org/springframework/test/context/junit/jupiter/nested/ConstructorInjectionTestMethodScopedExtensionContextNestedTests.java:158}","-68","-154"
"d24a31d469a43e49c4100533d01e488c357a1d69","EXTRACT_SUPER","{Class L5WithInheritedConfigAndTestInterfaceTests at spring-test/src/test/java/org/springframework/test/context/junit/jupiter/nested/TestPropertySourceNestedTests.java:163}","{Interface TestInterface at spring-test/src/test/java/org/springframework/test/context/junit/jupiter/nested/TestPropertySourceTestMethodScopedExtensionContextNestedTests.java:194}","-157","-191"
"d24a31d469a43e49c4100533d01e488c357a1d69","EXTRACT_SUPER","{Class ConfigOverriddenByDefaultWebTests at spring-test/src/test/java/org/springframework/test/context/junit/jupiter/nested/WebAppConfigurationNestedTests.java:66}","{Class Config at spring-test/src/test/java/org/springframework/test/context/junit/jupiter/nested/TestPropertySourceTestMethodScopedExtensionContextNestedTests.java:189}","-63","-186"
"d24a31d469a43e49c4100533d01e488c357a1d69","EXTRACT_MOVE","{Method nestedTest() at spring-test/src/test/java/org/springframework/test/context/junit/jupiter/nested/ContextHierarchyNestedTests.java:84}","{Method bar() at spring-test/src/test/java/org/springframework/test/context/junit/jupiter/nested/ConstructorInjectionTestMethodScopedExtensionContextNestedTests.java:167}","-80","-163"
"d24a31d469a43e49c4100533d01e488c357a1d69","EXTRACT_MOVE","{Method nestedTest() at spring-test/src/test/java/org/springframework/test/context/junit/jupiter/nested/ContextHierarchyNestedTests.java:162}","{Method bar() at spring-test/src/test/java/org/springframework/test/context/junit/jupiter/nested/ConstructorInjectionTestMethodScopedExtensionContextNestedTests.java:167}","-156","-163"
"d24a31d469a43e49c4100533d01e488c357a1d69","RENAME","{Class TestPropertySourceNestedTests at spring-test/src/test/java/org/springframework/test/context/junit/jupiter/nested/TestPropertySourceNestedTests.java:43}","{Class TestPropertySourceTestClassScopedExtensionContextNestedTests at spring-test/src/test/java/org/springframework/test/context/junit/jupiter/nested/TestPropertySourceTestClassScopedExtensionContextNestedTests.java:45}","-41","-43"
"d24a31d469a43e49c4100533d01e488c357a1d69","EXTRACT_MOVE","{Method nestedTest() at spring-test/src/test/java/org/springframework/test/context/junit/jupiter/nested/ContextHierarchyNestedTests.java:137}","{Method bar() at spring-test/src/test/java/org/springframework/test/context/junit/jupiter/nested/ConstructorInjectionTestMethodScopedExtensionContextNestedTests.java:167}","-132","-163"
"d24a31d469a43e49c4100533d01e488c357a1d69","RENAME","{Class ContextConfigurationNestedTests at spring-test/src/test/java/org/springframework/test/context/junit/jupiter/nested/ContextConfigurationNestedTests.java:46}","{Class ContextConfigurationTestClassScopedExtensionContextNestedTests at spring-test/src/test/java/org/springframework/test/context/junit/jupiter/nested/ContextConfigurationTestClassScopedExtensionContextNestedTests.java:48}","-44","-46"
"d24a31d469a43e49c4100533d01e488c357a1d69","EXTRACT_MOVE","{Method test() at spring-test/src/test/java/org/springframework/test/context/junit/jupiter/nested/ContextConfigurationNestedTests.java:146}","{Method bar() at spring-test/src/test/java/org/springframework/test/context/junit/jupiter/nested/ConstructorInjectionTestMethodScopedExtensionContextNestedTests.java:167}","-140","-163"
"d24a31d469a43e49c4100533d01e488c357a1d69","EXTRACT_MOVE","{Method new(String, TestInfo, int) at spring-test/src/test/java/org/springframework/test/context/junit/jupiter/nested/ConstructorInjectionNestedTests.java:120}","{Method bar() at spring-test/src/test/java/org/springframework/test/context/junit/jupiter/nested/ConstructorInjectionTestMethodScopedExtensionContextNestedTests.java:167}","-116","-163"
"d24a31d469a43e49c4100533d01e488c357a1d69","EXTRACT_MOVE","{Method nestedTest() at spring-test/src/test/java/org/springframework/test/context/junit/jupiter/nested/ConstructorInjectionNestedTests.java:72}","{Method bar() at spring-test/src/test/java/org/springframework/test/context/junit/jupiter/nested/ConstructorInjectionTestMethodScopedExtensionContextNestedTests.java:167}","-68","-163"
"d24a31d469a43e49c4100533d01e488c357a1d69","EXTRACT_SUPER","{Class TripleNestedWithInheritedConfigAndTestInterfaceTests at spring-test/src/test/java/org/springframework/test/context/junit/jupiter/nested/ContextConfigurationNestedTests.java:154}","{Interface TestInterface at spring-test/src/test/java/org/springframework/test/context/junit/jupiter/nested/TestPropertySourceTestMethodScopedExtensionContextNestedTests.java:194}","-149","-191"
"d24a31d469a43e49c4100533d01e488c357a1d69","RENAME","{Class InheritedConfigTests at spring-test/src/test/java/org/springframework/test/context/junit/jupiter/nested/TestPropertySourceNestedTests.java:58}","{Class InheritedCfgTests at spring-test/src/test/java/org/springframework/test/context/junit/jupiter/nested/TestPropertySourceTestClassScopedExtensionContextNestedTests.java:60}","-55","-57"
"d24a31d469a43e49c4100533d01e488c357a1d69","RENAME","{Class InheritedAndExtendedConfigTests at spring-test/src/test/java/org/springframework/test/context/junit/jupiter/nested/TestPropertySourceNestedTests.java:92}","{Class InheritedAndExtendedCfgTests at spring-test/src/test/java/org/springframework/test/context/junit/jupiter/nested/TestPropertySourceTestClassScopedExtensionContextNestedTests.java:94}","-89","-91"
"d24a31d469a43e49c4100533d01e488c357a1d69","EXTRACT_SUPER","{Class TripleNestedWithInheritedConfigAndTestInterfaceTests at spring-test/src/test/java/org/springframework/test/context/junit/jupiter/nested/ActiveProfilesNestedTests.java:143}","{Interface TestInterface at spring-test/src/test/java/org/springframework/test/context/junit/jupiter/nested/TestPropertySourceTestMethodScopedExtensionContextNestedTests.java:194}","-138","-191"
"d24a31d469a43e49c4100533d01e488c357a1d69","EXTRACT_MOVE","{Method test() at spring-test/src/test/java/org/springframework/test/context/junit/jupiter/nested/ContextConfigurationNestedTests.java:76}","{Method bar() at spring-test/src/test/java/org/springframework/test/context/junit/jupiter/nested/ConstructorInjectionTestMethodScopedExtensionContextNestedTests.java:167}","-72","-163"
"d24a31d469a43e49c4100533d01e488c357a1d69","EXTRACT_MOVE","{Method nestedTest() at spring-test/src/test/java/org/springframework/test/context/junit4/nested/NestedTestsWithSpringRulesTests.java:63}","{Method foo() at spring-test/src/test/java/org/springframework/test/context/junit/jupiter/nested/ConstructorInjectionTestMethodScopedExtensionContextNestedTests.java:158}","-59","-154"
"d24a31d469a43e49c4100533d01e488c357a1d69","EXTRACT_SUPER","{Class TripleNestedWithInheritedConfigAndTestInterfaceTests at spring-test/src/test/java/org/springframework/test/context/junit/jupiter/nested/TestConstructorNestedTests.java:140}","{Interface TestInterface at spring-test/src/test/java/org/springframework/test/context/junit/jupiter/nested/TestPropertySourceTestMethodScopedExtensionContextNestedTests.java:194}","-135","-191"
"d24a31d469a43e49c4100533d01e488c357a1d69","EXTRACT_MOVE","{Method topLevelTest() at spring-test/src/test/java/org/springframework/test/context/junit/jupiter/nested/ContextHierarchyNestedTests.java:65}","{Method foo() at spring-test/src/test/java/org/springframework/test/context/junit/jupiter/nested/ConstructorInjectionTestMethodScopedExtensionContextNestedTests.java:158}","-62","-154"
"d24a31d469a43e49c4100533d01e488c357a1d69","EXTRACT_MOVE","{Method nestedTest() at spring-test/src/test/java/org/springframework/test/context/junit4/nested/NestedTestsWithSpringRulesTests.java:63}","{Method bar() at spring-test/src/test/java/org/springframework/test/context/junit/jupiter/nested/ConstructorInjectionTestMethodScopedExtensionContextNestedTests.java:167}","-59","-163"
"d24a31d469a43e49c4100533d01e488c357a1d69","EXTRACT_SUPER","{Class TripleNestedWithInheritedConfigAndTestInterfaceTests at spring-test/src/test/java/org/springframework/test/context/junit/jupiter/nested/ContextHierarchyNestedTests.java:147}","{Interface TestInterface at spring-test/src/test/java/org/springframework/test/context/junit/jupiter/nested/ActiveProfilesTestMethodScopedExtensionContextNestedTests.java:232}","-142","-229"
"d24a31d469a43e49c4100533d01e488c357a1d69","EXTRACT_SUPER","{Class TestPropertySourceNestedTests at spring-test/src/test/java/org/springframework/test/context/junit/jupiter/nested/TestPropertySourceNestedTests.java:43}","{Class Config at spring-test/src/test/java/org/springframework/test/context/junit/jupiter/nested/TestPropertySourceTestMethodScopedExtensionContextNestedTests.java:189}","-41","-186"
"d24a31d469a43e49c4100533d01e488c357a1d69","EXTRACT_SUPER","{Class L5WithInheritedConfigAndTestInterfaceTests at spring-test/src/test/java/org/springframework/test/context/junit/jupiter/nested/TestPropertySourceNestedTests.java:163}","{Interface TestInterface at spring-test/src/test/java/org/springframework/test/context/junit/jupiter/nested/TestConstructorTestMethodScopedExtensionContextNestedTests.java:186}","-157","-183"
"d24a31d469a43e49c4100533d01e488c357a1d69","EXTRACT_MOVE","{Method nestedTest() at spring-test/src/test/java/org/springframework/test/context/junit/jupiter/nested/ContextHierarchyNestedTests.java:109}","{Method foo() at spring-test/src/test/java/org/springframework/test/context/junit/jupiter/nested/ConstructorInjectionTestMethodScopedExtensionContextNestedTests.java:158}","-105","-154"
"d24a31d469a43e49c4100533d01e488c357a1d69","EXTRACT_MOVE","{Method propertiesInEnvironment() at spring-test/src/test/java/org/springframework/test/context/junit/jupiter/nested/TestPropertySourceNestedTests.java:170}","{Method bar() at spring-test/src/test/java/org/springframework/test/context/junit/jupiter/nested/ConstructorInjectionTestMethodScopedExtensionContextNestedTests.java:167}","-163","-163"
"d24a31d469a43e49c4100533d01e488c357a1d69","EXTRACT_MOVE","{Method new(String) at spring-test/src/test/java/org/springframework/test/context/junit/jupiter/nested/ConstructorInjectionNestedTests.java:67}","{Method bar() at spring-test/src/test/java/org/springframework/test/context/junit/jupiter/nested/ConstructorInjectionTestMethodScopedExtensionContextNestedTests.java:167}","-63","-163"
"d24a31d469a43e49c4100533d01e488c357a1d69","EXTRACT_SUPER","{Class TripleNestedWithInheritedConfigAndTestInterfaceTests at spring-test/src/test/java/org/springframework/test/context/junit/jupiter/nested/ContextConfigurationNestedTests.java:154}","{Interface TestInterface at spring-test/src/test/java/org/springframework/test/context/junit/jupiter/nested/ActiveProfilesTestMethodScopedExtensionContextNestedTests.java:232}","-149","-229"
"d24a31d469a43e49c4100533d01e488c357a1d69","EXTRACT_MOVE","{Method nestedTest() at spring-test/src/test/java/org/springframework/test/context/junit/jupiter/nested/ContextHierarchyNestedTests.java:109}","{Method bar() at spring-test/src/test/java/org/springframework/test/context/junit/jupiter/nested/ConstructorInjectionTestMethodScopedExtensionContextNestedTests.java:167}","-105","-163"
"d24a31d469a43e49c4100533d01e488c357a1d69","EXTRACT_SUPER","{Class TripleNestedWithInheritedConfigAndTestInterfaceTests at spring-test/src/test/java/org/springframework/test/context/junit/jupiter/nested/TestConstructorNestedTests.java:140}","{Interface TestInterface at spring-test/src/test/java/org/springframework/test/context/junit/jupiter/nested/TestConstructorTestMethodScopedExtensionContextNestedTests.java:186}","-135","-183"
"d24a31d469a43e49c4100533d01e488c357a1d69","EXTRACT_SUPER","{Class ConfigOverriddenByDefaultTests at spring-test/src/test/java/org/springframework/test/context/junit/jupiter/nested/TestConstructorNestedTests.java:58}","{Class Config at spring-test/src/test/java/org/springframework/test/context/junit/jupiter/nested/TestPropertySourceTestMethodScopedExtensionContextNestedTests.java:189}","-55","-186"
"d24a31d469a43e49c4100533d01e488c357a1d69","RENAME","{Class MockitoBeanByNameLookupIntegrationTests at spring-test/src/test/java/org/springframework/test/context/bean/override/mockito/MockitoBeanByNameLookupIntegrationTests.java:42}","{Class MockitoBeanByNameLookupTestClassScopedExtensionContextIntegrationTests at spring-test/src/test/java/org/springframework/test/context/bean/override/mockito/MockitoBeanByNameLookupTestClassScopedExtensionContextIntegrationTests.java:44}","-40","-42"
"d24a31d469a43e49c4100533d01e488c357a1d69","EXTRACT_MOVE","{Method new(TestInfo, String) at spring-test/src/test/java/org/springframework/test/context/junit/jupiter/nested/ConstructorInjectionNestedTests.java:102}","{Method bar() at spring-test/src/test/java/org/springframework/test/context/junit/jupiter/nested/ConstructorInjectionTestMethodScopedExtensionContextNestedTests.java:167}","-98","-163"
"d24a31d469a43e49c4100533d01e488c357a1d69","EXTRACT_SUPER","{Class TripleNestedWithInheritedConfigAndTestInterfaceTests at spring-test/src/test/java/org/springframework/test/context/junit/jupiter/nested/ContextConfigurationNestedTests.java:154}","{Interface TestInterface at spring-test/src/test/java/org/springframework/test/context/junit/jupiter/nested/TestConstructorTestMethodScopedExtensionContextNestedTests.java:186}","-149","-183"
"d24a31d469a43e49c4100533d01e488c357a1d69","EXTRACT_SUPER","{Class TripleNestedWithInheritedConfigAndTestInterfaceTests at spring-test/src/test/java/org/springframework/test/context/junit/jupiter/nested/TestConstructorNestedTests.java:140}","{Interface TestInterface at spring-test/src/test/java/org/springframework/test/context/junit/jupiter/nested/ActiveProfilesTestMethodScopedExtensionContextNestedTests.java:232}","-135","-229"
"d24a31d469a43e49c4100533d01e488c357a1d69","EXTRACT_SUPER","{Class TripleNestedWithInheritedConfigAndTestInterfaceTests at spring-test/src/test/java/org/springframework/test/context/junit/jupiter/nested/WebAppConfigurationNestedTests.java:116}","{Interface TestInterface at spring-test/src/test/java/org/springframework/test/context/junit/jupiter/nested/ActiveProfilesTestMethodScopedExtensionContextNestedTests.java:232}","-111","-229"
"d24a31d469a43e49c4100533d01e488c357a1d69","EXTRACT_MOVE","{Method propertiesInEnvironment() at spring-test/src/test/java/org/springframework/test/context/junit/jupiter/nested/TestPropertySourceNestedTests.java:170}","{Method foo() at spring-test/src/test/java/org/springframework/test/context/junit/jupiter/nested/ConstructorInjectionTestMethodScopedExtensionContextNestedTests.java:158}","-163","-154"
"d24a31d469a43e49c4100533d01e488c357a1d69","EXTRACT_SUPER","{Class WebAppConfigurationNestedTests at spring-test/src/test/java/org/springframework/test/context/junit/jupiter/nested/WebAppConfigurationNestedTests.java:46}","{Class Config at spring-test/src/test/java/org/springframework/test/context/junit/jupiter/nested/TestPropertySourceTestMethodScopedExtensionContextNestedTests.java:189}","-44","-186"
"d24a31d469a43e49c4100533d01e488c357a1d69","EXTRACT_MOVE","{Method topLevelTest() at spring-test/src/test/java/org/springframework/test/context/junit/jupiter/nested/ConstructorInjectionNestedTests.java:56}","{Method foo() at spring-test/src/test/java/org/springframework/test/context/junit/jupiter/nested/ConstructorInjectionTestMethodScopedExtensionContextNestedTests.java:158}","-53","-154"
"d24a31d469a43e49c4100533d01e488c357a1d69","EXTRACT_SUPER","{Class TripleNestedWithInheritedConfigAndTestInterfaceTests at spring-test/src/test/java/org/springframework/test/context/junit/jupiter/nested/WebAppConfigurationNestedTests.java:116}","{Interface TestInterface at spring-test/src/test/java/org/springframework/test/context/junit/jupiter/nested/TestConstructorTestMethodScopedExtensionContextNestedTests.java:186}","-111","-183"
"d24a31d469a43e49c4100533d01e488c357a1d69","RENAME","{Class L4WithInheritedConfigButOverriddenTestPropertiesTests at spring-test/src/test/java/org/springframework/test/context/junit/jupiter/nested/TestPropertySourceNestedTests.java:136}","{Class L4InheritedCfgButOverriddenTestPropsTests at spring-test/src/test/java/org/springframework/test/context/junit/jupiter/nested/TestPropertySourceTestClassScopedExtensionContextNestedTests.java:138}","-131","-133"
"d24a31d469a43e49c4100533d01e488c357a1d69","RENAME","{Class ConstructorInjectionNestedTests at spring-test/src/test/java/org/springframework/test/context/junit/jupiter/nested/ConstructorInjectionNestedTests.java:46}","{Class ConstructorInjectionTestClassScopedExtensionContextNestedTests at spring-test/src/test/java/org/springframework/test/context/junit/jupiter/nested/ConstructorInjectionTestClassScopedExtensionContextNestedTests.java:48}","-44","-46"
"d24a31d469a43e49c4100533d01e488c357a1d69","EXTRACT_MOVE","{Method test() at spring-test/src/test/java/org/springframework/test/context/junit/jupiter/nested/ContextConfigurationNestedTests.java:76}","{Method foo() at spring-test/src/test/java/org/springframework/test/context/junit/jupiter/nested/ConstructorInjectionTestMethodScopedExtensionContextNestedTests.java:158}","-72","-154"
"d24a31d469a43e49c4100533d01e488c357a1d69","EXTRACT_SUPER","{Class TripleNestedWithInheritedConfigAndTestInterfaceTests at spring-test/src/test/java/org/springframework/test/context/junit/jupiter/nested/ContextConfigurationNestedTests.java:154}","{Interface TestInterface at spring-test/src/test/java/org/springframework/test/context/junit/jupiter/nested/ContextConfigurationTestMethodScopedExtensionContextNestedTests.java:230}","-149","-227"
"d24a31d469a43e49c4100533d01e488c357a1d69","RENAME","{Class ActiveProfilesNestedTests at spring-test/src/test/java/org/springframework/test/context/junit/jupiter/nested/ActiveProfilesNestedTests.java:47}","{Class ActiveProfilesTestClassScopedExtensionContextNestedTests at spring-test/src/test/java/org/springframework/test/context/junit/jupiter/nested/ActiveProfilesTestClassScopedExtensionContextNestedTests.java:49}","-45","-47"
"d24a31d469a43e49c4100533d01e488c357a1d69","EXTRACT_SUPER","{Class TripleNestedWithInheritedConfigAndTestInterfaceTests at spring-test/src/test/java/org/springframework/test/context/junit/jupiter/nested/ContextConfigurationNestedTests.java:154}","{Interface TestInterface at spring-test/src/test/java/org/springframework/test/context/junit/jupiter/nested/ContextHierarchyTestMethodScopedExtensionContextNestedTests.java:257}","-149","-254"
"d24a31d469a43e49c4100533d01e488c357a1d69","EXTRACT_MOVE","{Method nestedTest() at spring-test/src/test/java/org/springframework/test/context/junit/jupiter/nested/ConstructorInjectionNestedTests.java:89}","{Method foo() at spring-test/src/test/java/org/springframework/test/context/junit/jupiter/nested/ConstructorInjectionTestMethodScopedExtensionContextNestedTests.java:158}","-85","-154"
"d24a31d469a43e49c4100533d01e488c357a1d69","EXTRACT_MOVE","{Method nestedTest() at spring-test/src/test/java/org/springframework/test/context/junit/jupiter/nested/ConstructorInjectionNestedTests.java:125}","{Method bar() at spring-test/src/test/java/org/springframework/test/context/junit/jupiter/nested/ConstructorInjectionTestMethodScopedExtensionContextNestedTests.java:167}","-121","-163"
"d24a31d469a43e49c4100533d01e488c357a1d69","EXTRACT_MOVE","{Method new(String) at spring-test/src/test/java/org/springframework/test/context/junit/jupiter/nested/ConstructorInjectionNestedTests.java:85}","{Method bar() at spring-test/src/test/java/org/springframework/test/context/junit/jupiter/nested/ConstructorInjectionTestMethodScopedExtensionContextNestedTests.java:167}","-81","-163"
"d24a31d469a43e49c4100533d01e488c357a1d69","EXTRACT_SUPER","{Class TripleNestedWithInheritedConfigAndTestInterfaceTests at spring-test/src/test/java/org/springframework/test/context/junit/jupiter/nested/WebAppConfigurationNestedTests.java:116}","{Interface TestInterface at spring-test/src/test/java/org/springframework/test/context/junit/jupiter/nested/TestPropertySourceTestMethodScopedExtensionContextNestedTests.java:194}","-111","-191"
"d24a31d469a43e49c4100533d01e488c357a1d69","EXTRACT_MOVE","{Method nestedTest() at spring-test/src/test/java/org/springframework/test/context/junit/jupiter/nested/ConstructorInjectionNestedTests.java:89}","{Method bar() at spring-test/src/test/java/org/springframework/test/context/junit/jupiter/nested/ConstructorInjectionTestMethodScopedExtensionContextNestedTests.java:167}","-85","-163"
"d24a31d469a43e49c4100533d01e488c357a1d69","EXTRACT_SUPER","{Class TripleNestedWithInheritedConfigAndTestInterfaceTests at spring-test/src/test/java/org/springframework/test/context/junit/jupiter/nested/TestConstructorNestedTests.java:140}","{Interface TestInterface at spring-test/src/test/java/org/springframework/test/context/junit/jupiter/nested/ContextConfigurationTestMethodScopedExtensionContextNestedTests.java:230}","-135","-227"
"d24a31d469a43e49c4100533d01e488c357a1d69","EXTRACT_SUPER","{Class TripleNestedWithInheritedConfigAndTestInterfaceTests at spring-test/src/test/java/org/springframework/test/context/junit/jupiter/nested/TestConstructorNestedTests.java:140}","{Interface TestInterface at spring-test/src/test/java/org/springframework/test/context/junit/jupiter/nested/ContextHierarchyTestMethodScopedExtensionContextNestedTests.java:257}","-135","-254"
"d24a31d469a43e49c4100533d01e488c357a1d69","EXTRACT_SUPER","{Class L3WithOverriddenConfigTests at spring-test/src/test/java/org/springframework/test/context/junit/jupiter/nested/TestPropertySourceNestedTests.java:112}","{Class Config at spring-test/src/test/java/org/springframework/test/context/junit/jupiter/nested/TestPropertySourceTestMethodScopedExtensionContextNestedTests.java:189}","-108","-186"
"c5ec169c83bd5235d255477562ba3a70c87be42c"
"a5141b187afb2fa3353065ca79bf51811dbae7ed"
"d3c1e678c20337b800a08847c3f334fcdce73d70","RENAME","{Method patternPropertyGetLengthTests() at spring-web/src/test/java/org/springframework/web/util/pattern/PathPatternParserTests.java:331}","{Method normalizedLengthWhenVariable() at spring-web/src/test/java/org/springframework/web/util/pattern/PathPatternParserTests.java:425}","-328","-422"
"d3c1e678c20337b800a08847c3f334fcdce73d70","INTERNAL_MOVE","{Method multipleSeparatorPatterns() at spring-web/src/test/java/org/springframework/web/util/pattern/PathPatternParserTests.java:313}","{Method multipleSeparatorPatterns() at spring-web/src/test/java/org/springframework/web/util/pattern/PathPatternParserTests.java:143}","-310","-139"
"d3c1e678c20337b800a08847c3f334fcdce73d70","INTERNAL_MOVE","{Method multipleSeparatorsInPatternAndPath() at spring-web/src/test/java/org/springframework/web/util/pattern/PathPatternTests.java:469}","{Method multipleSeparatorsInPatternAndPath() at spring-web/src/test/java/org/springframework/web/util/pattern/PathPatternTests.java:122}","-466","-118"
"d3c1e678c20337b800a08847c3f334fcdce73d70","INTERNAL_MOVE_RENAME","{Method captureTheRest() at spring-web/src/test/java/org/springframework/web/util/pattern/PathPatternTests.java:420}","{Method captureSegmentsAtEnd() at spring-web/src/test/java/org/springframework/web/util/pattern/PathPatternTests.java:283}","-417","-279"
"d3c1e678c20337b800a08847c3f334fcdce73d70","INTERNAL_MOVE","{Method completeCaptureWithConstraints() at spring-web/src/test/java/org/springframework/web/util/pattern/PathPatternParserTests.java:208}","{Method completeCaptureWithConstraints() at spring-web/src/test/java/org/springframework/web/util/pattern/PathPatternParserTests.java:116}","-205","-112"
"d3c1e678c20337b800a08847c3f334fcdce73d70","EXTRACT","{Method matches(int, MatchingContext) at spring-web/src/main/java/org/springframework/web/util/pattern/CaptureTheRestPathElement.java:51}","{Method collectParameters(MatchingContext, int, int) at spring-web/src/main/java/org/springframework/web/util/pattern/CaptureSegmentsPathElement.java:83}","-48","-80"
"d3c1e678c20337b800a08847c3f334fcdce73d70","INTERNAL_MOVE","{Method singleCharWildcardPatterns() at spring-web/src/test/java/org/springframework/web/util/pattern/PathPatternParserTests.java:54}","{Method singleCharWildcardPatterns() at spring-web/src/test/java/org/springframework/web/util/pattern/PathPatternParserTests.java:63}","-51","-59"
"d3c1e678c20337b800a08847c3f334fcdce73d70","INTERNAL_MOVE","{Method checkError(String, PatternMessage, String...) at spring-web/src/test/java/org/springframework/web/util/pattern/PathPatternParserTests.java:453}","{Method checkError(String, PatternMessage, String...) at spring-web/src/test/java/org/springframework/web/util/pattern/PathPatternParserTests.java:301}","-450","-297"
"d3c1e678c20337b800a08847c3f334fcdce73d70","RENAME","{Method extractPathWithinPattern_spr15259() at spring-web/src/test/java/org/springframework/web/util/pattern/PathPatternTests.java:708}","{Method extractPathWithinPatternWildards() at spring-web/src/test/java/org/springframework/web/util/pattern/PathPatternTests.java:543}","-705","-540"
"d3c1e678c20337b800a08847c3f334fcdce73d70","INTERNAL_MOVE","{Method constrainedMatches() at spring-web/src/test/java/org/springframework/web/util/pattern/PathPatternTests.java:508}","{Method constrainedMatches() at spring-web/src/test/java/org/springframework/web/util/pattern/PathPatternTests.java:260}","-505","-256"
"d3c1e678c20337b800a08847c3f334fcdce73d70","RENAME","{Method pathRemainderBasicCases_spr15336() at spring-web/src/test/java/org/springframework/web/util/pattern/PathPatternTests.java:307}","{Method pathRemainderBasicCases() at spring-web/src/test/java/org/springframework/web/util/pattern/PathPatternTests.java:357}","-304","-354"
"d3c1e678c20337b800a08847c3f334fcdce73d70","INTERNAL_MOVE","{Method encodingAndBoundVariablesCapturePathElement() at spring-web/src/test/java/org/springframework/web/util/pattern/PathPatternTests.java:328}","{Method encodingAndBoundVariablesCapturePathElement() at spring-web/src/test/java/org/springframework/web/util/pattern/PathPatternTests.java:299}","-325","-295"
"d3c1e678c20337b800a08847c3f334fcdce73d70","RENAME","{Method pathRemainingEnhancements_spr15419() at spring-web/src/test/java/org/springframework/web/util/pattern/PathPatternTests.java:590}","{Method pathRemainingEnhancements() at spring-web/src/test/java/org/springframework/web/util/pattern/PathPatternTests.java:425}","-587","-422"
"d3c1e678c20337b800a08847c3f334fcdce73d70","INTERNAL_MOVE","{Method illegalCapturePatterns() at spring-web/src/test/java/org/springframework/web/util/pattern/PathPatternParserTests.java:230}","{Method illegalCapturePatterns() at spring-web/src/test/java/org/springframework/web/util/pattern/PathPatternParserTests.java:246}","-227","-242"
"d3c1e678c20337b800a08847c3f334fcdce73d70","INTERNAL_MOVE","{Method badPatterns() at spring-web/src/test/java/org/springframework/web/util/pattern/PathPatternParserTests.java:258}","{Method badPatterns() at spring-web/src/test/java/org/springframework/web/util/pattern/PathPatternParserTests.java:278}","-255","-274"
"d3c1e678c20337b800a08847c3f334fcdce73d70","INTERNAL_MOVE_RENAME","{Method basicPatterns() at spring-web/src/test/java/org/springframework/web/util/pattern/PathPatternParserTests.java:44}","{Method literalPatterns() at spring-web/src/test/java/org/springframework/web/util/pattern/PathPatternParserTests.java:53}","-41","-49"
"d3c1e678c20337b800a08847c3f334fcdce73d70","RENAME","{Method pathRemainingCornerCases_spr15336() at spring-web/src/test/java/org/springframework/web/util/pattern/PathPatternTests.java:361}","{Method pathRemainingCornerCases() at spring-web/src/test/java/org/springframework/web/util/pattern/PathPatternTests.java:378}","-358","-375"
"d3c1e678c20337b800a08847c3f334fcdce73d70","INTERNAL_MOVE","{Method assertPathElements(PathPattern, Class...) at spring-web/src/test/java/org/springframework/web/util/pattern/PathPatternParserTests.java:476}","{Method assertPathElements(PathPattern, Class...) at spring-web/src/test/java/org/springframework/web/util/pattern/PathPatternParserTests.java:203}","-473","-199"
"d3c1e678c20337b800a08847c3f334fcdce73d70","CHANGE_SIGNATURE","{Method pathToString(int, List) at spring-web/src/main/java/org/springframework/web/util/pattern/CaptureTheRestPathElement.java:85}","{Method pathToString(int, int, List) at spring-web/src/main/java/org/springframework/web/util/pattern/CaptureSegmentsPathElement.java:104}","-82","-101"
"d3c1e678c20337b800a08847c3f334fcdce73d70","RENAME","{Method peekDoubleWildcard() at spring-web/src/main/java/org/springframework/web/util/pattern/InternalPathPatternParser.java:241}","{Method isDoubleWildcard(char) at spring-web/src/main/java/org/springframework/web/util/pattern/InternalPathPatternParser.java:238}","-238","-235"
"d3c1e678c20337b800a08847c3f334fcdce73d70","INTERNAL_MOVE","{Method completeCapturingPatterns() at spring-web/src/test/java/org/springframework/web/util/pattern/PathPatternParserTests.java:185}","{Method completeCapturingPatterns() at spring-web/src/test/java/org/springframework/web/util/pattern/PathPatternParserTests.java:106}","-182","-102"
"d3c1e678c20337b800a08847c3f334fcdce73d70","INTERNAL_MOVE","{Method partialCapturingPatterns() at spring-web/src/test/java/org/springframework/web/util/pattern/PathPatternParserTests.java:217}","{Method partialCapturingPatterns() at spring-web/src/test/java/org/springframework/web/util/pattern/PathPatternParserTests.java:93}","-214","-89"
"d3c1e678c20337b800a08847c3f334fcdce73d70","INTERNAL_MOVE_RENAME","{Method matching_LiteralPathElement() at spring-web/src/test/java/org/springframework/web/util/pattern/PathPatternTests.java:65}","{Method literalPathElements() at spring-web/src/test/java/org/springframework/web/util/pattern/PathPatternTests.java:61}","-62","-57"
"d3c1e678c20337b800a08847c3f334fcdce73d70","INTERNAL_MOVE","{Method antPathMatcherTests() at spring-web/src/test/java/org/springframework/web/util/pattern/PathPatternTests.java:522}","{Method antPathMatcherTests() at spring-web/src/test/java/org/springframework/web/util/pattern/PathPatternTests.java:188}","-519","-184"
"d3c1e678c20337b800a08847c3f334fcdce73d70","INTERNAL_MOVE","{Method questionMarks() at spring-web/src/test/java/org/springframework/web/util/pattern/PathPatternTests.java:403}","{Method questionMarks() at spring-web/src/test/java/org/springframework/web/util/pattern/PathPatternTests.java:76}","-400","-72"
"d3c1e678c20337b800a08847c3f334fcdce73d70","INTERNAL_MOVE","{Method checkError(String, int, PatternMessage, String...) at spring-web/src/test/java/org/springframework/web/util/pattern/PathPatternParserTests.java:460}","{Method checkError(String, int, PatternMessage, String...) at spring-web/src/test/java/org/springframework/web/util/pattern/PathPatternParserTests.java:308}","-457","-304"
"d3c1e678c20337b800a08847c3f334fcdce73d70","INTERNAL_MOVE","{Method multipleSelectorsInPath() at spring-web/src/test/java/org/springframework/web/util/pattern/PathPatternTests.java:456}","{Method multipleSelectorsInPath() at spring-web/src/test/java/org/springframework/web/util/pattern/PathPatternTests.java:109}","-453","-105"
"d3c1e678c20337b800a08847c3f334fcdce73d70","INTERNAL_MOVE","{Method checkStructure(String) at spring-web/src/test/java/org/springframework/web/util/pattern/PathPatternParserTests.java:442}","{Method checkStructure(String) at spring-web/src/test/java/org/springframework/web/util/pattern/PathPatternParserTests.java:196}","-439","-192"
"d3c1e678c20337b800a08847c3f334fcdce73d70","INTERNAL_MOVE","{Method multipleSeparatorsInPattern() at spring-web/src/test/java/org/springframework/web/util/pattern/PathPatternTests.java:440}","{Method multipleSeparatorsInPattern() at spring-web/src/test/java/org/springframework/web/util/pattern/PathPatternTests.java:93}","-437","-89"
"d3c1e678c20337b800a08847c3f334fcdce73d70","INTERNAL_MOVE","{Method captureTheRestWithinPatternNotSupported() at spring-web/src/test/java/org/springframework/web/util/pattern/PathPatternParserTests.java:417}","{Method captureTheRestWithinPatternNotSupported() at spring-web/src/test/java/org/springframework/web/util/pattern/PathPatternParserTests.java:288}","-414","-284"
"d3c1e678c20337b800a08847c3f334fcdce73d70","INTERNAL_MOVE","{Method encodingAndBoundVariablesRegexPathElement() at spring-web/src/test/java/org/springframework/web/util/pattern/PathPatternTests.java:350}","{Method encodingAndBoundVariablesRegexPathElement() at spring-web/src/test/java/org/springframework/web/util/pattern/PathPatternTests.java:321}","-347","-317"
"d3c1e678c20337b800a08847c3f334fcdce73d70","RENAME","{Class CaptureTheRestPathElement at spring-web/src/main/java/org/springframework/web/util/pattern/CaptureTheRestPathElement.java:34}","{Class CaptureSegmentsPathElement at spring-web/src/main/java/org/springframework/web/util/pattern/CaptureSegmentsPathElement.java:41}","-32","-39"
"d3c1e678c20337b800a08847c3f334fcdce73d70","RENAME","{Class WildcardTheRestPathElement at spring-web/src/main/java/org/springframework/web/util/pattern/WildcardTheRestPathElement.java:26}","{Class WildcardSegmentsPathElement at spring-web/src/main/java/org/springframework/web/util/pattern/WildcardSegmentsPathElement.java:33}","-24","-31"
"d3c1e678c20337b800a08847c3f334fcdce73d70","INTERNAL_MOVE","{Method wildcards() at spring-web/src/test/java/org/springframework/web/util/pattern/PathPatternTests.java:478}","{Method wildcards() at spring-web/src/test/java/org/springframework/web/util/pattern/PathPatternTests.java:147}","-475","-143"
"d3c1e678c20337b800a08847c3f334fcdce73d70","INTERNAL_MOVE","{Method basicMatching() at spring-web/src/test/java/org/springframework/web/util/pattern/PathPatternTests.java:80}","{Method basicMatching() at spring-web/src/test/java/org/springframework/web/util/pattern/PathPatternTests.java:48}","-77","-44"
"d3c1e678c20337b800a08847c3f334fcdce73d70","INTERNAL_MOVE","{Method encodingAndBoundVariablesCaptureTheRestPathElement() at spring-web/src/test/java/org/springframework/web/util/pattern/PathPatternTests.java:340}","{Method encodingAndBoundVariablesCaptureTheRestPathElement() at spring-web/src/test/java/org/springframework/web/util/pattern/PathPatternTests.java:311}","-337","-307"
"dce7518be3e64080de2143fb4ed0e8520b0e51f1"
"914f83f4a64607bc6bbd78e53e6ba92d1148e836"
"e937d8ee8ae86811d94e7c2111bb63abc6b09e8d"
"82c34f7b512e8bbf73e7dbc58fafeb60229d387c","EXTRACT","{Method isAutowirableConstructor(Constructor, Class, PropertyProvider) at spring-test/src/main/java/org/springframework/test/context/support/TestConstructorUtils.java:158}","{Method isAutowirableConstructorInternal(Constructor, Class, PropertyProvider) at spring-test/src/main/java/org/springframework/test/context/support/TestConstructorUtils.java:214}","-155","-211"
"cb0f26a1522aa2658eb048149c6bbfb7fe235ce3","RENAME","{Class MockitoBeanForByTypeLookupIntegrationTests at spring-test/src/test/java/org/springframework/test/context/bean/override/mockito/MockitoBeanForByTypeLookupIntegrationTests.java:49}","{Class MockitoBeanByTypeLookupIntegrationTests at spring-test/src/test/java/org/springframework/test/context/bean/override/mockito/MockitoBeanByTypeLookupIntegrationTests.java:49}","-47","-47"
"cb0f26a1522aa2658eb048149c6bbfb7fe235ce3","RENAME","{Class MockitoSpyBeanForByTypeLookupIntegrationTests at spring-test/src/test/java/org/springframework/test/context/bean/override/mockito/MockitoSpyBeanForByTypeLookupIntegrationTests.java:44}","{Class MockitoSpyBeanByTypeLookupIntegrationTests at spring-test/src/test/java/org/springframework/test/context/bean/override/mockito/MockitoSpyBeanByTypeLookupIntegrationTests.java:44}","-42","-42"
"cb0f26a1522aa2658eb048149c6bbfb7fe235ce3","RENAME","{Class TestBeanForByNameLookupIntegrationTests at spring-test/src/test/java/org/springframework/test/context/bean/override/convention/TestBeanForByNameLookupIntegrationTests.java:37}","{Class TestBeanByNameLookupIntegrationTests at spring-test/src/test/java/org/springframework/test/context/bean/override/convention/TestBeanByNameLookupIntegrationTests.java:37}","-35","-35"
"cb0f26a1522aa2658eb048149c6bbfb7fe235ce3","RENAME","{Class MockitoSpyBeanForByNameLookupIntegrationTests at spring-test/src/test/java/org/springframework/test/context/bean/override/mockito/MockitoSpyBeanForByNameLookupIntegrationTests.java:43}","{Class MockitoSpyBeanByNameLookupIntegrationTests at spring-test/src/test/java/org/springframework/test/context/bean/override/mockito/MockitoSpyBeanByNameLookupIntegrationTests.java:43}","-41","-41"
"cb0f26a1522aa2658eb048149c6bbfb7fe235ce3","RENAME","{Class TestBeanForByTypeLookupIntegrationTests at spring-test/src/test/java/org/springframework/test/context/bean/override/convention/TestBeanForByTypeLookupIntegrationTests.java:39}","{Class TestBeanByTypeLookupIntegrationTests at spring-test/src/test/java/org/springframework/test/context/bean/override/convention/TestBeanByTypeLookupIntegrationTests.java:39}","-37","-37"
"cb0f26a1522aa2658eb048149c6bbfb7fe235ce3","RENAME","{Class MockitoBeanForByNameLookupIntegrationTests at spring-test/src/test/java/org/springframework/test/context/bean/override/mockito/MockitoBeanForByNameLookupIntegrationTests.java:42}","{Class MockitoBeanByNameLookupIntegrationTests at spring-test/src/test/java/org/springframework/test/context/bean/override/mockito/MockitoBeanByNameLookupIntegrationTests.java:42}","-40","-40"
"bccfbfd63082ffb693c34d920bebad914835ba3c"
"506b76032f7296c101f83b36fa7268fb33bd5954"
"3bedf42fbc17033c92bd48efb5800451190cb4e5"
"79795c8e092e74102d45a8455d4948aa77ee7608"
"83edf6a4aa99a8074da05fb866c6e96c1443e361"
"7adcd99ea217d117badb09e34980692e6b2e70c4"
"aa625f0ba9d21a2c9792413057b5525d5c650fef"
"7ca2a5dec5f889d50ceca09fc93955d3f326daac"
"29d4a91903d6b13579f43cd68a74d9ed8c24584f"
"5fd3c9c449e3eea72baff29b9c85413f4b72d9ad","CHANGE_SIGNATURE","{Method new(Map, ConfigurableListableBeanFactory) at spring-context/src/main/java/org/springframework/context/annotation/ConfigurationClassPostProcessor.java:866}","{Method new(MultiValueMap, ConfigurableListableBeanFactory) at spring-context/src/main/java/org/springframework/context/annotation/ConfigurationClassPostProcessor.java:866}","-862","-862"
"5fd3c9c449e3eea72baff29b9c85413f4b72d9ad","CHANGE_SIGNATURE","{Method loadBeanDefinitionsFromBeanRegistrars(Map) at spring-context/src/main/java/org/springframework/context/annotation/ConfigurationClassBeanDefinitionReader.java:424}","{Method loadBeanDefinitionsFromBeanRegistrars(MultiValueMap) at spring-context/src/main/java/org/springframework/context/annotation/ConfigurationClassBeanDefinitionReader.java:425}","-421","-422"
"b65390828ee2dba1d4e738de7072ed72ef7a2464"
"cab46c74d5f64ad8341f560c251a468293e6fd01"
"baaddae38e9fc7800fe8901f15f46b81355ab4fa"
"6d824586bb04a31f75407f9f325c01f6de085c36"
"8a6576eace8f5d6a5cea84ee277003951c975703"
"5accc212235b8424c58757b741f9f20db7df95a4","CHANGE_SIGNATURE","{Method new(HttpResponse, InputStream) at spring-web/src/main/java/org/springframework/http/client/JdkClientHttpResponse.java:53}","{Method new(HttpResponse, Consumer, InputStream) at spring-web/src/main/java/org/springframework/http/client/JdkClientHttpResponse.java:50}","-50","-47"
"b85993c7cb524391b52e4910281489f64f30f546","RENAME","{Method acceptsPersistenceConfiguration() at spring-orm/src/test/java/org/springframework/orm/jpa/LocalContainerEntityManagerFactoryBeanTests.java:255}","{Method acceptsStandardPersistenceConfiguration() at spring-orm/src/test/java/org/springframework/orm/jpa/LocalContainerEntityManagerFactoryBeanTests.java:258}","-252","-255"
"228662ad9f24514975bf2c88db541f6dffa35cb4"
"c063249bd4dd2ccf3cff5301fc25c48f57ccb37d"
"765e30c3a6dd5c79b2dadc875613c309624fce9f","RENAME","{Method tearDown() at spring-orm/src/test/java/org/springframework/orm/jpa/AbstractEntityManagerFactoryBeanTests.java:47}","{Method cleanup() at spring-orm/src/test/java/org/springframework/orm/jpa/AbstractEntityManagerFactoryBeanTests.java:48}","-44","-45"
"765e30c3a6dd5c79b2dadc875613c309624fce9f","RENAME","{Method setUp() at spring-orm/src/test/java/org/springframework/orm/jpa/AbstractEntityManagerFactoryBeanTests.java:42}","{Method setup() at spring-orm/src/test/java/org/springframework/orm/jpa/AbstractEntityManagerFactoryBeanTests.java:43}","-39","-40"
"beb224e3f944ead08587e0a7baf594a2358413d5","RENAME","{Method testApplicationManagedEntityManagerWithoutTransaction() at spring-orm/src/test/java/org/springframework/orm/jpa/LocalContainerEntityManagerFactoryBeanTests.java:102}","{Method applicationManagedEntityManagerWithoutTransaction() at spring-orm/src/test/java/org/springframework/orm/jpa/LocalContainerEntityManagerFactoryBeanTests.java:97}","-99","-94"
"beb224e3f944ead08587e0a7baf594a2358413d5","RENAME","{Method testInvalidPersistenceUnitName() at spring-orm/src/test/java/org/springframework/orm/jpa/LocalContainerEntityManagerFactoryBeanTests.java:251}","{Method invalidPersistenceUnitName() at spring-orm/src/test/java/org/springframework/orm/jpa/LocalContainerEntityManagerFactoryBeanTests.java:238}","-248","-235"
"beb224e3f944ead08587e0a7baf594a2358413d5","RENAME","{Method testExceptionTranslationWithNoDialect() at spring-orm/src/test/java/org/springframework/orm/jpa/LocalContainerEntityManagerFactoryBeanTests.java:71}","{Method exceptionTranslationWithNoDialect() at spring-orm/src/test/java/org/springframework/orm/jpa/LocalContainerEntityManagerFactoryBeanTests.java:66}","-68","-63"
"beb224e3f944ead08587e0a7baf594a2358413d5","MOVE_RENAME","{Method applyManagedTypes(SpringPersistenceUnitInfo, PersistenceManagedTypes) at spring-orm/src/main/java/org/springframework/orm/jpa/persistenceunit/DefaultPersistenceUnitManager.java:565}","{Method apply(PersistenceManagedTypes) at spring-orm/src/main/java/org/springframework/orm/jpa/persistenceunit/SpringPersistenceUnitInfo.java:168}","-562","-165"
"beb224e3f944ead08587e0a7baf594a2358413d5","RENAME","{Method tearDown() at spring-orm/src/test/java/org/springframework/orm/jpa/AbstractEntityManagerFactoryBeanTests.java:47}","{Method cleanup() at spring-orm/src/test/java/org/springframework/orm/jpa/AbstractEntityManagerFactoryBeanTests.java:48}","-44","-45"
"beb224e3f944ead08587e0a7baf594a2358413d5","RENAME","{Method testEntityManagerFactoryIsProxied() at spring-orm/src/test/java/org/springframework/orm/jpa/LocalContainerEntityManagerFactoryBeanTests.java:85}","{Method entityManagerFactoryIsProxied() at spring-orm/src/test/java/org/springframework/orm/jpa/LocalContainerEntityManagerFactoryBeanTests.java:80}","-82","-77"
"beb224e3f944ead08587e0a7baf594a2358413d5","PUSH_DOWN","{Method addQualifierAnnotationName(String) at spring-orm/src/main/java/org/springframework/orm/jpa/persistenceunit/MutablePersistenceUnitInfo.java:120}","{Method addQualifierAnnotationName(String) at spring-orm/src/main/java/org/springframework/orm/jpa/persistenceunit/SpringPersistenceUnitInfo.java:153}","-117","-150"
"beb224e3f944ead08587e0a7baf594a2358413d5","PUSH_DOWN","{Method setScopeAnnotationName(String) at spring-orm/src/main/java/org/springframework/orm/jpa/persistenceunit/MutablePersistenceUnitInfo.java:112}","{Method setScopeAnnotationName(String) at spring-orm/src/main/java/org/springframework/orm/jpa/persistenceunit/SpringPersistenceUnitInfo.java:145}","-109","-142"
"beb224e3f944ead08587e0a7baf594a2358413d5","RENAME","{Method testApplicationManagedEntityManagerWithJtaTransaction() at spring-orm/src/test/java/org/springframework/orm/jpa/LocalContainerEntityManagerFactoryBeanTests.java:205}","{Method applicationManagedEntityManagerWithJtaTransaction() at spring-orm/src/test/java/org/springframework/orm/jpa/LocalContainerEntityManagerFactoryBeanTests.java:200}","-202","-197"
"beb224e3f944ead08587e0a7baf594a2358413d5","RENAME","{Method testRejectsMissingPersistenceUnitInfo() at spring-orm/src/test/java/org/springframework/orm/jpa/LocalContainerEntityManagerFactoryBeanTests.java:290}","{Method rejectsMissingPersistenceUnitInfo() at spring-orm/src/test/java/org/springframework/orm/jpa/LocalContainerEntityManagerFactoryBeanTests.java:244}","-287","-241"
"beb224e3f944ead08587e0a7baf594a2358413d5","PUSH_DOWN","{Method getQualifierAnnotationNames() at spring-orm/src/main/java/org/springframework/orm/jpa/persistenceunit/MutablePersistenceUnitInfo.java:124}","{Method getQualifierAnnotationNames() at spring-orm/src/main/java/org/springframework/orm/jpa/persistenceunit/SpringPersistenceUnitInfo.java:157}","-121","-154"
"beb224e3f944ead08587e0a7baf594a2358413d5","RENAME","{Method testApplicationManagedEntityManagerWithTransaction() at spring-orm/src/test/java/org/springframework/orm/jpa/LocalContainerEntityManagerFactoryBeanTests.java:122}","{Method applicationManagedEntityManagerWithTransaction() at spring-orm/src/test/java/org/springframework/orm/jpa/LocalContainerEntityManagerFactoryBeanTests.java:117}","-119","-114"
"beb224e3f944ead08587e0a7baf594a2358413d5","RENAME","{Method testApplicationManagedEntityManagerWithTransactionAndCommitException() at spring-orm/src/test/java/org/springframework/orm/jpa/LocalContainerEntityManagerFactoryBeanTests.java:163}","{Method applicationManagedEntityManagerWithTransactionAndCommitException() at spring-orm/src/test/java/org/springframework/orm/jpa/LocalContainerEntityManagerFactoryBeanTests.java:158}","-160","-155"
"beb224e3f944ead08587e0a7baf594a2358413d5","PUSH_DOWN","{Method getScopeAnnotationName() at spring-orm/src/main/java/org/springframework/orm/jpa/persistenceunit/MutablePersistenceUnitInfo.java:116}","{Method getScopeAnnotationName() at spring-orm/src/main/java/org/springframework/orm/jpa/persistenceunit/SpringPersistenceUnitInfo.java:149}","-113","-146"
"cfb268f6de8e71549a8b17799c27084ed877abda"
"0fbebd856fd0b9d6b5e7d332f6a8556cf2a57e6a"
"948367092ca10baf3edfce9c8319dcbee18cbb2e"
"687bc7652d79223023218b6733f5af7dd8a082ff"
"d7fc07e73c7811d9965e94ae0bd7e4fd004beac0"
"44de925c5e313c38032d872483ba1b9e51d75b9f"
"22ecab5aab80eb09a3e099264fb4bece8f860558"
"18a879779efeba6f7b99a1c6055d9a1fdbb82d43"
"1c64f867c805da3e7a71a1cf5c35ec2553c7111a"
"c53132ecdf8a01ad7a4523501d5dae2288fa8d0f"
"03c3ec15774c4de714129222b9b7732b57d96225"
"b46c41bb3ae18dbb64388f9bc6e00e21733f5098","CHANGE_SIGNATURE","{Method beanProvider(ResolvableType) at spring-beans/src/main/java/org/springframework/beans/factory/BeanRegistry.java:236}","{Method beanProvider(ParameterizedTypeReference) at spring-beans/src/main/java/org/springframework/beans/factory/BeanRegistry.java:278}","-232","-274"
"b46c41bb3ae18dbb64388f9bc6e00e21733f5098","CHANGE_SIGNATURE","{Method beanProvider(ResolvableType) at spring-beans/src/main/java/org/springframework/beans/factory/support/BeanRegistryAdapter.java:279}","{Method beanProvider(ParameterizedTypeReference) at spring-beans/src/main/java/org/springframework/beans/factory/support/BeanRegistryAdapter.java:319}","-275","-315"
"b46c41bb3ae18dbb64388f9bc6e00e21733f5098","RENAME","{Method customTargetTypeFromResolvableType() at spring-beans/src/test/java/org/springframework/beans/factory/support/BeanRegistryAdapterTests.java:208}","{Method genericType() at spring-beans/src/test/java/org/springframework/beans/factory/support/BeanRegistryAdapterTests.java:207}","-205","-204"
"e6481a011bb770773405db6f3a93fd07fb738dd7"
"2e4ca413829f279f7ce3aa637582cb8b97b9b3ca"
"6503f354047d9252b85b41e35cb09935e126ca4e"
"d23757cc1fa38355641a7868c683802fb719371c"
"7dc78a4318dd421d63d3edba6580fbc3d5b01b33","RENAME","{Class DoubleAnnotatedBean at spring-context/src/test/java/org/springframework/resilience/RetryInterceptorTests.java:395}","{Class ConcurrencyLimitAnnotatedBean at spring-context/src/test/java/org/springframework/resilience/RetryInterceptorTests.java:414}","-392","-411"
"c88bfc54c9256e3c07511aa303be2b136c03e0e2"
"3607f982402eb0fe271fad3436a775d0fd1fee38"
"649bd3ee2dec74177c4973136e04e784d5be44ae"
"a96558c965d1a12bf92a816b83228b3597783cf1"
"8ec9ab66986e466cd0e27a4c6abfa2c6c81a0faf"
"1612b7c5dbe53189ed64274571d7c68b61dc4d98","RENAME","{Method testEmptyCollectionArgumentOnBeanMethod() at spring-context/src/test/java/org/springframework/context/annotation/ConfigurationClassPostProcessorTests.java:1125}","{Method emptyCollectionArgumentOnBeanMethod() at spring-context/src/test/java/org/springframework/context/annotation/ConfigurationClassPostProcessorTests.java:1125}","-1122","-1122"
"1612b7c5dbe53189ed64274571d7c68b61dc4d98","RENAME","{Method testSelfReferenceExclusionForFactoryMethodOnSameBean() at spring-context/src/test/java/org/springframework/context/annotation/ConfigurationClassPostProcessorTests.java:993}","{Method selfReferenceExclusionForFactoryMethodOnSameBean() at spring-context/src/test/java/org/springframework/context/annotation/ConfigurationClassPostProcessorTests.java:993}","-990","-990"
"1612b7c5dbe53189ed64274571d7c68b61dc4d98","RENAME","{Method testBeanDefinitionRegistryPostProcessorConfig() at spring-context/src/test/java/org/springframework/context/annotation/ConfigurationClassPostProcessorTests.java:1181}","{Method beanDefinitionRegistryPostProcessorConfig() at spring-context/src/test/java/org/springframework/context/annotation/ConfigurationClassPostProcessorTests.java:1181}","-1178","-1178"
"1612b7c5dbe53189ed64274571d7c68b61dc4d98","RENAME","{Method testCircularDependencyWithApplicationContext() at spring-context/src/test/java/org/springframework/context/annotation/ConfigurationClassPostProcessorTests.java:1063}","{Method circularDependencyWithApplicationContext() at spring-context/src/test/java/org/springframework/context/annotation/ConfigurationClassPostProcessorTests.java:1063}","-1060","-1060"
"1612b7c5dbe53189ed64274571d7c68b61dc4d98","RENAME","{Method testConfigWithDefaultMethodsUsingAsm() at spring-context/src/test/java/org/springframework/context/annotation/ConfigurationClassPostProcessorTests.java:1021}","{Method configWithDefaultMethodsUsingAsm() at spring-context/src/test/java/org/springframework/context/annotation/ConfigurationClassPostProcessorTests.java:1021}","-1018","-1018"
"1612b7c5dbe53189ed64274571d7c68b61dc4d98","RENAME","{Method testCollectionArgumentOnBeanMethod() at spring-context/src/test/java/org/springframework/context/annotation/ConfigurationClassPostProcessorTests.java:1117}","{Method collectionArgumentOnBeanMethod() at spring-context/src/test/java/org/springframework/context/annotation/ConfigurationClassPostProcessorTests.java:1117}","-1114","-1114"
"1612b7c5dbe53189ed64274571d7c68b61dc4d98","RENAME","{Method testPrototypeArgumentThroughBeanMethodCall() at spring-context/src/test/java/org/springframework/context/annotation/ConfigurationClassPostProcessorTests.java:1070}","{Method prototypeArgumentThroughBeanMethodCall() at spring-context/src/test/java/org/springframework/context/annotation/ConfigurationClassPostProcessorTests.java:1070}","-1067","-1067"
"1612b7c5dbe53189ed64274571d7c68b61dc4d98","RENAME","{Method testBeanLookupFromSameConfigurationClass() at spring-context/src/test/java/org/springframework/context/annotation/ConfigurationClassPostProcessorTests.java:1165}","{Method beanLookupFromSameConfigurationClass() at spring-context/src/test/java/org/springframework/context/annotation/ConfigurationClassPostProcessorTests.java:1165}","-1162","-1162"
"1612b7c5dbe53189ed64274571d7c68b61dc4d98","RENAME","{Method testEmptyVarargOnBeanMethod() at spring-context/src/test/java/org/springframework/context/annotation/ConfigurationClassPostProcessorTests.java:1108}","{Method emptyVarargOnBeanMethod() at spring-context/src/test/java/org/springframework/context/annotation/ConfigurationClassPostProcessorTests.java:1108}","-1105","-1105"
"1612b7c5dbe53189ed64274571d7c68b61dc4d98","RENAME","{Method testNameClashBetweenConfigurationClassAndBean() at spring-context/src/test/java/org/springframework/context/annotation/ConfigurationClassPostProcessorTests.java:1172}","{Method nameClashBetweenConfigurationClassAndBean() at spring-context/src/test/java/org/springframework/context/annotation/ConfigurationClassPostProcessorTests.java:1172}","-1169","-1169"
"1612b7c5dbe53189ed64274571d7c68b61dc4d98","RENAME","{Method testVarargOnBeanMethod() at spring-context/src/test/java/org/springframework/context/annotation/ConfigurationClassPostProcessorTests.java:1098}","{Method varargOnBeanMethod() at spring-context/src/test/java/org/springframework/context/annotation/ConfigurationClassPostProcessorTests.java:1098}","-1095","-1095"
"1612b7c5dbe53189ed64274571d7c68b61dc4d98","RENAME","{Method testMapArgumentOnBeanMethod() at spring-context/src/test/java/org/springframework/context/annotation/ConfigurationClassPostProcessorTests.java:1133}","{Method mapArgumentOnBeanMethod() at spring-context/src/test/java/org/springframework/context/annotation/ConfigurationClassPostProcessorTests.java:1133}","-1130","-1130"
"1612b7c5dbe53189ed64274571d7c68b61dc4d98","RENAME","{Method testInjectionPointMatchForNarrowTargetReturnType() at spring-context/src/test/java/org/springframework/context/annotation/ConfigurationClassPostProcessorTests.java:1091}","{Method injectionPointMatchForNarrowTargetReturnType() at spring-context/src/test/java/org/springframework/context/annotation/ConfigurationClassPostProcessorTests.java:1091}","-1088","-1088"
"1612b7c5dbe53189ed64274571d7c68b61dc4d98","RENAME","{Method testSingletonArgumentThroughBeanMethodCall() at spring-context/src/test/java/org/springframework/context/annotation/ConfigurationClassPostProcessorTests.java:1077}","{Method singletonArgumentThroughBeanMethodCall() at spring-context/src/test/java/org/springframework/context/annotation/ConfigurationClassPostProcessorTests.java:1077}","-1074","-1074"
"1612b7c5dbe53189ed64274571d7c68b61dc4d98","RENAME","{Method testCollectionInjectionFromSameConfigurationClass() at spring-context/src/test/java/org/springframework/context/annotation/ConfigurationClassPostProcessorTests.java:1149}","{Method collectionInjectionFromSameConfigurationClass() at spring-context/src/test/java/org/springframework/context/annotation/ConfigurationClassPostProcessorTests.java:1149}","-1146","-1146"
"1612b7c5dbe53189ed64274571d7c68b61dc4d98","RENAME","{Method testConfigWithDefaultMethods() at spring-context/src/test/java/org/springframework/context/annotation/ConfigurationClassPostProcessorTests.java:1007}","{Method configWithDefaultMethods() at spring-context/src/test/java/org/springframework/context/annotation/ConfigurationClassPostProcessorTests.java:1007}","-1004","-1004"
"1612b7c5dbe53189ed64274571d7c68b61dc4d98","RENAME","{Method testConfigWithFailingInit() at spring-context/src/test/java/org/springframework/context/annotation/ConfigurationClassPostProcessorTests.java:1035}","{Method configWithFailingInit() at spring-context/src/test/java/org/springframework/context/annotation/ConfigurationClassPostProcessorTests.java:1035}","-1032","-1032"
"1612b7c5dbe53189ed64274571d7c68b61dc4d98","RENAME","{Method testMapInjectionFromSameConfigurationClass() at spring-context/src/test/java/org/springframework/context/annotation/ConfigurationClassPostProcessorTests.java:1157}","{Method mapInjectionFromSameConfigurationClass() at spring-context/src/test/java/org/springframework/context/annotation/ConfigurationClassPostProcessorTests.java:1157}","-1154","-1154"
"1612b7c5dbe53189ed64274571d7c68b61dc4d98","RENAME","{Method testEmptyMapArgumentOnBeanMethod() at spring-context/src/test/java/org/springframework/context/annotation/ConfigurationClassPostProcessorTests.java:1141}","{Method emptyMapArgumentOnBeanMethod() at spring-context/src/test/java/org/springframework/context/annotation/ConfigurationClassPostProcessorTests.java:1141}","-1138","-1138"
"1612b7c5dbe53189ed64274571d7c68b61dc4d98","RENAME","{Method testNullArgumentThroughBeanMethodCall() at spring-context/src/test/java/org/springframework/context/annotation/ConfigurationClassPostProcessorTests.java:1084}","{Method nullArgumentThroughBeanMethodCall() at spring-context/src/test/java/org/springframework/context/annotation/ConfigurationClassPostProcessorTests.java:1084}","-1081","-1081"
"1612b7c5dbe53189ed64274571d7c68b61dc4d98","RENAME","{Method testCircularDependency() at spring-context/src/test/java/org/springframework/context/annotation/ConfigurationClassPostProcessorTests.java:1049}","{Method circularDependency() at spring-context/src/test/java/org/springframework/context/annotation/ConfigurationClassPostProcessorTests.java:1049}","-1046","-1046"
"01acb805018da643a3c4320ff0e032aa998beda8"
"04ae53d6bb5a2d7cc2803120458c0cb762c02a7d"
"22cb819a1438a500609c58a2de42e5a4ce6f6c63"
"f4438ce9e3c0f3c5c2d89a5c8ebf251849943355"
"5033b9d3c5ab88dc33c0d35b096ccb58a5cc59d1"
"d733023a2978a4725c6686645ad2dc05e640266f","RENAME","{Method createScopedProxyTargetOvertakesBeanAttributesToProxyBeanDefinition() at spring-aop/src/test/java/org/springframework/aop/scope/ScopedProxyUtilsTests.java:97}","{Method createScopedProxyTargetAppliesBeanAttributesToProxyBeanDefinition() at spring-aop/src/test/java/org/springframework/aop/scope/ScopedProxyUtilsTests.java:97}","-94","-94"
"d733023a2978a4725c6686645ad2dc05e640266f","RENAME","{Method createScopedProxyTargetOvertakesAutowireSettingsToProxyBeanDefinition() at spring-aop/src/test/java/org/springframework/aop/scope/ScopedProxyUtilsTests.java:77}","{Method createScopedProxyTargetAppliesAutowireSettingsToProxyBeanDefinition() at spring-aop/src/test/java/org/springframework/aop/scope/ScopedProxyUtilsTests.java:77}","-74","-74"
"df67c1cf2d4d477e78d8711c9a875608acf9d5e9"
"05814f7a421508ad4c600780a641c3b3aa26f44b"
"ba2bb0858969aebfe6d83090ecfbcb8c10356486"
"141df5291d236a0c787f02a2b55d0f6e3055e716"
"dcfe33f42792259e6ccd4a9679945321f75a7199"
"3b4d6631c87300f40c1a36ed93a895fccf39b650"
"9a2bfeae2ff3c45cc643d86b3f9cd2220dbaa0c8"
"9ed3c034f54325707c56dbca2f1206b3107e2be2"
"001fc8e5852c2ad8eceb309fba74b5a5b4dc0057"
"43c13ca04301a3c2facb8a25f4208ff461573eb9","RENAME","{Method methodWithConfigurableMappingThroughSpEL(String) at spring-webmvc/src/test/java/org/springframework/web/servlet/mvc/method/annotation/MvcUriComponentsBuilderTests.java:723}","{Method methodWithSpEL(String) at spring-webmvc/src/test/java/org/springframework/web/servlet/mvc/method/annotation/MvcUriComponentsBuilderTests.java:721}","-719","-717"
"17cf2ad457b4839702321f805c4fd27008850b0c"
"00190a1111535fd7302a60e4c8d314344a14198a"
"180ea125d24c025b2975ee1b458724d3e44d4d41"
"3a61460f91a31ee75891a28fbbc1fc9261ab4e40"
"1f2948f78cb1b5003a3edfc88c8d2d48f6ed54b3"
"e9015167320e9821cdcfb037cb229c1b790072d4","RENAME","{Class JpaPersistenceUnitInfoInvocationHandler at spring-orm/src/main/java/org/springframework/orm/jpa/persistenceunit/SpringPersistenceUnitInfo.java:118}","{Class SmartPersistenceUnitInfoInvocationHandler at spring-orm/src/main/java/org/springframework/orm/jpa/persistenceunit/SpringPersistenceUnitInfo.java:154}","-115","-151"
"ee284f2ee6f3aec994fdbe31c883b34ef6115d30"
"f9b691cad4d6a943b41c5d23a5538c7d7ff94e3f"
"ec77bb00329b167faa04eda646961b0ddf90b70e"
"2591cab561341ff7c385afc31de7b213afa40c9c"
"8456cd1e74d8670f1620c10a10d9f8b77a0e9458"
"7699b4af9c11737391efde8465ae8cc80632ea87"
"6c5de4805977d058d2a4deb3c47a2479a33e0fd1"
"c2ef11e1fc81b32e32db09633ef0d11853d8413c","RENAME","{Method testJtaTransactionCommitWithPropagationRequiresNewWithinNotSupported() at spring-jdbc/src/test/java/org/springframework/jdbc/datasource/DataSourceJtaTransactionTests.java:333}","{Method jtaTransactionCommitWithPropagationRequiresNewWithinNotSupported() at spring-jdbc/src/test/java/org/springframework/jdbc/datasource/DataSourceJtaTransactionTests.java:335}","-330","-332"
"c2ef11e1fc81b32e32db09633ef0d11853d8413c","INLINE","{Method doInTransactionWithoutResult(TransactionStatus) at spring-tx/src/test/java/org/springframework/transaction/JtaTransactionManagerTests.java:835}","{Method jtaTransactionManagerWithPropagationRequiresNewAndSuspensionNotSupported() at spring-tx/src/test/java/org/springframework/transaction/JtaTransactionManagerTests.java:704}","-829","-701"
"c2ef11e1fc81b32e32db09633ef0d11853d8413c","INTERNAL_MOVE","{Method afterCompletion(int) at spring-tx/src/test/java/org/springframework/transaction/JtaTransactionManagerTests.java:1057}","{Method afterCompletion(int) at spring-tx/src/test/java/org/springframework/transaction/JtaTransactionManagerTests.java:942}","-1049","-935"
"c2ef11e1fc81b32e32db09633ef0d11853d8413c","RENAME","{Method testTransactionWithPropagationSupports() at spring-jdbc/src/test/java/org/springframework/jdbc/datasource/DataSourceTransactionManagerTests.java:1371}","{Method transactionWithPropagationSupports() at spring-jdbc/src/test/java/org/springframework/jdbc/datasource/DataSourceTransactionManagerTests.java:1243}","-1368","-1240"
"c2ef11e1fc81b32e32db09633ef0d11853d8413c","RENAME","{Method testExistingTransactionWithPropagationNestedAndRequiredRollbackOnly() at spring-jdbc/src/test/java/org/springframework/jdbc/datasource/DataSourceTransactionManagerTests.java:1604}","{Method existingTransactionWithPropagationNestedAndRequiredRollbackOnly() at spring-jdbc/src/test/java/org/springframework/jdbc/datasource/DataSourceTransactionManagerTests.java:1446}","-1601","-1443"
"c2ef11e1fc81b32e32db09633ef0d11853d8413c","RENAME","{Method testPropagationRequiresNewWithExistingTransaction() at spring-jdbc/src/test/java/org/springframework/jdbc/datasource/DataSourceTransactionManagerTests.java:571}","{Method propagationRequiresNewWithExistingTransaction() at spring-jdbc/src/test/java/org/springframework/jdbc/datasource/DataSourceTransactionManagerTests.java:527}","-568","-524"
"c2ef11e1fc81b32e32db09633ef0d11853d8413c","RENAME","{Method testTransactionWithExceptionOnBegin() at spring-jdbc/src/test/java/org/springframework/jdbc/datasource/DataSourceTransactionManagerTests.java:1287}","{Method transactionWithExceptionOnBegin() at spring-jdbc/src/test/java/org/springframework/jdbc/datasource/DataSourceTransactionManagerTests.java:1171}","-1284","-1168"
"c2ef11e1fc81b32e32db09633ef0d11853d8413c","RENAME","{Method testJtaTransactionCommitWithPropagationRequiresNewWithinSupports() at spring-jdbc/src/test/java/org/springframework/jdbc/datasource/DataSourceJtaTransactionTests.java:328}","{Method jtaTransactionCommitWithPropagationRequiresNewWithinSupports() at spring-jdbc/src/test/java/org/springframework/jdbc/datasource/DataSourceJtaTransactionTests.java:330}","-325","-327"
"c2ef11e1fc81b32e32db09633ef0d11853d8413c","RENAME","{Method testJtaTransactionCommitWithPropagationRequiresNewAndBeginException() at spring-jdbc/src/test/java/org/springframework/jdbc/datasource/DataSourceJtaTransactionTests.java:427}","{Method jtaTransactionCommitWithPropagationRequiresNewAndBeginException() at spring-jdbc/src/test/java/org/springframework/jdbc/datasource/DataSourceJtaTransactionTests.java:430}","-424","-427"
"c2ef11e1fc81b32e32db09633ef0d11853d8413c","RENAME","{Method testTransactionWithExceptionOnCommit() at spring-jdbc/src/test/java/org/springframework/jdbc/datasource/DataSourceTransactionManagerTests.java:1304}","{Method transactionWithExceptionOnCommit() at spring-jdbc/src/test/java/org/springframework/jdbc/datasource/DataSourceTransactionManagerTests.java:1185}","-1301","-1182"
"c2ef11e1fc81b32e32db09633ef0d11853d8413c","RENAME","{Method testTransactionRollbackOnly() at spring-jdbc/src/test/java/org/springframework/jdbc/datasource/DataSourceTransactionManagerTests.java:271}","{Method transactionRollbackOnly() at spring-jdbc/src/test/java/org/springframework/jdbc/datasource/DataSourceTransactionManagerTests.java:266}","-268","-263"
"c2ef11e1fc81b32e32db09633ef0d11853d8413c","INTERNAL_MOVE","{Method afterCompletion(int) at spring-tx/src/test/java/org/springframework/transaction/JtaTransactionManagerTests.java:1084}","{Method afterCompletion(int) at spring-tx/src/test/java/org/springframework/transaction/JtaTransactionManagerTests.java:967}","-1076","-960"
"c2ef11e1fc81b32e32db09633ef0d11853d8413c","RENAME","{Method testJtaTransactionCommitWithPropagationRequiresNewWithOpenOuterConnectionAndBeginException() at spring-jdbc/src/test/java/org/springframework/jdbc/datasource/DataSourceJtaTransactionTests.java:432}","{Method jtaTransactionCommitWithPropagationRequiresNewWithOpenOuterConnectionAndBeginException() at spring-jdbc/src/test/java/org/springframework/jdbc/datasource/DataSourceJtaTransactionTests.java:435}","-429","-432"
"c2ef11e1fc81b32e32db09633ef0d11853d8413c","RENAME","{Method testTransactionWithReadOnlyDataSourceNoStatement() at spring-jdbc/src/test/java/org/springframework/jdbc/datasource/DataSourceTransactionManagerTests.java:952}","{Method transactionWithReadOnlyDataSourceNoStatement() at spring-jdbc/src/test/java/org/springframework/jdbc/datasource/DataSourceTransactionManagerTests.java:863}","-949","-860"
"c2ef11e1fc81b32e32db09633ef0d11853d8413c","RENAME","{Method testTransactionCommitWithAutoCommitTrueAndLazyConnection() at spring-jdbc/src/test/java/org/springframework/jdbc/datasource/DataSourceTransactionManagerTests.java:110}","{Method transactionCommitWithAutoCommitTrueAndLazyConnection() at spring-jdbc/src/test/java/org/springframework/jdbc/datasource/DataSourceTransactionManagerTests.java:109}","-107","-106"
"c2ef11e1fc81b32e32db09633ef0d11853d8413c","RENAME","{Method testTransactionWithDataAccessExceptionOnRollback() at spring-jdbc/src/test/java/org/springframework/jdbc/support/JdbcTransactionManagerTests.java:165}","{Method transactionWithDataAccessExceptionOnRollback() at spring-jdbc/src/test/java/org/springframework/jdbc/support/JdbcTransactionManagerTests.java:148}","-162","-145"
"c2ef11e1fc81b32e32db09633ef0d11853d8413c","RENAME","{Method testTransactionAwareDataSourceProxyWithSuspension() at spring-jdbc/src/test/java/org/springframework/jdbc/datasource/DataSourceTransactionManagerTests.java:1167}","{Method transactionAwareDataSourceProxyWithSuspension() at spring-jdbc/src/test/java/org/springframework/jdbc/datasource/DataSourceTransactionManagerTests.java:1063}","-1164","-1060"
"c2ef11e1fc81b32e32db09633ef0d11853d8413c","RENAME","{Method testExistingTransactionWithPropagationNestedAndRollback() at spring-jdbc/src/test/java/org/springframework/jdbc/datasource/DataSourceTransactionManagerTests.java:1487}","{Method existingTransactionWithPropagationNestedAndRollback() at spring-jdbc/src/test/java/org/springframework/jdbc/datasource/DataSourceTransactionManagerTests.java:1344}","-1484","-1341"
"c2ef11e1fc81b32e32db09633ef0d11853d8413c","INTERNAL_MOVE","{Method afterCompletion(int) at spring-tx/src/test/java/org/springframework/transaction/JtaTransactionManagerTests.java:956}","{Method afterCompletion(int) at spring-tx/src/test/java/org/springframework/transaction/JtaTransactionManagerTests.java:847}","-948","-840"
"c2ef11e1fc81b32e32db09633ef0d11853d8413c","INLINE","{Method doInTransactionWithoutResult(TransactionStatus) at spring-tx/src/test/java/org/springframework/transaction/JtaTransactionManagerTests.java:920}","{Method jtaTransactionManagerWithPropagationRequiresNewAndSuspensionNotSupported() at spring-tx/src/test/java/org/springframework/transaction/JtaTransactionManagerTests.java:704}","-914","-701"
"c2ef11e1fc81b32e32db09633ef0d11853d8413c","RENAME","{Method testJtaTransactionCommitWithPropagationRequiresNewWithTransactionAwareDataSource() at spring-jdbc/src/test/java/org/springframework/jdbc/datasource/DataSourceJtaTransactionTests.java:167}","{Method jtaTransactionCommitWithPropagationRequiresNewWithTransactionAwareDataSource() at spring-jdbc/src/test/java/org/springframework/jdbc/datasource/DataSourceJtaTransactionTests.java:168}","-164","-165"
"c2ef11e1fc81b32e32db09633ef0d11853d8413c","RENAME","{Method testTransactionAwareDataSourceProxyWithLazyFalse() at spring-jdbc/src/test/java/org/springframework/jdbc/datasource/DataSourceTransactionManagerTests.java:1095}","{Method transactionAwareDataSourceProxyWithLazyFalse() at spring-jdbc/src/test/java/org/springframework/jdbc/datasource/DataSourceTransactionManagerTests.java:997}","-1092","-994"
"c2ef11e1fc81b32e32db09633ef0d11853d8413c","RENAME","{Method testJtaTransactionCommitWithPropagationRequiresNewWithAccessAfterResume() at spring-jdbc/src/test/java/org/springframework/jdbc/datasource/DataSourceJtaTransactionTests.java:152}","{Method jtaTransactionCommitWithPropagationRequiresNewWithAccessAfterResume() at spring-jdbc/src/test/java/org/springframework/jdbc/datasource/DataSourceJtaTransactionTests.java:153}","-149","-150"
"c2ef11e1fc81b32e32db09633ef0d11853d8413c","INLINE","{Method doInTransactionWithoutResult(TransactionStatus) at spring-jdbc/src/test/java/org/springframework/jdbc/support/JdbcTransactionManagerTests.java:100}","{Method jtaTransactionManagerWithPropagationRequiresNewAndSuspensionNotSupported() at spring-tx/src/test/java/org/springframework/transaction/JtaTransactionManagerTests.java:704}","-93","-701"
"c2ef11e1fc81b32e32db09633ef0d11853d8413c","RENAME","{Method testTransactionWithDataAccessExceptionOnCommit() at spring-jdbc/src/test/java/org/springframework/jdbc/support/JdbcTransactionManagerTests.java:73}","{Method transactionWithDataAccessExceptionOnCommit() at spring-jdbc/src/test/java/org/springframework/jdbc/support/JdbcTransactionManagerTests.java:68}","-70","-65"
"c2ef11e1fc81b32e32db09633ef0d11853d8413c","RENAME","{Method testTransactionWithPropagationNested() at spring-jdbc/src/test/java/org/springframework/jdbc/datasource/DataSourceTransactionManagerTests.java:1743}","{Method transactionWithPropagationNested() at spring-jdbc/src/test/java/org/springframework/jdbc/datasource/DataSourceTransactionManagerTests.java:1570}","-1740","-1567"
"c2ef11e1fc81b32e32db09633ef0d11853d8413c","RENAME","{Method testTransactionWithDataAccessExceptionOnRollbackFromLazyExceptionTranslator() at spring-jdbc/src/test/java/org/springframework/jdbc/support/JdbcTransactionManagerTests.java:189}","{Method transactionWithDataAccessExceptionOnRollbackFromLazyExceptionTranslator() at spring-jdbc/src/test/java/org/springframework/jdbc/support/JdbcTransactionManagerTests.java:167}","-186","-164"
"c2ef11e1fc81b32e32db09633ef0d11853d8413c","RENAME","{Method testTransactionWithPropagationNever() at spring-jdbc/src/test/java/org/springframework/jdbc/datasource/DataSourceTransactionManagerTests.java:1407}","{Method transactionWithPropagationNever() at spring-jdbc/src/test/java/org/springframework/jdbc/datasource/DataSourceTransactionManagerTests.java:1273}","-1404","-1270"
"c2ef11e1fc81b32e32db09633ef0d11853d8413c","RENAME","{Method testJtaTransactionCommitWithPropagationRequiresNewWithOpenOuterConnection() at spring-jdbc/src/test/java/org/springframework/jdbc/datasource/DataSourceJtaTransactionTests.java:157}","{Method jtaTransactionCommitWithPropagationRequiresNewWithOpenOuterConnection() at spring-jdbc/src/test/java/org/springframework/jdbc/datasource/DataSourceJtaTransactionTests.java:158}","-154","-155"
"c2ef11e1fc81b32e32db09633ef0d11853d8413c","RENAME","{Method testTransactionWithDataAccessExceptionOnCommitFromLazyExceptionTranslator() at spring-jdbc/src/test/java/org/springframework/jdbc/support/JdbcTransactionManagerTests.java:92}","{Method transactionWithDataAccessExceptionOnCommitFromLazyExceptionTranslator() at spring-jdbc/src/test/java/org/springframework/jdbc/support/JdbcTransactionManagerTests.java:84}","-89","-81"
"c2ef11e1fc81b32e32db09633ef0d11853d8413c","RENAME","{Method testPropagationSupportsAndRequiresNew() at spring-jdbc/src/test/java/org/springframework/jdbc/datasource/DataSourceTransactionManagerTests.java:772}","{Method propagationSupportsAndRequiresNew() at spring-jdbc/src/test/java/org/springframework/jdbc/datasource/DataSourceTransactionManagerTests.java:695}","-769","-692"
"c2ef11e1fc81b32e32db09633ef0d11853d8413c","RENAME","{Method testJtaTransactionRollbackWithPropagationRequiresNewWithOpenOuterConnection() at spring-jdbc/src/test/java/org/springframework/jdbc/datasource/DataSourceJtaTransactionTests.java:182}","{Method jtaTransactionRollbackWithPropagationRequiresNewWithOpenOuterConnection() at spring-jdbc/src/test/java/org/springframework/jdbc/datasource/DataSourceJtaTransactionTests.java:183}","-179","-180"
"c2ef11e1fc81b32e32db09633ef0d11853d8413c","RENAME","{Method testTransactionCommitWithAutoCommitFalse() at spring-jdbc/src/test/java/org/springframework/jdbc/datasource/DataSourceTransactionManagerTests.java:105}","{Method transactionCommitWithAutoCommitFalse() at spring-jdbc/src/test/java/org/springframework/jdbc/datasource/DataSourceTransactionManagerTests.java:104}","-102","-101"
"c2ef11e1fc81b32e32db09633ef0d11853d8413c","RENAME","{Method testJtaTransactionCommitWithPropagationRequiredWithinNotSupported() at spring-jdbc/src/test/java/org/springframework/jdbc/datasource/DataSourceJtaTransactionTests.java:323}","{Method jtaTransactionCommitWithPropagationRequiredWithinNotSupported() at spring-jdbc/src/test/java/org/springframework/jdbc/datasource/DataSourceJtaTransactionTests.java:325}","-320","-322"
"c2ef11e1fc81b32e32db09633ef0d11853d8413c","RENAME","{Method testTransactionWithIsolationAndReadOnly() at spring-jdbc/src/test/java/org/springframework/jdbc/datasource/DataSourceTransactionManagerTests.java:852}","{Method transactionWithIsolationAndReadOnly() at spring-jdbc/src/test/java/org/springframework/jdbc/datasource/DataSourceTransactionManagerTests.java:763}","-849","-760"
"c2ef11e1fc81b32e32db09633ef0d11853d8413c","RENAME","{Method testTransactionWithEnforceReadOnly() at spring-jdbc/src/test/java/org/springframework/jdbc/datasource/DataSourceTransactionManagerTests.java:873}","{Method transactionWithEnforceReadOnly() at spring-jdbc/src/test/java/org/springframework/jdbc/datasource/DataSourceTransactionManagerTests.java:784}","-870","-781"
"c2ef11e1fc81b32e32db09633ef0d11853d8413c","RENAME","{Method testTransactionCommitWithAutoCommitFalseAndLazyConnection() at spring-jdbc/src/test/java/org/springframework/jdbc/datasource/DataSourceTransactionManagerTests.java:115}","{Method transactionCommitWithAutoCommitFalseAndLazyConnection() at spring-jdbc/src/test/java/org/springframework/jdbc/datasource/DataSourceTransactionManagerTests.java:114}","-112","-111"
"c2ef11e1fc81b32e32db09633ef0d11853d8413c","INLINE","{Method doInTransactionWithoutResult(TransactionStatus) at spring-jdbc/src/test/java/org/springframework/jdbc/datasource/DataSourceTransactionManagerTests.java:1294}","{Method jtaTransactionManagerWithPropagationRequiresNewAndSuspensionNotSupported() at spring-tx/src/test/java/org/springframework/transaction/JtaTransactionManagerTests.java:704}","-1287","-701"
"c2ef11e1fc81b32e32db09633ef0d11853d8413c","RENAME","{Method testTransactionRollbackWithAutoCommitTrueAndLazyConnectionAndCreateStatement() at spring-jdbc/src/test/java/org/springframework/jdbc/datasource/DataSourceTransactionManagerTests.java:207}","{Method transactionRollbackWithAutoCommitTrueAndLazyConnectionAndCreateStatement() at spring-jdbc/src/test/java/org/springframework/jdbc/datasource/DataSourceTransactionManagerTests.java:204}","-204","-201"
"c2ef11e1fc81b32e32db09633ef0d11853d8413c","RENAME","{Method testTransactionWithLazyConnectionDataSourceAndStatement() at spring-jdbc/src/test/java/org/springframework/jdbc/datasource/DataSourceTransactionManagerTests.java:897}","{Method transactionWithLazyConnectionDataSourceAndStatement() at spring-jdbc/src/test/java/org/springframework/jdbc/datasource/DataSourceTransactionManagerTests.java:808}","-894","-805"
"c2ef11e1fc81b32e32db09633ef0d11853d8413c","RENAME","{Method testJtaTransactionRollbackWithPropagationRequiresNewWithTransactionAwareDataSource() at spring-jdbc/src/test/java/org/springframework/jdbc/datasource/DataSourceJtaTransactionTests.java:192}","{Method jtaTransactionRollbackWithPropagationRequiresNewWithTransactionAwareDataSource() at spring-jdbc/src/test/java/org/springframework/jdbc/datasource/DataSourceJtaTransactionTests.java:193}","-189","-190"
"c2ef11e1fc81b32e32db09633ef0d11853d8413c","RENAME","{Method testExistingTransactionWithPropagationNestedAndRequiredRollback() at spring-jdbc/src/test/java/org/springframework/jdbc/datasource/DataSourceTransactionManagerTests.java:1539}","{Method existingTransactionWithPropagationNestedAndRequiredRollback() at spring-jdbc/src/test/java/org/springframework/jdbc/datasource/DataSourceTransactionManagerTests.java:1390}","-1536","-1387"
"c2ef11e1fc81b32e32db09633ef0d11853d8413c","RENAME","{Method testJtaTransactionRollbackWithPropagationRequiresNewWithAccessAfterResume() at spring-jdbc/src/test/java/org/springframework/jdbc/datasource/DataSourceJtaTransactionTests.java:177}","{Method jtaTransactionRollbackWithPropagationRequiresNewWithAccessAfterResume() at spring-jdbc/src/test/java/org/springframework/jdbc/datasource/DataSourceJtaTransactionTests.java:178}","-174","-175"
"c2ef11e1fc81b32e32db09633ef0d11853d8413c","RENAME","{Method testTransactionWithPropagationNotSupported() at spring-jdbc/src/test/java/org/springframework/jdbc/datasource/DataSourceTransactionManagerTests.java:1390}","{Method transactionWithPropagationNotSupported() at spring-jdbc/src/test/java/org/springframework/jdbc/datasource/DataSourceTransactionManagerTests.java:1259}","-1387","-1256"
"c2ef11e1fc81b32e32db09633ef0d11853d8413c","INLINE","{Method doInTransactionWithoutResult(TransactionStatus) at spring-jdbc/src/test/java/org/springframework/jdbc/support/JdbcTransactionManagerTests.java:82}","{Method jtaTransactionManagerWithPropagationRequiresNewAndSuspensionNotSupported() at spring-tx/src/test/java/org/springframework/transaction/JtaTransactionManagerTests.java:704}","-75","-701"
"c2ef11e1fc81b32e32db09633ef0d11853d8413c","RENAME","{Method testJtaTransactionRollbackWithPropagationRequiresNew() at spring-jdbc/src/test/java/org/springframework/jdbc/datasource/DataSourceJtaTransactionTests.java:172}","{Method jtaTransactionRollbackWithPropagationRequiresNew() at spring-jdbc/src/test/java/org/springframework/jdbc/datasource/DataSourceJtaTransactionTests.java:173}","-169","-170"
"c2ef11e1fc81b32e32db09633ef0d11853d8413c","RENAME","{Method testJtaTransactionRollbackWithPropagationRequiresNewWithOpenOuterConnectionAccessed() at spring-jdbc/src/test/java/org/springframework/jdbc/datasource/DataSourceJtaTransactionTests.java:187}","{Method jtaTransactionRollbackWithPropagationRequiresNewWithOpenOuterConnectionAccessed() at spring-jdbc/src/test/java/org/springframework/jdbc/datasource/DataSourceJtaTransactionTests.java:188}","-184","-185"
"c2ef11e1fc81b32e32db09633ef0d11853d8413c","RENAME","{Method testTransactionAwareDataSourceProxy() at spring-jdbc/src/test/java/org/springframework/jdbc/datasource/DataSourceTransactionManagerTests.java:1060}","{Method transactionAwareDataSourceProxy() at spring-jdbc/src/test/java/org/springframework/jdbc/datasource/DataSourceTransactionManagerTests.java:965}","-1057","-962"
"c2ef11e1fc81b32e32db09633ef0d11853d8413c","RENAME","{Method testParticipatingTransactionWithIncompatibleIsolationLevel() at spring-jdbc/src/test/java/org/springframework/jdbc/datasource/DataSourceTransactionManagerTests.java:379}","{Method participatingTransactionWithIncompatibleIsolationLevel() at spring-jdbc/src/test/java/org/springframework/jdbc/datasource/DataSourceTransactionManagerTests.java:367}","-376","-364"
"c2ef11e1fc81b32e32db09633ef0d11853d8413c","INLINE","{Method doInTransactionWithoutResult(TransactionStatus) at spring-jdbc/src/test/java/org/springframework/jdbc/datasource/DataSourceTransactionManagerTests.java:1329}","{Method jtaTransactionManagerWithPropagationRequiresNewAndSuspensionNotSupported() at spring-tx/src/test/java/org/springframework/transaction/JtaTransactionManagerTests.java:704}","-1322","-701"
"c2ef11e1fc81b32e32db09633ef0d11853d8413c","RENAME","{Method testTransactionRollbackWithAutoCommitFalseAndLazyConnectionAndCreateStatement() at spring-jdbc/src/test/java/org/springframework/jdbc/datasource/DataSourceTransactionManagerTests.java:212}","{Method transactionRollbackWithAutoCommitFalseAndLazyConnectionAndCreateStatement() at spring-jdbc/src/test/java/org/springframework/jdbc/datasource/DataSourceTransactionManagerTests.java:209}","-209","-206"
"c2ef11e1fc81b32e32db09633ef0d11853d8413c","INLINE","{Method doInTransactionWithoutResult(TransactionStatus) at spring-jdbc/src/test/java/org/springframework/jdbc/support/JdbcTransactionManagerTests.java:121}","{Method jtaTransactionManagerWithPropagationRequiresNewAndSuspensionNotSupported() at spring-tx/src/test/java/org/springframework/transaction/JtaTransactionManagerTests.java:704}","-115","-701"
"c2ef11e1fc81b32e32db09633ef0d11853d8413c","RENAME","{Method testPropagationRequiresNewWithExistingTransactionAndUnrelatedFailingDataSource() at spring-jdbc/src/test/java/org/springframework/jdbc/datasource/DataSourceTransactionManagerTests.java:657}","{Method propagationRequiresNewWithExistingTransactionAndUnrelatedFailingDataSource() at spring-jdbc/src/test/java/org/springframework/jdbc/datasource/DataSourceTransactionManagerTests.java:601}","-654","-598"
"c2ef11e1fc81b32e32db09633ef0d11853d8413c","INLINE","{Method doInTransactionWithoutResult(TransactionStatus) at spring-tx/src/test/java/org/springframework/transaction/JtaTransactionManagerTests.java:899}","{Method jtaTransactionManagerWithPropagationRequiresNewAndSuspensionNotSupported() at spring-tx/src/test/java/org/springframework/transaction/JtaTransactionManagerTests.java:704}","-893","-701"
"c2ef11e1fc81b32e32db09633ef0d11853d8413c","RENAME","{Method testTransactionAwareDataSourceProxyWithEarlyConnection() at spring-jdbc/src/test/java/org/springframework/jdbc/datasource/DataSourceTransactionManagerTests.java:1131}","{Method transactionAwareDataSourceProxyWithEarlyConnection() at spring-jdbc/src/test/java/org/springframework/jdbc/datasource/DataSourceTransactionManagerTests.java:1030}","-1128","-1027"
"c2ef11e1fc81b32e32db09633ef0d11853d8413c","RENAME","{Method testJtaTransactionCommitWithPropagationRequiresNewWithOpenOuterConnectionAndTransactionAwareDataSourceAndSuspendException() at spring-jdbc/src/test/java/org/springframework/jdbc/datasource/DataSourceJtaTransactionTests.java:422}","{Method jtaTransactionCommitWithPropagationRequiresNewWithOpenOuterConnectionAndTransactionAwareDataSourceAndSuspendException() at spring-jdbc/src/test/java/org/springframework/jdbc/datasource/DataSourceJtaTransactionTests.java:425}","-419","-422"
"c2ef11e1fc81b32e32db09633ef0d11853d8413c","RENAME","{Method testJtaTransactionCommitWithPropagationRequiredWithinSupports() at spring-jdbc/src/test/java/org/springframework/jdbc/datasource/DataSourceJtaTransactionTests.java:318}","{Method jtaTransactionCommitWithPropagationRequiredWithinSupports() at spring-jdbc/src/test/java/org/springframework/jdbc/datasource/DataSourceJtaTransactionTests.java:320}","-315","-317"
"c2ef11e1fc81b32e32db09633ef0d11853d8413c","RENAME","{Method testTransactionCommitWithAutoCommitTrueAndLazyConnectionAndStatementCreated() at spring-jdbc/src/test/java/org/springframework/jdbc/datasource/DataSourceTransactionManagerTests.java:120}","{Method transactionCommitWithAutoCommitTrueAndLazyConnectionAndStatementCreated() at spring-jdbc/src/test/java/org/springframework/jdbc/datasource/DataSourceTransactionManagerTests.java:119}","-117","-116"
"c2ef11e1fc81b32e32db09633ef0d11853d8413c","RENAME","{Method testJtaTransactionWithConnectionHolderStillBound() at spring-jdbc/src/test/java/org/springframework/jdbc/datasource/DataSourceJtaTransactionTests.java:547}","{Method jtaTransactionWithConnectionHolderStillBound() at spring-jdbc/src/test/java/org/springframework/jdbc/datasource/DataSourceJtaTransactionTests.java:551}","-544","-548"
"c2ef11e1fc81b32e32db09633ef0d11853d8413c","RENAME","{Method testJtaTransactionCommitWithPropagationRequiresNewWithOpenOuterConnectionAccessed() at spring-jdbc/src/test/java/org/springframework/jdbc/datasource/DataSourceJtaTransactionTests.java:162}","{Method jtaTransactionCommitWithPropagationRequiresNewWithOpenOuterConnectionAccessed() at spring-jdbc/src/test/java/org/springframework/jdbc/datasource/DataSourceJtaTransactionTests.java:163}","-159","-160"
"c2ef11e1fc81b32e32db09633ef0d11853d8413c","RENAME","{Method testParticipatingTransactionWithRollbackOnlyAndInnerSynch() at spring-jdbc/src/test/java/org/springframework/jdbc/datasource/DataSourceTransactionManagerTests.java:523}","{Method participatingTransactionWithRollbackOnlyAndInnerSynch() at spring-jdbc/src/test/java/org/springframework/jdbc/datasource/DataSourceTransactionManagerTests.java:485}","-520","-482"
"c2ef11e1fc81b32e32db09633ef0d11853d8413c","RENAME","{Method testJtaTransactionCommitWithPropagationRequiresNewWithTransactionAwareDataSourceAndSuspendException() at spring-jdbc/src/test/java/org/springframework/jdbc/datasource/DataSourceJtaTransactionTests.java:417}","{Method jtaTransactionCommitWithPropagationRequiresNewWithTransactionAwareDataSourceAndSuspendException() at spring-jdbc/src/test/java/org/springframework/jdbc/datasource/DataSourceJtaTransactionTests.java:420}","-414","-417"
"c2ef11e1fc81b32e32db09633ef0d11853d8413c","RENAME","{Method testJtaTransactionCommitWithPropagationRequiresNewWithTransactionAwareDataSourceAndBeginException() at spring-jdbc/src/test/java/org/springframework/jdbc/datasource/DataSourceJtaTransactionTests.java:442}","{Method jtaTransactionCommitWithPropagationRequiresNewWithTransactionAwareDataSourceAndBeginException() at spring-jdbc/src/test/java/org/springframework/jdbc/datasource/DataSourceJtaTransactionTests.java:445}","-439","-442"
"c2ef11e1fc81b32e32db09633ef0d11853d8413c","RENAME","{Method testTransactionRollbackWithAutoCommitTrue() at spring-jdbc/src/test/java/org/springframework/jdbc/datasource/DataSourceTransactionManagerTests.java:187}","{Method transactionRollbackWithAutoCommitTrue() at spring-jdbc/src/test/java/org/springframework/jdbc/datasource/DataSourceTransactionManagerTests.java:184}","-184","-181"
"c2ef11e1fc81b32e32db09633ef0d11853d8413c","RENAME","{Method testTransactionWithExceptionOnRollback() at spring-jdbc/src/test/java/org/springframework/jdbc/support/JdbcTransactionManagerTests.java:132}","{Method transactionWithExceptionOnRollback() at spring-jdbc/src/test/java/org/springframework/jdbc/support/JdbcTransactionManagerTests.java:118}","-129","-115"
"c2ef11e1fc81b32e32db09633ef0d11853d8413c","RENAME","{Method testJtaTransactionWithIsolationLevelDataSourceAdapter() at spring-jdbc/src/test/java/org/springframework/jdbc/datasource/DataSourceJtaTransactionTests.java:604}","{Method jtaTransactionWithIsolationLevelDataSourceAdapter() at spring-jdbc/src/test/java/org/springframework/jdbc/datasource/DataSourceJtaTransactionTests.java:609}","-601","-606"
"c2ef11e1fc81b32e32db09633ef0d11853d8413c","INTERNAL_MOVE","{Method afterCompletion(int) at spring-tx/src/test/java/org/springframework/transaction/JtaTransactionManagerTests.java:1114}","{Method afterCompletion(int) at spring-tx/src/test/java/org/springframework/transaction/JtaTransactionManagerTests.java:995}","-1106","-988"
"c2ef11e1fc81b32e32db09633ef0d11853d8413c","RENAME","{Method testPropagationNotSupportedWithExistingTransaction() at spring-jdbc/src/test/java/org/springframework/jdbc/datasource/DataSourceTransactionManagerTests.java:701}","{Method propagationNotSupportedWithExistingTransaction() at spring-jdbc/src/test/java/org/springframework/jdbc/datasource/DataSourceTransactionManagerTests.java:637}","-698","-634"
"c2ef11e1fc81b32e32db09633ef0d11853d8413c","INLINE","{Method doInTransactionWithoutResult(TransactionStatus) at spring-tx/src/test/java/org/springframework/transaction/JtaTransactionManagerTests.java:880}","{Method jtaTransactionManagerWithPropagationRequiresNewAndSuspensionNotSupported() at spring-tx/src/test/java/org/springframework/transaction/JtaTransactionManagerTests.java:704}","-874","-701"
"c2ef11e1fc81b32e32db09633ef0d11853d8413c","RENAME","{Method testTransactionWithExceptionOnRollback() at spring-jdbc/src/test/java/org/springframework/jdbc/datasource/DataSourceTransactionManagerTests.java:1340}","{Method transactionWithExceptionOnRollback() at spring-jdbc/src/test/java/org/springframework/jdbc/datasource/DataSourceTransactionManagerTests.java:1215}","-1337","-1212"
"c2ef11e1fc81b32e32db09633ef0d11853d8413c","RENAME","{Method testTransactionRollbackWithAutoCommitFalseAndLazyConnection() at spring-jdbc/src/test/java/org/springframework/jdbc/datasource/DataSourceTransactionManagerTests.java:202}","{Method transactionRollbackWithAutoCommitFalseAndLazyConnection() at spring-jdbc/src/test/java/org/springframework/jdbc/datasource/DataSourceTransactionManagerTests.java:199}","-199","-196"
"c2ef11e1fc81b32e32db09633ef0d11853d8413c","RENAME","{Method testTransactionCommitWithAutoCommitFalseAndLazyConnectionAndStatementCreated() at spring-jdbc/src/test/java/org/springframework/jdbc/datasource/DataSourceTransactionManagerTests.java:125}","{Method transactionCommitWithAutoCommitFalseAndLazyConnectionAndStatementCreated() at spring-jdbc/src/test/java/org/springframework/jdbc/datasource/DataSourceTransactionManagerTests.java:124}","-122","-121"
"c2ef11e1fc81b32e32db09633ef0d11853d8413c","RENAME","{Method testTransactionRollbackWithAutoCommitTrueAndLazyConnection() at spring-jdbc/src/test/java/org/springframework/jdbc/datasource/DataSourceTransactionManagerTests.java:197}","{Method transactionRollbackWithAutoCommitTrueAndLazyConnection() at spring-jdbc/src/test/java/org/springframework/jdbc/datasource/DataSourceTransactionManagerTests.java:194}","-194","-191"
"c2ef11e1fc81b32e32db09633ef0d11853d8413c","INTERNAL_MOVE","{Method afterCompletion(int) at spring-tx/src/test/java/org/springframework/transaction/JtaTransactionManagerTests.java:1209}","{Method afterCompletion(int) at spring-tx/src/test/java/org/springframework/transaction/JtaTransactionManagerTests.java:1079}","-1201","-1072"
"c2ef11e1fc81b32e32db09633ef0d11853d8413c","INTERNAL_MOVE","{Method afterCompletion(int) at spring-tx/src/test/java/org/springframework/transaction/JtaTransactionManagerTests.java:1153}","{Method afterCompletion(int) at spring-tx/src/test/java/org/springframework/transaction/JtaTransactionManagerTests.java:1031}","-1145","-1024"
"c2ef11e1fc81b32e32db09633ef0d11853d8413c","RENAME","{Method testPropagationSupportsAndRequiresNewWithEarlyAccess() at spring-jdbc/src/test/java/org/springframework/jdbc/datasource/DataSourceTransactionManagerTests.java:808}","{Method propagationSupportsAndRequiresNewWithEarlyAccess() at spring-jdbc/src/test/java/org/springframework/jdbc/datasource/DataSourceTransactionManagerTests.java:725}","-805","-722"
"c2ef11e1fc81b32e32db09633ef0d11853d8413c","INLINE","{Method doInTransactionWithoutResult(TransactionStatus) at spring-jdbc/src/test/java/org/springframework/jdbc/datasource/DataSourceTransactionManagerTests.java:1311}","{Method jtaTransactionManagerWithPropagationRequiresNewAndSuspensionNotSupported() at spring-tx/src/test/java/org/springframework/transaction/JtaTransactionManagerTests.java:704}","-1304","-701"
"c2ef11e1fc81b32e32db09633ef0d11853d8413c","RENAME","{Method testTransactionWithReadOnlyDataSourceAndStatement() at spring-jdbc/src/test/java/org/springframework/jdbc/datasource/DataSourceTransactionManagerTests.java:933}","{Method transactionWithReadOnlyDataSourceAndStatement() at spring-jdbc/src/test/java/org/springframework/jdbc/datasource/DataSourceTransactionManagerTests.java:844}","-930","-841"
"c2ef11e1fc81b32e32db09633ef0d11853d8413c","RENAME","{Method testTransactionAwareDataSourceProxyWithSuspensionAndReobtaining() at spring-jdbc/src/test/java/org/springframework/jdbc/datasource/DataSourceTransactionManagerTests.java:1225}","{Method transactionAwareDataSourceProxyWithSuspensionAndReobtaining() at spring-jdbc/src/test/java/org/springframework/jdbc/datasource/DataSourceTransactionManagerTests.java:1115}","-1222","-1112"
"c2ef11e1fc81b32e32db09633ef0d11853d8413c","RENAME","{Method testTransactionWithPropagationNestedAndRollback() at spring-jdbc/src/test/java/org/springframework/jdbc/datasource/DataSourceTransactionManagerTests.java:1769}","{Method transactionWithPropagationNestedAndRollback() at spring-jdbc/src/test/java/org/springframework/jdbc/datasource/DataSourceTransactionManagerTests.java:1593}","-1766","-1590"
"c2ef11e1fc81b32e32db09633ef0d11853d8413c","RENAME","{Method testParticipatingTransactionWithIncompatibleReadOnly() at spring-jdbc/src/test/java/org/springframework/jdbc/datasource/DataSourceTransactionManagerTests.java:411}","{Method participatingTransactionWithIncompatibleReadOnly() at spring-jdbc/src/test/java/org/springframework/jdbc/datasource/DataSourceTransactionManagerTests.java:392}","-408","-389"
"c2ef11e1fc81b32e32db09633ef0d11853d8413c","RENAME","{Method testParticipatingTransactionWithDifferentConnectionObtainedFromSynch() at spring-jdbc/src/test/java/org/springframework/jdbc/datasource/DataSourceTransactionManagerTests.java:484}","{Method participatingTransactionWithDifferentConnectionObtainedFromSynch() at spring-jdbc/src/test/java/org/springframework/jdbc/datasource/DataSourceTransactionManagerTests.java:450}","-481","-447"
"c2ef11e1fc81b32e32db09633ef0d11853d8413c","RENAME","{Method testJtaTransactionCommitWithPropagationRequiresNewWithOpenOuterConnectionAndTransactionAwareDataSourceAndBeginException() at spring-jdbc/src/test/java/org/springframework/jdbc/datasource/DataSourceJtaTransactionTests.java:437}","{Method jtaTransactionCommitWithPropagationRequiresNewWithOpenOuterConnectionAndTransactionAwareDataSourceAndBeginException() at spring-jdbc/src/test/java/org/springframework/jdbc/datasource/DataSourceJtaTransactionTests.java:440}","-434","-437"
"c2ef11e1fc81b32e32db09633ef0d11853d8413c","RENAME","{Method testTransactionWithExceptionOnCommit() at spring-jdbc/src/test/java/org/springframework/jdbc/support/JdbcTransactionManagerTests.java:54}","{Method transactionWithExceptionOnCommit() at spring-jdbc/src/test/java/org/springframework/jdbc/support/JdbcTransactionManagerTests.java:52}","-51","-49"
"c2ef11e1fc81b32e32db09633ef0d11853d8413c","RENAME","{Method testTransactionRollbackWithAutoCommitFalse() at spring-jdbc/src/test/java/org/springframework/jdbc/datasource/DataSourceTransactionManagerTests.java:192}","{Method transactionRollbackWithAutoCommitFalse() at spring-jdbc/src/test/java/org/springframework/jdbc/datasource/DataSourceTransactionManagerTests.java:189}","-189","-186"
"c2ef11e1fc81b32e32db09633ef0d11853d8413c","RENAME","{Method testTransactionWithExceptionOnCommitAndRollbackOnCommitFailure() at spring-jdbc/src/test/java/org/springframework/jdbc/datasource/DataSourceTransactionManagerTests.java:1321}","{Method transactionWithExceptionOnCommitAndRollbackOnCommitFailure() at spring-jdbc/src/test/java/org/springframework/jdbc/datasource/DataSourceTransactionManagerTests.java:1199}","-1318","-1196"
"c2ef11e1fc81b32e32db09633ef0d11853d8413c","INLINE","{Method doInTransactionWithoutResult(TransactionStatus) at spring-jdbc/src/test/java/org/springframework/jdbc/support/JdbcTransactionManagerTests.java:63}","{Method jtaTransactionManagerWithPropagationRequiresNewAndSuspensionNotSupported() at spring-tx/src/test/java/org/springframework/transaction/JtaTransactionManagerTests.java:704}","-57","-701"
"c2ef11e1fc81b32e32db09633ef0d11853d8413c","RENAME","{Method testExistingTransactionWithManualSavepointAndRollback() at spring-jdbc/src/test/java/org/springframework/jdbc/datasource/DataSourceTransactionManagerTests.java:1706}","{Method existingTransactionWithManualSavepointAndRollback() at spring-jdbc/src/test/java/org/springframework/jdbc/datasource/DataSourceTransactionManagerTests.java:1536}","-1703","-1533"
"c2ef11e1fc81b32e32db09633ef0d11853d8413c","RENAME","{Method testJtaTransactionCommitWithPropagationRequiresNew() at spring-jdbc/src/test/java/org/springframework/jdbc/datasource/DataSourceJtaTransactionTests.java:147}","{Method jtaTransactionCommitWithPropagationRequiresNew() at spring-jdbc/src/test/java/org/springframework/jdbc/datasource/DataSourceJtaTransactionTests.java:148}","-144","-145"
"c2ef11e1fc81b32e32db09633ef0d11853d8413c","RENAME","{Method testTransactionWithLazyConnectionDataSourceNoStatement() at spring-jdbc/src/test/java/org/springframework/jdbc/datasource/DataSourceTransactionManagerTests.java:920}","{Method transactionWithLazyConnectionDataSourceNoStatement() at spring-jdbc/src/test/java/org/springframework/jdbc/datasource/DataSourceTransactionManagerTests.java:831}","-917","-828"
"c2ef11e1fc81b32e32db09633ef0d11853d8413c","RENAME","{Method testJtaTransactionCommitWithPropagationRequiresNewAndSuspendException() at spring-jdbc/src/test/java/org/springframework/jdbc/datasource/DataSourceJtaTransactionTests.java:407}","{Method jtaTransactionCommitWithPropagationRequiresNewAndSuspendException() at spring-jdbc/src/test/java/org/springframework/jdbc/datasource/DataSourceJtaTransactionTests.java:410}","-404","-407"
"c2ef11e1fc81b32e32db09633ef0d11853d8413c","INTERNAL_MOVE","{Method afterCompletion(int) at spring-tx/src/test/java/org/springframework/transaction/JtaTransactionManagerTests.java:1011}","{Method afterCompletion(int) at spring-tx/src/test/java/org/springframework/transaction/JtaTransactionManagerTests.java:899}","-1003","-892"
"c2ef11e1fc81b32e32db09633ef0d11853d8413c","RENAME","{Method testTransactionCommitWithAutoCommitTrue() at spring-jdbc/src/test/java/org/springframework/jdbc/datasource/DataSourceTransactionManagerTests.java:100}","{Method transactionCommitWithAutoCommitTrue() at spring-jdbc/src/test/java/org/springframework/jdbc/datasource/DataSourceTransactionManagerTests.java:99}","-97","-96"
"c2ef11e1fc81b32e32db09633ef0d11853d8413c","RENAME","{Method testParticipatingTransactionWithTransactionStartedFromSynch() at spring-jdbc/src/test/java/org/springframework/jdbc/datasource/DataSourceTransactionManagerTests.java:445}","{Method participatingTransactionWithTransactionStartedFromSynch() at spring-jdbc/src/test/java/org/springframework/jdbc/datasource/DataSourceTransactionManagerTests.java:418}","-442","-415"
"c2ef11e1fc81b32e32db09633ef0d11853d8413c","RENAME","{Method testTransactionWithExceptionOnCommitAndRollbackOnCommitFailure() at spring-jdbc/src/test/java/org/springframework/jdbc/support/JdbcTransactionManagerTests.java:110}","{Method transactionWithExceptionOnCommitAndRollbackOnCommitFailure() at spring-jdbc/src/test/java/org/springframework/jdbc/support/JdbcTransactionManagerTests.java:99}","-107","-96"
"c2ef11e1fc81b32e32db09633ef0d11853d8413c","RENAME","{Method testJtaTransactionWithIsolationLevelDataSourceRouterWithDataSourceLookup() at spring-jdbc/src/test/java/org/springframework/jdbc/datasource/DataSourceJtaTransactionTests.java:656}","{Method jtaTransactionWithIsolationLevelDataSourceRouterWithDataSourceLookup() at spring-jdbc/src/test/java/org/springframework/jdbc/datasource/DataSourceJtaTransactionTests.java:662}","-653","-659"
"c2ef11e1fc81b32e32db09633ef0d11853d8413c","RENAME","{Method testJtaTransactionWithIsolationLevelDataSourceRouter() at spring-jdbc/src/test/java/org/springframework/jdbc/datasource/DataSourceJtaTransactionTests.java:651}","{Method jtaTransactionWithIsolationLevelDataSourceRouter() at spring-jdbc/src/test/java/org/springframework/jdbc/datasource/DataSourceJtaTransactionTests.java:657}","-648","-654"
"c2ef11e1fc81b32e32db09633ef0d11853d8413c","RENAME","{Method testPropagationRequiresNewWithExistingTransactionAndUnrelatedDataSource() at spring-jdbc/src/test/java/org/springframework/jdbc/datasource/DataSourceTransactionManagerTests.java:608}","{Method propagationRequiresNewWithExistingTransactionAndUnrelatedDataSource() at spring-jdbc/src/test/java/org/springframework/jdbc/datasource/DataSourceTransactionManagerTests.java:558}","-605","-555"
"c2ef11e1fc81b32e32db09633ef0d11853d8413c","RENAME","{Method testExistingTransactionWithManualSavepoint() at spring-jdbc/src/test/java/org/springframework/jdbc/datasource/DataSourceTransactionManagerTests.java:1669}","{Method existingTransactionWithManualSavepoint() at spring-jdbc/src/test/java/org/springframework/jdbc/datasource/DataSourceTransactionManagerTests.java:1502}","-1666","-1499"
"c2ef11e1fc81b32e32db09633ef0d11853d8413c","RENAME","{Method testPropagationNeverWithExistingTransaction() at spring-jdbc/src/test/java/org/springframework/jdbc/datasource/DataSourceTransactionManagerTests.java:742}","{Method propagationNeverWithExistingTransaction() at spring-jdbc/src/test/java/org/springframework/jdbc/datasource/DataSourceTransactionManagerTests.java:672}","-739","-669"
"c2ef11e1fc81b32e32db09633ef0d11853d8413c","RENAME","{Method testJtaTransactionCommitWithPropagationRequiresNewWithOpenOuterConnectionAndSuspendException() at spring-jdbc/src/test/java/org/springframework/jdbc/datasource/DataSourceJtaTransactionTests.java:412}","{Method jtaTransactionCommitWithPropagationRequiresNewWithOpenOuterConnectionAndSuspendException() at spring-jdbc/src/test/java/org/springframework/jdbc/datasource/DataSourceJtaTransactionTests.java:415}","-409","-412"
"c2ef11e1fc81b32e32db09633ef0d11853d8413c","INLINE","{Method doInTransactionWithoutResult(TransactionStatus) at spring-tx/src/test/java/org/springframework/transaction/JtaTransactionManagerTests.java:818}","{Method jtaTransactionManagerWithPropagationRequiresNewAndSuspensionNotSupported() at spring-tx/src/test/java/org/springframework/transaction/JtaTransactionManagerTests.java:704}","-812","-701"
"d216236aac78984ce3364d99e9810f38ac964717","CHANGE_SIGNATURE","{Method createEntityManagerFactoryBean(String, Properties, String) at spring-orm/src/test/java/org/springframework/orm/jpa/LocalContainerEntityManagerFactoryBeanTests.java:256}","{Method createEntityManagerFactoryBean(String, Properties, String, PersistenceUnitPostProcessor...) at spring-orm/src/test/java/org/springframework/orm/jpa/LocalContainerEntityManagerFactoryBeanTests.java:257}","-253","-254"
"d216236aac78984ce3364d99e9810f38ac964717","INLINE","{Method buildDefaultPersistenceUnitInfo() at spring-orm/src/test/java/org/springframework/orm/jpa/persistenceunit/DefaultPersistenceUnitManagerTests.java:63}","{Method testDefaultDomain() at spring-orm/src/test/java/org/springframework/orm/jpa/persistenceunit/DefaultPersistenceUnitManagerTests.java:57}","-60","-54"
"d216236aac78984ce3364d99e9810f38ac964717","CHANGE_SIGNATURE","{Method parseValidPersistenceUnit() at spring-orm/src/test/java/org/springframework/orm/jpa/LocalContainerEntityManagerFactoryBeanTests.java:244}","{Method parseValidPersistenceUnit(PersistenceUnitPostProcessor...) at spring-orm/src/test/java/org/springframework/orm/jpa/LocalContainerEntityManagerFactoryBeanTests.java:243}","-241","-240"
"b4dcb36b213695089d13738b759c74744b33d1dc"
"252bb8dac7f986bb21aaf4dd74e18f9ce5da9fe7"
"9975113879d785d360a7e26b7c44bdedaea39b85"
"b2c84ac0380690638ab3b0127a9b92229af1736c"
"03896844297854b34c4b0dfc0b9467e238902b15","RENAME","{Method protectedMethodShouldNotThrowException() at spring-webmvc/src/test/java/org/springframework/web/servlet/mvc/method/annotation/RequestMappingHandlerMappingTests.java:485}","{Method protectedMethodOnCglibProxyShouldNotThrowException() at spring-webmvc/src/test/java/org/springframework/web/servlet/mvc/method/annotation/RequestMappingHandlerMappingTests.java:486}","-482","-483"
"03896844297854b34c4b0dfc0b9467e238902b15","INLINE","{Method isCglibProxy(Class) at spring-webflux/src/main/java/org/springframework/web/reactive/result/method/annotation/RequestMappingHandlerMapping.java:230}","{Method validateCglibProxyMethodVisibility(Method, Class) at spring-webflux/src/main/java/org/springframework/web/reactive/result/method/annotation/RequestMappingHandlerMapping.java:209}","-227","-206"
"03896844297854b34c4b0dfc0b9467e238902b15","MOVE_RENAME","{Class PackagePrivateController at spring-web/src/testFixtures/java/org/springframework/web/testfixture/method/VisibilityTestHandler.java:24}","{Class PackagePrivateMethodController at spring-web/src/testFixtures/java/org/springframework/web/testfixture/method/PackagePrivateMethodController.java:22}","-21","-20"
"03896844297854b34c4b0dfc0b9467e238902b15","INLINE","{Method isCglibProxy(Class) at spring-webmvc/src/main/java/org/springframework/web/servlet/mvc/method/annotation/RequestMappingHandlerMapping.java:249}","{Method validateCglibProxyMethodVisibility(Method, Class) at spring-webflux/src/main/java/org/springframework/web/reactive/result/method/annotation/RequestMappingHandlerMapping.java:209}","-246","-206"
"03896844297854b34c4b0dfc0b9467e238902b15","RENAME","{Method protectedMethodShouldNotThrowException() at spring-webflux/src/test/java/org/springframework/web/reactive/result/method/annotation/RequestMappingHandlerMappingTests.java:434}","{Method protectedMethodOnCglibProxyShouldNotThrowException() at spring-webflux/src/test/java/org/springframework/web/reactive/result/method/annotation/RequestMappingHandlerMappingTests.java:434}","-431","-431"
"03896844297854b34c4b0dfc0b9467e238902b15","INLINE","{Method isCglibProxy(Class) at spring-webmvc/src/main/java/org/springframework/web/servlet/mvc/method/annotation/RequestMappingHandlerMapping.java:249}","{Method validateCglibProxyMethodVisibility(Method, Class) at spring-webmvc/src/main/java/org/springframework/web/servlet/mvc/method/annotation/RequestMappingHandlerMapping.java:228}","-246","-225"
"03896844297854b34c4b0dfc0b9467e238902b15","INLINE","{Method isCglibProxy(Class) at spring-webflux/src/main/java/org/springframework/web/reactive/result/method/annotation/RequestMappingHandlerMapping.java:230}","{Method validateCglibProxyMethodVisibility(Method, Class) at spring-webmvc/src/main/java/org/springframework/web/servlet/mvc/method/annotation/RequestMappingHandlerMapping.java:228}","-227","-225"
"8edc7cd542e810096469a3f7374ad4e09b838e39"
"a5d9bd64bef38439b75e254a47f6a92c23c900ac","INTERNAL_MOVE","{Method getCandidateTypesSubPackage() at spring-context/src/test/java/org/springframework/context/index/CandidateComponentsIndexTests.java:54}","{Method getCandidateTypesSubPackage() at spring-context/src/test/java/org/springframework/context/index/CandidateComponentsIndexTests.java:55}","-51","-51"
"a5d9bd64bef38439b75e254a47f6a92c23c900ac","INTERNAL_MOVE","{Method getCandidateTypesNoMatch() at spring-context/src/test/java/org/springframework/context/index/CandidateComponentsIndexTests.java:47}","{Method getCandidateTypesNoMatch() at spring-context/src/test/java/org/springframework/context/index/CandidateComponentsIndexTests.java:48}","-44","-44"
"a5d9bd64bef38439b75e254a47f6a92c23c900ac","INTERNAL_MOVE_RENAME","{Method mergeCandidateStereotypes() at spring-context/src/test/java/org/springframework/context/index/CandidateComponentsIndexTests.java:68}","{Method mergesCandidateStereotypes() at spring-context/src/test/java/org/springframework/context/index/CandidateComponentsIndexTests.java:77}","-65","-73"
"a5d9bd64bef38439b75e254a47f6a92c23c900ac","INTERNAL_MOVE","{Method getCandidateTypesSubPackageNoMatch() at spring-context/src/test/java/org/springframework/context/index/CandidateComponentsIndexTests.java:61}","{Method getCandidateTypesSubPackageNoMatch() at spring-context/src/test/java/org/springframework/context/index/CandidateComponentsIndexTests.java:62}","-58","-58"
"a5d9bd64bef38439b75e254a47f6a92c23c900ac","INTERNAL_MOVE","{Method getCandidateTypes() at spring-context/src/test/java/org/springframework/context/index/CandidateComponentsIndexTests.java:39}","{Method getCandidateTypes() at spring-context/src/test/java/org/springframework/context/index/CandidateComponentsIndexTests.java:40}","-36","-36"
"a5d9bd64bef38439b75e254a47f6a92c23c900ac","INTERNAL_MOVE","{Method createSampleProperties() at spring-context/src/test/java/org/springframework/context/index/CandidateComponentsIndexTests.java:114}","{Method createSampleProperties() at spring-context/src/test/java/org/springframework/context/index/CandidateComponentsIndexTests.java:86}","-111","-82"
"a5d9bd64bef38439b75e254a47f6a92c23c900ac","INTERNAL_MOVE","{Method hasScannedPackageWithNoMatch(String) at spring-context/src/test/java/org/springframework/context/index/CandidateComponentsIndexTests.java:92}","{Method hasScannedPackageWithNoMatch(String) at spring-context/src/test/java/org/springframework/context/index/CandidateComponentsIndexTests.java:144}","-89","-140"
"a5d9bd64bef38439b75e254a47f6a92c23c900ac","INTERNAL_MOVE","{Method hasScannedPackage(String) at spring-context/src/test/java/org/springframework/context/index/CandidateComponentsIndexTests.java:77}","{Method hasScannedPackage(String) at spring-context/src/test/java/org/springframework/context/index/CandidateComponentsIndexTests.java:106}","-74","-102"
"a5d9bd64bef38439b75e254a47f6a92c23c900ac","INTERNAL_MOVE","{Method createProperties(String, String) at spring-context/src/test/java/org/springframework/context/index/CandidateComponentsIndexTests.java:108}","{Method createProperties(String, String...) at spring-context/src/test/java/org/springframework/context/index/CandidateComponentsIndexTests.java:95}","-105","-91"
"0fc7c41ddca890ddd19d1a1cf14cefa8363f62b7"
"8f29c71e0c904f21a396369419b5a41b1ade49b6"
"b727dbb8022e8980c09908ac5a4b04a51e276609"
"113b9d131c3f2c0f4b652f30bd5930d3184ac5b5"
"51d6e8beb0850cbf9255326b739239a29e8e45fa"
"9f678ce6989809d1733b0d9f1cc46e6430063d71"
"467a484df6ff6035df69e81eeee5b4d91f15f8dd"
"83efe8cff4f8e5ccb7d89a6022206965d0866b7e"
"5096db4e60aa0a1bb2f34cc7b11fce808542c42c"
"3eef39e6abd6ec0c133c55240f0b9bb74a2f278c"
"87a7507e3ac98bc0f2b758d40897e12643f19112"
"080bca0b23c5c9a2519812968521f92c7a7a5df1"
"8b36736344a333c1bddaccbc46a0367d28bed9f9"
"26c57cecd2cf0816fd023c00249d9215c02d63af"
"19b4021d26867b5bcee70d372bf250bdd5f7ffda"
"2c831449464d677b2a865ad02718994b3c69a338"
"c165dd5e0e55731d16bbaf50664544161345aabc"
"18c93a071c2fe00de208e2f08e8db2ec53245f84"
"449b85f446b390983931fe816bb33138f3ad146a","INLINE","{Method parse(String) at spring-core/src/main/java/org/springframework/util/PlaceholderParser.java:136}","{Method replacePlaceholders(String, PlaceholderResolver) at spring-core/src/main/java/org/springframework/util/PlaceholderParser.java:122}","-133","-119"
"449b85f446b390983931fe816bb33138f3ad146a","CHANGE_SIGNATURE","{Method addText(String, int, int, LinkedList) at spring-core/src/main/java/org/springframework/util/PlaceholderParser.java:244}","{Method addText(String, int, int, List) at spring-core/src/main/java/org/springframework/util/PlaceholderParser.java:272}","-241","-269"
"3819e2dc4cb092012353fc89c39f3b9063bc0a34","CHANGE_SIGNATURE","{Method splitArrayElementsIntoProperties(String[], String) at spring-core/src/main/java/org/springframework/util/StringUtils.java:1142}","{Method splitArrayElementsIntoProperties(String @Nullable [], String) at spring-core/src/main/java/org/springframework/util/StringUtils.java:1142}","-1139","-1139"
"c2a66e723f36497100589cea78b2b2b910582479"
"2ee34a5632a15e2e5f9dcb46d1999139cfc31011"
"1bc82d241a81183ddba1aab081a96a93e90c364d"
"7bc2a7f3f24cbed40a0922134e28c8809729f458","EXTRACT_MOVE","{Method match(String) at spring-context/src/main/java/org/springframework/context/index/CandidateComponentsIndex.java:106}","{Method matchPackage(String, String) at spring-context/src/main/java/org/springframework/context/index/CandidateComponentsIndex.java:148}","-102","-145"
"7bc2a7f3f24cbed40a0922134e28c8809729f458","RENAME","{Method testWithIndex() at spring-context/src/test/java/org/springframework/context/annotation/ClassPathBeanDefinitionScannerTests.java:132}","{Method testSimpleScanWithIndex() at spring-context/src/test/java/org/springframework/context/annotation/ClassPathBeanDefinitionScannerTests.java:115}","-129","-112"
"7bc2a7f3f24cbed40a0922134e28c8809729f458","EXTRACT","{Method indexSupportsIncludeFilter(TypeFilter) at spring-context/src/main/java/org/springframework/context/annotation/ClassPathScanningCandidateComponentProvider.java:344}","{Method isStereotypeAnnotationForIndex(Class) at spring-context/src/main/java/org/springframework/context/annotation/ClassPathScanningCandidateComponentProvider.java:399}","-341","-396"
"7bc2a7f3f24cbed40a0922134e28c8809729f458","INLINE","{Method parseIndex(List) at spring-context/src/main/java/org/springframework/context/index/CandidateComponentsIndex.java:62}","{Method new(List) at spring-context/src/main/java/org/springframework/context/index/CandidateComponentsIndex.java:65}","-59","-62"
"97ae5fde7ca43ae5a799c3853ff352d64b39c595","MOVE_RENAME","{Class IOException3Predicate at spring-context/src/test/java/org/springframework/resilience/ReactiveRetryInterceptorTests.java:396}","{Class RejectMalformedInputException3Predicate at spring-context/src/test/java/org/springframework/resilience/RejectMalformedInputException3Predicate.java:24}","-393","-22"
"58940794cf18e89e54763d1b630aa985030e3eda"
"670effa02bb6b18524057552939449e559d87172"
"6bc3ce48291555bd95edb1eeac0c46fa48a0229a"
"d404fdafa00612dc74acf5a08ecc9284ec47dcd1","RENAME","{Method restartWithinApplicationContext() at spring-web/src/test/java/org/springframework/http/client/ReactorResourceFactoryTests.java:222}","{Method stopAndStartWithinApplicationContext() at spring-web/src/test/java/org/springframework/http/client/ReactorResourceFactoryTests.java:223}","-219","-220"
"d404fdafa00612dc74acf5a08ecc9284ec47dcd1","RENAME","{Method restartWithGlobalResources() at spring-web/src/test/java/org/springframework/http/client/ReactorResourceFactoryTests.java:159}","{Method stopAndStartWithGlobalResources() at spring-web/src/test/java/org/springframework/http/client/ReactorResourceFactoryTests.java:160}","-156","-157"
"d404fdafa00612dc74acf5a08ecc9284ec47dcd1","RENAME","{Method restartWithLocalResources() at spring-web/src/test/java/org/springframework/http/client/ReactorResourceFactoryTests.java:176}","{Method stopAndStartWithLocalResources() at spring-web/src/test/java/org/springframework/http/client/ReactorResourceFactoryTests.java:177}","-173","-174"
"d404fdafa00612dc74acf5a08ecc9284ec47dcd1","RENAME","{Method restartWithExternalResources() at spring-web/src/test/java/org/springframework/http/client/ReactorResourceFactoryTests.java:199}","{Method stopAndStartWithExternalResources() at spring-web/src/test/java/org/springframework/http/client/ReactorResourceFactoryTests.java:200}","-196","-197"
"e0b8cb4fe2200120a449786fa775fcf4a5ae8f9e"
"03e379b070bd1fe41ed310504cc4de3be2835b35"
"00543becf8d3394c2666189a1260eafffd3407ff"
"891c3e3a1ffd17ee1050fb94ec8fb1e2ee75459d","CHANGE_SIGNATURE","{Method createObjectWriter(T, ResolvableType, MimeType, Class, Map) at spring-web/src/main/java/org/springframework/http/codec/AbstractJacksonEncoder.java:322}","{Method createObjectWriter(T, ResolvableType, MimeType, Map) at spring-web/src/main/java/org/springframework/http/codec/AbstractJacksonEncoder.java:312}","-319","-309"
"e11cb2d85658d49f3179ffd7ab919c11672401fc"
"d057eb2e5d2b6cf6801f6f8a45bf1791405b2f6a"
"451f2b5a906b90218c66105627bf3016679b3d93","EXTRACT_MOVE","{Method createRequest(URI, HttpMethod) at spring-test/src/main/java/org/springframework/test/web/servlet/client/MockMvcClientHttpRequestFactory.java:61}","{Method new(HttpMethod, URI) at spring-test/src/main/java/org/springframework/test/web/servlet/client/MockMvcClientHttpRequestFactory.java:72}","-58","-68"
"7e6874ad807c31500f3cf0ed9ac341ba2d7f92bd"
"097463e3b75a200a47784def2ae5e13b6809a649"
"30db2e4fb5e993ba6ada58d2d55ca4e82297e615","RENAME","{Method replaceBeanByNameWithMatchingBeanDefinitionWithPrototypeScopeFails() at spring-test/src/test/java/org/springframework/test/context/bean/override/BeanOverrideBeanFactoryPostProcessorTests.java:323}","{Method replaceBeanByNameWithMatchingBeanDefinitionWithPrototypeScope() at spring-test/src/test/java/org/springframework/test/context/bean/override/BeanOverrideBeanFactoryPostProcessorTests.java:323}","-320","-320"
"30db2e4fb5e993ba6ada58d2d55ca4e82297e615","RENAME","{Method replaceBeanByNameWithMatchingBeanDefinitionForPrototypeScopedFactoryBeanFails() at spring-test/src/test/java/org/springframework/test/context/bean/override/BeanOverrideBeanFactoryPostProcessorTests.java:354}","{Method replaceBeanByNameWithMatchingBeanDefinitionForPrototypeScopedFactoryBean() at spring-test/src/test/java/org/springframework/test/context/bean/override/BeanOverrideBeanFactoryPostProcessorTests.java:354}","-351","-351"
"30db2e4fb5e993ba6ada58d2d55ca4e82297e615","RENAME","{Method replaceBeanByNameWithMatchingBeanDefinitionWithCustomScopeFails() at spring-test/src/test/java/org/springframework/test/context/bean/override/BeanOverrideBeanFactoryPostProcessorTests.java:337}","{Method replaceBeanByNameWithMatchingBeanDefinitionWithCustomScope() at spring-test/src/test/java/org/springframework/test/context/bean/override/BeanOverrideBeanFactoryPostProcessorTests.java:337}","-334","-334"
"ff9a34927133059bef680c26f85129a1021513e9","EXTRACT","{Method findAnnotatedBeans(ApplicationContext) at spring-web/src/main/java/org/springframework/web/method/ControllerAdviceBean.java:235}","{Method findAnnotatedBeans(ListableBeanFactory) at spring-web/src/main/java/org/springframework/web/method/ControllerAdviceBean.java:248}","-232","-245"
"6aeb9d16e83c69d980f48a4a4f052bf52f31dfd0"
"c6e5cfe03d59a6aec167150f950ffe002f188496","RENAME","{Class MockitoSpyBeanForByNameLookupIntegrationTests at spring-test/src/test/java/org/springframework/test/context/bean/override/mockito/MockitoSpyBeanForByNameLookupIntegrationTests.java:43}","{Class MockitoSpyBeanByNameLookupIntegrationTests at spring-test/src/test/java/org/springframework/test/context/bean/override/mockito/MockitoSpyBeanByNameLookupIntegrationTests.java:43}","-41","-41"
"c6e5cfe03d59a6aec167150f950ffe002f188496","RENAME","{Class MockitoBeanForByNameLookupIntegrationTests at spring-test/src/test/java/org/springframework/test/context/bean/override/mockito/MockitoBeanForByNameLookupIntegrationTests.java:42}","{Class MockitoBeanByNameLookupIntegrationTests at spring-test/src/test/java/org/springframework/test/context/bean/override/mockito/MockitoBeanByNameLookupIntegrationTests.java:42}","-40","-40"
"c6e5cfe03d59a6aec167150f950ffe002f188496","RENAME","{Class MockitoBeanForByTypeLookupIntegrationTests at spring-test/src/test/java/org/springframework/test/context/bean/override/mockito/MockitoBeanForByTypeLookupIntegrationTests.java:49}","{Class MockitoBeanByTypeLookupIntegrationTests at spring-test/src/test/java/org/springframework/test/context/bean/override/mockito/MockitoBeanByTypeLookupIntegrationTests.java:49}","-47","-47"
"c6e5cfe03d59a6aec167150f950ffe002f188496","RENAME","{Class TestBeanForByTypeLookupIntegrationTests at spring-test/src/test/java/org/springframework/test/context/bean/override/convention/TestBeanForByTypeLookupIntegrationTests.java:39}","{Class TestBeanByTypeLookupIntegrationTests at spring-test/src/test/java/org/springframework/test/context/bean/override/convention/TestBeanByTypeLookupIntegrationTests.java:39}","-37","-37"
"c6e5cfe03d59a6aec167150f950ffe002f188496","RENAME","{Class MockitoSpyBeanForByTypeLookupIntegrationTests at spring-test/src/test/java/org/springframework/test/context/bean/override/mockito/MockitoSpyBeanForByTypeLookupIntegrationTests.java:44}","{Class MockitoSpyBeanByTypeLookupIntegrationTests at spring-test/src/test/java/org/springframework/test/context/bean/override/mockito/MockitoSpyBeanByTypeLookupIntegrationTests.java:44}","-42","-42"
"c6e5cfe03d59a6aec167150f950ffe002f188496","RENAME","{Class TestBeanForByNameLookupIntegrationTests at spring-test/src/test/java/org/springframework/test/context/bean/override/convention/TestBeanForByNameLookupIntegrationTests.java:37}","{Class TestBeanByNameLookupIntegrationTests at spring-test/src/test/java/org/springframework/test/context/bean/override/convention/TestBeanByNameLookupIntegrationTests.java:37}","-35","-35"
"80e7ee321ef22a80b68d4e214fb475ab6a1fe7e5"
"a32d0b17d13ac43fe327a490f625e1944b63b63f"
"d6fbe257f517cda9c1e66a2b579e579705e29334"
"d81f1a55c25e1c4783beb7e415380063c1c514b2"
"eb11070c193d572cf42a96536e0cd73c48126e6e","RENAME","{Method testCustomMapAccessor() at spring-expression/src/test/java/org/springframework/expression/spel/MapAccessTests.java:51}","{Method mapAccessor() at spring-expression/src/test/java/org/springframework/expression/spel/MapAccessTests.java:75}","-48","-72"
"eb11070c193d572cf42a96536e0cd73c48126e6e","RENAME","{Method testVariableMapAccess() at spring-expression/src/test/java/org/springframework/expression/spel/MapAccessTests.java:62}","{Method variableMapAccess() at spring-expression/src/test/java/org/springframework/expression/spel/MapAccessTests.java:46}","-59","-43"
"eb11070c193d572cf42a96536e0cd73c48126e6e","RENAME","{Method testMapAccessThroughIndexer() at spring-expression/src/test/java/org/springframework/expression/spel/MapAccessTests.java:46}","{Method mapAccessThroughIndexer() at spring-expression/src/test/java/org/springframework/expression/spel/MapAccessTests.java:41}","-43","-38"
"80f1d95404a3320504396372bee776d74c61a7e8"
"e2168edc8fd6c7050cb83cc701e1df8f5ed6b046","EXTRACT","{Method getObjectFromFactoryBean(FactoryBean, Class, String, boolean) at spring-beans/src/main/java/org/springframework/beans/factory/support/FactoryBeanRegistrySupport.java:119}","{Method postProcessObjectFromSingletonFactoryBean(Object, String, boolean) at spring-beans/src/main/java/org/springframework/beans/factory/support/FactoryBeanRegistrySupport.java:227}","-116","-224"
"ecd3dd88836f63a437d4065043062a69d0376299"
"332953c9a474d3b33b6514b36a9fa62fa0f0247d","EXTRACT_MOVE","{Method assertTranslation(String, int, Class) at spring-jdbc/src/test/java/org/springframework/jdbc/support/SQLStateSQLExceptionTranslatorTests.java:155}","{Method assertTranslation(SQLException, Class) at spring-jdbc/src/test/java/org/springframework/jdbc/support/SQLExceptionSubclassTranslatorTests.java:95}","-152","-92"
"332953c9a474d3b33b6514b36a9fa62fa0f0247d","EXTRACT","{Method assertTranslation(String, int, Class) at spring-jdbc/src/test/java/org/springframework/jdbc/support/SQLStateSQLExceptionTranslatorTests.java:155}","{Method assertTranslation(SQLException, Class) at spring-jdbc/src/test/java/org/springframework/jdbc/support/SQLStateSQLExceptionTranslatorTests.java:171}","-152","-168"
"332953c9a474d3b33b6514b36a9fa62fa0f0247d","EXTRACT","{Method assertTranslation(String, int, Class) at spring-jdbc/src/test/java/org/springframework/jdbc/support/SQLStateSQLExceptionTranslatorTests.java:155}","{Method assertTranslation(DataAccessException, SQLException, Class) at spring-jdbc/src/test/java/org/springframework/jdbc/support/SQLStateSQLExceptionTranslatorTests.java:181}","-152","-178"
"1cdd56bf024845553d78e574dfe420cd04912998"
"8a719117e308b5fe5928a91b2bc63b7ed3681e62"
"304107126925f9935163229ac3c56566c62ed044"
"2da821389c98423e9c705c2751990e4232bffb10"
"b4d501f8888f1571cb66bf67983a0f0e526dc138"
"8631345b719f161da044b9a1529afd0b1778889f","EXTRACT","{Method getBaseObjectWriters() at spring-web/src/main/java/org/springframework/http/codec/support/BaseDefaultCodecs.java:792}","{Method getJacksonSmileEncoder() at spring-web/src/main/java/org/springframework/http/codec/support/BaseDefaultCodecs.java:893}","-789","-890"
"8631345b719f161da044b9a1529afd0b1778889f","EXTRACT","{Method initObjectReaders() at spring-web/src/main/java/org/springframework/http/codec/support/BaseDefaultCodecs.java:640}","{Method getJacksonSmileDecoder() at spring-web/src/main/java/org/springframework/http/codec/support/BaseDefaultCodecs.java:877}","-637","-874"
"1333669e2c10fed7e374e79845a4701b33eb3107"
"c5a79fdf9941b0a377164397ff6b7ad07b3141bb"
"d484e4f3ff1d33c60cec923edc7ad1b890275379"
"74dc61b8c4010ad5a96b8a0bf8cbeb7bbc4e39a7"
"c08610ee58119b0ef39466fc4080ddbc4ec18fce"
"717358b56bce7d1942a0c5ae3ba45cf5e967c7d9"
"836634c47fc0ea86c7f4800ef8cde4a1542aeda6"
"e91abd442ae004afc9bafa0026fbc3c6fcee3bfc"
"d98179e13726a286cf01fa0ea168ead104676aaa"
"a6f6ecfe6c2d2f20b23c3d725614bc36c9c0e8f4","RENAME","{Method publicMethodInObjectClass() at spring-core/src/test/java/org/springframework/util/ClassUtilsTests.java:689}","{Method publicMethodInPublicClass() at spring-core/src/test/java/org/springframework/util/ClassUtilsTests.java:690}","-685","-686"
"e3da26ebbd40a34eef5156765da04353ad9ee010"
"e1c008f5a310bcca07447199139ba51896bae428"
"cb849a7071d39e6e474bfd977db71b445ae702c0"
"3e37279db66d6139bcb2851143326dd23dc6afde"
"b3264ec2a856971da768b40b3556833936294eb8"
"563919befd7aba60ffc5c7f3b8af401cef55d4c6"
"df860fd3cdeaf94513ab9f0d3208ead6214df3b0"
"636523a2f5a9e9b9a22fdef0c7b33195de5ea28a"
"a19b51b7e0c7763c6992cf113b6dbdfe00f58451","EXTRACT","{Method write(Publisher, ResolvableType, ResolvableType, MediaType, ServerHttpRequest, ServerHttpResponse, Map) at spring-web/src/main/java/org/springframework/http/codec/ResourceHttpMessageWriter.java:223}","{Method handleInvalidRange(ServerHttpResponse) at spring-web/src/main/java/org/springframework/http/codec/ResourceHttpMessageWriter.java:276}","-220","-273"
"fbdece6759682c24a69e513960155ea02f380b43"
"64d42fefda465c3c678564365449dabdcffafd85"
"447cfa18e9826d726c6f2847255b3d72a434fc41"
"5138305e0bc4e2f1ed643c23c717a8278dc1702e"
"48ec990a1740ae98273daf17daf82a30b57ca275"
"1e3f8651b8353d3fe7aba84b10d7be071e620870"
"a2c0e1cec8052dfe5d64c40a51bbcd4793a41522"
"8cad5711f578e5bef9fe28902846ff2ceeda2d91"
"741107969adfca6a2f621e13905bbc05259d4664","EXTRACT","{Method determineBeanNameFor(Method) at spring-context/src/main/java/org/springframework/context/annotation/BeanAnnotationHelper.java:56}","{Method determineBeanNameFrom(String, Method) at spring-context/src/main/java/org/springframework/context/annotation/BeanAnnotationHelper.java:78}","-53","-75"
"741107969adfca6a2f621e13905bbc05259d4664","CHANGE_SIGNATURE","{Method deriveBeanName(MethodMetadata) at spring-context/src/main/java/org/springframework/context/annotation/FullyQualifiedConfigurationBeanNameGenerator.java:56}","{Method deriveBeanName(MethodMetadata, String) at spring-context/src/main/java/org/springframework/context/annotation/FullyQualifiedConfigurationBeanNameGenerator.java:58}","-53","-55"
"741107969adfca6a2f621e13905bbc05259d4664","CHANGE_SIGNATURE","{Method deriveBeanName(MethodMetadata) at spring-context/src/main/java/org/springframework/context/annotation/ConfigurationBeanNameGenerator.java:42}","{Method deriveBeanName(MethodMetadata, String) at spring-context/src/main/java/org/springframework/context/annotation/ConfigurationBeanNameGenerator.java:45}","-39","-42"
"969517bce1ca306259f88fd8b288cda7b74104c8"
"ec3d9d6253ddcc6bde642e867ae17913d3b9f0d4"
"2bd6422db96fb308ba20833cf7cd02a8504e3ed8"
"b9e0a48e9560223fccc5ac8ddb83410045a42d7b"
"8dd64602e89d681bf9e35dfc637d2efdf8515d54"
"60673a0e329487cd1b74dca583c34b28fedde696"
"7f03487875bf2910864758095fc3440a4e827d98"
"e4a431e5368bf1d53fc09e7dfcc7a553ea9a77b7"
"2e915a3934444ae351e12e0443ee29a1b88873df","CHANGE_SIGNATURE","{Method version1_2() at spring-webflux/src/test/java/org/springframework/web/reactive/result/method/annotation/RequestMappingVersionIntegrationTests.java:106}","{Method version1_2(Version) at spring-webflux/src/test/java/org/springframework/web/reactive/result/method/annotation/RequestMappingVersionIntegrationTests.java:107}","-102","-103"
"2e915a3934444ae351e12e0443ee29a1b88873df","CHANGE_SIGNATURE","{Method handle(int, String, String, String, Map, Date, Map, String, String, TestBean, Errors, TestBean, Color, HttpServletRequest, HttpServletResponse, TestBean, TestBean, User, OtherUser, Principal, Model, UriComponentsBuilder) at spring-webmvc/src/test/java/org/springframework/web/servlet/mvc/method/annotation/RequestMappingHandlerAdapterIntegrationTests.java:464}","{Method handle(int, String, String, String, Map, Date, Map, String, String, TestBean, Errors, TestBean, Color, HttpServletRequest, HttpServletResponse, TestBean, TestBean, User, OtherUser, Principal, Model, SemanticApiVersionParser.Version, UriComponentsBuilder) at spring-webmvc/src/test/java/org/springframework/web/servlet/mvc/method/annotation/RequestMappingHandlerAdapterIntegrationTests.java:469}","-460","-465"
"7ba736dc06b1e07b72c456a9a6e058b97cef0c0d"
"5cd2cb38e1b1ed3e1951499d9b5ad63372dd7e3e"
"e9fb5eb38aeb7f422b19ed405ff6750574625f8c","RENAME","{Class PathSavingServlet at spring-web/src/test/java/org/springframework/web/filter/UrlHandlerFilterTests.java:177}","{Class PathServlet at spring-web/src/test/java/org/springframework/web/filter/UrlHandlerFilterTests.java:199}","-174","-196"
"e9fb5eb38aeb7f422b19ed405ff6750574625f8c","RENAME","{Method shouldReplaceCachedPath() at spring-web/src/test/java/org/springframework/web/filter/UrlHandlerFilterTests.java:158}","{Method shouldClearPreviouslyCachedPath() at spring-web/src/test/java/org/springframework/web/filter/UrlHandlerFilterTests.java:159}","-155","-156"
"34be8e266de3f933f7d5b224012c429e7c824c73"
"5df082132dbb2881d600e002d5dfe4ba8f31a9a1"
"871076ef97d6f4f8b71a63ad9e053b2bd8ffe43d"
"e834a3a80c7df51219363ba3b33015aed8d3ae10"
"5a858915ea343acb1a3e392574f416662c2e7aad"
"051adf267fcbabbeb101c3c0f072a54c55820170","MOVE","{Method getPropertyType() at spring-context/src/main/java/org/springframework/context/expression/MapAccessor.java:105}","{Method getPropertyType() at spring-expression/src/main/java/org/springframework/expression/spel/support/MapAccessor.java:104}","-102","-101"
"051adf267fcbabbeb101c3c0f072a54c55820170","MOVE","{Method generateCode(String, MethodVisitor, CodeFlow) at spring-context/src/main/java/org/springframework/context/expression/MapAccessor.java:110}","{Method generateCode(String, MethodVisitor, CodeFlow) at spring-expression/src/main/java/org/springframework/expression/spel/support/MapAccessor.java:109}","-107","-106"
"051adf267fcbabbeb101c3c0f072a54c55820170","MOVE","{Method canRead(EvaluationContext, Object, String) at spring-context/src/main/java/org/springframework/context/expression/MapAccessor.java:69}","{Method canRead(EvaluationContext, Object, String) at spring-expression/src/main/java/org/springframework/expression/spel/support/MapAccessor.java:68}","-66","-65"
"051adf267fcbabbeb101c3c0f072a54c55820170","MOVE","{Method getSpecificTargetClasses() at spring-context/src/main/java/org/springframework/context/expression/MapAccessor.java:64}","{Method getSpecificTargetClasses() at spring-expression/src/main/java/org/springframework/expression/spel/support/MapAccessor.java:63}","-61","-60"
"051adf267fcbabbeb101c3c0f072a54c55820170","MOVE","{Class MapAccessException at spring-context/src/main/java/org/springframework/context/expression/MapAccessor.java:128}","{Class MapAccessException at spring-expression/src/main/java/org/springframework/expression/spel/support/MapAccessor.java:127}","-125","-124"
"051adf267fcbabbeb101c3c0f072a54c55820170","MOVE_RENAME","{Class CompilableMapAccessor at spring-expression/src/test/java/org/springframework/expression/spel/CompilableMapAccessor.java:36}","{Class MapAccessor at spring-expression/src/main/java/org/springframework/expression/spel/support/MapAccessor.java:40}","-34","-38"
"051adf267fcbabbeb101c3c0f072a54c55820170","MOVE","{Method read(EvaluationContext, Object, String) at spring-context/src/main/java/org/springframework/context/expression/MapAccessor.java:74}","{Method read(EvaluationContext, Object, String) at spring-expression/src/main/java/org/springframework/expression/spel/support/MapAccessor.java:73}","-71","-70"
"051adf267fcbabbeb101c3c0f072a54c55820170","RENAME","{Method indexIntoMapOfPrimitiveIntArrayWithCompilableMapAccessor() at spring-expression/src/test/java/org/springframework/expression/spel/SpelCompilationCoverageTests.java:620}","{Method indexIntoMapOfPrimitiveIntArrayWithMapAccessor() at spring-expression/src/test/java/org/springframework/expression/spel/SpelCompilationCoverageTests.java:621}","-616","-617"
"051adf267fcbabbeb101c3c0f072a54c55820170","MOVE","{Method canWrite(EvaluationContext, Object, String) at spring-context/src/main/java/org/springframework/context/expression/MapAccessor.java:85}","{Method canWrite(EvaluationContext, Object, String) at spring-expression/src/main/java/org/springframework/expression/spel/support/MapAccessor.java:84}","-82","-81"
"051adf267fcbabbeb101c3c0f072a54c55820170","MOVE","{Method write(EvaluationContext, Object, String, Object) at spring-context/src/main/java/org/springframework/context/expression/MapAccessor.java:90}","{Method write(EvaluationContext, Object, String, Object) at spring-expression/src/main/java/org/springframework/expression/spel/support/MapAccessor.java:89}","-87","-86"
"051adf267fcbabbeb101c3c0f072a54c55820170","MOVE","{Method isCompilable() at spring-context/src/main/java/org/springframework/context/expression/MapAccessor.java:100}","{Method isCompilable() at spring-expression/src/main/java/org/springframework/expression/spel/support/MapAccessor.java:99}","-97","-96"
"27b2243b43117e59ddc1d0f99e3f48e4ced632df"
"20aac6dd8d0819f953e71a89ebc2be31e1955726"
"d84bf1840886841a41967c1880d85c9cde907d44"
"7edb0b339719db49803f5a81c9501816d75077b0"
"aa272b4cd97d51242afe816a99c19c3fe68c0d52"
"c79e4e230b019323f5e866b6f55a62394cd27539"
"7635ac38f612c8eb6c7cdcbac999846a5761e535"
"5ac3c40689047279a7f6713bf693df7f3a7fbddd","EXTRACT","{Method withPostProcessorForClass() at spring-context/src/test/java/org/springframework/resilience/ConcurrencyLimitTests.java:80}","{Method createProxy(Class) at spring-context/src/test/java/org/springframework/resilience/ConcurrencyLimitTests.java:157}","-77","-154"
"5ac3c40689047279a7f6713bf693df7f3a7fbddd","EXTRACT","{Method withPostProcessorForMethod() at spring-context/src/test/java/org/springframework/resilience/ConcurrencyLimitTests.java:62}","{Method createProxy(Class) at spring-context/src/test/java/org/springframework/resilience/ConcurrencyLimitTests.java:157}","-59","-154"
"8b254ad25e690b9144b7cbb3074f7ee1e16df7c0"
"73ad1ebffb2c10e57c812919b0afb0aba13cc940"
"91f112a918812c8cbc15c85b2999f25c5dadc015"
"23b8c61b999e0fc04d561e06c4343798cb15dba7"
"0c61ac956bb8053403d298c0c3d11bc5df177a5e"
"f504d051abc498446b2e543c76875ef574ad7fd3"
"e9e19f5ed739eb478ca851804f56db9190559172","MOVE","{Class CustomHttpServiceArgumentResolver at framework-docs/src/main/java/org/springframework/docs/integration/resthttpinterface/customresolver/CustomHttpServiceArgumentResolver.java:29}","{Class CustomHttpServiceArgumentResolver at framework-docs/src/main/java/org/springframework/docs/integration/resthttpserviceclient/customresolver/CustomHttpServiceArgumentResolver.java:29}","-27","-27"
"79738d921ad8824ee1c312711ccb63b912403f56"
