"Commit","RefactoringType","Before","After","BeforeLOC","AfterLOC"
"a6313d1bda6fb25bc53d8ef3b6d7dd67e05503aa"
"ac54591d1e140e33fdc681088548ba438cbceda1"
"0debad4c833d0fd9bac5b4763c5ed840e0483f5e"
"d4600a284639968f705c0264dc855188093c5298"
"399346e51a4b8c6bff0d8c2125a776131062955c"
"4baad44bcfd7dc710b9eae78e6652b0cdc1f0d50"
"f23da62a9b5c27e20195627b692fc31e7713c218"
"a033e40b7b0fc5e0ea3786ed0df39e32deac2f38"
"6efd549a1a6d28228fa29484e342ba79e9d45f46"
"23cc785989878d420539a02bdaab44e467bfe486","EXTRACT","{Function redis_xdelex_cmd(RedisSock, char, int, short, void) at redis_commands.c:6015}","{Function redis_cmd_append_delex_mode(smart_string, xdelExMode) at redis_commands.c:6013}","45","9"
"b192b0e454256eac36e840f0760aa3330878c778"
"3401462e00fc48c45466287eb88552462930c13a"
"7d4fa6137c0bbea8cc3357a7fed45757c558fee6"
"d24528e190437a47b53582f5d0b246266546db3e"
"8e1c2789a4e192907f20ce8ffbf4390b7ac4f649"
"c17f475caa0cbdfc5a58777c59085113f7c25add"
"0981c2b7d76b7d4e085196cc28fb60c0db728185"
"8ef349a2d9ac04cab26bf74c13053a8299d82702"
"26cf6d9494cb13a1228ede4fcdd595a7c24e801a"
"49919b0ec507d73f7a4d388efdb8d858579bbe69"
"8b4cfb725f0468a076e8d57a4310bdab8185a1c2"
"635d87d535e15626b8df5493bfa15bd1a7a661d9"
"41922b6740f605869f3a0832d0cece90bef8fc8e","CHANGE_SIGNATURE","{Function redis_cmd_append_sstr_mset_kvals(smart_string, RedisSock, HashTable) at redis_commands.c:1965}","{Function redis_cmd_append_sstr_mset_kvals(smart_string, RedisSock, HashTable, short) at redis_commands.c:1965}","15","15"
"bd4989e004bee119e70f7ed253e9e1faad9007a1"
"86eabb86eb4efad7bd3daf5735b4205ba6e13231","EXTRACT","{Function redis_set_cmd(RedisSock, char, int, short, void) at redis_commands.c:2332}","{Function redis_cmd_append_sstr_set_type(smart_string, redisSetType) at redis_commands.c:2513}","121","7"
"86eabb86eb4efad7bd3daf5735b4205ba6e13231","EXTRACT_MOVE","{Function redis_set_cmd(RedisSock, char, int, short, void) at redis_commands.c:2332}","{Function Z_PARAM_ZVAL() at redis_commands.c:2586}","121","5"
"86eabb86eb4efad7bd3daf5735b4205ba6e13231","EXTRACT","{Function redis_mset_cmd(RedisSock, char, char, int, short, void) at redis_commands.c:1926}","{Function redis_cmd_append_sstr_mset_kvals(smart_string, RedisSock, HashTable) at redis_commands.c:1965}","31","15"
"730dec06b60adab297ca2acc24b69b77bae9bf2d"
"76286d88a9c1d7776c7cb89ef707806948c903ca"
"a46700cfc89d643856c72444cf57e444a33184f0"
"e9e338b567338703deb58fa24ec55a705a28e3e5"
"d5b1576e272baea1724210d640ef48e3e8e41c0f"
"5fe0862109fc085fef3801114d3ab1136e332a4b"
"38e56d573858f713e12c3f699c77910c6091b686"
"9edc24257913d6effcdbec7cdfdc22db01b0054d"
"d45c4d294c8d00358c63d4dcd8edf1eb37f008e7"
"ae69e47a08955305a319623ed7954c149c9c2765"
"9b17434e3dfc2e80e2ca87fc5e4bb6a0fdba0b4d"
"4cf670fed3608470a5b10463596525dce736a7f7"
"e460a8595af666c5106cf4a9ff4d363f59a9610f"
"1297c48c1473f7cba74d511b6cd57ceb640e9ca7"
"b30fe1d1c70d28ef4bacb702cc29e06ee88c2460"
"9e9ccbd441686ce252aa86d9c9d4a18346620542"
"abce1655b96719126b2d926a42ae29b743ad18c9"
"ecdc290bba19c48d27fc14f1fa74d2187c791a7b"
"10c0bf0fcfa3ff93065ace2fbcbd3cbcdc9f3fb0"
"d6437f5e95df1edc4396e2b4e69fe0899342502a"
"107cc7aacb88597c8bfe9492387a9d0cb8417c71"
"00c62de277e8c93ba6c18bfe9b713478ac49dd75"
"e2dd13ce7b756ffd358939b1f557f4b4b00abf6e"
"025b0e9772c1c2381965156306b78766b39cf50f","CHANGE_SIGNATURE","{Function redis_pool_get_sock(redis_pool, char) at redis_session.c:236}","{Function redis_pool_get_sock(redis_pool, zend_string) at redis_session.c:252}","20","21"
"bf2047e0674bfb3634a602cd7fd62cf23daf7eaa"
"453c4788d689669e3ca48752e86a37186be586c0"
"6e214c169862af80e0215de068afc6e5c8aa7c40"
"8894de5a0b0db65415436b101e53c11b9b4759f2"
"b742bb8bdb05456f4b8aea80020492b00213f1da"
"9c9d0286f420f4569378f1c5a3e1d7c00bad49f8"
"8597d3d793f335b8bdc0f268407bf7322717dcf7"
"5afa8eb7e0fd51ec9901c83e72915aeca7f9ddba"
"4de4f727a46c5f4c28f46354c2ec04021a92f8e1"
"6b481b6f66d9e69e11370eaf234381ae0b9bbd2a"
"cd4cf653df04f02d9ed9d0492195f78dedb2791a"
"c28430e5f6066a86583751fc4315397ae7a84c41"
"6c1fbf86ae56ace773d4931ce852f6bdacf3df67"
"c8b79b168663f3c3e1aa960fc99e3df39676c357"
"c563c8cea306e7b45ec81f8f38efe18055241dc9"
"ca25b6fd9f31958601c97fff04c9d18bb3918da3"
"be4f14cccd38b95fb529b2822c3aa764d9af7ea5"
"675be9904dee27657ee2f9fc373e0d365ade4aec"
"0abe2c295ee3ec6cd8700f753cdd62ee410ce3e2"
"2f2d81149d9bad19883d089ae0cdb13252701ceb"
"7d3b2e4d6d87a905cc8952497a383350b2806247"
"9dfc3779024f9cd31df4d314f3ee8cfe09e4bed1"
"547475295a9bb2aca6f06074caa93a08f6625691"
"5ebb853e1a15f174409bdec0481a39c470a1ec5d"
"f5db01b7815d6a8c7ef75c7453c68d95382e7997"
"4517d5f9109ca4642d68bbaf31f05b5e3423a413"
"6ca84b668cc2f50132c1e56d7e3a718c3e994095"
"f7e69810841e687d3bddbb2d88d1661e365082fe"
"bddb0305f4c3c07bc7a12a2a0ed5c7467e2803ce"
"0fff1352574ea36dc748850de5b80d53530f23b1"
"d01614b7a4b2c1190a124cb025b408299693651c"
"3822a11f455fd09abafa87cc6da23a8fc7e8171d"
"2e5e47da75388d95f266fcadafba7bbc46edc01f"
"6ce3bd533a6cf82ba9ff74b596a509db9371d344","EXTRACT","{Function redis_xrange_cmd(RedisSock, char, char, int, short, void) at redis_commands.c:5862}","{Function redis_xrange_generic_cmd(RedisSock, char, zend_bool, char, int, short, void) at redis_commands.c:5863}","27","31"
"7a69d7301c8b1618d213d9ada66ba5e006b6c14d"
"2066cfad26db9e72295697485a0756df66dfe87c"
"1d662f56aaac82e9f4a480265666e49eb592d9f6"
"0ac014764dfa6529ba9778c243f787d10ffc4506"
"c0076036d99d604d3a0772a5c6314847ad0d09e5"
"09cd4c54b97941cd0f2becd5cc3ca31a6cbc6b76"
"e9e9e4950946cd92aab8d0aa14d9d84adce4a646"
"f9f609e1ebd5c0054e50d9f9e254b21f46a2c41d"
"1d07c3a07efaa7cf9e9a9e9c7f31834f285e4436"
"f24814a42349e6bb1b2aff8fdae4422be1cbd732"
"b3da0f3bcf6bef098f6ced45b6727d14997253be"
"22a2914b09e927c0641da846b01fe54ebef50334"
"35df8ad7c2fc54fbf2a58d486cce49e712344bb2","EXTRACT","{Function redis_cmd_append_sstr_long(smart_string, long) at library.c:1074}","{Function redis_cmd_append_sstr_zend_long(smart_string, zend_long) at library.c:1081}","6","6"
"25e6d5fcc2b7599907ec9571a12c1d5c8f9c0dcb"
"d0b0c5cfdde9d49a265ca4bf7184e3998863aed0"
"92137ffd3f9b3a763be5afbdf14d14f01aa2c193"
"38115decb97ccdd96088077fcb447db9251667f0"
"b8de91c9e09dfaf6850273619b5ed92ce5d88db9"
"92dd256f981be863fb3811c17aad60e5b270c862"
"c4b2ea6ca532d4ef2c836f9b9c0701846c3bb202"
"0b4b4ed2c3abe6ca97b61815e535073b53b31e4e"
"d80b725824d5cb56a44910b761c82acaec265713","EXTRACT","{Function redis_bulk_resp_to_zval(RedisSock, zval, int) at library.c:2864}","{Function redis_bulk_resp_to_zval(RedisSock, zval, int) at library.c:2916}","17","17"
"7f9b1f416ec96e3c34fb2b18a674cb28debcf8c5"
"ea11d62aec4a78fccbf0ac43fb37998d0e36860b"
"92716ed0c5ccd199fe20575989d84c582832d01c","MOVE_RENAME","{Function redis_getoption_handler(RedisSock, redisCluster) at redis_commands.c:7050}","{Function Z_PARAM_ZVAL() at redis_commands.c:7081}","48","48"
"92716ed0c5ccd199fe20575989d84c582832d01c","RENAME","{Function get_vadd_attributes(zval) at redis_commands.c:6637}","{Function zval_to_vattr(zval) at redis_commands.c:6637}","13","13"
"65927b53b1831d4beb5fd24e88f5f7fd0571a2d5","MOVE_RENAME","{Function Z_PARAM_ZVAL() at redis_commands.c:7073}","{Function redis_getoption_handler(RedisSock, redisCluster) at redis_commands.c:7050}","48","48"
"5fe188416db33efed290180336bb00b70d19d586"
"bbae745a939e90048f85431a2a1cb5d006155c75"
"dc91631b3f6fe689fbf2de63da96f7a5ff350048","MOVE_RENAME","{Function redis_getoption_handler(RedisSock, redisCluster) at redis_commands.c:7051}","{Function Z_PARAM_ZVAL() at redis_commands.c:7073}","48","48"
"1deca62841ab0b8df0699733166bf9394d5143e0","RENAME","{Function redis_srandmember_cmd(RedisSock, char, int, short, void) at redis_commands.c:3719}","{Function redis_randmember_cmd(RedisSock, char, char, int, short, void) at redis_commands.c:3720}","23","23"
"1deca62841ab0b8df0699733166bf9394d5143e0","RENAME","{Function cluster_srandmember_resp(redisCluster, void) at cluster_library.c:1896}","{Function cluster_randmember_resp(redisCluster, void) at cluster_library.c:1896}","9","9"
"1deca62841ab0b8df0699733166bf9394d5143e0","RENAME","{Function redis_srandmember_response(RedisSock, zval, void) at library.c:1280}","{Function redis_randmember_response(RedisSock, zval, void) at library.c:1282}","10","10"
"96378b70fd03b571d1952022ec07f20307bf9fe6"
"8f8a49bec26e0aea31ff51893510065e9d92ab2d"
"0fda9f293b81f271b0f33e36303cf4df3e9dcefe"
"0ed0fc0562eccbfd53b30d466c4076bab35bc39b"
"659dc763e0f69f526ff0a3404c1a113c9c55e9ea"
"8d369f4d6263c8fe549d6eb89c52dc148843963d"
"b1b0c1914232b2b8d94cd2147b12df4429ba10bc"
"b0ba827be243eae701239fa4068c05249ada6b49"
"8685c49c7055d538f695cb3af1bb85b4145efad5"
"f4ec5e2bb0940dcf11f76e63d12c6521218ea873"
"a0621555b5dbb6bb65f8104378449ecf1797b33b"
"03837f0230a0f00d88194e373ec89e77ec1c7bbe"
"77691947571921ced7170abcbdc0643ad7cf7c47"
"9802fc0e46a3746e7913807029c6edcf03be3ec5"
"58e1a04f76340b7add977b586d18bb1f8cb23bac"
"8f0931bbed9c68a9d9316ec2dbe36852235bbb04"
"7c953d458b8b30bc6bb6e7877a9b07ff5607300a"
"950d2bc79dd328ae4d9b55a019b9d51a312813f5"
"601ebbff2b654d7f73d58a5cea275f08009fd4ee"
"c3a71631080d0e40a66b1362bc9113f4048a9aca"
"b004051499ffd78cd4ca678e0a061cf279dedb6c"
"fae89fa9927d5d1074da45ffe019822af215969e"
"f880e1f7273a230bd462824533e03c35e49a57f4"
"b90e27f2858276908803b6ac65103aeb89c254f8"
"1db390891455e2faeb5a9fef4f3da9e18a2ba754"
"d564e8cf3ce33c65898bc098173358b697fa459a"
"8be2306e4f9192aaa167a5338673f3c348a2caf6"
"b83981aaeb6614754664353d8b4db22f5a631543"
"6e5faf4226b6a0a33ce782ae04d5d395fe233f55"
"f61e8cd7bae16a761fd5c6c4b62e1e52707e0841"
"334937cb98adb557c31830e77e0c7ad36d8bdbac"
"d1d690053f8a468a64628da1d53cfd3ad6155344"
"286fa630649af95c5530f5df54cc74927bdf2383","MOVE","{Function redis_expirememberat_cmd(RedisSock, char, int, short, void) at redis_commands.c:6485}","{Function redis_expirememberat_cmd(RedisSock, char, int, short, void) at redis_commands.c:6517}","5","5"
"286fa630649af95c5530f5df54cc74927bdf2383","MOVE","{Function redis_sentinel_str_cmd(RedisSock, char, char, int, short, void) at redis_commands.c:6506}","{Function redis_sentinel_str_cmd(RedisSock, char, char, int, short, void) at redis_commands.c:6538}","9","9"
"286fa630649af95c5530f5df54cc74927bdf2383","MOVE","{Function redis_sentinel_cmd(RedisSock, char, char, int, short, void) at redis_commands.c:6494}","{Function redis_sentinel_cmd(RedisSock, char, char, int, short, void) at redis_commands.c:6526}","8","8"
"286fa630649af95c5530f5df54cc74927bdf2383","MOVE","{Function redis_expiremember_cmd(RedisSock, char, int, short, void) at redis_commands.c:6477}","{Function redis_expiremember_cmd(RedisSock, char, int, short, void) at redis_commands.c:6509}","5","5"
"286fa630649af95c5530f5df54cc74927bdf2383","MOVE","{Function Z_PARAM_STR() at redis_commands.c:6453}","{Function Z_PARAM_STR() at redis_commands.c:6485}","20","20"
"9cae7815daf40bd8b5c808c0cd8ee6e21870f137"
"d18db84c68d4db907fe04e6531a5129c1fe97391"
"1e6f5477cb3728724eb26cd9bb1150701e68a31e"
"ca80ee0e6781bad4b4e453a10e968491b12db579"
"340f23b0827b31ae32638730110323d607a29412"
"a6922a07fe9a902dc7000c68ab9380d3d74ad353"
"6b2f088d49ae295c7a787e228a7f51d62beddec0"
"7805da7542b4f33fd2bd0300f3666d2325307e5b","CHANGE_SIGNATURE","{Function get_hsetex_expiry_options(redisHSetExOptions, zval) at redis_commands.c:4845}","{Function get_hsetex_expiry_options(redisHSetExOptions, HashTable) at redis_commands.c:4845}","40","40"
"7805da7542b4f33fd2bd0300f3666d2325307e5b","INTERNAL_MOVE","{Function Z_PARAM_ARRAY_HT() at redis_commands.c:4904}","{Function Z_PARAM_ARRAY_HT() at redis_commands.c:4904}","4","4"
"2acab399cb667475569e313bd688f5f19665c7e4"
"75acbb0984704c0e66919153d9485ac156d382be"
"ce5b0facc2520457f52a29d90b84ee1fa62936d1","EXTRACT","{Function mbulk_resp_loop_zipdbl(RedisSock, zval, long long, void) at cluster_library.c:2904}","{Function mbulk_resp_loop_zipdbl(RedisSock, zval, long long, void) at cluster_library.c:2922}","34","34"
"ce5b0facc2520457f52a29d90b84ee1fa62936d1","EXTRACT","{Function mbulk_resp_loop_assoc(RedisSock, zval, long long, void) at cluster_library.c:2942}","{Function mbulk_resp_loop_assoc(RedisSock, zval, long long, void) at cluster_library.c:2960}","30","22"
"ce5b0facc2520457f52a29d90b84ee1fa62936d1","EXTRACT","{Function mbulk_resp_loop(RedisSock, zval, long long, void) at cluster_library.c:2843}","{Function mbulk_resp_loop(RedisSock, zval, long long, void) at cluster_library.c:2861}","21","21"
"ce5b0facc2520457f52a29d90b84ee1fa62936d1","CHANGE_SIGNATURE","{Function cluster_gen_mbulk_resp(redisCluster, mbulk_cb, void) at cluster_library.c:2272}","{Function cluster_gen_mbulk_resp(redisCluster, zend_bool, mbulk_cb, void) at cluster_library.c:2289}","33","34"
"ce5b0facc2520457f52a29d90b84ee1fa62936d1","EXTRACT","{Function mbulk_resp_loop_dbl(RedisSock, zval, long long, void) at cluster_library.c:2801}","{Function mbulk_resp_loop_dbl(RedisSock, zval, long long, void) at cluster_library.c:2819}","16","16"
"ce5b0facc2520457f52a29d90b84ee1fa62936d1","EXTRACT","{Function redis_hmget_cmd(RedisSock, char, int, short, void) at redis_commands.c:2653}","{Function hmget_filter(zval) at redis_commands.c:2704}","46","4"
"ce5b0facc2520457f52a29d90b84ee1fa62936d1","EXTRACT","{Function mbulk_resp_loop_raw(RedisSock, zval, long long, void) at cluster_library.c:2821}","{Function mbulk_resp_loop_raw(RedisSock, zval, long long, void) at cluster_library.c:2839}","18","18"
"ce5b0facc2520457f52a29d90b84ee1fa62936d1","EXTRACT","{Function mbulk_resp_loop_zipstr(RedisSock, zval, long long, void) at cluster_library.c:2868}","{Function mbulk_resp_loop_zipstr(RedisSock, zval, long long, void) at cluster_library.c:2886}","32","32"
"8dada174c4c0daf7de38d7be3ccbb5f71a94ad74"
"152fdda9b15fe5e60914f43fa34f64fd6e19d90d"
"801400036946676e48f975468f2e9c28d2c17027"
"7350768cd9285b7d0c5c28742eabe52cfb1b326a"
"593ba012ac49065343f6bbf10adca5047414ce85"
"b48aa0d471bf7280a1365fb5b4cb7595b5920498"
"b7a97e5ec37ade2481f875295e45a2e1b6dd5366"
"bfbab8925878409d0f6614c17a597e74c30574a8"
"3c64b33ffe06a8929d61dd2b71ae5ea08014a455"
"614b86e457532f0cc3c6f41322740e6125949721"
"5208818e8c8422f33f5299aafa51e27679561a78"
"0a85bd824a1506d54abe3c48a3ad12c34429b00d"
"60ca48f3ce80acd697863408e3633b298fa224c5"
"0445e683e7552d60dbc82f21e0ee845911844651","EXTRACT","{Function cluster_bulk_resp(redisCluster, void) at cluster_library.c:1678}","{Function cluster_bulk_resp_to_zval(redisCluster, zval) at cluster_library.c:1675}","30","20"
"4f6a3ed1e71c70f80b631a9f53749e6a9fdb457a"
"3828c9293b8fcd473e3c0b6d72c8db740b32bed8"
"52e2b8a788863c105843119f1ad3be5adf9bfff2"
"300c5fb218ebb55fb6eca4de91756a91e57912ea"
"fa3eb00683a2c8d539b52c0738db6821c74fef54"
"cbaf095ff708caf2728541bd627399a4058d0f19"
"056c2dbee7f6379a9f546e46584ace59449847c7"
"f73f5fcce55ab9268c4eb40bf93cccdae418c1d2"
"e73130fee0c22a20e11ce1596579df3f6f826974"
"d342e4ac18723607b001deb593c8d45e40bbc4c8"
"807f806fe8a4df77691c869289db24358a684f7f"
"1b72964e39f4232fe3c56a40f46c4dcea1ca05e1"
"9036ffca6adf0b5c8b2f4b08d9552b6d38a4bc33"
"abb0f6ccc827f240a1de53633225abbc2848fc3a"
"29e5cf0d8c03069aa34c2a63322951fdf2c268c2"
"f9ce9429ef9f14a3de2c3fe1d68d02fb7440093d","EXTRACT","{Function redis_serialize(RedisSock, zval, char, size_t) at library.c:3872}","{Function serialize_generic_zval(char, size_t, zval) at library.c:3834}","88","17"
"a10bca35bba32bb969cc1e473564695d3f8a8811"
"c7b878431014789f35d2fb1834b95257ca6cbba5"
"a2eef77f4419cda815052e75def3af81b0ccd80f"
"faa4bc20868c76be4ecc4265015104a8adafccc4","CHANGE_SIGNATURE","{Function redis_build_scan_cmd(char, REDIS_SCAN_TYPE, char, int, long, char, int, int, zend_string) at redis.c:2701}","{Function redis_build_scan_cmd(char, REDIS_SCAN_TYPE, char, int, uint64_t, char, int, int, zend_string) at redis.c:2701}","52","52"
"3f8dba6a44cda6e4b6e8fd360466dbc4f6af4147"
"9e504ede34749326a39f997db6cc5c4201f6a9bc"
"5cad20763710d44f8efb8e537f8f84a812935604"
"43e6cab8792dc01580894d85600add9b68c27a42"
"044b30386f0418e9ed2a2bbc3b79582520d008d8"
"35c5988027eda663167a64decde4512957cae738","RENAME","{Function redis_cmd_append_sstr_ui64(smart_string, uint64_t) at library.c:1071}","{Function redis_cmd_append_sstr_u64(smart_string, uint64_t) at library.c:1071}","5","5"
"138d07b67c5537373834f1cae99804e092db1631","CHANGE_SIGNATURE","{Function redis_fmt_scan_cmd(char, REDIS_SCAN_TYPE, char, int, long, char, int, long) at redis_commands.h:311}","{Function redis_fmt_scan_cmd(char, REDIS_SCAN_TYPE, char, int, uint64_t, char, int, long) at redis_commands.h:311}","2","2"
"138d07b67c5537373834f1cae99804e092db1631","CHANGE_SIGNATURE","{Function redis_fmt_scan_cmd(char, REDIS_SCAN_TYPE, char, int, long, char, int, long) at redis_commands.c:578}","{Function redis_fmt_scan_cmd(char, REDIS_SCAN_TYPE, char, int, uint64_t, char, int, long) at redis_commands.c:578}","34","34"
"f68544f70385e1d431fb0245fafe30b39ee7479a"
"42a427695e89577a1f1a554dba268527f3995708"
"a551fdc94c14d7974f2303cd558f7bd3e0fd91d6"
"be388562058a75ed8fd31926bb0e6a60e2d8cb08"
"571ffbc8e0a5da807a6cc4a2cc5aa90af72e23b0"
"7895636a3a7cd3cad396a83ebe3aa5fe0208f42d"
"2434ba294cbb3b2f5b4ee581c37056906902d0d9"
"aba09933db05a1a36e947c6fa9dca9889c6a77ff"
"4082dd07f714fd2f6a0918b1845eb46c403a9edd"
"99650e15453f03b5dd99284548514551fde4c812"
"f6906470a52e2d24b1e1b9f2574726643edd7a64"
"2a2f908f2b6b695a0e6705200160e592802f0e41"
"5156e0320242ff05f327a3801667140069688c0e"
"426de2bb71372f665f5a5bb5a779a7b9c586892d"
"400503b8718104b766ceb4a0b84e4a446dbee09b"
"83a19656f49aec8f354596099dbf97ba7375d7af","RENAME","{Function redis_key_long_str_cmd(RedisSock, char, char, int, short, void) at redis_commands.c:286}","{Function Z_PARAM_ZVAL() at redis_commands.c:286}","15","15"
"3a2f3f45fc7bb01d1be2b9d97cf9d8bff0b0e818"
"60b5a8860ae3ff2d02d7f06cc6f86b59cb53b2cf"
"64da891e6fe5810b1aa2a47bc0632a2cd346659d"
"99beb9221c815018f1d076654b033cafac22a6ce"
"b665925eeddfdf6a6fc1de471c0789ffb60cd067"
"6097e7ba50c0a300bc4f420f84c5d2665ef99d90"
"4cd3f59356582a65aec1cceed44741bd5d161d9e"
"8144db374338006a316beb11549f37926bd40c5d"
"0fe45d24d4d8c115a5b52846be072ecb9bb43329"
"085d61ecfb0d484832547b46343a2e4b275a372e"
"eb66fc9e2fe60f13e5980ea2ecbe9457ca5ae8b4"
"985b0313fb664c9776c3d2c84e778ddd6733728e"
"5419cc9c60d1ee04163b4d5323dd0fb02fb4f8bb"
"52e69edefdb98ac19204ed7eb4b1708af6208d73"
"f89d4d8f6eecbe223e158651ffffd77ffa27449b"
"cc1be32294a0b134e60be1476775e8d37dbf3f6a"
"0bae4bb0442e408c8f5c8875400800aaa3b6aa42"
"909c5cc13cb4b20521a02c7da7044f820bebebb3"
"bff3a22e9d9134cfe8a32b8423632ef2f1de3964"
"30c8f90cd9ccf5cd0381e861a7b71f245b17ba68"
"9bd2aaace407ab184148a0bd975f9d2237311267"
"b59e35a64f91e85b03b9f51bb41a393d1eac88d7"
"a75a7e5a361b5cc79d858b18dafe7e25c42f9065"
"9d380500934341cb85086675a97d09724f6c60d1"
"40c897364fa5be53b7b9dbe4184ea6a7571eb972"
"37cebdd70b06df252baba1b94f1e7e2b12fccf23"
"8b519423570bd11da9ffdb2c08d040d15cf4f6c3"
"e9474b80cb84f0505a3a05879ba844001366ea37"
"ff3d5e3e0661ef20baeb145a64e896b4c5952884"
"6ea5b3e08bdbf8cbe93e0dc56b18e8316d65097c"
"6673b5b2bed7f50600aad0bf02afd49110a49d81"
"99f9fd8353810c9d65d24217d2e5d1b1d52682cd"
"eeb5109967db6600278bddeca794506ac1e0a8e4"
"50529f56e45d4735beeabda61c9ba8cae9ba03c4"
"7de29d57d919f835f902f87a83312ed2549c1a13"
"981c69314dd2ce3d5c65573bec298480327c453e"
"7c551424b62f00f81e9bee9e9a9a55c88c53471f"
"57304970cd9dc26e5c925105a7430ad8059b59e0"
"b1771defdcb46392046317f6d62ba9988a0c6361"
"b808cc60ed09bd5f0efc22508c43db90a3e1219e"
"7050c9890977f6197290f5d7ccbb9b64ce55fa4d"
"d3b2d87b103cada2fc5b988a6b141f149069eb07"
"f8c762e70bd754a2494589c127a69c066336ee8f"
"c139de3abac1dd33b97ef0de5af41b6e3a78f7ab"
"dab6a62d3463a4f003ebfbaedddbf9eaff103f90"
"c6cd665bdea5bd446ae1213b07a8c7bd232fe75e"
"78b70ca8f49a5918e7ce626c19076036b7d20c75"
"0d89e92889c49e0e693ee16747ace2bc506208b6"
"e18f6c6d9eccd075810e5998634de101cdd26fc7"
"3c125b09f4e33a05973b73463c0216d812e6af1f"
"18b0da727b3b10cd34f18c08aa58125a5729fdc7"
"b88e72b1e6bbc34d8f95475590f4bb441d04f834"
"d68c30f87d0467f147dbcf8adb2a38357fafc4f9"
"34b5bd81ef27fd91cd01a7b39825605471dcb770"
"f865d5b95dca9004ac82eaa5bef6ef53a21b15b0"
"0f94d9c1c6b3b03a6735cb45dd168b5b43d6a4d4"
"c0d6f04298e3eb431734e9530e9122af87aa1ca7"
"f350dc342cb3520b2ee663664a22c25f29bc8aaf"
"3d7be35816cdb0282698da7b785a960185af7025"
"0e92616591bc9f4453a307171c9e7cfbafe4f9a7"
"9f3ca98c00bd819e0b609d3b8bf6bc3d3751ec9d"
"2b555c89ef93ac7064247861848125eee16516b8"
"dc39bd55a050723b88ffa42fe97e0c90666ed164"
"da4ab0a72c664ff2477c1d4864fb307da94d4231"
"5f1eecfba62609c45b5d5b9c8aab9a651baefd1f"
"59965971bb442df51ab42c935be6f99ad5b62e50"
"a819a44b8319397872e39441e43718ea9df987af"
"b698901818773b00e02b585706bb3e97187f5f7a"
"eb7f31e7affdaebd5eb0c829f36d1007ec4794fd"
"50e5405c03c3fc8413b04d847c274ee9cf007135"
"37fa3592ce588cd7654dbe55ec5d298cb1f4309b"
"54d62c7240a2e3747e523250fcdc78ab1518c0d6"
"d9c48b788da407423515fb9b6d08c7a297e5ab3e"
"c7a73abbd572ac297f3c62a06cce53f8174d9c8a"
"a9e53fd16e0eeb411125e36fa1e22f931f4c7916"
"8a39caebe89a81e1dbd0cc8f66ca49ed0eb7bd06"
"3dbc2bd814f1c09c549349cc596c0143fb80e73e"
"a51215ce2b22bcd1f506780c35b6833471e0b8cb"
"2612d444e51397b5990f4bcf1b44e0c0cadde7c4","MOVE_RENAME","{Function getScanCursorZVal(zval, zend_bool) at redis.c:2768}","{Function redisGetScanCursor(zval, zend_bool) at library.c:4538}","12","17"
"2612d444e51397b5990f4bcf1b44e0c0cadde7c4","CHANGE_SIGNATURE","{Function cluster_scan_resp(redisCluster, REDIS_SCAN_TYPE, long) at cluster_library.c:2284}","{Function cluster_scan_resp(redisCluster, REDIS_SCAN_TYPE, uint64_t) at cluster_library.c:2285}","53","52"
"2612d444e51397b5990f4bcf1b44e0c0cadde7c4","CHANGE_SIGNATURE","{Function cluster_scan_resp(redisCluster, REDIS_SCAN_TYPE, long) at cluster_library.h:490}","{Function cluster_scan_resp(redisCluster, REDIS_SCAN_TYPE, uint64_t) at cluster_library.h:490}","2","2"
"2612d444e51397b5990f4bcf1b44e0c0cadde7c4","MOVE_RENAME","{Function updateScanCursorZVal(zval, uint64_t) at redis.c:2750}","{Function redisSetScanCursor(zval, uint64_t) at library.c:4518}","17","17"
"e52f0afaed12bf94768ca5718f8b594c62461b19","CHANGE_SIGNATURE","{Function redis_sock_read_scan_reply(RedisSock, REDIS_SCAN_TYPE, zend_long) at library.h:103}","{Function redis_sock_read_scan_reply(RedisSock, REDIS_SCAN_TYPE, uint64_t) at library.h:103}","1","1"
"e52f0afaed12bf94768ca5718f8b594c62461b19","CHANGE_SIGNATURE","{Function redis_sock_read_scan_reply(RedisSock, REDIS_SCAN_TYPE, zend_long) at library.c:405}","{Function redis_sock_read_scan_reply(RedisSock, REDIS_SCAN_TYPE, uint64_t) at library.c:405}","54","54"
"fa1a283ac96779c5d7fa19b8d57e55f3312eabc8"
"4d233977a5d51e03859165ebfe7098a2354d7cdf"
"ece3f7bebcf648da244df454395733b28434b32f"
"77ab62bccb9995c6523e27edc14de10936e375a4"
"732e466a6a593c8ead1cecfddba0ca0fc1e49d35"
"37c5f8d451d1fb17e82f7547de59905daf13d9c8"
"9b90c03bd0bb671cb43e6f9d38a717c4cd03fba3"
"ed7c9f6f63b6dc6805caba2aab860152a320b03b"
"142c1f4a9327d27f2607b5b968a8679f652faa57"
"8f8ff72a79639890d3208945a380f4973fb2620b"
"5d293245cdd55cc16b8735a788f06d4cb98bf65c"
"a4a283ab50a2a5ceac63cc8cc3225f2f6ba1d8e4"
"14f93339c0220fd559ec043019d0146dd1d84ee2"
"3fdd52b42d4768b97fdfdf314aea635d9ff5bbdd"
"6dc0a0be8de9145660c27b26d42c71b52ff52945"
"9f8f80ca9dbee6206058d033d5c27b0cec3ae6f3"
"e051a5db3e53933daeb845b6df4bccf252a3ae9d"
"78d15140fadde60784d75e1cdc63feff6b8fc27f"
"ff305349dba87ab857a8f28acbc3b22af5a271cc"
"df074dbe9eab9a634ba1b2478e610596175e82ef"
"12966a7413e47cd1ef2ceed48846fc64179f58ad"
"9b5cad317bf50ba875350b6c68445ef34b5c0129"
"a0c8fcc589bfcf8207ba3d8c7d065109f31cc1c6"
"62cf943fecc5182c6329b332df43cf28012cef55"
"c9e92365e08faf27be9334a0d9485c1e5e78264e"
"abb3708c3dd9ac9bdc61ee72129335e552c979a5"
"3ec80ff09f8f8dc65c0f3347c79da32333a771f1"
"f404ecb8335767b32a214ba611629c8ec2f1d27f"
"7ed047870c5a0206bd081cd7727251c75239965b"
"b835aaa3f995cd14880acc4f14bcd63691dfa0c1"
"a7f51f70ccbbd24758fb29c66ded0bbc5ea1f495"
"954fbab896fc4601ac9b6e1dee5cc6f14030a05e"
"2f276dcd375221b4a11fd67d044bad9ab32e1eab"
"f4c2ac26478740e492055b7934b45712d1c2280d"
"156e53e7209a4f5b72899a55ef947614b73d7580"
"dbb4f24e12c9825981263545560f557d2321bd9b"
"9467059ddc06a30e672075a05a68982ea0894815"
"0a1ae0e60aba6bdc55c9bdba3469338377899aaa"
"c48d150c13914279df0d0d9d31a3b1160540a6d9"
"362e1141a3645089189be9a6aa5e87d4caf41cec"
"e5d358a86ad052a3a77e138c2133d3d75132074d"
"91c931bf70be9ea8cd083d035fe9d93154a0c19a"
"2395ca1bbf23b480a12cd0bb00a9d7bd8959998b"
"d7a06e80a5e112b914f80f2bdf239a3b80bcb91f"
"08a5ee071a222c02d81710f86b616b52d2250ac0"
"3cdb6cd1c9c398cdb1242b91e850b699f1fd51d6"
"d5fbd7922a9ded50fc3408d0e91317d794174ffb"
"0672703ba8049ca323e5a932ccb5d6a4f4419661"
"eda399583ddf4261fd3ddc319070a3b01cbf9933"
"7825efbcede82c5e0c3ee0a08c824588aecf3d4d"
"5f6ce414c3246007ffa1d4cd2da14d5e2c78e7a4"
"95bd184be9ad4ea38b8b190a3b7ee3a67ca893d8"
"264c0c7ea46b328aed9f156eb8642679cd72562e"
"1ad95b631811b10312b5682c561ec8fa901d2736"
"849bedb6c3ecf0082b31ff750092407085272db3"
"5bd3138731c4239eba2b2a556a0f81636f1714d0"
"78449acc4c53209cb8a9387fb37ea1e60231da79"
"e193c873dea288a81ed0537749a5e8930013fa0b"
"3674d6635153a2b0f37a62f07ebcad683d916fe9"
"f9c1e2231cb7fbaf9c894425b4d96d10895702f5"
"3847181afc66c9b90dcdffa638e339a530f74b75"
"c94c774a2f2e30c956ddb82bcbf983f2dd684265"
"40a46b53edf0163239c6d937cb4d9c0908cbd779"
"cc40af30db2e5c3be804bceae65c38d5e0a50ddb"
"715012b2c19bb3e2acd941f8a2cacec7dada13d2"
"31cfb646e1d1e8ade04b84cf237793f602b24133"
"f0888cc685cc7e45a554017697172f66c734183e"
"00118ba317c2301640d1807d6f20bb7c3aa6e58f"
"5e4bdf97c887e6b150785629ec59ece7fa0b58e6"
"a3327d9d2bf8e890e16dc62d3e6b202f135f34ad","CHANGE_SIGNATURE","{Function redis_sock_disconnect(RedisSock, int) at library.c:3210}","{Function redis_sock_disconnect(RedisSock, int, int) at library.c:3211}","27","29"
"a3327d9d2bf8e890e16dc62d3e6b202f135f34ad","CHANGE_SIGNATURE","{Function redis_sock_disconnect(RedisSock, int) at library.h:86}","{Function redis_sock_disconnect(RedisSock, int, int) at library.h:86}","1","1"
"8f6bc98fd6fe2a9fda8ed6cd4fb65bbcd9be0369"
"35a7cc094c6c264aa37738b074c4c54c4ca73b87"
"83d838c38819b9725cd56ededfaffd233b22fbbd"
"717713e1bf4eb88620cd7dd1396a659682e6a706"
"7a055cada8f45e69943b06f1aa5c38d865b81369"
"6930a81cb4a4e1449d47c01fffc0c184e2bbb92c","CHANGE_SIGNATURE","{Function redis_pool_add(redis_pool, RedisSock, int, int) at redis_session.c:97}","{Function redis_pool_add(redis_pool, RedisSock, int) at redis_session.c:96}","11","10"
"82265c4d541640d281d2355ff19f549be33d66ed"
"f6c8b9c6d1c22b7879d0a69c7a4424874ef7cac1"
"dcb95a3f06c469d0aaba62ec292abd6c5a204ed4"
"fea19b5229343212424c9921a977fce300d4e130"
"ccd419a4c8e23af1ac55aa8a70f0b44387ef5b2c"
"71ce6dd34cacc84f0b6b906bebe2ed8d36511003"
"02c91d59cb9c21e465f89ae908e39a72775f9c9d"
"5a643b62d2177a009ab595ac987c97443eda44d5","CHANGE_SIGNATURE","{Function redis_sock_read_multibulk_multi_reply(RedisSock) at redis.c:2027}","{Function redis_sock_read_multibulk_multi_reply(RedisSock, zval) at redis.c:2027}","17","16"
"ebb2386e52c9ddd8a45e3cd67f12d77be894e1d7"
"d9cb594678ea5f1cc0f3dd7aabe2380750e0cbd2","CHANGE_SIGNATURE","{Function redis_sock_read_multibulk_multi_reply_loop(RedisSock, zval, int) at redis.c:2133}","{Function redis_sock_read_multibulk_multi_reply_loop(RedisSock, zval) at redis.c:2126}","39","41"
"d9cb594678ea5f1cc0f3dd7aabe2380750e0cbd2","CHANGE_SIGNATURE","{Function redis_sock_read_multibulk_multi_reply_loop(RedisSock, zval, int) at php_redis.h:52}","{Function redis_sock_read_multibulk_multi_reply_loop(RedisSock, zval) at php_redis.h:52}","3","2"
"6b8d682ea51e5c813e2b32ec6c838358aa8997ad"
"f14a80db9a4bef6804b9d2506a807ff0e5806729"
"77c4f7a36b2c784fa596b5b2f4f205638cfa653e"
"7c46ad2c05381daccd0ed622d051db8691012094"
"d5678b1276c4c471305181dc830e257a838ebaf9"
"90a0e9cc0ee8cb27e02ecd0fcbc6dfc3c12d617d"
"bb66a547721aeb4da03a61e35353ef47608dc511"
"40e1b1bfe80159c41ff8e8a2b004a688fbbc8450","EXTRACT_MOVE","{Function redis_mset_cmd(RedisSock, char, char, int, short, void) at redis_commands.c:1802}","{Function redis_cmd_append_sstr_key_long(smart_string, zend_long, RedisSock, short) at library.c:1129}","35","10"
"c8224b93b1ed876934e6a3b46bd8cf1e447de2a4"
"ae3bc505a2ff36a98f9f836b9cbcb0e3252462f4"
"856b3509f5877448c80eb471fe566634d8d874b5"
"59de183bd44539b199291b26e22e1b4967ee9eb9"
"ac057145fc2dc4741c50002a8327e2732719bf21"
"5b560ccfd749dc525ab955ae46a31f9a8d9abb5a","MOVE","{Function redis_slowlog_cmd(RedisSock, char, int, short, void) at redis_commands.c:2800}","{Function redis_slowlog_cmd(RedisSock, char, int, short, void) at redis_commands.c:2777}","34","34"
"5b560ccfd749dc525ab955ae46a31f9a8d9abb5a","MOVE","{Function redis_build_raw_cmd(zval, int, char, int) at redis_commands.c:120}","{Function redis_build_raw_cmd(zval, int, char, int) at redis_commands.c:120}","40","40"
"5b560ccfd749dc525ab955ae46a31f9a8d9abb5a","MOVE","{Function redis_getex_cmd(RedisSock, char, int, short, void) at redis_commands.c:2367}","{Function redis_getex_cmd(RedisSock, char, int, short, void) at redis_commands.c:2344}","55","55"
"5b560ccfd749dc525ab955ae46a31f9a8d9abb5a","MOVE","{Function redis_unpack_handler(RedisSock) at redis_commands.c:6504}","{Function redis_unpack_handler(RedisSock) at redis_commands.c:6481}","11","11"
"5b560ccfd749dc525ab955ae46a31f9a8d9abb5a","MOVE","{Function validate_zlex_arg(char, size_t) at redis_commands.c:749}","{Function validate_zlex_arg(char, size_t) at redis_commands.c:726}","4","4"
"5b560ccfd749dc525ab955ae46a31f9a8d9abb5a","MOVE","{Function redis_key_str_cmd(RedisSock, char, char, int, short, void) at redis_commands.c:325}","{Function redis_key_str_cmd(RedisSock, char, char, int, short, void) at redis_commands.c:325}","15","15"
"5b560ccfd749dc525ab955ae46a31f9a8d9abb5a","MOVE","{Function redis_hincrby_cmd(RedisSock, char, int, short, void) at redis_commands.c:2522}","{Function redis_hincrby_cmd(RedisSock, char, int, short, void) at redis_commands.c:2499}","17","17"
"5b560ccfd749dc525ab955ae46a31f9a8d9abb5a","MOVE","{Function redis_hmget_cmd(RedisSock, char, int, short, void) at redis_commands.c:2565}","{Function redis_hmget_cmd(RedisSock, char, int, short, void) at redis_commands.c:2542}","80","80"
"5b560ccfd749dc525ab955ae46a31f9a8d9abb5a","MOVE","{Function redis_eval_cmd(RedisSock, char, char, int, short, void) at redis_commands.c:1640}","{Function redis_eval_cmd(RedisSock, char, char, int, short, void) at redis_commands.c:1617}","62","62"
"5b560ccfd749dc525ab955ae46a31f9a8d9abb5a","MOVE","{Function gen_vararg_cmd(RedisSock, uint32_t, char, char, int, short, void) at redis_commands.c:1825}","{Function gen_vararg_cmd(RedisSock, uint32_t, char, char, int, short, void) at redis_commands.c:1802}","23","23"
"5b560ccfd749dc525ab955ae46a31f9a8d9abb5a","MOVE","{Function redis_hstrlen_cmd(RedisSock, char, int, short, void) at redis_commands.c:2688}","{Function redis_hstrlen_cmd(RedisSock, char, int, short, void) at redis_commands.c:2665}","14","14"
"5b560ccfd749dc525ab955ae46a31f9a8d9abb5a","MOVE","{Function redis_opt_str_cmd(RedisSock, char, char, int, short, void) at redis_commands.c:223}","{Function redis_opt_str_cmd(RedisSock, char, char, int, short, void) at redis_commands.c:223}","16","16"
"5b560ccfd749dc525ab955ae46a31f9a8d9abb5a","MOVE","{Function redis_brpoplpush_cmd(RedisSock, char, int, short, void) at redis_commands.c:2426}","{Function redis_brpoplpush_cmd(RedisSock, char, int, short, void) at redis_commands.c:2403}","34","34"
"5b560ccfd749dc525ab955ae46a31f9a8d9abb5a","MOVE","{Function redis_key_dbl_cmd(RedisSock, char, char, int, short, void) at redis_commands.c:583}","{Function redis_key_dbl_cmd(RedisSock, char, char, int, short, void) at redis_commands.c:560}","15","15"
"5b560ccfd749dc525ab955ae46a31f9a8d9abb5a","MOVE","{Function redis_key_str_str_cmd(RedisSock, char, char, int, short, void) at redis_commands.c:345}","{Function redis_key_str_str_cmd(RedisSock, char, char, int, short, void) at redis_commands.c:345}","15","15"
"5b560ccfd749dc525ab955ae46a31f9a8d9abb5a","MOVE","{Function redis_uncompress_handler(RedisSock, zend_class_entry) at redis_commands.c:6469}","{Function redis_uncompress_handler(RedisSock, zend_class_entry) at redis_commands.c:6446}","19","19"
"5b560ccfd749dc525ab955ae46a31f9a8d9abb5a","MOVE","{Function redis_try_get_expiry(zval, zend_long) at redis_commands.c:2197}","{Function redis_try_get_expiry(zval, zend_long) at redis_commands.c:2174}","24","24"
"5b560ccfd749dc525ab955ae46a31f9a8d9abb5a","MOVE","{Function redis_build_script_cmd(smart_string, int, zval) at redis_commands.c:163}","{Function redis_build_script_cmd(smart_string, int, zval) at redis_commands.c:163}","56","56"
"5b560ccfd749dc525ab955ae46a31f9a8d9abb5a","MOVE","{Function redis_sentinel_cmd(RedisSock, char, char, int, short, void) at redis_commands.c:6146}","{Function redis_sentinel_cmd(RedisSock, char, char, int, short, void) at redis_commands.c:6123}","8","8"
"5b560ccfd749dc525ab955ae46a31f9a8d9abb5a","MOVE","{Function redis_kv_cmd(RedisSock, char, char, int, short, void) at redis_commands.c:305}","{Function redis_kv_cmd(RedisSock, char, char, int, short, void) at redis_commands.c:305}","15","15"
"5b560ccfd749dc525ab955ae46a31f9a8d9abb5a","MOVE","{Function redis_info_cmd(RedisSock, char, int, short, void) at redis_commands.c:2061}","{Function redis_info_cmd(RedisSock, char, int, short, void) at redis_commands.c:2038}","4","4"
"5b560ccfd749dc525ab955ae46a31f9a8d9abb5a","MOVE","{Function redis_unsubscribe_cmd(RedisSock, char, char, int, short, void) at redis_commands.c:1532}","{Function redis_unsubscribe_cmd(RedisSock, char, char, int, short, void) at redis_commands.c:1509}","34","34"
"5b560ccfd749dc525ab955ae46a31f9a8d9abb5a","MOVE","{Function redis_flush_cmd(RedisSock, char, char, int, short, void) at redis_commands.c:553}","{Function redis_flush_cmd(RedisSock, char, char, int, short, void) at redis_commands.c:530}","25","25"
"5b560ccfd749dc525ab955ae46a31f9a8d9abb5a","MOVE","{Function redis_gen_zlex_cmd(RedisSock, char, char, int, short, void) at redis_commands.c:1612}","{Function redis_gen_zlex_cmd(RedisSock, char, char, int, short, void) at redis_commands.c:1589}","24","24"
"5b560ccfd749dc525ab955ae46a31f9a8d9abb5a","MOVE","{Function redis_fmt_scan_cmd(char, REDIS_SCAN_TYPE, char, int, long, char, int, long) at redis_commands.c:602}","{Function redis_fmt_scan_cmd(char, REDIS_SCAN_TYPE, char, int, long, char, int, long) at redis_commands.c:579}","34","34"
"5b560ccfd749dc525ab955ae46a31f9a8d9abb5a","MOVE","{Function redis_failover_cmd(RedisSock, char, int, short, void) at redis_commands.c:490}","{Function redis_failover_cmd(RedisSock, char, int, short, void) at redis_commands.c:467}","60","60"
"5b560ccfd749dc525ab955ae46a31f9a8d9abb5a","MOVE","{Function redis_str_cmd(RedisSock, char, char, int, short, void) at redis_commands.c:243}","{Function redis_str_cmd(RedisSock, char, char, int, short, void) at redis_commands.c:243}","16","16"
"5b560ccfd749dc525ab955ae46a31f9a8d9abb5a","MOVE","{Function redis_acl_cmd(RedisSock, char, int, short, void) at redis_commands.c:2119}","{Function redis_acl_cmd(RedisSock, char, int, short, void) at redis_commands.c:2096}","74","74"
"5b560ccfd749dc525ab955ae46a31f9a8d9abb5a","MOVE","{Function redis_atomic_increment(int, RedisSock, char, int, short, void) at redis_commands.c:2472}","{Function redis_atomic_increment(int, RedisSock, char, int, short, void) at redis_commands.c:2449}","30","30"
"5b560ccfd749dc525ab955ae46a31f9a8d9abb5a","MOVE","{Function redis_incr_cmd(RedisSock, char, int, short, void) at redis_commands.c:2506}","{Function redis_incr_cmd(RedisSock, char, int, short, void) at redis_commands.c:2483}","4","4"
"5b560ccfd749dc525ab955ae46a31f9a8d9abb5a","MOVE","{Function redis_get_zcmd_flags(char) at redis_commands.c:709}","{Function redis_get_zcmd_flags(char) at redis_commands.c:686}","38","38"
"5b560ccfd749dc525ab955ae46a31f9a8d9abb5a","MOVE","{Function redis_prefix_handler(RedisSock) at redis_commands.c:6388}","{Function redis_prefix_handler(RedisSock) at redis_commands.c:6365}","18","18"
"5b560ccfd749dc525ab955ae46a31f9a8d9abb5a","MOVE","{Function redis_mset_cmd(RedisSock, char, char, int, short, void) at redis_commands.c:1852}","{Function redis_mset_cmd(RedisSock, char, char, int, short, void) at redis_commands.c:1829}","35","35"
"5b560ccfd749dc525ab955ae46a31f9a8d9abb5a","MOVE","{Function redis_subscribe_cmd(RedisSock, char, char, int, short, void) at redis_commands.c:1447}","{Function redis_subscribe_cmd(RedisSock, char, char, int, short, void) at redis_commands.c:1424}","80","80"
"5b560ccfd749dc525ab955ae46a31f9a8d9abb5a","MOVE","{Function redis_set_cmd(RedisSock, char, int, short, void) at redis_commands.c:2225}","{Function redis_set_cmd(RedisSock, char, int, short, void) at redis_commands.c:2202}","107","107"
"5b560ccfd749dc525ab955ae46a31f9a8d9abb5a","MOVE","{Function redis_key_str_arr_cmd(RedisSock, char, char, int, short, void) at redis_commands.c:1815}","{Function redis_key_str_arr_cmd(RedisSock, char, char, int, short, void) at redis_commands.c:1792}","4","4"
"5b560ccfd749dc525ab955ae46a31f9a8d9abb5a","MOVE","{Function redis_zrangebylex_cmd(RedisSock, char, char, int, short, void) at redis_commands.c:1571}","{Function redis_zrangebylex_cmd(RedisSock, char, char, int, short, void) at redis_commands.c:1548}","36","36"
"5b560ccfd749dc525ab955ae46a31f9a8d9abb5a","MOVE","{Function validate_zlex_arg_zval(zval) at redis_commands.c:754}","{Function validate_zlex_arg_zval(zval) at redis_commands.c:731}","3","3"
"5b560ccfd749dc525ab955ae46a31f9a8d9abb5a","MOVE","{Function redis_blocking_pop_cmd(RedisSock, char, char, int, short, void) at redis_commands.c:2077}","{Function redis_blocking_pop_cmd(RedisSock, char, char, int, short, void) at redis_commands.c:2054}","4","4"
"5b560ccfd749dc525ab955ae46a31f9a8d9abb5a","MOVE","{Function redis_key_long_str_cmd(RedisSock, char, char, int, short, void) at redis_commands.c:285}","{Function redis_key_long_str_cmd(RedisSock, char, char, int, short, void) at redis_commands.c:285}","15","15"
"5b560ccfd749dc525ab955ae46a31f9a8d9abb5a","MOVE","{Function redis_get_restore_options(redisRestoreOptions, HashTable) at redis_commands.c:2835}","{Function redis_get_restore_options(redisRestoreOptions, HashTable) at redis_commands.c:2812}","47","47"
"5b560ccfd749dc525ab955ae46a31f9a8d9abb5a","MOVE","{Function redis_getoption_handler(RedisSock, redisCluster) at redis_commands.c:6176}","{Function redis_getoption_handler(RedisSock, redisCluster) at redis_commands.c:6153}","46","46"
"5b560ccfd749dc525ab955ae46a31f9a8d9abb5a","MOVE","{Function redis_empty_cmd(RedisSock, char, char, int, short, void) at redis_commands.c:111}","{Function redis_empty_cmd(RedisSock, char, char, int, short, void) at redis_commands.c:111}","4","4"
"5b560ccfd749dc525ab955ae46a31f9a8d9abb5a","MOVE","{Function redis_script_cmd(RedisSock, char, int, short, void) at redis_commands.c:2068}","{Function redis_script_cmd(RedisSock, char, int, short, void) at redis_commands.c:2045}","4","4"
"5b560ccfd749dc525ab955ae46a31f9a8d9abb5a","MOVE","{Function redis_key_val_arr_cmd(RedisSock, char, char, int, short, void) at redis_commands.c:1807}","{Function redis_key_val_arr_cmd(RedisSock, char, char, int, short, void) at redis_commands.c:1784}","4","4"
"5b560ccfd749dc525ab955ae46a31f9a8d9abb5a","MOVE","{Function redis_serialize_handler(RedisSock) at redis_commands.c:6409}","{Function redis_serialize_handler(RedisSock) at redis_commands.c:6386}","14","14"
"5b560ccfd749dc525ab955ae46a31f9a8d9abb5a","MOVE","{Function redis_unserialize_handler(RedisSock, zend_class_entry) at redis_commands.c:6426}","{Function redis_unserialize_handler(RedisSock, zend_class_entry) at redis_commands.c:6403}","25","25"
"5b560ccfd749dc525ab955ae46a31f9a8d9abb5a","MOVE","{Function redis_key_long_val_cmd(RedisSock, char, char, int, short, void) at redis_commands.c:264}","{Function redis_key_long_val_cmd(RedisSock, char, char, int, short, void) at redis_commands.c:264}","16","16"
"5b560ccfd749dc525ab955ae46a31f9a8d9abb5a","MOVE_RENAME","{Function redis_key_long_long_cmd(RedisSock, char, char, int, short, void) at redis_commands.c:452}","{Function Z_PARAM_LONG() at redis_commands.c:429}","15","15"
"5b560ccfd749dc525ab955ae46a31f9a8d9abb5a","MOVE","{Function redis_get_lcs_options(redisLcsOptions, HashTable) at redis_commands.c:2703}","{Function redis_get_lcs_options(redisLcsOptions, HashTable) at redis_commands.c:2680}","39","39"
"5b560ccfd749dc525ab955ae46a31f9a8d9abb5a","MOVE","{Function gen_key_arr_cmd(RedisSock, char, int, char, int, short, void) at redis_commands.c:1757}","{Function gen_key_arr_cmd(RedisSock, char, int, char, int, short, void) at redis_commands.c:1734}","46","46"
"5b560ccfd749dc525ab955ae46a31f9a8d9abb5a","MOVE","{Function redis_restore_cmd(RedisSock, char, int, short, void) at redis_commands.c:2886}","{Function redis_restore_cmd(RedisSock, char, int, short, void) at redis_commands.c:2863}","3256","3256"
"5b560ccfd749dc525ab955ae46a31f9a8d9abb5a","MOVE","{Function redis_hincrbyfloat_cmd(RedisSock, char, int, short, void) at redis_commands.c:2543}","{Function redis_hincrbyfloat_cmd(RedisSock, char, int, short, void) at redis_commands.c:2520}","18","18"
"5b560ccfd749dc525ab955ae46a31f9a8d9abb5a","MOVE","{Function redis_sentinel_str_cmd(RedisSock, char, char, int, short, void) at redis_commands.c:6158}","{Function redis_sentinel_str_cmd(RedisSock, char, char, int, short, void) at redis_commands.c:6135}","9","9"
"5b560ccfd749dc525ab955ae46a31f9a8d9abb5a","MOVE","{Function gen_varkey_cmd(RedisSock, char, int, zend_bool, char, int, short) at redis_commands.c:1894}","{Function gen_varkey_cmd(RedisSock, char, int, zend_bool, char, int, short) at redis_commands.c:1871}","78","78"
"5b560ccfd749dc525ab955ae46a31f9a8d9abb5a","MOVE","{Function redis_key_cmd(RedisSock, char, char, int, short, void) at redis_commands.c:472}","{Function redis_key_cmd(RedisSock, char, char, int, short, void) at redis_commands.c:449}","14","14"
"5b560ccfd749dc525ab955ae46a31f9a8d9abb5a","MOVE","{Function redis_pack_handler(RedisSock) at redis_commands.c:6489}","{Function redis_pack_handler(RedisSock) at redis_commands.c:6466}","14","14"
"5b560ccfd749dc525ab955ae46a31f9a8d9abb5a","MOVE","{Function redis_hmset_cmd(RedisSock, char, int, short, void) at redis_commands.c:2649}","{Function redis_hmset_cmd(RedisSock, char, int, short, void) at redis_commands.c:2626}","34","34"
"5b560ccfd749dc525ab955ae46a31f9a8d9abb5a","MOVE","{Function redis_decr_cmd(RedisSock, char, int, short, void) at redis_commands.c:2514}","{Function redis_decr_cmd(RedisSock, char, int, short, void) at redis_commands.c:2491}","4","4"
"5b560ccfd749dc525ab955ae46a31f9a8d9abb5a","MOVE","{Function redis_pop_cmd(RedisSock, char, char, int, short, void) at redis_commands.c:2090}","{Function redis_pop_cmd(RedisSock, char, char, int, short, void) at redis_commands.c:2067}","25","25"
"5b560ccfd749dc525ab955ae46a31f9a8d9abb5a","MOVE","{Function redis_mget_cmd(RedisSock, char, int, short, void) at redis_commands.c:2336}","{Function redis_mget_cmd(RedisSock, char, int, short, void) at redis_commands.c:2313}","27","27"
"5b560ccfd749dc525ab955ae46a31f9a8d9abb5a","MOVE","{Function redis_setoption_handler(RedisSock, redisCluster) at redis_commands.c:6225}","{Function redis_setoption_handler(RedisSock, redisCluster) at redis_commands.c:6202}","162","162"
"5b560ccfd749dc525ab955ae46a31f9a8d9abb5a","MOVE","{Function redis_compress_handler(RedisSock) at redis_commands.c:6452}","{Function redis_compress_handler(RedisSock) at redis_commands.c:6429}","14","14"
"5b560ccfd749dc525ab955ae46a31f9a8d9abb5a","MOVE","{Function redis_get_zcmd_options(redisZcmdOptions, zval, int) at redis_commands.c:637}","{Function redis_get_zcmd_options(redisZcmdOptions, zval, int) at redis_commands.c:614}","61","61"
"5b560ccfd749dc525ab955ae46a31f9a8d9abb5a","MOVE","{Function Z_PARAM_STR() at redis_commands.c:778}","{Function Z_PARAM_STR() at redis_commands.c:755}","590","590"
"5b560ccfd749dc525ab955ae46a31f9a8d9abb5a","MOVE","{Function redis_mpop_cmd(RedisSock, char, char, int, short, void) at redis_commands.c:1975}","{Function redis_mpop_cmd(RedisSock, char, char, int, short, void) at redis_commands.c:1952}","83","83"
"5b560ccfd749dc525ab955ae46a31f9a8d9abb5a","MOVE","{Function redis_key_varval_cmd(RedisSock, char, char, int, short, void) at redis_commands.c:1708}","{Function redis_key_varval_cmd(RedisSock, char, char, int, short, void) at redis_commands.c:1685}","42","42"
"5b560ccfd749dc525ab955ae46a31f9a8d9abb5a","MOVE","{Function redis_pubsub_cmd(RedisSock, char, int, short, void) at redis_commands.c:1371}","{Function redis_pubsub_cmd(RedisSock, char, int, short, void) at redis_commands.c:1348}","71","71"
"5b560ccfd749dc525ab955ae46a31f9a8d9abb5a","MOVE","{Function redis_lcs_cmd(RedisSock, char, int, short, void) at redis_commands.c:2746}","{Function redis_lcs_cmd(RedisSock, char, int, short, void) at redis_commands.c:2723}","51","51"
"15347c7d87029522c6b66c5a594f45ff167ba6d4"
"aa0938a4e21550a6cab497810e3993af419df2c2","RENAME","{Function Z_PARAM_STR() at redis_commands.c:788}","{Function Z_PARAM_ZVAL() at redis_commands.c:791}","7","7"
"204a02c5fa4d2827ec038ffa5bb0f2776b2aad8b","INTERNAL_MOVE","{Function redis_build_client_tracking_command(smart_string, int, zval) at redis_commands.c:4982}","{Function redis_build_client_tracking_command(smart_string, int, zval) at redis_commands.c:4970}","86","86"
"204a02c5fa4d2827ec038ffa5bb0f2776b2aad8b","INTERNAL_MOVE","{Function redis_key_val_arr_cmd(RedisSock, char, char, int, short, void) at redis_commands.c:1804}","{Function redis_key_val_arr_cmd(RedisSock, char, char, int, short, void) at redis_commands.c:1804}","4","4"
"204a02c5fa4d2827ec038ffa5bb0f2776b2aad8b","INTERNAL_MOVE","{Function redis_sort_cmd(RedisSock, char, char, int, short, void) at redis_commands.c:3682}","{Function redis_sort_cmd(RedisSock, char, char, int, short, void) at redis_commands.c:3670}","206","206"
"204a02c5fa4d2827ec038ffa5bb0f2776b2aad8b","INTERNAL_MOVE","{Function redis_xinfo_cmd(RedisSock, char, int, short, void) at redis_commands.c:6028}","{Function redis_xinfo_cmd(RedisSock, char, int, short, void) at redis_commands.c:6016}","35","35"
"204a02c5fa4d2827ec038ffa5bb0f2776b2aad8b","INTERNAL_MOVE","{Function redis_hstrlen_cmd(RedisSock, char, int, short, void) at redis_commands.c:2685}","{Function redis_hstrlen_cmd(RedisSock, char, int, short, void) at redis_commands.c:2685}","14","14"
"204a02c5fa4d2827ec038ffa5bb0f2776b2aad8b","INTERNAL_MOVE","{Function redis_hset_cmd(RedisSock, char, int, short, void) at redis_commands.c:3472}","{Function redis_hset_cmd(RedisSock, char, int, short, void) at redis_commands.c:3460}","70","70"
"204a02c5fa4d2827ec038ffa5bb0f2776b2aad8b","INTERNAL_MOVE","{Function get_georadius_store_type(zend_string) at redis_commands.c:4182}","{Function get_georadius_store_type(zend_string) at redis_commands.c:4170}","9","9"
"204a02c5fa4d2827ec038ffa5bb0f2776b2aad8b","INTERNAL_MOVE","{Function redis_xadd_cmd(RedisSock, char, int, short, void) at redis_commands.c:5359}","{Function redis_xadd_cmd(RedisSock, char, int, short, void) at redis_commands.c:5347}","62","62"
"204a02c5fa4d2827ec038ffa5bb0f2776b2aad8b","INTERNAL_MOVE","{Function redis_build_client_kill_command(smart_string, int, zval) at redis_commands.c:4890}","{Function redis_build_client_kill_command(smart_string, int, zval) at redis_commands.c:4878}","89","89"
"204a02c5fa4d2827ec038ffa5bb0f2776b2aad8b","INTERNAL_MOVE","{Function redis_pubsub_cmd(RedisSock, char, int, short, void) at redis_commands.c:1368}","{Function redis_pubsub_cmd(RedisSock, char, int, short, void) at redis_commands.c:1368}","71","71"
"204a02c5fa4d2827ec038ffa5bb0f2776b2aad8b","INTERNAL_MOVE","{Function redis_xrange_cmd(RedisSock, char, char, int, short, void) at redis_commands.c:5480}","{Function redis_xrange_cmd(RedisSock, char, char, int, short, void) at redis_commands.c:5468}","27","27"
"204a02c5fa4d2827ec038ffa5bb0f2776b2aad8b","INTERNAL_MOVE","{Function redis_pack_handler(RedisSock) at redis_commands.c:6498}","{Function redis_pack_handler(RedisSock) at redis_commands.c:6486}","14","14"
"204a02c5fa4d2827ec038ffa5bb0f2776b2aad8b","INTERNAL_MOVE","{Function redis_hmset_cmd(RedisSock, char, int, short, void) at redis_commands.c:2646}","{Function redis_hmset_cmd(RedisSock, char, int, short, void) at redis_commands.c:2646}","34","34"
"204a02c5fa4d2827ec038ffa5bb0f2776b2aad8b","INTERNAL_MOVE","{Function redis_build_client_list_command(smart_string, int, zval) at redis_commands.c:4828}","{Function redis_build_client_list_command(smart_string, int, zval) at redis_commands.c:4816}","59","59"
"204a02c5fa4d2827ec038ffa5bb0f2776b2aad8b","INTERNAL_MOVE","{Function redis_prefix_handler(RedisSock) at redis_commands.c:6397}","{Function redis_prefix_handler(RedisSock) at redis_commands.c:6385}","18","18"
"204a02c5fa4d2827ec038ffa5bb0f2776b2aad8b","INTERNAL_MOVE","{Function redis_xautoclaim_cmd(RedisSock, char, int, short, void) at redis_commands.c:5852}","{Function redis_xautoclaim_cmd(RedisSock, char, int, short, void) at redis_commands.c:5840}","42","42"
"204a02c5fa4d2827ec038ffa5bb0f2776b2aad8b","INTERNAL_MOVE","{Function redis_slowlog_cmd(RedisSock, char, int, short, void) at redis_commands.c:2797}","{Function redis_slowlog_cmd(RedisSock, char, int, short, void) at redis_commands.c:2797}","34","34"
"204a02c5fa4d2827ec038ffa5bb0f2776b2aad8b","INTERNAL_MOVE","{Function redis_command_cmd(RedisSock, char, int, short, void) at redis_commands.c:5244}","{Function redis_command_cmd(RedisSock, char, int, short, void) at redis_commands.c:5232}","51","51"
"204a02c5fa4d2827ec038ffa5bb0f2776b2aad8b","INTERNAL_MOVE","{Function redis_geodist_cmd(RedisSock, char, int, short, void) at redis_commands.c:4159}","{Function redis_geodist_cmd(RedisSock, char, int, short, void) at redis_commands.c:4147}","22","22"
"204a02c5fa4d2827ec038ffa5bb0f2776b2aad8b","INTERNAL_MOVE","{Function redis_unpack_handler(RedisSock) at redis_commands.c:6513}","{Function redis_unpack_handler(RedisSock) at redis_commands.c:6501}","11","11"
"204a02c5fa4d2827ec038ffa5bb0f2776b2aad8b","INTERNAL_MOVE","{Function redis_restore_cmd(RedisSock, char, int, short, void) at redis_commands.c:2883}","{Function redis_restore_cmd(RedisSock, char, int, short, void) at redis_commands.c:2883}","3138","3256"
"204a02c5fa4d2827ec038ffa5bb0f2776b2aad8b","INTERNAL_MOVE","{Function redis_pop_cmd(RedisSock, char, char, int, short, void) at redis_commands.c:2087}","{Function redis_pop_cmd(RedisSock, char, char, int, short, void) at redis_commands.c:2087}","25","25"
"204a02c5fa4d2827ec038ffa5bb0f2776b2aad8b","INTERNAL_MOVE","{Function redis_sentinel_str_cmd(RedisSock, char, char, int, short, void) at redis_commands.c:6167}","{Function redis_sentinel_str_cmd(RedisSock, char, char, int, short, void) at redis_commands.c:6155}","9","9"
"204a02c5fa4d2827ec038ffa5bb0f2776b2aad8b","INTERNAL_MOVE","{Function gen_key_arr_cmd(RedisSock, char, int, char, int, short, void) at redis_commands.c:1754}","{Function gen_key_arr_cmd(RedisSock, char, int, char, int, short, void) at redis_commands.c:1754}","46","46"
"204a02c5fa4d2827ec038ffa5bb0f2776b2aad8b","INTERNAL_MOVE","{Function redis_georadius_cmd(RedisSock, char, char, int, short, void) at redis_commands.c:4337}","{Function redis_georadius_cmd(RedisSock, char, char, int, short, void) at redis_commands.c:4325}","66","66"
"204a02c5fa4d2827ec038ffa5bb0f2776b2aad8b","INTERNAL_MOVE","{Function redis_incr_cmd(RedisSock, char, int, short, void) at redis_commands.c:2503}","{Function redis_incr_cmd(RedisSock, char, int, short, void) at redis_commands.c:2503}","4","4"
"204a02c5fa4d2827ec038ffa5bb0f2776b2aad8b","INTERNAL_MOVE","{Function redis_xreadgroup_cmd(RedisSock, char, int, short, void) at redis_commands.c:5619}","{Function redis_xreadgroup_cmd(RedisSock, char, int, short, void) at redis_commands.c:5607}","60","60"
"204a02c5fa4d2827ec038ffa5bb0f2776b2aad8b","INTERNAL_MOVE","{Function redis_getex_cmd(RedisSock, char, int, short, void) at redis_commands.c:2364}","{Function redis_getex_cmd(RedisSock, char, int, short, void) at redis_commands.c:2364}","55","55"
"204a02c5fa4d2827ec038ffa5bb0f2776b2aad8b","INTERNAL_MOVE","{Function redis_srandmember_cmd(RedisSock, char, int, short, void) at redis_commands.c:3635}","{Function redis_srandmember_cmd(RedisSock, char, int, short, void) at redis_commands.c:3623}","23","23"
"204a02c5fa4d2827ec038ffa5bb0f2776b2aad8b","INTERNAL_MOVE","{Function redis_georadiusbymember_cmd(RedisSock, char, char, int, short, void) at redis_commands.c:4409}","{Function redis_georadiusbymember_cmd(RedisSock, char, char, int, short, void) at redis_commands.c:4397}","61","61"
"204a02c5fa4d2827ec038ffa5bb0f2776b2aad8b","INTERNAL_MOVE","{Function redis_subscribe_cmd(RedisSock, char, char, int, short, void) at redis_commands.c:1444}","{Function redis_subscribe_cmd(RedisSock, char, char, int, short, void) at redis_commands.c:1444}","80","80"
"204a02c5fa4d2827ec038ffa5bb0f2776b2aad8b","INTERNAL_MOVE","{Function get_xclaim_i64_arg(char, zval) at redis_commands.c:5761}","{Function get_xclaim_i64_arg(char, zval) at redis_commands.c:5749}","11","11"
"204a02c5fa4d2827ec038ffa5bb0f2776b2aad8b","INTERNAL_MOVE","{Function get_georadius_opts(HashTable, geoOptions) at redis_commands.c:4227}","{Function get_georadius_opts(HashTable, geoOptions) at redis_commands.c:4215}","54","54"
"204a02c5fa4d2827ec038ffa5bb0f2776b2aad8b","INTERNAL_MOVE","{Function redis_blocking_pop_cmd(RedisSock, char, char, int, short, void) at redis_commands.c:2074}","{Function redis_blocking_pop_cmd(RedisSock, char, char, int, short, void) at redis_commands.c:2074}","4","4"
"204a02c5fa4d2827ec038ffa5bb0f2776b2aad8b","INTERNAL_MOVE","{Function redis_hmget_cmd(RedisSock, char, int, short, void) at redis_commands.c:2562}","{Function redis_hmget_cmd(RedisSock, char, int, short, void) at redis_commands.c:2562}","80","80"
"204a02c5fa4d2827ec038ffa5bb0f2776b2aad8b","INTERNAL_MOVE","{Function redis_hrandfield_cmd(RedisSock, char, int, short, void) at redis_commands.c:3567}","{Function redis_hrandfield_cmd(RedisSock, char, int, short, void) at redis_commands.c:3555}","46","46"
"204a02c5fa4d2827ec038ffa5bb0f2776b2aad8b","INTERNAL_MOVE","{Function redis_acl_cmd(RedisSock, char, int, short, void) at redis_commands.c:2116}","{Function redis_acl_cmd(RedisSock, char, int, short, void) at redis_commands.c:2116}","74","74"
"204a02c5fa4d2827ec038ffa5bb0f2776b2aad8b","INTERNAL_MOVE","{Function redis_xack_cmd(RedisSock, char, int, short, void) at redis_commands.c:5683}","{Function redis_xack_cmd(RedisSock, char, int, short, void) at redis_commands.c:5671}","36","36"
"204a02c5fa4d2827ec038ffa5bb0f2776b2aad8b","INTERNAL_MOVE","{Function redis_getoption_handler(RedisSock, redisCluster) at redis_commands.c:6185}","{Function redis_getoption_handler(RedisSock, redisCluster) at redis_commands.c:6173}","46","46"
"204a02c5fa4d2827ec038ffa5bb0f2776b2aad8b","INTERNAL_MOVE","{Function redis_key_varval_cmd(RedisSock, char, char, int, short, void) at redis_commands.c:1705}","{Function redis_key_varval_cmd(RedisSock, char, char, int, short, void) at redis_commands.c:1705}","42","42"
"204a02c5fa4d2827ec038ffa5bb0f2776b2aad8b","INTERNAL_MOVE","{Function redis_xpending_cmd(RedisSock, char, int, short, void) at redis_commands.c:5425}","{Function redis_xpending_cmd(RedisSock, char, int, short, void) at redis_commands.c:5413}","50","50"
"204a02c5fa4d2827ec038ffa5bb0f2776b2aad8b","INTERNAL_MOVE","{Function redis_atomic_increment(int, RedisSock, char, int, short, void) at redis_commands.c:2469}","{Function redis_atomic_increment(int, RedisSock, char, int, short, void) at redis_commands.c:2469}","30","30"
"204a02c5fa4d2827ec038ffa5bb0f2776b2aad8b","INTERNAL_MOVE","{Function redis_sentinel_cmd(RedisSock, char, char, int, short, void) at redis_commands.c:6155}","{Function redis_sentinel_cmd(RedisSock, char, char, int, short, void) at redis_commands.c:6143}","8","8"
"204a02c5fa4d2827ec038ffa5bb0f2776b2aad8b","INTERNAL_MOVE","{Function redis_object_cmd(RedisSock, char, int, short, void) at redis_commands.c:4053}","{Function redis_object_cmd(RedisSock, char, int, short, void) at redis_commands.c:4041}","28","28"
"204a02c5fa4d2827ec038ffa5bb0f2776b2aad8b","INTERNAL_MOVE","{Function redis_key_str_arr_cmd(RedisSock, char, char, int, short, void) at redis_commands.c:1812}","{Function redis_key_str_arr_cmd(RedisSock, char, char, int, short, void) at redis_commands.c:1812}","4","4"
"204a02c5fa4d2827ec038ffa5bb0f2776b2aad8b","INTERNAL_MOVE","{Function if(zend_string_equals_literal_ci) at redis_commands.c:5987}","{Function if(zend_string_equals_literal_ci) at redis_commands.c:5975}","3","3"
"204a02c5fa4d2827ec038ffa5bb0f2776b2aad8b","INTERNAL_MOVE","{Function redis_geosearch_cmd(RedisSock, char, int, short, void) at redis_commands.c:4474}","{Function redis_geosearch_cmd(RedisSock, char, int, short, void) at redis_commands.c:4462}","119","119"
"204a02c5fa4d2827ec038ffa5bb0f2776b2aad8b","INTERNAL_MOVE","{Function gen_vararg_cmd(RedisSock, uint32_t, char, char, int, short, void) at redis_commands.c:1822}","{Function gen_vararg_cmd(RedisSock, uint32_t, char, char, int, short, void) at redis_commands.c:1822}","23","23"
"204a02c5fa4d2827ec038ffa5bb0f2776b2aad8b","INTERNAL_MOVE","{Function redis_get_lcs_options(redisLcsOptions, HashTable) at redis_commands.c:2700}","{Function redis_get_lcs_options(redisLcsOptions, HashTable) at redis_commands.c:2700}","39","39"
"204a02c5fa4d2827ec038ffa5bb0f2776b2aad8b","INTERNAL_MOVE","{Function redis_hincrbyfloat_cmd(RedisSock, char, int, short, void) at redis_commands.c:2540}","{Function redis_hincrbyfloat_cmd(RedisSock, char, int, short, void) at redis_commands.c:2540}","18","18"
"204a02c5fa4d2827ec038ffa5bb0f2776b2aad8b","INTERNAL_MOVE","{Function redis_copy_cmd(RedisSock, char, int, short, void) at redis_commands.c:5299}","{Function redis_copy_cmd(RedisSock, char, int, short, void) at redis_commands.c:5287}","30","30"
"204a02c5fa4d2827ec038ffa5bb0f2776b2aad8b","INTERNAL_MOVE","{Function redis_uncompress_handler(RedisSock, zend_class_entry) at redis_commands.c:6478}","{Function redis_uncompress_handler(RedisSock, zend_class_entry) at redis_commands.c:6466}","19","19"
"204a02c5fa4d2827ec038ffa5bb0f2776b2aad8b","INTERNAL_MOVE","{Function redis_setoption_handler(RedisSock, redisCluster) at redis_commands.c:6234}","{Function redis_setoption_handler(RedisSock, redisCluster) at redis_commands.c:6222}","162","162"
"204a02c5fa4d2827ec038ffa5bb0f2776b2aad8b","INTERNAL_MOVE","{Function redis_mset_cmd(RedisSock, char, char, int, short, void) at redis_commands.c:1849}","{Function redis_mset_cmd(RedisSock, char, char, int, short, void) at redis_commands.c:1849}","35","35"
"204a02c5fa4d2827ec038ffa5bb0f2776b2aad8b","INTERNAL_MOVE","{Function redis_xgroup_cmd(RedisSock, char, int, short, void) at redis_commands.c:5962}","{Function redis_xgroup_cmd(RedisSock, char, int, short, void) at redis_commands.c:5950}","26","26"
"204a02c5fa4d2827ec038ffa5bb0f2776b2aad8b","INTERNAL_MOVE","{Function redis_varkey_cmd(RedisSock, char, char, int, short, void) at redis_commands.c:4821}","{Function redis_varkey_cmd(RedisSock, char, char, int, short, void) at redis_commands.c:4809}","4","4"
"204a02c5fa4d2827ec038ffa5bb0f2776b2aad8b","INTERNAL_MOVE","{Function redis_try_get_expiry(zval, zend_long) at redis_commands.c:2194}","{Function redis_try_get_expiry(zval, zend_long) at redis_commands.c:2194}","24","24"
"204a02c5fa4d2827ec038ffa5bb0f2776b2aad8b","INTERNAL_MOVE","{Function redis_unsubscribe_cmd(RedisSock, char, char, int, short, void) at redis_commands.c:1529}","{Function redis_unsubscribe_cmd(RedisSock, char, char, int, short, void) at redis_commands.c:1529}","34","34"
"204a02c5fa4d2827ec038ffa5bb0f2776b2aad8b","INTERNAL_MOVE","{Function redis_decr_cmd(RedisSock, char, int, short, void) at redis_commands.c:2511}","{Function redis_decr_cmd(RedisSock, char, int, short, void) at redis_commands.c:2511}","4","4"
"204a02c5fa4d2827ec038ffa5bb0f2776b2aad8b","INTERNAL_MOVE","{Function redis_mpop_cmd(RedisSock, char, char, int, short, void) at redis_commands.c:1972}","{Function redis_mpop_cmd(RedisSock, char, char, int, short, void) at redis_commands.c:1972}","83","83"
"204a02c5fa4d2827ec038ffa5bb0f2776b2aad8b","INTERNAL_MOVE","{Function redis_expire_cmd(RedisSock, char, char, int, short, void) at redis_commands.c:6120}","{Function redis_expire_cmd(RedisSock, char, char, int, short, void) at redis_commands.c:6108}","20","20"
"204a02c5fa4d2827ec038ffa5bb0f2776b2aad8b","INTERNAL_MOVE","{Function redis_migrate_cmd(RedisSock, char, int, short, void) at redis_commands.c:4730}","{Function redis_migrate_cmd(RedisSock, char, int, short, void) at redis_commands.c:4718}","86","86"
"204a02c5fa4d2827ec038ffa5bb0f2776b2aad8b","INTERNAL_MOVE","{Function gen_varkey_cmd(RedisSock, char, int, zend_bool, char, int, short) at redis_commands.c:1891}","{Function gen_varkey_cmd(RedisSock, char, int, zend_bool, char, int, short) at redis_commands.c:1891}","78","78"
"204a02c5fa4d2827ec038ffa5bb0f2776b2aad8b","INTERNAL_MOVE","{Function get_xclaim_options(zval, xclaimOptions) at redis_commands.c:5774}","{Function get_xclaim_options(zval, xclaimOptions) at redis_commands.c:5762}","36","36"
"204a02c5fa4d2827ec038ffa5bb0f2776b2aad8b","INTERNAL_MOVE","{Function redis_client_cmd(RedisSock, char, int, short, void) at redis_commands.c:5072}","{Function redis_client_cmd(RedisSock, char, int, short, void) at redis_commands.c:5060}","168","168"
"204a02c5fa4d2827ec038ffa5bb0f2776b2aad8b","INTERNAL_MOVE","{Function redis_set_cmd(RedisSock, char, int, short, void) at redis_commands.c:2222}","{Function redis_set_cmd(RedisSock, char, int, short, void) at redis_commands.c:2222}","107","107"
"204a02c5fa4d2827ec038ffa5bb0f2776b2aad8b","INTERNAL_MOVE","{Function redis_mget_cmd(RedisSock, char, int, short, void) at redis_commands.c:2333}","{Function redis_mget_cmd(RedisSock, char, int, short, void) at redis_commands.c:2333}","27","27"
"204a02c5fa4d2827ec038ffa5bb0f2776b2aad8b","INTERNAL_MOVE","{Function redis_serialize_handler(RedisSock) at redis_commands.c:6418}","{Function redis_serialize_handler(RedisSock) at redis_commands.c:6406}","14","14"
"204a02c5fa4d2827ec038ffa5bb0f2776b2aad8b","INTERNAL_MOVE","{Function redis_get_restore_options(redisRestoreOptions, HashTable) at redis_commands.c:2832}","{Function redis_get_restore_options(redisRestoreOptions, HashTable) at redis_commands.c:2832}","47","47"
"204a02c5fa4d2827ec038ffa5bb0f2776b2aad8b","INTERNAL_MOVE","{Function redis_script_cmd(RedisSock, char, int, short, void) at redis_commands.c:2065}","{Function redis_script_cmd(RedisSock, char, int, short, void) at redis_commands.c:2065}","4","4"
"204a02c5fa4d2827ec038ffa5bb0f2776b2aad8b","INTERNAL_MOVE","{Function redis_xtrim_cmd(RedisSock, char, int, short, void) at redis_commands.c:6067}","{Function redis_xtrim_cmd(RedisSock, char, int, short, void) at redis_commands.c:6055}","48","48"
"204a02c5fa4d2827ec038ffa5bb0f2776b2aad8b","INTERNAL_MOVE","{Function redis_geosearchstore_cmd(RedisSock, char, int, short, void) at redis_commands.c:4597}","{Function redis_geosearchstore_cmd(RedisSock, char, int, short, void) at redis_commands.c:4585}","120","120"
"204a02c5fa4d2827ec038ffa5bb0f2776b2aad8b","INTERNAL_MOVE","{Function redis_compress_handler(RedisSock) at redis_commands.c:6461}","{Function redis_compress_handler(RedisSock) at redis_commands.c:6449}","14","14"
"204a02c5fa4d2827ec038ffa5bb0f2776b2aad8b","INTERNAL_MOVE","{Function get_georadius_count_options(zval, geoOptions) at redis_commands.c:4194}","{Function get_georadius_count_options(zval, geoOptions) at redis_commands.c:4182}","31","31"
"204a02c5fa4d2827ec038ffa5bb0f2776b2aad8b","INTERNAL_MOVE","{Function xclaim_options_argc(xclaimOptions) at redis_commands.c:5812}","{Function xclaim_options_argc(xclaimOptions) at redis_commands.c:5800}","14","14"
"204a02c5fa4d2827ec038ffa5bb0f2776b2aad8b","INTERNAL_MOVE","{Function redis_zrangebylex_cmd(RedisSock, char, char, int, short, void) at redis_commands.c:1568}","{Function redis_zrangebylex_cmd(RedisSock, char, char, int, short, void) at redis_commands.c:1568}","36","36"
"204a02c5fa4d2827ec038ffa5bb0f2776b2aad8b","INTERNAL_MOVE","{Function redis_hdel_cmd(RedisSock, char, int, short, void) at redis_commands.c:3892}","{Function redis_hdel_cmd(RedisSock, char, int, short, void) at redis_commands.c:3880}","55","55"
"204a02c5fa4d2827ec038ffa5bb0f2776b2aad8b","INTERNAL_MOVE","{Function Z_PARAM_STR() at redis_commands.c:775}","{Function Z_PARAM_STR() at redis_commands.c:775}","590","590"
"204a02c5fa4d2827ec038ffa5bb0f2776b2aad8b","INTERNAL_MOVE","{Function redis_zincrby_cmd(RedisSock, char, int, short, void) at redis_commands.c:3662}","{Function redis_zincrby_cmd(RedisSock, char, int, short, void) at redis_commands.c:3650}","16","16"
"204a02c5fa4d2827ec038ffa5bb0f2776b2aad8b","INTERNAL_MOVE","{Function append_georadius_opts(RedisSock, smart_string, short, geoOptions) at redis_commands.c:4285}","{Function append_georadius_opts(RedisSock, smart_string, short, geoOptions) at redis_commands.c:4273}","47","47"
"204a02c5fa4d2827ec038ffa5bb0f2776b2aad8b","INTERNAL_MOVE","{Function redis_info_cmd(RedisSock, char, int, short, void) at redis_commands.c:2058}","{Function redis_info_cmd(RedisSock, char, int, short, void) at redis_commands.c:2058}","4","4"
"204a02c5fa4d2827ec038ffa5bb0f2776b2aad8b","INTERNAL_MOVE","{Function redis_lcs_cmd(RedisSock, char, int, short, void) at redis_commands.c:2743}","{Function redis_lcs_cmd(RedisSock, char, int, short, void) at redis_commands.c:2743}","51","51"
"204a02c5fa4d2827ec038ffa5bb0f2776b2aad8b","INTERNAL_MOVE","{Function redis_eval_cmd(RedisSock, char, char, int, short, void) at redis_commands.c:1637}","{Function redis_eval_cmd(RedisSock, char, char, int, short, void) at redis_commands.c:1637}","62","62"
"204a02c5fa4d2827ec038ffa5bb0f2776b2aad8b","INTERNAL_MOVE","{Function append_xclaim_options(smart_string, xclaimOptions) at redis_commands.c:5828}","{Function append_xclaim_options(smart_string, xclaimOptions) at redis_commands.c:5816}","19","19"
"204a02c5fa4d2827ec038ffa5bb0f2776b2aad8b","INTERNAL_MOVE","{Function redis_xclaim_cmd(RedisSock, char, int, short, void) at redis_commands.c:5900}","{Function redis_xclaim_cmd(RedisSock, char, int, short, void) at redis_commands.c:5888}","52","52"
"204a02c5fa4d2827ec038ffa5bb0f2776b2aad8b","INTERNAL_MOVE","{Function redis_select_cmd(RedisSock, char, int, short, void) at redis_commands.c:3616}","{Function redis_select_cmd(RedisSock, char, int, short, void) at redis_commands.c:3604}","15","15"
"204a02c5fa4d2827ec038ffa5bb0f2776b2aad8b","INTERNAL_MOVE","{Function redis_geoadd_cmd(RedisSock, char, int, short, void) at redis_commands.c:4085}","{Function redis_geoadd_cmd(RedisSock, char, int, short, void) at redis_commands.c:4073}","70","70"
"204a02c5fa4d2827ec038ffa5bb0f2776b2aad8b","INTERNAL_MOVE","{Function redis_gen_zlex_cmd(RedisSock, char, char, int, short, void) at redis_commands.c:1609}","{Function redis_gen_zlex_cmd(RedisSock, char, char, int, short, void) at redis_commands.c:1609}","24","24"
"204a02c5fa4d2827ec038ffa5bb0f2776b2aad8b","INTERNAL_MOVE","{Function append_stream_args(smart_string, HashTable, RedisSock, short) at redis_commands.c:5513}","{Function append_stream_args(smart_string, HashTable, RedisSock, short) at redis_commands.c:5501}","52","52"
"204a02c5fa4d2827ec038ffa5bb0f2776b2aad8b","INTERNAL_MOVE","{Function redis_brpoplpush_cmd(RedisSock, char, int, short, void) at redis_commands.c:2423}","{Function redis_brpoplpush_cmd(RedisSock, char, int, short, void) at redis_commands.c:2423}","34","34"
"204a02c5fa4d2827ec038ffa5bb0f2776b2aad8b","INTERNAL_MOVE","{Function redis_unserialize_handler(RedisSock, zend_class_entry) at redis_commands.c:6435}","{Function redis_unserialize_handler(RedisSock, zend_class_entry) at redis_commands.c:6423}","25","25"
"204a02c5fa4d2827ec038ffa5bb0f2776b2aad8b","INTERNAL_MOVE","{Function redis_zadd_cmd(RedisSock, char, int, short, void) at redis_commands.c:3951}","{Function redis_zadd_cmd(RedisSock, char, int, short, void) at redis_commands.c:3939}","98","98"
"204a02c5fa4d2827ec038ffa5bb0f2776b2aad8b","INTERNAL_MOVE","{Function redis_hsetnx_cmd(RedisSock, char, int, short, void) at redis_commands.c:3546}","{Function redis_hsetnx_cmd(RedisSock, char, int, short, void) at redis_commands.c:3534}","17","17"
"204a02c5fa4d2827ec038ffa5bb0f2776b2aad8b","INTERNAL_MOVE","{Function redis_hincrby_cmd(RedisSock, char, int, short, void) at redis_commands.c:2519}","{Function redis_hincrby_cmd(RedisSock, char, int, short, void) at redis_commands.c:2519}","17","17"
"204a02c5fa4d2827ec038ffa5bb0f2776b2aad8b","INTERNAL_MOVE","{Function redis_xread_cmd(RedisSock, char, int, short, void) at redis_commands.c:5569}","{Function redis_xread_cmd(RedisSock, char, int, short, void) at redis_commands.c:5557}","45","45"
"204a02c5fa4d2827ec038ffa5bb0f2776b2aad8b","INTERNAL_MOVE","{Function zval_get_i64(zval, int64_t) at redis_commands.c:5732}","{Function zval_get_i64(zval, int64_t) at redis_commands.c:5720}","24","24"
"19fd7e0c008653eac2b3ac5f0c569a6c75f9b1e6"
"90eb04709a6ef55b173f51b4c54559f0e3cb91a6"
"6d104481098527d1c20ec62e18e82b1bdb055c2b"
"3574ef0867f048d49fd4da786511f517a8c50fb8","RENAME","{Function redis_vararg_cmd(RedisSock, char, char, int, short, void) at redis_commands.c:1821}","{Function gen_vararg_cmd(RedisSock, uint32_t, char, char, int, short, void) at redis_commands.c:1822}","23","23"
"8cb6dd17fe43edcd3a0f8f16b7786c8d95c7dc93"
"121d330c161b0267ad55ff292f1221aa51ab6065","CHANGE_SIGNATURE","{Function gen_varkey_cmd(RedisSock, char, int, int, zend_bool, char, int, short) at redis_commands.c:1851}","{Function gen_varkey_cmd(RedisSock, char, int, zend_bool, char, int, short) at redis_commands.c:1851}","75","78"
"4264940e52d932f3bd49cf98dc5659d5a6c62205"
"486f131f4497a92c7365838ddd12b080590a14fa"
"3efa59cbc1b8d4cb25740600683e718c93e0c7bb"
"acb5db76617fafa8317e8805132224b2ca905c58","CHANGE_SIGNATURE","{Function redis_object_cmd(RedisSock, REDIS_REPLY_TYPE, char, int, short, void) at redis_commands.h:281}","{Function redis_object_cmd(RedisSock, char, int, short, void) at redis_commands.h:281}","3","2"
"e90557c832cbeb87338851854f0c81c3bf5ab1df"
"f62363c2a32832d15242d077f652066b4105917c","CHANGE_SIGNATURE","{Function redis_srandmember_cmd(RedisSock, char, int, short, void, short) at redis_commands.h:266}","{Function redis_srandmember_cmd(RedisSock, char, int, short, void) at redis_commands.h:266}","2","2"
"86f15ccaa1c45f1971d0c9938659032463d16228"
"b6cf6361dd3b3afcdb2de7f9e8d47585f482d2ec"
"79c9d2241f782f67e58a886e3fd75b51e11e921c"
"5bcaaa59c5aa893254f6ba9e3c0eff292ecaf209"
"27900f39d208ceec8d1b710a48928641a5a1650a","INTERNAL_MOVE","{Function redis_uncompress_handler(RedisSock, zend_class_entry) at redis_commands.c:6526}","{Function redis_uncompress_handler(RedisSock, zend_class_entry) at redis_commands.c:6489}","19","19"
"27900f39d208ceec8d1b710a48928641a5a1650a","RENAME","{Function redis_get_zrange_options() at redis_commands.c:759}","{Function redis_get_zcmd_options() at redis_commands.c:782}","5","5"
"27900f39d208ceec8d1b710a48928641a5a1650a","INTERNAL_MOVE","{Function redis_compress_handler(RedisSock) at redis_commands.c:6509}","{Function redis_compress_handler(RedisSock) at redis_commands.c:6472}","14","14"
"27900f39d208ceec8d1b710a48928641a5a1650a","INTERNAL_MOVE","{Function redis_zrandmember_cmd(RedisSock, char, int, short, void) at redis_commands.c:940}","{Function redis_zrandmember_cmd(RedisSock, char, int, short, void) at redis_commands.c:963}","46","46"
"27900f39d208ceec8d1b710a48928641a5a1650a","INTERNAL_MOVE","{Function redis_intercard_cmd(RedisSock, char, char, int, short, void) at redis_commands.c:1075}","{Function redis_intercard_cmd(RedisSock, char, char, int, short, void) at redis_commands.c:1098}","53","53"
"27900f39d208ceec8d1b710a48928641a5a1650a","INTERNAL_MOVE","{Function redis_serialize_handler(RedisSock) at redis_commands.c:6466}","{Function redis_serialize_handler(RedisSock) at redis_commands.c:6429}","14","14"
"27900f39d208ceec8d1b710a48928641a5a1650a","RENAME","{Function Z_PARAM_STR() at redis_commands.c:752}","{Function redis_zrange_cmd(RedisSock, char, char, int, short, void) at redis_commands.c:758}","5447","5778"
"27900f39d208ceec8d1b710a48928641a5a1650a","INTERNAL_MOVE","{Function redis_sentinel_cmd(RedisSock, char, char, int, short, void) at redis_commands.c:6203}","{Function redis_sentinel_cmd(RedisSock, char, char, int, short, void) at redis_commands.c:6166}","8","8"
"27900f39d208ceec8d1b710a48928641a5a1650a","INTERNAL_MOVE","{Function redis_build_config_get_cmd(smart_string, zval) at redis_commands.c:816}","{Function redis_build_config_get_cmd(smart_string, zval) at redis_commands.c:839}","32","32"
"27900f39d208ceec8d1b710a48928641a5a1650a","INTERNAL_MOVE","{Function redis_replicaof_cmd(RedisSock, char, char, int, short, void) at redis_commands.c:1132}","{Function redis_replicaof_cmd(RedisSock, char, char, int, short, void) at redis_commands.c:1155}","23","23"
"27900f39d208ceec8d1b710a48928641a5a1650a","INTERNAL_MOVE","{Function redis_zinterunion_cmd(RedisSock, char, char, int, short, void) at redis_commands.c:1160}","{Function redis_zinterunion_cmd(RedisSock, char, char, int, short, void) at redis_commands.c:1183}","83","66"
"27900f39d208ceec8d1b710a48928641a5a1650a","INTERNAL_MOVE","{Function redis_getoption_handler(RedisSock, redisCluster) at redis_commands.c:6233}","{Function redis_getoption_handler(RedisSock, redisCluster) at redis_commands.c:6196}","46","46"
"27900f39d208ceec8d1b710a48928641a5a1650a","INTERNAL_MOVE","{Function redis_pack_handler(RedisSock) at redis_commands.c:6546}","{Function redis_pack_handler(RedisSock) at redis_commands.c:6509}","14","14"
"27900f39d208ceec8d1b710a48928641a5a1650a","RENAME","{Function redis_get_zrange_options(redisZrangeOptions, zval, int) at redis_commands.c:635}","{Function redis_get_zcmd_options(redisZcmdOptions, zval, int) at redis_commands.c:637}","50","61"
"27900f39d208ceec8d1b710a48928641a5a1650a","INTERNAL_MOVE","{Function redis_unserialize_handler(RedisSock, zend_class_entry) at redis_commands.c:6483}","{Function redis_unserialize_handler(RedisSock, zend_class_entry) at redis_commands.c:6446}","25","25"
"27900f39d208ceec8d1b710a48928641a5a1650a","INTERNAL_MOVE","{Function redis_prefix_handler(RedisSock) at redis_commands.c:6445}","{Function redis_prefix_handler(RedisSock) at redis_commands.c:6408}","18","18"
"27900f39d208ceec8d1b710a48928641a5a1650a","INTERNAL_MOVE","{Function redis_unpack_handler(RedisSock) at redis_commands.c:6561}","{Function redis_unpack_handler(RedisSock) at redis_commands.c:6524}","11","11"
"27900f39d208ceec8d1b710a48928641a5a1650a","INTERNAL_MOVE","{Function redis_build_config_set_cmd(smart_string, zval, zend_string) at redis_commands.c:849}","{Function redis_build_config_set_cmd(smart_string, zval, zend_string) at redis_commands.c:872}","48","48"
"27900f39d208ceec8d1b710a48928641a5a1650a","INTERNAL_MOVE","{Function redis_sentinel_str_cmd(RedisSock, char, char, int, short, void) at redis_commands.c:6215}","{Function redis_sentinel_str_cmd(RedisSock, char, char, int, short, void) at redis_commands.c:6178}","9","9"
"27900f39d208ceec8d1b710a48928641a5a1650a","INTERNAL_MOVE","{Function redis_zdiff_cmd(RedisSock, char, int, short, void) at redis_commands.c:990}","{Function redis_zdiff_cmd(RedisSock, char, int, short, void) at redis_commands.c:1013}","45","45"
"27900f39d208ceec8d1b710a48928641a5a1650a","INTERNAL_MOVE","{Function redis_setoption_handler(RedisSock, redisCluster) at redis_commands.c:6282}","{Function redis_setoption_handler(RedisSock, redisCluster) at redis_commands.c:6245}","162","162"
"27900f39d208ceec8d1b710a48928641a5a1650a","INTERNAL_MOVE","{Function Z_PARAM_LONG() at redis_commands.c:755}","{Function Z_PARAM_LONG() at redis_commands.c:778}","60","60"
"27900f39d208ceec8d1b710a48928641a5a1650a","INTERNAL_MOVE","{Function redis_cmd_append_sstr_score(smart_string, zval) at redis_commands.c:1036}","{Function redis_cmd_append_sstr_score(smart_string, zval) at redis_commands.c:1059}","35","35"
"27900f39d208ceec8d1b710a48928641a5a1650a","INTERNAL_MOVE","{Function redis_config_cmd(RedisSock, char, int, short, void) at redis_commands.c:901}","{Function redis_config_cmd(RedisSock, char, int, short, void) at redis_commands.c:924}","35","35"
"40a2c254e20cef48c2797d82d55a0e8b1c51651e","INTERNAL_MOVE","{Function redis_xack_cmd(RedisSock, char, int, short, void) at redis_commands.c:5719}","{Function redis_xack_cmd(RedisSock, char, int, short, void) at redis_commands.c:5731}","36","36"
"40a2c254e20cef48c2797d82d55a0e8b1c51651e","INTERNAL_MOVE","{Function redis_pubsub_cmd(RedisSock, char, int, short, void) at redis_commands.c:1405}","{Function redis_pubsub_cmd(RedisSock, char, int, short, void) at redis_commands.c:1405}","71","71"
"40a2c254e20cef48c2797d82d55a0e8b1c51651e","INTERNAL_MOVE","{Function redis_xrange_cmd(RedisSock, char, char, int, short, void) at redis_commands.c:5516}","{Function redis_xrange_cmd(RedisSock, char, char, int, short, void) at redis_commands.c:5528}","27","27"
"40a2c254e20cef48c2797d82d55a0e8b1c51651e","INTERNAL_MOVE","{Function redis_intercard_cmd(RedisSock, char, char, int, short, void) at redis_commands.c:1075}","{Function redis_intercard_cmd(RedisSock, char, char, int, short, void) at redis_commands.c:1075}","53","53"
"40a2c254e20cef48c2797d82d55a0e8b1c51651e","INTERNAL_MOVE","{Function redis_pop_cmd(RedisSock, char, char, int, short, void) at redis_commands.c:2098}","{Function redis_pop_cmd(RedisSock, char, char, int, short, void) at redis_commands.c:2098}","25","25"
"40a2c254e20cef48c2797d82d55a0e8b1c51651e","INTERNAL_MOVE","{Function if(zend_string_equals_literal_ci) at redis_commands.c:6023}","{Function if(zend_string_equals_literal_ci) at redis_commands.c:6035}","3","3"
"40a2c254e20cef48c2797d82d55a0e8b1c51651e","INTERNAL_MOVE","{Function redis_key_varval_cmd(RedisSock, char, char, int, short, void) at redis_commands.c:1742}","{Function redis_key_varval_cmd(RedisSock, char, char, int, short, void) at redis_commands.c:1742}","42","42"
"40a2c254e20cef48c2797d82d55a0e8b1c51651e","INTERNAL_MOVE","{Function redis_xgroup_cmd(RedisSock, char, int, short, void) at redis_commands.c:5998}","{Function redis_xgroup_cmd(RedisSock, char, int, short, void) at redis_commands.c:6010}","26","26"
"40a2c254e20cef48c2797d82d55a0e8b1c51651e","INTERNAL_MOVE","{Function append_xclaim_options(smart_string, xclaimOptions) at redis_commands.c:5864}","{Function append_xclaim_options(smart_string, xclaimOptions) at redis_commands.c:5876}","19","19"
"40a2c254e20cef48c2797d82d55a0e8b1c51651e","INTERNAL_MOVE","{Function redis_xautoclaim_cmd(RedisSock, char, int, short, void) at redis_commands.c:5888}","{Function redis_xautoclaim_cmd(RedisSock, char, int, short, void) at redis_commands.c:5900}","42","42"
"40a2c254e20cef48c2797d82d55a0e8b1c51651e","INTERNAL_MOVE","{Function redis_try_get_expiry(zval, zend_long) at redis_commands.c:2205}","{Function redis_try_get_expiry(zval, zend_long) at redis_commands.c:2205}","24","24"
"40a2c254e20cef48c2797d82d55a0e8b1c51651e","INTERNAL_MOVE","{Function redis_set_cmd(RedisSock, char, int, short, void) at redis_commands.c:2233}","{Function redis_set_cmd(RedisSock, char, int, short, void) at redis_commands.c:2233}","107","107"
"40a2c254e20cef48c2797d82d55a0e8b1c51651e","INTERNAL_MOVE","{Function redis_mpop_cmd(RedisSock, char, char, int, short, void) at redis_commands.c:1997}","{Function redis_mpop_cmd(RedisSock, char, char, int, short, void) at redis_commands.c:1997}","83","83"
"40a2c254e20cef48c2797d82d55a0e8b1c51651e","INTERNAL_MOVE","{Function redis_atomic_increment(int, RedisSock, char, int, short, void) at redis_commands.c:2449}","{Function redis_atomic_increment(int, RedisSock, char, int, short, void) at redis_commands.c:2449}","30","30"
"40a2c254e20cef48c2797d82d55a0e8b1c51651e","INTERNAL_MOVE","{Function redis_hstrlen_cmd(RedisSock, char, int, short, void) at redis_commands.c:2704}","{Function redis_hstrlen_cmd(RedisSock, char, int, short, void) at redis_commands.c:2704}","14","14"
"40a2c254e20cef48c2797d82d55a0e8b1c51651e","INTERNAL_MOVE","{Function redis_cmd_append_sstr_score(smart_string, zval) at redis_commands.c:1036}","{Function redis_cmd_append_sstr_score(smart_string, zval) at redis_commands.c:1036}","35","35"
"40a2c254e20cef48c2797d82d55a0e8b1c51651e","INTERNAL_MOVE","{Function redis_eval_cmd(RedisSock, char, char, int, short, void) at redis_commands.c:1674}","{Function redis_eval_cmd(RedisSock, char, char, int, short, void) at redis_commands.c:1674}","62","62"
"40a2c254e20cef48c2797d82d55a0e8b1c51651e","INTERNAL_MOVE","{Function Z_PARAM_LONG() at redis_commands.c:755}","{Function Z_PARAM_LONG() at redis_commands.c:755}","60","60"
"40a2c254e20cef48c2797d82d55a0e8b1c51651e","INTERNAL_MOVE","{Function redis_restore_cmd(RedisSock, char, int, short, void) at redis_commands.c:2902}","{Function redis_restore_cmd(RedisSock, char, int, short, void) at redis_commands.c:2902}","3285","3167"
"40a2c254e20cef48c2797d82d55a0e8b1c51651e","INTERNAL_MOVE","{Function redis_incr_cmd(RedisSock, char, int, short, void) at redis_commands.c:2483}","{Function redis_incr_cmd(RedisSock, char, int, short, void) at redis_commands.c:2483}","4","4"
"40a2c254e20cef48c2797d82d55a0e8b1c51651e","INTERNAL_MOVE","{Function redis_zdiffstore_cmd(RedisSock, char, int, short, void) at redis_commands.c:1247}","{Function redis_zdiffstore_cmd(RedisSock, char, int, short, void) at redis_commands.c:1247}","30","30"
"40a2c254e20cef48c2797d82d55a0e8b1c51651e","INTERNAL_MOVE","{Function redis_blocking_pop_cmd(RedisSock, char, char, int, short, void) at redis_commands.c:2085}","{Function redis_blocking_pop_cmd(RedisSock, char, char, int, short, void) at redis_commands.c:2085}","4","4"
"40a2c254e20cef48c2797d82d55a0e8b1c51651e","INTERNAL_MOVE","{Function redis_zinterunion_cmd(RedisSock, char, char, int, short, void) at redis_commands.c:1160}","{Function redis_zinterunion_cmd(RedisSock, char, char, int, short, void) at redis_commands.c:1160}","83","83"
"40a2c254e20cef48c2797d82d55a0e8b1c51651e","INTERNAL_MOVE","{Function zval_get_i64(zval, int64_t) at redis_commands.c:5768}","{Function zval_get_i64(zval, int64_t) at redis_commands.c:5780}","24","24"
"40a2c254e20cef48c2797d82d55a0e8b1c51651e","INTERNAL_MOVE","{Function redis_xadd_cmd(RedisSock, char, int, short, void) at redis_commands.c:5395}","{Function redis_xadd_cmd(RedisSock, char, int, short, void) at redis_commands.c:5407}","62","62"
"40a2c254e20cef48c2797d82d55a0e8b1c51651e","INTERNAL_MOVE","{Function redis_hincrbyfloat_cmd(RedisSock, char, int, short, void) at redis_commands.c:2520}","{Function redis_hincrbyfloat_cmd(RedisSock, char, int, short, void) at redis_commands.c:2520}","18","18"
"40a2c254e20cef48c2797d82d55a0e8b1c51651e","INTERNAL_MOVE","{Function redis_xpending_cmd(RedisSock, char, int, short, void) at redis_commands.c:5461}","{Function redis_xpending_cmd(RedisSock, char, int, short, void) at redis_commands.c:5473}","50","50"
"40a2c254e20cef48c2797d82d55a0e8b1c51651e","INTERNAL_MOVE","{Function redis_gen_zlex_cmd(RedisSock, char, char, int, short, void) at redis_commands.c:1646}","{Function redis_gen_zlex_cmd(RedisSock, char, char, int, short, void) at redis_commands.c:1646}","24","24"
"40a2c254e20cef48c2797d82d55a0e8b1c51651e","INTERNAL_MOVE","{Function redis_hincrby_cmd(RedisSock, char, int, short, void) at redis_commands.c:2499}","{Function redis_hincrby_cmd(RedisSock, char, int, short, void) at redis_commands.c:2499}","17","17"
"40a2c254e20cef48c2797d82d55a0e8b1c51651e","INTERNAL_MOVE","{Function redis_zrangebylex_cmd(RedisSock, char, char, int, short, void) at redis_commands.c:1605}","{Function redis_zrangebylex_cmd(RedisSock, char, char, int, short, void) at redis_commands.c:1605}","36","36"
"40a2c254e20cef48c2797d82d55a0e8b1c51651e","INTERNAL_MOVE","{Function redis_xclaim_cmd(RedisSock, char, int, short, void) at redis_commands.c:5936}","{Function redis_xclaim_cmd(RedisSock, char, int, short, void) at redis_commands.c:5948}","52","52"
"40a2c254e20cef48c2797d82d55a0e8b1c51651e","INTERNAL_MOVE","{Function redis_xreadgroup_cmd(RedisSock, char, int, short, void) at redis_commands.c:5655}","{Function redis_xreadgroup_cmd(RedisSock, char, int, short, void) at redis_commands.c:5667}","60","60"
"40a2c254e20cef48c2797d82d55a0e8b1c51651e","INTERNAL_MOVE","{Function redis_expire_cmd(RedisSock, char, char, int, short, void) at redis_commands.c:6156}","{Function redis_expire_cmd(RedisSock, char, char, int, short, void) at redis_commands.c:6168}","20","20"
"40a2c254e20cef48c2797d82d55a0e8b1c51651e","EXTRACT_MOVE","{Function redis_lmove_cmd(RedisSock, char, char, int, short, void) at redis_commands.c:3326}","{Function Z_PARAM_STR() at redis_commands.c:5365}","2731","11"
"40a2c254e20cef48c2797d82d55a0e8b1c51651e","INTERNAL_MOVE","{Function redis_hmget_cmd(RedisSock, char, int, short, void) at redis_commands.c:2542}","{Function redis_hmget_cmd(RedisSock, char, int, short, void) at redis_commands.c:2542}","80","80"
"40a2c254e20cef48c2797d82d55a0e8b1c51651e","INTERNAL_MOVE","{Function redis_xinfo_cmd(RedisSock, char, int, short, void) at redis_commands.c:6064}","{Function redis_xinfo_cmd(RedisSock, char, int, short, void) at redis_commands.c:6076}","35","35"
"40a2c254e20cef48c2797d82d55a0e8b1c51651e","INTERNAL_MOVE","{Function redis_key_val_arr_cmd(RedisSock, char, char, int, short, void) at redis_commands.c:1841}","{Function redis_key_val_arr_cmd(RedisSock, char, char, int, short, void) at redis_commands.c:1841}","4","4"
"40a2c254e20cef48c2797d82d55a0e8b1c51651e","INTERNAL_MOVE","{Function redis_lcs_cmd(RedisSock, char, int, short, void) at redis_commands.c:2762}","{Function redis_lcs_cmd(RedisSock, char, int, short, void) at redis_commands.c:2762}","51","51"
"40a2c254e20cef48c2797d82d55a0e8b1c51651e","INTERNAL_MOVE","{Function redis_xread_cmd(RedisSock, char, int, short, void) at redis_commands.c:5605}","{Function redis_xread_cmd(RedisSock, char, int, short, void) at redis_commands.c:5617}","45","45"
"40a2c254e20cef48c2797d82d55a0e8b1c51651e","INTERNAL_MOVE","{Function redis_getex_cmd(RedisSock, char, int, short, void) at redis_commands.c:2344}","{Function redis_getex_cmd(RedisSock, char, int, short, void) at redis_commands.c:2344}","55","55"
"40a2c254e20cef48c2797d82d55a0e8b1c51651e","INTERNAL_MOVE","{Function redis_decr_cmd(RedisSock, char, int, short, void) at redis_commands.c:2491}","{Function redis_decr_cmd(RedisSock, char, int, short, void) at redis_commands.c:2491}","4","4"
"40a2c254e20cef48c2797d82d55a0e8b1c51651e","INTERNAL_MOVE","{Function get_xclaim_options(zval, xclaimOptions) at redis_commands.c:5810}","{Function get_xclaim_options(zval, xclaimOptions) at redis_commands.c:5822}","36","36"
"40a2c254e20cef48c2797d82d55a0e8b1c51651e","INTERNAL_MOVE","{Function redis_get_restore_options(redisRestoreOptions, HashTable) at redis_commands.c:2851}","{Function redis_get_restore_options(redisRestoreOptions, HashTable) at redis_commands.c:2851}","47","47"
"40a2c254e20cef48c2797d82d55a0e8b1c51651e","INTERNAL_MOVE","{Function redis_replicaof_cmd(RedisSock, char, char, int, short, void) at redis_commands.c:1132}","{Function redis_replicaof_cmd(RedisSock, char, char, int, short, void) at redis_commands.c:1132}","23","23"
"40a2c254e20cef48c2797d82d55a0e8b1c51651e","INTERNAL_MOVE","{Function redis_key_str_arr_cmd(RedisSock, char, char, int, short, void) at redis_commands.c:1849}","{Function redis_key_str_arr_cmd(RedisSock, char, char, int, short, void) at redis_commands.c:1849}","4","4"
"40a2c254e20cef48c2797d82d55a0e8b1c51651e","INTERNAL_MOVE","{Function redis_slowlog_cmd(RedisSock, char, int, short, void) at redis_commands.c:2816}","{Function redis_slowlog_cmd(RedisSock, char, int, short, void) at redis_commands.c:2816}","34","34"
"40a2c254e20cef48c2797d82d55a0e8b1c51651e","INTERNAL_MOVE","{Function xclaim_options_argc(xclaimOptions) at redis_commands.c:5848}","{Function xclaim_options_argc(xclaimOptions) at redis_commands.c:5860}","14","14"
"40a2c254e20cef48c2797d82d55a0e8b1c51651e","INTERNAL_MOVE","{Function redis_subscribe_cmd(RedisSock, char, char, int, short, void) at redis_commands.c:1481}","{Function redis_subscribe_cmd(RedisSock, char, char, int, short, void) at redis_commands.c:1481}","80","80"
"40a2c254e20cef48c2797d82d55a0e8b1c51651e","INTERNAL_MOVE","{Function redis_zdiff_cmd(RedisSock, char, int, short, void) at redis_commands.c:990}","{Function redis_zdiff_cmd(RedisSock, char, int, short, void) at redis_commands.c:990}","45","45"
"40a2c254e20cef48c2797d82d55a0e8b1c51651e","INTERNAL_MOVE","{Function redis_unsubscribe_cmd(RedisSock, char, char, int, short, void) at redis_commands.c:1566}","{Function redis_unsubscribe_cmd(RedisSock, char, char, int, short, void) at redis_commands.c:1566}","34","34"
"40a2c254e20cef48c2797d82d55a0e8b1c51651e","INTERNAL_MOVE","{Function redis_build_config_get_cmd(smart_string, zval) at redis_commands.c:816}","{Function redis_build_config_get_cmd(smart_string, zval) at redis_commands.c:816}","32","32"
"40a2c254e20cef48c2797d82d55a0e8b1c51651e","INTERNAL_MOVE","{Function gen_key_arr_cmd(RedisSock, char, int, char, int, short, void) at redis_commands.c:1791}","{Function gen_key_arr_cmd(RedisSock, char, int, char, int, short, void) at redis_commands.c:1791}","46","46"
"40a2c254e20cef48c2797d82d55a0e8b1c51651e","INTERNAL_MOVE","{Function redis_zrandmember_cmd(RedisSock, char, int, short, void) at redis_commands.c:940}","{Function redis_zrandmember_cmd(RedisSock, char, int, short, void) at redis_commands.c:940}","46","46"
"40a2c254e20cef48c2797d82d55a0e8b1c51651e","INTERNAL_MOVE","{Function redis_zinterunionstore_cmd(RedisSock, char, char, int, short, void) at redis_commands.c:1283}","{Function redis_zinterunionstore_cmd(RedisSock, char, char, int, short, void) at redis_commands.c:1283}","119","119"
"40a2c254e20cef48c2797d82d55a0e8b1c51651e","INTERNAL_MOVE","{Function redis_brpoplpush_cmd(RedisSock, char, int, short, void) at redis_commands.c:2403}","{Function redis_brpoplpush_cmd(RedisSock, char, int, short, void) at redis_commands.c:2403}","34","34"
"40a2c254e20cef48c2797d82d55a0e8b1c51651e","INTERNAL_MOVE","{Function gen_varkey_cmd(RedisSock, char, int, int, int, char, int, short) at redis_commands.c:1860}","{Function gen_varkey_cmd(RedisSock, char, int, int, int, char, int, short) at redis_commands.c:1860}","134","134"
"40a2c254e20cef48c2797d82d55a0e8b1c51651e","INTERNAL_MOVE","{Function redis_xtrim_cmd(RedisSock, char, int, short, void) at redis_commands.c:6103}","{Function redis_xtrim_cmd(RedisSock, char, int, short, void) at redis_commands.c:6115}","48","48"
"40a2c254e20cef48c2797d82d55a0e8b1c51651e","INTERNAL_MOVE","{Function append_stream_args(smart_string, HashTable, RedisSock, short) at redis_commands.c:5549}","{Function append_stream_args(smart_string, HashTable, RedisSock, short) at redis_commands.c:5561}","52","52"
"40a2c254e20cef48c2797d82d55a0e8b1c51651e","INTERNAL_MOVE","{Function get_xclaim_i64_arg(char, zval) at redis_commands.c:5797}","{Function get_xclaim_i64_arg(char, zval) at redis_commands.c:5809}","11","11"
"40a2c254e20cef48c2797d82d55a0e8b1c51651e","INTERNAL_MOVE","{Function redis_hmset_cmd(RedisSock, char, int, short, void) at redis_commands.c:2626}","{Function redis_hmset_cmd(RedisSock, char, int, short, void) at redis_commands.c:2626}","73","73"
"40a2c254e20cef48c2797d82d55a0e8b1c51651e","INTERNAL_MOVE","{Function redis_build_config_set_cmd(smart_string, zval, zend_string) at redis_commands.c:849}","{Function redis_build_config_set_cmd(smart_string, zval, zend_string) at redis_commands.c:849}","48","48"
"40a2c254e20cef48c2797d82d55a0e8b1c51651e","INTERNAL_MOVE","{Function redis_get_lcs_options(redisLcsOptions, HashTable) at redis_commands.c:2719}","{Function redis_get_lcs_options(redisLcsOptions, HashTable) at redis_commands.c:2719}","39","39"
"40a2c254e20cef48c2797d82d55a0e8b1c51651e","INTERNAL_MOVE","{Function redis_config_cmd(RedisSock, char, int, short, void) at redis_commands.c:901}","{Function redis_config_cmd(RedisSock, char, int, short, void) at redis_commands.c:901}","35","35"
"40a2c254e20cef48c2797d82d55a0e8b1c51651e","INTERNAL_MOVE","{Function redis_acl_cmd(RedisSock, char, int, short, void) at redis_commands.c:2127}","{Function redis_acl_cmd(RedisSock, char, int, short, void) at redis_commands.c:2127}","74","74"
"e222b85ecf6dea9621e60bd9cc8c8d928a341f6f"
"fa5d1af9ff9a2adc0c2aa10bc99112729ca684c4","EXTRACT","{Function redis_geosearch_response(RedisSock, zval, void) at library.c:1787}","{Function redis_read_geosearch_response(zval, RedisSock, long long, int) at library.c:1802}","59","43"
"7121aaae5c3ab83097453ff8926620b67f57649e","EXTRACT","{Function redis_lpos_response(RedisSock, zval, void) at library.c:1459}","{Function redis_read_lpos_response(zval, RedisSock, char, long long, void) at library.c:1460}","56","34"
"121e9d9c2948d8da1165aabd39dff67a4b38857f","INTERNAL_MOVE","{Function redis_georadiusbymember_cmd(RedisSock, char, char, int, short, void) at redis_commands.c:4440}","{Function redis_georadiusbymember_cmd(RedisSock, char, char, int, short, void) at redis_commands.c:4457}","61","61"
"121e9d9c2948d8da1165aabd39dff67a4b38857f","INTERNAL_MOVE","{Function redis_slowlog_cmd(RedisSock, char, int, short, void) at redis_commands.c:2816}","{Function redis_slowlog_cmd(RedisSock, char, int, short, void) at redis_commands.c:2816}","34","34"
"121e9d9c2948d8da1165aabd39dff67a4b38857f","INTERNAL_MOVE","{Function redis_hsetnx_cmd(RedisSock, char, int, short, void) at redis_commands.c:3591}","{Function redis_hsetnx_cmd(RedisSock, char, int, short, void) at redis_commands.c:3608}","17","17"
"121e9d9c2948d8da1165aabd39dff67a4b38857f","INTERNAL_MOVE_RENAME","{Function Z_PARAM_STR() at redis_commands.c:752}","{Function redis_lmove_cmd(RedisSock, char, char, int, short, void) at redis_commands.c:3326}","5411","2724"
"121e9d9c2948d8da1165aabd39dff67a4b38857f","INTERNAL_MOVE","{Function redis_build_client_list_command(smart_string, int, zval) at redis_commands.c:4852}","{Function redis_build_client_list_command(smart_string, int, zval) at redis_commands.c:4869}","59","59"
"121e9d9c2948d8da1165aabd39dff67a4b38857f","INTERNAL_MOVE","{Function redis_sort_cmd(RedisSock, char, char, int, short, void) at redis_commands.c:3710}","{Function redis_sort_cmd(RedisSock, char, char, int, short, void) at redis_commands.c:3727}","206","206"
"121e9d9c2948d8da1165aabd39dff67a4b38857f","INTERNAL_MOVE","{Function redis_zinterunion_cmd(RedisSock, char, char, int, short, void) at redis_commands.c:1160}","{Function redis_zinterunion_cmd(RedisSock, char, char, int, short, void) at redis_commands.c:1160}","83","83"
"121e9d9c2948d8da1165aabd39dff67a4b38857f","INTERNAL_MOVE","{Function redis_xautoclaim_cmd(RedisSock, char, int, short, void) at redis_commands.c:5864}","{Function redis_xautoclaim_cmd(RedisSock, char, int, short, void) at redis_commands.c:5881}","42","42"
"121e9d9c2948d8da1165aabd39dff67a4b38857f","INTERNAL_MOVE","{Function redis_subscribe_cmd(RedisSock, char, char, int, short, void) at redis_commands.c:1481}","{Function redis_subscribe_cmd(RedisSock, char, char, int, short, void) at redis_commands.c:1481}","80","80"
"121e9d9c2948d8da1165aabd39dff67a4b38857f","INTERNAL_MOVE","{Function redis_lpos_cmd(RedisSock, char, int, short, void) at redis_commands.c:3411}","{Function redis_lpos_cmd(RedisSock, char, int, short, void) at redis_commands.c:3428}","59","59"
"121e9d9c2948d8da1165aabd39dff67a4b38857f","INTERNAL_MOVE","{Function redis_xadd_cmd(RedisSock, char, int, short, void) at redis_commands.c:5371}","{Function redis_xadd_cmd(RedisSock, char, int, short, void) at redis_commands.c:5388}","62","62"
"121e9d9c2948d8da1165aabd39dff67a4b38857f","INTERNAL_MOVE","{Function redis_cmd_append_sstr_score(smart_string, zval) at redis_commands.c:1036}","{Function redis_cmd_append_sstr_score(smart_string, zval) at redis_commands.c:1036}","35","35"
"121e9d9c2948d8da1165aabd39dff67a4b38857f","INTERNAL_MOVE","{Function redis_build_client_tracking_command(smart_string, int, zval) at redis_commands.c:5006}","{Function redis_build_client_tracking_command(smart_string, int, zval) at redis_commands.c:5023}","86","86"
"121e9d9c2948d8da1165aabd39dff67a4b38857f","INTERNAL_MOVE","{Function redis_zrandmember_cmd(RedisSock, char, int, short, void) at redis_commands.c:940}","{Function redis_zrandmember_cmd(RedisSock, char, int, short, void) at redis_commands.c:940}","46","46"
"121e9d9c2948d8da1165aabd39dff67a4b38857f","INTERNAL_MOVE","{Function xclaim_options_argc(xclaimOptions) at redis_commands.c:5824}","{Function xclaim_options_argc(xclaimOptions) at redis_commands.c:5841}","14","14"
"121e9d9c2948d8da1165aabd39dff67a4b38857f","INTERNAL_MOVE","{Function redis_zadd_cmd(RedisSock, char, int, short, void) at redis_commands.c:3979}","{Function redis_zadd_cmd(RedisSock, char, int, short, void) at redis_commands.c:3996}","98","98"
"121e9d9c2948d8da1165aabd39dff67a4b38857f","INTERNAL_MOVE","{Function redis_hset_cmd(RedisSock, char, int, short, void) at redis_commands.c:3517}","{Function redis_hset_cmd(RedisSock, char, int, short, void) at redis_commands.c:3534}","70","70"
"121e9d9c2948d8da1165aabd39dff67a4b38857f","EXTRACT_MOVE","{Function Z_PARAM_STR() at redis_commands.c:752}","{Function Z_PARAM_STR() at redis_commands.c:3340}","5411","33"
"121e9d9c2948d8da1165aabd39dff67a4b38857f","INTERNAL_MOVE","{Function redis_migrate_cmd(RedisSock, char, int, short, void) at redis_commands.c:4754}","{Function redis_migrate_cmd(RedisSock, char, int, short, void) at redis_commands.c:4771}","86","86"
"121e9d9c2948d8da1165aabd39dff67a4b38857f","INTERNAL_MOVE","{Function redis_hmget_cmd(RedisSock, char, int, short, void) at redis_commands.c:2542}","{Function redis_hmget_cmd(RedisSock, char, int, short, void) at redis_commands.c:2542}","80","80"
"121e9d9c2948d8da1165aabd39dff67a4b38857f","INTERNAL_MOVE","{Function redis_lrem_cmd(RedisSock, char, int, short, void) at redis_commands.c:3389}","{Function redis_lrem_cmd(RedisSock, char, int, short, void) at redis_commands.c:3406}","18","18"
"121e9d9c2948d8da1165aabd39dff67a4b38857f","INTERNAL_MOVE","{Function redis_build_config_get_cmd(smart_string, zval) at redis_commands.c:816}","{Function redis_build_config_get_cmd(smart_string, zval) at redis_commands.c:816}","32","32"
"121e9d9c2948d8da1165aabd39dff67a4b38857f","INTERNAL_MOVE","{Function redis_srandmember_cmd(RedisSock, char, int, short, void, short) at redis_commands.c:3663}","{Function redis_srandmember_cmd(RedisSock, char, int, short, void, short) at redis_commands.c:3680}","23","23"
"121e9d9c2948d8da1165aabd39dff67a4b38857f","INTERNAL_MOVE","{Function redis_xreadgroup_cmd(RedisSock, char, int, short, void) at redis_commands.c:5631}","{Function redis_xreadgroup_cmd(RedisSock, char, int, short, void) at redis_commands.c:5648}","60","60"
"121e9d9c2948d8da1165aabd39dff67a4b38857f","INTERNAL_MOVE","{Function get_georadius_opts(HashTable, geoOptions) at redis_commands.c:4258}","{Function get_georadius_opts(HashTable, geoOptions) at redis_commands.c:4275}","54","54"
"121e9d9c2948d8da1165aabd39dff67a4b38857f","INTERNAL_MOVE","{Function redis_set_cmd(RedisSock, char, int, short, void) at redis_commands.c:2233}","{Function redis_set_cmd(RedisSock, char, int, short, void) at redis_commands.c:2233}","107","107"
"121e9d9c2948d8da1165aabd39dff67a4b38857f","INTERNAL_MOVE","{Function redis_georadius_cmd(RedisSock, char, char, int, short, void) at redis_commands.c:4368}","{Function redis_georadius_cmd(RedisSock, char, char, int, short, void) at redis_commands.c:4385}","66","66"
"121e9d9c2948d8da1165aabd39dff67a4b38857f","INTERNAL_MOVE","{Function redis_hstrlen_cmd(RedisSock, char, int, short, void) at redis_commands.c:2704}","{Function redis_hstrlen_cmd(RedisSock, char, int, short, void) at redis_commands.c:2704}","14","14"
"121e9d9c2948d8da1165aabd39dff67a4b38857f","INTERNAL_MOVE","{Function redis_pop_cmd(RedisSock, char, char, int, short, void) at redis_commands.c:2098}","{Function redis_pop_cmd(RedisSock, char, char, int, short, void) at redis_commands.c:2098}","25","25"
"121e9d9c2948d8da1165aabd39dff67a4b38857f","INTERNAL_MOVE","{Function redis_brpoplpush_cmd(RedisSock, char, int, short, void) at redis_commands.c:2403}","{Function redis_brpoplpush_cmd(RedisSock, char, int, short, void) at redis_commands.c:2403}","34","34"
"121e9d9c2948d8da1165aabd39dff67a4b38857f","INTERNAL_MOVE","{Function redis_zincrby_cmd(RedisSock, char, int, short, void) at redis_commands.c:3690}","{Function redis_zincrby_cmd(RedisSock, char, int, short, void) at redis_commands.c:3707}","16","16"
"121e9d9c2948d8da1165aabd39dff67a4b38857f","INTERNAL_MOVE","{Function zval_get_i64(zval, int64_t) at redis_commands.c:5744}","{Function zval_get_i64(zval, int64_t) at redis_commands.c:5761}","24","24"
"121e9d9c2948d8da1165aabd39dff67a4b38857f","INTERNAL_MOVE","{Function redis_xinfo_cmd(RedisSock, char, int, short, void) at redis_commands.c:6040}","{Function redis_xinfo_cmd(RedisSock, char, int, short, void) at redis_commands.c:6057}","35","35"
"121e9d9c2948d8da1165aabd39dff67a4b38857f","INTERNAL_MOVE","{Function redis_get_lcs_options(redisLcsOptions, HashTable) at redis_commands.c:2719}","{Function redis_get_lcs_options(redisLcsOptions, HashTable) at redis_commands.c:2719}","39","39"
"121e9d9c2948d8da1165aabd39dff67a4b38857f","INTERNAL_MOVE","{Function redis_restore_cmd(RedisSock, char, int, short, void) at redis_commands.c:2902}","{Function redis_restore_cmd(RedisSock, char, int, short, void) at redis_commands.c:2902}","3131","3278"
"121e9d9c2948d8da1165aabd39dff67a4b38857f","INTERNAL_MOVE","{Function redis_getex_cmd(RedisSock, char, int, short, void) at redis_commands.c:2344}","{Function redis_getex_cmd(RedisSock, char, int, short, void) at redis_commands.c:2344}","55","55"
"121e9d9c2948d8da1165aabd39dff67a4b38857f","INTERNAL_MOVE","{Function redis_blocking_pop_cmd(RedisSock, char, char, int, short, void) at redis_commands.c:2085}","{Function redis_blocking_pop_cmd(RedisSock, char, char, int, short, void) at redis_commands.c:2085}","4","4"
"121e9d9c2948d8da1165aabd39dff67a4b38857f","INTERNAL_MOVE","{Function redis_intercard_cmd(RedisSock, char, char, int, short, void) at redis_commands.c:1075}","{Function redis_intercard_cmd(RedisSock, char, char, int, short, void) at redis_commands.c:1075}","53","53"
"121e9d9c2948d8da1165aabd39dff67a4b38857f","INTERNAL_MOVE","{Function redis_zinterunionstore_cmd(RedisSock, char, char, int, short, void) at redis_commands.c:1283}","{Function redis_zinterunionstore_cmd(RedisSock, char, char, int, short, void) at redis_commands.c:1283}","119","119"
"121e9d9c2948d8da1165aabd39dff67a4b38857f","INTERNAL_MOVE","{Function redis_incr_cmd(RedisSock, char, int, short, void) at redis_commands.c:2483}","{Function redis_incr_cmd(RedisSock, char, int, short, void) at redis_commands.c:2483}","4","4"
"121e9d9c2948d8da1165aabd39dff67a4b38857f","INTERNAL_MOVE","{Function redis_xack_cmd(RedisSock, char, int, short, void) at redis_commands.c:5695}","{Function redis_xack_cmd(RedisSock, char, int, short, void) at redis_commands.c:5712}","36","36"
"121e9d9c2948d8da1165aabd39dff67a4b38857f","INTERNAL_MOVE","{Function append_stream_args(smart_string, HashTable, RedisSock, short) at redis_commands.c:5525}","{Function append_stream_args(smart_string, HashTable, RedisSock, short) at redis_commands.c:5542}","52","52"
"121e9d9c2948d8da1165aabd39dff67a4b38857f","INTERNAL_MOVE","{Function redis_key_str_arr_cmd(RedisSock, char, char, int, short, void) at redis_commands.c:1849}","{Function redis_key_str_arr_cmd(RedisSock, char, char, int, short, void) at redis_commands.c:1849}","4","4"
"121e9d9c2948d8da1165aabd39dff67a4b38857f","INTERNAL_MOVE","{Function redis_key_val_arr_cmd(RedisSock, char, char, int, short, void) at redis_commands.c:1841}","{Function redis_key_val_arr_cmd(RedisSock, char, char, int, short, void) at redis_commands.c:1841}","4","4"
"121e9d9c2948d8da1165aabd39dff67a4b38857f","INTERNAL_MOVE","{Function redis_mpop_cmd(RedisSock, char, char, int, short, void) at redis_commands.c:1997}","{Function redis_mpop_cmd(RedisSock, char, char, int, short, void) at redis_commands.c:1997}","83","83"
"121e9d9c2948d8da1165aabd39dff67a4b38857f","INTERNAL_MOVE","{Function redis_copy_cmd(RedisSock, char, int, short, void) at redis_commands.c:5323}","{Function redis_copy_cmd(RedisSock, char, int, short, void) at redis_commands.c:5340}","44","44"
"121e9d9c2948d8da1165aabd39dff67a4b38857f","INTERNAL_MOVE","{Function redis_hrandfield_cmd(RedisSock, char, int, short, void) at redis_commands.c:3612}","{Function redis_hrandfield_cmd(RedisSock, char, int, short, void) at redis_commands.c:3629}","46","46"
"121e9d9c2948d8da1165aabd39dff67a4b38857f","INTERNAL_MOVE","{Function redis_xgroup_cmd(RedisSock, char, int, short, void) at redis_commands.c:5974}","{Function redis_xgroup_cmd(RedisSock, char, int, short, void) at redis_commands.c:5991}","26","26"
"121e9d9c2948d8da1165aabd39dff67a4b38857f","INTERNAL_MOVE","{Function redis_linsert_cmd(RedisSock, char, int, short, void) at redis_commands.c:3360}","{Function redis_linsert_cmd(RedisSock, char, int, short, void) at redis_commands.c:3377}","25","25"
"121e9d9c2948d8da1165aabd39dff67a4b38857f","INTERNAL_MOVE","{Function redis_hdel_cmd(RedisSock, char, int, short, void) at redis_commands.c:3920}","{Function redis_hdel_cmd(RedisSock, char, int, short, void) at redis_commands.c:3937}","55","55"
"121e9d9c2948d8da1165aabd39dff67a4b38857f","INTERNAL_MOVE","{Function redis_hincrbyfloat_cmd(RedisSock, char, int, short, void) at redis_commands.c:2520}","{Function redis_hincrbyfloat_cmd(RedisSock, char, int, short, void) at redis_commands.c:2520}","18","18"
"121e9d9c2948d8da1165aabd39dff67a4b38857f","INTERNAL_MOVE","{Function redis_expire_cmd(RedisSock, char, char, int, short, void) at redis_commands.c:6132}","{Function redis_expire_cmd(RedisSock, char, char, int, short, void) at redis_commands.c:6149}","20","20"
"121e9d9c2948d8da1165aabd39dff67a4b38857f","INTERNAL_MOVE","{Function redis_unsubscribe_cmd(RedisSock, char, char, int, short, void) at redis_commands.c:1566}","{Function redis_unsubscribe_cmd(RedisSock, char, char, int, short, void) at redis_commands.c:1566}","34","34"
"121e9d9c2948d8da1165aabd39dff67a4b38857f","INTERNAL_MOVE","{Function redis_smove_cmd(RedisSock, char, int, short, void) at redis_commands.c:3473}","{Function redis_smove_cmd(RedisSock, char, int, short, void) at redis_commands.c:3490}","40","40"
"121e9d9c2948d8da1165aabd39dff67a4b38857f","INTERNAL_MOVE","{Function redis_client_cmd(RedisSock, char, int, short, void) at redis_commands.c:5096}","{Function redis_client_cmd(RedisSock, char, int, short, void) at redis_commands.c:5113}","168","168"
"121e9d9c2948d8da1165aabd39dff67a4b38857f","INTERNAL_MOVE","{Function get_xclaim_i64_arg(char, zval) at redis_commands.c:5773}","{Function get_xclaim_i64_arg(char, zval) at redis_commands.c:5790}","11","11"
"121e9d9c2948d8da1165aabd39dff67a4b38857f","INTERNAL_MOVE","{Function redis_atomic_increment(int, RedisSock, char, int, short, void) at redis_commands.c:2449}","{Function redis_atomic_increment(int, RedisSock, char, int, short, void) at redis_commands.c:2449}","30","30"
"121e9d9c2948d8da1165aabd39dff67a4b38857f","INTERNAL_MOVE","{Function redis_xrange_cmd(RedisSock, char, char, int, short, void) at redis_commands.c:5492}","{Function redis_xrange_cmd(RedisSock, char, char, int, short, void) at redis_commands.c:5509}","27","27"
"121e9d9c2948d8da1165aabd39dff67a4b38857f","INTERNAL_MOVE","{Function redis_object_cmd(RedisSock, REDIS_REPLY_TYPE, char, int, short, void) at redis_commands.c:4082}","{Function redis_object_cmd(RedisSock, REDIS_REPLY_TYPE, char, int, short, void) at redis_commands.c:4099}","30","30"
"121e9d9c2948d8da1165aabd39dff67a4b38857f","INTERNAL_MOVE","{Function get_georadius_count_options(zval, geoOptions) at redis_commands.c:4225}","{Function get_georadius_count_options(zval, geoOptions) at redis_commands.c:4242}","31","31"
"121e9d9c2948d8da1165aabd39dff67a4b38857f","INTERNAL_MOVE","{Function redis_zdiff_cmd(RedisSock, char, int, short, void) at redis_commands.c:990}","{Function redis_zdiff_cmd(RedisSock, char, int, short, void) at redis_commands.c:990}","45","45"
"121e9d9c2948d8da1165aabd39dff67a4b38857f","INTERNAL_MOVE","{Function redis_command_cmd(RedisSock, char, int, short, void) at redis_commands.c:5268}","{Function redis_command_cmd(RedisSock, char, int, short, void) at redis_commands.c:5285}","51","51"
"121e9d9c2948d8da1165aabd39dff67a4b38857f","INTERNAL_MOVE","{Function redis_config_cmd(RedisSock, char, int, short, void) at redis_commands.c:901}","{Function redis_config_cmd(RedisSock, char, int, short, void) at redis_commands.c:901}","35","35"
"121e9d9c2948d8da1165aabd39dff67a4b38857f","INTERNAL_MOVE","{Function redis_geosearchstore_cmd(RedisSock, char, int, short, void) at redis_commands.c:4628}","{Function redis_geosearchstore_cmd(RedisSock, char, int, short, void) at redis_commands.c:4645}","113","113"
"121e9d9c2948d8da1165aabd39dff67a4b38857f","INTERNAL_MOVE","{Function append_georadius_opts(RedisSock, smart_string, short, geoOptions) at redis_commands.c:4316}","{Function append_georadius_opts(RedisSock, smart_string, short, geoOptions) at redis_commands.c:4333}","47","47"
"121e9d9c2948d8da1165aabd39dff67a4b38857f","INTERNAL_MOVE","{Function redis_xread_cmd(RedisSock, char, int, short, void) at redis_commands.c:5581}","{Function redis_xread_cmd(RedisSock, char, int, short, void) at redis_commands.c:5598}","45","45"
"121e9d9c2948d8da1165aabd39dff67a4b38857f","INTERNAL_MOVE","{Function redis_xtrim_cmd(RedisSock, char, int, short, void) at redis_commands.c:6079}","{Function redis_xtrim_cmd(RedisSock, char, int, short, void) at redis_commands.c:6096}","48","48"
"121e9d9c2948d8da1165aabd39dff67a4b38857f","INTERNAL_MOVE","{Function redis_xclaim_cmd(RedisSock, char, int, short, void) at redis_commands.c:5912}","{Function redis_xclaim_cmd(RedisSock, char, int, short, void) at redis_commands.c:5929}","52","52"
"121e9d9c2948d8da1165aabd39dff67a4b38857f","INTERNAL_MOVE","{Function redis_geosearch_cmd(RedisSock, char, int, short, void) at redis_commands.c:4505}","{Function redis_geosearch_cmd(RedisSock, char, int, short, void) at redis_commands.c:4522}","119","119"
"121e9d9c2948d8da1165aabd39dff67a4b38857f","INTERNAL_MOVE","{Function redis_try_get_expiry(zval, zend_long) at redis_commands.c:2205}","{Function redis_try_get_expiry(zval, zend_long) at redis_commands.c:2205}","24","24"
"121e9d9c2948d8da1165aabd39dff67a4b38857f","INTERNAL_MOVE","{Function redis_zdiffstore_cmd(RedisSock, char, int, short, void) at redis_commands.c:1247}","{Function redis_zdiffstore_cmd(RedisSock, char, int, short, void) at redis_commands.c:1247}","30","30"
"121e9d9c2948d8da1165aabd39dff67a4b38857f","INTERNAL_MOVE","{Function redis_eval_cmd(RedisSock, char, char, int, short, void) at redis_commands.c:1674}","{Function redis_eval_cmd(RedisSock, char, char, int, short, void) at redis_commands.c:1674}","62","62"
"121e9d9c2948d8da1165aabd39dff67a4b38857f","INTERNAL_MOVE","{Function if(zend_string_equals_literal_ci) at redis_commands.c:5999}","{Function if(zend_string_equals_literal_ci) at redis_commands.c:6016}","3","3"
"121e9d9c2948d8da1165aabd39dff67a4b38857f","INTERNAL_MOVE","{Function gen_key_arr_cmd(RedisSock, char, int, char, int, short, void) at redis_commands.c:1791}","{Function gen_key_arr_cmd(RedisSock, char, int, char, int, short, void) at redis_commands.c:1791}","46","46"
"121e9d9c2948d8da1165aabd39dff67a4b38857f","INTERNAL_MOVE","{Function redis_geoadd_cmd(RedisSock, char, int, short, void) at redis_commands.c:4116}","{Function redis_geoadd_cmd(RedisSock, char, int, short, void) at redis_commands.c:4133}","70","70"
"121e9d9c2948d8da1165aabd39dff67a4b38857f","INTERNAL_MOVE","{Function redis_get_restore_options(redisRestoreOptions, HashTable) at redis_commands.c:2851}","{Function redis_get_restore_options(redisRestoreOptions, HashTable) at redis_commands.c:2851}","47","47"
"121e9d9c2948d8da1165aabd39dff67a4b38857f","INTERNAL_MOVE","{Function gen_varkey_cmd(RedisSock, char, int, int, int, char, int, short) at redis_commands.c:1860}","{Function gen_varkey_cmd(RedisSock, char, int, int, int, char, int, short) at redis_commands.c:1860}","134","134"
"121e9d9c2948d8da1165aabd39dff67a4b38857f","INTERNAL_MOVE","{Function append_xclaim_options(smart_string, xclaimOptions) at redis_commands.c:5840}","{Function append_xclaim_options(smart_string, xclaimOptions) at redis_commands.c:5857}","19","19"
"121e9d9c2948d8da1165aabd39dff67a4b38857f","INTERNAL_MOVE","{Function redis_build_config_set_cmd(smart_string, zval, zend_string) at redis_commands.c:849}","{Function redis_build_config_set_cmd(smart_string, zval, zend_string) at redis_commands.c:849}","48","48"
"121e9d9c2948d8da1165aabd39dff67a4b38857f","INTERNAL_MOVE","{Function redis_zrangebylex_cmd(RedisSock, char, char, int, short, void) at redis_commands.c:1605}","{Function redis_zrangebylex_cmd(RedisSock, char, char, int, short, void) at redis_commands.c:1605}","36","36"
"121e9d9c2948d8da1165aabd39dff67a4b38857f","INTERNAL_MOVE","{Function get_georadius_store_type(zend_string) at redis_commands.c:4213}","{Function get_georadius_store_type(zend_string) at redis_commands.c:4230}","9","9"
"121e9d9c2948d8da1165aabd39dff67a4b38857f","CHANGE_SIGNATURE","{Function redis_lmove_cmd(RedisSock, char, int, short, void) at redis_commands.h:245}","{Function redis_lmove_cmd(RedisSock, char, char, int, short, void) at redis_commands.h:333}","2","2"
"121e9d9c2948d8da1165aabd39dff67a4b38857f","INTERNAL_MOVE","{Function redis_build_client_kill_command(smart_string, int, zval) at redis_commands.c:4914}","{Function redis_build_client_kill_command(smart_string, int, zval) at redis_commands.c:4931}","89","89"
"121e9d9c2948d8da1165aabd39dff67a4b38857f","INTERNAL_MOVE","{Function get_xclaim_options(zval, xclaimOptions) at redis_commands.c:5786}","{Function get_xclaim_options(zval, xclaimOptions) at redis_commands.c:5803}","36","36"
"121e9d9c2948d8da1165aabd39dff67a4b38857f","INTERNAL_MOVE","{Function redis_varkey_cmd(RedisSock, char, char, int, short, void) at redis_commands.c:4845}","{Function redis_varkey_cmd(RedisSock, char, char, int, short, void) at redis_commands.c:4862}","4","4"
"121e9d9c2948d8da1165aabd39dff67a4b38857f","INTERNAL_MOVE","{Function redis_key_varval_cmd(RedisSock, char, char, int, short, void) at redis_commands.c:1742}","{Function redis_key_varval_cmd(RedisSock, char, char, int, short, void) at redis_commands.c:1742}","42","42"
"121e9d9c2948d8da1165aabd39dff67a4b38857f","INTERNAL_MOVE","{Function redis_geodist_cmd(RedisSock, char, int, short, void) at redis_commands.c:4190}","{Function redis_geodist_cmd(RedisSock, char, int, short, void) at redis_commands.c:4207}","22","22"
"121e9d9c2948d8da1165aabd39dff67a4b38857f","INTERNAL_MOVE","{Function Z_PARAM_LONG() at redis_commands.c:755}","{Function Z_PARAM_LONG() at redis_commands.c:755}","60","60"
"121e9d9c2948d8da1165aabd39dff67a4b38857f","INTERNAL_MOVE","{Function redis_hincrby_cmd(RedisSock, char, int, short, void) at redis_commands.c:2499}","{Function redis_hincrby_cmd(RedisSock, char, int, short, void) at redis_commands.c:2499}","17","17"
"121e9d9c2948d8da1165aabd39dff67a4b38857f","INTERNAL_MOVE","{Function redis_replicaof_cmd(RedisSock, char, char, int, short, void) at redis_commands.c:1132}","{Function redis_replicaof_cmd(RedisSock, char, char, int, short, void) at redis_commands.c:1132}","23","23"
"121e9d9c2948d8da1165aabd39dff67a4b38857f","INTERNAL_MOVE","{Function redis_lcs_cmd(RedisSock, char, int, short, void) at redis_commands.c:2762}","{Function redis_lcs_cmd(RedisSock, char, int, short, void) at redis_commands.c:2762}","51","51"
"121e9d9c2948d8da1165aabd39dff67a4b38857f","INTERNAL_MOVE","{Function redis_pubsub_cmd(RedisSock, char, int, short, void) at redis_commands.c:1405}","{Function redis_pubsub_cmd(RedisSock, char, int, short, void) at redis_commands.c:1405}","71","71"
"121e9d9c2948d8da1165aabd39dff67a4b38857f","INTERNAL_MOVE","{Function redis_decr_cmd(RedisSock, char, int, short, void) at redis_commands.c:2491}","{Function redis_decr_cmd(RedisSock, char, int, short, void) at redis_commands.c:2491}","4","4"
"121e9d9c2948d8da1165aabd39dff67a4b38857f","INTERNAL_MOVE","{Function redis_xpending_cmd(RedisSock, char, int, short, void) at redis_commands.c:5437}","{Function redis_xpending_cmd(RedisSock, char, int, short, void) at redis_commands.c:5454}","50","50"
"121e9d9c2948d8da1165aabd39dff67a4b38857f","INTERNAL_MOVE","{Function redis_gen_zlex_cmd(RedisSock, char, char, int, short, void) at redis_commands.c:1646}","{Function redis_gen_zlex_cmd(RedisSock, char, char, int, short, void) at redis_commands.c:1646}","24","24"
"121e9d9c2948d8da1165aabd39dff67a4b38857f","INTERNAL_MOVE","{Function redis_hmset_cmd(RedisSock, char, int, short, void) at redis_commands.c:2626}","{Function redis_hmset_cmd(RedisSock, char, int, short, void) at redis_commands.c:2626}","73","73"
"121e9d9c2948d8da1165aabd39dff67a4b38857f","INTERNAL_MOVE","{Function redis_acl_cmd(RedisSock, char, int, short, void) at redis_commands.c:2127}","{Function redis_acl_cmd(RedisSock, char, int, short, void) at redis_commands.c:2127}","74","74"
"7644736e136414b075cf6d7b84d04fd4dea02295"
"abfac47be031762eed9478a83a19092fb669df07"
"7a4cee2d66963644d938251eac67b353b1fc2ffd"
"90828019de2e9a70829ff1c9aac18d8ca75b2f0f"
"2a6dee5d4dc5500e1260bcea0f620b6adb0fe22f"
"b580505b40ef8b182ca79d49cda38c7d1ea9b5c7"
"ff863f3f97504f6ce1f9ea5cac47ec9335d5a304"
"872b69313be6b338696372656354a77f81dcac9a"
"0243dd9d2a321fade538da3674c484e69c167bd4"
"72f8eb256517e990a2d1430a568ca5e8924d3f02"
"0b7bd83f57b65279e05fc39569079e5fedeecc38","RENAME","{Function redis_read_xclaim_response(RedisSock, int, zval) at library.c:2006}","{Function redis_read_xclaim_ids(RedisSock, int, zval) at library.c:2004}","39","41"
"c14a9e3a019a89c270661129e51fc8472263638c"
"53d142d93a7875f0cd1ebbfc136033adc6ab79e7"
"2d365ee2add200897ed40d2dcfc33b5998a0cd8b"
"ef4699c726300a631fc9e1439b1c2aaa2004a3e6"
"65c965638cf5412ac21d72df36b029789b13268b"
"ecf65144005bb79428f3bb38969ea94d19a110eb"
"71758b091bb7adfd815681ce19e685d071c45376"
"531177d42d3b34230fe4941b4c310e92e938bdc4"
"87fa36d6c79c13a1884cc1d6cd5f47e443105d90"
"142bddf0b71c758a0e2d8930277b61c015ed8322"
"114f4d605635cfa8755000ff4659680c713ceb06"
"7930a7887565c77afb5eb1ebfec65ce54cee8f7e"
"6d595b35e932dd37ddd7ceb9299185e0ba10ec4f"
"450904f75c2e4d45f29813bb73d01c6a0ff61ddb"
"17db23281a734c33b28c032a3df8a308cd48d92e"
"f05ba8193519249fa856751be5be305d28decec1"
"cf63e96ec5f6c9363bc5c6955d29c726fc7ec6fe"
"14cd882b28cfa6c94d4c062919a1277896d22a59"
"a5c479011446a57ae842e6aa788d120ee5ba4da6"
"854f3aa4262b43e0ea5a27b2eb394b882db06f0a","RENAME","{Function Z_PARAM_LONG() at redis_commands.c:6099}","{Function Z_PARAM_STR() at redis_commands.c:6099}","3","3"
"b8679d7af1c7337f0132bfd60924846412b03081"
"bb06ffa38010ae3c3066ae22702bb2d14f61bb13"
"980ea6b15425628f06a0787e80fb516ef62a0eb9"
"b04684d442271efafeaf49208ec6fa7b2b7fe1c6"
"70a55f3ef951ba4250ef991f58609e7ad88a3f4f"
"993408892696040cc4fba0495c8eb9940aaee64d"
"376d4d27b01a05c1a0634dfad7b3d2e6429a0a7e"
"504810a5d1599c4e5f8c749934de272a625a687f"
"f2cef8be06ed8f308c671df35781e91b16ca3f96"
"7d5db510a0dcacac9ecf89618d1ff9f2c4ab0911"
"0dd2836f3c6b55a557850ad655e7f3cfc89cb9a1"
"2a0d1c1e6d10d53c3de510cef4310be912bec4c0"
"cc2383f07666e6afefd7b58995fb607d9967d650"
"fb3fb6f83f1e2b41a1f3054be1a2128b2d2b43b8"
"df50b2ad2d443c19b90a5000f6e0a976b07382b3"
"e8f5b517484a16756dcfc83168c65fc0604c4ab0"
"2bb64038837419a2d661376a56e5f40c51144522"
"f2bb2cdb5a8cc770d22b6d516e230d2cf544929b"
"c4aef9567684e22fe5d72ecb43965140506c3953"
"e609fbe8aadea5d8559a435452545ca4acac41a7"
"78de25a394264adaebcebe24edb76224d5d8901c"
"e0b24be1ed1c25e53906c58720677f1f5ce4186c"
"a2b0c86f67ec55326733fe6173c2d2010ac3dafc"
"2d8a8a44432f3f302653525777f516325002266f"
"b9de0b9724090f6ebb81b7f6d1ec1697500a5ec8"
"af13f951aacda7e8fc0597827812ad4eb194e318"
"71344612bcce04aba777bbe9b6947837a08600d5"
"43da8dd9d8e436264630e1623defebc139bad599"
"375d093d9482dfd794b5f6fb230b689f0540bbc9"
"6982941b0b25c4897a5910558f8e4ee2119322ca"
"c4de86672b58fa02c71a664a661a36e70b95c2d4"
"1d6c52ee395884eae69847242bcd04598553f397"
"dc1f2398d014d43c402626931ed3b78c4dd1f96e","EXTRACT_MOVE","{Function Z_PARAM_STR() at redis_commands.c:752}","{Function redis_varkey_cmd(RedisSock, char, char, int, short, void) at redis_commands.c:4600}","5257","4"
"dc1f2398d014d43c402626931ed3b78c4dd1f96e","EXTRACT_MOVE","{Function redis_restore_cmd(RedisSock, char, int, short, void) at redis_commands.c:2714}","{Function redis_varkey_cmd(RedisSock, char, char, int, short, void) at redis_commands.c:4600}","3165","4"
"69355faae0ff77bd69fbadba4b43779eac1b703e"
"e0a88b7bdfe3adc3319224a76bc69d5efddfa9ee"
"d73f3f4b08c09aec5700b2e076ea84433f66d575"
"8c7c5a3aa2c6b693839a391bffa18ee161cbe73a","CHANGE_SIGNATURE","{Function redis_sort_cmd(RedisSock, int, char, int, short, void) at redis_commands.h:267}","{Function redis_sort_cmd(RedisSock, char, char, int, short, void) at redis_commands.h:365}","2","2"
"8c7c5a3aa2c6b693839a391bffa18ee161cbe73a","CHANGE_SIGNATURE","{Function redis_sort_cmd(RedisSock, int, char, int, short, void) at redis_commands.c:3540}","{Function redis_sort_cmd(RedisSock, char, char, int, short, void) at redis_commands.c:3539}","213","206"
"1343f5008301a256fcbfa0161931e2a39791055f","INTERNAL_MOVE","{Function redis_unsubscribe_cmd(RedisSock, char, char, int, short, void) at redis_commands.c:1441}","{Function redis_unsubscribe_cmd(RedisSock, char, char, int, short, void) at redis_commands.c:1441}","37","37"
"1343f5008301a256fcbfa0161931e2a39791055f","INTERNAL_MOVE","{Function redis_hmget_cmd(RedisSock, char, int, short, void) at redis_commands.c:2354}","{Function redis_hmget_cmd(RedisSock, char, int, short, void) at redis_commands.c:2354}","80","80"
"1343f5008301a256fcbfa0161931e2a39791055f","INTERNAL_MOVE","{Function redis_try_get_expiry(zval, zend_long) at redis_commands.c:2005}","{Function redis_try_get_expiry(zval, zend_long) at redis_commands.c:2005}","24","24"
"1343f5008301a256fcbfa0161931e2a39791055f","INTERNAL_MOVE","{Function redis_slowlog_cmd(RedisSock, char, int, short, void) at redis_commands.c:2628}","{Function redis_slowlog_cmd(RedisSock, char, int, short, void) at redis_commands.c:2628}","34","34"
"1343f5008301a256fcbfa0161931e2a39791055f","INTERNAL_MOVE","{Function redis_zdiff_cmd(RedisSock, char, int, short, void) at redis_commands.c:990}","{Function redis_zdiff_cmd(RedisSock, char, int, short, void) at redis_commands.c:990}","45","45"
"1343f5008301a256fcbfa0161931e2a39791055f","INTERNAL_MOVE","{Function redis_get_restore_options(redisRestoreOptions, HashTable) at redis_commands.c:2663}","{Function redis_get_restore_options(redisRestoreOptions, HashTable) at redis_commands.c:2663}","47","47"
"1343f5008301a256fcbfa0161931e2a39791055f","INTERNAL_MOVE","{Function redis_xtrim_cmd(RedisSock, char, int, short, void) at redis_commands.c:5913}","{Function redis_xtrim_cmd(RedisSock, char, int, short, void) at redis_commands.c:5933}","48","48"
"1343f5008301a256fcbfa0161931e2a39791055f","INTERNAL_MOVE","{Function redis_eval_cmd(RedisSock, char, char, int, short, void) at redis_commands.c:1552}","{Function redis_eval_cmd(RedisSock, char, char, int, short, void) at redis_commands.c:1552}","62","62"
"1343f5008301a256fcbfa0161931e2a39791055f","INTERNAL_MOVE","{Function redis_decr_cmd(RedisSock, char, int, short, void) at redis_commands.c:2303}","{Function redis_decr_cmd(RedisSock, char, int, short, void) at redis_commands.c:2303}","4","4"
"1343f5008301a256fcbfa0161931e2a39791055f","INTERNAL_MOVE","{Function redis_build_config_get_cmd(smart_string, zval) at redis_commands.c:816}","{Function redis_build_config_get_cmd(smart_string, zval) at redis_commands.c:816}","32","32"
"1343f5008301a256fcbfa0161931e2a39791055f","INTERNAL_MOVE","{Function redis_expire_cmd(RedisSock, char, char, int, short, void) at redis_commands.c:5966}","{Function redis_expire_cmd(RedisSock, char, char, int, short, void) at redis_commands.c:5986}","20","20"
"1343f5008301a256fcbfa0161931e2a39791055f","INTERNAL_MOVE","{Function redis_mpop_cmd(RedisSock, char, char, int, short, void) at redis_commands.c:1875}","{Function redis_mpop_cmd(RedisSock, char, char, int, short, void) at redis_commands.c:1875}","83","83"
"1343f5008301a256fcbfa0161931e2a39791055f","INTERNAL_MOVE","{Function redis_key_varval_cmd(RedisSock, char, char, int, short, void) at redis_commands.c:1620}","{Function redis_key_varval_cmd(RedisSock, char, char, int, short, void) at redis_commands.c:1620}","42","42"
"1343f5008301a256fcbfa0161931e2a39791055f","INTERNAL_MOVE","{Function redis_subscribe_cmd(RedisSock, char, char, int, short, void) at redis_commands.c:1380}","{Function redis_subscribe_cmd(RedisSock, char, char, int, short, void) at redis_commands.c:1380}","56","56"
"1343f5008301a256fcbfa0161931e2a39791055f","INTERNAL_MOVE","{Function redis_gen_zlex_cmd(RedisSock, char, char, int, short, void) at redis_commands.c:1524}","{Function redis_gen_zlex_cmd(RedisSock, char, char, int, short, void) at redis_commands.c:1524}","24","24"
"1343f5008301a256fcbfa0161931e2a39791055f","INTERNAL_MOVE","{Function Z_PARAM_LONG() at redis_commands.c:755}","{Function Z_PARAM_LONG() at redis_commands.c:755}","60","60"
"1343f5008301a256fcbfa0161931e2a39791055f","INTERNAL_MOVE","{Function redis_build_config_set_cmd(smart_string, zval, zend_string) at redis_commands.c:849}","{Function redis_build_config_set_cmd(smart_string, zval, zend_string) at redis_commands.c:849}","48","48"
"1343f5008301a256fcbfa0161931e2a39791055f","INTERNAL_MOVE","{Function redis_incr_cmd(RedisSock, char, int, short, void) at redis_commands.c:2295}","{Function redis_incr_cmd(RedisSock, char, int, short, void) at redis_commands.c:2295}","4","4"
"1343f5008301a256fcbfa0161931e2a39791055f","INTERNAL_MOVE","{Function redis_zdiffstore_cmd(RedisSock, char, int, short, void) at redis_commands.c:1220}","{Function redis_zdiffstore_cmd(RedisSock, char, int, short, void) at redis_commands.c:1220}","30","30"
"1343f5008301a256fcbfa0161931e2a39791055f","INTERNAL_MOVE","{Function redis_cmd_append_sstr_score(smart_string, zval) at redis_commands.c:1036}","{Function redis_cmd_append_sstr_score(smart_string, zval) at redis_commands.c:1036}","35","35"
"1343f5008301a256fcbfa0161931e2a39791055f","INTERNAL_MOVE","{Function redis_pop_cmd(RedisSock, char, char, int, short, void) at redis_commands.c:1976}","{Function redis_pop_cmd(RedisSock, char, char, int, short, void) at redis_commands.c:1976}","25","25"
"1343f5008301a256fcbfa0161931e2a39791055f","INTERNAL_MOVE","{Function redis_lcs_cmd(RedisSock, char, int, short, void) at redis_commands.c:2574}","{Function redis_lcs_cmd(RedisSock, char, int, short, void) at redis_commands.c:2574}","51","51"
"1343f5008301a256fcbfa0161931e2a39791055f","INTERNAL_MOVE","{Function gen_key_arr_cmd(RedisSock, char, int, char, int, short, void) at redis_commands.c:1669}","{Function gen_key_arr_cmd(RedisSock, char, int, char, int, short, void) at redis_commands.c:1669}","46","46"
"1343f5008301a256fcbfa0161931e2a39791055f","INTERNAL_MOVE","{Function redis_atomic_increment(int, RedisSock, char, int, short, void) at redis_commands.c:2261}","{Function redis_atomic_increment(int, RedisSock, char, int, short, void) at redis_commands.c:2261}","30","30"
"1343f5008301a256fcbfa0161931e2a39791055f","INTERNAL_MOVE","{Function redis_brpoplpush_cmd(RedisSock, char, int, short, void) at redis_commands.c:2203}","{Function redis_brpoplpush_cmd(RedisSock, char, int, short, void) at redis_commands.c:2203}","46","46"
"1343f5008301a256fcbfa0161931e2a39791055f","INTERNAL_MOVE","{Function redis_intercard_cmd(RedisSock, char, char, int, short, void) at redis_commands.c:1075}","{Function redis_intercard_cmd(RedisSock, char, char, int, short, void) at redis_commands.c:1075}","53","53"
"1343f5008301a256fcbfa0161931e2a39791055f","INTERNAL_MOVE","{Function redis_zinterunionstore_cmd(RedisSock, char, char, int, short, void) at redis_commands.c:1256}","{Function redis_zinterunionstore_cmd(RedisSock, char, char, int, short, void) at redis_commands.c:1256}","119","119"
"1343f5008301a256fcbfa0161931e2a39791055f","INTERNAL_MOVE","{Function redis_key_str_arr_cmd(RedisSock, char, char, int, short, void) at redis_commands.c:1727}","{Function redis_key_str_arr_cmd(RedisSock, char, char, int, short, void) at redis_commands.c:1727}","4","4"
"1343f5008301a256fcbfa0161931e2a39791055f","INTERNAL_MOVE","{Function redis_getex_cmd(RedisSock, char, int, short, void) at redis_commands.c:2144}","{Function redis_getex_cmd(RedisSock, char, int, short, void) at redis_commands.c:2144}","55","55"
"1343f5008301a256fcbfa0161931e2a39791055f","INTERNAL_MOVE","{Function redis_zrandmember_cmd(RedisSock, char, int, short, void) at redis_commands.c:940}","{Function redis_zrandmember_cmd(RedisSock, char, int, short, void) at redis_commands.c:940}","46","46"
"1343f5008301a256fcbfa0161931e2a39791055f","INTERNAL_MOVE","{Function redis_zrangebylex_cmd(RedisSock, char, char, int, short, void) at redis_commands.c:1483}","{Function redis_zrangebylex_cmd(RedisSock, char, char, int, short, void) at redis_commands.c:1483}","36","36"
"1343f5008301a256fcbfa0161931e2a39791055f","INTERNAL_MOVE","{Function redis_blocking_pop_cmd(RedisSock, char, char, int, short, void) at redis_commands.c:1963}","{Function redis_blocking_pop_cmd(RedisSock, char, char, int, short, void) at redis_commands.c:1963}","4","4"
"1343f5008301a256fcbfa0161931e2a39791055f","INTERNAL_MOVE","{Function redis_restore_cmd(RedisSock, char, int, short, void) at redis_commands.c:2714}","{Function redis_restore_cmd(RedisSock, char, int, short, void) at redis_commands.c:2714}","3283","3173"
"1343f5008301a256fcbfa0161931e2a39791055f","INTERNAL_MOVE","{Function gen_varkey_cmd(RedisSock, char, int, int, int, char, int, short) at redis_commands.c:1738}","{Function gen_varkey_cmd(RedisSock, char, int, int, int, char, int, short) at redis_commands.c:1738}","134","134"
"1343f5008301a256fcbfa0161931e2a39791055f","INTERNAL_MOVE","{Function redis_get_lcs_options(redisLcsOptions, HashTable) at redis_commands.c:2531}","{Function redis_get_lcs_options(redisLcsOptions, HashTable) at redis_commands.c:2531}","39","39"
"1343f5008301a256fcbfa0161931e2a39791055f","INTERNAL_MOVE","{Function redis_hmset_cmd(RedisSock, char, int, short, void) at redis_commands.c:2438}","{Function redis_hmset_cmd(RedisSock, char, int, short, void) at redis_commands.c:2438}","73","73"
"1343f5008301a256fcbfa0161931e2a39791055f","INTERNAL_MOVE","{Function redis_key_val_arr_cmd(RedisSock, char, char, int, short, void) at redis_commands.c:1719}","{Function redis_key_val_arr_cmd(RedisSock, char, char, int, short, void) at redis_commands.c:1719}","4","4"
"1343f5008301a256fcbfa0161931e2a39791055f","INTERNAL_MOVE","{Function redis_hincrbyfloat_cmd(RedisSock, char, int, short, void) at redis_commands.c:2332}","{Function redis_hincrbyfloat_cmd(RedisSock, char, int, short, void) at redis_commands.c:2332}","18","18"
"1343f5008301a256fcbfa0161931e2a39791055f","INTERNAL_MOVE","{Function redis_config_cmd(RedisSock, char, int, short, void) at redis_commands.c:901}","{Function redis_config_cmd(RedisSock, char, int, short, void) at redis_commands.c:901}","35","35"
"1343f5008301a256fcbfa0161931e2a39791055f","INTERNAL_MOVE","{Function redis_hstrlen_cmd(RedisSock, char, int, short, void) at redis_commands.c:2516}","{Function redis_hstrlen_cmd(RedisSock, char, int, short, void) at redis_commands.c:2516}","14","14"
"1343f5008301a256fcbfa0161931e2a39791055f","INTERNAL_MOVE","{Function redis_zinterunion_cmd(RedisSock, char, char, int, short, void) at redis_commands.c:1133}","{Function redis_zinterunion_cmd(RedisSock, char, char, int, short, void) at redis_commands.c:1133}","83","83"
"1343f5008301a256fcbfa0161931e2a39791055f","INTERNAL_MOVE","{Function redis_xinfo_cmd(RedisSock, char, int, short, void) at redis_commands.c:5874}","{Function redis_xinfo_cmd(RedisSock, char, int, short, void) at redis_commands.c:5894}","35","35"
"1343f5008301a256fcbfa0161931e2a39791055f","INTERNAL_MOVE","{Function redis_hincrby_cmd(RedisSock, char, int, short, void) at redis_commands.c:2311}","{Function redis_hincrby_cmd(RedisSock, char, int, short, void) at redis_commands.c:2311}","17","17"
"1343f5008301a256fcbfa0161931e2a39791055f","INTERNAL_MOVE","{Function redis_set_cmd(RedisSock, char, int, short, void) at redis_commands.c:2033}","{Function redis_set_cmd(RedisSock, char, int, short, void) at redis_commands.c:2033}","107","107"
"71bcbcb973413ae933cf30d58254dfb02425c1ed","CHANGE_SIGNATURE","{Function redis_zrange_cmd(RedisSock, char, char, int, int, short, void) at redis_commands.h:105}","{Function redis_zrange_cmd(RedisSock, char, char, int, short, void) at redis_commands.h:105}","3","2"
"f3a408305a3df04b6aaaede5fa7f37ddca1f8efb"
"5dcf3f802b70ecd588a9262c0d441d2160b0909d"
"d87f1428260b9270de6d0b7cef253057197f2987"
"a176f58619a918376e66c385ce9dcf73dcc6287a","INLINE","{Function redis_get_config_op(enum redisConfigOp, zend_string) at redis_commands.c:739}","{Function redis_config_cmd(RedisSock, char, int, short, void) at redis_commands.c:816}","14","35"
"36ef4bd8d16e9f19e194745ba61239bdf19d3851"
"b5ea5fd77fe9034ed003db901bbf1f89e15c8ed4"
"44d03ca00ac68cc475c5fbc4ac4b005ca7df0985"
"8d80ca5bcadd9ab8d6aab920a9f8acde011ae54e"
"4d8afd387ed2c8685a92f046ac84467a00199db8"
"872ae1079f8a3f61153e9aa74ab95ba35b706e5b","INTERNAL_MOVE","{Function redis_setoption_handler(RedisSock, redisCluster) at redis_commands.c:5809}","{Function redis_setoption_handler(RedisSock, redisCluster) at redis_commands.c:5845}","162","162"
"872ae1079f8a3f61153e9aa74ab95ba35b706e5b","INTERNAL_MOVE","{Function redis_pack_handler(RedisSock) at redis_commands.c:6073}","{Function redis_pack_handler(RedisSock) at redis_commands.c:6109}","14","14"
"872ae1079f8a3f61153e9aa74ab95ba35b706e5b","INTERNAL_MOVE","{Function redis_compress_handler(RedisSock) at redis_commands.c:6036}","{Function redis_compress_handler(RedisSock) at redis_commands.c:6072}","14","14"
"872ae1079f8a3f61153e9aa74ab95ba35b706e5b","INTERNAL_MOVE","{Function redis_prefix_handler(RedisSock) at redis_commands.c:5972}","{Function redis_prefix_handler(RedisSock) at redis_commands.c:6008}","18","18"
"872ae1079f8a3f61153e9aa74ab95ba35b706e5b","INTERNAL_MOVE","{Function redis_getoption_handler(RedisSock, redisCluster) at redis_commands.c:5760}","{Function redis_getoption_handler(RedisSock, redisCluster) at redis_commands.c:5796}","46","46"
"872ae1079f8a3f61153e9aa74ab95ba35b706e5b","INTERNAL_MOVE","{Function redis_unserialize_handler(RedisSock, zend_class_entry) at redis_commands.c:6010}","{Function redis_unserialize_handler(RedisSock, zend_class_entry) at redis_commands.c:6046}","25","25"
"872ae1079f8a3f61153e9aa74ab95ba35b706e5b","INTERNAL_MOVE","{Function redis_sentinel_str_cmd(RedisSock, char, char, int, short, void) at redis_commands.c:5742}","{Function redis_sentinel_str_cmd(RedisSock, char, char, int, short, void) at redis_commands.c:5778}","9","9"
"872ae1079f8a3f61153e9aa74ab95ba35b706e5b","INTERNAL_MOVE","{Function redis_serialize_handler(RedisSock) at redis_commands.c:5993}","{Function redis_serialize_handler(RedisSock) at redis_commands.c:6029}","14","14"
"872ae1079f8a3f61153e9aa74ab95ba35b706e5b","INTERNAL_MOVE","{Function redis_unpack_handler(RedisSock) at redis_commands.c:6088}","{Function redis_unpack_handler(RedisSock) at redis_commands.c:6124}","11","11"
"872ae1079f8a3f61153e9aa74ab95ba35b706e5b","INTERNAL_MOVE","{Function redis_uncompress_handler(RedisSock, zend_class_entry) at redis_commands.c:6053}","{Function redis_uncompress_handler(RedisSock, zend_class_entry) at redis_commands.c:6089}","19","19"
"872ae1079f8a3f61153e9aa74ab95ba35b706e5b","INTERNAL_MOVE","{Function redis_sentinel_cmd(RedisSock, char, char, int, short, void) at redis_commands.c:5730}","{Function redis_sentinel_cmd(RedisSock, char, char, int, short, void) at redis_commands.c:5766}","8","8"
"d05d301b5af008a495147d55cb7a7e0e7c26b6fd"
