#
# A fatal error has been detected by the Java Runtime Environment:
#
#  SIGSEGV (0xb) at pc=0x0000000103d2c600, pid=12157, tid=8451
#
# JRE version: OpenJDK Runtime Environment (22.0.2+9) (build 22.0.2+9-70)
# Java VM: OpenJDK 64-Bit Server VM (22.0.2+9-70, mixed mode, sharing, tiered, compressed oops, compressed class ptrs, g1 gc, bsd-aarch64)
# Problematic frame:
# C  [aarch64-macos-tree-sitter.dylib+0x14600]  ts_query_cursor__advance+0x9d4
#
# No core dump will be written. Core dumps have been disabled. To enable core dumping, try "ulimit -c unlimited" before starting Java again
#
# If you would like to submit a bug report, please visit:
#   https://bugreport.java.com/bugreport/crash.jsp
# The crash happened outside the Java Virtual Machine in native code.
# See problematic frame for where to report the bug.
#

---------------  S U M M A R Y ------------

Command Line: -Dfile.encoding=UTF-8 -Duser.country=JP -Duser.language=en -Duser.variant kyutech.experiment.Analyzer

Host: "Mac14,2" arm64, 8 cores, 16G, Darwin 23.5.0, macOS 14.5 (23F79)
Time: Mon Aug 25 01:36:19 2025 JST elapsed time: 18.214936 seconds (0d 0h 0m 18s)

---------------  T H R E A D  ---------------

Current thread (0x000000015401fc00):  JavaThread "main"             [_thread_in_native, id=8451, stack(0x000000016d698000,0x000000016d89b000) (2060K)]

Stack: [0x000000016d698000,0x000000016d89b000],  sp=0x000000016d899f20,  free space=2055k
Native frames: (J=compiled Java code, j=interpreted, Vv=VM code, C=native code)
C  [aarch64-macos-tree-sitter.dylib+0x14600]  ts_query_cursor__advance+0x9d4
C  [aarch64-macos-tree-sitter.dylib+0x13b1c]  ts_query_cursor_next_match+0x3c
C  [aarch64-macos-tree-sitter.dylib+0x2fa50]  Java_org_treesitter_TSParser_ts_1query_1cursor_1next_1match+0x38
J 990  org.treesitter.TSParser.ts_query_cursor_next_match(JLorg/treesitter/TSQueryMatch;)Z (0 bytes) @ 0x0000000114c0f2f4 [0x0000000114c0f240+0x00000000000000b4]
J 1395 c2 refdiff.parsers.universal.common.Tokenizer.tokenize(Lorg/treesitter/TSTree;Lorg/treesitter/TSLanguage;Ljava/lang/String;)Lrefdiff/core/cst/TokenizedSource; (167 bytes) @ 0x0000000114c46bcc [0x0000000114c46900+0x00000000000002cc]
j  refdiff.parsers.universal.go.GoParser.parse(Lrefdiff/core/io/SourceFileSet;)Lrefdiff/core/cst/CstRoot;+224
j  refdiff.parsers.universal.UniversalPlugin.parse(Lrefdiff/core/io/SourceFileSet;)Lrefdiff/core/cst/CstRoot;+144
j  refdiff.core.diff.CstComparator$DiffBuilder.<init>(Lrefdiff/core/diff/CstComparator;Lrefdiff/core/diff/similarity/SourceRepresentationBuilder;Lrefdiff/core/io/SourceFileSet;Lrefdiff/core/io/SourceFileSet;Lrefdiff/core/diff/CstComparatorMonitor;)V+60
j  refdiff.core.diff.CstComparator.compare(Lrefdiff/core/io/SourceFileSet;Lrefdiff/core/io/SourceFileSet;Lrefdiff/core/diff/CstComparatorMonitor;)Lrefdiff/core/diff/CstDiff;+20
j  refdiff.core.diff.CstComparator.compare(Lrefdiff/core/util/PairBeforeAfter;Lrefdiff/core/diff/CstComparatorMonitor;)Lrefdiff/core/diff/CstDiff;+16
j  refdiff.core.RefDiff.computeDiffForCommit(Ljava/io/File;Ljava/lang/String;Lrefdiff/core/diff/CstComparatorMonitor;)Lrefdiff/core/diff/CstDiff;+25
j  refdiff.core.RefDiff.computeDiffForCommit(Ljava/io/File;Ljava/lang/String;)Lrefdiff/core/diff/CstDiff;+11
j  kyutech.experiment.Analyzer.main([Ljava/lang/String;)V+771
v  ~StubRoutines::call_stub 0x000000011462c154
V  [libjvm.dylib+0x4b12f0]  JavaCalls::call_helper(JavaValue*, methodHandle const&, JavaCallArguments*, JavaThread*)+0x3d8
V  [libjvm.dylib+0x52b990]  jni_invoke_static(JNIEnv_*, JavaValue*, _jobject*, JNICallType, _jmethodID*, JNI_ArgumentPusher*, JavaThread*)+0x170
V  [libjvm.dylib+0x52f38c]  jni_CallStaticVoidMethod+0x114
C  [libjli.dylib+0xa0f8]  invokeStaticMainWithArgs+0x94
C  [libjli.dylib+0xab80]  JavaMain+0x780
C  [libjli.dylib+0xd5d0]  ThreadJavaMain+0xc
C  [libsystem_pthread.dylib+0x6f94]  _pthread_start+0x88
Java frames: (J=compiled Java code, j=interpreted, Vv=VM code)
J 990  org.treesitter.TSParser.ts_query_cursor_next_match(JLorg/treesitter/TSQueryMatch;)Z (0 bytes) @ 0x0000000114c0f2f4 [0x0000000114c0f240+0x00000000000000b4]
J 1395 c2 refdiff.parsers.universal.common.Tokenizer.tokenize(Lorg/treesitter/TSTree;Lorg/treesitter/TSLanguage;Ljava/lang/String;)Lrefdiff/core/cst/TokenizedSource; (167 bytes) @ 0x0000000114c46bcc [0x0000000114c46900+0x00000000000002cc]
j  refdiff.parsers.universal.go.GoParser.parse(Lrefdiff/core/io/SourceFileSet;)Lrefdiff/core/cst/CstRoot;+224
j  refdiff.parsers.universal.UniversalPlugin.parse(Lrefdiff/core/io/SourceFileSet;)Lrefdiff/core/cst/CstRoot;+144
j  refdiff.core.diff.CstComparator$DiffBuilder.<init>(Lrefdiff/core/diff/CstComparator;Lrefdiff/core/diff/similarity/SourceRepresentationBuilder;Lrefdiff/core/io/SourceFileSet;Lrefdiff/core/io/SourceFileSet;Lrefdiff/core/diff/CstComparatorMonitor;)V+60
j  refdiff.core.diff.CstComparator.compare(Lrefdiff/core/io/SourceFileSet;Lrefdiff/core/io/SourceFileSet;Lrefdiff/core/diff/CstComparatorMonitor;)Lrefdiff/core/diff/CstDiff;+20
j  refdiff.core.diff.CstComparator.compare(Lrefdiff/core/util/PairBeforeAfter;Lrefdiff/core/diff/CstComparatorMonitor;)Lrefdiff/core/diff/CstDiff;+16
j  refdiff.core.RefDiff.computeDiffForCommit(Ljava/io/File;Ljava/lang/String;Lrefdiff/core/diff/CstComparatorMonitor;)Lrefdiff/core/diff/CstDiff;+25
j  refdiff.core.RefDiff.computeDiffForCommit(Ljava/io/File;Ljava/lang/String;)Lrefdiff/core/diff/CstDiff;+11
j  kyutech.experiment.Analyzer.main([Ljava/lang/String;)V+771
v  ~StubRoutines::call_stub 0x000000011462c154

siginfo: si_signo: 11 (SIGSEGV), si_code: 2 (SEGV_ACCERR), si_addr: 0x0000000000000000

Registers:
 x0=0x00000000000000b6  x1=0x00000000000000b6  x2=0x000000016d899ee8  x3=0x000000016d899ee0
 x4=0x000000016d89a0bd  x5=0x000000016d89a1d0  x6=0x000000016d89a0b4  x7=0x0000600002a8cda0
 x8=0x0000000000000000  x9=0x0000000000000000 x10=0x0000000000000006 x11=0x000000000000ffff
x12=0x0000000000013102 x13=0x0000000707a00030 x14=0x0000000000000001 x15=0x0000000000013103
x16=0x0000000000001258 x17=0x0000000000000001 x18=0x0000000000000000 x19=0x0000000000013103
x20=0x00000000e0f47ae1 x21=0x0000000707a89b20 x22=0x000000012356f508 x23=0x000000070a106cc8
x24=0x000000016d89a4b0 x25=0x0000000000000000 x26=0x0000000123571b28 x27=0x0000000708acd6f0
x28=0x000000015401fc00  fp=0x000000016d89a3c0  lr=0x0000000103d2c578  sp=0x000000016d899f20
pc=0x0000000103d2c600 cpsr=0x0000000080001000

Register to memory mapping:

x0 =0x00000000000000b6 is an unknown value
x1 =0x00000000000000b6 is an unknown value
x2 =0x000000016d899ee8 is pointing into the stack for thread: 0x000000015401fc00
x3 =0x000000016d899ee0 is pointing into the stack for thread: 0x000000015401fc00
x4 =0x000000016d89a0bd is pointing into the stack for thread: 0x000000015401fc00
x5 =0x000000016d89a1d0 is pointing into the stack for thread: 0x000000015401fc00
x6 =0x000000016d89a0b4 is pointing into the stack for thread: 0x000000015401fc00
x7 =0x0000600002a8cda0 points into unknown readable memory: 0x000060001422f6c8 | c8 f6 22 14 00 60 00 00
x8 =0x0 is null
x9 =0x0 is null
x10=0x0000000000000006 is an unknown value
x11=0x000000000000ffff is an unknown value
x12=0x0000000000013102 is an unknown value
x13=0x0000000707a00030 is an oop: org.treesitter.TSQueryMatch 
{0x0000000707a00030} - klass: 'org/treesitter/TSQueryMatch'
 - ---- fields (total size 4 words):
 - private 'id' 'I' @12  132815 (0x000206cf)
 - private 'patternIndex' 'I' @16  0 (0x00000000)
 - private 'captureIndex' 'I' @20  -1 (0xffffffff)
 - private 'captures' '[Lorg/treesitter/TSQueryCapture;' @24  a 'org/treesitter/TSQueryCapture'[1] {0x000000070fe00180} (0xe1fc0030)
x14=0x0000000000000001 is an unknown value
x15=0x0000000000013103 is an unknown value
x16=4696 is a compressed pointer to class: 0x0000000c00001258
x17=0x0000000000000001 is an unknown value
x18=0x0 is null
x19=0x0000000000013103 is an unknown value
x20=3774118625 is a compressed pointer to object: [Ljava.lang.Object; 
{0x0000000707a3d708} - klass: 'java/lang/Object'[]
 - length: 106710
x21=
[error occurred during error reporting (printing register info), id 0xb, SIGSEGV (0xb) at pc=0x00000001041510a0]
x22={method} {0x000000012356f508} 'ts_query_cursor_exec' '(JJLorg/treesitter/TSNode;)V' in 'org/treesitter/TSParser'
x23=0x000000070a106cc8 is an oop: [Ljava.util.HashMap$Node; 
{0x000000070a106cc8} - klass: 'java/util/HashMap$Node'[]
 - length: 16
x24=0x000000016d89a4b0 is pointing into the stack for thread: 0x000000015401fc00
x25=0x0 is null
x26=0x0000000123571b28 is pointing into metadata
x27=0x0000000708acd6f0 is an oop: java.util.HashMap$Node 
{0x0000000708acd6f0} - klass: 'java/util/HashMap$Node'
 - ---- fields (total size 4 words):
 - final 'hash' 'I' @12  -1200900149 (0xb86bb7cb)
 - final 'key' 'Ljava/lang/Object;' @16  "test/codegen/bitfield.go"{0x000000070a098ed0} (0xe14131da)
 - 'value' 'Ljava/lang/Object;' @20  a 'refdiff/core/cst/TokenizedSource'{0x0000000708ac3088} (0xe1158611)
 - 'next' 'Ljava/util/HashMap$Node;' @24  null (0x00000000)
x28=0x000000015401fc00 is a thread
 fp=0x000000016d89a3c0 is pointing into the stack for thread: 0x000000015401fc00
 lr=0x0000000103d2c578: ts_query_cursor__advance+0x94c in /Users/ikuya/.tree-sitter/lib/aarch64-macos-tree-sitter.dylib at 0x0000000103d18000
 sp=0x000000016d899f20 is pointing into the stack for thread: 0x000000015401fc00

Top of Stack: (sp=0x000000016d899f20)
0x000000016d899f20:   000000012357cbd0 0000600002acdd40
0x000000016d899f30:   000000016d89a138 0000000c0109c088
0x000000016d899f40:   0000000000000001 0000000100000001
0x000000016d899f50:   0000000000000000 0000000000000000
0x000000016d899f60:   0000000000000000 0000000000000000
0x000000016d899f70:   0000000000000002 000000016d89a150
0x000000016d899f80:   000000016d89a04c 000000016d899fd0
0x000000016d899f90:   00006000024f8f68 0000000c0044e8b0
0x000000016d899fa0:   0000000c0109c088 000000016d89a118
0x000000016d899fb0:   000000016d89a090 0000000104232ee8
0x000000016d899fc0:   0000000200000018 000000012357f778
0x000000016d899fd0:   000000012357f77c 0000002000000000
0x000000016d899fe0:   0000000100000006 000000012357cbd0
0x000000016d899ff0:   000000015401fc00 0000000700000005
0x000000016d89a000:   0040004100000005 0000000200000018
0x000000016d89a010:   0000000000000000 0000000000000000
0x000000016d89a020:   0000000000000000 0000000000000000
0x000000016d89a030:   0000000000000000 0000010100180000
0x000000016d89a040:   0000000400005047 0000504700000000
0x000000016d89a050:   0000000000000012 0000001200005047
0x000000016d89a060:   0000001100005047 00075b6d00075b6e
0x000000016d89a070:   00006000024f8f68 0000000c0044e8b0
0x000000016d89a080:   0000000000000000 0000000100000000
0x000000016d89a090:   0000600001ddc4d0 0000000104233084
0x000000016d89a0a0:   0000000c0044e8b0 00006000024f8f68
0x000000016d89a0b0:   000000006d89a138 00000001000072eb
0x000000016d89a0c0:   0000000103d672ed 000000015401fc00
0x000000016d89a0d0:   000000016d89a2d0 0b368001042d7b6c
0x000000016d89a0e0:   0000000c0109c088 000000015401fc00
0x000000016d89a0f0:   000000016d89a150 0000000104232678
0x000000016d89a100:   0000000104a12990 000000015401fc00
0x000000016d89a110:   53e8dcded0ab00b1 0040004100000005 

Instructions: (pc=0x0000000103d2c600)
0x0000000103d2c500:   00 21 00 91 e2 7f 06 91 e3 7b 06 91 e4 77 06 91
0x0000000103d2c510:   5f 2e 00 94 ea 23 40 b9 e8 2f 40 f9 e9 37 42 79
0x0000000103d2c520:   eb ff 9f 52 29 01 0b 6b e9 17 9f 1a 29 01 0a 0a
0x0000000103d2c530:   e9 63 04 39 a0 83 da 3c e0 43 0a 91 00 19 80 3d
0x0000000103d2c540:   a0 83 db 3c 00 1d 80 3d 24 c5 ff 97 08 00 80 52
0x0000000103d2c550:   e8 27 00 b9 c0 01 00 37 01 00 00 14 e8 2f 40 f9
0x0000000103d2c560:   a0 83 da 3c e0 c3 09 91 00 11 80 3d a0 83 db 3c
0x0000000103d2c570:   00 15 80 3d cd c3 ff 97 e8 ff 9f 52 08 21 20 6b
0x0000000103d2c580:   e8 17 9f 1a e8 27 00 b9 01 00 00 14 e8 27 40 b9
0x0000000103d2c590:   29 00 80 52 08 01 09 0a e8 5f 04 39 e8 63 44 39
0x0000000103d2c5a0:   28 0b 00 37 01 00 00 14 ff 13 01 b9 01 00 00 14
0x0000000103d2c5b0:   e8 13 41 b9 e9 bb 40 f9 29 01 40 f9 29 b1 41 79
0x0000000103d2c5c0:   08 01 09 6b e8 37 9f 1a c8 09 00 37 01 00 00 14
0x0000000103d2c5d0:   e8 bb 40 f9 08 01 40 f9 08 31 40 f9 e9 13 41 b9
0x0000000103d2c5e0:   ca 00 80 d2 29 7d 0a 9b 08 01 09 8b e8 87 00 f9
0x0000000103d2c5f0:   e8 bb 40 f9 08 01 40 f9 08 29 40 f9 e9 87 40 f9
0x0000000103d2c600:   29 01 40 79 8a 02 80 d2 29 7d 0a 9b 08 01 09 8b
0x0000000103d2c610:   e8 83 00 f9 e8 bb 40 f9 08 71 40 b9 e9 83 40 f9
0x0000000103d2c620:   29 19 40 79 08 01 09 6b e8 ff 00 b9 e8 87 40 f9
0x0000000103d2c630:   08 11 40 39 a8 00 00 36 01 00 00 14 e8 73 44 39
0x0000000103d2c640:   08 01 00 37 2a 00 00 14 e8 77 44 39 08 05 00 36
0x0000000103d2c650:   01 00 00 14 e8 5f 44 39 a8 04 00 37 01 00 00 14
0x0000000103d2c660:   e8 83 40 f9 08 09 40 79 08 01 00 71 e8 17 9f 1a
0x0000000103d2c670:   28 01 00 37 01 00 00 14 e8 37 43 79 e9 83 40 f9
0x0000000103d2c680:   29 09 40 79 08 01 09 6b e8 07 9f 1a 08 03 00 37
0x0000000103d2c690:   01 00 00 14 e8 83 40 f9 08 05 40 79 08 01 00 71
0x0000000103d2c6a0:   e8 17 9f 1a e8 00 00 37 01 00 00 14 e8 97 41 b9
0x0000000103d2c6b0:   08 01 00 71 e8 87 9f 1a a8 01 00 37 01 00 00 14
0x0000000103d2c6c0:   e8 ff 40 b9 e9 bb 40 f9 29 75 40 b9 08 01 09 6b
0x0000000103d2c6d0:   e8 97 9f 1a c8 00 00 37 01 00 00 14 e0 bb 40 f9
0x0000000103d2c6e0:   e1 87 40 f9 3b 5d 00 94 01 00 00 14 01 00 00 14
0x0000000103d2c6f0:   e8 13 41 b9 08 05 00 11 e8 13 01 b9 ad ff ff 17 


Stack slot to memory mapping:

stack at sp + 0 slots: 0x000000012357cbd0 is pointing into metadata
stack at sp + 1 slots: 0x0000600002acdd40 points into unknown readable memory: 0x0000004000000001 | 01 00 00 00 40 00 00 00
stack at sp + 2 slots: 0x000000016d89a138 is pointing into the stack for thread: 0x000000015401fc00
stack at sp + 3 slots: 0x0000000c0109c088 is a pointer to class: 
org.treesitter.TSNode {0x0000000c0109c088}
 - instance size:     6
 - klass size:        107
 - access:            public synchronized 
 - flags:             rewritten has_nonstatic_fields should_verify_class has_localvariable_table has_vanilla_constructor 
 - state:             fully_initialized
 - name:              'org/treesitter/TSNode'
 - super:             'java/lang/Object'
 - sub:               
 - arrays:            null
 - methods:           Array<T>(0x000000012357d4b8)
 - method ordering:   Array<T>(0x0000000c00b091f8)
 - default_methods:   Array<T>(0x0000000000000000)
 - local interfaces:  Array<T>(0x0000000c005e3828)
 - trans. interfaces: Array<T>(0x0000000c005e3828)
 - constants:         constant pool [271] {0x000000012357cbd0} for 'org/treesitter/TSNode' cache=0x000000012357fca8
 - class loader data:  loader data: 0x0000600001bd00a0 for instance a 'jdk/internal/loader/ClassLoaders$AppClassLoader'{0x00000007ffee4f50}
 - source file:       'TSNode.java'
 - class annotations:       Array<T>(0x0000000000000000)
 - class type annotations:  Array<T>(0x0000000000000000)
 - field annotations:       Array<T>(0x0000000000000000)
 - field type annotations:  Array<T>(0x0000000000000000)
 - inner classes:     Array<T>(0x0000000c005e37b0)
 - nest members:     Array<T>(0x0000000c005e37b0)
 - permitted subclasses:     Array<T>(0x0000000c005e37b0)
 - java mirror:       a 'java/lang/Class'{0x000000070184bc08} = 'org/treesitter/TSNode'
 - vtable length      47  (start addr: 0x0000000c0109c250)
 - itable length      2 (start addr: 0x0000000c0109c3c8)
 - ---- static fields (0 words):
 - ---- non-static fields (9 words):
 - private 'context0' 'I' @12 
 - private 'idPtr' 'J' @16 
 - private 'treePtr' 'J' @24 
 - private 'context1' 'I' @32 
 - private 'context2' 'I' @36 
 - private 'context3' 'I' @40 
 - private 'tree' 'Lorg/treesitter/TSTree;' @44 
 - non-static oop maps: 44-44 
stack at sp + 4 slots: 0x0000000000000001 is an unknown value
stack at sp + 5 slots: 0x0000000100000001 is an unknown value
stack at sp + 6 slots: 0x0 is null
stack at sp + 7 slots: 0x0 is null


Compiled method (n/a) 18221  990     n 0       org.treesitter.TSParser::ts_query_cursor_next_match (native)
 total in heap  [0x0000000114c0f090,0x0000000114c0f430] = 928
 relocation     [0x0000000114c0f1e0,0x0000000114c0f210] = 48
 main code      [0x0000000114c0f240,0x0000000114c0f418] = 472
 oops           [0x0000000114c0f418,0x0000000114c0f428] = 16
 metadata       [0x0000000114c0f428,0x0000000114c0f430] = 8

[Constant Pool (empty)]

[MachCode]
[Entry Point]
  # {method} {0x000000012356f8c8} 'ts_query_cursor_next_match' '(JLorg/treesitter/TSQueryMatch;)Z' in 'org/treesitter/TSParser'
  # parm0:    c_rarg1:c_rarg1 
                        = long
  # parm1:    c_rarg2:c_rarg2 
                        = 'org/treesitter/TSQueryMatch'
  #           [sp+0x60]  (sp of caller)
  0x0000000114c0f240: 2808 40b9 | 3f01 086b | 4000 0054 

  0x0000000114c0f24c: ;   {runtime_call ic_miss_stub}
  0x0000000114c0f24c: 0d63 e917 
[Verified Entry Point]
  0x0000000114c0f250: 1f20 03d5 | e953 40d1 | 3f01 00f9 | fd7b bfa9 | fd03 0091 | ff43 01d1 | 2801 0018 | 8923 40b9 
  0x0000000114c0f270: 1f01 09eb | e000 0054 

  0x0000000114c0f278: ;   {runtime_call StubRoutines (final stubs)}
  0x0000000114c0f278: 0830 83d2 | e88c a2f2 | 2800 c0f2 | 0001 3fd6 | 0200 0014 | 0100 0000 | e207 00f9 | 5f00 1feb 
  0x0000000114c0f298: e323 0091 | e303 839a | e203 01aa 

  0x0000000114c0f2a4: ;   {oop(a 'java/lang/Class'{0x0000000701849968} = 'org/treesitter/TSParser')}
  0x0000000114c0f2a4: 012d 93d2 | 8130 a0f2 | e100 c0f2 | e123 00f9 | e103 0191 | e801 0010 | 88d7 01f9 | e803 0091 
  0x0000000114c0f2c4: 88d3 01f9 

  0x0000000114c0f2c8: ;   {external_word}
  0x0000000114c0f2c8: 68f2 f7f0 | 08c5 4e39 | c806 0035 | 8003 0f91 | e803 7eb2 | 8953 1191 | 28fd 9f88 

  0x0000000114c0f2e4: ;   {runtime_call Java_org_treesitter_TSParser_ts_1query_1cursor_1next_1match}
  0x0000000114c0f2e4: 0843 8fd2 | 887a a0f2 | 2800 c0f2 | 0001 3fd6 | 1f1c 40f2 | e007 9f9a | a800 80d2 | 8857 04b9 
  0x0000000114c0f304: bf3b 03d5 | 8863 1191 | 08fd dfc8 | bf03 08eb | a803 0054 | 8853 44b9 | 6803 0035 | e803 7db2 
  0x0000000114c0f324: 8953 1191 | 28fd 9f88 | 8843 5339 | 1f09 0071 | c001 0054 

  0x0000000114c0f338: ;   {external_word}
  0x0000000114c0f338: 68f2 f7f0 | 08c5 4e39 | 2805 0035 | 9fd3 01f9 | 9fd7 01f9 | 821b 42f9 | 5f80 00f9 | bf03 0091 
  0x0000000114c0f358: fd7b c1a8 | 8807 40f9 | 4800 00b5 | c003 5fd6 

  0x0000000114c0f368: ;   {runtime_call StubRoutines (initial stubs)}
  0x0000000114c0f368: 4673 e817 | a083 1ff8 

  0x0000000114c0f370: ;   {runtime_call SharedRuntime::reguard_yellow_pages()}
  0x0000000114c0f370: 88a3 8ed2 | e88c a0f2 | 2800 c0f2 | 0001 3fd6 | a083 5ff8 | edff ff17 | a083 1ff8 | e003 1caa 
  0x0000000114c0f390: ;   {runtime_call JavaThread::check_special_condition_for_native_trans(JavaThread*)}
  0x0000000114c0f390: 0893 9cd2 | c884 a0f2 | 2800 c0f2 | 0001 3fd6 | a083 5ff8 | dfff ff17 | e10b bea9 | e37f 01a9 
  0x0000000114c0f3b0: ;   {metadata({method} {0x000000012356f8c8} 'ts_query_cursor_next_match' '(JLorg/treesitter/TSQueryMatch;)Z' in 'org/treesitter/TSParser')}
  0x0000000114c0f3b0: 0119 9fd2 | c16a a4f2 | 2100 c0f2 | e003 1caa | e833 bfa9 | 884c 8ad2 | e88c a0f2 | 2800 c0f2 
  0x0000000114c0f3d0: 0001 3fd6 | e833 c1a8 | e37f 41a9 | e10b c2a8 | bdff ff17 | a083 1ff8 

  0x0000000114c0f3e8: ;   {metadata({method} {0x000000012356f8c8} 'ts_query_cursor_next_match' '(JLorg/treesitter/TSQueryMatch;)Z' in 'org/treesitter/TSParser')}
  0x0000000114c0f3e8: 0119 9fd2 | c16a a4f2 | 2100 c0f2 | e003 1caa | e833 bfa9 | 086a 8ad2 | e88c a0f2 | 2800 c0f2 
  0x0000000114c0f408: 0001 3fd6 | e833 c1a8 | a083 5ff8 | ccff ff17 
[/MachCode]


Compiled method (c2) 18224 1395       4       refdiff.parsers.universal.common.Tokenizer::tokenize (167 bytes)
 total in heap  [0x0000000114c46590,0x0000000114c490d8] = 11080
 relocation     [0x0000000114c466e0,0x0000000114c46900] = 544
 main code      [0x0000000114c46900,0x0000000114c47ba0] = 4768
 stub code      [0x0000000114c47ba0,0x0000000114c47dd0] = 560
 oops           [0x0000000114c47dd0,0x0000000114c47df0] = 32
 metadata       [0x0000000114c47df0,0x0000000114c47fd0] = 480
 scopes data    [0x0000000114c47fd0,0x0000000114c48ad0] = 2816
 scopes pcs     [0x0000000114c48ad0,0x0000000114c48de0] = 784
 dependencies   [0x0000000114c48de0,0x0000000114c48e30] = 80
 handler table  [0x0000000114c48e30,0x0000000114c49070] = 576
 nul chk table  [0x0000000114c49070,0x0000000114c490d8] = 104

[Constant Pool (empty)]

[MachCode]
[Verified Entry Point]
  # {method} {0x0000000123585910} 'tokenize' '(Lorg/treesitter/TSTree;Lorg/treesitter/TSLanguage;Ljava/lang/String;)Lrefdiff/core/cst/TokenizedSource;' in 'refdiff/parsers/universal/common/Tokenizer'
  # parm0:    c_rarg1:c_rarg1 
                        = 'org/treesitter/TSTree'
  # parm1:    c_rarg2:c_rarg2 
                        = 'org/treesitter/TSLanguage'
  # parm2:    c_rarg3:c_rarg3 
                        = 'java/lang/String'
  #           [sp+0x80]  (sp of caller)
  0x0000000114c46900: 1f20 03d5 | e953 40d1 | 3f01 00f9 | ff03 02d1 | fd7b 07a9 | 4894 0018 | 8923 40b9 | 1f01 09eb 
  0x0000000114c46920: 4193 0054 | 80df 40f9 | 8ae7 40f9 | 0b60 0091 | e20f 00a9 | fd03 01aa | 7f01 0aeb | 6273 0054 
  0x0000000114c46940: ea03 40b2 | 8bdf 00f9 

  0x0000000114c46948: ;   {metadata('org/treesitter/TSQuery')}
  0x0000000114c46948: 2c21 a0d2 | 0ced 96f2 | 0a00 00f9 | 0c7c 0129 | 70c1 80f9 | 1f08 00f9 | bf3a 03d5 | ea03 40f9 
  0x0000000114c46968: ; implicit exception: dispatches to 0x0000000114c47a80
  0x0000000114c46968: 4109 40f9 | e003 00f9 

  0x0000000114c46970: ;   {oop("_ @node"{0x0000000701848cf8})}
  0x0000000114c46970: 029f 91d2 | 8230 a0f2 | e200 c0f2 

  0x0000000114c4697c: ; ImmutableOopMap {rfp=Oop [0]=Oop [8]=Oop }
                      ;*invokestatic ts_query_new {reexecute=0 rethrow=0 return_oop=0}
                      ; - org.treesitter.TSQuery::<init>@6 (line 40)
                      ; - refdiff.parsers.universal.common.Tokenizer::tokenize@9 (line 20)
                      ;   {static_call}
  0x0000000114c4697c: c104 0094 

  0x0000000114c46980: ;   {other}
  0x0000000114c46980: 1f20 03d5 | 1f7e 80f2 | 1f00 80f2 | 82df 40f9 | 8ae7 40f9 | ed03 40f9 | 4b60 0091 | a009 00f9 
  0x0000000114c469a0: 7f01 0aeb | 2271 0054 | ea03 40b2 | 8bdf 00f9 

  0x0000000114c469b0: ;   {metadata('org/treesitter/TSQuery$TSQueryCleanRunner')}
  0x0000000114c469b0: 2c21 a0d2 | 0c3e 97f2 | 4a00 00f9 | 4c08 00b9 | 70c1 80f9 | 5f0c 00b9 | 4008 00f9 | bf3b 03d5 
  0x0000000114c469d0: e103 40f9 

  0x0000000114c469d4: ; ImmutableOopMap {rfp=Oop [0]=Oop [8]=Oop }
                      ;*invokestatic register {reexecute=0 rethrow=0 return_oop=0}
                      ; - org.treesitter.TSQuery::<init>@18 (line 23)
                      ; - org.treesitter.TSQuery::<init>@9 (line 40)
                      ; - refdiff.parsers.universal.common.Tokenizer::tokenize@9 (line 20)
                      ;   {static_call}
  0x0000000114c469d4: 3bc7 1d96 

  0x0000000114c469d8: ;   {other}
  0x0000000114c469d8: 1f20 03d5 | 1f89 80f2 | 1f20 80f2 | bf3b 03d5 | 80df 40f9 | 8ae7 40f9 | 0b60 0091 | 7f01 0aeb 
  0x0000000114c469f8: e26f 0054 | ea03 40b2 | 8bdf 00f9 

  0x0000000114c46a04: ;   {metadata('org/treesitter/TSQueryCursor')}
  0x0000000114c46a04: 2c21 a0d2 | 0c82 97f2 | 0a00 00f9 | 0c7c 0129 | 70c1 80f9 | 1f08 00f9 | bf3a 03d5 | e00b 00f9 
  0x0000000114c46a24: ; ImmutableOopMap {rfp=Oop [0]=Oop [8]=Oop [16]=Oop }
                      ;*invokestatic ts_query_cursor_new {reexecute=0 rethrow=0 return_oop=0}
                      ; - org.treesitter.TSQueryCursor::<init>@1 (line 57)
                      ; - refdiff.parsers.universal.common.Tokenizer::tokenize@18 (line 21)
                      ;   {static_call}
  0x0000000114c46a24: c704 0094 

  0x0000000114c46a28: ;   {other}
  0x0000000114c46a28: 1f20 03d5 | 1f93 80f2 | 1f40 80f2 | 82df 40f9 | 8ae7 40f9 | ed0b 40f9 | a009 00f9 | 4b60 0091 
  0x0000000114c46a48: bf31 0039 | 7f01 0aeb | 226e 0054 | ea03 40b2 | 8bdf 00f9 

  0x0000000114c46a5c: ;   {metadata('org/treesitter/TSQueryCursor$TSQueryCursorCleanAction')}
  0x0000000114c46a5c: 2c21 a0d2 | 0ccd 97f2 | 4a00 00f9 | 4c08 00b9 | 70c1 80f9 | 5f0c 00b9 | 4008 00f9 | bf3b 03d5 
  0x0000000114c46a7c: e10b 40f9 

  0x0000000114c46a80: ; ImmutableOopMap {rfp=Oop [0]=Oop [8]=Oop [16]=Oop }
                      ;*invokestatic register {reexecute=0 rethrow=0 return_oop=0}
                      ; - org.treesitter.TSQueryCursor::<init>@23 (line 30)
                      ; - org.treesitter.TSQueryCursor::<init>@4 (line 57)
                      ; - refdiff.parsers.universal.common.Tokenizer::tokenize@18 (line 21)
                      ;   {static_call}
  0x0000000114c46a80: 10c7 1d96 

  0x0000000114c46a84: ;   {other}
  0x0000000114c46a84: 1f20 03d5 | 9f9e 80f2 | 1f60 80f2 | bf3b 03d5 

  0x0000000114c46a94: ; implicit exception: dispatches to 0x0000000114c47a94
  0x0000000114c46a94: a10b 40f9 

  0x0000000114c46a98: ; ImmutableOopMap {rfp=Oop [0]=Oop [8]=Oop [16]=Oop }
                      ;*invokestatic ts_tree_root_node {reexecute=0 rethrow=0 return_oop=1}
                      ; - org.treesitter.TSTree::getRootNode@4 (line 59)
                      ; - refdiff.parsers.universal.common.Tokenizer::tokenize@24 (line 22)
                      ;   {static_call}
  0x0000000114c46a98: b204 0094 

  0x0000000114c46a9c: ;   {other}
  0x0000000114c46a9c: 1f20 03d5 | 9fa1 80f2 | 1f80 80f2 | f303 00aa | 8075 00b4 | 8ae3 c039 | aa5f 0035 | ea03 13aa 
  0x0000000114c46abc: eb03 1daa | 6b01 0aca | acff 43d3 | 6bfd 55d3 | 6c2e 00b9 | 0b01 00b4 | 4afd 49d3 | 0b00 90d2 
  0x0000000114c46adc: 2bfa bff2 | 6001 0a8b | 0b00 c039 | 7f09 0071 | 415f 0054 | eb03 0032 | ea0b 40f9 | 4b31 0039 
  0x0000000114c46afc: 4109 40f9 | ea03 40f9 | 4209 40f9 | e303 13aa 

  0x0000000114c46b0c: ; ImmutableOopMap {[8]=Oop [16]=Oop }
                      ;*invokestatic ts_query_cursor_exec {reexecute=0 rethrow=0 return_oop=0}
                      ; - org.treesitter.TSQueryCursor::exec@14 (line 68)
                      ; - refdiff.parsers.universal.common.Tokenizer::tokenize@35 (line 23)
                      ;   {static_call}
  0x0000000114c46b0c: 9d04 0094 

  0x0000000114c46b10: ;   {other}
  0x0000000114c46b10: 1f20 03d5 | 1fb0 80f2 | 1fa0 80f2 | 80df 40f9 | 8ae7 40f9 | 0b80 0091 | 7f01 0aeb | a268 0054 
  0x0000000114c46b30: ea03 40b2 | 8bdf 00f9 

  0x0000000114c46b38: ;   {metadata('org/treesitter/TSQueryMatch')}
  0x0000000114c46b38: 2c21 a0d2 | 0c7c 98f2 | 0a00 00f9 | 0c08 00b9 | 70c1 80f9 | 1f0c 00b9 | 0a40 0091 | 5f7d 00a9 
  0x0000000114c46b58: bf3a 03d5 | ea0b 40f9 | 5d31 4039 | 1d73 0034 | e003 00f9 | 4109 40f9 | e203 00aa 

  0x0000000114c46b74: ; ImmutableOopMap {[0]=Oop [8]=Oop [16]=Oop }
                      ;*invokestatic ts_query_cursor_next_match {reexecute=0 rethrow=0 return_oop=0}
                      ; - org.treesitter.TSQueryCursor::nextMatch@9 (line 135)
                      ; - refdiff.parsers.universal.common.Tokenizer::tokenize@60 (line 27)
                      ;   {static_call}
  0x0000000114c46b74: b721 ff97 

  0x0000000114c46b78: ;   {other}
  0x0000000114c46b78: 1f20 03d5 | 1fbd 80f2 | 1fc0 80f2 | 4060 0034 | ee03 0032 

  0x0000000114c46b8c: ;   {oop(a 'java/lang/Object'[0] {0x0000000700533450})}
  0x0000000114c46b8c: 5401 bcd2 | 54d1 8cf2 | ec03 1f2a | f303 1f2a | 1200 0014 | ef03 0c2a | eb0b 40f9 | 6a31 4039 
  0x0000000114c46bac: fd0f 148b | 8a4f 0034 | ed03 00f9 | ee53 0329 | f33f 0429 | 6109 40f9 | e203 0daa 

  0x0000000114c46bc8: ; ImmutableOopMap {rfp=Oop [0]=Oop [8]=Oop [16]=Oop [28]=NarrowOop }
                      ;*invokestatic ts_query_cursor_next_match {reexecute=0 rethrow=0 return_oop=0}
                      ; - org.treesitter.TSQueryCursor::nextMatch@9 (line 135)
                      ; - refdiff.parsers.universal.common.Tokenizer::tokenize@60 (line 27)
                      ;   {static_call}
  0x0000000114c46bc8: a221 ff97 

  0x0000000114c46bcc: ;   {other}
  0x0000000114c46bcc: 1f20 03d5 | 9fc7 80f2 | 1fe0 80f2 | 6026 0034 | ee53 4329 | f333 4429 | ed03 40f9 | aa19 40b9 
  0x0000000114c46bec: 4ff1 7dd3 

  0x0000000114c46bf0: ; implicit exception: dispatches to 0x0000000114c47a58
  0x0000000114c46bf0: ea0d 40b9 | 5f01 0071 | 49fd ff54 | 4b05 0051 | 7f01 0a6b | e248 0054 | f103 1f2a | ebc9 318b 
  0x0000000114c46c10: 6b11 40b9 | 6bf1 7dd3 

  0x0000000114c46c18: ; implicit exception: dispatches to 0x0000000114c47a6c
  0x0000000114c46c18: 6b11 40b9 | 6bf1 7dd3 | eb42 00b4 | ea2b 00b9 | ea0f 148b | ee03 00b9 | edbf 01a9 | f12f 00b9 
  0x0000000114c46c38: f3b3 0629 | eb2b 04a9 | fd03 142a | e103 0baa 

  0x0000000114c46c48: ; ImmutableOopMap {rfp=NarrowOop [8]=Oop [16]=Oop [24]=Oop [32]=Oop [64]=Oop [72]=Oop }
                      ;*invokestatic ts_node_is_null {reexecute=0 rethrow=0 return_oop=0}
                      ; - org.treesitter.TSNode::isNull@1 (line 95)
                      ; - org.treesitter.TSNode::asserNotNull@1 (line 27)
                      ; - org.treesitter.TSNode::getChildCount@1 (line 38)
                      ; - refdiff.parsers.universal.common.Tokenizer::tokenize@108 (line 31)
                      ;   {static_call}
  0x0000000114c46c48: c21c ff97 

  0x0000000114c46c4c: ;   {other}
  0x0000000114c46c4c: 1f20 03d5 | 9fd7 80f2 | 1f00 81f2 | e047 0035 | e123 40f9 

  0x0000000114c46c60: ; ImmutableOopMap {rfp=NarrowOop [8]=Oop [16]=Oop [24]=Oop [32]=Oop [64]=Oop [72]=Oop }
                      ;*invokestatic ts_node_child_count {reexecute=0 rethrow=0 return_oop=0}
                      ; - org.treesitter.TSNode::getChildCount@5 (line 39)
                      ; - refdiff.parsers.universal.common.Tokenizer::tokenize@108 (line 31)
                      ;   {static_call}
  0x0000000114c46c60: 7c1f ff97 

  0x0000000114c46c64: ;   {other}
  0x0000000114c46c64: 1f20 03d5 | 9fda 80f2 | 1f20 81f2 | 8000 0034 | f403 1d2a | f3bf 4629 | 4d00 0014 | e123 40f9 
  0x0000000114c46c84: ; ImmutableOopMap {rfp=NarrowOop [8]=Oop [16]=Oop [24]=Oop [32]=Oop [64]=Oop [72]=Oop }
                      ;*invokestatic ts_node_is_null {reexecute=0 rethrow=0 return_oop=0}
                      ; - org.treesitter.TSNode::isNull@1 (line 95)
                      ; - org.treesitter.TSNode::asserNotNull@1 (line 27)
                      ; - org.treesitter.TSNode::getStartByte@1 (line 190)
                      ; - refdiff.parsers.universal.common.Tokenizer::tokenize@116 (line 32)
                      ;   {static_call}
  0x0000000114c46c84: b31c ff97 

  0x0000000114c46c88: ;   {other}
  0x0000000114c46c88: 1f20 03d5 | 1fdf 80f2 | 1f40 81f2 | e04b 0035 | e123 40f9 

  0x0000000114c46c9c: ; ImmutableOopMap {rfp=NarrowOop [8]=Oop [16]=Oop [24]=Oop [32]=Oop [64]=Oop [72]=Oop }
                      ;*invokestatic ts_node_start_byte {reexecute=0 rethrow=0 return_oop=0}
                      ; - org.treesitter.TSNode::getStartByte@5 (line 191)
                      ; - refdiff.parsers.universal.common.Tokenizer::tokenize@116 (line 32)
                      ;   {static_call}
  0x0000000114c46c9c: 6d1e ff97 

  0x0000000114c46ca0: ;   {other}
  0x0000000114c46ca0: 1f20 03d5 | 1fe2 80f2 | 1f60 81f2 | e033 00b9 | e123 40f9 

  0x0000000114c46cb4: ; ImmutableOopMap {rfp=NarrowOop [8]=Oop [16]=Oop [24]=Oop [32]=Oop [64]=Oop [72]=Oop }
                      ;*invokestatic ts_node_is_null {reexecute=0 rethrow=0 return_oop=0}
                      ; - org.treesitter.TSNode::isNull@1 (line 95)
                      ; - org.treesitter.TSNode::asserNotNull@1 (line 27)
                      ; - org.treesitter.TSNode::getEndByte@1 (line 200)
                      ; - refdiff.parsers.universal.common.Tokenizer::tokenize@123 (line 33)
                      ;   {static_call}
  0x0000000114c46cb4: a71c ff97 

  0x0000000114c46cb8: ;   {other}
  0x0000000114c46cb8: 1f20 03d5 | 1fe5 80f2 | 1f80 81f2 | c04c 0035 | e123 40f9 

  0x0000000114c46ccc: ; ImmutableOopMap {rfp=NarrowOop [8]=Oop [16]=Oop [24]=Oop [32]=Oop [72]=Oop }
                      ;*invokestatic ts_node_end_byte {reexecute=0 rethrow=0 return_oop=0}
                      ; - org.treesitter.TSNode::getEndByte@5 (line 201)
                      ; - refdiff.parsers.universal.common.Tokenizer::tokenize@123 (line 33)
                      ;   {static_call}
  0x0000000114c46ccc: 6120 ff97 

  0x0000000114c46cd0: ;   {other}
  0x0000000114c46cd0: 1f20 03d5 | 1fe8 80f2 | 1fa0 81f2 | 8ddf 40f9 | 8ae7 40f9 | ab61 0091 | e007 00b9 | 7f01 0aeb 
  0x0000000114c46cf0: 4233 0054 | ea03 40b2 | 8bdf 00f9 | aa01 00f9 

  0x0000000114c46d00: ;   {metadata('refdiff/core/cst/TokenPosition')}
  0x0000000114c46d00: 2a21 a0d2 | 0ab1 9af2 | aa09 00b9 | 70c1 80f9 | bf15 00b9 | eb33 40b9 | ab0d 00b9 | ea07 40b9 
  0x0000000114c46d20: aa11 00b9 | bf3b 03d5 | f027 40f9 | 0e0e 40b9 | ebb3 4629 | 8f05 0011 | 7305 0011 | 9f01 0e6b 
  0x0000000114c46d40: 0005 0054 | f403 1d2a | ea0f 1d8b | 4bc9 2c8b | 5009 40b9 | 7541 0091 | 9f01 0e6b | a239 0054 
  0x0000000114c46d60: ;   {metadata('java/lang/Object'[])}
  0x0000000114c46d60: 0b00 a0d2 | 0b4b 82f2 | 1f02 0b6b | 613b 0054 | 8be3 c039 | 0b15 0035 | ea03 15aa | eb03 0daa 
  0x0000000114c46d80: 6b01 0aca | adfd 43d3 | 6bfd 55d3 | ad02 00b9 | 0b01 00b4 | 4afd 49d3 | 0b00 90d2 | 2bfa bff2 
  0x0000000114c46da0: 6001 0a8b | 0a00 c039 | 5f09 0071 | a114 0054 | eb2f 40b9 | 7105 0011 | ea2b 40b9 | 3f02 0a6b 
  0x0000000114c46dc0: aa00 0054 | ec03 0f2a | ee03 40b9 | edbf 41a9 | 8fff ff17 | ee03 40b9 | ed0f 40f9 | 72ff ff17 
  0x0000000114c46de0: df01 0071 | 8805 0054 

  0x0000000114c46de8: ;   {oop(a 'java/lang/Object'[0] {0x0000000700533450})}
  0x0000000114c46de8: 4a01 bcd2 | 4ad1 8cf2 | bf03 0a6b | 0105 0054 | 4b01 8052 | 7f01 0f6b | 4a01 8052 | 42c1 8f1a 
  0x0000000114c46e08: 5f00 4171 | 6830 0054 | 4a7c 7e93 | 8edf 40f9 | 4a5d 0091 | 4bf1 7d92 | 91e7 40f9 | cb01 0b8b 
  0x0000000114c46e28: 7f01 11eb | 622f 0054 | 8bdf 00f9 | f003 40b2 | 70c1 80f9 | d001 00f9 

  0x0000000114c46e40: ;   {metadata('java/lang/Object'[])}
  0x0000000114c46e40: 1100 a0d2 | 114b 82f2 | 7001 81f9 | 50fd 43d3 | d109 00b9 | 7041 81f9 | ca41 0091 | 0b0a 00d1 
  0x0000000114c46e60: c20d 00b9 | 6821 00f1 | 4300 0054 

  0x0000000114c46e6c: ;   {runtime_call StubRoutines (final stubs)}
  0x0000000114c46e6c: f5a1 e897 | 6b00 1036 | 5f7d 81a8 | 5f7d 81a8 | 4b00 0836 | 5f7d 81a8 | 4b00 0036 | 5f01 00f9 
  0x0000000114c46e8c: d4fd 43d3 | 4700 0014 | ec3f 00b9 | 8c01 0e4b | 9d05 0011 | cb7d 0113 | 7f01 1d6b | 0a0a 40b9 
  0x0000000114c46eac: ed1b 00f9 | 6dc1 9d1a | ab01 0e0b | 4105 5ed2 | eb4f 00b9 | cb7d 4093 | 2014 40b9 | 6bc1 2d8b 
  0x0000000114c46ecc: ec4f 40b9 | f023 00f9 | ee4b 00b9 | 8e05 0051 | 3038 40f9 | ef07 00b9 | 2fc8 60f8 | 6cf5 7ed3 
  0x0000000114c46eec: f33b 00b9 | e8fe 9f52 | e8ff af72 | df01 086b | a250 0054 | eb4f 40b9 | 1002 40f9 | ab4d f837 
  0x0000000114c46f0c: 3f00 0feb | 4105 0054 | 9d5d 0091 | 7f01 4171 | e829 0054 | 8edf 40f9 | acf3 7d92 | 8de7 40f9 
  0x0000000114c46f2c: cc01 0c8b | 9f01 0deb | 2229 0054 | ed03 40b2 | 8cdf 00f9 | cd01 00f9 | 90c1 80f9 | ca09 00b9 
  0x0000000114c46f4c: 9001 81f9 | cb0d 00b9 | 9041 81f9 | ec4b 40b9 | 9f01 0b6b | 8ab1 8b1a | acff 43d3 | c141 0091 
  0x0000000114c46f6c: d4fd 43d3 | ca48 0034 | ed23 40f9 | 427d 4093 | a041 0091 | 5f01 0b6b | ab22 0054 | f303 0eaa 
  0x0000000114c46f8c: ;   {runtime_call StubRoutines (final stubs)}
  0x0000000114c46f8c: 9da4 e897 

  0x0000000114c46f90: ;   {other}
  0x0000000114c46f90: 1f20 03d5 | 1f00 80f2 | 1f00 80f2 | ee03 13aa | ef07 40b9 | ed1b 40f9 | f333 4729 | ddfd 43d3 
  0x0000000114c46fb0: ce0d 40b9 | 65ff ff17 | 1f80 0071 | c0fa ff54 | ea0b 40f9 | ea03 00f9 | fd07 40f9 | ea0f 40f9 
  0x0000000114c46fd0: ea07 00f9 | ea13 40f9 | ea0b 00f9 | ea2b 40b9 | ea1b 00b9 | ea1b 40f9 | ea13 00f9 | eb2f 40b9 
  0x0000000114c46ff0: ea3f 40b9 | 6104 8012 | eb1f 00b9 | ea4f 0529 | f02b 00f9 

  0x0000000114c47004: ; ImmutableOopMap {rfp=Oop [0]=Oop [8]=Oop [16]=Oop [32]=Oop [64]=Oop [80]=Oop }
                      ;*invokestatic copyOf {reexecute=1 rethrow=0 return_oop=0}
                      ; - (reexecute) java.util.Arrays::copyOf@6 (line 3481)
                      ; - java.util.ArrayList::grow@37 (line 238)
                      ; - java.util.ArrayList::grow@7 (line 245)
                      ; - java.util.ArrayList::add@7 (line 484)
                      ; - java.util.ArrayList::add@20 (line 497)
                      ; - refdiff.parsers.universal.common.Tokenizer::tokenize@141 (line 34)
                      ;   {runtime_call UncommonTrapBlob}
  0x0000000114c47004: df9f e897 

  0x0000000114c47008: ;   {other}
  0x0000000114c47008: 1f20 03d5 | 1f4f 81f2 | 1fc0 81f2 | aa02 40b9 | 40f1 7dd3 | e0ea ffb4 | 8a17 40f9 | 2a2d 00b4 
  0x0000000114c47028: 8b1b 40f9 | 4c21 00d1 | 6a01 0a8b | 4081 1ff8 | 8c17 00f9 | 4fff ff17 | 8b2b 44a9 | bf3b 03d5 
  0x0000000114c47048: 0c00 c039 | 2ceb ff34 | 1f00 0039 | eb01 00b5 | f603 0f2a | e103 1caa | c900 0010 

  0x0000000114c47064: ;   {runtime_call G1BarrierSetRuntime::write_ref_field_post_entry(unsigned char volatile*, JavaThread*)}
  0x0000000114c47064: 086b 9fd2 | 6882 a0f2 | 2800 c0f2 | ff27 bfa9 | 0001 3fd6 

  0x0000000114c47078: ;   {other}
  0x0000000114c47078: 1f20 03d5 | 1f00 80f2 | 1f00 80f2 | ff43 0091 | ef03 162a | 49ff ff17 | 6c21 00d1 | 4a01 0b8b 
  0x0000000114c47098: 4081 1ff8 | 8c23 00f9 | 44ff ff17 | ec1b 40b9 | ee37 4429 | 80df 40f9 | 8ae7 40f9 | 0b60 0091 
  0x0000000114c470b8: 7f01 0aeb | 223d 0054 | ea03 40b2 | 8bdf 00f9 | 0a00 00f9 

  0x0000000114c470cc: ;   {metadata('refdiff/core/cst/TokenizedSource')}
  0x0000000114c470cc: 2a21 a0d2 | 0af3 9af2 | 0a08 00b9 | 70c1 80f9 | 1f08 00f9 | ec37 0029 | ee1b 00b9 | ea07 40f9 
  0x0000000114c470ec: 4bfd 43d3 | 0b0c 00b9 | e007 00f9 | e303 1f32 

  0x0000000114c470fc: ;   {metadata({type array int}[])}
  0x0000000114c470fc: 0114 85d2 | 0100 a0f2 | 8101 c0f2 | e207 40b9 

  0x0000000114c4710c: ; ImmutableOopMap {rfp=Oop [8]=Oop }
                      ;*multianewarray {reexecute=0 rethrow=0 return_oop=1}
                      ; - refdiff.core.cst.TokenizedSource::<init>@17 (line 14)
                      ; - refdiff.parsers.universal.common.Tokenizer::tokenize@163 (line 38)
                      ;   {runtime_call _multianewarray2_Java}
  0x0000000114c4710c: bdfd eb97 

  0x0000000114c47110: ;   {other}
  0x0000000114c47110: 1f20 03d5 | 1f70 81f2 | 1fe0 81f2 | f307 40f9 | ea03 13aa | eb03 00aa | 6b01 0aca | 0cfc 43d3 
  0x0000000114c47130: 6bfd 55d3 | 6c12 00b9 | 0b01 00b4 | 4afd 49d3 | 0b00 90d2 | 2bfa bff2 | 6001 0a8b | 0b00 c039 
  0x0000000114c47150: 7f09 0071 | e12e 0054 | ec07 40b9 | 9f01 0071 | cd0e 0054 | 6b12 40b9 | aa0f 40b9 | 70f1 7dd3 
  0x0000000114c47170: 0f00 8092 | ed07 40b9 | 4b7d 4093 | ae7d 4093 | efc1 2c8b | 6d3f 0034 | ff01 0eeb | 223f 0054 
  0x0000000114c47190: 5f01 0071 | e93e 0054 | ff01 0beb | a23e 0054 

  0x0000000114c471a0: ; implicit exception: dispatches to 0x0000000114c47970
  0x0000000114c471a0: 0b0e 40b9 | aa13 40b9 | 6d7d 4093 | 7f01 0071 | 093e 0054 | ff01 0deb | c23d 0054 | 0d12 40b9 
  0x0000000114c471c0: 51f1 7dd3 

  0x0000000114c471c4: ; implicit exception: dispatches to 0x0000000114c47aa8
  0x0000000114c471c4: 2a0a 40b9 | a2f1 7dd3 

  0x0000000114c471cc: ;   {metadata('refdiff/core/cst/TokenPosition')}
  0x0000000114c471cc: 2d21 a0d2 | 0db1 9af2 | 5f01 0d6b | e141 0054 | 2e0e 40b9 

  0x0000000114c471e0: ; implicit exception: dispatches to 0x0000000114c47a40
  0x0000000114c471e0: 4b0c 40b9 | 7f05 0071 | 293d 0054 | e883 61b2 | ff01 08eb | ea83 61b2 | 4ab1 8f9a | e003 0a2a 
  0x0000000114c47200: 2a12 40b9 | 4e28 0229 | 1f04 0071 | cd3b 0054 

  0x0000000114c47210: ;   {metadata('refdiff/core/cst/TokenPosition')}
  0x0000000114c47210: 2a21 a0d2 | 0ab1 9af2 | 0bfa 8052 | 0200 0014 | ef03 00b9 | ef03 40b9 | 1f00 0f6b | 0e00 0f4b 
  0x0000000114c47230: eeb3 8e1a | df41 1f71 | 6e81 8e1a | c301 0f0b | ee7d 7e93 | b103 0e8b | 0102 0e8b | 2212 40b9 
  0x0000000114c47250: 2410 40b9 | 45f0 7dd3 

  0x0000000114c47258: ; implicit exception: dispatches to 0x0000000114c47380
  0x0000000114c47258: ae08 40b9 | df01 0a6b | 2616 40b9 | 82f0 7dd3 | 213d 0054 | ae0c 40b9 

  0x0000000114c47270: ; implicit exception: dispatches to 0x0000000114c47a40
  0x0000000114c47270: 470c 40b9 | d1f0 7dd3 | 2114 40b9 | ff04 0071 | 2909 0054 | a410 40b9 | 4e10 0229 | 9107 00b4 
  0x0000000114c47290: 240a 40b9 | 9f00 0d6b | 22f0 7dd3 | 413b 0054 | 2e0e 40b9 

  0x0000000114c472a4: ; implicit exception: dispatches to 0x0000000114c47a40
  0x0000000114c472a4: 440c 40b9 | 2112 40b9 | 9f04 0071 | e907 0054 | 4e10 00b9 | ef09 0011 | 4114 00b9 | ff01 036b 
  0x0000000114c472c4: ebfb ff54 

  0x0000000114c472c8: ; ImmutableOopMap {r16=Oop r19=Oop rfp=Oop }
                      ;*goto {reexecute=1 rethrow=0 return_oop=0}
                      ; - (reexecute) refdiff.core.cst.TokenizedSource::<init>@77 (line 15)
                      ; - refdiff.parsers.universal.common.Tokenizer::tokenize@163 (line 38)
  0x0000000114c472c8: 9133 42f9 

  0x0000000114c472cc: ;   {poll}
  0x0000000114c472cc: 3f02 40b9 | ff01 006b | 6bfa ff54 | ff01 0c6b | ea02 0054 

  0x0000000114c472e0: ;   {metadata('refdiff/core/cst/TokenPosition')}
  0x0000000114c472e0: 2a21 a0d2 | 0ab1 9af2 | eb7d 7e93 | ad03 0b8b | ae11 40b9 | 0b02 0b8b | d1f1 7dd3 | 6b11 40b9 
  0x0000000114c47300: ; implicit exception: dispatches to 0x0000000114c47ab0
  0x0000000114c47300: 2e0a 40b9 | df01 0a6b | 62f1 7dd3 | 4137 0054 | 2e0e 40b9 

  0x0000000114c47314: ; implicit exception: dispatches to 0x0000000114c47a40
  0x0000000114c47314: 4d0c 40b9 | 2b12 40b9 | bf05 0071 | 2936 0054 | 4e10 00b9 | ef05 0011 | 4b14 00b9 | ff01 0c6b 
  0x0000000114c47334: abfd ff54 | bf3b 03d5 | e003 13aa | fd7b 47a9 | ff03 0291 

  0x0000000114c47348: ;   {poll_return}
  0x0000000114c47348: 882f 42f9 | ff63 28eb | 6841 0054 | c003 5fd6 

  0x0000000114c47358: ;   {metadata('refdiff/core/cst/TokenPosition')}
  0x0000000114c47358: 01b1 9ad2 | 2121 a0f2 | 8101 c0f2 

  0x0000000114c47364: ; ImmutableOopMap {rfp=NarrowOop [8]=Oop [16]=Oop [24]=Oop [32]=Oop [72]=Oop }
                      ;*new {reexecute=0 rethrow=0 return_oop=1}
                      ; - refdiff.parsers.universal.common.Tokenizer::tokenize@130 (line 34)
                      ;   {runtime_call _new_instance_Java}
  0x0000000114c47364: 8709 ec97 

  0x0000000114c47368: ;   {other}
  0x0000000114c47368: 1f20 03d5 | 1fbb 81f2 | 1f20 82f2 | ed03 00aa | 67fe ff17 | ef05 0011 | ea03 0f2a | ec0b 00b9 
  0x0000000114c47388: f30b 00f9 | 6101 8012 | ea03 00b9 

  0x0000000114c47394: ; ImmutableOopMap {rfp=Oop [16]=Oop }
                      ;*checkcast {reexecute=0 rethrow=0 return_oop=0}
                      ; - refdiff.core.cst.TokenizedSource::<init>@43 (line 16)
                      ; - refdiff.parsers.universal.common.Tokenizer::tokenize@163 (line 38)
                      ;   {runtime_call UncommonTrapBlob}
  0x0000000114c47394: fb9e e897 

  0x0000000114c47398: ;   {other}
  0x0000000114c47398: 1f20 03d5 | 1fc1 81f2 | 1f40 82f2 | f103 05aa | 0200 0014 | ef05 0011 | ea03 0f2a | ec1f 00b9 
  0x0000000114c473b8: f313 00f9 | 6103 8012 | ea3b 0029 | f18b 00a9 

  0x0000000114c473c8: ; ImmutableOopMap {rfp=Oop [8]=Oop [16]=Oop [32]=Oop }
                      ;*iastore {reexecute=0 rethrow=0 return_oop=0}
                      ; - refdiff.core.cst.TokenizedSource::<init>@60 (line 17)
                      ; - refdiff.parsers.universal.common.Tokenizer::tokenize@163 (line 38)
                      ;   {runtime_call UncommonTrapBlob}
  0x0000000114c473c8: ee9e e897 

  0x0000000114c473cc: ;   {other}
  0x0000000114c473cc: 1f20 03d5 | 9fc7 81f2 | 1f60 82f2 | 4af4 7ed3 | 4b41 0091 | 6af9 7d92 | ca01 0a8b | 8b0d 4bcb 
  0x0000000114c473ec: 6821 00f1 | 4300 0054 

  0x0000000114c473f4: ;   {runtime_call StubRoutines (final stubs)}
  0x0000000114c473f4: 93a0 e897 | 6b00 1036 | 5f7d 81a8 | 5f7d 81a8 | 4b00 0836 | 5f7d 81a8 | 4b00 0036 | 5f01 00f9 
  0x0000000114c47414: ddfe ff17 | ec07 00b9 | f33f 0629 | ed1f 00f9 

  0x0000000114c47424: ;   {metadata('java/lang/Object'[])}
  0x0000000114c47424: 014b 82d2 | 0100 a0f2 | 8101 c0f2 | fd03 10aa 

  0x0000000114c47434: ; ImmutableOopMap {rfp=Oop [8]=Oop [16]=Oop [24]=Oop [32]=Oop [56]=Oop }
                      ;*anewarray {reexecute=0 rethrow=0 return_oop=1}
                      ; - java.util.ArrayList::grow@52 (line 240)
                      ; - java.util.ArrayList::grow@7 (line 245)
                      ; - java.util.ArrayList::add@7 (line 484)
                      ; - java.util.ArrayList::add@20 (line 497)
                      ; - refdiff.parsers.universal.common.Tokenizer::tokenize@141 (line 34)
                      ;   {runtime_call _new_array_Java}
  0x0000000114c47434: 53ff eb97 

  0x0000000114c47438: ;   {other}
  0x0000000114c47438: 1f20 03d5 | 1fd5 81f2 | 1f80 82f2 | ec07 40b9 | f33f 4629 | ed1f 40f9 | ee03 00aa | 8efe ff17 
  0x0000000114c47458: f02b 00f9 | e203 0b2a 

  0x0000000114c47460: ; ImmutableOopMap {[8]=Oop [16]=Oop [24]=Oop [32]=Oop [48]=Oop [64]=Oop [80]=Oop }
                      ;*invokestatic copyOf {reexecute=1 rethrow=0 return_oop=1}
                      ; - (reexecute) java.util.Arrays::copyOf@6 (line 3481)
                      ; - java.util.ArrayList::grow@37 (line 238)
                      ; - java.util.ArrayList::grow@7 (line 245)
                      ; - java.util.ArrayList::add@7 (line 484)
                      ; - java.util.ArrayList::add@20 (line 497)
                      ; - refdiff.parsers.universal.common.Tokenizer::tokenize@141 (line 34)
                      ;   {runtime_call _new_array_Java}
  0x0000000114c47460: 48ff eb97 

  0x0000000114c47464: ;   {other}
  0x0000000114c47464: 1f20 03d5 | 9fda 81f2 | 1fa0 82f2 | ee03 00aa | eb4f 40b9 | b8fe ff17 | 2101 8012 

  0x0000000114c47480: ; ImmutableOopMap {}
                      ;*invokevirtual getChildCount {reexecute=0 rethrow=0 return_oop=0}
                      ; - refdiff.parsers.universal.common.Tokenizer::tokenize@108 (line 31)
                      ;   {runtime_call UncommonTrapBlob}
  0x0000000114c47480: c09e e897 

  0x0000000114c47484: ;   {other}
  0x0000000114c47484: 1f20 03d5 | 9fde 81f2 | 1fc0 82f2 | eb0b 40f9 | eb03 00f9 | fd07 40f9 | eb0f 40f9 | eb07 00f9 
  0x0000000114c474a4: eb13 40f9 | eb0b 00f9 | ee2f 4529 | 6103 8012 | ee2f 0329 | ec27 00b9 | ed1b 00f9 | f333 0729 
  0x0000000114c474c4: ea23 00f9 

  0x0000000114c474c8: ; ImmutableOopMap {rfp=Oop [0]=Oop [8]=Oop [16]=Oop [48]=Oop [64]=Oop }
                      ;*aastore {reexecute=1 rethrow=0 return_oop=0}
                      ; - (reexecute) java.util.ArrayList::add@14 (line 485)
                      ; - java.util.ArrayList::add@20 (line 497)
                      ; - refdiff.parsers.universal.common.Tokenizer::tokenize@141 (line 34)
                      ;   {runtime_call UncommonTrapBlob}
  0x0000000114c474c8: ae9e e897 

  0x0000000114c474cc: ;   {other}
  0x0000000114c474cc: 1f20 03d5 | 9fe7 81f2 | 1fe0 82f2 | eb0b 40f9 | eb03 00f9 | fd07 40f9 | eb0f 40f9 | eb07 00f9 
  0x0000000114c474ec: eb13 40f9 | eb0b 00f9 | ee2f 4529 | 2105 8012 | ee2f 0329 | ec27 00b9 | ed1b 00f9 | f333 0729 
  0x0000000114c4750c: ea23 00f9 

  0x0000000114c47510: ; ImmutableOopMap {rfp=Oop [0]=Oop [8]=Oop [16]=Oop [48]=Oop [64]=Oop }
                      ;*aastore {reexecute=1 rethrow=0 return_oop=0}
                      ; - (reexecute) java.util.ArrayList::add@14 (line 485)
                      ; - java.util.ArrayList::add@20 (line 497)
                      ; - refdiff.parsers.universal.common.Tokenizer::tokenize@141 (line 34)
                      ;   {runtime_call UncommonTrapBlob}
  0x0000000114c47510: 9c9e e897 

  0x0000000114c47514: ;   {other}
  0x0000000114c47514: 1f20 03d5 | 9ff0 81f2 | 1f00 83f2 | eb07 40f9 | eb03 00f9 | eb0b 40f9 | fd0f 148b | 2111 8012 
  0x0000000114c47534: ebb7 00a9 | ef0f 00f9 | eacf 0429 | ec2f 00b9 

  0x0000000114c47544: ; ImmutableOopMap {rfp=Oop [0]=Oop [8]=Oop [16]=Oop [24]=Oop }
                      ;*if_icmpge {reexecute=1 rethrow=0 return_oop=0}
                      ; - (reexecute) refdiff.parsers.universal.common.Tokenizer::tokenize@89 (line 29)
                      ;   {runtime_call UncommonTrapBlob}
  0x0000000114c47544: 8f9e e897 

  0x0000000114c47548: ;   {other}
  0x0000000114c47548: 1f20 03d5 | 1ff7 81f2 | 1f20 83f2 | ea0b 40f9 | ea03 00f9 | fd07 40f9 | ea0f 40f9 | ea07 00f9 
  0x0000000114c47568: ea13 40f9 | ea0b 00f9 | ea2f 40b9 | ea1f 00b9 | eb2b 40b9 | ea23 40f9 | 4117 8012 | eb1b 00b9 
  0x0000000114c47588: ea17 00f9 | e033 00b9 

  0x0000000114c47590: ; ImmutableOopMap {rfp=Oop [0]=Oop [8]=Oop [16]=Oop [40]=Oop [72]=Oop }
                      ;*ifeq {reexecute=1 rethrow=0 return_oop=0}
                      ; - (reexecute) org.treesitter.TSNode::asserNotNull@4 (line 27)
                      ; - org.treesitter.TSNode::getChildCount@1 (line 38)
                      ; - refdiff.parsers.universal.common.Tokenizer::tokenize@108 (line 31)
                      ;   {runtime_call UncommonTrapBlob}
  0x0000000114c47590: 7c9e e897 

  0x0000000114c47594: ;   {other}
  0x0000000114c47594: 1f20 03d5 | 9f00 82f2 | 1f40 83f2 | ec07 40f9 | 4117 8012 | ec03 00f9 | ebb7 01a9 | ea4f 0529 
  0x0000000114c475b4: ef33 00b9 

  0x0000000114c475b8: ; ImmutableOopMap {rfp=Oop [0]=Oop [24]=Oop [32]=Oop }
                      ;*ifne {reexecute=1 rethrow=0 return_oop=0}
                      ; - (reexecute) org.treesitter.TSQueryCursor::assertExecuted@4 (line 165)
                      ; - org.treesitter.TSQueryCursor::nextMatch@1 (line 134)
                      ; - refdiff.parsers.universal.common.Tokenizer::tokenize@60 (line 27)
                      ;   {runtime_call UncommonTrapBlob}
  0x0000000114c475b8: 729e e897 

  0x0000000114c475bc: ;   {other}
  0x0000000114c475bc: 1f20 03d5 | 9f05 82f2 | 1f60 83f2 | f803 0f2a | f703 0daa | e103 1caa | c900 0010 

  0x0000000114c475d8: ;   {runtime_call G1BarrierSetRuntime::write_ref_field_pre_entry(oopDesc*, JavaThread*)}
  0x0000000114c475d8: 0866 9fd2 | 6882 a0f2 | 2800 c0f2 | ff27 bfa9 | 0001 3fd6 

  0x0000000114c475ec: ;   {other}
  0x0000000114c475ec: 1f20 03d5 | 1f00 80f2 | 1f00 80f2 | ff43 0091 | f603 132a | f303 162a | ed03 17aa | ef03 182a 
  0x0000000114c4760c: dbfd ff17 | ea0b 40f9 | ea03 00f9 | fd07 40f9 | ea0f 40f9 | ea07 00f9 | ea13 40f9 | ea0b 00f9 
  0x0000000114c4762c: ea2f 40b9 | ea1f 00b9 | eb2b 40b9 | ea23 40f9 | 4117 8012 | eb1b 00b9 | ea17 00f9 | e033 00b9 
  0x0000000114c4764c: ; ImmutableOopMap {rfp=Oop [0]=Oop [8]=Oop [16]=Oop [40]=Oop [72]=Oop }
                      ;*ifeq {reexecute=1 rethrow=0 return_oop=0}
                      ; - (reexecute) org.treesitter.TSNode::asserNotNull@4 (line 27)
                      ; - org.treesitter.TSNode::getStartByte@1 (line 190)
                      ; - refdiff.parsers.universal.common.Tokenizer::tokenize@116 (line 32)
                      ;   {runtime_call UncommonTrapBlob}
  0x0000000114c4764c: 4d9e e897 

  0x0000000114c47650: ;   {other}
  0x0000000114c47650: 1f20 03d5 | 1f18 82f2 | 1f80 83f2 | ea0b 40f9 | ea03 00f9 | fd07 40f9 | ea0f 40f9 | ea07 00f9 
  0x0000000114c47670: ea13 40f9 | ea0b 00f9 | ea2b 40b9 | ea1b 00b9 | ebab 4529 | ebab 0329 | ebab 4629 | 4117 8012 
  0x0000000114c47690: e027 00b9 | eb2b 0629 

  0x0000000114c47698: ; ImmutableOopMap {rfp=Oop [0]=Oop [8]=Oop [16]=Oop [64]=Oop [72]=Oop }
                      ;*ifeq {reexecute=1 rethrow=0 return_oop=0}
                      ; - (reexecute) org.treesitter.TSNode::asserNotNull@4 (line 27)
                      ; - org.treesitter.TSNode::getEndByte@1 (line 200)
                      ; - refdiff.parsers.universal.common.Tokenizer::tokenize@123 (line 33)
                      ;   {runtime_call UncommonTrapBlob}
  0x0000000114c47698: 3a9e e897 

  0x0000000114c4769c: ;   {other}
  0x0000000114c4769c: 1f20 03d5 | 9f21 82f2 | 1fa0 83f2 | 0b2c 40b9 | 60f1 7dd3 | 40a0 ffb4 | 8a17 40f9 | ea16 00b4 
  0x0000000114c476bc: 8b1b 40f9 | 4c21 00d1 | 6a01 0a8b | 4081 1ff8 | 8c17 00f9 | fafc ff17 | 8a2f 44a9 | bf3b 03d5 
  0x0000000114c476dc: 0d00 c039 | 8da0 ff34 | 1f00 0039 | aa01 00b5 | e103 1caa | c900 0010 

  0x0000000114c476f4: ;   {runtime_call G1BarrierSetRuntime::write_ref_field_post_entry(unsigned char volatile*, JavaThread*)}
  0x0000000114c476f4: 086b 9fd2 | 6882 a0f2 | 2800 c0f2 | ff27 bfa9 | 0001 3fd6 

  0x0000000114c47708: ;   {other}
  0x0000000114c47708: 1f20 03d5 | 1f00 80f2 | 1f00 80f2 | ff43 0091 | f6fc ff17 | 4c21 00d1 | 6a01 0a8b | 4081 1ff8 
  0x0000000114c47728: 8c23 00f9 | f1fc ff17 | 8a2f 44a9 | bf3b 03d5 | 0d00 c039 | edd0 ff34 | 1f00 0039 | aa01 00b5 
  0x0000000114c47748: e103 1caa | c900 0010 

  0x0000000114c47750: ;   {runtime_call G1BarrierSetRuntime::write_ref_field_post_entry(unsigned char volatile*, JavaThread*)}
  0x0000000114c47750: 086b 9fd2 | 6882 a0f2 | 2800 c0f2 | ff27 bfa9 | 0001 3fd6 

  0x0000000114c47764: ;   {other}
  0x0000000114c47764: 1f20 03d5 | 1f00 80f2 | 1f00 80f2 | ff43 0091 | 79fe ff17 | 4c21 00d1 | 6a01 0a8b | 4081 1ff8 
  0x0000000114c47784: 8c23 00f9 | 74fe ff17 

  0x0000000114c4778c: ;   {oop(a 'java/lang/Object'[0] {0x0000000700533450})}
  0x0000000114c4778c: 1d8a 86d2 | 7d0a a0f2 | fd00 c0f2 | ec03 0032 | ee03 1f2a | ed03 1f2a | 42fe ff17 

  0x0000000114c477a8: ;   {metadata('org/treesitter/TSQuery')}
  0x0000000114c477a8: 01ed 96d2 | 2121 a0f2 | 8101 c0f2 

  0x0000000114c477b4: ; ImmutableOopMap {rfp=Oop [0]=Oop [8]=Oop }
                      ;*new {reexecute=0 rethrow=0 return_oop=1}
                      ; - refdiff.parsers.universal.common.Tokenizer::tokenize@3 (line 20)
                      ;   {runtime_call _new_instance_Java}
  0x0000000114c477b4: 7308 ec97 

  0x0000000114c477b8: ;   {other}
  0x0000000114c477b8: 1f20 03d5 | 1f45 82f2 | 1fc0 83f2 | 67fc ff17 | e00b 00f9 

  0x0000000114c477cc: ;   {metadata('org/treesitter/TSQuery$TSQueryCleanRunner')}
  0x0000000114c477cc: 013e 97d2 | 2121 a0f2 | 8101 c0f2 

  0x0000000114c477d8: ; ImmutableOopMap {rfp=Oop [0]=Oop [8]=Oop }
                      ;*new {reexecute=0 rethrow=0 return_oop=1}
                      ; - org.treesitter.TSQuery::<init>@10 (line 23)
                      ; - org.treesitter.TSQuery::<init>@9 (line 40)
                      ; - refdiff.parsers.universal.common.Tokenizer::tokenize@9 (line 20)
                      ;   {runtime_call _new_instance_Java}
  0x0000000114c477d8: 6a08 ec97 

  0x0000000114c477dc: ;   {other}
  0x0000000114c477dc: 1f20 03d5 | 9f49 82f2 | 1fe0 83f2 | e203 00aa | e00b 40f9 | 76fc ff17 

  0x0000000114c477f4: ;   {metadata('org/treesitter/TSQueryCursor')}
  0x0000000114c477f4: 0182 97d2 | 2121 a0f2 | 8101 c0f2 

  0x0000000114c47800: ; ImmutableOopMap {rfp=Oop [0]=Oop [8]=Oop }
                      ;*new {reexecute=0 rethrow=0 return_oop=1}
                      ; - refdiff.parsers.universal.common.Tokenizer::tokenize@14 (line 21)
                      ;   {runtime_call _new_instance_Java}
  0x0000000114c47800: 6008 ec97 

  0x0000000114c47804: ;   {other}
  0x0000000114c47804: 1f20 03d5 | 9f4e 82f2 | 1f00 84f2 | 83fc ff17 | e00f 00f9 

  0x0000000114c47818: ;   {metadata('org/treesitter/TSQueryCursor$TSQueryCursorCleanAction')}
  0x0000000114c47818: 01cd 97d2 | 2121 a0f2 | 8101 c0f2 

  0x0000000114c47824: ; ImmutableOopMap {rfp=Oop [0]=Oop [8]=Oop [16]=Oop }
                      ;*new {reexecute=0 rethrow=0 return_oop=1}
                      ; - org.treesitter.TSQueryCursor::<init>@15 (line 30)
                      ; - org.treesitter.TSQueryCursor::<init>@4 (line 57)
                      ; - refdiff.parsers.universal.common.Tokenizer::tokenize@18 (line 21)
                      ;   {runtime_call _new_instance_Java}
  0x0000000114c47824: 5708 ec97 

  0x0000000114c47828: ;   {other}
  0x0000000114c47828: 1f20 03d5 | 1f53 82f2 | 1f20 84f2 | e203 00aa | e00f 40f9 | 8efc ff17 

  0x0000000114c47840: ;   {metadata('org/treesitter/TSQueryMatch')}
  0x0000000114c47840: 017c 98d2 | 2121 a0f2 | 8101 c0f2 

  0x0000000114c4784c: ; ImmutableOopMap {[8]=Oop [16]=Oop }
                      ;*new {reexecute=0 rethrow=0 return_oop=1}
                      ; - refdiff.parsers.universal.common.Tokenizer::tokenize@38 (line 24)
                      ;   {runtime_call _new_instance_Java}
  0x0000000114c4784c: 4d08 ec97 

  0x0000000114c47850: ;   {other}
  0x0000000114c47850: 1f20 03d5 | 1f58 82f2 | 1f40 84f2 | bffc ff17 | ec37 0029 | ee1b 00b9 

  0x0000000114c47868: ;   {metadata('refdiff/core/cst/TokenizedSource')}
  0x0000000114c47868: 01f3 9ad2 | 2121 a0f2 | 8101 c0f2 

  0x0000000114c47874: ; ImmutableOopMap {rfp=Oop [8]=Oop }
                      ;*new {reexecute=0 rethrow=0 return_oop=1}
                      ; - refdiff.parsers.universal.common.Tokenizer::tokenize@156 (line 38)
                      ;   {runtime_call _new_instance_Java}
  0x0000000114c47874: 4308 ec97 

  0x0000000114c47878: ;   {other}
  0x0000000114c47878: 1f20 03d5 | 1f5d 82f2 | 1f60 84f2 | 19fe ff17 | ea03 01aa | 8b09 00d1 | 6821 00f1 | 4300 0054 
  0x0000000114c47898: ;   {runtime_call StubRoutines (final stubs)}
  0x0000000114c47898: 6a9f e897 | 6b00 1036 | 5f7d 81a8 | 5f7d 81a8 | 4b00 0836 | 5f7d 81a8 | 4b00 0036 | 5f01 00f9 
  0x0000000114c478b8: bafd ff17 | ea0b 40f9 | ea03 00f9 | fd07 40f9 | ea0f 40f9 | ea07 00f9 | ea13 40f9 | ea0b 00f9 
  0x0000000114c478d8: ea2b 40b9 | ea1b 00b9 | ea1b 40f9 | ea13 00f9 | eb2f 40b9 | ea3f 40b9 | 2106 8012 | eb1f 00b9 
  0x0000000114c478f8: ea4f 0529 | f02b 00f9 

  0x0000000114c47900: ; ImmutableOopMap {rfp=Oop [0]=Oop [8]=Oop [16]=Oop [32]=Oop [64]=Oop [80]=Oop }
                      ;*invokestatic copyOf {reexecute=1 rethrow=0 return_oop=0}
                      ; - (reexecute) java.util.Arrays::copyOf@6 (line 3481)
                      ; - java.util.ArrayList::grow@37 (line 238)
                      ; - java.util.ArrayList::grow@7 (line 245)
                      ; - java.util.ArrayList::add@7 (line 484)
                      ; - java.util.ArrayList::add@20 (line 497)
                      ; - refdiff.parsers.universal.common.Tokenizer::tokenize@141 (line 34)
                      ;   {runtime_call UncommonTrapBlob}
  0x0000000114c47900: a09d e897 

  0x0000000114c47904: ;   {other}
  0x0000000114c47904: 1f20 03d5 | 9f6e 82f2 | 1f80 84f2 | ea07 40f9 | ea03 00f9 | ea0b 40f9 | ea07 00f9 | ea0f 40f9 
  0x0000000114c47924: ea0b 00f9 | ea13 40f9 | ea0f 00f9 | ea2b 40b9 | ea23 00b9 | eb2f 40b9 | ea1b 40f9 | 4118 8012 
  0x0000000114c47944: eb27 00b9 | ea17 00f9 

  0x0000000114c4794c: ; ImmutableOopMap {[0]=Oop [8]=Oop [16]=Oop [24]=Oop [40]=Oop [64]=Oop }
                      ;*if_icmpge {reexecute=1 rethrow=0 return_oop=0}
                      ; - (reexecute) jdk.internal.util.ArraysSupport::newLength@10 (line 741)
                      ; - java.util.ArrayList::grow@27 (line 235)
                      ; - java.util.ArrayList::grow@7 (line 245)
                      ; - java.util.ArrayList::add@7 (line 484)
                      ; - java.util.ArrayList::add@20 (line 497)
                      ; - refdiff.parsers.universal.common.Tokenizer::tokenize@141 (line 34)
                      ;   {runtime_call UncommonTrapBlob}
  0x0000000114c4794c: 8d9d e897 

  0x0000000114c47950: ;   {other}
  0x0000000114c47950: 1f20 03d5 | 1f78 82f2 | 1fa0 84f2 | 2101 8012 

  0x0000000114c47960: ; ImmutableOopMap {rfp=Oop }
                      ;*invokevirtual setTree {reexecute=0 rethrow=0 return_oop=0}
                      ; - org.treesitter.TSTree::getRootNode@10 (line 60)
                      ; - refdiff.parsers.universal.common.Tokenizer::tokenize@24 (line 22)
                      ;   {runtime_call UncommonTrapBlob}
  0x0000000114c47960: 889d e897 

  0x0000000114c47964: ;   {other}
  0x0000000114c47964: 1f20 03d5 | 9f7a 82f2 | 1fc0 84f2 | 2111 8012 

  0x0000000114c47974: ; ImmutableOopMap {rfp=Oop [8]=Oop }
                      ;*if_icmpge {reexecute=1 rethrow=0 return_oop=0}
                      ; - (reexecute) refdiff.core.cst.TokenizedSource::<init>@33 (line 15)
                      ; - refdiff.parsers.universal.common.Tokenizer::tokenize@163 (line 38)
                      ;   {runtime_call UncommonTrapBlob}
  0x0000000114c47974: 839d e897 

  0x0000000114c47978: ;   {other}
  0x0000000114c47978: 1f20 03d5 | 1f7d 82f2 | 1fe0 84f2 | ef03 40b9 | 54fe ff17 | ef03 1f2a | 88fe ff17 | e103 1caa 
  0x0000000114c47998: c900 0010 

  0x0000000114c4799c: ;   {runtime_call G1BarrierSetRuntime::write_ref_field_pre_entry(oopDesc*, JavaThread*)}
  0x0000000114c4799c: 0866 9fd2 | 6882 a0f2 | 2800 c0f2 | ff27 bfa9 | 0001 3fd6 

  0x0000000114c479b0: ;   {other}
  0x0000000114c479b0: 1f20 03d5 | 1f00 80f2 | 1f00 80f2 | ff43 0091 | 3efc ff17 | eb07 40f9 | 4117 8012 | eb03 00f9 
  0x0000000114c479d0: ea83 01a9 

  0x0000000114c479d4: ; ImmutableOopMap {[0]=Oop [24]=Oop [32]=Oop }
                      ;*ifne {reexecute=1 rethrow=0 return_oop=0}
                      ; - (reexecute) org.treesitter.TSQueryCursor::assertExecuted@4 (line 165)
                      ; - org.treesitter.TSQueryCursor::nextMatch@1 (line 134)
                      ; - refdiff.parsers.universal.common.Tokenizer::tokenize@60 (line 27)
                      ;   {runtime_call UncommonTrapBlob}
  0x0000000114c479d4: 6b9d e897 

  0x0000000114c479d8: ;   {other}
  0x0000000114c479d8: 1f20 03d5 | 1f89 82f2 | 1f00 85f2 | ea03 0f2a | ec1f 00b9 | f313 00f9 | 73fe ff17 | ea03 0f2a 
  0x0000000114c479f8: ec13 00b9 | f313 00f9 | 0900 0014 | ef05 0011 | 0400 0014 | f103 05aa | 0200 0014 | ef03 1f2a 
  0x0000000114c47a18: ea03 0f2a | ec13 00b9 | f313 00f9 | 2104 8012 | ea03 00b9 | f107 00f9 

  0x0000000114c47a30: ; ImmutableOopMap {rfp=Oop [8]=Oop [32]=Oop }
                      ;*checkcast {reexecute=0 rethrow=0 return_oop=0}
                      ; - refdiff.core.cst.TokenizedSource::<init>@43 (line 16)
                      ; - refdiff.parsers.universal.common.Tokenizer::tokenize@163 (line 38)
                      ;   {runtime_call UncommonTrapBlob}
  0x0000000114c47a30: 549d e897 

  0x0000000114c47a34: ;   {other}
  0x0000000114c47a34: 1f20 03d5 | 9f94 82f2 | 1f20 85f2 | 2101 8012 | fd03 0e2a 

  0x0000000114c47a48: ; ImmutableOopMap {}
                      ;*iastore {reexecute=0 rethrow=0 return_oop=0}
                      ; - refdiff.core.cst.TokenizedSource::<init>@60 (line 17)
                      ; - refdiff.parsers.universal.common.Tokenizer::tokenize@163 (line 38)
                      ;   {runtime_call UncommonTrapBlob}
  0x0000000114c47a48: 4e9d e897 

  0x0000000114c47a4c: ;   {other}
  0x0000000114c47a4c: 1f20 03d5 | 9f97 82f2 | 1f40 85f2 | 2101 8012 

  0x0000000114c47a5c: ; ImmutableOopMap {}
                      ;*arraylength {reexecute=0 rethrow=0 return_oop=0}
                      ; - refdiff.parsers.universal.common.Tokenizer::tokenize@79 (line 29)
                      ;   {runtime_call UncommonTrapBlob}
  0x0000000114c47a5c: 499d e897 

  0x0000000114c47a60: ;   {other}
  0x0000000114c47a60: 1f20 03d5 | 1f9a 82f2 | 1f60 85f2 | 2101 8012 

  0x0000000114c47a70: ; ImmutableOopMap {}
                      ;*invokevirtual getNode {reexecute=0 rethrow=0 return_oop=0}
                      ; - refdiff.parsers.universal.common.Tokenizer::tokenize@101 (line 30)
                      ;   {runtime_call UncommonTrapBlob}
  0x0000000114c47a70: 449d e897 

  0x0000000114c47a74: ;   {other}
  0x0000000114c47a74: 1f20 03d5 | 9f9c 82f2 | 1f80 85f2 | 2101 8012 

  0x0000000114c47a84: ; ImmutableOopMap {}
                      ;*invokevirtual getPtr {reexecute=0 rethrow=0 return_oop=0}
                      ; - org.treesitter.TSQuery::<init>@2 (line 40)
                      ; - refdiff.parsers.universal.common.Tokenizer::tokenize@9 (line 20)
                      ;   {runtime_call UncommonTrapBlob}
  0x0000000114c47a84: 3f9d e897 

  0x0000000114c47a88: ;   {other}
  0x0000000114c47a88: 1f20 03d5 | 1f9f 82f2 | 1fa0 85f2 | 2101 8012 

  0x0000000114c47a98: ; ImmutableOopMap {}
                      ;*invokevirtual getRootNode {reexecute=0 rethrow=0 return_oop=0}
                      ; - refdiff.parsers.universal.common.Tokenizer::tokenize@24 (line 22)
                      ;   {runtime_call UncommonTrapBlob}
  0x0000000114c47a98: 3a9d e897 

  0x0000000114c47a9c: ;   {other}
  0x0000000114c47a9c: 1f20 03d5 | 9fa1 82f2 | 1fc0 85f2 | ef03 1f2a | 35fe ff17 | ea03 0f2a | ec0b 00b9 | f30b 00f9 
  0x0000000114c47abc: 34fe ff17 | e103 00aa | 2b00 0014 | e103 00aa | 2900 0014 | e103 00aa | 2700 0014 | e103 00aa 
  0x0000000114c47adc: 2500 0014 | 1500 0014 | e103 00aa | 2200 0014 | 0100 0014 | e103 00aa | 1f00 0014 | e103 00aa 
  0x0000000114c47afc: 1d00 0014 | e103 00aa | 1b00 0014 | e103 00aa | 1900 0014 | e103 00aa | 1700 0014 | e103 00aa 
  0x0000000114c47b1c: 1500 0014 | e103 00aa | 1300 0014 | e103 00aa | 1100 0014 | 0100 0014 | e103 00aa | 0e00 0014 
  0x0000000114c47b3c: e103 00aa | 0c00 0014 | e103 00aa | 0a00 0014 | e103 00aa | 0800 0014 | e103 00aa | 0600 0014 
  0x0000000114c47b5c: e103 00aa | 0400 0014 | e103 00aa | 0200 0014 | e103 00aa | fd7b 47a9 | ff03 0291 

  0x0000000114c47b78: ;   {runtime_call _rethrow_Java}
  0x0000000114c47b78: 2209 ec17 

  0x0000000114c47b7c: ;   {internal_word}
  0x0000000114c47b7c: 68be ff10 | 883b 02f9 

  0x0000000114c47b84: ;   {runtime_call SafepointBlob}
  0x0000000114c47b84: 5f9b e817 

  0x0000000114c47b88: ;   {runtime_call StubRoutines (final stubs)}
  0x0000000114c47b88: 0830 83d2 | e88c a2f2 | 2800 c0f2 | 0001 3fd6 | 63fb ff17 

  0x0000000114c47b9c: ;   {other}
  0x0000000114c47b9c: 0100 0000 
[Stub Code]
  0x0000000114c47ba0: ;   {no_reloc}
  0x0000000114c47ba0: 4800 0058 | 0001 1fd6 | 807c c414 | 0100 0000 

  0x0000000114c47bb0: ;   {trampoline_stub}
  0x0000000114c47bb0: 4800 0058 | 0001 1fd6 | c086 3b0d | 0100 0000 

  0x0000000114c47bc0: ;   {trampoline_stub}
  0x0000000114c47bc0: 4800 0058 | 0001 1fd6 | 407d c414 | 0100 0000 

  0x0000000114c47bd0: ;   {trampoline_stub}
  0x0000000114c47bd0: 4800 0058 | 0001 1fd6 | c086 3b0d | 0100 0000 

  0x0000000114c47be0: ;   {trampoline_stub}
  0x0000000114c47be0: 4800 0058 | 0001 1fd6 | 607d c414 | 0100 0000 

  0x0000000114c47bf0: ;   {trampoline_stub}
  0x0000000114c47bf0: 4800 0058 | 0001 1fd6 | 807d c414 | 0100 0000 

  0x0000000114c47c00: ;   {trampoline_stub}
  0x0000000114c47c00: 4800 0058 | 0001 1fd6 | 50f2 c014 | 0100 0000 

  0x0000000114c47c10: ;   {trampoline_stub}
  0x0000000114c47c10: 4800 0058 | 0001 1fd6 | 50f2 c014 | 0100 0000 

  0x0000000114c47c20: ;   {trampoline_stub}
  0x0000000114c47c20: 4800 0058 | 0001 1fd6 | 50df c014 | 0100 0000 

  0x0000000114c47c30: ;   {trampoline_stub}
  0x0000000114c47c30: 4800 0058 | 0001 1fd6 | 50ea c014 | 0100 0000 

  0x0000000114c47c40: ;   {trampoline_stub}
  0x0000000114c47c40: 4800 0058 | 0001 1fd6 | 50df c014 | 0100 0000 

  0x0000000114c47c50: ;   {trampoline_stub}
  0x0000000114c47c50: 4800 0058 | 0001 1fd6 | 50e6 c014 | 0100 0000 

  0x0000000114c47c60: ;   {trampoline_stub}
  0x0000000114c47c60: 4800 0058 | 0001 1fd6 | 50df c014 | 0100 0000 

  0x0000000114c47c70: ;   {trampoline_stub}
  0x0000000114c47c70: 4800 0058 | 0001 1fd6 | 50ee c014 | 0100 0000 

  0x0000000114c47c80: ;   {static_stub}
  0x0000000114c47c80: df3f 03d5 

  0x0000000114c47c84: ;   {metadata({method} {0x000000012356e9c8} 'ts_query_new' '(JLjava/lang/String;)J' in 'org/treesitter/TSParser')}
  0x0000000114c47c84: 0c39 9dd2 | cc6a a4f2 | 2c00 c0f2 | 885a 8ed2 | 288d a2f2 | 2800 c0f2 | 0001 1fd6 

  0x0000000114c47ca0: ;   {static_stub}
  0x0000000114c47ca0: df3f 03d5 

  0x0000000114c47ca4: ;   {metadata({method} {0x0000000123574060} 'register' '(Ljava/lang/Object;Ljava/lang/Runnable;)V' in 'org/treesitter/CleanerRunner')}
  0x0000000114c47ca4: 0c0c 88d2 | ec6a a4f2 | 2c00 c0f2 | 88ba 9ad2 | c88c a2f2 | 2800 c0f2 | 0001 1fd6 

  0x0000000114c47cc0: ;   {static_stub}
  0x0000000114c47cc0: df3f 03d5 

  0x0000000114c47cc4: ;   {metadata(nullptr)}
  0x0000000114c47cc4: 0c00 80d2 | 0c00 a0f2 | 0c00 c0f2 | 0800 80d2 | 0800 a0f2 | 0800 c0f2 | 0001 1fd6 

  0x0000000114c47ce0: ;   {static_stub}
  0x0000000114c47ce0: df3f 03d5 

  0x0000000114c47ce4: ;   {metadata(nullptr)}
  0x0000000114c47ce4: 0c00 80d2 | 0c00 a0f2 | 0c00 c0f2 | 0800 80d2 | 0800 a0f2 | 0800 c0f2 | 0001 1fd6 

  0x0000000114c47d00: ;   {static_stub}
  0x0000000114c47d00: df3f 03d5 

  0x0000000114c47d04: ;   {metadata(nullptr)}
  0x0000000114c47d04: 0c00 80d2 | 0c00 a0f2 | 0c00 c0f2 | 0800 80d2 | 0800 a0f2 | 0800 c0f2 | 0001 1fd6 

  0x0000000114c47d20: ;   {static_stub}
  0x0000000114c47d20: df3f 03d5 

  0x0000000114c47d24: ;   {metadata(nullptr)}
  0x0000000114c47d24: 0c00 80d2 | 0c00 a0f2 | 0c00 c0f2 | 0800 80d2 | 0800 a0f2 | 0800 c0f2 | 0001 1fd6 

  0x0000000114c47d40: ;   {static_stub}
  0x0000000114c47d40: df3f 03d5 

  0x0000000114c47d44: ;   {metadata({method} {0x000000012356f3c8} 'ts_query_cursor_new' '()J' in 'org/treesitter/TSParser')}
  0x0000000114c47d44: 0c79 9ed2 | cc6a a4f2 | 2c00 c0f2 | 080a 80d2 | 688c a2f2 | 2800 c0f2 | 0001 1fd6 

  0x0000000114c47d60: ;   {static_stub}
  0x0000000114c47d60: df3f 03d5 

  0x0000000114c47d64: ;   {metadata({method} {0x000000012356c588} 'ts_tree_root_node' '(J)Lorg/treesitter/TSNode;' in 'org/treesitter/TSParser')}
  0x0000000114c47d64: 0cb1 98d2 | cc6a a4f2 | 2c00 c0f2 | 885a 80d2 | a88c a2f2 | 2800 c0f2 | 0001 1fd6 

  0x0000000114c47d80: ;   {static_stub}
  0x0000000114c47d80: df3f 03d5 

  0x0000000114c47d84: ;   {metadata({method} {0x000000012356f508} 'ts_query_cursor_exec' '(JJLorg/treesitter/TSNode;)V' in 'org/treesitter/TSParser')}
  0x0000000114c47d84: 0ca1 9ed2 | cc6a a4f2 | 2c00 c0f2 | 08ab 8fd2 | 288d a2f2 | 2800 c0f2 | 0001 1fd6 

  0x0000000114c47da0: ;   {static_stub}
  0x0000000114c47da0: df3f 03d5 

  0x0000000114c47da4: ;   {metadata(nullptr)}
  0x0000000114c47da4: 0c00 80d2 | 0c00 a0f2 | 0c00 c0f2 | 0800 80d2 | 0800 a0f2 | 0800 c0f2 | 0001 1fd6 
[Exception Handler]
  0x0000000114c47dc0: ;   {runtime_call ExceptionBlob}
  0x0000000114c47dc0: d0e5 eb17 
[Deopt Handler Code]
  0x0000000114c47dc4: 1e00 0010 

  0x0000000114c47dc8: ;   {runtime_call DeoptimizationBlob}
  0x0000000114c47dc8: 9e9b e817 | 0000 0000 
[/MachCode]


---------------  P R O C E S S  ---------------

Threads class SMR info:
_java_thread_list=0x0000600002a96d40, length=13, elements={
0x000000015401fc00, 0x0000000155819e00, 0x0000000155815000, 0x0000000155815800,
0x0000000155816000, 0x0000000155816800, 0x000000015581a600, 0x000000015480f800,
0x0000000156010200, 0x000000015600d400, 0x000000015416fc00, 0x00000001559a2200,
0x000000015423d200
}

Java Threads: ( => current thread )
=>0x000000015401fc00 JavaThread "main"                              [_thread_in_native, id=8451, stack(0x000000016d698000,0x000000016d89b000) (2060K)]
  0x0000000155819e00 JavaThread "Reference Handler"          daemon [_thread_blocked, id=30211, stack(0x000000016e810000,0x000000016ea13000) (2060K)]
  0x0000000155815000 JavaThread "Finalizer"                  daemon [_thread_blocked, id=29699, stack(0x000000016ea1c000,0x000000016ec1f000) (2060K)]
  0x0000000155815800 JavaThread "Signal Dispatcher"          daemon [_thread_blocked, id=29443, stack(0x000000016ec28000,0x000000016ee2b000) (2060K)]
  0x0000000155816000 JavaThread "Service Thread"             daemon [_thread_blocked, id=25603, stack(0x000000016ee34000,0x000000016f037000) (2060K)]
  0x0000000155816800 JavaThread "Monitor Deflation Thread"   daemon [_thread_blocked, id=26115, stack(0x000000016f040000,0x000000016f243000) (2060K)]
  0x000000015581a600 JavaThread "C2 CompilerThread0"         daemon [_thread_blocked, id=26371, stack(0x000000016f24c000,0x000000016f44f000) (2060K)]
  0x000000015480f800 JavaThread "C1 CompilerThread0"         daemon [_thread_blocked, id=26883, stack(0x000000016f458000,0x000000016f65b000) (2060K)]
  0x0000000156010200 JavaThread "Notification Thread"        daemon [_thread_blocked, id=28675, stack(0x000000016f664000,0x000000016f867000) (2060K)]
  0x000000015600d400 JavaThread "Common-Cleaner"             daemon [_thread_blocked, id=28163, stack(0x000000016f870000,0x000000016fa73000) (2060K)]
  0x000000015416fc00 JavaThread "process reaper"             daemon [_thread_blocked, id=27907, stack(0x000000016fa7c000,0x000000016fab3000) (220K)]
  0x00000001559a2200 JavaThread "Cleaner-0"                  daemon [_thread_blocked, id=33795, stack(0x00000001704f8000,0x00000001706fb000) (2060K)]
  0x000000015423d200 JavaThread "JGit-WorkQueue"             daemon [_thread_blocked, id=41731, stack(0x0000000170704000,0x0000000170907000) (2060K)]
Total: 13

Other Threads:
  0x0000000153e0ed20 VMThread "VM Thread"                           [id=20227, stack(0x000000016e4ec000,0x000000016e6ef000) (2060K)]
  0x0000000153e0c180 WatcherThread "VM Periodic Task Thread"        [id=21251, stack(0x000000016e2e0000,0x000000016e4e3000) (2060K)]
  0x0000000153e07540 WorkerThread "GC Thread#0"                     [id=13827, stack(0x000000016d8a4000,0x000000016daa7000) (2060K)]
  0x00000001550162a0 WorkerThread "GC Thread#1"                     [id=32779, stack(0x000000016fabc000,0x000000016fcbf000) (2060K)]
  0x0000000155016640 WorkerThread "GC Thread#2"                     [id=43267, stack(0x000000016fcc8000,0x000000016fecb000) (2060K)]
  0x0000000155016dd0 WorkerThread "GC Thread#3"                     [id=42755, stack(0x000000016fed4000,0x00000001700d7000) (2060K)]
  0x0000000155017730 WorkerThread "GC Thread#4"                     [id=42243, stack(0x00000001700e0000,0x00000001702e3000) (2060K)]
  0x0000000155018090 WorkerThread "GC Thread#5"                     [id=33283, stack(0x00000001702ec000,0x00000001704ef000) (2060K)]
  0x0000000153e07ce0 ConcurrentGCThread "G1 Main Marker"            [id=13315, stack(0x000000016dab0000,0x000000016dcb3000) (2060K)]
  0x0000000153e08660 WorkerThread "G1 Conc#0"                       [id=12803, stack(0x000000016dcbc000,0x000000016debf000) (2060K)]
  0x00000001540a6e00 ConcurrentGCThread "G1 Refine#0"               [id=16643, stack(0x000000016dec8000,0x000000016e0cb000) (2060K)]
  0x0000000153e0ab80 ConcurrentGCThread "G1 Service"                [id=17155, stack(0x000000016e0d4000,0x000000016e2d7000) (2060K)]
Total: 12

Threads with active compile tasks:
Total: 0

VM state: not at safepoint (normal execution)

VM Mutex/Monitor currently owned by a thread: None

Heap address: 0x0000000700000000, size: 4096 MB, Compressed Oops mode: Zero based, Oop shift amount: 3

CDS archive(s) mapped at: [0x0000000c00000000-0x0000000c00c70000-0x0000000c00c70000), size 13041664, SharedBaseAddress: 0x0000000c00000000, ArchiveRelocationMode: 1.
Compressed class space mapped at: 0x0000000c01000000-0x0000000c41000000, reserved size: 1073741824
Narrow klass base: 0x0000000c00000000, Narrow klass shift: 0, Narrow klass range: 0x100000000

GC Precious Log:
 CardTable entry size: 512
 Card Set container configuration: InlinePtr #cards 4 size 8 Array Of Cards #cards 16 size 48 Howl #buckets 8 coarsen threshold 3686 Howl Bitmap #cards 512 size 80 coarsen threshold 460 Card regions per heap region 1 cards per card region 4096
 CPUs: 8 total, 8 available
 Memory: 16384M
 Large Page Support: Disabled
 NUMA Support: Disabled
 Compressed Oops: Enabled (Zero based)
 Heap Region Size: 2M
 Heap Min Capacity: 8M
 Heap Initial Capacity: 256M
 Heap Max Capacity: 4G
 Pre-touch: Disabled
 Parallel Workers: 8
 Concurrent Workers: 2
 Concurrent Refinement Workers: 8
 Periodic GC: Disabled

Heap:
 garbage-first heap   total reserved 4194304K, committed 276480K, used 82617K [0x0000000700000000, 0x0000000800000000)
  region size 2048K, 5 young (10240K), 4 survivors (8192K)
 Metaspace       used 5708K, committed 5952K, reserved 1114112K
  class space    used 590K, committed 704K, reserved 1048576K

Heap Regions: E=young(eden), S=young(survivor), O=old, HS=humongous(starts), HC=humongous(continues), CS=collection set, F=free, TAMS=top-at-mark-start, PB=parsable bottom
|   0|0x0000000700000000, 0x0000000700200000, 0x0000000700200000|100%| O|  |TAMS 0x0000000700000000| PB 0x0000000700000000| Untracked |  0
|   1|0x0000000700200000, 0x0000000700400000, 0x0000000700400000|100%| O|  |TAMS 0x0000000700200000| PB 0x0000000700200000| Untracked |  0
|   2|0x0000000700400000, 0x0000000700600000, 0x0000000700600000|100%| O|  |TAMS 0x0000000700400000| PB 0x0000000700400000| Untracked |  0
|   3|0x0000000700600000, 0x0000000700800000, 0x0000000700800000|100%| O|  |TAMS 0x0000000700600000| PB 0x0000000700600000| Untracked |  0
|   4|0x0000000700800000, 0x0000000700a00000, 0x0000000700a00000|100%| O|  |TAMS 0x0000000700800000| PB 0x0000000700800000| Untracked |  0
|   5|0x0000000700a00000, 0x0000000700c00000, 0x0000000700c00000|100%| O|  |TAMS 0x0000000700a00000| PB 0x0000000700a00000| Untracked |  0
|   6|0x0000000700c00000, 0x0000000700e00000, 0x0000000700e00000|100%| O|  |TAMS 0x0000000700c00000| PB 0x0000000700c00000| Untracked |  0
|   7|0x0000000700e00000, 0x0000000701000000, 0x0000000701000000|100%| O|  |TAMS 0x0000000700e00000| PB 0x0000000700e00000| Untracked |  0
|   8|0x0000000701000000, 0x0000000701200000, 0x0000000701200000|100%| O|  |TAMS 0x0000000701000000| PB 0x0000000701000000| Untracked |  0
|   9|0x0000000701200000, 0x0000000701400000, 0x0000000701400000|100%| O|  |TAMS 0x0000000701200000| PB 0x0000000701200000| Untracked |  0
|  10|0x0000000701400000, 0x0000000701600000, 0x0000000701600000|100%| O|  |TAMS 0x0000000701400000| PB 0x0000000701400000| Untracked |  0
|  11|0x0000000701600000, 0x0000000701800000, 0x0000000701800000|100%| O|  |TAMS 0x0000000701600000| PB 0x0000000701600000| Untracked |  0
|  12|0x0000000701800000, 0x0000000701a00000, 0x0000000701a00000|100%| O|  |TAMS 0x0000000701800000| PB 0x0000000701800000| Untracked |  0
|  13|0x0000000701a00000, 0x0000000701c00000, 0x0000000701c00000|100%| O|  |TAMS 0x0000000701a00000| PB 0x0000000701a00000| Untracked |  0
|  14|0x0000000701c00000, 0x0000000701e00000, 0x0000000701e00000|100%| O|  |TAMS 0x0000000701c00000| PB 0x0000000701c00000| Untracked |  0
|  15|0x0000000701e00000, 0x0000000702000000, 0x0000000702000000|100%| O|  |TAMS 0x0000000701e00000| PB 0x0000000701e00000| Untracked |  0
|  16|0x0000000702000000, 0x0000000702200000, 0x0000000702200000|100%| O|  |TAMS 0x0000000702000000| PB 0x0000000702000000| Untracked |  0
|  17|0x0000000702200000, 0x0000000702400000, 0x0000000702400000|100%| O|  |TAMS 0x0000000702200000| PB 0x0000000702200000| Untracked |  0
|  18|0x0000000702400000, 0x0000000702600000, 0x0000000702600000|100%| O|  |TAMS 0x0000000702400000| PB 0x0000000702400000| Untracked |  0
|  19|0x0000000702600000, 0x0000000702800000, 0x0000000702800000|100%| O|  |TAMS 0x0000000702600000| PB 0x0000000702600000| Untracked |  0
|  20|0x0000000702800000, 0x0000000702a00000, 0x0000000702a00000|100%| O|  |TAMS 0x0000000702800000| PB 0x0000000702800000| Untracked |  0
|  21|0x0000000702a00000, 0x0000000702c00000, 0x0000000702c00000|100%| O|  |TAMS 0x0000000702a00000| PB 0x0000000702a00000| Untracked |  0
|  22|0x0000000702c00000, 0x0000000702e00000, 0x0000000702e00000|100%| O|  |TAMS 0x0000000702c00000| PB 0x0000000702c00000| Untracked |  0
|  23|0x0000000702e00000, 0x0000000702e00000, 0x0000000703000000|  0%| F|  |TAMS 0x0000000702e00000| PB 0x0000000702e00000| Untracked |  0
|  24|0x0000000703000000, 0x0000000703000000, 0x0000000703200000|  0%| F|  |TAMS 0x0000000703000000| PB 0x0000000703000000| Untracked |  0
|  25|0x0000000703200000, 0x0000000703200000, 0x0000000703400000|  0%| F|  |TAMS 0x0000000703200000| PB 0x0000000703200000| Untracked |  0
|  26|0x0000000703400000, 0x0000000703400000, 0x0000000703600000|  0%| F|  |TAMS 0x0000000703400000| PB 0x0000000703400000| Untracked |  0
|  27|0x0000000703600000, 0x0000000703600000, 0x0000000703800000|  0%| F|  |TAMS 0x0000000703600000| PB 0x0000000703600000| Untracked |  0
|  28|0x0000000703800000, 0x0000000703a00000, 0x0000000703a00000|100%| O|  |TAMS 0x0000000703800000| PB 0x0000000703800000| Untracked |  0
|  29|0x0000000703a00000, 0x0000000703c00000, 0x0000000703c00000|100%| O|  |TAMS 0x0000000703a00000| PB 0x0000000703a00000| Untracked |  0
|  30|0x0000000703c00000, 0x0000000703c00000, 0x0000000703e00000|  0%| F|  |TAMS 0x0000000703c00000| PB 0x0000000703c00000| Untracked |  0
|  31|0x0000000703e00000, 0x0000000703e00000, 0x0000000704000000|  0%| F|  |TAMS 0x0000000703e00000| PB 0x0000000703e00000| Untracked |  0
|  32|0x0000000704000000, 0x0000000704000000, 0x0000000704200000|  0%| F|  |TAMS 0x0000000704000000| PB 0x0000000704000000| Untracked |  0
|  33|0x0000000704200000, 0x0000000704200000, 0x0000000704400000|  0%| F|  |TAMS 0x0000000704200000| PB 0x0000000704200000| Untracked |  0
|  34|0x0000000704400000, 0x0000000704400000, 0x0000000704600000|  0%| F|  |TAMS 0x0000000704400000| PB 0x0000000704400000| Untracked |  0
|  35|0x0000000704600000, 0x0000000704600000, 0x0000000704800000|  0%| F|  |TAMS 0x0000000704600000| PB 0x0000000704600000| Untracked |  0
|  36|0x0000000704800000, 0x0000000704800000, 0x0000000704a00000|  0%| F|  |TAMS 0x0000000704800000| PB 0x0000000704800000| Untracked |  0
|  37|0x0000000704a00000, 0x0000000704a00000, 0x0000000704c00000|  0%| F|  |TAMS 0x0000000704a00000| PB 0x0000000704a00000| Untracked |  0
|  38|0x0000000704c00000, 0x0000000704c00000, 0x0000000704e00000|  0%| F|  |TAMS 0x0000000704c00000| PB 0x0000000704c00000| Untracked |  0
|  39|0x0000000704e00000, 0x0000000704e00000, 0x0000000705000000|  0%| F|  |TAMS 0x0000000704e00000| PB 0x0000000704e00000| Untracked |  0
|  40|0x0000000705000000, 0x0000000705000000, 0x0000000705200000|  0%| F|  |TAMS 0x0000000705000000| PB 0x0000000705000000| Untracked |  0
|  41|0x0000000705200000, 0x0000000705200000, 0x0000000705400000|  0%| F|  |TAMS 0x0000000705200000| PB 0x0000000705200000| Untracked |  0
|  42|0x0000000705400000, 0x0000000705400000, 0x0000000705600000|  0%| F|  |TAMS 0x0000000705400000| PB 0x0000000705400000| Untracked |  0
|  43|0x0000000705600000, 0x0000000705600000, 0x0000000705800000|  0%| F|  |TAMS 0x0000000705600000| PB 0x0000000705600000| Untracked |  0
|  44|0x0000000705800000, 0x0000000705800000, 0x0000000705a00000|  0%| F|  |TAMS 0x0000000705800000| PB 0x0000000705800000| Untracked |  0
|  45|0x0000000705a00000, 0x0000000705a00000, 0x0000000705c00000|  0%| F|  |TAMS 0x0000000705a00000| PB 0x0000000705a00000| Untracked |  0
|  46|0x0000000705c00000, 0x0000000705c00000, 0x0000000705e00000|  0%| F|  |TAMS 0x0000000705c00000| PB 0x0000000705c00000| Untracked |  0
|  47|0x0000000705e00000, 0x0000000705e00000, 0x0000000706000000|  0%| F|  |TAMS 0x0000000705e00000| PB 0x0000000705e00000| Untracked |  0
|  48|0x0000000706000000, 0x0000000706000000, 0x0000000706200000|  0%| F|  |TAMS 0x0000000706000000| PB 0x0000000706000000| Untracked |  0
|  49|0x0000000706200000, 0x0000000706200000, 0x0000000706400000|  0%| F|  |TAMS 0x0000000706200000| PB 0x0000000706200000| Untracked |  0
|  50|0x0000000706400000, 0x0000000706600000, 0x0000000706600000|100%|HS|  |TAMS 0x0000000706400000| PB 0x0000000706400000| Complete |  0
|  51|0x0000000706600000, 0x0000000706800000, 0x0000000706800000|100%|HS|  |TAMS 0x0000000706600000| PB 0x0000000706600000| Complete |  0
|  52|0x0000000706800000, 0x0000000706800000, 0x0000000706a00000|  0%| F|  |TAMS 0x0000000706800000| PB 0x0000000706800000| Untracked |  0
|  53|0x0000000706a00000, 0x0000000706a00000, 0x0000000706c00000|  0%| F|  |TAMS 0x0000000706a00000| PB 0x0000000706a00000| Untracked |  0
|  54|0x0000000706c00000, 0x0000000706e00000, 0x0000000706e00000|100%| O|  |TAMS 0x0000000706c00000| PB 0x0000000706c00000| Untracked |  0
|  55|0x0000000706e00000, 0x0000000707000000, 0x0000000707000000|100%| O|  |TAMS 0x0000000706e00000| PB 0x0000000706e00000| Untracked |  0
|  56|0x0000000707000000, 0x0000000707200000, 0x0000000707200000|100%| O|  |TAMS 0x0000000707000000| PB 0x0000000707000000| Untracked |  0
|  57|0x0000000707200000, 0x0000000707400000, 0x0000000707400000|100%| O|  |TAMS 0x0000000707200000| PB 0x0000000707200000| Untracked |  0
|  58|0x0000000707400000, 0x0000000707600000, 0x0000000707600000|100%| O|  |TAMS 0x0000000707400000| PB 0x0000000707400000| Untracked |  0
|  59|0x0000000707600000, 0x0000000707800000, 0x0000000707800000|100%| O|  |TAMS 0x0000000707600000| PB 0x0000000707600000| Untracked |  0
|  60|0x0000000707800000, 0x0000000707a00000, 0x0000000707a00000|100%| S|CS|TAMS 0x0000000707800000| PB 0x0000000707800000| Complete |  0
|  61|0x0000000707a00000, 0x0000000707c00000, 0x0000000707c00000|100%| S|CS|TAMS 0x0000000707a00000| PB 0x0000000707a00000| Complete |  0
|  62|0x0000000707c00000, 0x0000000707c00000, 0x0000000707e00000|  0%| F|  |TAMS 0x0000000707c00000| PB 0x0000000707c00000| Untracked |  0
|  63|0x0000000707e00000, 0x0000000707e00000, 0x0000000708000000|  0%| F|  |TAMS 0x0000000707e00000| PB 0x0000000707e00000| Untracked |  0
|  64|0x0000000708000000, 0x0000000708000000, 0x0000000708200000|  0%| F|  |TAMS 0x0000000708000000| PB 0x0000000708000000| Untracked |  0
|  65|0x0000000708200000, 0x0000000708200000, 0x0000000708400000|  0%| F|  |TAMS 0x0000000708200000| PB 0x0000000708200000| Untracked |  0
|  66|0x0000000708400000, 0x0000000708400000, 0x0000000708600000|  0%| F|  |TAMS 0x0000000708400000| PB 0x0000000708400000| Untracked |  0
|  67|0x0000000708600000, 0x0000000708600000, 0x0000000708800000|  0%| F|  |TAMS 0x0000000708600000| PB 0x0000000708600000| Untracked |  0
|  68|0x0000000708800000, 0x0000000708800000, 0x0000000708a00000|  0%| F|  |TAMS 0x0000000708800000| PB 0x0000000708800000| Untracked |  0
|  69|0x0000000708a00000, 0x0000000708a00000, 0x0000000708c00000|  0%| F|  |TAMS 0x0000000708a00000| PB 0x0000000708a00000| Untracked |  0
|  70|0x0000000708c00000, 0x0000000708c00000, 0x0000000708e00000|  0%| F|  |TAMS 0x0000000708c00000| PB 0x0000000708c00000| Untracked |  0
|  71|0x0000000708e00000, 0x0000000708e00000, 0x0000000709000000|  0%| F|  |TAMS 0x0000000708e00000| PB 0x0000000708e00000| Untracked |  0
|  72|0x0000000709000000, 0x0000000709000000, 0x0000000709200000|  0%| F|  |TAMS 0x0000000709000000| PB 0x0000000709000000| Untracked |  0
|  73|0x0000000709200000, 0x0000000709200000, 0x0000000709400000|  0%| F|  |TAMS 0x0000000709200000| PB 0x0000000709200000| Untracked |  0
|  74|0x0000000709400000, 0x0000000709400000, 0x0000000709600000|  0%| F|  |TAMS 0x0000000709400000| PB 0x0000000709400000| Untracked |  0
|  75|0x0000000709600000, 0x0000000709600000, 0x0000000709800000|  0%| F|  |TAMS 0x0000000709600000| PB 0x0000000709600000| Untracked |  0
|  76|0x0000000709800000, 0x0000000709800000, 0x0000000709a00000|  0%| F|  |TAMS 0x0000000709800000| PB 0x0000000709800000| Untracked |  0
|  77|0x0000000709a00000, 0x0000000709a00000, 0x0000000709c00000|  0%| F|  |TAMS 0x0000000709a00000| PB 0x0000000709a00000| Untracked |  0
|  78|0x0000000709c00000, 0x0000000709c00000, 0x0000000709e00000|  0%| F|  |TAMS 0x0000000709c00000| PB 0x0000000709c00000| Untracked |  0
|  79|0x0000000709e00000, 0x0000000709e00000, 0x000000070a000000|  0%| F|  |TAMS 0x0000000709e00000| PB 0x0000000709e00000| Untracked |  0
|  80|0x000000070a000000, 0x000000070a000000, 0x000000070a200000|  0%| F|  |TAMS 0x000000070a000000| PB 0x000000070a000000| Untracked |  0
|  81|0x000000070a200000, 0x000000070a200000, 0x000000070a400000|  0%| F|  |TAMS 0x000000070a200000| PB 0x000000070a200000| Untracked |  0
|  82|0x000000070a400000, 0x000000070a400000, 0x000000070a600000|  0%| F|  |TAMS 0x000000070a400000| PB 0x000000070a400000| Untracked |  0
|  83|0x000000070a600000, 0x000000070a600000, 0x000000070a800000|  0%| F|  |TAMS 0x000000070a600000| PB 0x000000070a600000| Untracked |  0
|  84|0x000000070a800000, 0x000000070a800000, 0x000000070aa00000|  0%| F|  |TAMS 0x000000070a800000| PB 0x000000070a800000| Untracked |  0
|  85|0x000000070aa00000, 0x000000070aa00000, 0x000000070ac00000|  0%| F|  |TAMS 0x000000070aa00000| PB 0x000000070aa00000| Untracked |  0
|  86|0x000000070ac00000, 0x000000070ac00000, 0x000000070ae00000|  0%| F|  |TAMS 0x000000070ac00000| PB 0x000000070ac00000| Untracked |  0
|  87|0x000000070ae00000, 0x000000070ae00000, 0x000000070b000000|  0%| F|  |TAMS 0x000000070ae00000| PB 0x000000070ae00000| Untracked |  0
|  88|0x000000070b000000, 0x000000070b000000, 0x000000070b200000|  0%| F|  |TAMS 0x000000070b000000| PB 0x000000070b000000| Untracked |  0
|  89|0x000000070b200000, 0x000000070b200000, 0x000000070b400000|  0%| F|  |TAMS 0x000000070b200000| PB 0x000000070b200000| Untracked |  0
|  90|0x000000070b400000, 0x000000070b400000, 0x000000070b600000|  0%| F|  |TAMS 0x000000070b400000| PB 0x000000070b400000| Untracked |  0
|  91|0x000000070b600000, 0x000000070b600000, 0x000000070b800000|  0%| F|  |TAMS 0x000000070b600000| PB 0x000000070b600000| Untracked |  0
|  92|0x000000070b800000, 0x000000070b800000, 0x000000070ba00000|  0%| F|  |TAMS 0x000000070b800000| PB 0x000000070b800000| Untracked |  0
|  93|0x000000070ba00000, 0x000000070ba00000, 0x000000070bc00000|  0%| F|  |TAMS 0x000000070ba00000| PB 0x000000070ba00000| Untracked |  0
|  94|0x000000070bc00000, 0x000000070bc00000, 0x000000070be00000|  0%| F|  |TAMS 0x000000070bc00000| PB 0x000000070bc00000| Untracked |  0
|  95|0x000000070be00000, 0x000000070be00000, 0x000000070c000000|  0%| F|  |TAMS 0x000000070be00000| PB 0x000000070be00000| Untracked |  0
|  96|0x000000070c000000, 0x000000070c000000, 0x000000070c200000|  0%| F|  |TAMS 0x000000070c000000| PB 0x000000070c000000| Untracked |  0
|  97|0x000000070c200000, 0x000000070c200000, 0x000000070c400000|  0%| F|  |TAMS 0x000000070c200000| PB 0x000000070c200000| Untracked |  0
|  98|0x000000070c400000, 0x000000070c400000, 0x000000070c600000|  0%| F|  |TAMS 0x000000070c400000| PB 0x000000070c400000| Untracked |  0
|  99|0x000000070c600000, 0x000000070c600000, 0x000000070c800000|  0%| F|  |TAMS 0x000000070c600000| PB 0x000000070c600000| Untracked |  0
| 100|0x000000070c800000, 0x000000070c800000, 0x000000070ca00000|  0%| F|  |TAMS 0x000000070c800000| PB 0x000000070c800000| Untracked |  0
| 101|0x000000070ca00000, 0x000000070ca00000, 0x000000070cc00000|  0%| F|  |TAMS 0x000000070ca00000| PB 0x000000070ca00000| Untracked |  0
| 102|0x000000070cc00000, 0x000000070cc00000, 0x000000070ce00000|  0%| F|  |TAMS 0x000000070cc00000| PB 0x000000070cc00000| Untracked |  0
| 103|0x000000070ce00000, 0x000000070ce00000, 0x000000070d000000|  0%| F|  |TAMS 0x000000070ce00000| PB 0x000000070ce00000| Untracked |  0
| 104|0x000000070d000000, 0x000000070d000000, 0x000000070d200000|  0%| F|  |TAMS 0x000000070d000000| PB 0x000000070d000000| Untracked |  0
| 105|0x000000070d200000, 0x000000070d200000, 0x000000070d400000|  0%| F|  |TAMS 0x000000070d200000| PB 0x000000070d200000| Untracked |  0
| 106|0x000000070d400000, 0x000000070d400000, 0x000000070d600000|  0%| F|  |TAMS 0x000000070d400000| PB 0x000000070d400000| Untracked |  0
| 107|0x000000070d600000, 0x000000070d600000, 0x000000070d800000|  0%| F|  |TAMS 0x000000070d600000| PB 0x000000070d600000| Untracked |  0
| 108|0x000000070d800000, 0x000000070d800000, 0x000000070da00000|  0%| F|  |TAMS 0x000000070d800000| PB 0x000000070d800000| Untracked |  0
| 109|0x000000070da00000, 0x000000070da00000, 0x000000070dc00000|  0%| F|  |TAMS 0x000000070da00000| PB 0x000000070da00000| Untracked |  0
| 110|0x000000070dc00000, 0x000000070dc00000, 0x000000070de00000|  0%| F|  |TAMS 0x000000070dc00000| PB 0x000000070dc00000| Untracked |  0
| 111|0x000000070de00000, 0x000000070de00000, 0x000000070e000000|  0%| F|  |TAMS 0x000000070de00000| PB 0x000000070de00000| Untracked |  0
| 112|0x000000070e000000, 0x000000070e000000, 0x000000070e200000|  0%| F|  |TAMS 0x000000070e000000| PB 0x000000070e000000| Untracked |  0
| 113|0x000000070e200000, 0x000000070e200000, 0x000000070e400000|  0%| F|  |TAMS 0x000000070e200000| PB 0x000000070e200000| Untracked |  0
| 114|0x000000070e400000, 0x000000070e400000, 0x000000070e600000|  0%| F|  |TAMS 0x000000070e400000| PB 0x000000070e400000| Untracked |  0
| 115|0x000000070e600000, 0x000000070e600000, 0x000000070e800000|  0%| F|  |TAMS 0x000000070e600000| PB 0x000000070e600000| Untracked |  0
| 116|0x000000070e800000, 0x000000070e800000, 0x000000070ea00000|  0%| F|  |TAMS 0x000000070e800000| PB 0x000000070e800000| Untracked |  0
| 117|0x000000070ea00000, 0x000000070ea00000, 0x000000070ec00000|  0%| F|  |TAMS 0x000000070ea00000| PB 0x000000070ea00000| Untracked |  0
| 118|0x000000070ec00000, 0x000000070ec00000, 0x000000070ee00000|  0%| F|  |TAMS 0x000000070ec00000| PB 0x000000070ec00000| Untracked |  0
| 119|0x000000070ee00000, 0x000000070ee00000, 0x000000070f000000|  0%| F|  |TAMS 0x000000070ee00000| PB 0x000000070ee00000| Untracked |  0
| 120|0x000000070f000000, 0x000000070f000000, 0x000000070f200000|  0%| F|  |TAMS 0x000000070f000000| PB 0x000000070f000000| Untracked |  0
| 121|0x000000070f200000, 0x000000070f200000, 0x000000070f400000|  0%| F|  |TAMS 0x000000070f200000| PB 0x000000070f200000| Untracked |  0
| 122|0x000000070f400000, 0x000000070f400000, 0x000000070f600000|  0%| F|  |TAMS 0x000000070f400000| PB 0x000000070f400000| Untracked |  0
| 123|0x000000070f600000, 0x000000070f600000, 0x000000070f800000|  0%| F|  |TAMS 0x000000070f600000| PB 0x000000070f600000| Untracked |  0
| 124|0x000000070f800000, 0x000000070f800000, 0x000000070fa00000|  0%| F|  |TAMS 0x000000070f800000| PB 0x000000070f800000| Untracked |  0
| 125|0x000000070fa00000, 0x000000070fa00000, 0x000000070fc00000|  0%| F|  |TAMS 0x000000070fa00000| PB 0x000000070fa00000| Untracked |  0
| 126|0x000000070fc00000, 0x000000070fc00000, 0x000000070fe00000|  0%| F|  |TAMS 0x000000070fc00000| PB 0x000000070fc00000| Untracked |  0
| 127|0x000000070fe00000, 0x000000070ff094a0, 0x0000000710000000| 51%| E|  |TAMS 0x000000070fe00000| PB 0x000000070fe00000| Complete |  0
| 128|0x0000000710000000, 0x0000000710200000, 0x0000000710200000|100%| S|CS|TAMS 0x0000000710000000| PB 0x0000000710000000| Complete |  0
| 129|0x0000000710200000, 0x000000071023d708, 0x0000000710400000| 11%| S|CS|TAMS 0x0000000710200000| PB 0x0000000710200000| Complete |  0
|2043|0x00000007ff600000, 0x00000007ff76cec0, 0x00000007ff800000| 71%| O|  |TAMS 0x00000007ff600000| PB 0x00000007ff600000| Untracked |  0
|2044|0x00000007ff800000, 0x00000007ffa00000, 0x00000007ffa00000|100%| O|  |TAMS 0x00000007ff800000| PB 0x00000007ff800000| Untracked |  0
|2045|0x00000007ffa00000, 0x00000007ffc00000, 0x00000007ffc00000|100%| O|  |TAMS 0x00000007ffa00000| PB 0x00000007ffa00000| Untracked |  0
|2046|0x00000007ffc00000, 0x00000007ffe00000, 0x00000007ffe00000|100%| O|  |TAMS 0x00000007ffc00000| PB 0x00000007ffc00000| Untracked |  0
|2047|0x00000007ffe00000, 0x00000007fff040c0, 0x0000000800000000| 50%| O|  |TAMS 0x00000007ffe00000| PB 0x00000007ffe00000| Untracked |  0

Card table byte_map: [0x0000000103518000,0x0000000103d18000] _byte_map_base: 0x00000000ffd18000

Marking Bits: (CMBitMap*) 0x0000000154021810
 Bits: [0x000000011c0f8000, 0x00000001200f8000)

Polling page: 0x0000000102808000

Metaspace:

Usage:
  Non-class:      5.00 MB used.
      Class:    590.45 KB used.
       Both:      5.57 MB used.

Virtual space:
  Non-class space:       64.00 MB reserved,       5.12 MB (  8%) committed,  1 nodes.
      Class space:        1.00 GB reserved,     704.00 KB ( <1%) committed,  1 nodes.
             Both:        1.06 GB reserved,       5.81 MB ( <1%) committed. 

Chunk freelists:
   Non-Class:  10.23 MB
       Class:  15.35 MB
        Both:  25.59 MB

MaxMetaspaceSize: unlimited
CompressedClassSpaceSize: 1.00 GB
Initial GC threshold: 21.00 MB
Current GC threshold: 21.00 MB
CDS: on
 - commit_granule_bytes: 65536.
 - commit_granule_words: 8192.
 - virtual_space_node_default_size: 8388608.
 - enlarge_chunks_in_place: 1.
 - use_allocation_guard: 0.


Internal statistics:

num_allocs_failed_limit: 0.
num_arena_births: 82.
num_arena_deaths: 0.
num_vsnodes_births: 2.
num_vsnodes_deaths: 0.
num_space_committed: 93.
num_space_uncommitted: 0.
num_chunks_returned_to_freelist: 0.
num_chunks_taken_from_freelist: 201.
num_chunk_merges: 0.
num_chunk_splits: 120.
num_chunks_enlarged: 67.
num_inconsistent_stats: 0.

CodeHeap 'non-profiled nmethods': size=120032Kb used=783Kb max_used=783Kb free=119248Kb
 bounds [0x0000000114bc0000, 0x0000000114e30000, 0x000000011c0f8000]
CodeHeap 'profiled nmethods': size=120016Kb used=2973Kb max_used=2973Kb free=117042Kb
 bounds [0x000000010d0f8000, 0x000000010d3e8000, 0x000000011462c000]
CodeHeap 'non-nmethods': size=5712Kb used=1323Kb max_used=1346Kb free=4388Kb
 bounds [0x000000011462c000, 0x000000011489c000, 0x0000000114bc0000]
 total_blobs=2126 nmethods=1646 adapters=389
 compilation: enabled
              stopped_count=0, restarted_count=0
 full_count=0

Compilation events (20 events):
Event: 12.194 Thread 0x000000015581a600 nmethod 1665 0x0000000114c79d10 code [0x0000000114c79ec0, 0x0000000114c7a158]
Event: 12.209 Thread 0x000000015581a600 1666       4       refdiff.parsers.universal.common.CallGraphGenerator::addCallRelationship (182 bytes)
Event: 12.223 Thread 0x000000015480f800 1667       3       org.eclipse.jgit.internal.storage.pack.BinaryDelta::apply (430 bytes)
Event: 12.223 Thread 0x000000015480f800 nmethod 1667 0x000000010d3ddb10 code [0x000000010d3dde00, 0x000000010d3debf8]
Event: 12.226 Thread 0x000000015480f800 1669       1       java.nio.charset.Charset::name (5 bytes)
Event: 12.226 Thread 0x000000015480f800 nmethod 1669 0x0000000114c7a310 code [0x0000000114c7a480, 0x0000000114c7a528]
Event: 12.226 Thread 0x000000015480f800 1670       3       java.nio.ByteOrder::nativeOrder (4 bytes)
Event: 12.226 Thread 0x000000015480f800 nmethod 1670 0x000000010d3df190 code [0x000000010d3df300, 0x000000010d3df3e0]
Event: 12.245 Thread 0x000000015581a600 nmethod 1666 0x0000000114c7a610 code [0x0000000114c7aa00, 0x0000000114c7c498]
Event: 12.245 Thread 0x000000015581a600 1668 % !   4       org.eclipse.jgit.treewalk.TreeWalk::next @ 21 (142 bytes)
Event: 12.290 Thread 0x000000015581a600 nmethod 1668% 0x0000000114c7e710 code [0x0000000114c7eb00, 0x0000000114c80f40]
Event: 13.295 Thread 0x000000015480f800 1672       1       org.treesitter.TSLanguage::getPtr (5 bytes)
Event: 13.295 Thread 0x000000015480f800 nmethod 1672 0x0000000114c82310 code [0x0000000114c82480, 0x0000000114c82528]
Event: 13.740 Thread 0x000000015581a600 1673       4       java.lang.invoke.Invokers$Holder::linkToTargetMethod (9 bytes)
Event: 13.741 Thread 0x000000015581a600 nmethod 1673 0x0000000114c82610 code [0x0000000114c827c0, 0x0000000114c828e8]
Event: 13.755 Thread 0x000000015581a600 1674       4       java.lang.StringConcatHelper::simpleConcat (94 bytes)
Event: 13.758 Thread 0x000000015581a600 nmethod 1674 0x0000000114c82a10 code [0x0000000114c82c00, 0x0000000114c830a0]
Event: 13.758 Thread 0x000000015581a600 1675       4       java.lang.StringConcatHelper::newString (67 bytes)
Event: 13.758 Thread 0x000000015581a600 nmethod 1675 0x0000000114c83590 code [0x0000000114c83740, 0x0000000114c83850]
Event: 18.214 Thread 0x000000015581a600 1676       4       java.util.concurrent.locks.ReentrantLock$Sync::tryRelease (51 bytes)

GC Heap History (18 events):
Event: 0.378 GC heap before
{Heap before GC invocations=0 (full 0):
 garbage-first heap   total reserved 4194304K, committed 264192K, used 23568K [0x0000000700000000, 0x0000000800000000)
  region size 2048K, 12 young (24576K), 0 survivors (0K)
 Metaspace       used 4371K, committed 4480K, reserved 1114112K
  class space    used 460K, committed 512K, reserved 1048576K
}
Event: 0.380 GC heap after
{Heap after GC invocations=1 (full 0):
 garbage-first heap   total reserved 4194304K, committed 264192K, used 10192K [0x0000000700000000, 0x0000000800000000)
  region size 2048K, 2 young (4096K), 2 survivors (4096K)
 Metaspace       used 4371K, committed 4480K, reserved 1114112K
  class space    used 460K, committed 512K, reserved 1048576K
}
Event: 0.397 GC heap before
{Heap before GC invocations=1 (full 0):
 garbage-first heap   total reserved 4194304K, committed 264192K, used 28624K [0x0000000700000000, 0x0000000800000000)
  region size 2048K, 12 young (24576K), 2 survivors (4096K)
 Metaspace       used 4371K, committed 4480K, reserved 1114112K
  class space    used 460K, committed 512K, reserved 1048576K
}
Event: 0.400 GC heap after
{Heap after GC invocations=2 (full 0):
 garbage-first heap   total reserved 4194304K, committed 264192K, used 22477K [0x0000000700000000, 0x0000000800000000)
  region size 2048K, 2 young (4096K), 2 survivors (4096K)
 Metaspace       used 4371K, committed 4480K, reserved 1114112K
  class space    used 460K, committed 512K, reserved 1048576K
}
Event: 0.745 GC heap before
{Heap before GC invocations=2 (full 0):
 garbage-first heap   total reserved 4194304K, committed 264192K, used 51149K [0x0000000700000000, 0x0000000800000000)
  region size 2048K, 17 young (34816K), 2 survivors (4096K)
 Metaspace       used 5416K, committed 5632K, reserved 1114112K
  class space    used 579K, committed 704K, reserved 1048576K
}
Event: 0.747 GC heap after
{Heap after GC invocations=3 (full 0):
 garbage-first heap   total reserved 4194304K, committed 264192K, used 31910K [0x0000000700000000, 0x0000000800000000)
  region size 2048K, 3 young (6144K), 3 survivors (6144K)
 Metaspace       used 5416K, committed 5632K, reserved 1114112K
  class space    used 579K, committed 704K, reserved 1048576K
}
Event: 1.285 GC heap before
{Heap before GC invocations=3 (full 0):
 garbage-first heap   total reserved 4194304K, committed 264192K, used 72870K [0x0000000700000000, 0x0000000800000000)
  region size 2048K, 24 young (49152K), 3 survivors (6144K)
 Metaspace       used 5575K, committed 5824K, reserved 1114112K
  class space    used 588K, committed 704K, reserved 1048576K
}
Event: 1.287 GC heap after
{Heap after GC invocations=4 (full 0):
 garbage-first heap   total reserved 4194304K, committed 264192K, used 33515K [0x0000000700000000, 0x0000000800000000)
  region size 2048K, 3 young (6144K), 3 survivors (6144K)
 Metaspace       used 5575K, committed 5824K, reserved 1114112K
  class space    used 588K, committed 704K, reserved 1048576K
}
Event: 2.264 GC heap before
{Heap before GC invocations=4 (full 0):
 garbage-first heap   total reserved 4194304K, committed 264192K, used 180971K [0x0000000700000000, 0x0000000800000000)
  region size 2048K, 76 young (155648K), 3 survivors (6144K)
 Metaspace       used 5647K, committed 5824K, reserved 1114112K
  class space    used 590K, committed 704K, reserved 1048576K
}
Event: 2.267 GC heap after
{Heap after GC invocations=5 (full 0):
 garbage-first heap   total reserved 4194304K, committed 264192K, used 46261K [0x0000000700000000, 0x0000000800000000)
  region size 2048K, 10 young (20480K), 10 survivors (20480K)
 Metaspace       used 5647K, committed 5824K, reserved 1114112K
  class space    used 590K, committed 704K, reserved 1048576K
}
Event: 4.472 GC heap before
{Heap before GC invocations=5 (full 0):
 garbage-first heap   total reserved 4194304K, committed 264192K, used 179381K [0x0000000700000000, 0x0000000800000000)
  region size 2048K, 76 young (155648K), 10 survivors (20480K)
 Metaspace       used 5679K, committed 5888K, reserved 1114112K
  class space    used 590K, committed 704K, reserved 1048576K
}
Event: 4.474 GC heap after
{Heap after GC invocations=6 (full 0):
 garbage-first heap   total reserved 4194304K, committed 264192K, used 47788K [0x0000000700000000, 0x0000000800000000)
  region size 2048K, 10 young (20480K), 10 survivors (20480K)
 Metaspace       used 5679K, committed 5888K, reserved 1114112K
  class space    used 590K, committed 704K, reserved 1048576K
}
Event: 5.792 GC heap before
{Heap before GC invocations=6 (full 0):
 garbage-first heap   total reserved 4194304K, committed 264192K, used 180908K [0x0000000700000000, 0x0000000800000000)
  region size 2048K, 76 young (155648K), 10 survivors (20480K)
 Metaspace       used 5685K, committed 5888K, reserved 1114112K
  class space    used 590K, committed 704K, reserved 1048576K
}
Event: 5.795 GC heap after
{Heap after GC invocations=7 (full 0):
 garbage-first heap   total reserved 4194304K, committed 264192K, used 50638K [0x0000000700000000, 0x0000000800000000)
  region size 2048K, 2 young (4096K), 2 survivors (4096K)
 Metaspace       used 5685K, committed 5888K, reserved 1114112K
  class space    used 590K, committed 704K, reserved 1048576K
}
Event: 11.892 GC heap before
{Heap before GC invocations=7 (full 0):
 garbage-first heap   total reserved 4194304K, committed 264192K, used 210382K [0x0000000700000000, 0x0000000800000000)
  region size 2048K, 76 young (155648K), 2 survivors (4096K)
 Metaspace       used 5706K, committed 5952K, reserved 1114112K
  class space    used 590K, committed 704K, reserved 1048576K
}
Event: 11.899 GC heap after
{Heap after GC invocations=8 (full 0):
 garbage-first heap   total reserved 4194304K, committed 264192K, used 76605K [0x0000000700000000, 0x0000000800000000)
  region size 2048K, 10 young (20480K), 10 survivors (20480K)
 Metaspace       used 5706K, committed 5952K, reserved 1114112K
  class space    used 590K, committed 704K, reserved 1048576K
}
Event: 18.210 GC heap before
{Heap before GC invocations=8 (full 0):
 garbage-first heap   total reserved 4194304K, committed 264192K, used 244541K [0x0000000700000000, 0x0000000800000000)
  region size 2048K, 76 young (155648K), 10 survivors (20480K)
 Metaspace       used 5708K, committed 5952K, reserved 1114112K
  class space    used 590K, committed 704K, reserved 1048576K
}
Event: 18.214 GC heap after
{Heap after GC invocations=9 (full 0):
 garbage-first heap   total reserved 4194304K, committed 276480K, used 82617K [0x0000000700000000, 0x0000000800000000)
  region size 2048K, 4 young (8192K), 4 survivors (8192K)
 Metaspace       used 5708K, committed 5952K, reserved 1114112K
  class space    used 590K, committed 704K, reserved 1048576K
}

Dll operation events (7 events):
Event: 0.003 Loaded shared library /Users/ikuya/.local/share/mise/installs/java/22.0.2/lib/libjava.dylib
Event: 0.026 Loaded shared library /Users/ikuya/.local/share/mise/installs/java/22.0.2/lib/libnio.dylib
Event: 0.029 Loaded shared library /Users/ikuya/.local/share/mise/installs/java/22.0.2/lib/libzip.dylib
Event: 0.059 Loaded shared library /Users/ikuya/.local/share/mise/installs/java/22.0.2/lib/libjimage.dylib
Event: 0.295 Loaded shared library /Users/ikuya/.local/share/mise/installs/java/22.0.2/lib/libverify.dylib
Event: 0.441 Loaded shared library /Users/ikuya/.tree-sitter/lib/aarch64-macos-tree-sitter.dylib
Event: 0.444 Loaded shared library /Users/ikuya/.tree-sitter/lib/aarch64-macos-tree-sitter-go.dylib

Deoptimization events (20 events):
Event: 12.190 Thread 0x000000015401fc00 DEOPT PACKING pc=0x000000010d3dcaec sp=0x000000016d89a400
Event: 12.190 Thread 0x000000015401fc00 DEOPT UNPACKING pc=0x000000011466ee7c sp=0x000000016d89a0d0 mode 0
Event: 12.193 Thread 0x000000015401fc00 DEOPT PACKING pc=0x000000010d3dcaec sp=0x000000016d89a400
Event: 12.193 Thread 0x000000015401fc00 DEOPT UNPACKING pc=0x000000011466ee7c sp=0x000000016d89a0d0 mode 0
Event: 12.195 Thread 0x000000015401fc00 DEOPT PACKING pc=0x000000010d3dcaec sp=0x000000016d89a400
Event: 12.195 Thread 0x000000015401fc00 DEOPT UNPACKING pc=0x000000011466ee7c sp=0x000000016d89a0d0 mode 0
Event: 12.198 Thread 0x000000015401fc00 DEOPT PACKING pc=0x000000010d3dcaec sp=0x000000016d89a400
Event: 12.198 Thread 0x000000015401fc00 DEOPT UNPACKING pc=0x000000011466ee7c sp=0x000000016d89a0d0 mode 0
Event: 12.203 Thread 0x000000015401fc00 DEOPT PACKING pc=0x000000010d3dcaec sp=0x000000016d89a400
Event: 12.203 Thread 0x000000015401fc00 DEOPT UNPACKING pc=0x000000011466ee7c sp=0x000000016d89a0d0 mode 0
Event: 12.209 Thread 0x000000015401fc00 DEOPT PACKING pc=0x000000010d3dcaec sp=0x000000016d89a400
Event: 12.209 Thread 0x000000015401fc00 DEOPT UNPACKING pc=0x000000011466ee7c sp=0x000000016d89a0d0 mode 0
Event: 12.216 Thread 0x000000015401fc00 DEOPT PACKING pc=0x000000010d3dcaec sp=0x000000016d89a400
Event: 12.216 Thread 0x000000015401fc00 DEOPT UNPACKING pc=0x000000011466ee7c sp=0x000000016d89a0d0 mode 0
Event: 12.218 Thread 0x000000015401fc00 DEOPT PACKING pc=0x000000010d3dcaec sp=0x000000016d89a400
Event: 12.218 Thread 0x000000015401fc00 DEOPT UNPACKING pc=0x000000011466ee7c sp=0x000000016d89a0d0 mode 0
Event: 12.219 Thread 0x000000015401fc00 DEOPT PACKING pc=0x000000010d3dcaec sp=0x000000016d89a400
Event: 12.219 Thread 0x000000015401fc00 DEOPT UNPACKING pc=0x000000011466ee7c sp=0x000000016d89a0d0 mode 0
Event: 12.223 Thread 0x000000015401fc00 DEOPT PACKING pc=0x000000010d30b218 sp=0x000000016d899c00
Event: 12.223 Thread 0x000000015401fc00 DEOPT UNPACKING pc=0x000000011466ee7c sp=0x000000016d8998a0 mode 0

Classes loaded (20 events):
Event: 0.747 Loading class java/lang/UnsatisfiedLinkError
Event: 0.747 Loading class java/lang/UnsatisfiedLinkError done
Event: 1.275 Loading class jdk/internal/module/ModulePatcher$PatchedModuleReader
Event: 1.275 Loading class jdk/internal/module/ModulePatcher$PatchedModuleReader done
Event: 1.275 Loading class sun/net/www/protocol/jrt/Handler
Event: 1.275 Loading class sun/net/www/protocol/jrt/Handler done
Event: 1.277 Loading class sun/util/locale/provider/BaseLocaleDataMetaInfo
Event: 1.277 Loading class sun/util/locale/provider/BaseLocaleDataMetaInfo done
Event: 1.278 Loading class sun/util/resources/LocaleData$CommonResourceBundleProvider
Event: 1.278 Loading class sun/util/resources/LocaleData$LocaleDataResourceBundleProvider
Event: 1.278 Loading class java/util/spi/ResourceBundleProvider
Event: 1.278 Loading class java/util/spi/ResourceBundleProvider done
Event: 1.278 Loading class sun/util/resources/LocaleData$LocaleDataResourceBundleProvider done
Event: 1.278 Loading class sun/util/resources/LocaleData$CommonResourceBundleProvider done
Event: 1.278 Loading class sun/text/resources/cldr/FormatData_en
Event: 1.278 Loading class sun/text/resources/cldr/FormatData_en done
Event: 2.174 Loading class jdk/internal/foreign/MemorySessionImpl
Event: 2.174 Loading class java/lang/foreign/MemorySegment$Scope
Event: 2.174 Loading class java/lang/foreign/MemorySegment$Scope done
Event: 2.174 Loading class jdk/internal/foreign/MemorySessionImpl done

Classes unloaded (0 events):
No events

Classes redefined (0 events):
No events

Internal exceptions (20 events):
Event: 6.378 Thread 0x000000015401fc00 Exception <a 'sun/nio/fs/UnixException'{0x000000070a87e4c8}> (0x000000070a87e4c8) 
thrown [open/src/hotspot/share/prims/jni.cpp, line 520]
Event: 6.540 Thread 0x000000015401fc00 Exception <a 'sun/nio/fs/UnixException'{0x000000070a586be8}> (0x000000070a586be8) 
thrown [open/src/hotspot/share/prims/jni.cpp, line 520]
Event: 6.540 Thread 0x000000015401fc00 Exception <a 'java/io/FileNotFoundException'{0x000000070a586fb8}> (0x000000070a586fb8) 
thrown [open/src/hotspot/share/prims/jni.cpp, line 520]
Event: 6.540 Thread 0x000000015401fc00 Exception <a 'sun/nio/fs/UnixException'{0x000000070a590f58}> (0x000000070a590f58) 
thrown [open/src/hotspot/share/prims/jni.cpp, line 520]
Event: 6.541 Thread 0x000000015401fc00 Exception <a 'sun/nio/fs/UnixException'{0x000000070a598870}> (0x000000070a598870) 
thrown [open/src/hotspot/share/prims/jni.cpp, line 520]
Event: 6.541 Thread 0x000000015401fc00 Exception <a 'sun/nio/fs/UnixException'{0x000000070a598ec0}> (0x000000070a598ec0) 
thrown [open/src/hotspot/share/prims/jni.cpp, line 520]
Event: 6.541 Thread 0x000000015401fc00 Exception <a 'java/io/FileNotFoundException'{0x000000070a5992f8}> (0x000000070a5992f8) 
thrown [open/src/hotspot/share/prims/jni.cpp, line 520]
Event: 6.541 Thread 0x000000015401fc00 Exception <a 'sun/nio/fs/UnixException'{0x000000070a599b88}> (0x000000070a599b88) 
thrown [open/src/hotspot/share/prims/jni.cpp, line 520]
Event: 6.541 Thread 0x000000015401fc00 Exception <a 'java/io/FileNotFoundException'{0x000000070a599fc8}> (0x000000070a599fc8) 
thrown [open/src/hotspot/share/prims/jni.cpp, line 520]
Event: 6.541 Thread 0x000000015401fc00 Exception <a 'sun/nio/fs/UnixException'{0x000000070a59a880}> (0x000000070a59a880) 
thrown [open/src/hotspot/share/prims/jni.cpp, line 520]
Event: 6.541 Thread 0x000000015401fc00 Exception <a 'java/io/FileNotFoundException'{0x000000070a59acc0}> (0x000000070a59acc0) 
thrown [open/src/hotspot/share/prims/jni.cpp, line 520]
Event: 6.541 Thread 0x000000015401fc00 Exception <a 'sun/nio/fs/UnixException'{0x000000070a59b588}> (0x000000070a59b588) 
thrown [open/src/hotspot/share/prims/jni.cpp, line 520]
Event: 6.541 Thread 0x000000015401fc00 Exception <a 'java/io/FileNotFoundException'{0x000000070a59b9c8}> (0x000000070a59b9c8) 
thrown [open/src/hotspot/share/prims/jni.cpp, line 520]
Event: 6.541 Thread 0x000000015401fc00 Exception <a 'sun/nio/fs/UnixException'{0x000000070a59c2a8}> (0x000000070a59c2a8) 
thrown [open/src/hotspot/share/prims/jni.cpp, line 520]
Event: 6.541 Thread 0x000000015401fc00 Exception <a 'java/io/FileNotFoundException'{0x000000070a59c6f0}> (0x000000070a59c6f0) 
thrown [open/src/hotspot/share/prims/jni.cpp, line 520]
Event: 6.549 Thread 0x000000015401fc00 Exception <a 'sun/nio/fs/UnixException'{0x000000070842a7f0}> (0x000000070842a7f0) 
thrown [open/src/hotspot/share/prims/jni.cpp, line 520]
Event: 11.900 Thread 0x00000001559a2200 Exception <a 'java/lang/UnsatisfiedLinkError'{0x000000070ff27638}: 'void org.treesitter.TSParser.ts_language_delete(long)'> (0x000000070ff27638) 
thrown [open/src/hotspot/share/prims/nativeLookup.cpp, line 417]
Event: 11.900 Thread 0x00000001559a2200 Exception <a 'java/lang/UnsatisfiedLinkError'{0x000000070ff27bd0}: 'void org.treesitter.TSParser.ts_language_delete(long)'> (0x000000070ff27bd0) 
thrown [open/src/hotspot/share/prims/nativeLookup.cpp, line 417]
Event: 11.901 Thread 0x00000001559a2200 Exception <a 'java/lang/UnsatisfiedLinkError'{0x000000070ff28168}: 'void org.treesitter.TSParser.ts_language_delete(long)'> (0x000000070ff28168) 
thrown [open/src/hotspot/share/prims/nativeLookup.cpp, line 417]
Event: 11.902 Thread 0x00000001559a2200 Exception <a 'java/lang/UnsatisfiedLinkError'{0x000000070ff28700}: 'void org.treesitter.TSParser.ts_language_delete(long)'> (0x000000070ff28700) 
thrown [open/src/hotspot/share/prims/nativeLookup.cpp, line 417]

ZGC Phase Switch (0 events):
No events

VM Operations (20 events):
Event: 1.285 Executing VM operation: G1CollectForAllocation (G1 Evacuation Pause)
Event: 1.287 Executing VM operation: G1CollectForAllocation (G1 Evacuation Pause) done
Event: 2.264 Executing VM operation: G1CollectForAllocation (G1 Evacuation Pause)
Event: 2.267 Executing VM operation: G1CollectForAllocation (G1 Evacuation Pause) done
Event: 3.272 Executing VM operation: Cleanup
Event: 3.272 Executing VM operation: Cleanup done
Event: 4.472 Executing VM operation: G1CollectForAllocation (G1 Evacuation Pause)
Event: 4.474 Executing VM operation: G1CollectForAllocation (G1 Evacuation Pause) done
Event: 5.477 Executing VM operation: Cleanup
Event: 5.477 Executing VM operation: Cleanup done
Event: 5.792 Executing VM operation: G1CollectForAllocation (G1 Evacuation Pause)
Event: 5.795 Executing VM operation: G1CollectForAllocation (G1 Evacuation Pause) done
Event: 6.800 Executing VM operation: Cleanup
Event: 6.800 Executing VM operation: Cleanup done
Event: 11.892 Executing VM operation: G1CollectForAllocation (G1 Evacuation Pause)
Event: 11.899 Executing VM operation: G1CollectForAllocation (G1 Evacuation Pause) done
Event: 12.904 Executing VM operation: Cleanup
Event: 12.904 Executing VM operation: Cleanup done
Event: 18.210 Executing VM operation: G1CollectForAllocation (G1 Evacuation Pause)
Event: 18.214 Executing VM operation: G1CollectForAllocation (G1 Evacuation Pause) done

Memory protections (17 events):
Event: 0.002 Protecting memory [0x000000016d698000,0x000000016d6a4000] with protection modes 0
Event: 0.017 Protecting memory [0x000000016e810000,0x000000016e81c000] with protection modes 0
Event: 0.017 Protecting memory [0x000000016ea1c000,0x000000016ea28000] with protection modes 0
Event: 0.017 Protecting memory [0x000000016ec28000,0x000000016ec34000] with protection modes 0
Event: 0.018 Protecting memory [0x000000016ee34000,0x000000016ee40000] with protection modes 0
Event: 0.018 Protecting memory [0x000000016f040000,0x000000016f04c000] with protection modes 0
Event: 0.018 Protecting memory [0x000000016f24c000,0x000000016f258000] with protection modes 0
Event: 0.018 Protecting memory [0x000000016f458000,0x000000016f464000] with protection modes 0
Event: 0.022 Protecting memory [0x000000016f664000,0x000000016f670000] with protection modes 0
Event: 0.023 Protecting memory [0x000000016f870000,0x000000016f87c000] with protection modes 0
Event: 0.226 Protecting memory [0x000000016fa7c000,0x000000016fa88000] with protection modes 0
Event: 0.312 Protecting memory [0x000000016fabc000,0x000000016fac8000] with protection modes 0
Event: 0.323 Protecting memory [0x000000016fabc000,0x000000016fac8000] with protection modes 3
Event: 0.326 Protecting memory [0x000000016fabc000,0x000000016fac8000] with protection modes 0
Event: 0.340 Protecting memory [0x000000016fabc000,0x000000016fac8000] with protection modes 3
Event: 0.441 Protecting memory [0x00000001704f8000,0x0000000170504000] with protection modes 0
Event: 0.736 Protecting memory [0x0000000170704000,0x0000000170710000] with protection modes 0

Nmethod flushes (0 events):
No events

Events (17 events):
Event: 0.009 Thread 0x000000015401fc00 Thread added: 0x000000015401fc00
Event: 0.017 Thread 0x000000015401fc00 Thread added: 0x0000000155819e00
Event: 0.017 Thread 0x000000015401fc00 Thread added: 0x0000000155815000
Event: 0.017 Thread 0x000000015401fc00 Thread added: 0x0000000155815800
Event: 0.018 Thread 0x000000015401fc00 Thread added: 0x0000000155816000
Event: 0.018 Thread 0x000000015401fc00 Thread added: 0x0000000155816800
Event: 0.018 Thread 0x000000015401fc00 Thread added: 0x000000015581a600
Event: 0.018 Thread 0x000000015401fc00 Thread added: 0x000000015480f800
Event: 0.022 Thread 0x000000015401fc00 Thread added: 0x0000000156010200
Event: 0.023 Thread 0x000000015401fc00 Thread added: 0x000000015600d400
Event: 0.226 Thread 0x000000015401fc00 Thread added: 0x000000015416fc00
Event: 0.312 Thread 0x000000015401fc00 Thread added: 0x00000001561fac00
Event: 0.323 Thread 0x00000001561fac00 Thread exited: 0x00000001561fac00
Event: 0.326 Thread 0x000000015401fc00 Thread added: 0x00000001561fac00
Event: 0.340 Thread 0x00000001561fac00 Thread exited: 0x00000001561fac00
Event: 0.441 Thread 0x000000015401fc00 Thread added: 0x00000001559a2200
Event: 0.736 Thread 0x000000015401fc00 Thread added: 0x000000015423d200


Dynamic libraries:
0x0000000102c7c000 	/Users/ikuya/.local/share/mise/installs/java/22.0.2/lib/libjli.dylib
0x000000019ca0f000 	/System/Library/Frameworks/Cocoa.framework/Versions/A/Cocoa
0x0000000185fb6000 	/System/Library/Frameworks/AppKit.framework/Versions/C/AppKit
0x0000000189022000 	/System/Library/Frameworks/CoreData.framework/Versions/A/CoreData
0x0000000183869000 	/System/Library/Frameworks/Foundation.framework/Versions/C/Foundation
0x000000018f330000 	/usr/lib/libSystem.B.dylib
0x00000001872f3000 	/System/Library/PrivateFrameworks/UIFoundation.framework/Versions/A/UIFoundation
0x000000021ded3000 	/System/Library/PrivateFrameworks/CollectionViewCore.framework/Versions/A/CollectionViewCore
0x00000001965a9000 	/System/Library/PrivateFrameworks/RemoteViewServices.framework/Versions/A/RemoteViewServices
0x000000018d1dd000 	/System/Library/PrivateFrameworks/XCTTargetBootstrap.framework/Versions/A/XCTTargetBootstrap
0x000000019196c000 	/System/Library/PrivateFrameworks/InternationalSupport.framework/Versions/A/InternationalSupport
0x00000001919c0000 	/System/Library/PrivateFrameworks/UserActivity.framework/Versions/A/UserActivity
0x000000024232a000 	/System/Library/PrivateFrameworks/WindowManagement.framework/Versions/A/WindowManagement
0x00000001834e9000 	/System/Library/Frameworks/SystemConfiguration.framework/Versions/A/SystemConfiguration
0x0000000190dda000 	/usr/lib/libspindump.dylib
0x00000001874a8000 	/System/Library/Frameworks/UniformTypeIdentifiers.framework/Versions/A/UniformTypeIdentifiers
0x000000018b054000 	/usr/lib/libapp_launch_measurement.dylib
0x000000018a47a000 	/System/Library/PrivateFrameworks/CoreAnalytics.framework/Versions/A/CoreAnalytics
0x000000018b05b000 	/System/Library/PrivateFrameworks/CoreAutoLayout.framework/Versions/A/CoreAutoLayout
0x000000018c9fd000 	/System/Library/Frameworks/Metal.framework/Versions/A/Metal
0x000000018d985000 	/usr/lib/liblangid.dylib
0x000000018d1e3000 	/System/Library/PrivateFrameworks/CoreSVG.framework/Versions/A/CoreSVG
0x0000000187e6d000 	/System/Library/PrivateFrameworks/SkyLight.framework/Versions/A/SkyLight
0x000000018830e000 	/System/Library/Frameworks/CoreGraphics.framework/Versions/A/CoreGraphics
0x0000000196c83000 	/System/Library/Frameworks/Accelerate.framework/Versions/A/Accelerate
0x0000000190c34000 	/System/Library/PrivateFrameworks/IconServices.framework/Versions/A/IconServices
0x000000018c9db000 	/System/Library/Frameworks/IOSurface.framework/Versions/A/IOSurface
0x000000018a4a9000 	/usr/lib/libDiagnosticMessagesClient.dylib
0x000000018f272000 	/usr/lib/libz.1.dylib
0x000000019a428000 	/System/Library/Frameworks/ApplicationServices.framework/Versions/A/ApplicationServices
0x000000018d1c5000 	/System/Library/PrivateFrameworks/DFRFoundation.framework/Versions/A/DFRFoundation
0x0000000185810000 	/usr/lib/libicucore.A.dylib
0x00000001929ca000 	/System/Library/Frameworks/AudioToolbox.framework/Versions/A/AudioToolbox
0x000000019197b000 	/System/Library/PrivateFrameworks/DataDetectorsCore.framework/Versions/A/DataDetectorsCore
0x00000001ab3ee000 	/System/Library/PrivateFrameworks/TextInput.framework/Versions/A/TextInput
0x0000000187dbe000 	/usr/lib/libMobileGestalt.dylib
0x000000018cf01000 	/System/Library/Frameworks/Carbon.framework/Versions/A/Frameworks/HIToolbox.framework/Versions/A/HIToolbox
0x000000018a980000 	/System/Library/Frameworks/QuartzCore.framework/Versions/A/QuartzCore
0x000000018543d000 	/System/Library/Frameworks/Security.framework/Versions/A/Security
0x00000001965e9000 	/System/Library/Frameworks/Carbon.framework/Versions/A/Frameworks/SpeechRecognition.framework/Versions/A/SpeechRecognition
0x000000018ad82000 	/System/Library/PrivateFrameworks/CoreUI.framework/Versions/A/CoreUI
0x0000000184d36000 	/System/Library/Frameworks/CoreAudio.framework/Versions/A/CoreAudio
0x000000018a58d000 	/System/Library/Frameworks/DiskArbitration.framework/Versions/A/DiskArbitration
0x0000000191236000 	/System/Library/PrivateFrameworks/MultitouchSupport.framework/Versions/A/MultitouchSupport
0x0000000187dbc000 	/usr/lib/libenergytrace.dylib
0x00000001a0ae7000 	/System/Library/PrivateFrameworks/RenderBox.framework/Versions/A/RenderBox
0x0000000185e6a000 	/System/Library/Frameworks/IOKit.framework/Versions/A/IOKit
0x00000001969be000 	/System/Library/Frameworks/CoreServices.framework/Versions/A/CoreServices
0x000000018afe0000 	/System/Library/PrivateFrameworks/PerformanceAnalysis.framework/Versions/A/PerformanceAnalysis
0x00000001d9393000 	/System/Library/Frameworks/OpenGL.framework/Versions/A/OpenGL
0x000000018b0a5000 	/usr/lib/libxml2.2.dylib
0x000000018e6b4000 	/System/Library/PrivateFrameworks/MobileKeyBag.framework/Versions/A/MobileKeyBag
0x00000001822d4000 	/usr/lib/libobjc.A.dylib
0x00000001825c8000 	/usr/lib/libc++.1.dylib
0x000000019693b000 	/System/Library/Frameworks/Accessibility.framework/Versions/A/Accessibility
0x00000001889ee000 	/System/Library/Frameworks/ColorSync.framework/Versions/A/ColorSync
0x0000000182714000 	/System/Library/Frameworks/CoreFoundation.framework/Versions/A/CoreFoundation
0x000000018d540000 	/System/Library/Frameworks/CoreImage.framework/Versions/A/CoreImage
0x0000000184b41000 	/System/Library/Frameworks/CoreText.framework/Versions/A/CoreText
0x00000001ddbf2000 	/System/Library/Frameworks/CoreTransferable.framework/Versions/A/CoreTransferable
0x00000001de0b7000 	/System/Library/Frameworks/DeveloperToolsSupport.framework/Versions/A/DeveloperToolsSupport
0x000000018d21e000 	/System/Library/Frameworks/ImageIO.framework/Versions/A/ImageIO
0x0000000218073000 	/System/Library/Frameworks/Symbols.framework/Versions/A/Symbols
0x000000018f336000 	/System/Library/PrivateFrameworks/SoftLinking.framework/Versions/A/SoftLinking
0x000000019237c000 	/usr/lib/swift/libswiftCore.dylib
0x00000001a807b000 	/usr/lib/swift/libswiftCoreFoundation.dylib
0x00000001a5ae4000 	/usr/lib/swift/libswiftCoreGraphics.dylib
0x00000001a80c5000 	/usr/lib/swift/libswiftCoreImage.dylib
0x00000001a5aeb000 	/usr/lib/swift/libswiftDarwin.dylib
0x000000019802e000 	/usr/lib/swift/libswiftDispatch.dylib
0x00000001a80c6000 	/usr/lib/swift/libswiftIOKit.dylib
0x00000001b3b20000 	/usr/lib/swift/libswiftMetal.dylib
0x00000001c11e5000 	/usr/lib/swift/libswiftOSLog.dylib
0x000000019a8a3000 	/usr/lib/swift/libswiftObjectiveC.dylib
0x00000001b8254000 	/usr/lib/swift/libswiftQuartzCore.dylib
0x00000001bc359000 	/usr/lib/swift/libswiftUniformTypeIdentifiers.dylib
0x00000001a808d000 	/usr/lib/swift/libswiftXPC.dylib
0x000000024a7d1000 	/usr/lib/swift/libswift_Concurrency.dylib
0x000000019a8a7000 	/usr/lib/swift/libswiftos.dylib
0x00000001ab352000 	/usr/lib/swift/libswiftsimd.dylib
0x000000018f4e5000 	/usr/lib/libcompression.dylib
0x00000001918c6000 	/System/Library/PrivateFrameworks/TextureIO.framework/Versions/A/TextureIO
0x00000001908e0000 	/usr/lib/libate.dylib
0x000000018f32a000 	/usr/lib/system/libcache.dylib
0x000000018f2e4000 	/usr/lib/system/libcommonCrypto.dylib
0x000000018f310000 	/usr/lib/system/libcompiler_rt.dylib
0x000000018f306000 	/usr/lib/system/libcopyfile.dylib
0x0000000182418000 	/usr/lib/system/libcorecrypto.dylib
0x00000001824fe000 	/usr/lib/system/libdispatch.dylib
0x00000001826b9000 	/usr/lib/system/libdyld.dylib
0x000000018f320000 	/usr/lib/system/libkeymgr.dylib
0x000000018f2bc000 	/usr/lib/system/libmacho.dylib
0x000000018e79c000 	/usr/lib/system/libquarantine.dylib
0x000000018f31d000 	/usr/lib/system/libremovefile.dylib
0x0000000187e34000 	/usr/lib/system/libsystem_asl.dylib
0x00000001823ad000 	/usr/lib/system/libsystem_blocks.dylib
0x0000000182549000 	/usr/lib/system/libsystem_c.dylib
0x000000018f314000 	/usr/lib/system/libsystem_collections.dylib
0x000000018d974000 	/usr/lib/system/libsystem_configuration.dylib
0x000000018c9b0000 	/usr/lib/system/libsystem_containermanager.dylib
0x000000018ef53000 	/usr/lib/system/libsystem_coreservices.dylib
0x0000000185ad7000 	/usr/lib/system/libsystem_darwin.dylib
0x000000024ab1e000 	/usr/lib/system/libsystem_darwindirectory.dylib
0x000000018f321000 	/usr/lib/system/libsystem_dnssd.dylib
0x000000024ab22000 	/usr/lib/system/libsystem_eligibility.dylib
0x0000000182546000 	/usr/lib/system/libsystem_featureflags.dylib
0x00000001826e7000 	/usr/lib/system/libsystem_info.dylib
0x000000018f281000 	/usr/lib/system/libsystem_m.dylib
0x00000001824c1000 	/usr/lib/system/libsystem_malloc.dylib
0x0000000187da1000 	/usr/lib/system/libsystem_networkextension.dylib
0x0000000185f4d000 	/usr/lib/system/libsystem_notify.dylib
0x000000018d979000 	/usr/lib/system/libsystem_sandbox.dylib
0x000000024ab26000 	/usr/lib/system/libsystem_sanitizers.dylib
0x000000018f319000 	/usr/lib/system/libsystem_secinit.dylib
0x0000000182671000 	/usr/lib/system/libsystem_kernel.dylib
0x00000001826df000 	/usr/lib/system/libsystem_platform.dylib
0x00000001826ac000 	/usr/lib/system/libsystem_pthread.dylib
0x0000000189824000 	/usr/lib/system/libsystem_symptoms.dylib
0x00000001823fd000 	/usr/lib/system/libsystem_trace.dylib
0x000000018f2f2000 	/usr/lib/system/libunwind.dylib
0x00000001823b2000 	/usr/lib/system/libxpc.dylib
0x0000000182655000 	/usr/lib/libc++abi.dylib
0x000000018f2fe000 	/usr/lib/liboah.dylib
0x000000019078c000 	/usr/lib/liblzma.5.dylib
0x000000018f332000 	/usr/lib/libfakelink.dylib
0x00000001879cd000 	/System/Library/Frameworks/CFNetwork.framework/Versions/A/CFNetwork
0x000000018f386000 	/usr/lib/libarchive.2.dylib
0x00000001948bc000 	/System/Library/Frameworks/Combine.framework/Versions/A/Combine
0x000000021dee7000 	/System/Library/PrivateFrameworks/CollectionsInternal.framework/Versions/A/CollectionsInternal
0x0000000234897000 	/System/Library/PrivateFrameworks/ReflectionInternal.framework/Versions/A/ReflectionInternal
0x0000000234e29000 	/System/Library/PrivateFrameworks/RuntimeInternal.framework/Versions/A/RuntimeInternal
0x000000024a925000 	/usr/lib/swift/libswift_StringProcessing.dylib
0x0000000185de8000 	/System/Library/PrivateFrameworks/CoreServicesInternal.framework/Versions/A/CoreServicesInternal
0x000000018e7c3000 	/usr/lib/libbsm.0.dylib
0x000000018f2c4000 	/usr/lib/system/libkxld.dylib
0x000000018b01c000 	/System/Library/Frameworks/CoreServices.framework/Versions/A/Frameworks/FSEvents.framework/Versions/A/FSEvents
0x0000000185ae2000 	/System/Library/Frameworks/CoreServices.framework/Versions/A/Frameworks/CarbonCore.framework/Versions/A/CarbonCore
0x000000018a4f2000 	/System/Library/Frameworks/CoreServices.framework/Versions/A/Frameworks/Metadata.framework/Versions/A/Metadata
0x000000018ef59000 	/System/Library/Frameworks/CoreServices.framework/Versions/A/Frameworks/OSServices.framework/Versions/A/OSServices
0x000000018f40f000 	/System/Library/Frameworks/CoreServices.framework/Versions/A/Frameworks/SearchKit.framework/Versions/A/SearchKit
0x00000001897a5000 	/System/Library/Frameworks/CoreServices.framework/Versions/A/Frameworks/AE.framework/Versions/A/AE
0x0000000182bed000 	/System/Library/Frameworks/CoreServices.framework/Versions/A/Frameworks/LaunchServices.framework/Versions/A/LaunchServices
0x0000000190735000 	/System/Library/Frameworks/CoreServices.framework/Versions/A/Frameworks/DictionaryServices.framework/Versions/A/DictionaryServices
0x000000018b029000 	/System/Library/Frameworks/CoreServices.framework/Versions/A/Frameworks/SharedFileList.framework/Versions/A/SharedFileList
0x000000018f4af000 	/usr/lib/libapple_nghttp2.dylib
0x0000000189419000 	/usr/lib/libsqlite3.dylib
0x000000018982d000 	/System/Library/Frameworks/Network.framework/Versions/A/Network
0x00000002491e2000 	/usr/lib/libCoreEntitlements.dylib
0x000000022f7a1000 	/System/Library/PrivateFrameworks/MessageSecurity.framework/Versions/A/MessageSecurity
0x00000001893ff000 	/System/Library/PrivateFrameworks/ProtocolBuffer.framework/Versions/A/ProtocolBuffer
0x000000018ee82000 	/System/Library/PrivateFrameworks/AppleFSCompression.framework/Versions/A/AppleFSCompression
0x000000018e7ab000 	/usr/lib/libcoretls.dylib
0x00000001907ab000 	/usr/lib/libcoretls_cfhelpers.dylib
0x000000018f4df000 	/usr/lib/libpam.2.dylib
0x000000019081d000 	/usr/lib/libxar.1.dylib
0x0000000190c0b000 	/usr/lib/libheimdal-asn1.dylib
0x00000001879cc000 	/usr/lib/libnetwork.dylib
0x000000018f337000 	/usr/lib/libpcap.A.dylib
0x0000000189819000 	/usr/lib/libdns_services.dylib
0x000000018d981000 	/System/Library/PrivateFrameworks/AppleSystemInfo.framework/Versions/A/AppleSystemInfo
0x000000018e4a9000 	/System/Library/PrivateFrameworks/IOMobileFramebuffer.framework/Versions/A/IOMobileFramebuffer
0x000000024a87c000 	/usr/lib/swift/libswift_RegexParser.dylib
0x000000018ef46000 	/usr/lib/libbz2.1.0.dylib
0x000000018e79f000 	/usr/lib/libCheckFix.dylib
0x0000000187e4c000 	/System/Library/PrivateFrameworks/TCC.framework/Versions/A/TCC
0x000000018d987000 	/System/Library/PrivateFrameworks/CoreNLP.framework/Versions/A/CoreNLP
0x000000018a4ab000 	/System/Library/PrivateFrameworks/MetadataUtilities.framework/Versions/A/MetadataUtilities
0x000000018e7d5000 	/usr/lib/libmecab.dylib
0x000000018357d000 	/usr/lib/libCRFSuite.dylib
0x000000018e831000 	/usr/lib/libgermantok.dylib
0x000000018f486000 	/usr/lib/libThaiTokenizer.dylib
0x000000018a596000 	/System/Library/Frameworks/Accelerate.framework/Versions/A/Frameworks/vImage.framework/Versions/A/vImage
0x0000000196995000 	/System/Library/Frameworks/Accelerate.framework/Versions/A/Frameworks/vecLib.framework/Versions/A/vecLib
0x0000000190864000 	/System/Library/Frameworks/Accelerate.framework/Versions/A/Frameworks/vecLib.framework/Versions/A/libvMisc.dylib
0x000000018e384000 	/System/Library/Frameworks/Accelerate.framework/Versions/A/Frameworks/vecLib.framework/Versions/A/libvDSP.dylib
0x0000000182ff4000 	/System/Library/Frameworks/Accelerate.framework/Versions/A/Frameworks/vecLib.framework/Versions/A/libBLAS.dylib
0x000000018f5ba000 	/System/Library/Frameworks/Accelerate.framework/Versions/A/Frameworks/vecLib.framework/Versions/A/libLAPACK.dylib
0x000000018e834000 	/System/Library/Frameworks/Accelerate.framework/Versions/A/Frameworks/vecLib.framework/Versions/A/libLinearAlgebra.dylib
0x000000018f4ca000 	/System/Library/Frameworks/Accelerate.framework/Versions/A/Frameworks/vecLib.framework/Versions/A/libSparseBLAS.dylib
0x000000018f5b5000 	/System/Library/Frameworks/Accelerate.framework/Versions/A/Frameworks/vecLib.framework/Versions/A/libQuadrature.dylib
0x000000018dab0000 	/System/Library/Frameworks/Accelerate.framework/Versions/A/Frameworks/vecLib.framework/Versions/A/libBNNS.dylib
0x0000000183482000 	/System/Library/Frameworks/Accelerate.framework/Versions/A/Frameworks/vecLib.framework/Versions/A/libSparse.dylib
0x000000022def0000 	/System/Library/PrivateFrameworks/MIL.framework/Versions/A/MIL
0x000000018f36d000 	/usr/lib/libiconv.2.dylib
0x000000018f2b8000 	/usr/lib/libcharset.1.dylib
0x000000018affc000 	/System/Library/Frameworks/OpenDirectory.framework/Versions/A/Frameworks/CFOpenDirectory.framework/Versions/A/CFOpenDirectory
0x000000018afec000 	/System/Library/Frameworks/OpenDirectory.framework/Versions/A/OpenDirectory
0x00000001907ad000 	/System/Library/PrivateFrameworks/APFS.framework/Versions/A/APFS
0x000000018e6db000 	/System/Library/Frameworks/SecurityFoundation.framework/Versions/A/SecurityFoundation
0x000000019082c000 	/usr/lib/libutil.dylib
0x000000022c051000 	/System/Library/PrivateFrameworks/InstalledContentLibrary.framework/Versions/A/InstalledContentLibrary
0x0000000185e29000 	/System/Library/PrivateFrameworks/CoreServicesStore.framework/Versions/A/CoreServicesStore
0x000000021b694000 	/System/Library/PrivateFrameworks/AppleMobileFileIntegrity.framework/Versions/A/AppleMobileFileIntegrity
0x00000001a8049000 	/usr/lib/libmis.dylib
0x00000001b873b000 	/System/Library/PrivateFrameworks/MobileSystemServices.framework/Versions/A/MobileSystemServices
0x00000001d679d000 	/System/Library/PrivateFrameworks/ConfigProfileHelper.framework/Versions/A/ConfigProfileHelper
0x000000018f488000 	/System/Library/PrivateFrameworks/AppleSauce.framework/Versions/A/AppleSauce
0x00000001844c7000 	/System/Library/PrivateFrameworks/LanguageModeling.framework/Versions/A/LanguageModeling
0x0000000190830000 	/usr/lib/libxslt.1.dylib
0x000000018f374000 	/usr/lib/libcmph.dylib
0x000000018e475000 	/System/Library/PrivateFrameworks/CoreEmoji.framework/Versions/A/CoreEmoji
0x000000018daaa000 	/System/Library/PrivateFrameworks/LinguisticData.framework/Versions/A/LinguisticData
0x0000000183390000 	/System/Library/PrivateFrameworks/Lexicon.framework/Versions/A/Lexicon
0x000000018e769000 	/System/Library/PrivateFrameworks/BackgroundTaskManagement.framework/Versions/A/BackgroundTaskManagement
0x00000002493cc000 	/usr/lib/libTLE.dylib
0x00000001910fc000 	/System/Library/PrivateFrameworks/AppleJPEG.framework/Versions/A/AppleJPEG
0x0000000190bf0000 	/usr/lib/libexpat.1.dylib
0x0000000191724000 	/System/Library/Frameworks/ImageIO.framework/Versions/A/Resources/libPng.dylib
0x000000019174f000 	/System/Library/Frameworks/ImageIO.framework/Versions/A/Resources/libTIFF.dylib
0x000000019183a000 	/System/Library/Frameworks/ImageIO.framework/Versions/A/Resources/libGIF.dylib
0x0000000191142000 	/System/Library/Frameworks/ImageIO.framework/Versions/A/Resources/libJP2.dylib
0x00000001917df000 	/System/Library/Frameworks/ImageIO.framework/Versions/A/Resources/libJPEG.dylib
0x00000001917d6000 	/System/Library/Frameworks/ImageIO.framework/Versions/A/Resources/libRadiance.dylib
0x000000018cd9c000 	/System/Library/PrivateFrameworks/FontServices.framework/libFontParser.dylib
0x000000018973e000 	/System/Library/PrivateFrameworks/RunningBoardServices.framework/Versions/A/RunningBoardServices
0x000000019d2e9000 	/System/Library/PrivateFrameworks/IOSurfaceAccelerator.framework/Versions/A/IOSurfaceAccelerator
0x0000000191232000 	/System/Library/PrivateFrameworks/WatchdogClient.framework/Versions/A/WatchdogClient
0x00000001846ad000 	/System/Library/Frameworks/CoreDisplay.framework/Versions/A/CoreDisplay
0x000000018cc53000 	/System/Library/Frameworks/CoreMedia.framework/Versions/A/CoreMedia
0x000000018c9f3000 	/System/Library/PrivateFrameworks/IOAccelerator.framework/Versions/A/IOAccelerator
0x000000018b18f000 	/System/Library/Frameworks/CoreVideo.framework/Versions/A/CoreVideo
0x000000018f4dd000 	/System/Library/Frameworks/MetalPerformanceShaders.framework/Versions/A/MetalPerformanceShaders
0x0000000191275000 	/System/Library/Frameworks/VideoToolbox.framework/Versions/A/VideoToolbox
0x000000018b22b000 	/System/Library/PrivateFrameworks/UserManagement.framework/Versions/A/UserManagement
0x0000000189665000 	/System/Library/PrivateFrameworks/BaseBoard.framework/Versions/A/BaseBoard
0x000000018d97f000 	/System/Library/PrivateFrameworks/AggregateDictionary.framework/Versions/A/AggregateDictionary
0x000000021b4ce000 	/System/Library/PrivateFrameworks/AppleKeyStore.framework/Versions/A/AppleKeyStore
0x00000001917d1000 	/System/Library/PrivateFrameworks/GPUWrangler.framework/Versions/A/GPUWrangler
0x00000001917b1000 	/System/Library/PrivateFrameworks/IOPresentment.framework/Versions/A/IOPresentment
0x00000001917d9000 	/System/Library/PrivateFrameworks/DSExternalDisplay.framework/Versions/A/DSExternalDisplay
0x00000002280de000 	/System/Library/PrivateFrameworks/GPUCompiler.framework/Versions/32023/Libraries/libllvm-flatbuffers.dylib
0x00000001d9386000 	/System/Library/Frameworks/OpenGL.framework/Versions/A/Libraries/libCoreFSCache.dylib
0x0000000224d42000 	/System/Library/PrivateFrameworks/GPUCompiler.framework/Versions/32023/Libraries/libGPUCompilerUtils.dylib
0x0000000191840000 	/System/Library/PrivateFrameworks/CMCaptureCore.framework/Versions/A/CMCaptureCore
0x00000001de1da000 	/System/Library/Frameworks/ExtensionFoundation.framework/Versions/A/ExtensionFoundation
0x0000000198897000 	/System/Library/PrivateFrameworks/CoreTime.framework/Versions/A/CoreTime
0x0000000190dc4000 	/System/Library/PrivateFrameworks/AppServerSupport.framework/Versions/A/AppServerSupport
0x0000000193358000 	/System/Library/PrivateFrameworks/perfdata.framework/Versions/A/perfdata
0x00000001847d1000 	/System/Library/PrivateFrameworks/AudioToolboxCore.framework/Versions/A/AudioToolboxCore
0x000000018cc29000 	/System/Library/PrivateFrameworks/caulk.framework/Versions/A/caulk
0x0000000192bc6000 	/usr/lib/libAudioStatistics.dylib
0x00000001a7382000 	/System/Library/PrivateFrameworks/SystemPolicy.framework/Versions/A/SystemPolicy
0x0000000192e9f000 	/usr/lib/libSMC.dylib
0x000000019c891000 	/System/Library/Frameworks/CoreMIDI.framework/Versions/A/CoreMIDI
0x00000001916eb000 	/usr/lib/libAudioToolboxUtility.dylib
0x00000001a2783000 	/System/Library/PrivateFrameworks/OSAServicesClient.framework/Versions/A/OSAServicesClient
0x0000000193366000 	/usr/lib/libperfcheck.dylib
0x000000019834e000 	/System/Library/PrivateFrameworks/BoardServices.framework/Versions/A/BoardServices
0x0000000190ad8000 	/System/Library/PrivateFrameworks/PlugInKit.framework/Versions/A/PlugInKit
0x000000018e6cd000 	/System/Library/PrivateFrameworks/AssertionServices.framework/Versions/A/AssertionServices
0x000000019b9a2000 	/System/Library/PrivateFrameworks/ASEProcessing.framework/Versions/A/ASEProcessing
0x00000001c466c000 	/System/Library/PrivateFrameworks/Symbolication.framework/Versions/A/Symbolication
0x0000000233684000 	/System/Library/PrivateFrameworks/PhotosensitivityProcessing.framework/Versions/A/PhotosensitivityProcessing
0x0000000190d75000 	/System/Library/PrivateFrameworks/GraphVisualizer.framework/Versions/A/GraphVisualizer
0x00000001d93e8000 	/System/Library/Frameworks/OpenGL.framework/Versions/A/Libraries/libGLU.dylib
0x00000001d93a7000 	/System/Library/Frameworks/OpenGL.framework/Versions/A/Libraries/libGFXShared.dylib
0x00000001d9580000 	/System/Library/Frameworks/OpenGL.framework/Versions/A/Libraries/libGL.dylib
0x00000001d93b0000 	/System/Library/Frameworks/OpenGL.framework/Versions/A/Libraries/libGLImage.dylib
0x00000001d93a4000 	/System/Library/Frameworks/OpenGL.framework/Versions/A/Libraries/libCVMSPluginSupport.dylib
0x0000000249384000 	/usr/lib/libRosetta.dylib
0x00000001d938d000 	/System/Library/Frameworks/OpenGL.framework/Versions/A/Libraries/libCoreVMClient.dylib
0x0000000222f48000 	/System/Library/PrivateFrameworks/FontServices.framework/Versions/A/FontServices
0x0000000190d81000 	/System/Library/PrivateFrameworks/OTSVG.framework/Versions/A/OTSVG
0x000000018ad30000 	/System/Library/Frameworks/ApplicationServices.framework/Versions/A/Frameworks/ATS.framework/Versions/A/Resources/libFontRegistry.dylib
0x0000000190dcf000 	/System/Library/PrivateFrameworks/FontServices.framework/libhvf.dylib
0x0000000222f49000 	/System/Library/PrivateFrameworks/FontServices.framework/libXTFontStaticRegistryData.dylib
0x000000018d8c6000 	/System/Library/Frameworks/MetalPerformanceShaders.framework/Versions/A/Frameworks/MPSCore.framework/Versions/A/MPSCore
0x000000018edf0000 	/System/Library/Frameworks/MetalPerformanceShaders.framework/Versions/A/Frameworks/MPSImage.framework/Versions/A/MPSImage
0x000000018e849000 	/System/Library/Frameworks/MetalPerformanceShaders.framework/Versions/A/Frameworks/MPSNeuralNetwork.framework/Versions/A/MPSNeuralNetwork
0x000000018ec94000 	/System/Library/Frameworks/MetalPerformanceShaders.framework/Versions/A/Frameworks/MPSMatrix.framework/Versions/A/MPSMatrix
0x000000018ea9f000 	/System/Library/Frameworks/MetalPerformanceShaders.framework/Versions/A/Frameworks/MPSRayIntersector.framework/Versions/A/MPSRayIntersector
0x000000018ecc6000 	/System/Library/Frameworks/MetalPerformanceShaders.framework/Versions/A/Frameworks/MPSNDArray.framework/Versions/A/MPSNDArray
0x00000001dfab4000 	/System/Library/Frameworks/MetalPerformanceShaders.framework/Versions/A/Frameworks/MPSFunctions.framework/Versions/A/MPSFunctions
0x00000001dfa99000 	/System/Library/Frameworks/MetalPerformanceShaders.framework/Versions/A/Frameworks/MPSBenchmarkLoop.framework/Versions/A/MPSBenchmarkLoop
0x0000000182ea8000 	/System/Library/PrivateFrameworks/MetalTools.framework/Versions/A/MetalTools
0x00000001ac52b000 	/System/Library/PrivateFrameworks/IOAccelMemoryInfo.framework/Versions/A/IOAccelMemoryInfo
0x00000001b8634000 	/System/Library/PrivateFrameworks/kperf.framework/Versions/A/kperf
0x00000001a806e000 	/System/Library/PrivateFrameworks/GPURawCounter.framework/Versions/A/GPURawCounter
0x0000000198769000 	/System/Library/PrivateFrameworks/CoreSymbolication.framework/Versions/A/CoreSymbolication
0x00000001a801a000 	/System/Library/PrivateFrameworks/MallocStackLogging.framework/Versions/A/MallocStackLogging
0x000000019097a000 	/System/Library/PrivateFrameworks/CrashReporterSupport.framework/Versions/A/CrashReporterSupport
0x0000000198724000 	/System/Library/PrivateFrameworks/DebugSymbols.framework/Versions/A/DebugSymbols
0x00000001b6f9b000 	/System/Library/PrivateFrameworks/OSAnalytics.framework/Versions/A/OSAnalytics
0x000000024057d000 	/System/Library/PrivateFrameworks/VideoToolboxParavirtualizationSupport.framework/Versions/A/VideoToolboxParavirtualizationSupport
0x0000000190ba4000 	/System/Library/PrivateFrameworks/AppleVA.framework/Versions/A/AppleVA
0x0000000192c0e000 	/System/Library/Frameworks/ApplicationServices.framework/Versions/A/Frameworks/ATS.framework/Versions/A/ATS
0x0000000188b9d000 	/System/Library/Frameworks/ApplicationServices.framework/Versions/A/Frameworks/HIServices.framework/Versions/A/HIServices
0x000000019184e000 	/System/Library/Frameworks/ApplicationServices.framework/Versions/A/Frameworks/PrintCore.framework/Versions/A/PrintCore
0x0000000192ff8000 	/System/Library/Frameworks/ApplicationServices.framework/Versions/A/Frameworks/QD.framework/Versions/A/QD
0x0000000192fec000 	/System/Library/Frameworks/ApplicationServices.framework/Versions/A/Frameworks/ColorSyncLegacy.framework/Versions/A/ColorSyncLegacy
0x0000000192bde000 	/System/Library/Frameworks/ApplicationServices.framework/Versions/A/Frameworks/SpeechSynthesis.framework/Versions/A/SpeechSynthesis
0x000000019180a000 	/System/Library/Frameworks/ApplicationServices.framework/Versions/A/Frameworks/ATSUI.framework/Versions/A/ATSUI
0x0000000192f7f000 	/usr/lib/libcups.2.dylib
0x0000000193374000 	/System/Library/Frameworks/Kerberos.framework/Versions/A/Kerberos
0x0000000193385000 	/System/Library/Frameworks/GSS.framework/Versions/A/GSS
0x0000000192c8d000 	/usr/lib/libresolv.9.dylib
0x0000000190de0000 	/System/Library/PrivateFrameworks/Heimdal.framework/Versions/A/Heimdal
0x000000019a810000 	/System/Library/Frameworks/Kerberos.framework/Versions/A/Libraries/libHeimdalProxy.dylib
0x00000001933df000 	/System/Library/PrivateFrameworks/CommonAuth.framework/Versions/A/CommonAuth
0x00000001dcfc0000 	/System/Library/Frameworks/AVFAudio.framework/Versions/A/AVFAudio
0x00000001a27d2000 	/System/Library/PrivateFrameworks/AXCoreUtilities.framework/Versions/A/AXCoreUtilities
0x000000022d5c8000 	/System/Library/PrivateFrameworks/IsolatedCoreAudioClient.framework/Versions/A/IsolatedCoreAudioClient
0x0000000192b4a000 	/System/Library/PrivateFrameworks/AudioSession.framework/Versions/A/AudioSession
0x000000019465b000 	/System/Library/Frameworks/IOBluetooth.framework/Versions/A/IOBluetooth
0x0000000190caf000 	/System/Library/PrivateFrameworks/MediaExperience.framework/Versions/A/MediaExperience
0x0000000192989000 	/System/Library/PrivateFrameworks/AudioSession.framework/libSessionUtility.dylib
0x0000000193004000 	/System/Library/PrivateFrameworks/AudioResourceArbitration.framework/Versions/A/AudioResourceArbitration
0x00000001976dc000 	/System/Library/PrivateFrameworks/PowerLog.framework/Versions/A/PowerLog
0x00000001975fa000 	/System/Library/Frameworks/CoreBluetooth.framework/Versions/A/CoreBluetooth
0x000000019a811000 	/System/Library/Frameworks/AudioUnit.framework/Versions/A/AudioUnit
0x000000018e536000 	/System/Library/PrivateFrameworks/CoreUtils.framework/Versions/A/CoreUtils
0x0000000221193000 	/System/Library/PrivateFrameworks/CoreUtilsExtras.framework/Versions/A/CoreUtilsExtras
0x000000022bede000 	/System/Library/PrivateFrameworks/IO80211.framework/Versions/A/IO80211
0x0000000198292000 	/System/Library/PrivateFrameworks/FrontBoardServices.framework/Versions/A/FrontBoardServices
0x0000000199dd9000 	/System/Library/PrivateFrameworks/BackBoardServices.framework/Versions/A/BackBoardServices
0x0000000190c16000 	/System/Library/PrivateFrameworks/IconFoundation.framework/Versions/A/IconFoundation
0x00000001965d5000 	/System/Library/PrivateFrameworks/SpeechRecognitionCore.framework/Versions/A/SpeechRecognitionCore
0x00000001a27f1000 	/usr/lib/libAccessibility.dylib
0x0000000196ccf000 	/System/Library/Frameworks/MediaAccessibility.framework/Versions/A/MediaAccessibility
0x00000001c7d20000 	/System/Library/Frameworks/OSLog.framework/Versions/A/OSLog
0x00000001a7fa8000 	/System/Library/PrivateFrameworks/LoggingSupport.framework/Versions/A/LoggingSupport
0x0000000103da8000 	/Users/ikuya/.local/share/mise/installs/java/22.0.2/lib/server/libjvm.dylib
0x000000010281c000 	/Users/ikuya/.local/share/mise/installs/java/22.0.2/lib/libjimage.dylib
0x0000000102860000 	/Users/ikuya/.local/share/mise/installs/java/22.0.2/lib/libjava.dylib
0x0000000102af0000 	/Users/ikuya/.local/share/mise/installs/java/22.0.2/lib/libnio.dylib
0x0000000102ad0000 	/Users/ikuya/.local/share/mise/installs/java/22.0.2/lib/libnet.dylib
0x0000000102b38000 	/Users/ikuya/.local/share/mise/installs/java/22.0.2/lib/libzip.dylib
0x0000000102b10000 	/Users/ikuya/.local/share/mise/installs/java/22.0.2/lib/libverify.dylib
0x0000000103d18000 	/Users/ikuya/.tree-sitter/lib/aarch64-macos-tree-sitter.dylib
0x0000000102ba4000 	/Users/ikuya/.tree-sitter/lib/aarch64-macos-tree-sitter-go.dylib


VM Arguments:
jvm_args: -Dfile.encoding=UTF-8 -Duser.country=JP -Duser.language=en -Duser.variant 
java_command: kyutech.experiment.Analyzer
java_class_path (initial): /Users/ikuya/Documents/TokyoTech/Research/Sandbox/RefDiff/experiment-for-kyutech/build/classes/java/main:/Users/ikuya/Documents/TokyoTech/Research/Sandbox/RefDiff/experiment-for-kyutech/build/resources/main:/Users/ikuya/Documents/TokyoTech/Research/Sandbox/RefDiff/refdiff-universal/build/libs/refdiff-universal-2.0.0.jar:/Users/ikuya/.gradle/caches/modules-2/files-2.1/io.github.bonede/tree-sitter-javascript/0.23.1/a74d53beffbb030623ecd101a2ce60f9ea2b4806/tree-sitter-javascript-0.23.1.jar:/Users/ikuya/.gradle/caches/modules-2/files-2.1/io.github.bonede/tree-sitter-ruby/0.23.1/f77da9b2d4b0a888ec7943bb9405d76cd7355fe8/tree-sitter-ruby-0.23.1.jar:/Users/ikuya/.gradle/caches/modules-2/files-2.1/io.github.bonede/tree-sitter-go/0.23.3/c4e1a824549fcbfddf9c036b29980eee8e01a30d/tree-sitter-go-0.23.3.jar:/Users/ikuya/.gradle/caches/modules-2/files-2.1/io.github.bonede/tree-sitter-java/0.21.0a/ab45e65096b243ebf455f3f728ab6efd6d078183/tree-sitter-java-0.21.0a.jar:/Users/ikuya/.gradle/caches/modules-2/files-2.1/io.github.bonede/tree-sitter-c/0.23.2/6f344af77b361ca5be8ee098335a92f34749fc8f/tree-sitter-c-0.23.2.jar:/Users/ikuya/.gradle/caches/modules-2/files-2.1/io.github.bonede/tree-sitter-python/0.23.4/5436a3efab8eed2f115fba2071141af730df6793/tree-sitter-python-0.23.4.jar:/Users/ikuya/.gradle/caches/modules-2/files-2.1/io.github.bonede/tree-sitter-php/0.23.11/b4c0cc1c49c5eca0dfd130570cab3cf62b65be89/tree-sitter-php-0.23.11.jar:/Users/ikuya/.gradle/caches/modules-2/files-2.1/io.github.bonede/tree-sitter/0.24.4/df37a906ffedee9a0854f218aaf604f8d82263e2/tree-sitter-0.24.4.jar:/Users/ikuya/Documents/TokyoTech/Research/Sandbox/RefDiff/refdiff-java/build/libs/refdiff-java-2.0.0.jar:/Users/ikuya/Documents/TokyoTech/Research/Sandbox/RefDiff/refdiff-core/build/libs/refdiff-core-2.0.0.jar:/Users/ikuya/.gradle/caches/modules-2/files-2.1/org.eclipse.jdt/org.eclipse.jdt.core/3.16.0/c0767741a4699ef4d2b657b820f8e5def839a53f/org.eclipse.jdt.core-3.16.0.jar:/Users/ikuya/.gradle/caches/modules-2/files-2.1/com.fasterxml.jackson.core/jackson-databind/2.8.9/4dfca3975be3c1a98eacb829e70f02e9a71bc159/jackson-databind-2.8.9.jar:/Users/ikuya/.gradle/caches/modules-2/files-2.1/org.eclipse.jgit/org.eclipse.jgit/4.7.0.201704051617-r/99be65d1827276b97d4f51668b60f4a38f282bda/org.eclipse.jgit-4.7.0.201704051617-r.jar:/Users/ikuya/.gradle/caches/modules-2/files-2.1/org.slf4j/slf4j-simple/1.7.30/e606eac955f55ecf1d8edcccba04eb8ac98088dd/slf4j-simple-1.7.30.jar:/Users/ikuya/.gradle/caches/modules-2/files-2.1/com.fasterxml.jackson.core/jackson-core/2.8.9/569b1752705da98f49aabe2911cc956ff7d8ed9d/jackson-core-2.8.9.jar:/Users/ikuya/.gradle/caches/modules-2/files-2.1/com.fasterxml.jackson.core/jackson-annotations/2.8.9/e0e758381a6579cb2029dace23a7209b90ac7232/jackson-annotations-2.8.9.jar:/Users/ikuya/.gradle/caches/modules-2/files-2.1/com.ibm.icu/icu4j/61.1/28d33b5e44e72edcc66a5da7a34a42147f38d987/icu4j-61.1.jar:/Users/ikuya/.gradle/caches/modules-2/files-2.1/org.eclipse.platform/org.eclipse.core.resources/3.22.200/1993be5a5830d8161035be9e752b7855a8e3de01/org.eclipse.core.resources-3.22.200.jar:/Users/ikuya/.gradle/caches/modules-2/files-2.1/org.eclipse.platform/org.eclipse.core.filesystem/1.11.200/e40f4abe4260687d216604c57dd4b5adcc78cefb/org.eclipse.core.filesystem-1.11.200.jar:/Users/ikuya/.gradle/caches/modules-2/files-2.1/org.eclipse.platform/org.eclipse.text/3.14.300/d54b0fea69f001f33c46cda9f86c65ca9a0c9ea6/org.eclipse.text-3.14.300.jar:/Users/ikuya/.gradle/caches/modules-2/files-2.1/org.eclipse.platform/org.eclipse.core.expressions/3.9.400/5c29a8b92d6ae9b9d5f70ef1db19cec2c7bb0688/org.eclipse.core.expressions-3.9.400.jar:/Users/ikuya/.gradle/caches/modules-2/files-2.1/org.eclipse.platform/org.eclipse.core.runtime/3.33.100/fb7b2cf11912368d06833dd6b153a66982511dc0/org.eclipse.core.runtime-3.33.100.jar:/Users/ikuya/.gradle/caches/modules-2/files-2.1/com.jcraft/jsch/0.1.54/da3584329a263616e277e15462b387addd1b208d/jsch-0.1.54.jar:/Users/ikuya/.gradle/caches/modules-2/files-2.1/com.googlecode.javaewah/JavaEWAH/1.1.6/94ad16d728b374d65bd897625f3fbb3da223a2b6/JavaEWAH-1.1.6.jar:/Users/ikuya/.gradle/caches/modules-2/files-2.1/org.apache.httpcomponents/httpclient/4.3.6/4c47155e3e6c9a41a28db36680b828ced53b8af4/httpclient-4.3.6.jar:/Users/ikuya/.gradle/caches/modules-2/files-2.1/org.slf4j/slf4j-api/1.7.30/b5a4b6d16ab13e34a88fae84c35cd5d68cac922c/slf4j-api-1.7.30.jar:/Users/ikuya/.gradle/caches/modules-2/files-2.1/net.java.dev.jna/jna-platform/5.17.0/a4934c44d25a9d8c2ddf4203affd20330cb3426f/jna-platform-5.17.0.jar:/Users/ikuya/.gradle/caches/modules-2/files-2.1/net.java.dev.jna/jna/5.17.0/33d12735bef894440780fce64f9758d420c7bae2/jna-5.17.0.jar:/Users/ikuya/.gradle/caches/modules-2/files-2.1/org.eclipse.platform/org.eclipse.core.jobs/3.15.600/ac52929ec33e48ddb07e1c923395b653d7d00dc0/org.eclipse.core.jobs-3.15.600.jar:/Users/ikuya/.gradle/caches/modules-2/files-2.1/org.eclipse.platform/org.eclipse.core.contenttype/3.9.600/76cf366809d40e675ef2446493b05d0f34633d49/org.eclipse.core.contenttype-3.9.600.jar:/Users/ikuya/.gradle/caches/modules-2/files-2.1/org.eclipse.platform/org.eclipse.equinox.app/1.7.400/fafb245373e3e7ff5cb1f30fd055d3f057caf597/org.eclipse.equinox.app-1.7.400.jar:/Users/ikuya/.gradle/caches/modules-2/files-2.1/org.eclipse.platform/org.eclipse.equinox.registry/3.12.400/861b8ee0821f15baab335ccfb717e714741e33b4/org.eclipse.equinox.registry-3.12.400.jar:/Users/ikuya/.gradle/caches/modules-2/files-2.1/org.eclipse.platform/org.eclipse.equinox.preferences/3.11.400/7d0e8947453ce9ea45ca169a773bd14f683bf9c2/org.eclipse.equinox.preferences-3.11.400.jar:/Users/ikuya/.gradle/caches/modules-2/files-2.1/org.eclipse.platform/org.eclipse.core.commands/3.12.300/b12bc043debd377259d65dea479d5a2f2df7c603/org.eclipse.core.commands-3.12.300.jar:/Users/ikuya/.gradle/caches/modules-2/files-2.1/org.eclipse.platform/org.eclipse.equinox.common/3.20.100/12a1079955e24f550536fbfc6c27671001256671/org.eclipse.equinox.common-3.20.100.jar:/Users/ikuya/.gradle/caches/modules-2/files-2.1/org.eclipse.platform/org.eclipse.osgi/3.23.100/47c56af2f6d04059e9e1f6090ed9addcd08d48c9/org.eclipse.osgi-3.23.100.jar:/Users/ikuya/.gradle/caches/modules-2/files-2.1/org.apache.httpcomponents/httpcore/4.3.3/f91b7a4aadc5cf486df6e4634748d7dd7a73f06d/httpcore-4.3.3.jar:/Users/ikuya/.gradle/caches/modules-2/files-2.1/commons-logging/commons-logging/1.1.3/f6f66e966c70a83ffbdb6f17a0919eaf7c8aca7f/commons-logging-1.1.3.jar:/Users/ikuya/.gradle/caches/modules-2/files-2.1/commons-codec/commons-codec/1.6/b7f0fc8f61ecadeb3695f0b9464755eee44374d4/commons-codec-1.6.jar:/Users/ikuya/.gradle/caches/modules-2/files-2.1/org.osgi/org.osgi.service.prefs/1.1.2/44351fdfb119ee920394c1a27c938288c93c03c8/org.osgi.service.prefs-1.1.2.jar:/Users/ikuya/.gradle/caches/modules-2/files-2.1/org.osgi/osgi.annotation/8.0.1/593d823753aa6e128129da357d7891758e66aa1d/osgi.annotation-8.0.1.jar
Launcher Type: SUN_STANDARD

[Global flags]
     intx CICompilerCount                          = 4                                         {product} {ergonomic}
     uint ConcGCThreads                            = 2                                         {product} {ergonomic}
     uint G1ConcRefinementThreads                  = 8                                         {product} {ergonomic}
   size_t G1HeapRegionSize                         = 2097152                                   {product} {ergonomic}
   size_t InitialHeapSize                          = 268435456                                 {product} {ergonomic}
   size_t MarkStackSize                            = 4194304                                   {product} {ergonomic}
   size_t MaxHeapSize                              = 4294967296                                {product} {ergonomic}
   size_t MaxNewSize                               = 2575302656                                {product} {ergonomic}
   size_t MinHeapDeltaBytes                        = 2097152                                   {product} {ergonomic}
   size_t MinHeapSize                              = 8388608                                   {product} {ergonomic}
    uintx NonNMethodCodeHeapSize                   = 5839564                                {pd product} {ergonomic}
    uintx NonProfiledCodeHeapSize                  = 122909338                              {pd product} {ergonomic}
    uintx ProfiledCodeHeapSize                     = 122909338                              {pd product} {ergonomic}
    uintx ReservedCodeCacheSize                    = 251658240                              {pd product} {ergonomic}
     bool SegmentedCodeCache                       = true                                      {product} {ergonomic}
   size_t SoftMaxHeapSize                          = 4294967296                             {manageable} {ergonomic}
     bool UseCompressedOops                        = true                           {product lp64_product} {ergonomic}
     bool UseG1GC                                  = true                                      {product} {ergonomic}
     bool UseNUMA                                  = false                                     {product} {ergonomic}
     bool UseNUMAInterleaving                      = false                                     {product} {ergonomic}

Logging:
Log output configuration:
 #0: stdout all=warning uptime,level,tags foldmultilines=false
 #1: stderr all=off uptime,level,tags foldmultilines=false

Environment Variables:
JAVA_HOME=/Users/ikuya/.local/share/mise/installs/java/22.0.2
PATH=/opt/homebrew/opt/mysql@8.4/bin:/Applications/Racket/bin:/Users/ikuya/.local/share/mise/installs/python/3.12.2/bin:/Users/ikuya/.local/share/mise/installs/node/22.1.0/bin:/Users/ikuya/.local/share/mise/installs/go/1.23.2/bin:/Users/ikuya/.local/share/mise/installs/poetry/1.8.2/bin:/Users/ikuya/.local/share/mise/installs/java/22.0.2/bin:/opt/homebrew/bin:/opt/homebrew/sbin:/usr/local/bin:/System/Cryptexes/App/usr/bin:/usr/bin:/bin:/usr/sbin:/sbin:/var/run/com.apple.security.cryptexd/codex.system/bootstrap/usr/local/bin:/var/run/com.apple.security.cryptexd/codex.system/bootstrap/usr/bin:/var/run/com.apple.security.cryptexd/codex.system/bootstrap/usr/appleinternal/bin:/Library/TeX/texbin:/Users/ikuya/.local/bin
SHELL=/bin/zsh
LC_CTYPE=UTF-8
TERM=xterm-256color
TMPDIR=/var/folders/lc/w49l8hmn7c17ntytg27lfphw0000gn/T/

Active Locale:
LC_ALL=C/UTF-8/C/C/C/C
LC_COLLATE=C
LC_CTYPE=UTF-8
LC_MESSAGES=C
LC_MONETARY=C
LC_NUMERIC=C
LC_TIME=C

Signal Handlers:
   SIGSEGV: crash_handler in libjvm.dylib, mask=11100110000111110111111111111111, flags=SA_ONSTACK|SA_RESTART|SA_SIGINFO, unblocked
    SIGBUS: crash_handler in libjvm.dylib, mask=11100110000111110111111111111111, flags=SA_RESTART|SA_SIGINFO, unblocked
    SIGFPE: crash_handler in libjvm.dylib, mask=11100110000111110111111111111111, flags=SA_RESTART|SA_SIGINFO, unblocked
   SIGPIPE: javaSignalHandler in libjvm.dylib, mask=11100110000111110111111111111111, flags=SA_RESTART|SA_SIGINFO, blocked
   SIGXFSZ: javaSignalHandler in libjvm.dylib, mask=11100110000111110111111111111111, flags=SA_RESTART|SA_SIGINFO, blocked
    SIGILL: crash_handler in libjvm.dylib, mask=11100110000111110111111111111111, flags=SA_RESTART|SA_SIGINFO, unblocked
   SIGUSR2: SR_handler in libjvm.dylib, mask=00000000000000000000000000000000, flags=SA_RESTART|SA_SIGINFO, blocked
    SIGHUP: UserHandler in libjvm.dylib, mask=11100110000111110111111111111111, flags=SA_RESTART|SA_SIGINFO, blocked
    SIGINT: UserHandler in libjvm.dylib, mask=11100110000111110111111111111111, flags=SA_RESTART|SA_SIGINFO, blocked
   SIGTERM: UserHandler in libjvm.dylib, mask=11100110000111110111111111111111, flags=SA_RESTART|SA_SIGINFO, blocked
   SIGQUIT: UserHandler in libjvm.dylib, mask=11100110000111110111111111111111, flags=SA_RESTART|SA_SIGINFO, blocked
   SIGTRAP: crash_handler in libjvm.dylib, mask=11100110000111110111111111111111, flags=SA_RESTART|SA_SIGINFO, unblocked


Periodic native trim disabled

---------------  S Y S T E M  ---------------

OS:
uname: Darwin 23.5.0 Darwin Kernel Version 23.5.0: Wed May  1 20:19:05 PDT 2024; root:xnu-10063.121.3~5/RELEASE_ARM64_T8112 arm64
OS uptime: 251 days 15:10 hours
rlimit (soft/hard): STACK 8176k/65520k , CORE 0k/infinity , NPROC 2666/4000 , NOFILE 10240/infinity , AS infinity/infinity , CPU infinity/infinity , DATA infinity/infinity , FSIZE infinity/infinity , MEMLOCK infinity/infinity , RSS infinity/infinity
load average: 2.91 2.60 2.59

CPU: total 8 (initial active 8) 0x61:0x0:0xda33d83d:0, fp, asimd, aes, pmull, sha1, sha256, crc32, lse, sha3, sha512
machdep.cpu.brand_string:Apple M2
hw.cachelinesize:128
hw.l1icachesize:131072
hw.l1dcachesize:65536
hw.l2cachesize:4194304

Memory: 16k page, physical 16777216k(81344k free), swap 7340032k(1024832k free)

vm_info: OpenJDK 64-Bit Server VM (22.0.2+9-70) for bsd-aarch64 JRE (22.0.2+9-70), built on 2024-06-04T16:52:23Z by "mach5one" with clang Apple LLVM 14.0.3 (clang-1403.0.22.14.1)

END.
