#
# A fatal error has been detected by the Java Runtime Environment:
#
#  SIGSEGV (0xb) at pc=0x0000000100d14f54, pid=7923, tid=8963
#
# JRE version: OpenJDK Runtime Environment (22.0.2+9) (build 22.0.2+9-70)
# Java VM: OpenJDK 64-Bit Server VM (22.0.2+9-70, mixed mode, sharing, tiered, compressed oops, compressed class ptrs, g1 gc, bsd-aarch64)
# Problematic frame:
# C  [aarch64-macos-tree-sitter.dylib+0x14f54]  ts_query_cursor__advance+0x1328
#
# No core dump will be written. Core dumps have been disabled. To enable core dumping, try "ulimit -c unlimited" before starting Java again
#
# If you would like to submit a bug report, please visit:
#   https://bugreport.java.com/bugreport/crash.jsp
# The crash happened outside the Java Virtual Machine in native code.
# See problematic frame for where to report the bug.
#

---------------  S U M M A R Y ------------

Command Line: -Dfile.encoding=UTF-8 -Duser.country=JP -Duser.language=en -Duser.variant kyutech.experiment.Analyzer

Host: "Mac14,2" arm64, 8 cores, 16G, Darwin 23.5.0, macOS 14.5 (23F79)
Time: Mon Aug 25 01:33:02 2025 JST elapsed time: 372.443495 seconds (0d 0h 6m 12s)

---------------  T H R E A D  ---------------

Current thread (0x000000011d014e00):  JavaThread "main"             [_thread_in_native, id=8963, stack(0x000000016f8e0000,0x000000016fae3000) (2060K)]

Stack: [0x000000016f8e0000,0x000000016fae3000],  sp=0x000000016fae1f20,  free space=2055k
Native frames: (J=compiled Java code, j=interpreted, Vv=VM code, C=native code)
C  [aarch64-macos-tree-sitter.dylib+0x14f54]  ts_query_cursor__advance+0x1328
C  [aarch64-macos-tree-sitter.dylib+0x13b1c]  ts_query_cursor_next_match+0x3c
C  [aarch64-macos-tree-sitter.dylib+0x2fa50]  Java_org_treesitter_TSParser_ts_1query_1cursor_1next_1match+0x38
J 986  org.treesitter.TSParser.ts_query_cursor_next_match(JLorg/treesitter/TSQueryMatch;)Z (0 bytes) @ 0x000000012fb23574 [0x000000012fb234c0+0x00000000000000b4]
J 1379 c2 refdiff.parsers.universal.common.Tokenizer.tokenize(Lorg/treesitter/TSTree;Lorg/treesitter/TSLanguage;Ljava/lang/String;)Lrefdiff/core/cst/TokenizedSource; (167 bytes) @ 0x000000012fb57458 [0x000000012fb57180+0x00000000000002d8]
j  refdiff.parsers.universal.go.GoParser.parse(Lrefdiff/core/io/SourceFileSet;)Lrefdiff/core/cst/CstRoot;+224
j  refdiff.parsers.universal.UniversalPlugin.parse(Lrefdiff/core/io/SourceFileSet;)Lrefdiff/core/cst/CstRoot;+144
j  refdiff.core.diff.CstComparator$DiffBuilder.<init>(Lrefdiff/core/diff/CstComparator;Lrefdiff/core/diff/similarity/SourceRepresentationBuilder;Lrefdiff/core/io/SourceFileSet;Lrefdiff/core/io/SourceFileSet;Lrefdiff/core/diff/CstComparatorMonitor;)V+60
j  refdiff.core.diff.CstComparator.compare(Lrefdiff/core/io/SourceFileSet;Lrefdiff/core/io/SourceFileSet;Lrefdiff/core/diff/CstComparatorMonitor;)Lrefdiff/core/diff/CstDiff;+20
j  refdiff.core.diff.CstComparator.compare(Lrefdiff/core/util/PairBeforeAfter;Lrefdiff/core/diff/CstComparatorMonitor;)Lrefdiff/core/diff/CstDiff;+16
j  refdiff.core.RefDiff.computeDiffForCommit(Ljava/io/File;Ljava/lang/String;Lrefdiff/core/diff/CstComparatorMonitor;)Lrefdiff/core/diff/CstDiff;+25
j  refdiff.core.RefDiff.computeDiffForCommit(Ljava/io/File;Ljava/lang/String;)Lrefdiff/core/diff/CstDiff;+11
j  kyutech.experiment.Analyzer.main([Ljava/lang/String;)V+771
v  ~StubRoutines::call_stub 0x000000012f534154
V  [libjvm.dylib+0x4b12f0]  JavaCalls::call_helper(JavaValue*, methodHandle const&, JavaCallArguments*, JavaThread*)+0x3d8
V  [libjvm.dylib+0x52b990]  jni_invoke_static(JNIEnv_*, JavaValue*, _jobject*, JNICallType, _jmethodID*, JNI_ArgumentPusher*, JavaThread*)+0x170
V  [libjvm.dylib+0x52f38c]  jni_CallStaticVoidMethod+0x114
C  [libjli.dylib+0xa0f8]  invokeStaticMainWithArgs+0x94
C  [libjli.dylib+0xab80]  JavaMain+0x780
C  [libjli.dylib+0xd5d0]  ThreadJavaMain+0xc
C  [libsystem_pthread.dylib+0x6f94]  _pthread_start+0x88
Java frames: (J=compiled Java code, j=interpreted, Vv=VM code)
J 986  org.treesitter.TSParser.ts_query_cursor_next_match(JLorg/treesitter/TSQueryMatch;)Z (0 bytes) @ 0x000000012fb23574 [0x000000012fb234c0+0x00000000000000b4]
J 1379 c2 refdiff.parsers.universal.common.Tokenizer.tokenize(Lorg/treesitter/TSTree;Lorg/treesitter/TSLanguage;Ljava/lang/String;)Lrefdiff/core/cst/TokenizedSource; (167 bytes) @ 0x000000012fb57458 [0x000000012fb57180+0x00000000000002d8]
j  refdiff.parsers.universal.go.GoParser.parse(Lrefdiff/core/io/SourceFileSet;)Lrefdiff/core/cst/CstRoot;+224
j  refdiff.parsers.universal.UniversalPlugin.parse(Lrefdiff/core/io/SourceFileSet;)Lrefdiff/core/cst/CstRoot;+144
j  refdiff.core.diff.CstComparator$DiffBuilder.<init>(Lrefdiff/core/diff/CstComparator;Lrefdiff/core/diff/similarity/SourceRepresentationBuilder;Lrefdiff/core/io/SourceFileSet;Lrefdiff/core/io/SourceFileSet;Lrefdiff/core/diff/CstComparatorMonitor;)V+60
j  refdiff.core.diff.CstComparator.compare(Lrefdiff/core/io/SourceFileSet;Lrefdiff/core/io/SourceFileSet;Lrefdiff/core/diff/CstComparatorMonitor;)Lrefdiff/core/diff/CstDiff;+20
j  refdiff.core.diff.CstComparator.compare(Lrefdiff/core/util/PairBeforeAfter;Lrefdiff/core/diff/CstComparatorMonitor;)Lrefdiff/core/diff/CstDiff;+16
j  refdiff.core.RefDiff.computeDiffForCommit(Ljava/io/File;Ljava/lang/String;Lrefdiff/core/diff/CstComparatorMonitor;)Lrefdiff/core/diff/CstDiff;+25
j  refdiff.core.RefDiff.computeDiffForCommit(Ljava/io/File;Ljava/lang/String;)Lrefdiff/core/diff/CstDiff;+11
j  kyutech.experiment.Analyzer.main([Ljava/lang/String;)V+771
v  ~StubRoutines::call_stub 0x000000012f534154

siginfo: si_signo: 11 (SIGSEGV), si_code: 2 (SEGV_ACCERR), si_addr: 0x000000000000000e

Registers:
 x0=0x000000030172a4b0  x1=0x000000016fae1f00  x2=0x0000000000000000  x3=0x000000030172a4c0
 x4=0x0000000000000001  x5=0x000000016fae1ef0  x6=0x000000000001000a  x7=0x00000003016720c0
 x8=0x0000000000000000  x9=0x0000000000000000 x10=0x0000000000000014 x11=0x0000000010410520
x12=0x0000000010410520 x13=0x0000000010410520 x14=0x00000000ffffffff x15=0x000000000000e362
x16=0x00000001826e31a0 x17=0x00000001f48a2370 x18=0x0000000000000000 x19=0x000000000000e362
x20=0x00000000e3ba6809 x21=0x000000071dd6cddc x22=0x00000007017e8910 x23=0x00000000e3d17c8f
x24=0x000000071e8be478 x25=0x000000071e8be488 x26=0x000000013956a5d0 x27=0x000000071e8bac30
x28=0x000000011d014e00  fp=0x000000016fae23c0  lr=0x0000000100d14fd8  sp=0x000000016fae1f20
pc=0x0000000100d14f54 cpsr=0x0000000080001000

Register to memory mapping:

x0 =0x000000030172a4b0 points into unknown readable memory: 0x00000001ffffffff | ff ff ff ff 01 00 00 00
x1 =0x000000016fae1f00 is pointing into the stack for thread: 0x000000011d014e00
x2 =0x0 is null
x3 =0x000000030172a4c0 points into unknown readable memory: 0x0000000000000000 | 00 00 00 00 00 00 00 00
x4 =0x0000000000000001 is an unknown value
x5 =0x000000016fae1ef0 is pointing into the stack for thread: 0x000000011d014e00
x6 =0x000000000001000a is an unknown value
x7 =0x00000003016720c0 points into unknown readable memory: 0x0000000301672408 | 08 24 67 01 03 00 00 00
x8 =0x0 is null
x9 =0x0 is null
x10=0x0000000000000014 is an unknown value
x11=0x0000000010410520 is an unknown value
x12=0x0000000010410520 is an unknown value
x13=0x0000000010410520 is an unknown value
x14=0x00000000ffffffff is an unknown value
x15=0x000000000000e362 is an unknown value
x16=0x00000001826e31a0: _platform_memmove+0 in /usr/lib/system/libsystem_platform.dylib at 0x00000001826df000
x17=0x00000001f48a2370 points into unknown readable memory: 0x00000001826e31a0 | a0 31 6e 82 01 00 00 00
x18=0x0 is null
x19=0x000000000000e362 is an unknown value
x20=3820644361 is a compressed pointer to object: [Ljava.lang.Object; 
{0x000000071dd34048} - klass: 'java/lang/Object'[]
 - length: 71140
x21=
[error occurred during error reporting (printing register info), id 0xb, SIGSEGV (0xb) at pc=0x00000001064390a0]
x22=0x00000007017e8910 is an oop: jdk.internal.ref.CleanerImpl$PhantomCleanableRef 
{0x00000007017e8910} - klass: 'jdk/internal/ref/CleanerImpl$PhantomCleanableRef'
 - ---- fields (total size 6 words):
 - private 'referent' 'Ljava/lang/Object;' @12  null (0x00000000)
 - volatile 'queue' 'Ljava/lang/ref/ReferenceQueue;' @16  a 'java/lang/ref/ReferenceQueue$Null'{0x00000007005514b8} (0xe00aa297)
 - volatile 'next' 'Ljava/lang/ref/Reference;' @20  null (0x00000000)
 - private transient 'discovered' 'Ljava/lang/ref/Reference;' @24  null (0x00000000)
 - 'prev' 'Ljdk/internal/ref/PhantomCleanable;' @28  a 'jdk/internal/ref/CleanerImpl$CleanerCleanable'{0x00000007017e8940} (0xe02fd128)
 - 'next' 'Ljdk/internal/ref/PhantomCleanable;' @32  a 'jdk/internal/ref/CleanerImpl$PhantomCleanableRef'{0x000000071dcbeea8} (0xe3b97dd5)
 - private final 'list' 'Ljdk/internal/ref/PhantomCleanable;' @36  a 'jdk/internal/ref/CleanerImpl$PhantomCleanableRef'{0x00000007017e8910} (0xe02fd122)
 - private final 'action' 'Ljava/lang/Runnable;' @40  null (0x00000000)
x23=3822156943 is a compressed pointer to object: jdk.internal.ref.CleanerImpl$PhantomCleanableRef 
{0x000000071e8be478} - klass: 'jdk/internal/ref/CleanerImpl$PhantomCleanableRef'
 - ---- fields (total size 6 words):
 - private 'referent' 'Ljava/lang/Object;' @12  a 'org/treesitter/TSQueryCursor'{0x000000071e8be448} (0xe3d17c89)
 - volatile 'queue' 'Ljava/lang/ref/ReferenceQueue;' @16  a 'java/lang/ref/ReferenceQueue'{0x00000007017c3a00} (0xe02f8740)
 - volatile 'next' 'Ljava/lang/ref/Reference;' @20  null (0x00000000)
 - private transient 'discovered' 'Ljava/lang/ref/Reference;' @24  null (0x00000000)
 - 'prev' 'Ljdk/internal/ref/PhantomCleanable;' @28  a 'jdk/internal/ref/CleanerImpl$PhantomCleanableRef'{0x00000007017e8910} (0xe02fd122)
 - 'next' 'Ljdk/internal/ref/PhantomCleanable;' @32  a 'jdk/internal/ref/CleanerImpl$PhantomCleanableRef'{0x000000071e8be418} (0xe3d17c83)
 - private final 'list' 'Ljdk/internal/ref/PhantomCleanable;' @36  a 'jdk/internal/ref/CleanerImpl$PhantomCleanableRef'{0x00000007017e8910} (0xe02fd122)
 - private final 'action' 'Ljava/lang/Runnable;' @40  a 'org/treesitter/TSQueryCursor$TSQueryCursorCleanAction'{0x000000071e8be460} (0xe3d17c8c)
x24=0x000000071e8be478 is an oop: jdk.internal.ref.CleanerImpl$PhantomCleanableRef 
{0x000000071e8be478} - klass: 'jdk/internal/ref/CleanerImpl$PhantomCleanableRef'
 - ---- fields (total size 6 words):
 - private 'referent' 'Ljava/lang/Object;' @12  a 'org/treesitter/TSQueryCursor'{0x000000071e8be448} (0xe3d17c89)
 - volatile 'queue' 'Ljava/lang/ref/ReferenceQueue;' @16  a 'java/lang/ref/ReferenceQueue'{0x00000007017c3a00} (0xe02f8740)
 - volatile 'next' 'Ljava/lang/ref/Reference;' @20  null (0x00000000)
 - private transient 'discovered' 'Ljava/lang/ref/Reference;' @24  null (0x00000000)
 - 'prev' 'Ljdk/internal/ref/PhantomCleanable;' @28  a 'jdk/internal/ref/CleanerImpl$PhantomCleanableRef'{0x00000007017e8910} (0xe02fd122)
 - 'next' 'Ljdk/internal/ref/PhantomCleanable;' @32  a 'jdk/internal/ref/CleanerImpl$PhantomCleanableRef'{0x000000071e8be418} (0xe3d17c83)
 - private final 'list' 'Ljdk/internal/ref/PhantomCleanable;' @36  a 'jdk/internal/ref/CleanerImpl$PhantomCleanableRef'{0x00000007017e8910} (0xe02fd122)
 - private final 'action' 'Ljava/lang/Runnable;' @40  a 'org/treesitter/TSQueryCursor$TSQueryCursorCleanAction'{0x000000071e8be460} (0xe3d17c8c)
x25=0x000000071e8be488 points into unknown readable memory: 0x00000000e02f8740 | 40 87 2f e0 00 00 00 00
x26=0x000000013956a5d0 is pointing into metadata
x27=0x000000071e8bac30 is an oop: [Ljava.util.HashMap$Node; 
{0x000000071e8bac30} - klass: 'java/util/HashMap$Node'[]
 - length: 16
x28=0x000000011d014e00 is a thread
 fp=0x000000016fae23c0 is pointing into the stack for thread: 0x000000011d014e00
 lr=0x0000000100d14fd8: ts_query_cursor__advance+0x13ac in /Users/ikuya/.tree-sitter/lib/aarch64-macos-tree-sitter.dylib at 0x0000000100d00000
 sp=0x000000016fae1f20 is pointing into the stack for thread: 0x000000011d014e00

Top of Stack: (sp=0x000000016fae1f20)
0x000000016fae1f20:   000000023957cbd0 000000011ce0cc50
0x000000016fae1f30:   000000016fae2138 0000000100000001
0x000000016fae1f40:   0000000000000001 0000000100000001
0x000000016fae1f50:   0000000000000000 0000000000000000
0x000000016fae1f60:   0000000000000000 0000000000000000
0x000000016fae1f70:   0000000000000000 000000016fae2150
0x000000016fae1f80:   000000016fae204c 000000016fae1fd0
0x000000016fae1f90:   0000000100c50f58 00001ffe0044e8b0
0x000000016fae1fa0:   00001ffe0109c088 000000016fae2118
0x000000016fae1fb0:   000000030172a4b0 0000000000000000
0x000000016fae1fc0:   0000000200000001 000000030172a2e4
0x000000016fae1fd0:   000000013957f77c 0000002000000000
0x000000016fae1fe0:   0000000100000006 010000013957cbd0
0x000000016fae1ff0:   000000030172a2d0 0000000100000005
0x000000016fae2000:   0040004100000000 0000000200000018
0x000000016fae2010:   0000000000000000 0000000a00000000
0x000000016fae2020:   000000030172a2d0 000000011e55f8b0
0x000000016fae2030:   0000000000000001 0000010100010100
0x000000016fae2040:   0000000200003e75 00003e7500000000
0x000000016fae2050:   0000000000000008 0000000800003e75
0x000000016fae2060:   0000000200003e75 000578e3000578e9
0x000000016fae2070:   0000000100c50f58 00001ffe0044e8b0
0x000000016fae2080:   0000000000000000 000000016fae2118
0x000000016fae2090:   000000030172a3f0 000000010651b084
0x000000016fae20a0:   000000030172a4b0 000000030172a4a0
0x000000016fae20b0:   0000000100000001 000000010000f2eb
0x000000016fae20c0:   0000000100d4f2ed 000000011d014e00
0x000000016fae20d0:   00003e75000578e3 0000000000000002
0x000000016fae20e0:   00000001752d29a0 00000003016720c0
0x000000016fae20f0:   000000016fae2150 000000010651a678
0x000000016fae2100:   0000000106cfa990 000000011d014e00
0x000000016fae2110:   9af0c4ddeff000e2 0040004100000005 

Instructions: (pc=0x0000000100d14f54)
0x0000000100d14e54:   00 a1 00 91 e2 e3 40 b9 01 02 80 d2 f7 f7 ff 97
0x0000000100d14e64:   e8 e3 40 b9 08 05 00 71 e8 e3 00 b9 7c 00 00 14
0x0000000100d14e74:   e9 c7 40 f9 28 15 40 79 08 05 00 11 28 15 00 79
0x0000000100d14e84:   e9 c7 40 f9 28 1d 40 79 08 79 13 12 ea 03 1f 2a
0x0000000100d14e94:   08 01 0a 2a 28 1d 00 79 e8 bb 40 f9 08 01 40 f9
0x0000000100d14ea4:   08 29 40 f9 e9 c7 40 f9 29 15 40 79 8a 02 80 d2
0x0000000100d14eb4:   29 7d 0a 9b 08 01 09 8b e8 57 00 f9 e8 bf 45 39
0x0000000100d14ec4:   28 01 00 36 01 00 00 14 e8 57 40 f9 08 25 40 79
0x0000000100d14ed4:   a8 00 38 36 01 00 00 14 28 00 80 52 e8 bb 05 39
0x0000000100d14ee4:   01 00 00 14 e8 e3 40 b9 08 05 00 11 e8 a7 00 b9
0x0000000100d14ef4:   e8 e3 40 b9 e8 a3 00 b9 01 00 00 14 e8 a3 40 b9
0x0000000100d14f04:   e9 a7 40 b9 08 01 09 6b e8 37 9f 1a 68 0a 00 37
0x0000000100d14f14:   01 00 00 14 e8 bb 40 f9 08 15 40 f9 e9 a3 40 b9
0x0000000100d14f24:   08 11 09 8b e8 c3 00 f9 e8 bb 40 f9 08 01 40 f9
0x0000000100d14f34:   08 29 40 f9 e9 c3 40 f9 29 15 40 79 8a 02 80 d2
0x0000000100d14f44:   29 7d 0a 9b 08 01 09 8b e8 4f 00 f9 e8 4f 40 f9
0x0000000100d14f54:   08 1d 40 79 e9 ff 9f 52 08 01 09 6b e8 17 9f 1a
0x0000000100d14f64:   28 07 00 37 01 00 00 14 e8 4f 40 f9 08 25 40 79
0x0000000100d14f74:   48 01 20 36 01 00 00 14 e8 4f 40 f9 08 1d 40 79
0x0000000100d14f84:   e9 c3 40 f9 28 15 00 79 e8 a3 40 b9 08 05 00 71
0x0000000100d14f94:   e8 a3 00 b9 2d 00 00 14 e8 4f 40 f9 08 25 40 79
0x0000000100d14fa4:   48 01 18 36 01 00 00 14 e9 c3 40 f9 28 15 40 79
0x0000000100d14fb4:   08 05 00 11 28 15 00 79 e8 a3 40 b9 08 05 00 71
0x0000000100d14fc4:   e8 a3 00 b9 01 00 00 14 e0 bb 40 f9 e1 03 06 91
0x0000000100d14fd4:   8e 5b 00 94 e0 4b 00 f9 e8 4b 40 f9 08 01 00 f1
0x0000000100d14fe4:   e8 17 9f 1a e8 02 00 37 01 00 00 14 e8 a7 40 b9
0x0000000100d14ff4:   08 05 00 11 e8 a7 00 b9 e8 df 40 b9 08 05 00 11
0x0000000100d15004:   e8 df 00 b9 e8 4f 40 f9 08 1d 40 79 e9 4b 40 f9
0x0000000100d15014:   28 15 00 79 e8 4f 40 f9 08 25 40 79 08 01 28 36
0x0000000100d15024:   01 00 00 14 e9 4b 40 f9 28 1d 40 79 08 79 13 12
0x0000000100d15034:   08 01 14 32 28 1d 00 79 01 00 00 14 01 00 00 14
0x0000000100d15044:   01 00 00 14 01 00 00 14 e8 a3 40 b9 08 05 00 11 


Stack slot to memory mapping:

stack at sp + 0 slots: 0x000000023957cbd0: -[SFSSCachingService setObject:forKey:]+0x30 in /System/Library/PrivateFrameworks/SiriSpeechSynthesis.framework/Versions/A/SiriSpeechSynthesis at 0x0000000239571000
stack at sp + 1 slots: 0x000000011ce0cc50 points into unknown readable memory: 0x0000004000000001 | 01 00 00 00 40 00 00 00
stack at sp + 2 slots: 0x000000016fae2138 is pointing into the stack for thread: 0x000000011d014e00
stack at sp + 3 slots: 0x0000000100000001 is an unknown value
stack at sp + 4 slots: 0x0000000000000001 is an unknown value
stack at sp + 5 slots: 0x0000000100000001 is an unknown value
stack at sp + 6 slots: 0x0 is null
stack at sp + 7 slots: 0x0 is null


Compiled method (n/a) 372453  986     n 0       org.treesitter.TSParser::ts_query_cursor_next_match (native)
 total in heap  [0x000000012fb23310,0x000000012fb236b0] = 928
 relocation     [0x000000012fb23460,0x000000012fb23490] = 48
 main code      [0x000000012fb234c0,0x000000012fb23698] = 472
 oops           [0x000000012fb23698,0x000000012fb236a8] = 16
 metadata       [0x000000012fb236a8,0x000000012fb236b0] = 8

[Constant Pool (empty)]

[MachCode]
[Entry Point]
  # {method} {0x000000013956f8c8} 'ts_query_cursor_next_match' '(JLorg/treesitter/TSQueryMatch;)Z' in 'org/treesitter/TSParser'
  # parm0:    c_rarg1:c_rarg1 
                        = long
  # parm1:    c_rarg2:c_rarg2 
                        = 'org/treesitter/TSQueryMatch'
  #           [sp+0x60]  (sp of caller)
  0x000000012fb234c0: 2808 40b9 | 3f01 086b | 4000 0054 

  0x000000012fb234cc: ;   {runtime_call ic_miss_stub}
  0x000000012fb234cc: 6d32 e917 
[Verified Entry Point]
  0x000000012fb234d0: 1f20 03d5 | e953 40d1 | 3f01 00f9 | fd7b bfa9 | fd03 0091 | ff43 01d1 | 2801 0018 | 8923 40b9 
  0x000000012fb234f0: 1f01 09eb | e000 0054 

  0x000000012fb234f8: ;   {runtime_call StubRoutines (final stubs)}
  0x000000012fb234f8: 0830 93d2 | e8ea a5f2 | 2800 c0f2 | 0001 3fd6 | 0200 0014 | 2100 0000 | e207 00f9 | 5f00 1feb 
  0x000000012fb23518: e323 0091 | e303 839a | e203 01aa 

  0x000000012fb23524: ;   {oop(a 'java/lang/Class'{0x00000007017ce2b0} = 'org/treesitter/TSParser')}
  0x000000012fb23524: 0156 9cd2 | 812f a0f2 | e100 c0f2 | e123 00f9 | e103 0191 | e801 0010 | 88d7 01f9 | e803 0091 
  0x000000012fb23544: 88d3 01f9 

  0x000000012fb23548: ;   {external_word}
  0x000000012fb23548: 0891 ebf0 | 08c5 4e39 | c806 0035 | 8003 0f91 | e803 7eb2 | 8953 1191 | 28fd 9f88 

  0x000000012fb23564: ;   {runtime_call Java_org_treesitter_TSParser_ts_1query_1cursor_1next_1match}
  0x000000012fb23564: 0843 9fd2 | 481a a0f2 | 2800 c0f2 | 0001 3fd6 | 1f1c 40f2 | e007 9f9a | a800 80d2 | 8857 04b9 
  0x000000012fb23584: bf3b 03d5 | 8863 1191 | 08fd dfc8 | bf03 08eb | a803 0054 | 8853 44b9 | 6803 0035 | e803 7db2 
  0x000000012fb235a4: 8953 1191 | 28fd 9f88 | 8843 5339 | 1f09 0071 | c001 0054 

  0x000000012fb235b8: ;   {external_word}
  0x000000012fb235b8: 0891 ebf0 | 08c5 4e39 | 2805 0035 | 9fd3 01f9 | 9fd7 01f9 | 821b 42f9 | 5f80 00f9 | bf03 0091 
  0x000000012fb235d8: fd7b c1a8 | 8807 40f9 | 4800 00b5 | c003 5fd6 

  0x000000012fb235e8: ;   {runtime_call StubRoutines (initial stubs)}
  0x000000012fb235e8: a642 e817 | a083 1ff8 

  0x000000012fb235f0: ;   {runtime_call SharedRuntime::reguard_yellow_pages()}
  0x000000012fb235f0: 88a3 9ed2 | a8d2 a0f2 | 2800 c0f2 | 0001 3fd6 | a083 5ff8 | edff ff17 | a083 1ff8 | e003 1caa 
  0x000000012fb23610: ;   {runtime_call JavaThread::check_special_condition_for_native_trans(JavaThread*)}
  0x000000012fb23610: 0893 8cd2 | a8ca a0f2 | 2800 c0f2 | 0001 3fd6 | a083 5ff8 | dfff ff17 | e10b bea9 | e37f 01a9 
  0x000000012fb23630: ;   {metadata({method} {0x000000013956f8c8} 'ts_query_cursor_next_match' '(JLorg/treesitter/TSQueryMatch;)Z' in 'org/treesitter/TSParser')}
  0x000000012fb23630: 0119 9fd2 | c12a a7f2 | 2100 c0f2 | e003 1caa | e833 bfa9 | 884c 9ad2 | a8d2 a0f2 | 2800 c0f2 
  0x000000012fb23650: 0001 3fd6 | e833 c1a8 | e37f 41a9 | e10b c2a8 | bdff ff17 | a083 1ff8 

  0x000000012fb23668: ;   {metadata({method} {0x000000013956f8c8} 'ts_query_cursor_next_match' '(JLorg/treesitter/TSQueryMatch;)Z' in 'org/treesitter/TSParser')}
  0x000000012fb23668: 0119 9fd2 | c12a a7f2 | 2100 c0f2 | e003 1caa | e833 bfa9 | 086a 9ad2 | a8d2 a0f2 | 2800 c0f2 
  0x000000012fb23688: 0001 3fd6 | e833 c1a8 | a083 5ff8 | ccff ff17 
[/MachCode]


Compiled method (c2) 372456 1379       4       refdiff.parsers.universal.common.Tokenizer::tokenize (167 bytes)
 total in heap  [0x000000012fb56e10,0x000000012fb59968] = 11096
 relocation     [0x000000012fb56f60,0x000000012fb57180] = 544
 main code      [0x000000012fb57180,0x000000012fb58430] = 4784
 stub code      [0x000000012fb58430,0x000000012fb58660] = 560
 oops           [0x000000012fb58660,0x000000012fb58680] = 32
 metadata       [0x000000012fb58680,0x000000012fb58860] = 480
 scopes data    [0x000000012fb58860,0x000000012fb59360] = 2816
 scopes pcs     [0x000000012fb59360,0x000000012fb59670] = 784
 dependencies   [0x000000012fb59670,0x000000012fb596c0] = 80
 handler table  [0x000000012fb596c0,0x000000012fb59900] = 576
 nul chk table  [0x000000012fb59900,0x000000012fb59968] = 104

[Constant Pool (empty)]

[MachCode]
[Verified Entry Point]
  # {method} {0x0000000139585910} 'tokenize' '(Lorg/treesitter/TSTree;Lorg/treesitter/TSLanguage;Ljava/lang/String;)Lrefdiff/core/cst/TokenizedSource;' in 'refdiff/parsers/universal/common/Tokenizer'
  # parm0:    c_rarg1:c_rarg1 
                        = 'org/treesitter/TSTree'
  # parm1:    c_rarg2:c_rarg2 
                        = 'org/treesitter/TSLanguage'
  # parm2:    c_rarg3:c_rarg3 
                        = 'java/lang/String'
  #           [sp+0x80]  (sp of caller)
  0x000000012fb57180: 1f20 03d5 | e953 40d1 | 3f01 00f9 | ff03 02d1 | fd7b 07a9 | c894 0018 | 8923 40b9 | 1f01 09eb 
  0x000000012fb571a0: c193 0054 | 80df 40f9 | 8ae7 40f9 | 0b60 0091 | e20f 00a9 | fd03 01aa | 7f01 0aeb | e273 0054 
  0x000000012fb571c0: ea03 40b2 | 8bdf 00f9 

  0x000000012fb571c8: ;   {metadata('org/treesitter/TSQuery')}
  0x000000012fb571c8: 2c21 a0d2 | 0ced 96f2 | 0a00 00f9 | 0c7c 0129 | 70c1 80f9 | 1f08 00f9 | bf3a 03d5 | ea03 40f9 
  0x000000012fb571e8: ; implicit exception: dispatches to 0x000000012fb58310
  0x000000012fb571e8: 4109 40f9 | e003 00f9 

  0x000000012fb571f0: ;   {oop("_ @node"{0x00000007017cd640})}
  0x000000012fb571f0: 02c8 9ad2 | 822f a0f2 | e200 c0f2 

  0x000000012fb571fc: ; ImmutableOopMap {rfp=Oop [0]=Oop [8]=Oop }
                      ;*invokestatic ts_query_new {reexecute=0 rethrow=0 return_oop=0}
                      ; - org.treesitter.TSQuery::<init>@6 (line 40)
                      ; - refdiff.parsers.universal.common.Tokenizer::tokenize@9 (line 20)
                      ;   {static_call}
  0x000000012fb571fc: f5db 0194 

  0x000000012fb57200: ;   {other}
  0x000000012fb57200: 1f20 03d5 | 1f7e 80f2 | 1f00 80f2 | 82df 40f9 | 8ae7 40f9 | ed03 40f9 | 4b60 0091 | a009 00f9 
  0x000000012fb57220: 7f01 0aeb | a271 0054 | ea03 40b2 | 8bdf 00f9 

  0x000000012fb57230: ;   {metadata('org/treesitter/TSQuery$TSQueryCleanRunner')}
  0x000000012fb57230: 2c21 a0d2 | 0c3e 97f2 | 4a00 00f9 | 4c08 00b9 | 70c1 80f9 | 5f0c 00b9 | 4008 00f9 | bf3b 03d5 
  0x000000012fb57250: e103 40f9 

  0x000000012fb57254: ; ImmutableOopMap {rfp=Oop [0]=Oop [8]=Oop }
                      ;*invokestatic register {reexecute=0 rethrow=0 return_oop=0}
                      ; - org.treesitter.TSQuery::<init>@18 (line 23)
                      ; - org.treesitter.TSQuery::<init>@9 (line 40)
                      ; - refdiff.parsers.universal.common.Tokenizer::tokenize@9 (line 20)
                      ;   {static_call}
  0x000000012fb57254: fbaf 0494 

  0x000000012fb57258: ;   {other}
  0x000000012fb57258: 1f20 03d5 | 1f89 80f2 | 1f20 80f2 | bf3b 03d5 | 80df 40f9 | 8ae7 40f9 | 0b60 0091 | 7f01 0aeb 
  0x000000012fb57278: 6270 0054 | ea03 40b2 | 8bdf 00f9 

  0x000000012fb57284: ;   {metadata('org/treesitter/TSQueryCursor')}
  0x000000012fb57284: 2c21 a0d2 | 0c82 97f2 | 0a00 00f9 | 0c7c 0129 | 70c1 80f9 | 1f08 00f9 | bf3a 03d5 | e00b 00f9 
  0x000000012fb572a4: ; ImmutableOopMap {rfp=Oop [0]=Oop [8]=Oop [16]=Oop }
                      ;*invokestatic ts_query_cursor_new {reexecute=0 rethrow=0 return_oop=0}
                      ; - org.treesitter.TSQueryCursor::<init>@1 (line 57)
                      ; - refdiff.parsers.universal.common.Tokenizer::tokenize@18 (line 21)
                      ;   {static_call}
  0x000000012fb572a4: cbdc 0194 

  0x000000012fb572a8: ;   {other}
  0x000000012fb572a8: 1f20 03d5 | 1f93 80f2 | 1f40 80f2 | 82df 40f9 | 8ae7 40f9 | ed0b 40f9 | a009 00f9 | 4b60 0091 
  0x000000012fb572c8: bf31 0039 | 7f01 0aeb | a26e 0054 | ea03 40b2 | 8bdf 00f9 

  0x000000012fb572dc: ;   {metadata('org/treesitter/TSQueryCursor$TSQueryCursorCleanAction')}
  0x000000012fb572dc: 2c21 a0d2 | 0ccd 97f2 | 4a00 00f9 | 4c08 00b9 | 70c1 80f9 | 5f0c 00b9 | 4008 00f9 | bf3b 03d5 
  0x000000012fb572fc: e10b 40f9 

  0x000000012fb57300: ; ImmutableOopMap {rfp=Oop [0]=Oop [8]=Oop [16]=Oop }
                      ;*invokestatic register {reexecute=0 rethrow=0 return_oop=0}
                      ; - org.treesitter.TSQueryCursor::<init>@23 (line 30)
                      ; - org.treesitter.TSQueryCursor::<init>@4 (line 57)
                      ; - refdiff.parsers.universal.common.Tokenizer::tokenize@18 (line 21)
                      ;   {static_call}
  0x000000012fb57300: d0af 0494 

  0x000000012fb57304: ;   {other}
  0x000000012fb57304: 1f20 03d5 | 9f9e 80f2 | 1f60 80f2 | bf3b 03d5 

  0x000000012fb57314: ; implicit exception: dispatches to 0x000000012fb58324
  0x000000012fb57314: a10b 40f9 

  0x000000012fb57318: ; ImmutableOopMap {rfp=Oop [0]=Oop [8]=Oop [16]=Oop }
                      ;*invokestatic ts_tree_root_node {reexecute=0 rethrow=0 return_oop=1}
                      ; - org.treesitter.TSTree::getRootNode@4 (line 59)
                      ; - refdiff.parsers.universal.common.Tokenizer::tokenize@24 (line 22)
                      ;   {static_call}
  0x000000012fb57318: aedd 0194 

  0x000000012fb5731c: ;   {other}
  0x000000012fb5731c: 1f20 03d5 | 9fa1 80f2 | 1f80 80f2 | f303 00aa | 0076 00b4 | 8ae3 c039 | 2a60 0035 | ea03 13aa 
  0x000000012fb5733c: eb03 1daa | 6b01 0aca | acff 43d3 | 6bfd 55d3 | 6c2e 00b9 | 0b01 00b4 | 4afd 49d3 | 0b40 a0d2 
  0x000000012fb5735c: 2b00 c0f2 | 6001 0a8b | 0b00 c039 | 7f09 0071 | c15f 0054 | eb03 0032 | ea0b 40f9 | 4b31 0039 
  0x000000012fb5737c: 4109 40f9 | ea03 40f9 | 4209 40f9 | e303 13aa 

  0x000000012fb5738c: ; ImmutableOopMap {[8]=Oop [16]=Oop }
                      ;*invokestatic ts_query_cursor_exec {reexecute=0 rethrow=0 return_oop=0}
                      ; - org.treesitter.TSQueryCursor::exec@14 (line 68)
                      ; - refdiff.parsers.universal.common.Tokenizer::tokenize@35 (line 23)
                      ;   {static_call}
  0x000000012fb5738c: d1de 0194 

  0x000000012fb57390: ;   {other}
  0x000000012fb57390: 1f20 03d5 | 1fb0 80f2 | 1fa0 80f2 | 80df 40f9 | 8ae7 40f9 | 0b80 0091 | 7f01 0aeb | 2269 0054 
  0x000000012fb573b0: ea03 40b2 | 8bdf 00f9 

  0x000000012fb573b8: ;   {metadata('org/treesitter/TSQueryMatch')}
  0x000000012fb573b8: 2c21 a0d2 | 0c7c 98f2 | 0a00 00f9 | 0c08 00b9 | 70c1 80f9 | 1f0c 00b9 | 0a40 0091 | 5f7d 00a9 
  0x000000012fb573d8: bf3a 03d5 | ea0b 40f9 | 5d31 4039 | 9d73 0034 | e003 00f9 | 4109 40f9 | e203 00aa 

  0x000000012fb573f4: ; ImmutableOopMap {[0]=Oop [8]=Oop [16]=Oop }
                      ;*invokestatic ts_query_cursor_next_match {reexecute=0 rethrow=0 return_oop=0}
                      ; - org.treesitter.TSQueryCursor::nextMatch@9 (line 135)
                      ; - refdiff.parsers.universal.common.Tokenizer::tokenize@60 (line 27)
                      ;   {static_call}
  0x000000012fb573f4: 3730 ff97 

  0x000000012fb573f8: ;   {other}
  0x000000012fb573f8: 1f20 03d5 | 1fbd 80f2 | 1fc0 80f2 | c060 0034 | ee03 0032 

  0x000000012fb5740c: ;   {oop(a 'java/lang/Object'[0] {0x000000070052d1f8})}
  0x000000012fb5740c: 5401 bcd2 | f447 8bf2 | ec03 1f2a | f303 1f2a | 1500 0014 | ef03 0c2a | 0300 0014 | ee03 40b9 
  0x000000012fb5742c: ed0f 40f9 | eb0b 40f9 | 6a31 4039 | fd0f 148b | aa4f 0034 | ed03 00f9 | ee53 0329 | f33f 0429 
  0x000000012fb5744c: 6109 40f9 | e203 0daa 

  0x000000012fb57454: ; ImmutableOopMap {rfp=Oop [0]=Oop [8]=Oop [16]=Oop [28]=NarrowOop }
                      ;*invokestatic ts_query_cursor_next_match {reexecute=0 rethrow=0 return_oop=0}
                      ; - org.treesitter.TSQueryCursor::nextMatch@9 (line 135)
                      ; - refdiff.parsers.universal.common.Tokenizer::tokenize@60 (line 27)
                      ;   {static_call}
  0x000000012fb57454: 1f30 ff97 

  0x000000012fb57458: ;   {other}
  0x000000012fb57458: 1f20 03d5 | 1fc9 80f2 | 1fe0 80f2 | 4026 0034 | ee53 4329 | f333 4429 | ed03 40f9 | aa19 40b9 
  0x000000012fb57478: 4ff1 7dd3 

  0x000000012fb5747c: ; implicit exception: dispatches to 0x000000012fb582fc
  0x000000012fb5747c: ea0d 40b9 | 5f01 0071 | e9fc ff54 | 4b05 0051 | 7f01 0a6b | 0249 0054 | f103 1f2a | 1f20 03d5 
  0x000000012fb5749c: 1f20 03d5 | ebc9 318b | 6b11 40b9 | 6bf1 7dd3 

  0x000000012fb574ac: ; implicit exception: dispatches to 0x000000012fb582e8
  0x000000012fb574ac: 6b11 40b9 | 6bf1 7dd3 | cb42 00b4 | ea2b 00b9 | ea0f 148b | ee03 00b9 | edbf 01a9 | f12f 00b9 
  0x000000012fb574cc: f3b3 0629 | eb2b 04a9 | fd03 142a | e103 0baa 

  0x000000012fb574dc: ; ImmutableOopMap {rfp=NarrowOop [8]=Oop [16]=Oop [24]=Oop [32]=Oop [64]=Oop [72]=Oop }
                      ;*invokestatic ts_node_is_null {reexecute=0 rethrow=0 return_oop=0}
                      ; - org.treesitter.TSNode::isNull@1 (line 95)
                      ; - org.treesitter.TSNode::asserNotNull@1 (line 27)
                      ; - org.treesitter.TSNode::getChildCount@1 (line 38)
                      ; - refdiff.parsers.universal.common.Tokenizer::tokenize@108 (line 31)
                      ;   {static_call}
  0x000000012fb574dc: 3d2b ff97 

  0x000000012fb574e0: ;   {other}
  0x000000012fb574e0: 1f20 03d5 | 1fda 80f2 | 1f00 81f2 | c047 0035 | e123 40f9 

  0x000000012fb574f4: ; ImmutableOopMap {rfp=NarrowOop [8]=Oop [16]=Oop [24]=Oop [32]=Oop [64]=Oop [72]=Oop }
                      ;*invokestatic ts_node_child_count {reexecute=0 rethrow=0 return_oop=0}
                      ; - org.treesitter.TSNode::getChildCount@5 (line 39)
                      ; - refdiff.parsers.universal.common.Tokenizer::tokenize@108 (line 31)
                      ;   {static_call}
  0x000000012fb574f4: f72d ff97 

  0x000000012fb574f8: ;   {other}
  0x000000012fb574f8: 1f20 03d5 | 1fdd 80f2 | 1f20 81f2 | 8000 0034 | f403 1d2a | f3bf 4629 | 4d00 0014 | e123 40f9 
  0x000000012fb57518: ; ImmutableOopMap {rfp=NarrowOop [8]=Oop [16]=Oop [24]=Oop [32]=Oop [64]=Oop [72]=Oop }
                      ;*invokestatic ts_node_is_null {reexecute=0 rethrow=0 return_oop=0}
                      ; - org.treesitter.TSNode::isNull@1 (line 95)
                      ; - org.treesitter.TSNode::asserNotNull@1 (line 27)
                      ; - org.treesitter.TSNode::getStartByte@1 (line 190)
                      ; - refdiff.parsers.universal.common.Tokenizer::tokenize@116 (line 32)
                      ;   {static_call}
  0x000000012fb57518: 2e2b ff97 

  0x000000012fb5751c: ;   {other}
  0x000000012fb5751c: 1f20 03d5 | 9fe1 80f2 | 1f40 81f2 | c04b 0035 | e123 40f9 

  0x000000012fb57530: ; ImmutableOopMap {rfp=NarrowOop [8]=Oop [16]=Oop [24]=Oop [32]=Oop [64]=Oop [72]=Oop }
                      ;*invokestatic ts_node_start_byte {reexecute=0 rethrow=0 return_oop=0}
                      ; - org.treesitter.TSNode::getStartByte@5 (line 191)
                      ; - refdiff.parsers.universal.common.Tokenizer::tokenize@116 (line 32)
                      ;   {static_call}
  0x000000012fb57530: e82c ff97 

  0x000000012fb57534: ;   {other}
  0x000000012fb57534: 1f20 03d5 | 9fe4 80f2 | 1f60 81f2 | e033 00b9 | e123 40f9 

  0x000000012fb57548: ; ImmutableOopMap {rfp=NarrowOop [8]=Oop [16]=Oop [24]=Oop [32]=Oop [64]=Oop [72]=Oop }
                      ;*invokestatic ts_node_is_null {reexecute=0 rethrow=0 return_oop=0}
                      ; - org.treesitter.TSNode::isNull@1 (line 95)
                      ; - org.treesitter.TSNode::asserNotNull@1 (line 27)
                      ; - org.treesitter.TSNode::getEndByte@1 (line 200)
                      ; - refdiff.parsers.universal.common.Tokenizer::tokenize@123 (line 33)
                      ;   {static_call}
  0x000000012fb57548: 222b ff97 

  0x000000012fb5754c: ;   {other}
  0x000000012fb5754c: 1f20 03d5 | 9fe7 80f2 | 1f80 81f2 | a04c 0035 | e123 40f9 

  0x000000012fb57560: ; ImmutableOopMap {rfp=NarrowOop [8]=Oop [16]=Oop [24]=Oop [32]=Oop [72]=Oop }
                      ;*invokestatic ts_node_end_byte {reexecute=0 rethrow=0 return_oop=0}
                      ; - org.treesitter.TSNode::getEndByte@5 (line 201)
                      ; - refdiff.parsers.universal.common.Tokenizer::tokenize@123 (line 33)
                      ;   {static_call}
  0x000000012fb57560: dc2e ff97 

  0x000000012fb57564: ;   {other}
  0x000000012fb57564: 1f20 03d5 | 9fea 80f2 | 1fa0 81f2 | 8ddf 40f9 | 8ae7 40f9 | ab61 0091 | e007 00b9 | 7f01 0aeb 
  0x000000012fb57584: 2233 0054 | ea03 40b2 | 8bdf 00f9 | aa01 00f9 

  0x000000012fb57594: ;   {metadata('refdiff/core/cst/TokenPosition')}
  0x000000012fb57594: 2a21 a0d2 | 0ab1 9af2 | aa09 00b9 | 70c1 80f9 | bf15 00b9 | eb33 40b9 | ab0d 00b9 | ea07 40b9 
  0x000000012fb575b4: aa11 00b9 | bf3b 03d5 | f027 40f9 | 0e0e 40b9 | ebb3 4629 | 8f05 0011 | 7305 0011 | 9f01 0e6b 
  0x000000012fb575d4: a004 0054 | f403 1d2a | ea0f 1d8b | 4bc9 2c8b | 5009 40b9 | 7541 0091 | 9f01 0e6b | 8239 0054 
  0x000000012fb575f4: ;   {metadata('java/lang/Object'[])}
  0x000000012fb575f4: 0b00 a0d2 | 0b4b 82f2 | 1f02 0b6b | 413b 0054 | 8be3 c039 | ab14 0035 | ea03 15aa | eb03 0daa 
  0x000000012fb57614: 6b01 0aca | adfd 43d3 | 6bfd 55d3 | ad02 00b9 | 0b01 00b4 | 4afd 49d3 | 0b40 a0d2 | 2b00 c0f2 
  0x000000012fb57634: 6001 0a8b | 0a00 c039 | 5f09 0071 | 4114 0054 | eb2f 40b9 | 7105 0011 | ea2b 40b9 | 3f02 0a6b 
  0x000000012fb57654: aaee ff54 | ec03 0f2a | ee03 40b9 | edbf 41a9 | 8fff ff17 | df01 0071 | 8805 0054 

  0x000000012fb57670: ;   {oop(a 'java/lang/Object'[0] {0x000000070052d1f8})}
  0x000000012fb57670: 4a01 bcd2 | ea47 8bf2 | bf03 0a6b | 0105 0054 | 4b01 8052 | 7f01 0f6b | 4a01 8052 | 42c1 8f1a 
  0x000000012fb57690: 5f00 4171 | a830 0054 | 4a7c 7e93 | 8edf 40f9 | 4a5d 0091 | 4bf1 7d92 | 91e7 40f9 | cb01 0b8b 
  0x000000012fb576b0: 7f01 11eb | a22f 0054 | 8bdf 00f9 | f003 40b2 | 70c1 80f9 | d001 00f9 

  0x000000012fb576c8: ;   {metadata('java/lang/Object'[])}
  0x000000012fb576c8: 1100 a0d2 | 114b 82f2 | 7001 81f9 | 50fd 43d3 | d109 00b9 | 7041 81f9 | ca41 0091 | 0b0a 00d1 
  0x000000012fb576e8: c20d 00b9 | 6821 00f1 | 4300 0054 

  0x000000012fb576f4: ;   {runtime_call StubRoutines (final stubs)}
  0x000000012fb576f4: d37f e897 | 6b00 1036 | 5f7d 81a8 | 5f7d 81a8 | 4b00 0836 | 5f7d 81a8 | 4b00 0036 | 5f01 00f9 
  0x000000012fb57714: d4fd 43d3 | 4700 0014 | ec3f 00b9 | 8c01 0e4b | 9d05 0011 | cb7d 0113 | 7f01 1d6b | 0a0a 40b9 
  0x000000012fb57734: ed1b 00f9 | 6dc1 9d1a | ab01 0e0b | 412d 5fd2 | eb4f 00b9 | cb7d 4093 | 2014 40b9 | 6bc1 2d8b 
  0x000000012fb57754: ec4f 40b9 | f023 00f9 | ee4b 00b9 | 8e05 0051 | 3038 40f9 | ef07 00b9 | 2fc8 60f8 | 6cf5 7ed3 
  0x000000012fb57774: f33b 00b9 | e8fe 9f52 | e8ff af72 | df01 086b | e250 0054 | eb4f 40b9 | 1002 40f9 | eb4d f837 
  0x000000012fb57794: 3f00 0feb | 4105 0054 | 9d5d 0091 | 7f01 4171 | 282a 0054 | 8edf 40f9 | acf3 7d92 | 8de7 40f9 
  0x000000012fb577b4: cc01 0c8b | 9f01 0deb | 6229 0054 | ed03 40b2 | 8cdf 00f9 | cd01 00f9 | 90c1 80f9 | ca09 00b9 
  0x000000012fb577d4: 9001 81f9 | cb0d 00b9 | 9041 81f9 | ec4b 40b9 | 9f01 0b6b | 8ab1 8b1a | acff 43d3 | c141 0091 
  0x000000012fb577f4: d4fd 43d3 | 0a49 0034 | ed23 40f9 | 427d 4093 | a041 0091 | 5f01 0b6b | eb22 0054 | f303 0eaa 
  0x000000012fb57814: ;   {runtime_call StubRoutines (final stubs)}
  0x000000012fb57814: 7b82 e897 

  0x000000012fb57818: ;   {other}
  0x000000012fb57818: 1f20 03d5 | 1f00 80f2 | 1f00 80f2 | ee03 13aa | ef07 40b9 | ed1b 40f9 | f333 4729 | ddfd 43d3 
  0x000000012fb57838: ce0d 40b9 | 68ff ff17 | 1f80 0071 | c0fa ff54 | ea0b 40f9 | ea03 00f9 | fd07 40f9 | ea0f 40f9 
  0x000000012fb57858: ea07 00f9 | ea13 40f9 | ea0b 00f9 | ea2b 40b9 | ea1b 00b9 | ea1b 40f9 | ea13 00f9 | eb2f 40b9 
  0x000000012fb57878: ea3f 40b9 | 6104 8012 | eb1f 00b9 | ea4f 0529 | f02b 00f9 

  0x000000012fb5788c: ; ImmutableOopMap {rfp=Oop [0]=Oop [8]=Oop [16]=Oop [32]=Oop [64]=Oop [80]=Oop }
                      ;*invokestatic copyOf {reexecute=1 rethrow=0 return_oop=0}
                      ; - (reexecute) java.util.Arrays::copyOf@6 (line 3481)
                      ; - java.util.ArrayList::grow@37 (line 238)
                      ; - java.util.ArrayList::grow@7 (line 245)
                      ; - java.util.ArrayList::add@7 (line 484)
                      ; - java.util.ArrayList::add@20 (line 497)
                      ; - refdiff.parsers.universal.common.Tokenizer::tokenize@141 (line 34)
                      ;   {runtime_call UncommonTrapBlob}
  0x000000012fb5788c: bd7d e897 

  0x000000012fb57890: ;   {other}
  0x000000012fb57890: 1f20 03d5 | 1f50 81f2 | 1fc0 81f2 | aa02 40b9 | 40f1 7dd3 | 40eb ffb4 | 8a17 40f9 | 6a2d 00b4 
  0x000000012fb578b0: 8b1b 40f9 | 4c21 00d1 | 6a01 0a8b | 4081 1ff8 | 8c17 00f9 | 52ff ff17 | 8b2b 44a9 | bf3b 03d5 
  0x000000012fb578d0: 0c00 c039 | 8ceb ff34 | 1f00 0039 | eb01 00b5 | f603 0f2a | e103 1caa | c900 0010 

  0x000000012fb578ec: ;   {runtime_call G1BarrierSetRuntime::write_ref_field_post_entry(unsigned char volatile*, JavaThread*)}
  0x000000012fb578ec: 086b 8fd2 | 48c8 a0f2 | 2800 c0f2 | ff27 bfa9 | 0001 3fd6 

  0x000000012fb57900: ;   {other}
  0x000000012fb57900: 1f20 03d5 | 1f00 80f2 | 1f00 80f2 | ff43 0091 | ef03 162a | 4cff ff17 | 6c21 00d1 | 4a01 0b8b 
  0x000000012fb57920: 4081 1ff8 | 8c23 00f9 | 47ff ff17 | ec1b 40b9 | ee37 4429 | 80df 40f9 | 8ae7 40f9 | 0b60 0091 
  0x000000012fb57940: 7f01 0aeb | 623d 0054 | ea03 40b2 | 8bdf 00f9 | 0a00 00f9 

  0x000000012fb57954: ;   {metadata('refdiff/core/cst/TokenizedSource')}
  0x000000012fb57954: 2a21 a0d2 | 0af3 9af2 | 0a08 00b9 | 70c1 80f9 | 1f08 00f9 | ec37 0029 | ee1b 00b9 | ea07 40f9 
  0x000000012fb57974: 4bfd 43d3 | 0b0c 00b9 | e007 00f9 | e303 1f32 

  0x000000012fb57984: ;   {metadata({type array int}[])}
  0x000000012fb57984: 0114 85d2 | 0100 a0f2 | c1ff c3f2 | e207 40b9 

  0x000000012fb57994: ; ImmutableOopMap {rfp=Oop [8]=Oop }
                      ;*multianewarray {reexecute=0 rethrow=0 return_oop=1}
                      ; - refdiff.core.cst.TokenizedSource::<init>@17 (line 14)
                      ; - refdiff.parsers.universal.common.Tokenizer::tokenize@163 (line 38)
                      ;   {runtime_call _multianewarray2_Java}
  0x000000012fb57994: 7b93 e997 

  0x000000012fb57998: ;   {other}
  0x000000012fb57998: 1f20 03d5 | 1f71 81f2 | 1fe0 81f2 | f307 40f9 | ea03 13aa | eb03 00aa | 6b01 0aca | 0cfc 43d3 
  0x000000012fb579b8: 6bfd 55d3 | 6c12 00b9 | 0b01 00b4 | 4afd 49d3 | 0b40 a0d2 | 2b00 c0f2 | 6001 0a8b | 0b00 c039 
  0x000000012fb579d8: 7f09 0071 | 212f 0054 | ec07 40b9 | 9f01 0071 | 0d0f 0054 | 6b12 40b9 | aa0f 40b9 | 70f1 7dd3 
  0x000000012fb579f8: 0f00 8092 | ed07 40b9 | 4b7d 4093 | ae7d 4093 | efc1 2c8b | ad3f 0034 | ff01 0eeb | 623f 0054 
  0x000000012fb57a18: 5f01 0071 | 293f 0054 | ff01 0beb | e23e 0054 

  0x000000012fb57a28: ; implicit exception: dispatches to 0x000000012fb58200
  0x000000012fb57a28: 0b0e 40b9 | aa13 40b9 | 6d7d 4093 | 7f01 0071 | 493e 0054 | ff01 0deb | 023e 0054 | 0d12 40b9 
  0x000000012fb57a48: 51f1 7dd3 

  0x000000012fb57a4c: ; implicit exception: dispatches to 0x000000012fb58338
  0x000000012fb57a4c: 2a0a 40b9 | a2f1 7dd3 

  0x000000012fb57a54: ;   {metadata('refdiff/core/cst/TokenPosition')}
  0x000000012fb57a54: 2d21 a0d2 | 0db1 9af2 | 5f01 0d6b | 2142 0054 | 2e0e 40b9 

  0x000000012fb57a68: ; implicit exception: dispatches to 0x000000012fb582d0
  0x000000012fb57a68: 4b0c 40b9 | 7f05 0071 | 693d 0054 | e883 61b2 | ff01 08eb | ea83 61b2 | 4ab1 8f9a | e003 0a2a 
  0x000000012fb57a88: 2a12 40b9 | 4e28 0229 | 1f04 0071 | 0d3c 0054 

  0x000000012fb57a98: ;   {metadata('refdiff/core/cst/TokenPosition')}
  0x000000012fb57a98: 2a21 a0d2 | 0ab1 9af2 | 0bfa 8052 | 0200 0014 | ef03 00b9 | ef03 40b9 | 1f00 0f6b | 0e00 0f4b 
  0x000000012fb57ab8: eeb3 8e1a | df41 1f71 | 6e81 8e1a | c301 0f0b | 1f20 03d5 | 1f20 03d5 | ee7d 7e93 | b103 0e8b 
  0x000000012fb57ad8: 0102 0e8b | 2212 40b9 | 2410 40b9 | 45f0 7dd3 

  0x000000012fb57ae8: ; implicit exception: dispatches to 0x000000012fb57c10
  0x000000012fb57ae8: ae08 40b9 | df01 0a6b | 2616 40b9 | 82f0 7dd3 | 213d 0054 | ae0c 40b9 

  0x000000012fb57b00: ; implicit exception: dispatches to 0x000000012fb582d0
  0x000000012fb57b00: 470c 40b9 | d1f0 7dd3 | 2114 40b9 | ff04 0071 | 2909 0054 | a410 40b9 | 4e10 0229 | 9107 00b4 
  0x000000012fb57b20: 240a 40b9 | 9f00 0d6b | 22f0 7dd3 | 413b 0054 | 2e0e 40b9 

  0x000000012fb57b34: ; implicit exception: dispatches to 0x000000012fb582d0
  0x000000012fb57b34: 440c 40b9 | 2112 40b9 | 9f04 0071 | e907 0054 | 4e10 00b9 | ef09 0011 | 4114 00b9 | ff01 036b 
  0x000000012fb57b54: ebfb ff54 

  0x000000012fb57b58: ; ImmutableOopMap {r16=Oop r19=Oop rfp=Oop }
                      ;*goto {reexecute=1 rethrow=0 return_oop=0}
                      ; - (reexecute) refdiff.core.cst.TokenizedSource::<init>@77 (line 15)
                      ; - refdiff.parsers.universal.common.Tokenizer::tokenize@163 (line 38)
  0x000000012fb57b58: 9133 42f9 

  0x000000012fb57b5c: ;   {poll}
  0x000000012fb57b5c: 3f02 40b9 | ff01 006b | 2bfa ff54 | ff01 0c6b | ea02 0054 

  0x000000012fb57b70: ;   {metadata('refdiff/core/cst/TokenPosition')}
  0x000000012fb57b70: 2a21 a0d2 | 0ab1 9af2 | eb7d 7e93 | ad03 0b8b | ae11 40b9 | 0b02 0b8b | d1f1 7dd3 | 6b11 40b9 
  0x000000012fb57b90: ; implicit exception: dispatches to 0x000000012fb58340
  0x000000012fb57b90: 2e0a 40b9 | df01 0a6b | 62f1 7dd3 | 4137 0054 | 2e0e 40b9 

  0x000000012fb57ba4: ; implicit exception: dispatches to 0x000000012fb582d0
  0x000000012fb57ba4: 4d0c 40b9 | 2b12 40b9 | bf05 0071 | 2936 0054 | 4e10 00b9 | ef05 0011 | 4b14 00b9 | ff01 0c6b 
  0x000000012fb57bc4: abfd ff54 | bf3b 03d5 | e003 13aa | fd7b 47a9 | ff03 0291 

  0x000000012fb57bd8: ;   {poll_return}
  0x000000012fb57bd8: 882f 42f9 | ff63 28eb | 6841 0054 | c003 5fd6 

  0x000000012fb57be8: ;   {metadata('refdiff/core/cst/TokenPosition')}
  0x000000012fb57be8: 01b1 9ad2 | 2121 a0f2 | c1ff c3f2 

  0x000000012fb57bf4: ; ImmutableOopMap {rfp=NarrowOop [8]=Oop [16]=Oop [24]=Oop [32]=Oop [72]=Oop }
                      ;*new {reexecute=0 rethrow=0 return_oop=1}
                      ; - refdiff.parsers.universal.common.Tokenizer::tokenize@130 (line 34)
                      ;   {runtime_call _new_instance_Java}
  0x000000012fb57bf4: a39c e997 

  0x000000012fb57bf8: ;   {other}
  0x000000012fb57bf8: 1f20 03d5 | 1fbd 81f2 | 1f20 82f2 | ed03 00aa | 68fe ff17 | ef05 0011 | ea03 0f2a | ec0b 00b9 
  0x000000012fb57c18: f30b 00f9 | 6101 8012 | ea03 00b9 

  0x000000012fb57c24: ; ImmutableOopMap {rfp=Oop [16]=Oop }
                      ;*checkcast {reexecute=0 rethrow=0 return_oop=0}
                      ; - refdiff.core.cst.TokenizedSource::<init>@43 (line 16)
                      ; - refdiff.parsers.universal.common.Tokenizer::tokenize@163 (line 38)
                      ;   {runtime_call UncommonTrapBlob}
  0x000000012fb57c24: d77c e897 

  0x000000012fb57c28: ;   {other}
  0x000000012fb57c28: 1f20 03d5 | 1fc3 81f2 | 1f40 82f2 | f103 05aa | 0200 0014 | ef05 0011 | ea03 0f2a | ec1f 00b9 
  0x000000012fb57c48: f313 00f9 | 6103 8012 | ea3b 0029 | f18b 00a9 

  0x000000012fb57c58: ; ImmutableOopMap {rfp=Oop [8]=Oop [16]=Oop [32]=Oop }
                      ;*iastore {reexecute=0 rethrow=0 return_oop=0}
                      ; - refdiff.core.cst.TokenizedSource::<init>@60 (line 17)
                      ; - refdiff.parsers.universal.common.Tokenizer::tokenize@163 (line 38)
                      ;   {runtime_call UncommonTrapBlob}
  0x000000012fb57c58: ca7c e897 

  0x000000012fb57c5c: ;   {other}
  0x000000012fb57c5c: 1f20 03d5 | 9fc9 81f2 | 1f60 82f2 | 4af4 7ed3 | 4b41 0091 | 6af9 7d92 | ca01 0a8b | 8b0d 4bcb 
  0x000000012fb57c7c: 6821 00f1 | 4300 0054 

  0x000000012fb57c84: ;   {runtime_call StubRoutines (final stubs)}
  0x000000012fb57c84: 6f7e e897 | 6b00 1036 | 5f7d 81a8 | 5f7d 81a8 | 4b00 0836 | 5f7d 81a8 | 4b00 0036 | 5f01 00f9 
  0x000000012fb57ca4: dbfe ff17 | ec07 00b9 | f33f 0629 | ed1f 00f9 

  0x000000012fb57cb4: ;   {metadata('java/lang/Object'[])}
  0x000000012fb57cb4: 014b 82d2 | 0100 a0f2 | c1ff c3f2 | fd03 10aa 

  0x000000012fb57cc4: ; ImmutableOopMap {rfp=Oop [8]=Oop [16]=Oop [24]=Oop [32]=Oop [56]=Oop }
                      ;*anewarray {reexecute=0 rethrow=0 return_oop=1}
                      ; - java.util.ArrayList::grow@52 (line 240)
                      ; - java.util.ArrayList::grow@7 (line 245)
                      ; - java.util.ArrayList::add@7 (line 484)
                      ; - java.util.ArrayList::add@20 (line 497)
                      ; - refdiff.parsers.universal.common.Tokenizer::tokenize@141 (line 34)
                      ;   {runtime_call _new_array_Java}
  0x000000012fb57cc4: 2f94 e997 

  0x000000012fb57cc8: ;   {other}
  0x000000012fb57cc8: 1f20 03d5 | 1fd7 81f2 | 1f80 82f2 | ec07 40b9 | f33f 4629 | ed1f 40f9 | ee03 00aa | 8cfe ff17 
  0x000000012fb57ce8: f02b 00f9 | e203 0b2a 

  0x000000012fb57cf0: ; ImmutableOopMap {[8]=Oop [16]=Oop [24]=Oop [32]=Oop [48]=Oop [64]=Oop [80]=Oop }
                      ;*invokestatic copyOf {reexecute=1 rethrow=0 return_oop=1}
                      ; - (reexecute) java.util.Arrays::copyOf@6 (line 3481)
                      ; - java.util.ArrayList::grow@37 (line 238)
                      ; - java.util.ArrayList::grow@7 (line 245)
                      ; - java.util.ArrayList::add@7 (line 484)
                      ; - java.util.ArrayList::add@20 (line 497)
                      ; - refdiff.parsers.universal.common.Tokenizer::tokenize@141 (line 34)
                      ;   {runtime_call _new_array_Java}
  0x000000012fb57cf0: 2494 e997 

  0x000000012fb57cf4: ;   {other}
  0x000000012fb57cf4: 1f20 03d5 | 9fdc 81f2 | 1fa0 82f2 | ee03 00aa | eb4f 40b9 | b6fe ff17 | 2101 8012 

  0x000000012fb57d10: ; ImmutableOopMap {}
                      ;*invokevirtual getChildCount {reexecute=0 rethrow=0 return_oop=0}
                      ; - refdiff.parsers.universal.common.Tokenizer::tokenize@108 (line 31)
                      ;   {runtime_call UncommonTrapBlob}
  0x000000012fb57d10: 9c7c e897 

  0x000000012fb57d14: ;   {other}
  0x000000012fb57d14: 1f20 03d5 | 9fe0 81f2 | 1fc0 82f2 | eb0b 40f9 | eb03 00f9 | fd07 40f9 | eb0f 40f9 | eb07 00f9 
  0x000000012fb57d34: eb13 40f9 | eb0b 00f9 | ee2f 4529 | 6103 8012 | ee2f 0329 | ec27 00b9 | ed1b 00f9 | f333 0729 
  0x000000012fb57d54: ea23 00f9 

  0x000000012fb57d58: ; ImmutableOopMap {rfp=Oop [0]=Oop [8]=Oop [16]=Oop [48]=Oop [64]=Oop }
                      ;*aastore {reexecute=1 rethrow=0 return_oop=0}
                      ; - (reexecute) java.util.ArrayList::add@14 (line 485)
                      ; - java.util.ArrayList::add@20 (line 497)
                      ; - refdiff.parsers.universal.common.Tokenizer::tokenize@141 (line 34)
                      ;   {runtime_call UncommonTrapBlob}
  0x000000012fb57d58: 8a7c e897 

  0x000000012fb57d5c: ;   {other}
  0x000000012fb57d5c: 1f20 03d5 | 9fe9 81f2 | 1fe0 82f2 | eb0b 40f9 | eb03 00f9 | fd07 40f9 | eb0f 40f9 | eb07 00f9 
  0x000000012fb57d7c: eb13 40f9 | eb0b 00f9 | ee2f 4529 | 2105 8012 | ee2f 0329 | ec27 00b9 | ed1b 00f9 | f333 0729 
  0x000000012fb57d9c: ea23 00f9 

  0x000000012fb57da0: ; ImmutableOopMap {rfp=Oop [0]=Oop [8]=Oop [16]=Oop [48]=Oop [64]=Oop }
                      ;*aastore {reexecute=1 rethrow=0 return_oop=0}
                      ; - (reexecute) java.util.ArrayList::add@14 (line 485)
                      ; - java.util.ArrayList::add@20 (line 497)
                      ; - refdiff.parsers.universal.common.Tokenizer::tokenize@141 (line 34)
                      ;   {runtime_call UncommonTrapBlob}
  0x000000012fb57da0: 787c e897 

  0x000000012fb57da4: ;   {other}
  0x000000012fb57da4: 1f20 03d5 | 9ff2 81f2 | 1f00 83f2 | eb07 40f9 | eb03 00f9 | eb0b 40f9 | fd0f 148b | 2111 8012 
  0x000000012fb57dc4: ebb7 00a9 | ef0f 00f9 | eacf 0429 | ec2f 00b9 

  0x000000012fb57dd4: ; ImmutableOopMap {rfp=Oop [0]=Oop [8]=Oop [16]=Oop [24]=Oop }
                      ;*if_icmpge {reexecute=1 rethrow=0 return_oop=0}
                      ; - (reexecute) refdiff.parsers.universal.common.Tokenizer::tokenize@89 (line 29)
                      ;   {runtime_call UncommonTrapBlob}
  0x000000012fb57dd4: 6b7c e897 

  0x000000012fb57dd8: ;   {other}
  0x000000012fb57dd8: 1f20 03d5 | 1ff9 81f2 | 1f20 83f2 | ea0b 40f9 | ea03 00f9 | fd07 40f9 | ea0f 40f9 | ea07 00f9 
  0x000000012fb57df8: ea13 40f9 | ea0b 00f9 | ea2f 40b9 | ea1f 00b9 | eb2b 40b9 | ea23 40f9 | 4117 8012 | eb1b 00b9 
  0x000000012fb57e18: ea17 00f9 | e033 00b9 

  0x000000012fb57e20: ; ImmutableOopMap {rfp=Oop [0]=Oop [8]=Oop [16]=Oop [40]=Oop [72]=Oop }
                      ;*ifeq {reexecute=1 rethrow=0 return_oop=0}
                      ; - (reexecute) org.treesitter.TSNode::asserNotNull@4 (line 27)
                      ; - org.treesitter.TSNode::getChildCount@1 (line 38)
                      ; - refdiff.parsers.universal.common.Tokenizer::tokenize@108 (line 31)
                      ;   {runtime_call UncommonTrapBlob}
  0x000000012fb57e20: 587c e897 

  0x000000012fb57e24: ;   {other}
  0x000000012fb57e24: 1f20 03d5 | 9f02 82f2 | 1f40 83f2 | ec07 40f9 | 4117 8012 | ec03 00f9 | ebb7 01a9 | ea4f 0529 
  0x000000012fb57e44: ef33 00b9 

  0x000000012fb57e48: ; ImmutableOopMap {rfp=Oop [0]=Oop [24]=Oop [32]=Oop }
                      ;*ifne {reexecute=1 rethrow=0 return_oop=0}
                      ; - (reexecute) org.treesitter.TSQueryCursor::assertExecuted@4 (line 165)
                      ; - org.treesitter.TSQueryCursor::nextMatch@1 (line 134)
                      ; - refdiff.parsers.universal.common.Tokenizer::tokenize@60 (line 27)
                      ;   {runtime_call UncommonTrapBlob}
  0x000000012fb57e48: 4e7c e897 

  0x000000012fb57e4c: ;   {other}
  0x000000012fb57e4c: 1f20 03d5 | 9f07 82f2 | 1f60 83f2 | f803 0f2a | f703 0daa | e103 1caa | c900 0010 

  0x000000012fb57e68: ;   {runtime_call G1BarrierSetRuntime::write_ref_field_pre_entry(oopDesc*, JavaThread*)}
  0x000000012fb57e68: 0866 8fd2 | 48c8 a0f2 | 2800 c0f2 | ff27 bfa9 | 0001 3fd6 

  0x000000012fb57e7c: ;   {other}
  0x000000012fb57e7c: 1f20 03d5 | 1f00 80f2 | 1f00 80f2 | ff43 0091 | f603 132a | f303 162a | ed03 17aa | ef03 182a 
  0x000000012fb57e9c: dcfd ff17 | ea0b 40f9 | ea03 00f9 | fd07 40f9 | ea0f 40f9 | ea07 00f9 | ea13 40f9 | ea0b 00f9 
  0x000000012fb57ebc: ea2f 40b9 | ea1f 00b9 | eb2b 40b9 | ea23 40f9 | 4117 8012 | eb1b 00b9 | ea17 00f9 | e033 00b9 
  0x000000012fb57edc: ; ImmutableOopMap {rfp=Oop [0]=Oop [8]=Oop [16]=Oop [40]=Oop [72]=Oop }
                      ;*ifeq {reexecute=1 rethrow=0 return_oop=0}
                      ; - (reexecute) org.treesitter.TSNode::asserNotNull@4 (line 27)
                      ; - org.treesitter.TSNode::getStartByte@1 (line 190)
                      ; - refdiff.parsers.universal.common.Tokenizer::tokenize@116 (line 32)
                      ;   {runtime_call UncommonTrapBlob}
  0x000000012fb57edc: 297c e897 

  0x000000012fb57ee0: ;   {other}
  0x000000012fb57ee0: 1f20 03d5 | 1f1a 82f2 | 1f80 83f2 | ea0b 40f9 | ea03 00f9 | fd07 40f9 | ea0f 40f9 | ea07 00f9 
  0x000000012fb57f00: ea13 40f9 | ea0b 00f9 | ea2b 40b9 | ea1b 00b9 | ebab 4529 | ebab 0329 | ebab 4629 | 4117 8012 
  0x000000012fb57f20: e027 00b9 | eb2b 0629 

  0x000000012fb57f28: ; ImmutableOopMap {rfp=Oop [0]=Oop [8]=Oop [16]=Oop [64]=Oop [72]=Oop }
                      ;*ifeq {reexecute=1 rethrow=0 return_oop=0}
                      ; - (reexecute) org.treesitter.TSNode::asserNotNull@4 (line 27)
                      ; - org.treesitter.TSNode::getEndByte@1 (line 200)
                      ; - refdiff.parsers.universal.common.Tokenizer::tokenize@123 (line 33)
                      ;   {runtime_call UncommonTrapBlob}
  0x000000012fb57f28: 167c e897 

  0x000000012fb57f2c: ;   {other}
  0x000000012fb57f2c: 1f20 03d5 | 9f23 82f2 | 1fa0 83f2 | 0b2c 40b9 | 60f1 7dd3 | c09f ffb4 | 8a17 40f9 | ea16 00b4 
  0x000000012fb57f4c: 8b1b 40f9 | 4c21 00d1 | 6a01 0a8b | 4081 1ff8 | 8c17 00f9 | f6fc ff17 | 8a2f 44a9 | bf3b 03d5 
  0x000000012fb57f6c: 0d00 c039 | 0da0 ff34 | 1f00 0039 | aa01 00b5 | e103 1caa | c900 0010 

  0x000000012fb57f84: ;   {runtime_call G1BarrierSetRuntime::write_ref_field_post_entry(unsigned char volatile*, JavaThread*)}
  0x000000012fb57f84: 086b 8fd2 | 48c8 a0f2 | 2800 c0f2 | ff27 bfa9 | 0001 3fd6 

  0x000000012fb57f98: ;   {other}
  0x000000012fb57f98: 1f20 03d5 | 1f00 80f2 | 1f00 80f2 | ff43 0091 | f2fc ff17 | 4c21 00d1 | 6a01 0a8b | 4081 1ff8 
  0x000000012fb57fb8: 8c23 00f9 | edfc ff17 | 8a2f 44a9 | bf3b 03d5 | 0d00 c039 | add0 ff34 | 1f00 0039 | aa01 00b5 
  0x000000012fb57fd8: e103 1caa | c900 0010 

  0x000000012fb57fe0: ;   {runtime_call G1BarrierSetRuntime::write_ref_field_post_entry(unsigned char volatile*, JavaThread*)}
  0x000000012fb57fe0: 086b 8fd2 | 48c8 a0f2 | 2800 c0f2 | ff27 bfa9 | 0001 3fd6 

  0x000000012fb57ff4: ;   {other}
  0x000000012fb57ff4: 1f20 03d5 | 1f00 80f2 | 1f00 80f2 | ff43 0091 | 77fe ff17 | 4c21 00d1 | 6a01 0a8b | 4081 1ff8 
  0x000000012fb58014: 8c23 00f9 | 72fe ff17 

  0x000000012fb5801c: ;   {oop(a 'java/lang/Object'[0] {0x000000070052d1f8})}
  0x000000012fb5801c: 1d3f 9ad2 | 5d0a a0f2 | fd00 c0f2 | ec03 0032 | ee03 1f2a | ed03 1f2a | 40fe ff17 

  0x000000012fb58038: ;   {metadata('org/treesitter/TSQuery')}
  0x000000012fb58038: 01ed 96d2 | 2121 a0f2 | c1ff c3f2 

  0x000000012fb58044: ; ImmutableOopMap {rfp=Oop [0]=Oop [8]=Oop }
                      ;*new {reexecute=0 rethrow=0 return_oop=1}
                      ; - refdiff.parsers.universal.common.Tokenizer::tokenize@3 (line 20)
                      ;   {runtime_call _new_instance_Java}
  0x000000012fb58044: 8f9b e997 

  0x000000012fb58048: ;   {other}
  0x000000012fb58048: 1f20 03d5 | 1f47 82f2 | 1fc0 83f2 | 63fc ff17 | e00b 00f9 

  0x000000012fb5805c: ;   {metadata('org/treesitter/TSQuery$TSQueryCleanRunner')}
  0x000000012fb5805c: 013e 97d2 | 2121 a0f2 | c1ff c3f2 

  0x000000012fb58068: ; ImmutableOopMap {rfp=Oop [0]=Oop [8]=Oop }
                      ;*new {reexecute=0 rethrow=0 return_oop=1}
                      ; - org.treesitter.TSQuery::<init>@10 (line 23)
                      ; - org.treesitter.TSQuery::<init>@9 (line 40)
                      ; - refdiff.parsers.universal.common.Tokenizer::tokenize@9 (line 20)
                      ;   {runtime_call _new_instance_Java}
  0x000000012fb58068: 869b e997 

  0x000000012fb5806c: ;   {other}
  0x000000012fb5806c: 1f20 03d5 | 9f4b 82f2 | 1fe0 83f2 | e203 00aa | e00b 40f9 | 72fc ff17 

  0x000000012fb58084: ;   {metadata('org/treesitter/TSQueryCursor')}
  0x000000012fb58084: 0182 97d2 | 2121 a0f2 | c1ff c3f2 

  0x000000012fb58090: ; ImmutableOopMap {rfp=Oop [0]=Oop [8]=Oop }
                      ;*new {reexecute=0 rethrow=0 return_oop=1}
                      ; - refdiff.parsers.universal.common.Tokenizer::tokenize@14 (line 21)
                      ;   {runtime_call _new_instance_Java}
  0x000000012fb58090: 7c9b e997 

  0x000000012fb58094: ;   {other}
  0x000000012fb58094: 1f20 03d5 | 9f50 82f2 | 1f00 84f2 | 7ffc ff17 | e00f 00f9 

  0x000000012fb580a8: ;   {metadata('org/treesitter/TSQueryCursor$TSQueryCursorCleanAction')}
  0x000000012fb580a8: 01cd 97d2 | 2121 a0f2 | c1ff c3f2 

  0x000000012fb580b4: ; ImmutableOopMap {rfp=Oop [0]=Oop [8]=Oop [16]=Oop }
                      ;*new {reexecute=0 rethrow=0 return_oop=1}
                      ; - org.treesitter.TSQueryCursor::<init>@15 (line 30)
                      ; - org.treesitter.TSQueryCursor::<init>@4 (line 57)
                      ; - refdiff.parsers.universal.common.Tokenizer::tokenize@18 (line 21)
                      ;   {runtime_call _new_instance_Java}
  0x000000012fb580b4: 739b e997 

  0x000000012fb580b8: ;   {other}
  0x000000012fb580b8: 1f20 03d5 | 1f55 82f2 | 1f20 84f2 | e203 00aa | e00f 40f9 | 8afc ff17 

  0x000000012fb580d0: ;   {metadata('org/treesitter/TSQueryMatch')}
  0x000000012fb580d0: 017c 98d2 | 2121 a0f2 | c1ff c3f2 

  0x000000012fb580dc: ; ImmutableOopMap {[8]=Oop [16]=Oop }
                      ;*new {reexecute=0 rethrow=0 return_oop=1}
                      ; - refdiff.parsers.universal.common.Tokenizer::tokenize@38 (line 24)
                      ;   {runtime_call _new_instance_Java}
  0x000000012fb580dc: 699b e997 

  0x000000012fb580e0: ;   {other}
  0x000000012fb580e0: 1f20 03d5 | 1f5a 82f2 | 1f40 84f2 | bbfc ff17 | ec37 0029 | ee1b 00b9 

  0x000000012fb580f8: ;   {metadata('refdiff/core/cst/TokenizedSource')}
  0x000000012fb580f8: 01f3 9ad2 | 2121 a0f2 | c1ff c3f2 

  0x000000012fb58104: ; ImmutableOopMap {rfp=Oop [8]=Oop }
                      ;*new {reexecute=0 rethrow=0 return_oop=1}
                      ; - refdiff.parsers.universal.common.Tokenizer::tokenize@156 (line 38)
                      ;   {runtime_call _new_instance_Java}
  0x000000012fb58104: 5f9b e997 

  0x000000012fb58108: ;   {other}
  0x000000012fb58108: 1f20 03d5 | 1f5f 82f2 | 1f60 84f2 | 17fe ff17 | ea03 01aa | 8b09 00d1 | 6821 00f1 | 4300 0054 
  0x000000012fb58128: ;   {runtime_call StubRoutines (final stubs)}
  0x000000012fb58128: 467d e897 | 6b00 1036 | 5f7d 81a8 | 5f7d 81a8 | 4b00 0836 | 5f7d 81a8 | 4b00 0036 | 5f01 00f9 
  0x000000012fb58148: b8fd ff17 | ea0b 40f9 | ea03 00f9 | fd07 40f9 | ea0f 40f9 | ea07 00f9 | ea13 40f9 | ea0b 00f9 
  0x000000012fb58168: ea2b 40b9 | ea1b 00b9 | ea1b 40f9 | ea13 00f9 | eb2f 40b9 | ea3f 40b9 | 2106 8012 | eb1f 00b9 
  0x000000012fb58188: ea4f 0529 | f02b 00f9 

  0x000000012fb58190: ; ImmutableOopMap {rfp=Oop [0]=Oop [8]=Oop [16]=Oop [32]=Oop [64]=Oop [80]=Oop }
                      ;*invokestatic copyOf {reexecute=1 rethrow=0 return_oop=0}
                      ; - (reexecute) java.util.Arrays::copyOf@6 (line 3481)
                      ; - java.util.ArrayList::grow@37 (line 238)
                      ; - java.util.ArrayList::grow@7 (line 245)
                      ; - java.util.ArrayList::add@7 (line 484)
                      ; - java.util.ArrayList::add@20 (line 497)
                      ; - refdiff.parsers.universal.common.Tokenizer::tokenize@141 (line 34)
                      ;   {runtime_call UncommonTrapBlob}
  0x000000012fb58190: 7c7b e897 

  0x000000012fb58194: ;   {other}
  0x000000012fb58194: 1f20 03d5 | 9f70 82f2 | 1f80 84f2 | ea07 40f9 | ea03 00f9 | ea0b 40f9 | ea07 00f9 | ea0f 40f9 
  0x000000012fb581b4: ea0b 00f9 | ea13 40f9 | ea0f 00f9 | ea2b 40b9 | ea23 00b9 | eb2f 40b9 | ea1b 40f9 | 4118 8012 
  0x000000012fb581d4: eb27 00b9 | ea17 00f9 

  0x000000012fb581dc: ; ImmutableOopMap {[0]=Oop [8]=Oop [16]=Oop [24]=Oop [40]=Oop [64]=Oop }
                      ;*if_icmpge {reexecute=1 rethrow=0 return_oop=0}
                      ; - (reexecute) jdk.internal.util.ArraysSupport::newLength@10 (line 741)
                      ; - java.util.ArrayList::grow@27 (line 235)
                      ; - java.util.ArrayList::grow@7 (line 245)
                      ; - java.util.ArrayList::add@7 (line 484)
                      ; - java.util.ArrayList::add@20 (line 497)
                      ; - refdiff.parsers.universal.common.Tokenizer::tokenize@141 (line 34)
                      ;   {runtime_call UncommonTrapBlob}
  0x000000012fb581dc: 697b e897 

  0x000000012fb581e0: ;   {other}
  0x000000012fb581e0: 1f20 03d5 | 1f7a 82f2 | 1fa0 84f2 | 2101 8012 

  0x000000012fb581f0: ; ImmutableOopMap {rfp=Oop }
                      ;*invokevirtual setTree {reexecute=0 rethrow=0 return_oop=0}
                      ; - org.treesitter.TSTree::getRootNode@10 (line 60)
                      ; - refdiff.parsers.universal.common.Tokenizer::tokenize@24 (line 22)
                      ;   {runtime_call UncommonTrapBlob}
  0x000000012fb581f0: 647b e897 

  0x000000012fb581f4: ;   {other}
  0x000000012fb581f4: 1f20 03d5 | 9f7c 82f2 | 1fc0 84f2 | 2111 8012 

  0x000000012fb58204: ; ImmutableOopMap {rfp=Oop [8]=Oop }
                      ;*if_icmpge {reexecute=1 rethrow=0 return_oop=0}
                      ; - (reexecute) refdiff.core.cst.TokenizedSource::<init>@33 (line 15)
                      ; - refdiff.parsers.universal.common.Tokenizer::tokenize@163 (line 38)
                      ;   {runtime_call UncommonTrapBlob}
  0x000000012fb58204: 5f7b e897 

  0x000000012fb58208: ;   {other}
  0x000000012fb58208: 1f20 03d5 | 1f7f 82f2 | 1fe0 84f2 | ef03 40b9 | 54fe ff17 | ef03 1f2a | 88fe ff17 | e103 1caa 
  0x000000012fb58228: c900 0010 

  0x000000012fb5822c: ;   {runtime_call G1BarrierSetRuntime::write_ref_field_pre_entry(oopDesc*, JavaThread*)}
  0x000000012fb5822c: 0866 8fd2 | 48c8 a0f2 | 2800 c0f2 | ff27 bfa9 | 0001 3fd6 

  0x000000012fb58240: ;   {other}
  0x000000012fb58240: 1f20 03d5 | 1f00 80f2 | 1f00 80f2 | ff43 0091 | 3afc ff17 | eb07 40f9 | 4117 8012 | eb03 00f9 
  0x000000012fb58260: ea83 01a9 

  0x000000012fb58264: ; ImmutableOopMap {[0]=Oop [24]=Oop [32]=Oop }
                      ;*ifne {reexecute=1 rethrow=0 return_oop=0}
                      ; - (reexecute) org.treesitter.TSQueryCursor::assertExecuted@4 (line 165)
                      ; - org.treesitter.TSQueryCursor::nextMatch@1 (line 134)
                      ; - refdiff.parsers.universal.common.Tokenizer::tokenize@60 (line 27)
                      ;   {runtime_call UncommonTrapBlob}
  0x000000012fb58264: 477b e897 

  0x000000012fb58268: ;   {other}
  0x000000012fb58268: 1f20 03d5 | 1f8b 82f2 | 1f00 85f2 | ea03 0f2a | ec1f 00b9 | f313 00f9 | 73fe ff17 | ea03 0f2a 
  0x000000012fb58288: ec13 00b9 | f313 00f9 | 0900 0014 | ef05 0011 | 0400 0014 | f103 05aa | 0200 0014 | ef03 1f2a 
  0x000000012fb582a8: ea03 0f2a | ec13 00b9 | f313 00f9 | 2104 8012 | ea03 00b9 | f107 00f9 

  0x000000012fb582c0: ; ImmutableOopMap {rfp=Oop [8]=Oop [32]=Oop }
                      ;*checkcast {reexecute=0 rethrow=0 return_oop=0}
                      ; - refdiff.core.cst.TokenizedSource::<init>@43 (line 16)
                      ; - refdiff.parsers.universal.common.Tokenizer::tokenize@163 (line 38)
                      ;   {runtime_call UncommonTrapBlob}
  0x000000012fb582c0: 307b e897 

  0x000000012fb582c4: ;   {other}
  0x000000012fb582c4: 1f20 03d5 | 9f96 82f2 | 1f20 85f2 | 2101 8012 | fd03 0e2a 

  0x000000012fb582d8: ; ImmutableOopMap {}
                      ;*iastore {reexecute=0 rethrow=0 return_oop=0}
                      ; - refdiff.core.cst.TokenizedSource::<init>@60 (line 17)
                      ; - refdiff.parsers.universal.common.Tokenizer::tokenize@163 (line 38)
                      ;   {runtime_call UncommonTrapBlob}
  0x000000012fb582d8: 2a7b e897 

  0x000000012fb582dc: ;   {other}
  0x000000012fb582dc: 1f20 03d5 | 9f99 82f2 | 1f40 85f2 | 2101 8012 

  0x000000012fb582ec: ; ImmutableOopMap {}
                      ;*invokevirtual getNode {reexecute=0 rethrow=0 return_oop=0}
                      ; - refdiff.parsers.universal.common.Tokenizer::tokenize@101 (line 30)
                      ;   {runtime_call UncommonTrapBlob}
  0x000000012fb582ec: 257b e897 

  0x000000012fb582f0: ;   {other}
  0x000000012fb582f0: 1f20 03d5 | 1f9c 82f2 | 1f60 85f2 | 2101 8012 

  0x000000012fb58300: ; ImmutableOopMap {}
                      ;*arraylength {reexecute=0 rethrow=0 return_oop=0}
                      ; - refdiff.parsers.universal.common.Tokenizer::tokenize@79 (line 29)
                      ;   {runtime_call UncommonTrapBlob}
  0x000000012fb58300: 207b e897 

  0x000000012fb58304: ;   {other}
  0x000000012fb58304: 1f20 03d5 | 9f9e 82f2 | 1f80 85f2 | 2101 8012 

  0x000000012fb58314: ; ImmutableOopMap {}
                      ;*invokevirtual getPtr {reexecute=0 rethrow=0 return_oop=0}
                      ; - org.treesitter.TSQuery::<init>@2 (line 40)
                      ; - refdiff.parsers.universal.common.Tokenizer::tokenize@9 (line 20)
                      ;   {runtime_call UncommonTrapBlob}
  0x000000012fb58314: 1b7b e897 

  0x000000012fb58318: ;   {other}
  0x000000012fb58318: 1f20 03d5 | 1fa1 82f2 | 1fa0 85f2 | 2101 8012 

  0x000000012fb58328: ; ImmutableOopMap {}
                      ;*invokevirtual getRootNode {reexecute=0 rethrow=0 return_oop=0}
                      ; - refdiff.parsers.universal.common.Tokenizer::tokenize@24 (line 22)
                      ;   {runtime_call UncommonTrapBlob}
  0x000000012fb58328: 167b e897 

  0x000000012fb5832c: ;   {other}
  0x000000012fb5832c: 1f20 03d5 | 9fa3 82f2 | 1fc0 85f2 | ef03 1f2a | 35fe ff17 | ea03 0f2a | ec0b 00b9 | f30b 00f9 
  0x000000012fb5834c: 34fe ff17 | e103 00aa | 2b00 0014 | e103 00aa | 2900 0014 | e103 00aa | 2700 0014 | e103 00aa 
  0x000000012fb5836c: 2500 0014 | 1500 0014 | e103 00aa | 2200 0014 | 0100 0014 | e103 00aa | 1f00 0014 | e103 00aa 
  0x000000012fb5838c: 1d00 0014 | e103 00aa | 1b00 0014 | e103 00aa | 1900 0014 | e103 00aa | 1700 0014 | e103 00aa 
  0x000000012fb583ac: 1500 0014 | e103 00aa | 1300 0014 | e103 00aa | 1100 0014 | 0100 0014 | e103 00aa | 0e00 0014 
  0x000000012fb583cc: e103 00aa | 0c00 0014 | e103 00aa | 0a00 0014 | e103 00aa | 0800 0014 | e103 00aa | 0600 0014 
  0x000000012fb583ec: e103 00aa | 0400 0014 | e103 00aa | 0200 0014 | e103 00aa | fd7b 47a9 | ff03 0291 

  0x000000012fb58408: ;   {runtime_call _rethrow_Java}
  0x000000012fb58408: 7efc eb17 

  0x000000012fb5840c: ;   {internal_word}
  0x000000012fb5840c: 68be ff10 | 883b 02f9 

  0x000000012fb58414: ;   {runtime_call SafepointBlob}
  0x000000012fb58414: 3b79 e817 

  0x000000012fb58418: ;   {runtime_call StubRoutines (final stubs)}
  0x000000012fb58418: 0830 93d2 | e8ea a5f2 | 2800 c0f2 | 0001 3fd6 | 5ffb ff17 

  0x000000012fb5842c: ;   {other}
  0x000000012fb5842c: 2100 0000 
[Stub Code]
  0x000000012fb58430: ;   {no_reloc}
  0x000000012fb58430: 4800 0058 | 0001 1fd6 | d0e1 bc2f | 0100 0000 

  0x000000012fb58440: ;   {trampoline_stub}
  0x000000012fb58440: 4800 0058 | 0001 1fd6 | 4032 c82f | 0100 0000 

  0x000000012fb58450: ;   {trampoline_stub}
  0x000000012fb58450: 4800 0058 | 0001 1fd6 | d0e5 bc2f | 0100 0000 

  0x000000012fb58460: ;   {trampoline_stub}
  0x000000012fb58460: 4800 0058 | 0001 1fd6 | 4032 c82f | 0100 0000 

  0x000000012fb58470: ;   {trampoline_stub}
  0x000000012fb58470: 4800 0058 | 0001 1fd6 | d0e9 bc2f | 0100 0000 

  0x000000012fb58480: ;   {trampoline_stub}
  0x000000012fb58480: 4800 0058 | 0001 1fd6 | d0ee bc2f | 0100 0000 

  0x000000012fb58490: ;   {trampoline_stub}
  0x000000012fb58490: 4800 0058 | 0001 1fd6 | d034 b22f | 0100 0000 

  0x000000012fb584a0: ;   {trampoline_stub}
  0x000000012fb584a0: 4800 0058 | 0001 1fd6 | d034 b22f | 0100 0000 

  0x000000012fb584b0: ;   {trampoline_stub}
  0x000000012fb584b0: 4800 0058 | 0001 1fd6 | d021 b22f | 0100 0000 

  0x000000012fb584c0: ;   {trampoline_stub}
  0x000000012fb584c0: 4800 0058 | 0001 1fd6 | d02c b22f | 0100 0000 

  0x000000012fb584d0: ;   {trampoline_stub}
  0x000000012fb584d0: 4800 0058 | 0001 1fd6 | d021 b22f | 0100 0000 

  0x000000012fb584e0: ;   {trampoline_stub}
  0x000000012fb584e0: 4800 0058 | 0001 1fd6 | d028 b22f | 0100 0000 

  0x000000012fb584f0: ;   {trampoline_stub}
  0x000000012fb584f0: 4800 0058 | 0001 1fd6 | d021 b22f | 0100 0000 

  0x000000012fb58500: ;   {trampoline_stub}
  0x000000012fb58500: 4800 0058 | 0001 1fd6 | d030 b22f | 0100 0000 

  0x000000012fb58510: ;   {static_stub}
  0x000000012fb58510: df3f 03d5 

  0x000000012fb58514: ;   {metadata({method} {0x000000013956e9c8} 'ts_query_new' '(JLjava/lang/String;)J' in 'org/treesitter/TSParser')}
  0x000000012fb58514: 0c39 9dd2 | cc2a a7f2 | 2c00 c0f2 | 885a 9ed2 | 28eb a5f2 | 2800 c0f2 | 0001 1fd6 

  0x000000012fb58530: ;   {static_stub}
  0x000000012fb58530: df3f 03d5 

  0x000000012fb58534: ;   {metadata({method} {0x0000000139574060} 'register' '(Ljava/lang/Object;Ljava/lang/Runnable;)V' in 'org/treesitter/CleanerRunner')}
  0x000000012fb58534: 0c0c 88d2 | ec2a a7f2 | 2c00 c0f2 | 88ba 8ad2 | e8ea a5f2 | 2800 c0f2 | 0001 1fd6 

  0x000000012fb58550: ;   {static_stub}
  0x000000012fb58550: df3f 03d5 

  0x000000012fb58554: ;   {metadata({method} {0x000000013956f3c8} 'ts_query_cursor_new' '()J' in 'org/treesitter/TSParser')}
  0x000000012fb58554: 0c79 9ed2 | cc2a a7f2 | 2c00 c0f2 | 080a 90d2 | 68ea a5f2 | 2800 c0f2 | 0001 1fd6 

  0x000000012fb58570: ;   {static_stub}
  0x000000012fb58570: df3f 03d5 

  0x000000012fb58574: ;   {metadata({method} {0x000000013956c588} 'ts_tree_root_node' '(J)Lorg/treesitter/TSNode;' in 'org/treesitter/TSParser')}
  0x000000012fb58574: 0cb1 98d2 | cc2a a7f2 | 2c00 c0f2 | 885a 90d2 | a8ea a5f2 | 2800 c0f2 | 0001 1fd6 

  0x000000012fb58590: ;   {static_stub}
  0x000000012fb58590: df3f 03d5 

  0x000000012fb58594: ;   {metadata({method} {0x000000013956f508} 'ts_query_cursor_exec' '(JJLorg/treesitter/TSNode;)V' in 'org/treesitter/TSParser')}
  0x000000012fb58594: 0ca1 9ed2 | cc2a a7f2 | 2c00 c0f2 | 08ab 9fd2 | 28eb a5f2 | 2800 c0f2 | 0001 1fd6 

  0x000000012fb585b0: ;   {static_stub}
  0x000000012fb585b0: df3f 03d5 

  0x000000012fb585b4: ;   {metadata(nullptr)}
  0x000000012fb585b4: 0c00 80d2 | 0c00 a0f2 | 0c00 c0f2 | 0800 80d2 | 0800 a0f2 | 0800 c0f2 | 0001 1fd6 

  0x000000012fb585d0: ;   {static_stub}
  0x000000012fb585d0: df3f 03d5 

  0x000000012fb585d4: ;   {metadata(nullptr)}
  0x000000012fb585d4: 0c00 80d2 | 0c00 a0f2 | 0c00 c0f2 | 0800 80d2 | 0800 a0f2 | 0800 c0f2 | 0001 1fd6 

  0x000000012fb585f0: ;   {static_stub}
  0x000000012fb585f0: df3f 03d5 

  0x000000012fb585f4: ;   {metadata(nullptr)}
  0x000000012fb585f4: 0c00 80d2 | 0c00 a0f2 | 0c00 c0f2 | 0800 80d2 | 0800 a0f2 | 0800 c0f2 | 0001 1fd6 

  0x000000012fb58610: ;   {static_stub}
  0x000000012fb58610: df3f 03d5 

  0x000000012fb58614: ;   {metadata(nullptr)}
  0x000000012fb58614: 0c00 80d2 | 0c00 a0f2 | 0c00 c0f2 | 0800 80d2 | 0800 a0f2 | 0800 c0f2 | 0001 1fd6 

  0x000000012fb58630: ;   {static_stub}
  0x000000012fb58630: df3f 03d5 

  0x000000012fb58634: ;   {metadata(nullptr)}
  0x000000012fb58634: 0c00 80d2 | 0c00 a0f2 | 0c00 c0f2 | 0800 80d2 | 0800 a0f2 | 0800 c0f2 | 0001 1fd6 
[Exception Handler]
  0x000000012fb58650: ;   {runtime_call ExceptionBlob}
  0x000000012fb58650: 2c88 e917 
[Deopt Handler Code]
  0x000000012fb58654: 1e00 0010 

  0x000000012fb58658: ;   {runtime_call DeoptimizationBlob}
  0x000000012fb58658: 7a79 e817 | 0000 0000 
[/MachCode]


---------------  P R O C E S S  ---------------

Threads class SMR info:
_java_thread_list=0x00000001736b83b0, length=12, elements={
0x000000011d014e00, 0x000000011f00ec00, 0x000000011d818e00, 0x000000011f011800,
0x000000011f012000, 0x000000011f012800, 0x000000011f013000, 0x000000011f013800,
0x000000011d81e400, 0x000000011d0b2800, 0x000000011d9aa800, 0x000000011c090a00
}

Java Threads: ( => current thread )
=>0x000000011d014e00 JavaThread "main"                              [_thread_in_native, id=8963, stack(0x000000016f8e0000,0x000000016fae3000) (2060K)]
  0x000000011f00ec00 JavaThread "Reference Handler"          daemon [_thread_blocked, id=24835, stack(0x0000000170a58000,0x0000000170c5b000) (2060K)]
  0x000000011d818e00 JavaThread "Finalizer"                  daemon [_thread_blocked, id=25347, stack(0x0000000170c64000,0x0000000170e67000) (2060K)]
  0x000000011f011800 JavaThread "Signal Dispatcher"          daemon [_thread_blocked, id=29443, stack(0x0000000170e70000,0x0000000171073000) (2060K)]
  0x000000011f012000 JavaThread "Service Thread"             daemon [_thread_blocked, id=28931, stack(0x000000017107c000,0x000000017127f000) (2060K)]
  0x000000011f012800 JavaThread "Monitor Deflation Thread"   daemon [_thread_blocked, id=25603, stack(0x0000000171288000,0x000000017148b000) (2060K)]
  0x000000011f013000 JavaThread "C2 CompilerThread0"         daemon [_thread_blocked, id=26115, stack(0x0000000171494000,0x0000000171697000) (2060K)]
  0x000000011f013800 JavaThread "C1 CompilerThread0"         daemon [_thread_blocked, id=26627, stack(0x00000001716a0000,0x00000001718a3000) (2060K)]
  0x000000011d81e400 JavaThread "Notification Thread"        daemon [_thread_blocked, id=28163, stack(0x00000001718ac000,0x0000000171aaf000) (2060K)]
  0x000000011d0b2800 JavaThread "Common-Cleaner"             daemon [_thread_blocked, id=26883, stack(0x0000000171ab8000,0x0000000171cbb000) (2060K)]
  0x000000011d9aa800 JavaThread "Cleaner-0"                  daemon [_thread_in_native, id=41475, stack(0x0000000172740000,0x0000000172943000) (2060K)]
  0x000000011c090a00 JavaThread "JGit-WorkQueue"             daemon [_thread_blocked, id=33795, stack(0x000000017294c000,0x0000000172b4f000) (2060K)]
Total: 12

Other Threads:
  0x000000011cf2aae0 VMThread "VM Thread"                           [id=17923, stack(0x0000000170734000,0x0000000170937000) (2060K)]
  0x000000011cf15670 WatcherThread "VM Periodic Task Thread"        [id=17155, stack(0x0000000170528000,0x000000017072b000) (2060K)]
  0x000000011ce1e600 WorkerThread "GC Thread#0"                     [id=15363, stack(0x000000016faec000,0x000000016fcef000) (2060K)]
  0x0000000100c454d0 WorkerThread "GC Thread#1"                     [id=32779, stack(0x0000000171d04000,0x0000000171f07000) (2060K)]
  0x0000000100c45bc0 WorkerThread "GC Thread#2"                     [id=33027, stack(0x0000000171f10000,0x0000000172113000) (2060K)]
  0x0000000100c46790 WorkerThread "GC Thread#3"                     [id=42755, stack(0x000000017211c000,0x000000017231f000) (2060K)]
  0x0000000100c47530 WorkerThread "GC Thread#4"                     [id=42243, stack(0x0000000172328000,0x000000017252b000) (2060K)]
  0x0000000100c482d0 WorkerThread "GC Thread#5"                     [id=33283, stack(0x0000000172534000,0x0000000172737000) (2060K)]
  0x0000000172fb7f80 WorkerThread "GC Thread#6"                     [id=23815, stack(0x0000000175704000,0x0000000175907000) (2060K)]
  0x0000000175572000 WorkerThread "GC Thread#7"                     [id=34307, stack(0x0000000175910000,0x0000000175b13000) (2060K)]
  0x000000011ce1f4c0 ConcurrentGCThread "G1 Main Marker"            [id=14851, stack(0x000000016fcf8000,0x000000016fefb000) (2060K)]
  0x000000011ce202f0 WorkerThread "G1 Conc#0"                       [id=14083, stack(0x000000016ff04000,0x0000000170107000) (2060K)]
  0x000000011d0aee00 ConcurrentGCThread "G1 Refine#0"               [id=21507, stack(0x0000000170110000,0x0000000170313000) (2060K)]
  0x000000011ce47400 ConcurrentGCThread "G1 Service"                [id=16643, stack(0x000000017031c000,0x000000017051f000) (2060K)]
Total: 14

Threads with active compile tasks:
Total: 0

VM state: not at safepoint (normal execution)

VM Mutex/Monitor currently owned by a thread: None

Heap address: 0x0000000700000000, size: 4096 MB, Compressed Oops mode: Zero based, Oop shift amount: 3

CDS archive(s) mapped at: [0x00001ffe00000000-0x00001ffe00c70000-0x00001ffe00c70000), size 13041664, SharedBaseAddress: 0x00001ffe00000000, ArchiveRelocationMode: 1.
Compressed class space mapped at: 0x00001ffe01000000-0x00001ffe41000000, reserved size: 1073741824
Narrow klass base: 0x00001ffe00000000, Narrow klass shift: 0, Narrow klass range: 0x100000000

GC Precious Log:
 CardTable entry size: 512
 Card Set container configuration: InlinePtr #cards 4 size 8 Array Of Cards #cards 16 size 48 Howl #buckets 8 coarsen threshold 3686 Howl Bitmap #cards 512 size 80 coarsen threshold 460 Card regions per heap region 1 cards per card region 4096
 CPUs: 8 total, 8 available
 Memory: 16384M
 Large Page Support: Disabled
 NUMA Support: Disabled
 Compressed Oops: Enabled (Zero based)
 Heap Region Size: 2M
 Heap Min Capacity: 8M
 Heap Initial Capacity: 256M
 Heap Max Capacity: 4G
 Pre-touch: Disabled
 Parallel Workers: 8
 Concurrent Workers: 2
 Concurrent Refinement Workers: 8
 Periodic GC: Disabled

Heap:
 garbage-first heap   total reserved 4194304K, committed 1366016K, used 440187K [0x0000000700000000, 0x0000000800000000)
  region size 2048K, 15 young (30720K), 14 survivors (28672K)
 Metaspace       used 6044K, committed 6272K, reserved 1114112K
  class space    used 592K, committed 704K, reserved 1048576K

Heap Regions: E=young(eden), S=young(survivor), O=old, HS=humongous(starts), HC=humongous(continues), CS=collection set, F=free, TAMS=top-at-mark-start, PB=parsable bottom
|   0|0x0000000700000000, 0x0000000700200000, 0x0000000700200000|100%| O|  |TAMS 0x0000000700000000| PB 0x0000000700000000| Untracked |  0
|   1|0x0000000700200000, 0x0000000700400000, 0x0000000700400000|100%| O|  |TAMS 0x0000000700200000| PB 0x0000000700200000| Untracked |  0
|   2|0x0000000700400000, 0x0000000700600000, 0x0000000700600000|100%| O|  |TAMS 0x0000000700400000| PB 0x0000000700400000| Untracked |  0
|   3|0x0000000700600000, 0x0000000700800000, 0x0000000700800000|100%| O|  |TAMS 0x0000000700600000| PB 0x0000000700600000| Untracked |  0
|   4|0x0000000700800000, 0x0000000700a00000, 0x0000000700a00000|100%| O|  |TAMS 0x0000000700800000| PB 0x0000000700800000| Untracked |  0
|   5|0x0000000700a00000, 0x0000000700c00000, 0x0000000700c00000|100%| O|  |TAMS 0x0000000700a00000| PB 0x0000000700a00000| Untracked |  0
|   6|0x0000000700c00000, 0x0000000700e00000, 0x0000000700e00000|100%| O|  |TAMS 0x0000000700c00000| PB 0x0000000700c00000| Untracked |  0
|   7|0x0000000700e00000, 0x0000000701000000, 0x0000000701000000|100%| O|  |TAMS 0x0000000700e00000| PB 0x0000000700e00000| Untracked |  0
|   8|0x0000000701000000, 0x0000000701200000, 0x0000000701200000|100%| O|  |TAMS 0x0000000701000000| PB 0x0000000701000000| Untracked |  0
|   9|0x0000000701200000, 0x0000000701400000, 0x0000000701400000|100%| O|  |TAMS 0x0000000701200000| PB 0x0000000701200000| Untracked |  0
|  10|0x0000000701400000, 0x0000000701600000, 0x0000000701600000|100%| O|  |TAMS 0x0000000701400000| PB 0x0000000701400000| Untracked |  0
|  11|0x0000000701600000, 0x0000000701800000, 0x0000000701800000|100%| O|  |TAMS 0x0000000701600000| PB 0x0000000701600000| Untracked |  0
|  12|0x0000000701800000, 0x0000000701a00000, 0x0000000701a00000|100%| O|  |TAMS 0x0000000701800000| PB 0x0000000701800000| Untracked |  0
|  13|0x0000000701a00000, 0x0000000701c00000, 0x0000000701c00000|100%| O|  |TAMS 0x0000000701a00000| PB 0x0000000701a00000| Untracked |  0
|  14|0x0000000701c00000, 0x0000000701e00000, 0x0000000701e00000|100%| O|  |TAMS 0x0000000701c00000| PB 0x0000000701c00000| Untracked |  0
|  15|0x0000000701e00000, 0x0000000702000000, 0x0000000702000000|100%| O|  |TAMS 0x0000000701e00000| PB 0x0000000701e00000| Untracked |  0
|  16|0x0000000702000000, 0x0000000702200000, 0x0000000702200000|100%| O|  |TAMS 0x0000000702000000| PB 0x0000000702000000| Untracked |  0
|  17|0x0000000702200000, 0x0000000702400000, 0x0000000702400000|100%| O|  |TAMS 0x0000000702200000| PB 0x0000000702200000| Untracked |  0
|  18|0x0000000702400000, 0x0000000702600000, 0x0000000702600000|100%| O|  |TAMS 0x0000000702400000| PB 0x0000000702400000| Untracked |  0
|  19|0x0000000702600000, 0x0000000702800000, 0x0000000702800000|100%| O|  |TAMS 0x0000000702600000| PB 0x0000000702600000| Untracked |  0
|  20|0x0000000702800000, 0x0000000702a00000, 0x0000000702a00000|100%| O|  |TAMS 0x0000000702800000| PB 0x0000000702800000| Untracked |  0
|  21|0x0000000702a00000, 0x0000000702c00000, 0x0000000702c00000|100%| O|  |TAMS 0x0000000702a00000| PB 0x0000000702a00000| Untracked |  0
|  22|0x0000000702c00000, 0x0000000702e00000, 0x0000000702e00000|100%| O|  |TAMS 0x0000000702c00000| PB 0x0000000702c00000| Untracked |  0
|  23|0x0000000702e00000, 0x0000000703000000, 0x0000000703000000|100%| O|  |TAMS 0x0000000702e00000| PB 0x0000000702e00000| Untracked |  0
|  24|0x0000000703000000, 0x0000000703200000, 0x0000000703200000|100%| O|  |TAMS 0x0000000703000000| PB 0x0000000703000000| Untracked |  0
|  25|0x0000000703200000, 0x0000000703400000, 0x0000000703400000|100%| O|  |TAMS 0x0000000703200000| PB 0x0000000703200000| Untracked |  0
|  26|0x0000000703400000, 0x0000000703600000, 0x0000000703600000|100%| O|  |TAMS 0x0000000703400000| PB 0x0000000703400000| Untracked |  0
|  27|0x0000000703600000, 0x0000000703800000, 0x0000000703800000|100%| O|  |TAMS 0x0000000703600000| PB 0x0000000703600000| Untracked |  0
|  28|0x0000000703800000, 0x0000000703a00000, 0x0000000703a00000|100%| O|  |TAMS 0x0000000703800000| PB 0x0000000703800000| Untracked |  0
|  29|0x0000000703a00000, 0x0000000703c00000, 0x0000000703c00000|100%| O|  |TAMS 0x0000000703a00000| PB 0x0000000703a00000| Untracked |  0
|  30|0x0000000703c00000, 0x0000000703e00000, 0x0000000703e00000|100%| O|  |TAMS 0x0000000703c00000| PB 0x0000000703c00000| Untracked |  0
|  31|0x0000000703e00000, 0x0000000704000000, 0x0000000704000000|100%| O|  |TAMS 0x0000000703e00000| PB 0x0000000703e00000| Untracked |  0
|  32|0x0000000704000000, 0x0000000704200000, 0x0000000704200000|100%| O|  |TAMS 0x0000000704000000| PB 0x0000000704000000| Untracked |  0
|  33|0x0000000704200000, 0x0000000704400000, 0x0000000704400000|100%| O|  |TAMS 0x0000000704200000| PB 0x0000000704200000| Untracked |  0
|  34|0x0000000704400000, 0x0000000704600000, 0x0000000704600000|100%| O|  |TAMS 0x0000000704400000| PB 0x0000000704400000| Untracked |  0
|  35|0x0000000704600000, 0x0000000704800000, 0x0000000704800000|100%| O|  |TAMS 0x0000000704600000| PB 0x0000000704600000| Untracked |  0
|  36|0x0000000704800000, 0x0000000704a00000, 0x0000000704a00000|100%| O|  |TAMS 0x0000000704800000| PB 0x0000000704800000| Untracked |  0
|  37|0x0000000704a00000, 0x0000000704c00000, 0x0000000704c00000|100%| O|  |TAMS 0x0000000704a00000| PB 0x0000000704a00000| Untracked |  0
|  38|0x0000000704c00000, 0x0000000704e00000, 0x0000000704e00000|100%| O|  |TAMS 0x0000000704c00000| PB 0x0000000704c00000| Untracked |  0
|  39|0x0000000704e00000, 0x0000000705000000, 0x0000000705000000|100%|HS|  |TAMS 0x0000000704e00000| PB 0x0000000704e00000| Complete |  0
|  40|0x0000000705000000, 0x0000000705200000, 0x0000000705200000|100%|HS|  |TAMS 0x0000000705000000| PB 0x0000000705000000| Complete |  0
|  41|0x0000000705200000, 0x0000000705400000, 0x0000000705400000|100%| O|  |TAMS 0x0000000705200000| PB 0x0000000705200000| Untracked |  0
|  42|0x0000000705400000, 0x0000000705600000, 0x0000000705600000|100%| O|  |TAMS 0x0000000705400000| PB 0x0000000705400000| Untracked |  0
|  43|0x0000000705600000, 0x0000000705800000, 0x0000000705800000|100%| O|  |TAMS 0x0000000705600000| PB 0x0000000705600000| Untracked |  0
|  44|0x0000000705800000, 0x0000000705a00000, 0x0000000705a00000|100%|HS|  |TAMS 0x0000000705800000| PB 0x0000000705800000| Complete |  0
|  45|0x0000000705a00000, 0x0000000705c00000, 0x0000000705c00000|100%| O|  |TAMS 0x0000000705a00000| PB 0x0000000705a00000| Untracked |  0
|  46|0x0000000705c00000, 0x0000000705e00000, 0x0000000705e00000|100%| O|  |TAMS 0x0000000705c00000| PB 0x0000000705c00000| Untracked |  0
|  47|0x0000000705e00000, 0x0000000706000000, 0x0000000706000000|100%| O|  |TAMS 0x0000000705e00000| PB 0x0000000705e00000| Untracked |  0
|  48|0x0000000706000000, 0x0000000706200000, 0x0000000706200000|100%| O|  |TAMS 0x0000000706000000| PB 0x0000000706000000| Untracked |  0
|  49|0x0000000706200000, 0x0000000706400000, 0x0000000706400000|100%| O|  |TAMS 0x0000000706200000| PB 0x0000000706200000| Untracked |  0
|  50|0x0000000706400000, 0x0000000706600000, 0x0000000706600000|100%| O|  |TAMS 0x0000000706400000| PB 0x0000000706400000| Untracked |  0
|  51|0x0000000706600000, 0x0000000706800000, 0x0000000706800000|100%| O|  |TAMS 0x0000000706600000| PB 0x0000000706600000| Untracked |  0
|  52|0x0000000706800000, 0x0000000706a00000, 0x0000000706a00000|100%| O|  |TAMS 0x0000000706800000| PB 0x0000000706800000| Untracked |  0
|  53|0x0000000706a00000, 0x0000000706c00000, 0x0000000706c00000|100%| O|  |TAMS 0x0000000706a00000| PB 0x0000000706a00000| Untracked |  0
|  54|0x0000000706c00000, 0x0000000706e00000, 0x0000000706e00000|100%| O|  |TAMS 0x0000000706c00000| PB 0x0000000706c00000| Untracked |  0
|  55|0x0000000706e00000, 0x0000000707000000, 0x0000000707000000|100%| O|  |TAMS 0x0000000706e00000| PB 0x0000000706e00000| Untracked |  0
|  56|0x0000000707000000, 0x0000000707200000, 0x0000000707200000|100%| O|  |TAMS 0x0000000707000000| PB 0x0000000707000000| Untracked |  0
|  57|0x0000000707200000, 0x0000000707400000, 0x0000000707400000|100%| O|  |TAMS 0x0000000707200000| PB 0x0000000707200000| Untracked |  0
|  58|0x0000000707400000, 0x0000000707600000, 0x0000000707600000|100%| O|  |TAMS 0x0000000707400000| PB 0x0000000707400000| Untracked |  0
|  59|0x0000000707600000, 0x0000000707800000, 0x0000000707800000|100%| O|  |TAMS 0x0000000707600000| PB 0x0000000707600000| Untracked |  0
|  60|0x0000000707800000, 0x0000000707a00000, 0x0000000707a00000|100%| O|  |TAMS 0x0000000707800000| PB 0x0000000707800000| Untracked |  0
|  61|0x0000000707a00000, 0x0000000707c00000, 0x0000000707c00000|100%| O|  |TAMS 0x0000000707a00000| PB 0x0000000707a00000| Untracked |  0
|  62|0x0000000707c00000, 0x0000000707e00000, 0x0000000707e00000|100%| O|  |TAMS 0x0000000707c00000| PB 0x0000000707c00000| Untracked |  0
|  63|0x0000000707e00000, 0x0000000708000000, 0x0000000708000000|100%| O|  |TAMS 0x0000000707e00000| PB 0x0000000707e00000| Untracked |  0
|  64|0x0000000708000000, 0x0000000708200000, 0x0000000708200000|100%| O|  |TAMS 0x0000000708000000| PB 0x0000000708000000| Untracked |  0
|  65|0x0000000708200000, 0x0000000708400000, 0x0000000708400000|100%|HS|  |TAMS 0x0000000708200000| PB 0x0000000708200000| Complete |  0
|  66|0x0000000708400000, 0x0000000708600000, 0x0000000708600000|100%| O|  |TAMS 0x0000000708400000| PB 0x0000000708400000| Untracked |  0
|  67|0x0000000708600000, 0x0000000708800000, 0x0000000708800000|100%| O|  |TAMS 0x0000000708600000| PB 0x0000000708600000| Untracked |  0
|  68|0x0000000708800000, 0x0000000708a00000, 0x0000000708a00000|100%| O|  |TAMS 0x0000000708800000| PB 0x0000000708800000| Untracked |  0
|  69|0x0000000708a00000, 0x0000000708c00000, 0x0000000708c00000|100%| O|  |TAMS 0x0000000708a00000| PB 0x0000000708a00000| Untracked |  0
|  70|0x0000000708c00000, 0x0000000708e00000, 0x0000000708e00000|100%| O|  |TAMS 0x0000000708c00000| PB 0x0000000708c00000| Untracked |  0
|  71|0x0000000708e00000, 0x0000000709000000, 0x0000000709000000|100%| O|  |TAMS 0x0000000708e00000| PB 0x0000000708e00000| Untracked |  0
|  72|0x0000000709000000, 0x0000000709200000, 0x0000000709200000|100%| O|  |TAMS 0x0000000709000000| PB 0x0000000709000000| Untracked |  0
|  73|0x0000000709200000, 0x0000000709400000, 0x0000000709400000|100%| O|  |TAMS 0x0000000709200000| PB 0x0000000709200000| Untracked |  0
|  74|0x0000000709400000, 0x0000000709600000, 0x0000000709600000|100%| O|  |TAMS 0x0000000709400000| PB 0x0000000709400000| Untracked |  0
|  75|0x0000000709600000, 0x0000000709800000, 0x0000000709800000|100%| O|  |TAMS 0x0000000709600000| PB 0x0000000709600000| Untracked |  0
|  76|0x0000000709800000, 0x0000000709a00000, 0x0000000709a00000|100%| O|  |TAMS 0x0000000709800000| PB 0x0000000709800000| Untracked |  0
|  77|0x0000000709a00000, 0x0000000709c00000, 0x0000000709c00000|100%|HS|  |TAMS 0x0000000709a00000| PB 0x0000000709a00000| Complete |  0
|  78|0x0000000709c00000, 0x0000000709e00000, 0x0000000709e00000|100%| O|  |TAMS 0x0000000709c00000| PB 0x0000000709c00000| Untracked |  0
|  79|0x0000000709e00000, 0x000000070a000000, 0x000000070a000000|100%| O|  |TAMS 0x0000000709e00000| PB 0x0000000709e00000| Untracked |  0
|  80|0x000000070a000000, 0x000000070a200000, 0x000000070a200000|100%| O|  |TAMS 0x000000070a000000| PB 0x000000070a000000| Untracked |  0
|  81|0x000000070a200000, 0x000000070a400000, 0x000000070a400000|100%| O|  |TAMS 0x000000070a200000| PB 0x000000070a200000| Untracked |  0
|  82|0x000000070a400000, 0x000000070a600000, 0x000000070a600000|100%| O|  |TAMS 0x000000070a400000| PB 0x000000070a400000| Untracked |  0
|  83|0x000000070a600000, 0x000000070a800000, 0x000000070a800000|100%| O|  |TAMS 0x000000070a600000| PB 0x000000070a600000| Untracked |  0
|  84|0x000000070a800000, 0x000000070aa00000, 0x000000070aa00000|100%| O|  |TAMS 0x000000070a800000| PB 0x000000070a800000| Untracked |  0
|  85|0x000000070aa00000, 0x000000070ac00000, 0x000000070ac00000|100%| O|  |TAMS 0x000000070aa00000| PB 0x000000070aa00000| Untracked |  0
|  86|0x000000070ac00000, 0x000000070ae00000, 0x000000070ae00000|100%| O|  |TAMS 0x000000070ac00000| PB 0x000000070ac00000| Untracked |  0
|  87|0x000000070ae00000, 0x000000070b000000, 0x000000070b000000|100%|HS|  |TAMS 0x000000070ae00000| PB 0x000000070ae00000| Complete |  0
|  88|0x000000070b000000, 0x000000070b200000, 0x000000070b200000|100%| O|  |TAMS 0x000000070b000000| PB 0x000000070b000000| Untracked |  0
|  89|0x000000070b200000, 0x000000070b400000, 0x000000070b400000|100%|HS|  |TAMS 0x000000070b200000| PB 0x000000070b200000| Complete |  0
|  90|0x000000070b400000, 0x000000070b600000, 0x000000070b600000|100%| O|  |TAMS 0x000000070b400000| PB 0x000000070b400000| Untracked |  0
|  91|0x000000070b600000, 0x000000070b800000, 0x000000070b800000|100%|HS|  |TAMS 0x000000070b600000| PB 0x000000070b600000| Complete |  0
|  92|0x000000070b800000, 0x000000070ba00000, 0x000000070ba00000|100%| O|  |TAMS 0x000000070b800000| PB 0x000000070b800000| Untracked |  0
|  93|0x000000070ba00000, 0x000000070ba00000, 0x000000070bc00000|  0%| F|  |TAMS 0x000000070ba00000| PB 0x000000070ba00000| Untracked |  0
|  94|0x000000070bc00000, 0x000000070bc00000, 0x000000070be00000|  0%| F|  |TAMS 0x000000070bc00000| PB 0x000000070bc00000| Untracked |  0
|  95|0x000000070be00000, 0x000000070be00000, 0x000000070c000000|  0%| F|  |TAMS 0x000000070be00000| PB 0x000000070be00000| Untracked |  0
|  96|0x000000070c000000, 0x000000070c000000, 0x000000070c200000|  0%| F|  |TAMS 0x000000070c000000| PB 0x000000070c000000| Untracked |  0
|  97|0x000000070c200000, 0x000000070c200000, 0x000000070c400000|  0%| F|  |TAMS 0x000000070c200000| PB 0x000000070c200000| Untracked |  0
|  98|0x000000070c400000, 0x000000070c400000, 0x000000070c600000|  0%| F|  |TAMS 0x000000070c400000| PB 0x000000070c400000| Untracked |  0
|  99|0x000000070c600000, 0x000000070c600000, 0x000000070c800000|  0%| F|  |TAMS 0x000000070c600000| PB 0x000000070c600000| Untracked |  0
| 100|0x000000070c800000, 0x000000070c800000, 0x000000070ca00000|  0%| F|  |TAMS 0x000000070c800000| PB 0x000000070c800000| Untracked |  0
| 101|0x000000070ca00000, 0x000000070ca00000, 0x000000070cc00000|  0%| F|  |TAMS 0x000000070ca00000| PB 0x000000070ca00000| Untracked |  0
| 102|0x000000070cc00000, 0x000000070cc00000, 0x000000070ce00000|  0%| F|  |TAMS 0x000000070cc00000| PB 0x000000070cc00000| Untracked |  0
| 103|0x000000070ce00000, 0x000000070d000000, 0x000000070d000000|100%| O|  |TAMS 0x000000070ce00000| PB 0x000000070ce00000| Untracked |  0
| 104|0x000000070d000000, 0x000000070d200000, 0x000000070d200000|100%| O|  |TAMS 0x000000070d000000| PB 0x000000070d000000| Untracked |  0
| 105|0x000000070d200000, 0x000000070d400000, 0x000000070d400000|100%| O|  |TAMS 0x000000070d200000| PB 0x000000070d200000| Untracked |  0
| 106|0x000000070d400000, 0x000000070d600000, 0x000000070d600000|100%| O|  |TAMS 0x000000070d400000| PB 0x000000070d400000| Untracked |  0
| 107|0x000000070d600000, 0x000000070d800000, 0x000000070d800000|100%| O|  |TAMS 0x000000070d600000| PB 0x000000070d600000| Untracked |  0
| 108|0x000000070d800000, 0x000000070da00000, 0x000000070da00000|100%| O|  |TAMS 0x000000070d800000| PB 0x000000070d800000| Untracked |  0
| 109|0x000000070da00000, 0x000000070dc00000, 0x000000070dc00000|100%| O|  |TAMS 0x000000070da00000| PB 0x000000070da00000| Untracked |  0
| 110|0x000000070dc00000, 0x000000070de00000, 0x000000070de00000|100%| O|  |TAMS 0x000000070dc00000| PB 0x000000070dc00000| Untracked |  0
| 111|0x000000070de00000, 0x000000070e000000, 0x000000070e000000|100%| O|  |TAMS 0x000000070de00000| PB 0x000000070de00000| Untracked |  0
| 112|0x000000070e000000, 0x000000070e200000, 0x000000070e200000|100%| O|  |TAMS 0x000000070e000000| PB 0x000000070e000000| Untracked |  0
| 113|0x000000070e200000, 0x000000070e400000, 0x000000070e400000|100%| O|  |TAMS 0x000000070e200000| PB 0x000000070e200000| Untracked |  0
| 114|0x000000070e400000, 0x000000070e600000, 0x000000070e600000|100%| O|  |TAMS 0x000000070e400000| PB 0x000000070e400000| Untracked |  0
| 115|0x000000070e600000, 0x000000070e800000, 0x000000070e800000|100%| O|  |TAMS 0x000000070e600000| PB 0x000000070e600000| Untracked |  0
| 116|0x000000070e800000, 0x000000070ea00000, 0x000000070ea00000|100%| O|  |TAMS 0x000000070e800000| PB 0x000000070e800000| Untracked |  0
| 117|0x000000070ea00000, 0x000000070ec00000, 0x000000070ec00000|100%| O|  |TAMS 0x000000070ea00000| PB 0x000000070ea00000| Untracked |  0
| 118|0x000000070ec00000, 0x000000070ee00000, 0x000000070ee00000|100%| O|  |TAMS 0x000000070ec00000| PB 0x000000070ec00000| Untracked |  0
| 119|0x000000070ee00000, 0x000000070f000000, 0x000000070f000000|100%| O|  |TAMS 0x000000070ee00000| PB 0x000000070ee00000| Untracked |  0
| 120|0x000000070f000000, 0x000000070f200000, 0x000000070f200000|100%| O|  |TAMS 0x000000070f000000| PB 0x000000070f000000| Untracked |  0
| 121|0x000000070f200000, 0x000000070f400000, 0x000000070f400000|100%| O|  |TAMS 0x000000070f200000| PB 0x000000070f200000| Untracked |  0
| 122|0x000000070f400000, 0x000000070f600000, 0x000000070f600000|100%| O|  |TAMS 0x000000070f400000| PB 0x000000070f400000| Untracked |  0
| 123|0x000000070f600000, 0x000000070f800000, 0x000000070f800000|100%| O|  |TAMS 0x000000070f600000| PB 0x000000070f600000| Untracked |  0
| 124|0x000000070f800000, 0x000000070fa00000, 0x000000070fa00000|100%| O|  |TAMS 0x000000070f800000| PB 0x000000070f800000| Untracked |  0
| 125|0x000000070fa00000, 0x000000070fc00000, 0x000000070fc00000|100%| O|  |TAMS 0x000000070fa00000| PB 0x000000070fa00000| Untracked |  0
| 126|0x000000070fc00000, 0x000000070fe00000, 0x000000070fe00000|100%| O|  |TAMS 0x000000070fc00000| PB 0x000000070fc00000| Untracked |  0
| 127|0x000000070fe00000, 0x0000000710000000, 0x0000000710000000|100%| O|  |TAMS 0x000000070fe00000| PB 0x000000070fe00000| Untracked |  0
| 128|0x0000000710000000, 0x0000000710200000, 0x0000000710200000|100%| O|  |TAMS 0x0000000710000000| PB 0x0000000710000000| Untracked |  0
| 129|0x0000000710200000, 0x0000000710400000, 0x0000000710400000|100%| O|  |TAMS 0x0000000710200000| PB 0x0000000710200000| Untracked |  0
| 130|0x0000000710400000, 0x0000000710600000, 0x0000000710600000|100%| O|  |TAMS 0x0000000710400000| PB 0x0000000710400000| Untracked |  0
| 131|0x0000000710600000, 0x0000000710800000, 0x0000000710800000|100%| O|  |TAMS 0x0000000710600000| PB 0x0000000710600000| Untracked |  0
| 132|0x0000000710800000, 0x0000000710a00000, 0x0000000710a00000|100%| O|  |TAMS 0x0000000710800000| PB 0x0000000710800000| Untracked |  0
| 133|0x0000000710a00000, 0x0000000710c00000, 0x0000000710c00000|100%| O|  |TAMS 0x0000000710a00000| PB 0x0000000710a00000| Untracked |  0
| 134|0x0000000710c00000, 0x0000000710e00000, 0x0000000710e00000|100%| O|  |TAMS 0x0000000710c00000| PB 0x0000000710c00000| Untracked |  0
| 135|0x0000000710e00000, 0x0000000711000000, 0x0000000711000000|100%| O|  |TAMS 0x0000000710e00000| PB 0x0000000710e00000| Untracked |  0
| 136|0x0000000711000000, 0x0000000711200000, 0x0000000711200000|100%| O|  |TAMS 0x0000000711000000| PB 0x0000000711000000| Untracked |  0
| 137|0x0000000711200000, 0x0000000711400000, 0x0000000711400000|100%| O|  |TAMS 0x0000000711200000| PB 0x0000000711200000| Untracked |  0
| 138|0x0000000711400000, 0x0000000711600000, 0x0000000711600000|100%| O|  |TAMS 0x0000000711400000| PB 0x0000000711400000| Untracked |  0
| 139|0x0000000711600000, 0x0000000711800000, 0x0000000711800000|100%| O|  |TAMS 0x0000000711600000| PB 0x0000000711600000| Untracked |  0
| 140|0x0000000711800000, 0x0000000711a00000, 0x0000000711a00000|100%| O|  |TAMS 0x0000000711800000| PB 0x0000000711800000| Untracked |  0
| 141|0x0000000711a00000, 0x0000000711c00000, 0x0000000711c00000|100%| O|  |TAMS 0x0000000711a00000| PB 0x0000000711a00000| Untracked |  0
| 142|0x0000000711c00000, 0x0000000711e00000, 0x0000000711e00000|100%| O|  |TAMS 0x0000000711c00000| PB 0x0000000711c00000| Untracked |  0
| 143|0x0000000711e00000, 0x0000000712000000, 0x0000000712000000|100%| O|  |TAMS 0x0000000711e00000| PB 0x0000000711e00000| Untracked |  0
| 144|0x0000000712000000, 0x0000000712200000, 0x0000000712200000|100%| O|  |TAMS 0x0000000712000000| PB 0x0000000712000000| Untracked |  0
| 145|0x0000000712200000, 0x0000000712400000, 0x0000000712400000|100%| O|  |TAMS 0x0000000712200000| PB 0x0000000712200000| Untracked |  0
| 146|0x0000000712400000, 0x0000000712600000, 0x0000000712600000|100%| O|  |TAMS 0x0000000712400000| PB 0x0000000712400000| Untracked |  0
| 147|0x0000000712600000, 0x0000000712800000, 0x0000000712800000|100%| O|  |TAMS 0x0000000712600000| PB 0x0000000712600000| Untracked |  0
| 148|0x0000000712800000, 0x0000000712a00000, 0x0000000712a00000|100%|HS|  |TAMS 0x0000000712800000| PB 0x0000000712800000| Complete |  0
| 149|0x0000000712a00000, 0x0000000712c00000, 0x0000000712c00000|100%| O|  |TAMS 0x0000000712a00000| PB 0x0000000712a00000| Untracked |  0
| 150|0x0000000712c00000, 0x0000000712c00000, 0x0000000712e00000|  0%| F|  |TAMS 0x0000000712c00000| PB 0x0000000712c00000| Untracked |  0
| 151|0x0000000712e00000, 0x0000000713000000, 0x0000000713000000|100%|HS|  |TAMS 0x0000000712e00000| PB 0x0000000712e00000| Complete |  0
| 152|0x0000000713000000, 0x0000000713000000, 0x0000000713200000|  0%| F|  |TAMS 0x0000000713000000| PB 0x0000000713000000| Untracked |  0
| 153|0x0000000713200000, 0x0000000713200000, 0x0000000713400000|  0%| F|  |TAMS 0x0000000713200000| PB 0x0000000713200000| Untracked |  0
| 154|0x0000000713400000, 0x0000000713400000, 0x0000000713600000|  0%| F|  |TAMS 0x0000000713400000| PB 0x0000000713400000| Untracked |  0
| 155|0x0000000713600000, 0x0000000713600000, 0x0000000713800000|  0%| F|  |TAMS 0x0000000713600000| PB 0x0000000713600000| Untracked |  0
| 156|0x0000000713800000, 0x0000000713800000, 0x0000000713a00000|  0%| F|  |TAMS 0x0000000713800000| PB 0x0000000713800000| Untracked |  0
| 157|0x0000000713a00000, 0x0000000713a00000, 0x0000000713c00000|  0%| F|  |TAMS 0x0000000713a00000| PB 0x0000000713a00000| Untracked |  0
| 158|0x0000000713c00000, 0x0000000713e00000, 0x0000000713e00000|100%| O|  |TAMS 0x0000000713c00000| PB 0x0000000713c00000| Untracked |  0
| 159|0x0000000713e00000, 0x0000000713e00000, 0x0000000714000000|  0%| F|  |TAMS 0x0000000713e00000| PB 0x0000000713e00000| Untracked |  0
| 160|0x0000000714000000, 0x0000000714000000, 0x0000000714200000|  0%| F|  |TAMS 0x0000000714000000| PB 0x0000000714000000| Untracked |  0
| 161|0x0000000714200000, 0x0000000714400000, 0x0000000714400000|100%| O|  |TAMS 0x0000000714200000| PB 0x0000000714200000| Untracked |  0
| 162|0x0000000714400000, 0x0000000714600000, 0x0000000714600000|100%| O|  |TAMS 0x0000000714400000| PB 0x0000000714400000| Untracked |  0
| 163|0x0000000714600000, 0x0000000714800000, 0x0000000714800000|100%|HS|  |TAMS 0x0000000714600000| PB 0x0000000714600000| Complete |  0
| 164|0x0000000714800000, 0x0000000714a00000, 0x0000000714a00000|100%| O|  |TAMS 0x0000000714800000| PB 0x0000000714800000| Untracked |  0
| 165|0x0000000714a00000, 0x0000000714c00000, 0x0000000714c00000|100%| O|  |TAMS 0x0000000714a00000| PB 0x0000000714a00000| Untracked |  0
| 166|0x0000000714c00000, 0x0000000714e00000, 0x0000000714e00000|100%| O|  |TAMS 0x0000000714c00000| PB 0x0000000714c00000| Untracked |  0
| 167|0x0000000714e00000, 0x0000000715000000, 0x0000000715000000|100%| O|  |TAMS 0x0000000714e00000| PB 0x0000000714e00000| Untracked |  0
| 168|0x0000000715000000, 0x0000000715200000, 0x0000000715200000|100%| O|  |TAMS 0x0000000715000000| PB 0x0000000715000000| Untracked |  0
| 169|0x0000000715200000, 0x0000000715400000, 0x0000000715400000|100%| O|  |TAMS 0x0000000715200000| PB 0x0000000715200000| Untracked |  0
| 170|0x0000000715400000, 0x0000000715600000, 0x0000000715600000|100%| O|  |TAMS 0x0000000715400000| PB 0x0000000715400000| Untracked |  0
| 171|0x0000000715600000, 0x0000000715800000, 0x0000000715800000|100%| O|  |TAMS 0x0000000715600000| PB 0x0000000715600000| Untracked |  0
| 172|0x0000000715800000, 0x0000000715a00000, 0x0000000715a00000|100%|HS|  |TAMS 0x0000000715800000| PB 0x0000000715800000| Complete |  0
| 173|0x0000000715a00000, 0x0000000715a00000, 0x0000000715c00000|  0%| F|  |TAMS 0x0000000715a00000| PB 0x0000000715a00000| Untracked |  0
| 174|0x0000000715c00000, 0x0000000715c00000, 0x0000000715e00000|  0%| F|  |TAMS 0x0000000715c00000| PB 0x0000000715c00000| Untracked |  0
| 175|0x0000000715e00000, 0x0000000715e00000, 0x0000000716000000|  0%| F|  |TAMS 0x0000000715e00000| PB 0x0000000715e00000| Untracked |  0
| 176|0x0000000716000000, 0x0000000716000000, 0x0000000716200000|  0%| F|  |TAMS 0x0000000716000000| PB 0x0000000716000000| Untracked |  0
| 177|0x0000000716200000, 0x0000000716200000, 0x0000000716400000|  0%| F|  |TAMS 0x0000000716200000| PB 0x0000000716200000| Untracked |  0
| 178|0x0000000716400000, 0x0000000716600000, 0x0000000716600000|100%| O|  |TAMS 0x0000000716400000| PB 0x0000000716400000| Untracked |  0
| 179|0x0000000716600000, 0x0000000716800000, 0x0000000716800000|100%| O|  |TAMS 0x0000000716600000| PB 0x0000000716600000| Untracked |  0
| 180|0x0000000716800000, 0x0000000716a00000, 0x0000000716a00000|100%| O|  |TAMS 0x0000000716800000| PB 0x0000000716800000| Untracked |  0
| 181|0x0000000716a00000, 0x0000000716c00000, 0x0000000716c00000|100%| O|  |TAMS 0x0000000716a00000| PB 0x0000000716a00000| Untracked |  0
| 182|0x0000000716c00000, 0x0000000716c00000, 0x0000000716e00000|  0%| F|  |TAMS 0x0000000716c00000| PB 0x0000000716c00000| Untracked |  0
| 183|0x0000000716e00000, 0x0000000716e00000, 0x0000000717000000|  0%| F|  |TAMS 0x0000000716e00000| PB 0x0000000716e00000| Untracked |  0
| 184|0x0000000717000000, 0x0000000717000000, 0x0000000717200000|  0%| F|  |TAMS 0x0000000717000000| PB 0x0000000717000000| Untracked |  0
| 185|0x0000000717200000, 0x0000000717200000, 0x0000000717400000|  0%| F|  |TAMS 0x0000000717200000| PB 0x0000000717200000| Untracked |  0
| 186|0x0000000717400000, 0x0000000717600000, 0x0000000717600000|100%| O|  |TAMS 0x0000000717400000| PB 0x0000000717400000| Untracked |  0
| 187|0x0000000717600000, 0x000000071765f800, 0x0000000717800000| 18%| O|  |TAMS 0x0000000717600000| PB 0x0000000717600000| Untracked |  0
| 188|0x0000000717800000, 0x0000000717800000, 0x0000000717a00000|  0%| F|  |TAMS 0x0000000717800000| PB 0x0000000717800000| Untracked |  0
| 189|0x0000000717a00000, 0x0000000717a00000, 0x0000000717c00000|  0%| F|  |TAMS 0x0000000717a00000| PB 0x0000000717a00000| Untracked |  0
| 190|0x0000000717c00000, 0x0000000717c00000, 0x0000000717e00000|  0%| F|  |TAMS 0x0000000717c00000| PB 0x0000000717c00000| Untracked |  0
| 191|0x0000000717e00000, 0x0000000717e00000, 0x0000000718000000|  0%| F|  |TAMS 0x0000000717e00000| PB 0x0000000717e00000| Untracked |  0
| 192|0x0000000718000000, 0x0000000718000000, 0x0000000718200000|  0%| F|  |TAMS 0x0000000718000000| PB 0x0000000718000000| Untracked |  0
| 193|0x0000000718200000, 0x0000000718200000, 0x0000000718400000|  0%| F|  |TAMS 0x0000000718200000| PB 0x0000000718200000| Untracked |  0
| 194|0x0000000718400000, 0x0000000718400000, 0x0000000718600000|  0%| F|  |TAMS 0x0000000718400000| PB 0x0000000718400000| Untracked |  0
| 195|0x0000000718600000, 0x0000000718600000, 0x0000000718800000|  0%| F|  |TAMS 0x0000000718600000| PB 0x0000000718600000| Untracked |  0
| 196|0x0000000718800000, 0x0000000718800000, 0x0000000718a00000|  0%| F|  |TAMS 0x0000000718800000| PB 0x0000000718800000| Untracked |  0
| 197|0x0000000718a00000, 0x0000000718a00000, 0x0000000718c00000|  0%| F|  |TAMS 0x0000000718a00000| PB 0x0000000718a00000| Untracked |  0
| 198|0x0000000718c00000, 0x0000000718c00000, 0x0000000718e00000|  0%| F|  |TAMS 0x0000000718c00000| PB 0x0000000718c00000| Untracked |  0
| 199|0x0000000718e00000, 0x0000000718e00000, 0x0000000719000000|  0%| F|  |TAMS 0x0000000718e00000| PB 0x0000000718e00000| Untracked |  0
| 200|0x0000000719000000, 0x0000000719000000, 0x0000000719200000|  0%| F|  |TAMS 0x0000000719000000| PB 0x0000000719000000| Untracked |  0
| 201|0x0000000719200000, 0x0000000719200000, 0x0000000719400000|  0%| F|  |TAMS 0x0000000719200000| PB 0x0000000719200000| Untracked |  0
| 202|0x0000000719400000, 0x0000000719400000, 0x0000000719600000|  0%| F|  |TAMS 0x0000000719400000| PB 0x0000000719400000| Untracked |  0
| 203|0x0000000719600000, 0x0000000719600000, 0x0000000719800000|  0%| F|  |TAMS 0x0000000719600000| PB 0x0000000719600000| Untracked |  0
| 204|0x0000000719800000, 0x0000000719800000, 0x0000000719a00000|  0%| F|  |TAMS 0x0000000719800000| PB 0x0000000719800000| Untracked |  0
| 205|0x0000000719a00000, 0x0000000719c00000, 0x0000000719c00000|100%| O|  |TAMS 0x0000000719a00000| PB 0x0000000719a00000| Untracked |  0
| 206|0x0000000719c00000, 0x0000000719e00000, 0x0000000719e00000|100%| O|  |TAMS 0x0000000719c00000| PB 0x0000000719c00000| Untracked |  0
| 207|0x0000000719e00000, 0x000000071a000000, 0x000000071a000000|100%| O|  |TAMS 0x0000000719e00000| PB 0x0000000719e00000| Untracked |  0
| 208|0x000000071a000000, 0x000000071a000000, 0x000000071a200000|  0%| F|  |TAMS 0x000000071a000000| PB 0x000000071a000000| Untracked |  0
| 209|0x000000071a200000, 0x000000071a200000, 0x000000071a400000|  0%| F|  |TAMS 0x000000071a200000| PB 0x000000071a200000| Untracked |  0
| 210|0x000000071a400000, 0x000000071a400000, 0x000000071a600000|  0%| F|  |TAMS 0x000000071a400000| PB 0x000000071a400000| Untracked |  0
| 211|0x000000071a600000, 0x000000071a600000, 0x000000071a800000|  0%| F|  |TAMS 0x000000071a600000| PB 0x000000071a600000| Untracked |  0
| 212|0x000000071a800000, 0x000000071a800000, 0x000000071aa00000|  0%| F|  |TAMS 0x000000071a800000| PB 0x000000071a800000| Untracked |  0
| 213|0x000000071aa00000, 0x000000071aa7b350, 0x000000071ac00000| 24%| S|CS|TAMS 0x000000071aa00000| PB 0x000000071aa00000| Complete |  0
| 214|0x000000071ac00000, 0x000000071ae00000, 0x000000071ae00000|100%| S|CS|TAMS 0x000000071ac00000| PB 0x000000071ac00000| Complete |  0
| 215|0x000000071ae00000, 0x000000071ae00000, 0x000000071b000000|  0%| F|  |TAMS 0x000000071ae00000| PB 0x000000071ae00000| Untracked |  0
| 216|0x000000071b000000, 0x000000071b000000, 0x000000071b200000|  0%| F|  |TAMS 0x000000071b000000| PB 0x000000071b000000| Untracked |  0
| 217|0x000000071b200000, 0x000000071b200000, 0x000000071b400000|  0%| F|  |TAMS 0x000000071b200000| PB 0x000000071b200000| Untracked |  0
| 218|0x000000071b400000, 0x000000071b400000, 0x000000071b600000|  0%| F|  |TAMS 0x000000071b400000| PB 0x000000071b400000| Untracked |  0
| 219|0x000000071b600000, 0x000000071b600000, 0x000000071b800000|  0%| F|  |TAMS 0x000000071b600000| PB 0x000000071b600000| Untracked |  0
| 220|0x000000071b800000, 0x000000071b800000, 0x000000071ba00000|  0%| F|  |TAMS 0x000000071b800000| PB 0x000000071b800000| Untracked |  0
| 221|0x000000071ba00000, 0x000000071ba00000, 0x000000071bc00000|  0%| F|  |TAMS 0x000000071ba00000| PB 0x000000071ba00000| Untracked |  0
| 222|0x000000071bc00000, 0x000000071bc00000, 0x000000071be00000|  0%| F|  |TAMS 0x000000071bc00000| PB 0x000000071bc00000| Untracked |  0
| 223|0x000000071be00000, 0x000000071be00000, 0x000000071c000000|  0%| F|  |TAMS 0x000000071be00000| PB 0x000000071be00000| Untracked |  0
| 224|0x000000071c000000, 0x000000071c000000, 0x000000071c200000|  0%| F|  |TAMS 0x000000071c000000| PB 0x000000071c000000| Untracked |  0
| 225|0x000000071c200000, 0x000000071c200000, 0x000000071c400000|  0%| F|  |TAMS 0x000000071c200000| PB 0x000000071c200000| Untracked |  0
| 226|0x000000071c400000, 0x000000071c400000, 0x000000071c600000|  0%| F|  |TAMS 0x000000071c400000| PB 0x000000071c400000| Untracked |  0
| 227|0x000000071c600000, 0x000000071c800000, 0x000000071c800000|100%| S|CS|TAMS 0x000000071c600000| PB 0x000000071c600000| Complete |  0
| 228|0x000000071c800000, 0x000000071ca00000, 0x000000071ca00000|100%| S|CS|TAMS 0x000000071c800000| PB 0x000000071c800000| Complete |  0
| 229|0x000000071ca00000, 0x000000071cc00000, 0x000000071cc00000|100%| S|CS|TAMS 0x000000071ca00000| PB 0x000000071ca00000| Complete |  0
| 230|0x000000071cc00000, 0x000000071ce00000, 0x000000071ce00000|100%| S|CS|TAMS 0x000000071cc00000| PB 0x000000071cc00000| Complete |  0
| 231|0x000000071ce00000, 0x000000071d000000, 0x000000071d000000|100%| S|CS|TAMS 0x000000071ce00000| PB 0x000000071ce00000| Complete |  0
| 232|0x000000071d000000, 0x000000071d200000, 0x000000071d200000|100%| S|CS|TAMS 0x000000071d000000| PB 0x000000071d000000| Complete |  0
| 233|0x000000071d200000, 0x000000071d400000, 0x000000071d400000|100%| S|CS|TAMS 0x000000071d200000| PB 0x000000071d200000| Complete |  0
| 234|0x000000071d400000, 0x000000071d600000, 0x000000071d600000|100%| S|CS|TAMS 0x000000071d400000| PB 0x000000071d400000| Complete |  0
| 235|0x000000071d600000, 0x000000071d800000, 0x000000071d800000|100%| S|CS|TAMS 0x000000071d600000| PB 0x000000071d600000| Complete |  0
| 236|0x000000071d800000, 0x000000071da00000, 0x000000071da00000|100%| S|CS|TAMS 0x000000071d800000| PB 0x000000071d800000| Complete |  0
| 237|0x000000071da00000, 0x000000071dc00000, 0x000000071dc00000|100%| S|CS|TAMS 0x000000071da00000| PB 0x000000071da00000| Complete |  0
| 238|0x000000071dc00000, 0x000000071de00000, 0x000000071de00000|100%| S|CS|TAMS 0x000000071dc00000| PB 0x000000071dc00000| Complete |  0
| 239|0x000000071de00000, 0x000000071de00000, 0x000000071e000000|  0%| F|  |TAMS 0x000000071de00000| PB 0x000000071de00000| Untracked |  0
| 240|0x000000071e000000, 0x000000071e000000, 0x000000071e200000|  0%| F|  |TAMS 0x000000071e000000| PB 0x000000071e000000| Untracked |  0
| 241|0x000000071e200000, 0x000000071e200000, 0x000000071e400000|  0%| F|  |TAMS 0x000000071e200000| PB 0x000000071e200000| Untracked |  0
| 242|0x000000071e400000, 0x000000071e400000, 0x000000071e600000|  0%| F|  |TAMS 0x000000071e400000| PB 0x000000071e400000| Untracked |  0
| 243|0x000000071e600000, 0x000000071e600000, 0x000000071e800000|  0%| F|  |TAMS 0x000000071e600000| PB 0x000000071e600000| Untracked |  0
| 244|0x000000071e800000, 0x000000071e800000, 0x000000071ea00000|  0%| F|  |TAMS 0x000000071e800000| PB 0x000000071e800000| Untracked |  0
| 245|0x000000071ea00000, 0x000000071ea00000, 0x000000071ec00000|  0%| F|  |TAMS 0x000000071ea00000| PB 0x000000071ea00000| Untracked |  0
| 246|0x000000071ec00000, 0x000000071ec00000, 0x000000071ee00000|  0%| F|  |TAMS 0x000000071ec00000| PB 0x000000071ec00000| Untracked |  0
| 247|0x000000071ee00000, 0x000000071ee00000, 0x000000071f000000|  0%| F|  |TAMS 0x000000071ee00000| PB 0x000000071ee00000| Untracked |  0
| 248|0x000000071f000000, 0x000000071f000000, 0x000000071f200000|  0%| F|  |TAMS 0x000000071f000000| PB 0x000000071f000000| Untracked |  0
| 249|0x000000071f200000, 0x000000071f200000, 0x000000071f400000|  0%| F|  |TAMS 0x000000071f200000| PB 0x000000071f200000| Untracked |  0
| 250|0x000000071f400000, 0x000000071f400000, 0x000000071f600000|  0%| F|  |TAMS 0x000000071f400000| PB 0x000000071f400000| Untracked |  0
| 251|0x000000071f600000, 0x000000071f600000, 0x000000071f800000|  0%| F|  |TAMS 0x000000071f600000| PB 0x000000071f600000| Untracked |  0
| 252|0x000000071f800000, 0x000000071f800000, 0x000000071fa00000|  0%| F|  |TAMS 0x000000071f800000| PB 0x000000071f800000| Untracked |  0
| 253|0x000000071fa00000, 0x000000071fa00000, 0x000000071fc00000|  0%| F|  |TAMS 0x000000071fa00000| PB 0x000000071fa00000| Untracked |  0
| 254|0x000000071fc00000, 0x000000071fe00000, 0x000000071fe00000|100%| O|  |TAMS 0x000000071fc00000| PB 0x000000071fc00000| Untracked |  0
| 255|0x000000071fe00000, 0x000000071fe00000, 0x0000000720000000|  0%| F|  |TAMS 0x000000071fe00000| PB 0x000000071fe00000| Untracked |  0
| 256|0x0000000720000000, 0x0000000720000000, 0x0000000720200000|  0%| F|  |TAMS 0x0000000720000000| PB 0x0000000720000000| Untracked |  0
| 257|0x0000000720200000, 0x0000000720400000, 0x0000000720400000|100%| O|  |TAMS 0x0000000720200000| PB 0x0000000720200000| Untracked |  0
| 258|0x0000000720400000, 0x0000000720600000, 0x0000000720600000|100%| O|  |TAMS 0x0000000720400000| PB 0x0000000720400000| Untracked |  0
| 259|0x0000000720600000, 0x0000000720800000, 0x0000000720800000|100%| O|  |TAMS 0x0000000720600000| PB 0x0000000720600000| Untracked |  0
| 260|0x0000000720800000, 0x0000000720800000, 0x0000000720a00000|  0%| F|  |TAMS 0x0000000720800000| PB 0x0000000720800000| Untracked |  0
| 261|0x0000000720a00000, 0x0000000720a00000, 0x0000000720c00000|  0%| F|  |TAMS 0x0000000720a00000| PB 0x0000000720a00000| Untracked |  0
| 262|0x0000000720c00000, 0x0000000720c00000, 0x0000000720e00000|  0%| F|  |TAMS 0x0000000720c00000| PB 0x0000000720c00000| Untracked |  0
| 263|0x0000000720e00000, 0x0000000720e00000, 0x0000000721000000|  0%| F|  |TAMS 0x0000000720e00000| PB 0x0000000720e00000| Untracked |  0
| 264|0x0000000721000000, 0x0000000721000000, 0x0000000721200000|  0%| F|  |TAMS 0x0000000721000000| PB 0x0000000721000000| Untracked |  0
| 265|0x0000000721200000, 0x0000000721200000, 0x0000000721400000|  0%| F|  |TAMS 0x0000000721200000| PB 0x0000000721200000| Untracked |  0
| 266|0x0000000721400000, 0x0000000721400000, 0x0000000721600000|  0%| F|  |TAMS 0x0000000721400000| PB 0x0000000721400000| Untracked |  0
| 267|0x0000000721600000, 0x0000000721600000, 0x0000000721800000|  0%| F|  |TAMS 0x0000000721600000| PB 0x0000000721600000| Untracked |  0
| 268|0x0000000721800000, 0x0000000721800000, 0x0000000721a00000|  0%| F|  |TAMS 0x0000000721800000| PB 0x0000000721800000| Untracked |  0
| 269|0x0000000721a00000, 0x0000000721a00000, 0x0000000721c00000|  0%| F|  |TAMS 0x0000000721a00000| PB 0x0000000721a00000| Untracked |  0
| 270|0x0000000721c00000, 0x0000000721e00000, 0x0000000721e00000|100%| O|  |TAMS 0x0000000721c00000| PB 0x0000000721c00000| Untracked |  0
| 271|0x0000000721e00000, 0x0000000722000000, 0x0000000722000000|100%| O|  |TAMS 0x0000000721e00000| PB 0x0000000721e00000| Untracked |  0
| 272|0x0000000722000000, 0x0000000722200000, 0x0000000722200000|100%| O|  |TAMS 0x0000000722000000| PB 0x0000000722000000| Untracked |  0
| 273|0x0000000722200000, 0x0000000722400000, 0x0000000722400000|100%| O|  |TAMS 0x0000000722200000| PB 0x0000000722200000| Untracked |  0
| 274|0x0000000722400000, 0x0000000722600000, 0x0000000722600000|100%| O|  |TAMS 0x0000000722400000| PB 0x0000000722400000| Untracked |  0
| 275|0x0000000722600000, 0x0000000722800000, 0x0000000722800000|100%| O|  |TAMS 0x0000000722600000| PB 0x0000000722600000| Untracked |  0
| 276|0x0000000722800000, 0x0000000722a00000, 0x0000000722a00000|100%| O|  |TAMS 0x0000000722800000| PB 0x0000000722800000| Untracked |  0
| 277|0x0000000722a00000, 0x0000000722c00000, 0x0000000722c00000|100%| O|  |TAMS 0x0000000722a00000| PB 0x0000000722a00000| Untracked |  0
| 278|0x0000000722c00000, 0x0000000722e00000, 0x0000000722e00000|100%| O|  |TAMS 0x0000000722c00000| PB 0x0000000722c00000| Untracked |  0
| 279|0x0000000722e00000, 0x0000000723000000, 0x0000000723000000|100%| O|  |TAMS 0x0000000722e00000| PB 0x0000000722e00000| Untracked |  0
| 280|0x0000000723000000, 0x0000000723200000, 0x0000000723200000|100%| O|  |TAMS 0x0000000723000000| PB 0x0000000723000000| Untracked |  0
| 281|0x0000000723200000, 0x0000000723400000, 0x0000000723400000|100%| O|  |TAMS 0x0000000723200000| PB 0x0000000723200000| Untracked |  0
| 282|0x0000000723400000, 0x0000000723600000, 0x0000000723600000|100%| O|  |TAMS 0x0000000723400000| PB 0x0000000723400000| Untracked |  0
| 283|0x0000000723600000, 0x0000000723600000, 0x0000000723800000|  0%| F|  |TAMS 0x0000000723600000| PB 0x0000000723600000| Untracked |  0
| 284|0x0000000723800000, 0x0000000723800000, 0x0000000723a00000|  0%| F|  |TAMS 0x0000000723800000| PB 0x0000000723800000| Untracked |  0
| 285|0x0000000723a00000, 0x0000000723a00000, 0x0000000723c00000|  0%| F|  |TAMS 0x0000000723a00000| PB 0x0000000723a00000| Untracked |  0
| 286|0x0000000723c00000, 0x0000000723c00000, 0x0000000723e00000|  0%| F|  |TAMS 0x0000000723c00000| PB 0x0000000723c00000| Untracked |  0
| 287|0x0000000723e00000, 0x0000000723e00000, 0x0000000724000000|  0%| F|  |TAMS 0x0000000723e00000| PB 0x0000000723e00000| Untracked |  0
| 288|0x0000000724000000, 0x0000000724000000, 0x0000000724200000|  0%| F|  |TAMS 0x0000000724000000| PB 0x0000000724000000| Untracked |  0
| 289|0x0000000724200000, 0x0000000724200000, 0x0000000724400000|  0%| F|  |TAMS 0x0000000724200000| PB 0x0000000724200000| Untracked |  0
| 290|0x0000000724400000, 0x0000000724400000, 0x0000000724600000|  0%| F|  |TAMS 0x0000000724400000| PB 0x0000000724400000| Untracked |  0
| 291|0x0000000724600000, 0x0000000724600000, 0x0000000724800000|  0%| F|  |TAMS 0x0000000724600000| PB 0x0000000724600000| Untracked |  0
| 292|0x0000000724800000, 0x0000000724800000, 0x0000000724a00000|  0%| F|  |TAMS 0x0000000724800000| PB 0x0000000724800000| Untracked |  0
| 293|0x0000000724a00000, 0x0000000724a00000, 0x0000000724c00000|  0%| F|  |TAMS 0x0000000724a00000| PB 0x0000000724a00000| Untracked |  0
| 294|0x0000000724c00000, 0x0000000724c00000, 0x0000000724e00000|  0%| F|  |TAMS 0x0000000724c00000| PB 0x0000000724c00000| Untracked |  0
| 295|0x0000000724e00000, 0x0000000724e00000, 0x0000000725000000|  0%| F|  |TAMS 0x0000000724e00000| PB 0x0000000724e00000| Untracked |  0
| 296|0x0000000725000000, 0x0000000725000000, 0x0000000725200000|  0%| F|  |TAMS 0x0000000725000000| PB 0x0000000725000000| Untracked |  0
| 297|0x0000000725200000, 0x0000000725200000, 0x0000000725400000|  0%| F|  |TAMS 0x0000000725200000| PB 0x0000000725200000| Untracked |  0
| 298|0x0000000725400000, 0x0000000725400000, 0x0000000725600000|  0%| F|  |TAMS 0x0000000725400000| PB 0x0000000725400000| Untracked |  0
| 299|0x0000000725600000, 0x0000000725600000, 0x0000000725800000|  0%| F|  |TAMS 0x0000000725600000| PB 0x0000000725600000| Untracked |  0
| 300|0x0000000725800000, 0x0000000725800000, 0x0000000725a00000|  0%| F|  |TAMS 0x0000000725800000| PB 0x0000000725800000| Untracked |  0
| 301|0x0000000725a00000, 0x0000000725a00000, 0x0000000725c00000|  0%| F|  |TAMS 0x0000000725a00000| PB 0x0000000725a00000| Untracked |  0
| 302|0x0000000725c00000, 0x0000000725c00000, 0x0000000725e00000|  0%| F|  |TAMS 0x0000000725c00000| PB 0x0000000725c00000| Untracked |  0
| 303|0x0000000725e00000, 0x0000000725e00000, 0x0000000726000000|  0%| F|  |TAMS 0x0000000725e00000| PB 0x0000000725e00000| Untracked |  0
| 304|0x0000000726000000, 0x0000000726000000, 0x0000000726200000|  0%| F|  |TAMS 0x0000000726000000| PB 0x0000000726000000| Untracked |  0
| 305|0x0000000726200000, 0x0000000726200000, 0x0000000726400000|  0%| F|  |TAMS 0x0000000726200000| PB 0x0000000726200000| Untracked |  0
| 306|0x0000000726400000, 0x0000000726400000, 0x0000000726600000|  0%| F|  |TAMS 0x0000000726400000| PB 0x0000000726400000| Untracked |  0
| 307|0x0000000726600000, 0x0000000726600000, 0x0000000726800000|  0%| F|  |TAMS 0x0000000726600000| PB 0x0000000726600000| Untracked |  0
| 308|0x0000000726800000, 0x0000000726800000, 0x0000000726a00000|  0%| F|  |TAMS 0x0000000726800000| PB 0x0000000726800000| Untracked |  0
| 309|0x0000000726a00000, 0x0000000726a00000, 0x0000000726c00000|  0%| F|  |TAMS 0x0000000726a00000| PB 0x0000000726a00000| Untracked |  0
| 310|0x0000000726c00000, 0x0000000726c00000, 0x0000000726e00000|  0%| F|  |TAMS 0x0000000726c00000| PB 0x0000000726c00000| Untracked |  0
| 311|0x0000000726e00000, 0x0000000726e00000, 0x0000000727000000|  0%| F|  |TAMS 0x0000000726e00000| PB 0x0000000726e00000| Untracked |  0
| 312|0x0000000727000000, 0x0000000727000000, 0x0000000727200000|  0%| F|  |TAMS 0x0000000727000000| PB 0x0000000727000000| Untracked |  0
| 313|0x0000000727200000, 0x0000000727200000, 0x0000000727400000|  0%| F|  |TAMS 0x0000000727200000| PB 0x0000000727200000| Untracked |  0
| 314|0x0000000727400000, 0x0000000727400000, 0x0000000727600000|  0%| F|  |TAMS 0x0000000727400000| PB 0x0000000727400000| Untracked |  0
| 315|0x0000000727600000, 0x0000000727600000, 0x0000000727800000|  0%| F|  |TAMS 0x0000000727600000| PB 0x0000000727600000| Untracked |  0
| 316|0x0000000727800000, 0x0000000727800000, 0x0000000727a00000|  0%| F|  |TAMS 0x0000000727800000| PB 0x0000000727800000| Untracked |  0
| 317|0x0000000727a00000, 0x0000000727a00000, 0x0000000727c00000|  0%| F|  |TAMS 0x0000000727a00000| PB 0x0000000727a00000| Untracked |  0
| 318|0x0000000727c00000, 0x0000000727c00000, 0x0000000727e00000|  0%| F|  |TAMS 0x0000000727c00000| PB 0x0000000727c00000| Untracked |  0
| 319|0x0000000727e00000, 0x0000000727e00000, 0x0000000728000000|  0%| F|  |TAMS 0x0000000727e00000| PB 0x0000000727e00000| Untracked |  0
| 320|0x0000000728000000, 0x0000000728000000, 0x0000000728200000|  0%| F|  |TAMS 0x0000000728000000| PB 0x0000000728000000| Untracked |  0
| 321|0x0000000728200000, 0x0000000728200000, 0x0000000728400000|  0%| F|  |TAMS 0x0000000728200000| PB 0x0000000728200000| Untracked |  0
| 322|0x0000000728400000, 0x0000000728400000, 0x0000000728600000|  0%| F|  |TAMS 0x0000000728400000| PB 0x0000000728400000| Untracked |  0
| 323|0x0000000728600000, 0x0000000728600000, 0x0000000728800000|  0%| F|  |TAMS 0x0000000728600000| PB 0x0000000728600000| Untracked |  0
| 324|0x0000000728800000, 0x0000000728800000, 0x0000000728a00000|  0%| F|  |TAMS 0x0000000728800000| PB 0x0000000728800000| Untracked |  0
| 325|0x0000000728a00000, 0x0000000728a00000, 0x0000000728c00000|  0%| F|  |TAMS 0x0000000728a00000| PB 0x0000000728a00000| Untracked |  0
| 326|0x0000000728c00000, 0x0000000728c00000, 0x0000000728e00000|  0%| F|  |TAMS 0x0000000728c00000| PB 0x0000000728c00000| Untracked |  0
| 327|0x0000000728e00000, 0x0000000728e00000, 0x0000000729000000|  0%| F|  |TAMS 0x0000000728e00000| PB 0x0000000728e00000| Untracked |  0
| 328|0x0000000729000000, 0x0000000729000000, 0x0000000729200000|  0%| F|  |TAMS 0x0000000729000000| PB 0x0000000729000000| Untracked |  0
| 329|0x0000000729200000, 0x0000000729200000, 0x0000000729400000|  0%| F|  |TAMS 0x0000000729200000| PB 0x0000000729200000| Untracked |  0
| 330|0x0000000729400000, 0x0000000729400000, 0x0000000729600000|  0%| F|  |TAMS 0x0000000729400000| PB 0x0000000729400000| Untracked |  0
| 331|0x0000000729600000, 0x0000000729600000, 0x0000000729800000|  0%| F|  |TAMS 0x0000000729600000| PB 0x0000000729600000| Untracked |  0
| 332|0x0000000729800000, 0x0000000729800000, 0x0000000729a00000|  0%| F|  |TAMS 0x0000000729800000| PB 0x0000000729800000| Untracked |  0
| 333|0x0000000729a00000, 0x0000000729a00000, 0x0000000729c00000|  0%| F|  |TAMS 0x0000000729a00000| PB 0x0000000729a00000| Untracked |  0
| 334|0x0000000729c00000, 0x0000000729c00000, 0x0000000729e00000|  0%| F|  |TAMS 0x0000000729c00000| PB 0x0000000729c00000| Untracked |  0
| 335|0x0000000729e00000, 0x0000000729e00000, 0x000000072a000000|  0%| F|  |TAMS 0x0000000729e00000| PB 0x0000000729e00000| Untracked |  0
| 336|0x000000072a000000, 0x000000072a000000, 0x000000072a200000|  0%| F|  |TAMS 0x000000072a000000| PB 0x000000072a000000| Untracked |  0
| 337|0x000000072a200000, 0x000000072a200000, 0x000000072a400000|  0%| F|  |TAMS 0x000000072a200000| PB 0x000000072a200000| Untracked |  0
| 338|0x000000072a400000, 0x000000072a400000, 0x000000072a600000|  0%| F|  |TAMS 0x000000072a400000| PB 0x000000072a400000| Untracked |  0
| 339|0x000000072a600000, 0x000000072a600000, 0x000000072a800000|  0%| F|  |TAMS 0x000000072a600000| PB 0x000000072a600000| Untracked |  0
| 340|0x000000072a800000, 0x000000072a800000, 0x000000072aa00000|  0%| F|  |TAMS 0x000000072a800000| PB 0x000000072a800000| Untracked |  0
| 341|0x000000072aa00000, 0x000000072aa00000, 0x000000072ac00000|  0%| F|  |TAMS 0x000000072aa00000| PB 0x000000072aa00000| Untracked |  0
| 342|0x000000072ac00000, 0x000000072ac00000, 0x000000072ae00000|  0%| F|  |TAMS 0x000000072ac00000| PB 0x000000072ac00000| Untracked |  0
| 343|0x000000072ae00000, 0x000000072ae00000, 0x000000072b000000|  0%| F|  |TAMS 0x000000072ae00000| PB 0x000000072ae00000| Untracked |  0
| 344|0x000000072b000000, 0x000000072b000000, 0x000000072b200000|  0%| F|  |TAMS 0x000000072b000000| PB 0x000000072b000000| Untracked |  0
| 345|0x000000072b200000, 0x000000072b200000, 0x000000072b400000|  0%| F|  |TAMS 0x000000072b200000| PB 0x000000072b200000| Untracked |  0
| 346|0x000000072b400000, 0x000000072b400000, 0x000000072b600000|  0%| F|  |TAMS 0x000000072b400000| PB 0x000000072b400000| Untracked |  0
| 347|0x000000072b600000, 0x000000072b600000, 0x000000072b800000|  0%| F|  |TAMS 0x000000072b600000| PB 0x000000072b600000| Untracked |  0
| 348|0x000000072b800000, 0x000000072b800000, 0x000000072ba00000|  0%| F|  |TAMS 0x000000072b800000| PB 0x000000072b800000| Untracked |  0
| 349|0x000000072ba00000, 0x000000072ba00000, 0x000000072bc00000|  0%| F|  |TAMS 0x000000072ba00000| PB 0x000000072ba00000| Untracked |  0
| 350|0x000000072bc00000, 0x000000072bc00000, 0x000000072be00000|  0%| F|  |TAMS 0x000000072bc00000| PB 0x000000072bc00000| Untracked |  0
| 351|0x000000072be00000, 0x000000072be00000, 0x000000072c000000|  0%| F|  |TAMS 0x000000072be00000| PB 0x000000072be00000| Untracked |  0
| 352|0x000000072c000000, 0x000000072c000000, 0x000000072c200000|  0%| F|  |TAMS 0x000000072c000000| PB 0x000000072c000000| Untracked |  0
| 353|0x000000072c200000, 0x000000072c200000, 0x000000072c400000|  0%| F|  |TAMS 0x000000072c200000| PB 0x000000072c200000| Untracked |  0
| 354|0x000000072c400000, 0x000000072c400000, 0x000000072c600000|  0%| F|  |TAMS 0x000000072c400000| PB 0x000000072c400000| Untracked |  0
| 355|0x000000072c600000, 0x000000072c600000, 0x000000072c800000|  0%| F|  |TAMS 0x000000072c600000| PB 0x000000072c600000| Untracked |  0
| 356|0x000000072c800000, 0x000000072c800000, 0x000000072ca00000|  0%| F|  |TAMS 0x000000072c800000| PB 0x000000072c800000| Untracked |  0
| 357|0x000000072ca00000, 0x000000072ca00000, 0x000000072cc00000|  0%| F|  |TAMS 0x000000072ca00000| PB 0x000000072ca00000| Untracked |  0
| 358|0x000000072cc00000, 0x000000072cc00000, 0x000000072ce00000|  0%| F|  |TAMS 0x000000072cc00000| PB 0x000000072cc00000| Untracked |  0
| 359|0x000000072ce00000, 0x000000072ce00000, 0x000000072d000000|  0%| F|  |TAMS 0x000000072ce00000| PB 0x000000072ce00000| Untracked |  0
| 360|0x000000072d000000, 0x000000072d000000, 0x000000072d200000|  0%| F|  |TAMS 0x000000072d000000| PB 0x000000072d000000| Untracked |  0
| 361|0x000000072d200000, 0x000000072d200000, 0x000000072d400000|  0%| F|  |TAMS 0x000000072d200000| PB 0x000000072d200000| Untracked |  0
| 362|0x000000072d400000, 0x000000072d400000, 0x000000072d600000|  0%| F|  |TAMS 0x000000072d400000| PB 0x000000072d400000| Untracked |  0
| 363|0x000000072d600000, 0x000000072d600000, 0x000000072d800000|  0%| F|  |TAMS 0x000000072d600000| PB 0x000000072d600000| Untracked |  0
| 364|0x000000072d800000, 0x000000072d800000, 0x000000072da00000|  0%| F|  |TAMS 0x000000072d800000| PB 0x000000072d800000| Untracked |  0
| 365|0x000000072da00000, 0x000000072da00000, 0x000000072dc00000|  0%| F|  |TAMS 0x000000072da00000| PB 0x000000072da00000| Untracked |  0
| 366|0x000000072dc00000, 0x000000072dc00000, 0x000000072de00000|  0%| F|  |TAMS 0x000000072dc00000| PB 0x000000072dc00000| Untracked |  0
| 367|0x000000072de00000, 0x000000072de00000, 0x000000072e000000|  0%| F|  |TAMS 0x000000072de00000| PB 0x000000072de00000| Untracked |  0
| 368|0x000000072e000000, 0x000000072e000000, 0x000000072e200000|  0%| F|  |TAMS 0x000000072e000000| PB 0x000000072e000000| Untracked |  0
| 369|0x000000072e200000, 0x000000072e200000, 0x000000072e400000|  0%| F|  |TAMS 0x000000072e200000| PB 0x000000072e200000| Untracked |  0
| 370|0x000000072e400000, 0x000000072e400000, 0x000000072e600000|  0%| F|  |TAMS 0x000000072e400000| PB 0x000000072e400000| Untracked |  0
| 371|0x000000072e600000, 0x000000072e600000, 0x000000072e800000|  0%| F|  |TAMS 0x000000072e600000| PB 0x000000072e600000| Untracked |  0
| 372|0x000000072e800000, 0x000000072e800000, 0x000000072ea00000|  0%| F|  |TAMS 0x000000072e800000| PB 0x000000072e800000| Untracked |  0
| 373|0x000000072ea00000, 0x000000072ea00000, 0x000000072ec00000|  0%| F|  |TAMS 0x000000072ea00000| PB 0x000000072ea00000| Untracked |  0
| 374|0x000000072ec00000, 0x000000072ec00000, 0x000000072ee00000|  0%| F|  |TAMS 0x000000072ec00000| PB 0x000000072ec00000| Untracked |  0
| 375|0x000000072ee00000, 0x000000072ee00000, 0x000000072f000000|  0%| F|  |TAMS 0x000000072ee00000| PB 0x000000072ee00000| Untracked |  0
| 376|0x000000072f000000, 0x000000072f000000, 0x000000072f200000|  0%| F|  |TAMS 0x000000072f000000| PB 0x000000072f000000| Untracked |  0
| 377|0x000000072f200000, 0x000000072f200000, 0x000000072f400000|  0%| F|  |TAMS 0x000000072f200000| PB 0x000000072f200000| Untracked |  0
| 378|0x000000072f400000, 0x000000072f400000, 0x000000072f600000|  0%| F|  |TAMS 0x000000072f400000| PB 0x000000072f400000| Untracked |  0
| 379|0x000000072f600000, 0x000000072f600000, 0x000000072f800000|  0%| F|  |TAMS 0x000000072f600000| PB 0x000000072f600000| Untracked |  0
| 380|0x000000072f800000, 0x000000072f800000, 0x000000072fa00000|  0%| F|  |TAMS 0x000000072f800000| PB 0x000000072f800000| Untracked |  0
| 381|0x000000072fa00000, 0x000000072fa00000, 0x000000072fc00000|  0%| F|  |TAMS 0x000000072fa00000| PB 0x000000072fa00000| Untracked |  0
| 382|0x000000072fc00000, 0x000000072fc00000, 0x000000072fe00000|  0%| F|  |TAMS 0x000000072fc00000| PB 0x000000072fc00000| Untracked |  0
| 383|0x000000072fe00000, 0x000000072fe00000, 0x0000000730000000|  0%| F|  |TAMS 0x000000072fe00000| PB 0x000000072fe00000| Untracked |  0
| 384|0x0000000730000000, 0x0000000730000000, 0x0000000730200000|  0%| F|  |TAMS 0x0000000730000000| PB 0x0000000730000000| Untracked |  0
| 385|0x0000000730200000, 0x0000000730200000, 0x0000000730400000|  0%| F|  |TAMS 0x0000000730200000| PB 0x0000000730200000| Untracked |  0
| 386|0x0000000730400000, 0x0000000730400000, 0x0000000730600000|  0%| F|  |TAMS 0x0000000730400000| PB 0x0000000730400000| Untracked |  0
| 387|0x0000000730600000, 0x0000000730600000, 0x0000000730800000|  0%| F|  |TAMS 0x0000000730600000| PB 0x0000000730600000| Untracked |  0
| 388|0x0000000730800000, 0x0000000730800000, 0x0000000730a00000|  0%| F|  |TAMS 0x0000000730800000| PB 0x0000000730800000| Untracked |  0
| 389|0x0000000730a00000, 0x0000000730a00000, 0x0000000730c00000|  0%| F|  |TAMS 0x0000000730a00000| PB 0x0000000730a00000| Untracked |  0
| 390|0x0000000730c00000, 0x0000000730c00000, 0x0000000730e00000|  0%| F|  |TAMS 0x0000000730c00000| PB 0x0000000730c00000| Untracked |  0
| 391|0x0000000730e00000, 0x0000000730e00000, 0x0000000731000000|  0%| F|  |TAMS 0x0000000730e00000| PB 0x0000000730e00000| Untracked |  0
| 392|0x0000000731000000, 0x0000000731000000, 0x0000000731200000|  0%| F|  |TAMS 0x0000000731000000| PB 0x0000000731000000| Untracked |  0
| 393|0x0000000731200000, 0x0000000731200000, 0x0000000731400000|  0%| F|  |TAMS 0x0000000731200000| PB 0x0000000731200000| Untracked |  0
| 394|0x0000000731400000, 0x0000000731400000, 0x0000000731600000|  0%| F|  |TAMS 0x0000000731400000| PB 0x0000000731400000| Untracked |  0
| 395|0x0000000731600000, 0x0000000731600000, 0x0000000731800000|  0%| F|  |TAMS 0x0000000731600000| PB 0x0000000731600000| Untracked |  0
| 396|0x0000000731800000, 0x0000000731800000, 0x0000000731a00000|  0%| F|  |TAMS 0x0000000731800000| PB 0x0000000731800000| Untracked |  0
| 397|0x0000000731a00000, 0x0000000731a00000, 0x0000000731c00000|  0%| F|  |TAMS 0x0000000731a00000| PB 0x0000000731a00000| Untracked |  0
| 398|0x0000000731c00000, 0x0000000731c00000, 0x0000000731e00000|  0%| F|  |TAMS 0x0000000731c00000| PB 0x0000000731c00000| Untracked |  0
| 399|0x0000000731e00000, 0x0000000731e00000, 0x0000000732000000|  0%| F|  |TAMS 0x0000000731e00000| PB 0x0000000731e00000| Untracked |  0
| 400|0x0000000732000000, 0x0000000732000000, 0x0000000732200000|  0%| F|  |TAMS 0x0000000732000000| PB 0x0000000732000000| Untracked |  0
| 401|0x0000000732200000, 0x0000000732200000, 0x0000000732400000|  0%| F|  |TAMS 0x0000000732200000| PB 0x0000000732200000| Untracked |  0
| 402|0x0000000732400000, 0x0000000732400000, 0x0000000732600000|  0%| F|  |TAMS 0x0000000732400000| PB 0x0000000732400000| Untracked |  0
| 403|0x0000000732600000, 0x0000000732600000, 0x0000000732800000|  0%| F|  |TAMS 0x0000000732600000| PB 0x0000000732600000| Untracked |  0
| 404|0x0000000732800000, 0x0000000732800000, 0x0000000732a00000|  0%| F|  |TAMS 0x0000000732800000| PB 0x0000000732800000| Untracked |  0
| 405|0x0000000732a00000, 0x0000000732a00000, 0x0000000732c00000|  0%| F|  |TAMS 0x0000000732a00000| PB 0x0000000732a00000| Untracked |  0
| 406|0x0000000732c00000, 0x0000000732c00000, 0x0000000732e00000|  0%| F|  |TAMS 0x0000000732c00000| PB 0x0000000732c00000| Untracked |  0
| 407|0x0000000732e00000, 0x0000000732e00000, 0x0000000733000000|  0%| F|  |TAMS 0x0000000732e00000| PB 0x0000000732e00000| Untracked |  0
| 408|0x0000000733000000, 0x0000000733000000, 0x0000000733200000|  0%| F|  |TAMS 0x0000000733000000| PB 0x0000000733000000| Untracked |  0
| 409|0x0000000733200000, 0x0000000733200000, 0x0000000733400000|  0%| F|  |TAMS 0x0000000733200000| PB 0x0000000733200000| Untracked |  0
| 410|0x0000000733400000, 0x0000000733400000, 0x0000000733600000|  0%| F|  |TAMS 0x0000000733400000| PB 0x0000000733400000| Untracked |  0
| 411|0x0000000733600000, 0x0000000733600000, 0x0000000733800000|  0%| F|  |TAMS 0x0000000733600000| PB 0x0000000733600000| Untracked |  0
| 412|0x0000000733800000, 0x0000000733800000, 0x0000000733a00000|  0%| F|  |TAMS 0x0000000733800000| PB 0x0000000733800000| Untracked |  0
| 413|0x0000000733a00000, 0x0000000733a00000, 0x0000000733c00000|  0%| F|  |TAMS 0x0000000733a00000| PB 0x0000000733a00000| Untracked |  0
| 414|0x0000000733c00000, 0x0000000733c00000, 0x0000000733e00000|  0%| F|  |TAMS 0x0000000733c00000| PB 0x0000000733c00000| Untracked |  0
| 415|0x0000000733e00000, 0x0000000733e00000, 0x0000000734000000|  0%| F|  |TAMS 0x0000000733e00000| PB 0x0000000733e00000| Untracked |  0
| 416|0x0000000734000000, 0x0000000734000000, 0x0000000734200000|  0%| F|  |TAMS 0x0000000734000000| PB 0x0000000734000000| Untracked |  0
| 417|0x0000000734200000, 0x0000000734200000, 0x0000000734400000|  0%| F|  |TAMS 0x0000000734200000| PB 0x0000000734200000| Untracked |  0
| 418|0x0000000734400000, 0x0000000734400000, 0x0000000734600000|  0%| F|  |TAMS 0x0000000734400000| PB 0x0000000734400000| Untracked |  0
| 419|0x0000000734600000, 0x0000000734600000, 0x0000000734800000|  0%| F|  |TAMS 0x0000000734600000| PB 0x0000000734600000| Untracked |  0
| 420|0x0000000734800000, 0x0000000734800000, 0x0000000734a00000|  0%| F|  |TAMS 0x0000000734800000| PB 0x0000000734800000| Untracked |  0
| 421|0x0000000734a00000, 0x0000000734a00000, 0x0000000734c00000|  0%| F|  |TAMS 0x0000000734a00000| PB 0x0000000734a00000| Untracked |  0
| 422|0x0000000734c00000, 0x0000000734c00000, 0x0000000734e00000|  0%| F|  |TAMS 0x0000000734c00000| PB 0x0000000734c00000| Untracked |  0
| 423|0x0000000734e00000, 0x0000000734e00000, 0x0000000735000000|  0%| F|  |TAMS 0x0000000734e00000| PB 0x0000000734e00000| Untracked |  0
| 424|0x0000000735000000, 0x0000000735000000, 0x0000000735200000|  0%| F|  |TAMS 0x0000000735000000| PB 0x0000000735000000| Untracked |  0
| 425|0x0000000735200000, 0x0000000735200000, 0x0000000735400000|  0%| F|  |TAMS 0x0000000735200000| PB 0x0000000735200000| Untracked |  0
| 426|0x0000000735400000, 0x0000000735400000, 0x0000000735600000|  0%| F|  |TAMS 0x0000000735400000| PB 0x0000000735400000| Untracked |  0
| 427|0x0000000735600000, 0x0000000735600000, 0x0000000735800000|  0%| F|  |TAMS 0x0000000735600000| PB 0x0000000735600000| Untracked |  0
| 428|0x0000000735800000, 0x0000000735800000, 0x0000000735a00000|  0%| F|  |TAMS 0x0000000735800000| PB 0x0000000735800000| Untracked |  0
| 429|0x0000000735a00000, 0x0000000735a00000, 0x0000000735c00000|  0%| F|  |TAMS 0x0000000735a00000| PB 0x0000000735a00000| Untracked |  0
| 430|0x0000000735c00000, 0x0000000735c00000, 0x0000000735e00000|  0%| F|  |TAMS 0x0000000735c00000| PB 0x0000000735c00000| Untracked |  0
| 431|0x0000000735e00000, 0x0000000735e00000, 0x0000000736000000|  0%| F|  |TAMS 0x0000000735e00000| PB 0x0000000735e00000| Untracked |  0
| 432|0x0000000736000000, 0x0000000736000000, 0x0000000736200000|  0%| F|  |TAMS 0x0000000736000000| PB 0x0000000736000000| Untracked |  0
| 433|0x0000000736200000, 0x0000000736200000, 0x0000000736400000|  0%| F|  |TAMS 0x0000000736200000| PB 0x0000000736200000| Untracked |  0
| 434|0x0000000736400000, 0x0000000736400000, 0x0000000736600000|  0%| F|  |TAMS 0x0000000736400000| PB 0x0000000736400000| Untracked |  0
| 435|0x0000000736600000, 0x0000000736600000, 0x0000000736800000|  0%| F|  |TAMS 0x0000000736600000| PB 0x0000000736600000| Untracked |  0
| 436|0x0000000736800000, 0x0000000736800000, 0x0000000736a00000|  0%| F|  |TAMS 0x0000000736800000| PB 0x0000000736800000| Untracked |  0
| 437|0x0000000736a00000, 0x0000000736a00000, 0x0000000736c00000|  0%| F|  |TAMS 0x0000000736a00000| PB 0x0000000736a00000| Untracked |  0
| 438|0x0000000736c00000, 0x0000000736c00000, 0x0000000736e00000|  0%| F|  |TAMS 0x0000000736c00000| PB 0x0000000736c00000| Untracked |  0
| 439|0x0000000736e00000, 0x0000000736e00000, 0x0000000737000000|  0%| F|  |TAMS 0x0000000736e00000| PB 0x0000000736e00000| Untracked |  0
| 440|0x0000000737000000, 0x0000000737000000, 0x0000000737200000|  0%| F|  |TAMS 0x0000000737000000| PB 0x0000000737000000| Untracked |  0
| 441|0x0000000737200000, 0x0000000737200000, 0x0000000737400000|  0%| F|  |TAMS 0x0000000737200000| PB 0x0000000737200000| Untracked |  0
| 442|0x0000000737400000, 0x0000000737400000, 0x0000000737600000|  0%| F|  |TAMS 0x0000000737400000| PB 0x0000000737400000| Untracked |  0
| 443|0x0000000737600000, 0x0000000737600000, 0x0000000737800000|  0%| F|  |TAMS 0x0000000737600000| PB 0x0000000737600000| Untracked |  0
| 444|0x0000000737800000, 0x0000000737800000, 0x0000000737a00000|  0%| F|  |TAMS 0x0000000737800000| PB 0x0000000737800000| Untracked |  0
| 445|0x0000000737a00000, 0x0000000737a00000, 0x0000000737c00000|  0%| F|  |TAMS 0x0000000737a00000| PB 0x0000000737a00000| Untracked |  0
| 446|0x0000000737c00000, 0x0000000737c00000, 0x0000000737e00000|  0%| F|  |TAMS 0x0000000737c00000| PB 0x0000000737c00000| Untracked |  0
| 447|0x0000000737e00000, 0x0000000737e00000, 0x0000000738000000|  0%| F|  |TAMS 0x0000000737e00000| PB 0x0000000737e00000| Untracked |  0
| 448|0x0000000738000000, 0x0000000738000000, 0x0000000738200000|  0%| F|  |TAMS 0x0000000738000000| PB 0x0000000738000000| Untracked |  0
| 449|0x0000000738200000, 0x0000000738200000, 0x0000000738400000|  0%| F|  |TAMS 0x0000000738200000| PB 0x0000000738200000| Untracked |  0
| 450|0x0000000738400000, 0x0000000738400000, 0x0000000738600000|  0%| F|  |TAMS 0x0000000738400000| PB 0x0000000738400000| Untracked |  0
| 451|0x0000000738600000, 0x0000000738600000, 0x0000000738800000|  0%| F|  |TAMS 0x0000000738600000| PB 0x0000000738600000| Untracked |  0
| 452|0x0000000738800000, 0x0000000738800000, 0x0000000738a00000|  0%| F|  |TAMS 0x0000000738800000| PB 0x0000000738800000| Untracked |  0
| 453|0x0000000738a00000, 0x0000000738a00000, 0x0000000738c00000|  0%| F|  |TAMS 0x0000000738a00000| PB 0x0000000738a00000| Untracked |  0
| 454|0x0000000738c00000, 0x0000000738c00000, 0x0000000738e00000|  0%| F|  |TAMS 0x0000000738c00000| PB 0x0000000738c00000| Untracked |  0
| 455|0x0000000738e00000, 0x0000000738e00000, 0x0000000739000000|  0%| F|  |TAMS 0x0000000738e00000| PB 0x0000000738e00000| Untracked |  0
| 456|0x0000000739000000, 0x0000000739000000, 0x0000000739200000|  0%| F|  |TAMS 0x0000000739000000| PB 0x0000000739000000| Untracked |  0
| 457|0x0000000739200000, 0x0000000739200000, 0x0000000739400000|  0%| F|  |TAMS 0x0000000739200000| PB 0x0000000739200000| Untracked |  0
| 458|0x0000000739400000, 0x0000000739400000, 0x0000000739600000|  0%| F|  |TAMS 0x0000000739400000| PB 0x0000000739400000| Untracked |  0
| 459|0x0000000739600000, 0x0000000739600000, 0x0000000739800000|  0%| F|  |TAMS 0x0000000739600000| PB 0x0000000739600000| Untracked |  0
| 460|0x0000000739800000, 0x0000000739800000, 0x0000000739a00000|  0%| F|  |TAMS 0x0000000739800000| PB 0x0000000739800000| Untracked |  0
| 461|0x0000000739a00000, 0x0000000739a00000, 0x0000000739c00000|  0%| F|  |TAMS 0x0000000739a00000| PB 0x0000000739a00000| Untracked |  0
| 462|0x0000000739c00000, 0x0000000739c00000, 0x0000000739e00000|  0%| F|  |TAMS 0x0000000739c00000| PB 0x0000000739c00000| Untracked |  0
| 463|0x0000000739e00000, 0x0000000739e00000, 0x000000073a000000|  0%| F|  |TAMS 0x0000000739e00000| PB 0x0000000739e00000| Untracked |  0
| 464|0x000000073a000000, 0x000000073a000000, 0x000000073a200000|  0%| F|  |TAMS 0x000000073a000000| PB 0x000000073a000000| Untracked |  0
| 465|0x000000073a200000, 0x000000073a200000, 0x000000073a400000|  0%| F|  |TAMS 0x000000073a200000| PB 0x000000073a200000| Untracked |  0
| 466|0x000000073a400000, 0x000000073a400000, 0x000000073a600000|  0%| F|  |TAMS 0x000000073a400000| PB 0x000000073a400000| Untracked |  0
| 467|0x000000073a600000, 0x000000073a600000, 0x000000073a800000|  0%| F|  |TAMS 0x000000073a600000| PB 0x000000073a600000| Untracked |  0
| 468|0x000000073a800000, 0x000000073a800000, 0x000000073aa00000|  0%| F|  |TAMS 0x000000073a800000| PB 0x000000073a800000| Untracked |  0
| 469|0x000000073aa00000, 0x000000073aa00000, 0x000000073ac00000|  0%| F|  |TAMS 0x000000073aa00000| PB 0x000000073aa00000| Untracked |  0
| 470|0x000000073ac00000, 0x000000073ac00000, 0x000000073ae00000|  0%| F|  |TAMS 0x000000073ac00000| PB 0x000000073ac00000| Untracked |  0
| 471|0x000000073ae00000, 0x000000073ae00000, 0x000000073b000000|  0%| F|  |TAMS 0x000000073ae00000| PB 0x000000073ae00000| Untracked |  0
| 472|0x000000073b000000, 0x000000073b000000, 0x000000073b200000|  0%| F|  |TAMS 0x000000073b000000| PB 0x000000073b000000| Untracked |  0
| 473|0x000000073b200000, 0x000000073b200000, 0x000000073b400000|  0%| F|  |TAMS 0x000000073b200000| PB 0x000000073b200000| Untracked |  0
| 474|0x000000073b400000, 0x000000073b400000, 0x000000073b600000|  0%| F|  |TAMS 0x000000073b400000| PB 0x000000073b400000| Untracked |  0
| 475|0x000000073b600000, 0x000000073b600000, 0x000000073b800000|  0%| F|  |TAMS 0x000000073b600000| PB 0x000000073b600000| Untracked |  0
| 476|0x000000073b800000, 0x000000073b800000, 0x000000073ba00000|  0%| F|  |TAMS 0x000000073b800000| PB 0x000000073b800000| Untracked |  0
| 477|0x000000073ba00000, 0x000000073ba00000, 0x000000073bc00000|  0%| F|  |TAMS 0x000000073ba00000| PB 0x000000073ba00000| Untracked |  0
| 478|0x000000073bc00000, 0x000000073bc00000, 0x000000073be00000|  0%| F|  |TAMS 0x000000073bc00000| PB 0x000000073bc00000| Untracked |  0
| 479|0x000000073be00000, 0x000000073be00000, 0x000000073c000000|  0%| F|  |TAMS 0x000000073be00000| PB 0x000000073be00000| Untracked |  0
| 480|0x000000073c000000, 0x000000073c000000, 0x000000073c200000|  0%| F|  |TAMS 0x000000073c000000| PB 0x000000073c000000| Untracked |  0
| 481|0x000000073c200000, 0x000000073c200000, 0x000000073c400000|  0%| F|  |TAMS 0x000000073c200000| PB 0x000000073c200000| Untracked |  0
| 482|0x000000073c400000, 0x000000073c400000, 0x000000073c600000|  0%| F|  |TAMS 0x000000073c400000| PB 0x000000073c400000| Untracked |  0
| 483|0x000000073c600000, 0x000000073c600000, 0x000000073c800000|  0%| F|  |TAMS 0x000000073c600000| PB 0x000000073c600000| Untracked |  0
| 484|0x000000073c800000, 0x000000073c800000, 0x000000073ca00000|  0%| F|  |TAMS 0x000000073c800000| PB 0x000000073c800000| Untracked |  0
| 485|0x000000073ca00000, 0x000000073ca00000, 0x000000073cc00000|  0%| F|  |TAMS 0x000000073ca00000| PB 0x000000073ca00000| Untracked |  0
| 486|0x000000073cc00000, 0x000000073cc00000, 0x000000073ce00000|  0%| F|  |TAMS 0x000000073cc00000| PB 0x000000073cc00000| Untracked |  0
| 487|0x000000073ce00000, 0x000000073ce00000, 0x000000073d000000|  0%| F|  |TAMS 0x000000073ce00000| PB 0x000000073ce00000| Untracked |  0
| 488|0x000000073d000000, 0x000000073d000000, 0x000000073d200000|  0%| F|  |TAMS 0x000000073d000000| PB 0x000000073d000000| Untracked |  0
| 489|0x000000073d200000, 0x000000073d200000, 0x000000073d400000|  0%| F|  |TAMS 0x000000073d200000| PB 0x000000073d200000| Untracked |  0
| 490|0x000000073d400000, 0x000000073d400000, 0x000000073d600000|  0%| F|  |TAMS 0x000000073d400000| PB 0x000000073d400000| Untracked |  0
| 491|0x000000073d600000, 0x000000073d600000, 0x000000073d800000|  0%| F|  |TAMS 0x000000073d600000| PB 0x000000073d600000| Untracked |  0
| 492|0x000000073d800000, 0x000000073d800000, 0x000000073da00000|  0%| F|  |TAMS 0x000000073d800000| PB 0x000000073d800000| Untracked |  0
| 493|0x000000073da00000, 0x000000073da00000, 0x000000073dc00000|  0%| F|  |TAMS 0x000000073da00000| PB 0x000000073da00000| Untracked |  0
| 494|0x000000073dc00000, 0x000000073dc00000, 0x000000073de00000|  0%| F|  |TAMS 0x000000073dc00000| PB 0x000000073dc00000| Untracked |  0
| 495|0x000000073de00000, 0x000000073de00000, 0x000000073e000000|  0%| F|  |TAMS 0x000000073de00000| PB 0x000000073de00000| Untracked |  0
| 496|0x000000073e000000, 0x000000073e000000, 0x000000073e200000|  0%| F|  |TAMS 0x000000073e000000| PB 0x000000073e000000| Untracked |  0
| 497|0x000000073e200000, 0x000000073e200000, 0x000000073e400000|  0%| F|  |TAMS 0x000000073e200000| PB 0x000000073e200000| Untracked |  0
| 498|0x000000073e400000, 0x000000073e400000, 0x000000073e600000|  0%| F|  |TAMS 0x000000073e400000| PB 0x000000073e400000| Untracked |  0
| 499|0x000000073e600000, 0x000000073e600000, 0x000000073e800000|  0%| F|  |TAMS 0x000000073e600000| PB 0x000000073e600000| Untracked |  0
| 500|0x000000073e800000, 0x000000073e800000, 0x000000073ea00000|  0%| F|  |TAMS 0x000000073e800000| PB 0x000000073e800000| Untracked |  0
| 501|0x000000073ea00000, 0x000000073ea00000, 0x000000073ec00000|  0%| F|  |TAMS 0x000000073ea00000| PB 0x000000073ea00000| Untracked |  0
| 502|0x000000073ec00000, 0x000000073ec00000, 0x000000073ee00000|  0%| F|  |TAMS 0x000000073ec00000| PB 0x000000073ec00000| Untracked |  0
| 503|0x000000073ee00000, 0x000000073ee00000, 0x000000073f000000|  0%| F|  |TAMS 0x000000073ee00000| PB 0x000000073ee00000| Untracked |  0
| 504|0x000000073f000000, 0x000000073f000000, 0x000000073f200000|  0%| F|  |TAMS 0x000000073f000000| PB 0x000000073f000000| Untracked |  0
| 505|0x000000073f200000, 0x000000073f200000, 0x000000073f400000|  0%| F|  |TAMS 0x000000073f200000| PB 0x000000073f200000| Untracked |  0
| 506|0x000000073f400000, 0x000000073f400000, 0x000000073f600000|  0%| F|  |TAMS 0x000000073f400000| PB 0x000000073f400000| Untracked |  0
| 507|0x000000073f600000, 0x000000073f600000, 0x000000073f800000|  0%| F|  |TAMS 0x000000073f600000| PB 0x000000073f600000| Untracked |  0
| 508|0x000000073f800000, 0x000000073f800000, 0x000000073fa00000|  0%| F|  |TAMS 0x000000073f800000| PB 0x000000073f800000| Untracked |  0
| 509|0x000000073fa00000, 0x000000073fa00000, 0x000000073fc00000|  0%| F|  |TAMS 0x000000073fa00000| PB 0x000000073fa00000| Untracked |  0
| 510|0x000000073fc00000, 0x000000073fc00000, 0x000000073fe00000|  0%| F|  |TAMS 0x000000073fc00000| PB 0x000000073fc00000| Untracked |  0
| 511|0x000000073fe00000, 0x000000073fe00000, 0x0000000740000000|  0%| F|  |TAMS 0x000000073fe00000| PB 0x000000073fe00000| Untracked |  0
| 512|0x0000000740000000, 0x0000000740000000, 0x0000000740200000|  0%| F|  |TAMS 0x0000000740000000| PB 0x0000000740000000| Untracked |  0
| 513|0x0000000740200000, 0x0000000740200000, 0x0000000740400000|  0%| F|  |TAMS 0x0000000740200000| PB 0x0000000740200000| Untracked |  0
| 514|0x0000000740400000, 0x0000000740400000, 0x0000000740600000|  0%| F|  |TAMS 0x0000000740400000| PB 0x0000000740400000| Untracked |  0
| 515|0x0000000740600000, 0x0000000740600000, 0x0000000740800000|  0%| F|  |TAMS 0x0000000740600000| PB 0x0000000740600000| Untracked |  0
| 516|0x0000000740800000, 0x0000000740800000, 0x0000000740a00000|  0%| F|  |TAMS 0x0000000740800000| PB 0x0000000740800000| Untracked |  0
| 517|0x0000000740a00000, 0x0000000740a00000, 0x0000000740c00000|  0%| F|  |TAMS 0x0000000740a00000| PB 0x0000000740a00000| Untracked |  0
| 518|0x0000000740c00000, 0x0000000740c00000, 0x0000000740e00000|  0%| F|  |TAMS 0x0000000740c00000| PB 0x0000000740c00000| Untracked |  0
| 519|0x0000000740e00000, 0x0000000740e00000, 0x0000000741000000|  0%| F|  |TAMS 0x0000000740e00000| PB 0x0000000740e00000| Untracked |  0
| 520|0x0000000741000000, 0x0000000741000000, 0x0000000741200000|  0%| F|  |TAMS 0x0000000741000000| PB 0x0000000741000000| Untracked |  0
| 521|0x0000000741200000, 0x0000000741200000, 0x0000000741400000|  0%| F|  |TAMS 0x0000000741200000| PB 0x0000000741200000| Untracked |  0
| 522|0x0000000741400000, 0x0000000741400000, 0x0000000741600000|  0%| F|  |TAMS 0x0000000741400000| PB 0x0000000741400000| Untracked |  0
| 523|0x0000000741600000, 0x0000000741600000, 0x0000000741800000|  0%| F|  |TAMS 0x0000000741600000| PB 0x0000000741600000| Untracked |  0
| 524|0x0000000741800000, 0x0000000741800000, 0x0000000741a00000|  0%| F|  |TAMS 0x0000000741800000| PB 0x0000000741800000| Untracked |  0
| 525|0x0000000741a00000, 0x0000000741a00000, 0x0000000741c00000|  0%| F|  |TAMS 0x0000000741a00000| PB 0x0000000741a00000| Untracked |  0
| 526|0x0000000741c00000, 0x0000000741c00000, 0x0000000741e00000|  0%| F|  |TAMS 0x0000000741c00000| PB 0x0000000741c00000| Untracked |  0
| 527|0x0000000741e00000, 0x0000000741e00000, 0x0000000742000000|  0%| F|  |TAMS 0x0000000741e00000| PB 0x0000000741e00000| Untracked |  0
| 528|0x0000000742000000, 0x0000000742000000, 0x0000000742200000|  0%| F|  |TAMS 0x0000000742000000| PB 0x0000000742000000| Untracked |  0
| 529|0x0000000742200000, 0x0000000742200000, 0x0000000742400000|  0%| F|  |TAMS 0x0000000742200000| PB 0x0000000742200000| Untracked |  0
| 530|0x0000000742400000, 0x0000000742400000, 0x0000000742600000|  0%| F|  |TAMS 0x0000000742400000| PB 0x0000000742400000| Untracked |  0
| 531|0x0000000742600000, 0x0000000742600000, 0x0000000742800000|  0%| F|  |TAMS 0x0000000742600000| PB 0x0000000742600000| Untracked |  0
| 532|0x0000000742800000, 0x0000000742800000, 0x0000000742a00000|  0%| F|  |TAMS 0x0000000742800000| PB 0x0000000742800000| Untracked |  0
| 533|0x0000000742a00000, 0x0000000742a00000, 0x0000000742c00000|  0%| F|  |TAMS 0x0000000742a00000| PB 0x0000000742a00000| Untracked |  0
| 534|0x0000000742c00000, 0x0000000742c00000, 0x0000000742e00000|  0%| F|  |TAMS 0x0000000742c00000| PB 0x0000000742c00000| Untracked |  0
| 535|0x0000000742e00000, 0x0000000742e00000, 0x0000000743000000|  0%| F|  |TAMS 0x0000000742e00000| PB 0x0000000742e00000| Untracked |  0
| 536|0x0000000743000000, 0x0000000743000000, 0x0000000743200000|  0%| F|  |TAMS 0x0000000743000000| PB 0x0000000743000000| Untracked |  0
| 537|0x0000000743200000, 0x0000000743200000, 0x0000000743400000|  0%| F|  |TAMS 0x0000000743200000| PB 0x0000000743200000| Untracked |  0
| 538|0x0000000743400000, 0x0000000743400000, 0x0000000743600000|  0%| F|  |TAMS 0x0000000743400000| PB 0x0000000743400000| Untracked |  0
| 539|0x0000000743600000, 0x0000000743600000, 0x0000000743800000|  0%| F|  |TAMS 0x0000000743600000| PB 0x0000000743600000| Untracked |  0
| 540|0x0000000743800000, 0x0000000743800000, 0x0000000743a00000|  0%| F|  |TAMS 0x0000000743800000| PB 0x0000000743800000| Untracked |  0
| 541|0x0000000743a00000, 0x0000000743a00000, 0x0000000743c00000|  0%| F|  |TAMS 0x0000000743a00000| PB 0x0000000743a00000| Untracked |  0
| 542|0x0000000743c00000, 0x0000000743c00000, 0x0000000743e00000|  0%| F|  |TAMS 0x0000000743c00000| PB 0x0000000743c00000| Untracked |  0
| 543|0x0000000743e00000, 0x0000000743e00000, 0x0000000744000000|  0%| F|  |TAMS 0x0000000743e00000| PB 0x0000000743e00000| Untracked |  0
| 544|0x0000000744000000, 0x0000000744000000, 0x0000000744200000|  0%| F|  |TAMS 0x0000000744000000| PB 0x0000000744000000| Untracked |  0
| 545|0x0000000744200000, 0x0000000744200000, 0x0000000744400000|  0%| F|  |TAMS 0x0000000744200000| PB 0x0000000744200000| Untracked |  0
| 546|0x0000000744400000, 0x0000000744400000, 0x0000000744600000|  0%| F|  |TAMS 0x0000000744400000| PB 0x0000000744400000| Untracked |  0
| 547|0x0000000744600000, 0x0000000744600000, 0x0000000744800000|  0%| F|  |TAMS 0x0000000744600000| PB 0x0000000744600000| Untracked |  0
| 548|0x0000000744800000, 0x0000000744800000, 0x0000000744a00000|  0%| F|  |TAMS 0x0000000744800000| PB 0x0000000744800000| Untracked |  0
| 549|0x0000000744a00000, 0x0000000744a00000, 0x0000000744c00000|  0%| F|  |TAMS 0x0000000744a00000| PB 0x0000000744a00000| Untracked |  0
| 550|0x0000000744c00000, 0x0000000744c00000, 0x0000000744e00000|  0%| F|  |TAMS 0x0000000744c00000| PB 0x0000000744c00000| Untracked |  0
| 551|0x0000000744e00000, 0x0000000744e00000, 0x0000000745000000|  0%| F|  |TAMS 0x0000000744e00000| PB 0x0000000744e00000| Untracked |  0
| 552|0x0000000745000000, 0x0000000745000000, 0x0000000745200000|  0%| F|  |TAMS 0x0000000745000000| PB 0x0000000745000000| Untracked |  0
| 553|0x0000000745200000, 0x0000000745200000, 0x0000000745400000|  0%| F|  |TAMS 0x0000000745200000| PB 0x0000000745200000| Untracked |  0
| 554|0x0000000745400000, 0x0000000745400000, 0x0000000745600000|  0%| F|  |TAMS 0x0000000745400000| PB 0x0000000745400000| Untracked |  0
| 555|0x0000000745600000, 0x0000000745600000, 0x0000000745800000|  0%| F|  |TAMS 0x0000000745600000| PB 0x0000000745600000| Untracked |  0
| 556|0x0000000745800000, 0x0000000745800000, 0x0000000745a00000|  0%| F|  |TAMS 0x0000000745800000| PB 0x0000000745800000| Untracked |  0
| 557|0x0000000745a00000, 0x0000000745a00000, 0x0000000745c00000|  0%| F|  |TAMS 0x0000000745a00000| PB 0x0000000745a00000| Untracked |  0
| 558|0x0000000745c00000, 0x0000000745c00000, 0x0000000745e00000|  0%| F|  |TAMS 0x0000000745c00000| PB 0x0000000745c00000| Untracked |  0
| 559|0x0000000745e00000, 0x0000000745e00000, 0x0000000746000000|  0%| F|  |TAMS 0x0000000745e00000| PB 0x0000000745e00000| Untracked |  0
| 560|0x0000000746000000, 0x0000000746000000, 0x0000000746200000|  0%| F|  |TAMS 0x0000000746000000| PB 0x0000000746000000| Untracked |  0
| 561|0x0000000746200000, 0x0000000746200000, 0x0000000746400000|  0%| F|  |TAMS 0x0000000746200000| PB 0x0000000746200000| Untracked |  0
| 562|0x0000000746400000, 0x0000000746400000, 0x0000000746600000|  0%| F|  |TAMS 0x0000000746400000| PB 0x0000000746400000| Untracked |  0
| 563|0x0000000746600000, 0x0000000746600000, 0x0000000746800000|  0%| F|  |TAMS 0x0000000746600000| PB 0x0000000746600000| Untracked |  0
| 564|0x0000000746800000, 0x0000000746800000, 0x0000000746a00000|  0%| F|  |TAMS 0x0000000746800000| PB 0x0000000746800000| Untracked |  0
| 565|0x0000000746a00000, 0x0000000746a00000, 0x0000000746c00000|  0%| F|  |TAMS 0x0000000746a00000| PB 0x0000000746a00000| Untracked |  0
| 566|0x0000000746c00000, 0x0000000746c00000, 0x0000000746e00000|  0%| F|  |TAMS 0x0000000746c00000| PB 0x0000000746c00000| Untracked |  0
| 567|0x0000000746e00000, 0x0000000746e00000, 0x0000000747000000|  0%| F|  |TAMS 0x0000000746e00000| PB 0x0000000746e00000| Untracked |  0
| 568|0x0000000747000000, 0x0000000747000000, 0x0000000747200000|  0%| F|  |TAMS 0x0000000747000000| PB 0x0000000747000000| Untracked |  0
| 569|0x0000000747200000, 0x0000000747200000, 0x0000000747400000|  0%| F|  |TAMS 0x0000000747200000| PB 0x0000000747200000| Untracked |  0
| 570|0x0000000747400000, 0x0000000747400000, 0x0000000747600000|  0%| F|  |TAMS 0x0000000747400000| PB 0x0000000747400000| Untracked |  0
| 571|0x0000000747600000, 0x0000000747600000, 0x0000000747800000|  0%| F|  |TAMS 0x0000000747600000| PB 0x0000000747600000| Untracked |  0
| 572|0x0000000747800000, 0x0000000747800000, 0x0000000747a00000|  0%| F|  |TAMS 0x0000000747800000| PB 0x0000000747800000| Untracked |  0
| 573|0x0000000747a00000, 0x0000000747a00000, 0x0000000747c00000|  0%| F|  |TAMS 0x0000000747a00000| PB 0x0000000747a00000| Untracked |  0
| 574|0x0000000747c00000, 0x0000000747c00000, 0x0000000747e00000|  0%| F|  |TAMS 0x0000000747c00000| PB 0x0000000747c00000| Untracked |  0
| 575|0x0000000747e00000, 0x0000000747e00000, 0x0000000748000000|  0%| F|  |TAMS 0x0000000747e00000| PB 0x0000000747e00000| Untracked |  0
| 576|0x0000000748000000, 0x0000000748000000, 0x0000000748200000|  0%| F|  |TAMS 0x0000000748000000| PB 0x0000000748000000| Untracked |  0
| 577|0x0000000748200000, 0x0000000748200000, 0x0000000748400000|  0%| F|  |TAMS 0x0000000748200000| PB 0x0000000748200000| Untracked |  0
| 578|0x0000000748400000, 0x0000000748400000, 0x0000000748600000|  0%| F|  |TAMS 0x0000000748400000| PB 0x0000000748400000| Untracked |  0
| 579|0x0000000748600000, 0x0000000748600000, 0x0000000748800000|  0%| F|  |TAMS 0x0000000748600000| PB 0x0000000748600000| Untracked |  0
| 580|0x0000000748800000, 0x0000000748800000, 0x0000000748a00000|  0%| F|  |TAMS 0x0000000748800000| PB 0x0000000748800000| Untracked |  0
| 581|0x0000000748a00000, 0x0000000748a00000, 0x0000000748c00000|  0%| F|  |TAMS 0x0000000748a00000| PB 0x0000000748a00000| Untracked |  0
| 582|0x0000000748c00000, 0x0000000748c00000, 0x0000000748e00000|  0%| F|  |TAMS 0x0000000748c00000| PB 0x0000000748c00000| Untracked |  0
| 583|0x0000000748e00000, 0x0000000748e00000, 0x0000000749000000|  0%| F|  |TAMS 0x0000000748e00000| PB 0x0000000748e00000| Untracked |  0
| 584|0x0000000749000000, 0x0000000749000000, 0x0000000749200000|  0%| F|  |TAMS 0x0000000749000000| PB 0x0000000749000000| Untracked |  0
| 585|0x0000000749200000, 0x0000000749200000, 0x0000000749400000|  0%| F|  |TAMS 0x0000000749200000| PB 0x0000000749200000| Untracked |  0
| 586|0x0000000749400000, 0x0000000749400000, 0x0000000749600000|  0%| F|  |TAMS 0x0000000749400000| PB 0x0000000749400000| Untracked |  0
| 587|0x0000000749600000, 0x0000000749600000, 0x0000000749800000|  0%| F|  |TAMS 0x0000000749600000| PB 0x0000000749600000| Untracked |  0
| 588|0x0000000749800000, 0x0000000749800000, 0x0000000749a00000|  0%| F|  |TAMS 0x0000000749800000| PB 0x0000000749800000| Untracked |  0
| 589|0x0000000749a00000, 0x0000000749a00000, 0x0000000749c00000|  0%| F|  |TAMS 0x0000000749a00000| PB 0x0000000749a00000| Untracked |  0
| 590|0x0000000749c00000, 0x0000000749c00000, 0x0000000749e00000|  0%| F|  |TAMS 0x0000000749c00000| PB 0x0000000749c00000| Untracked |  0
| 591|0x0000000749e00000, 0x0000000749e00000, 0x000000074a000000|  0%| F|  |TAMS 0x0000000749e00000| PB 0x0000000749e00000| Untracked |  0
| 592|0x000000074a000000, 0x000000074a000000, 0x000000074a200000|  0%| F|  |TAMS 0x000000074a000000| PB 0x000000074a000000| Untracked |  0
| 593|0x000000074a200000, 0x000000074a200000, 0x000000074a400000|  0%| F|  |TAMS 0x000000074a200000| PB 0x000000074a200000| Untracked |  0
| 594|0x000000074a400000, 0x000000074a400000, 0x000000074a600000|  0%| F|  |TAMS 0x000000074a400000| PB 0x000000074a400000| Untracked |  0
| 595|0x000000074a600000, 0x000000074a600000, 0x000000074a800000|  0%| F|  |TAMS 0x000000074a600000| PB 0x000000074a600000| Untracked |  0
| 596|0x000000074a800000, 0x000000074a800000, 0x000000074aa00000|  0%| F|  |TAMS 0x000000074a800000| PB 0x000000074a800000| Untracked |  0
| 597|0x000000074aa00000, 0x000000074aa00000, 0x000000074ac00000|  0%| F|  |TAMS 0x000000074aa00000| PB 0x000000074aa00000| Untracked |  0
| 598|0x000000074ac00000, 0x000000074ac00000, 0x000000074ae00000|  0%| F|  |TAMS 0x000000074ac00000| PB 0x000000074ac00000| Untracked |  0
| 599|0x000000074ae00000, 0x000000074ae00000, 0x000000074b000000|  0%| F|  |TAMS 0x000000074ae00000| PB 0x000000074ae00000| Untracked |  0
| 600|0x000000074b000000, 0x000000074b000000, 0x000000074b200000|  0%| F|  |TAMS 0x000000074b000000| PB 0x000000074b000000| Untracked |  0
| 601|0x000000074b200000, 0x000000074b200000, 0x000000074b400000|  0%| F|  |TAMS 0x000000074b200000| PB 0x000000074b200000| Untracked |  0
| 602|0x000000074b400000, 0x000000074b400000, 0x000000074b600000|  0%| F|  |TAMS 0x000000074b400000| PB 0x000000074b400000| Untracked |  0
| 603|0x000000074b600000, 0x000000074b600000, 0x000000074b800000|  0%| F|  |TAMS 0x000000074b600000| PB 0x000000074b600000| Untracked |  0
| 604|0x000000074b800000, 0x000000074b800000, 0x000000074ba00000|  0%| F|  |TAMS 0x000000074b800000| PB 0x000000074b800000| Untracked |  0
| 605|0x000000074ba00000, 0x000000074ba00000, 0x000000074bc00000|  0%| F|  |TAMS 0x000000074ba00000| PB 0x000000074ba00000| Untracked |  0
| 606|0x000000074bc00000, 0x000000074bc00000, 0x000000074be00000|  0%| F|  |TAMS 0x000000074bc00000| PB 0x000000074bc00000| Untracked |  0
| 607|0x000000074be00000, 0x000000074be00000, 0x000000074c000000|  0%| F|  |TAMS 0x000000074be00000| PB 0x000000074be00000| Untracked |  0
| 608|0x000000074c000000, 0x000000074c000000, 0x000000074c200000|  0%| F|  |TAMS 0x000000074c000000| PB 0x000000074c000000| Untracked |  0
| 609|0x000000074c200000, 0x000000074c200000, 0x000000074c400000|  0%| F|  |TAMS 0x000000074c200000| PB 0x000000074c200000| Untracked |  0
| 610|0x000000074c400000, 0x000000074c400000, 0x000000074c600000|  0%| F|  |TAMS 0x000000074c400000| PB 0x000000074c400000| Untracked |  0
| 611|0x000000074c600000, 0x000000074c600000, 0x000000074c800000|  0%| F|  |TAMS 0x000000074c600000| PB 0x000000074c600000| Untracked |  0
| 612|0x000000074c800000, 0x000000074c800000, 0x000000074ca00000|  0%| F|  |TAMS 0x000000074c800000| PB 0x000000074c800000| Untracked |  0
| 613|0x000000074ca00000, 0x000000074ca00000, 0x000000074cc00000|  0%| F|  |TAMS 0x000000074ca00000| PB 0x000000074ca00000| Untracked |  0
| 614|0x000000074cc00000, 0x000000074cc00000, 0x000000074ce00000|  0%| F|  |TAMS 0x000000074cc00000| PB 0x000000074cc00000| Untracked |  0
| 615|0x000000074ce00000, 0x000000074ce00000, 0x000000074d000000|  0%| F|  |TAMS 0x000000074ce00000| PB 0x000000074ce00000| Untracked |  0
| 616|0x000000074d000000, 0x000000074d000000, 0x000000074d200000|  0%| F|  |TAMS 0x000000074d000000| PB 0x000000074d000000| Untracked |  0
| 617|0x000000074d200000, 0x000000074d200000, 0x000000074d400000|  0%| F|  |TAMS 0x000000074d200000| PB 0x000000074d200000| Untracked |  0
| 618|0x000000074d400000, 0x000000074d400000, 0x000000074d600000|  0%| F|  |TAMS 0x000000074d400000| PB 0x000000074d400000| Untracked |  0
| 619|0x000000074d600000, 0x000000074d600000, 0x000000074d800000|  0%| F|  |TAMS 0x000000074d600000| PB 0x000000074d600000| Untracked |  0
| 620|0x000000074d800000, 0x000000074d800000, 0x000000074da00000|  0%| F|  |TAMS 0x000000074d800000| PB 0x000000074d800000| Untracked |  0
| 621|0x000000074da00000, 0x000000074da00000, 0x000000074dc00000|  0%| F|  |TAMS 0x000000074da00000| PB 0x000000074da00000| Untracked |  0
| 622|0x000000074dc00000, 0x000000074dc00000, 0x000000074de00000|  0%| F|  |TAMS 0x000000074dc00000| PB 0x000000074dc00000| Untracked |  0
| 623|0x000000074de00000, 0x000000074de00000, 0x000000074e000000|  0%| F|  |TAMS 0x000000074de00000| PB 0x000000074de00000| Untracked |  0
| 624|0x000000074e000000, 0x000000074e000000, 0x000000074e200000|  0%| F|  |TAMS 0x000000074e000000| PB 0x000000074e000000| Untracked |  0
| 625|0x000000074e200000, 0x000000074e200000, 0x000000074e400000|  0%| F|  |TAMS 0x000000074e200000| PB 0x000000074e200000| Untracked |  0
| 626|0x000000074e400000, 0x000000074e400000, 0x000000074e600000|  0%| F|  |TAMS 0x000000074e400000| PB 0x000000074e400000| Untracked |  0
| 627|0x000000074e600000, 0x000000074e600000, 0x000000074e800000|  0%| F|  |TAMS 0x000000074e600000| PB 0x000000074e600000| Untracked |  0
| 628|0x000000074e800000, 0x000000074e800000, 0x000000074ea00000|  0%| F|  |TAMS 0x000000074e800000| PB 0x000000074e800000| Untracked |  0
| 629|0x000000074ea00000, 0x000000074ea00000, 0x000000074ec00000|  0%| F|  |TAMS 0x000000074ea00000| PB 0x000000074ea00000| Untracked |  0
| 630|0x000000074ec00000, 0x000000074ec00000, 0x000000074ee00000|  0%| F|  |TAMS 0x000000074ec00000| PB 0x000000074ec00000| Untracked |  0
| 631|0x000000074ee00000, 0x000000074ee00000, 0x000000074f000000|  0%| F|  |TAMS 0x000000074ee00000| PB 0x000000074ee00000| Untracked |  0
| 632|0x000000074f000000, 0x000000074f000000, 0x000000074f200000|  0%| F|  |TAMS 0x000000074f000000| PB 0x000000074f000000| Untracked |  0
| 633|0x000000074f200000, 0x000000074f200000, 0x000000074f400000|  0%| F|  |TAMS 0x000000074f200000| PB 0x000000074f200000| Untracked |  0
| 634|0x000000074f400000, 0x000000074f400000, 0x000000074f600000|  0%| F|  |TAMS 0x000000074f400000| PB 0x000000074f400000| Untracked |  0
| 635|0x000000074f600000, 0x000000074f600000, 0x000000074f800000|  0%| F|  |TAMS 0x000000074f600000| PB 0x000000074f600000| Untracked |  0
| 636|0x000000074f800000, 0x000000074f800000, 0x000000074fa00000|  0%| F|  |TAMS 0x000000074f800000| PB 0x000000074f800000| Untracked |  0
| 637|0x000000074fa00000, 0x000000074fa00000, 0x000000074fc00000|  0%| F|  |TAMS 0x000000074fa00000| PB 0x000000074fa00000| Untracked |  0
| 638|0x000000074fc00000, 0x000000074fc00000, 0x000000074fe00000|  0%| F|  |TAMS 0x000000074fc00000| PB 0x000000074fc00000| Untracked |  0
| 639|0x000000074fe00000, 0x000000074fe00000, 0x0000000750000000|  0%| F|  |TAMS 0x000000074fe00000| PB 0x000000074fe00000| Untracked |  0
| 640|0x0000000750000000, 0x0000000750000000, 0x0000000750200000|  0%| F|  |TAMS 0x0000000750000000| PB 0x0000000750000000| Untracked |  0
| 641|0x0000000750200000, 0x0000000750200000, 0x0000000750400000|  0%| F|  |TAMS 0x0000000750200000| PB 0x0000000750200000| Untracked |  0
| 642|0x0000000750400000, 0x0000000750400000, 0x0000000750600000|  0%| F|  |TAMS 0x0000000750400000| PB 0x0000000750400000| Untracked |  0
| 643|0x0000000750600000, 0x00000007507070a0, 0x0000000750800000| 51%| E|  |TAMS 0x0000000750600000| PB 0x0000000750600000| Complete |  0
|2025|0x00000007fd200000, 0x00000007fd400000, 0x00000007fd400000|100%| O|  |TAMS 0x00000007fd200000| PB 0x00000007fd200000| Untracked |  0
|2026|0x00000007fd400000, 0x00000007fd600000, 0x00000007fd600000|100%| O|  |TAMS 0x00000007fd400000| PB 0x00000007fd400000| Untracked |  0
|2027|0x00000007fd600000, 0x00000007fd800000, 0x00000007fd800000|100%| O|  |TAMS 0x00000007fd600000| PB 0x00000007fd600000| Untracked |  0
|2028|0x00000007fd800000, 0x00000007fda00000, 0x00000007fda00000|100%| O|  |TAMS 0x00000007fd800000| PB 0x00000007fd800000| Untracked |  0
|2029|0x00000007fda00000, 0x00000007fdc00000, 0x00000007fdc00000|100%| O|  |TAMS 0x00000007fda00000| PB 0x00000007fda00000| Untracked |  0
|2030|0x00000007fdc00000, 0x00000007fde00000, 0x00000007fde00000|100%| O|  |TAMS 0x00000007fdc00000| PB 0x00000007fdc00000| Untracked |  0
|2031|0x00000007fde00000, 0x00000007fe000000, 0x00000007fe000000|100%| O|  |TAMS 0x00000007fde00000| PB 0x00000007fde00000| Untracked |  0
|2032|0x00000007fe000000, 0x00000007fe200000, 0x00000007fe200000|100%| O|  |TAMS 0x00000007fe000000| PB 0x00000007fe000000| Untracked |  0
|2033|0x00000007fe200000, 0x00000007fe400000, 0x00000007fe400000|100%| O|  |TAMS 0x00000007fe200000| PB 0x00000007fe200000| Untracked |  0
|2034|0x00000007fe400000, 0x00000007fe600000, 0x00000007fe600000|100%| O|  |TAMS 0x00000007fe400000| PB 0x00000007fe400000| Untracked |  0
|2035|0x00000007fe600000, 0x00000007fe800000, 0x00000007fe800000|100%| O|  |TAMS 0x00000007fe600000| PB 0x00000007fe600000| Untracked |  0
|2036|0x00000007fe800000, 0x00000007fea00000, 0x00000007fea00000|100%| O|  |TAMS 0x00000007fe800000| PB 0x00000007fe800000| Untracked |  0
|2037|0x00000007fea00000, 0x00000007fec00000, 0x00000007fec00000|100%| O|  |TAMS 0x00000007fea00000| PB 0x00000007fea00000| Untracked |  0
|2038|0x00000007fec00000, 0x00000007fee00000, 0x00000007fee00000|100%| O|  |TAMS 0x00000007fec00000| PB 0x00000007fec00000| Untracked |  0
|2039|0x00000007fee00000, 0x00000007ff000000, 0x00000007ff000000|100%| O|  |TAMS 0x00000007fee00000| PB 0x00000007fee00000| Untracked |  0
|2040|0x00000007ff000000, 0x00000007ff200000, 0x00000007ff200000|100%| O|  |TAMS 0x00000007ff000000| PB 0x00000007ff000000| Untracked |  0
|2041|0x00000007ff200000, 0x00000007ff400000, 0x00000007ff400000|100%| O|  |TAMS 0x00000007ff200000| PB 0x00000007ff200000| Untracked |  0
|2042|0x00000007ff400000, 0x00000007ff600000, 0x00000007ff600000|100%| O|  |TAMS 0x00000007ff400000| PB 0x00000007ff400000| Untracked |  0
|2043|0x00000007ff600000, 0x00000007ff800000, 0x00000007ff800000|100%| O|  |TAMS 0x00000007ff600000| PB 0x00000007ff600000| Untracked |  0
|2044|0x00000007ff800000, 0x00000007ffa00000, 0x00000007ffa00000|100%| O|  |TAMS 0x00000007ff800000| PB 0x00000007ff800000| Untracked |  0
|2045|0x00000007ffa00000, 0x00000007ffc00000, 0x00000007ffc00000|100%| O|  |TAMS 0x00000007ffa00000| PB 0x00000007ffa00000| Untracked |  0
|2046|0x00000007ffc00000, 0x00000007ffe00000, 0x00000007ffe00000|100%| O|  |TAMS 0x00000007ffc00000| PB 0x00000007ffc00000| Untracked |  0
|2047|0x00000007ffe00000, 0x00000007fff040c0, 0x0000000800000000| 50%| O|  |TAMS 0x00000007ffe00000| PB 0x00000007ffe00000| Untracked |  0

Card table byte_map: [0x0000000105800000,0x0000000106000000] _byte_map_base: 0x0000000102000000

Marking Bits: (CMBitMap*) 0x000000011d04e810
 Bits: [0x0000000118000000, 0x000000011c000000)

Polling page: 0x00000001005c0000

Metaspace:

Usage:
  Non-class:      5.32 MB used.
      Class:    592.03 KB used.
       Both:      5.90 MB used.

Virtual space:
  Non-class space:       64.00 MB reserved,       5.44 MB (  8%) committed,  1 nodes.
      Class space:        1.00 GB reserved,     704.00 KB ( <1%) committed,  1 nodes.
             Both:        1.06 GB reserved,       6.12 MB ( <1%) committed. 

Chunk freelists:
   Non-Class:  10.08 MB
       Class:  15.34 MB
        Both:  25.42 MB

MaxMetaspaceSize: unlimited
CompressedClassSpaceSize: 1.00 GB
Initial GC threshold: 21.00 MB
Current GC threshold: 21.00 MB
CDS: on
 - commit_granule_bytes: 65536.
 - commit_granule_words: 8192.
 - virtual_space_node_default_size: 8388608.
 - enlarge_chunks_in_place: 1.
 - use_allocation_guard: 0.


Internal statistics:

num_allocs_failed_limit: 0.
num_arena_births: 84.
num_arena_deaths: 0.
num_vsnodes_births: 2.
num_vsnodes_deaths: 0.
num_space_committed: 98.
num_space_uncommitted: 0.
num_chunks_returned_to_freelist: 0.
num_chunks_taken_from_freelist: 213.
num_chunk_merges: 0.
num_chunk_splits: 125.
num_chunks_enlarged: 71.
num_inconsistent_stats: 0.

CodeHeap 'non-profiled nmethods': size=120032Kb used=1845Kb max_used=1845Kb free=118186Kb
 bounds [0x000000012fac8000, 0x000000012fd38000, 0x0000000137000000]
CodeHeap 'profiled nmethods': size=120016Kb used=4374Kb max_used=4374Kb free=115641Kb
 bounds [0x0000000128000000, 0x0000000128450000, 0x000000012f534000]
CodeHeap 'non-nmethods': size=5712Kb used=1325Kb max_used=1416Kb free=4386Kb
 bounds [0x000000012f534000, 0x000000012f7a4000, 0x000000012fac8000]
 total_blobs=2896 nmethods=2416 adapters=389
 compilation: enabled
              stopped_count=0, restarted_count=0
 full_count=0

Compilation events (20 events):
Event: 353.128 Thread 0x000000011f013800 2857       3       java.io.File::lastModified (33 bytes)
Event: 353.129 Thread 0x000000011f013800 nmethod 2857 0x0000000128440110 code [0x0000000128440300, 0x0000000128440648]
Event: 353.129 Thread 0x000000011f013800 2858       3       java.util.concurrent.atomic.AtomicReference::compareAndSet (10 bytes)
Event: 353.129 Thread 0x000000011f013800 nmethod 2858 0x0000000128440790 code [0x0000000128440ac0, 0x0000000128441628]
Event: 355.074 Thread 0x000000011f013800 2863       3       refdiff.core.diff.CstComparator$DiffBuilder::computeSourceRepresentationForRemovedAndAdded (81 bytes)
Event: 355.075 Thread 0x000000011f013800 nmethod 2863 0x0000000128441a90 code [0x0000000128441d40, 0x0000000128442850]
Event: 355.104 Thread 0x000000011f013800 2864       3       refdiff.core.diff.CstComparator$DiffBuilder::createRelationshipsForMatchings (101 bytes)
Event: 355.104 Thread 0x000000011f013800 nmethod 2864 0x0000000128442b90 code [0x0000000128442ec0, 0x0000000128443eb0]
Event: 355.104 Thread 0x000000011f013800 2865       3       refdiff.core.diff.CstComparator$DiffBuilder::findPullPushDownAbstract (66 bytes)
Event: 355.104 Thread 0x000000011f013800 nmethod 2865 0x0000000128444390 code [0x0000000128444600, 0x00000001284450b8]
Event: 355.114 Thread 0x000000011f013800 2866       1       java.lang.reflect.Method::getReturnType (5 bytes)
Event: 355.114 Thread 0x000000011f013800 nmethod 2866 0x000000012fc94710 code [0x000000012fc94880, 0x000000012fc94928]
Event: 355.171 Thread 0x000000011f013000 2870       4       java.util.Arrays$ArrayItr::next (36 bytes)
Event: 355.171 Thread 0x000000011f013000 nmethod 2870 0x000000012fc94a10 code [0x000000012fc94b80, 0x000000012fc94c80]
Event: 357.364 Thread 0x000000011f013000 2873       4       java.util.concurrent.ConcurrentHashMap$Traverser::advance (188 bytes)
Event: 357.366 Thread 0x000000011f013000 nmethod 2873 0x000000012fc94d90 code [0x000000012fc94f40, 0x000000012fc95288]
Event: 357.857 Thread 0x000000011f013000 2876       4       org.eclipse.jgit.internal.storage.file.WindowCache::slot (17 bytes)
Event: 357.858 Thread 0x000000011f013000 nmethod 2876 0x000000012fc95410 code [0x000000012fc95580, 0x000000012fc95650]
Event: 357.869 Thread 0x000000011f013800 2877       3       java.lang.PublicMethods$Key::matches (31 bytes)
Event: 357.869 Thread 0x000000011f013800 nmethod 2877 0x0000000128445390 code [0x0000000128445580, 0x00000001284458f0]

GC Heap History (20 events):
Event: 301.155 GC heap before
{Heap before GC invocations=97 (full 0):
 garbage-first heap   total reserved 4194304K, committed 1361920K, used 1224078K [0x0000000700000000, 0x0000000800000000)
  region size 2048K, 399 young (817152K), 19 survivors (38912K)
 Metaspace       used 5993K, committed 6208K, reserved 1114112K
  class space    used 592K, committed 704K, reserved 1048576K
}
Event: 301.161 GC heap after
{Heap after GC invocations=98 (full 0):
 garbage-first heap   total reserved 4194304K, committed 1361920K, used 453502K [0x0000000700000000, 0x0000000800000000)
  region size 2048K, 22 young (45056K), 22 survivors (45056K)
 Metaspace       used 5993K, committed 6208K, reserved 1114112K
  class space    used 592K, committed 704K, reserved 1048576K
}
Event: 301.489 GC heap before
{Heap before GC invocations=98 (full 0):
 garbage-first heap   total reserved 4194304K, committed 1361920K, used 1223550K [0x0000000700000000, 0x0000000800000000)
  region size 2048K, 399 young (817152K), 22 survivors (45056K)
 Metaspace       used 5993K, committed 6208K, reserved 1114112K
  class space    used 592K, committed 704K, reserved 1048576K
}
Event: 301.496 GC heap after
{Heap after GC invocations=99 (full 0):
 garbage-first heap   total reserved 4194304K, committed 1361920K, used 462002K [0x0000000700000000, 0x0000000800000000)
  region size 2048K, 26 young (53248K), 26 survivors (53248K)
 Metaspace       used 5993K, committed 6208K, reserved 1114112K
  class space    used 592K, committed 704K, reserved 1048576K
}
Event: 314.662 GC heap before
{Heap before GC invocations=99 (full 0):
 garbage-first heap   total reserved 4194304K, committed 1361920K, used 1223858K [0x0000000700000000, 0x0000000800000000)
  region size 2048K, 399 young (817152K), 26 survivors (53248K)
 Metaspace       used 5996K, committed 6208K, reserved 1114112K
  class space    used 592K, committed 704K, reserved 1048576K
}
Event: 314.668 GC heap after
{Heap after GC invocations=100 (full 0):
 garbage-first heap   total reserved 4194304K, committed 1361920K, used 442766K [0x0000000700000000, 0x0000000800000000)
  region size 2048K, 17 young (34816K), 17 survivors (34816K)
 Metaspace       used 5996K, committed 6208K, reserved 1114112K
  class space    used 592K, committed 704K, reserved 1048576K
}
Event: 315.012 GC heap before
{Heap before GC invocations=100 (full 0):
 garbage-first heap   total reserved 4194304K, committed 1361920K, used 1223054K [0x0000000700000000, 0x0000000800000000)
  region size 2048K, 399 young (817152K), 17 survivors (34816K)
 Metaspace       used 5996K, committed 6208K, reserved 1114112K
  class space    used 592K, committed 704K, reserved 1048576K
}
Event: 315.025 GC heap after
{Heap after GC invocations=101 (full 0):
 garbage-first heap   total reserved 4194304K, committed 1361920K, used 449934K [0x0000000700000000, 0x0000000800000000)
  region size 2048K, 20 young (40960K), 20 survivors (40960K)
 Metaspace       used 5996K, committed 6208K, reserved 1114112K
  class space    used 592K, committed 704K, reserved 1048576K
}
Event: 319.533 GC heap before
{Heap before GC invocations=101 (full 0):
 garbage-first heap   total reserved 4194304K, committed 1361920K, used 1224078K [0x0000000700000000, 0x0000000800000000)
  region size 2048K, 399 young (817152K), 20 survivors (40960K)
 Metaspace       used 6003K, committed 6208K, reserved 1114112K
  class space    used 592K, committed 704K, reserved 1048576K
}
Event: 319.537 GC heap after
{Heap after GC invocations=102 (full 0):
 garbage-first heap   total reserved 4194304K, committed 1361920K, used 439694K [0x0000000700000000, 0x0000000800000000)
  region size 2048K, 15 young (30720K), 15 survivors (30720K)
 Metaspace       used 6003K, committed 6208K, reserved 1114112K
  class space    used 592K, committed 704K, reserved 1048576K
}
Event: 326.803 GC heap before
{Heap before GC invocations=102 (full 0):
 garbage-first heap   total reserved 4194304K, committed 1361920K, used 1224078K [0x0000000700000000, 0x0000000800000000)
  region size 2048K, 399 young (817152K), 15 survivors (30720K)
 Metaspace       used 6004K, committed 6208K, reserved 1114112K
  class space    used 592K, committed 704K, reserved 1048576K
}
Event: 326.806 GC heap after
{Heap after GC invocations=103 (full 0):
 garbage-first heap   total reserved 4194304K, committed 1361920K, used 438370K [0x0000000700000000, 0x0000000800000000)
  region size 2048K, 15 young (30720K), 15 survivors (30720K)
 Metaspace       used 6004K, committed 6208K, reserved 1114112K
  class space    used 592K, committed 704K, reserved 1048576K
}
Event: 333.189 GC heap before
{Heap before GC invocations=103 (full 0):
 garbage-first heap   total reserved 4194304K, committed 1361920K, used 1222754K [0x0000000700000000, 0x0000000800000000)
  region size 2048K, 399 young (817152K), 15 survivors (30720K)
 Metaspace       used 6016K, committed 6208K, reserved 1114112K
  class space    used 592K, committed 704K, reserved 1048576K
}
Event: 333.190 GC heap after
{Heap after GC invocations=104 (full 0):
 garbage-first heap   total reserved 4194304K, committed 1361920K, used 415765K [0x0000000700000000, 0x0000000800000000)
  region size 2048K, 4 young (8192K), 4 survivors (8192K)
 Metaspace       used 6016K, committed 6208K, reserved 1114112K
  class space    used 592K, committed 704K, reserved 1048576K
}
Event: 350.971 GC heap before
{Heap before GC invocations=104 (full 0):
 garbage-first heap   total reserved 4194304K, committed 1361920K, used 1355797K [0x0000000700000000, 0x0000000800000000)
  region size 2048K, 375 young (768000K), 4 survivors (8192K)
 Metaspace       used 6017K, committed 6272K, reserved 1114112K
  class space    used 592K, committed 704K, reserved 1048576K
}
Event: 350.974 GC heap after
{Heap after GC invocations=105 (full 0):
 garbage-first heap   total reserved 4194304K, committed 1366016K, used 412498K [0x0000000700000000, 0x0000000800000000)
  region size 2048K, 2 young (4096K), 2 survivors (4096K)
 Metaspace       used 6017K, committed 6272K, reserved 1114112K
  class space    used 592K, committed 704K, reserved 1048576K
}
Event: 357.336 GC heap before
{Heap before GC invocations=105 (full 0):
 garbage-first heap   total reserved 4194304K, committed 1366016K, used 1225554K [0x0000000700000000, 0x0000000800000000)
  region size 2048K, 400 young (819200K), 2 survivors (4096K)
 Metaspace       used 6043K, committed 6272K, reserved 1114112K
  class space    used 592K, committed 704K, reserved 1048576K
}
Event: 357.345 GC heap after
{Heap after GC invocations=106 (full 0):
 garbage-first heap   total reserved 4194304K, committed 1366016K, used 432169K [0x0000000700000000, 0x0000000800000000)
  region size 2048K, 12 young (24576K), 12 survivors (24576K)
 Metaspace       used 6043K, committed 6272K, reserved 1114112K
  class space    used 592K, committed 704K, reserved 1048576K
}
Event: 372.438 GC heap before
{Heap before GC invocations=106 (full 0):
 garbage-first heap   total reserved 4194304K, committed 1366016K, used 1267753K [0x0000000700000000, 0x0000000800000000)
  region size 2048K, 400 young (819200K), 12 survivors (24576K)
 Metaspace       used 6044K, committed 6272K, reserved 1114112K
  class space    used 592K, committed 704K, reserved 1048576K
}
Event: 372.442 GC heap after
{Heap after GC invocations=107 (full 0):
 garbage-first heap   total reserved 4194304K, committed 1366016K, used 440187K [0x0000000700000000, 0x0000000800000000)
  region size 2048K, 14 young (28672K), 14 survivors (28672K)
 Metaspace       used 6044K, committed 6272K, reserved 1114112K
  class space    used 592K, committed 704K, reserved 1048576K
}

Dll operation events (7 events):
Event: 0.004 Loaded shared library /Users/ikuya/.local/share/mise/installs/java/22.0.2/lib/libjava.dylib
Event: 0.032 Loaded shared library /Users/ikuya/.local/share/mise/installs/java/22.0.2/lib/libnio.dylib
Event: 0.035 Loaded shared library /Users/ikuya/.local/share/mise/installs/java/22.0.2/lib/libzip.dylib
Event: 0.067 Loaded shared library /Users/ikuya/.local/share/mise/installs/java/22.0.2/lib/libjimage.dylib
Event: 0.314 Loaded shared library /Users/ikuya/.local/share/mise/installs/java/22.0.2/lib/libverify.dylib
Event: 0.464 Loaded shared library /Users/ikuya/.tree-sitter/lib/aarch64-macos-tree-sitter.dylib
Event: 0.468 Loaded shared library /Users/ikuya/.tree-sitter/lib/aarch64-macos-tree-sitter-go.dylib

Deoptimization events (20 events):
Event: 320.880 Thread 0x000000011d014e00 DEOPT PACKING pc=0x000000012fbe2c64 sp=0x000000016fae2460
Event: 320.880 Thread 0x000000011d014e00 DEOPT UNPACKING pc=0x000000012f57701c sp=0x000000016fae21f0 mode 2
Event: 320.884 Thread 0x000000011d014e00 DEOPT PACKING pc=0x000000012841a828 sp=0x000000016fae2460
Event: 320.884 Thread 0x000000011d014e00 DEOPT UNPACKING pc=0x000000012f576e7c sp=0x000000016fae2120 mode 0
Event: 321.400 Thread 0x000000011d014e00 DEOPT PACKING pc=0x000000012841a828 sp=0x000000016fae2460
Event: 321.400 Thread 0x000000011d014e00 DEOPT UNPACKING pc=0x000000012f576e7c sp=0x000000016fae2120 mode 0
Event: 321.403 Thread 0x000000011d014e00 DEOPT PACKING pc=0x000000012841a828 sp=0x000000016fae2460
Event: 321.403 Thread 0x000000011d014e00 DEOPT UNPACKING pc=0x000000012f576e7c sp=0x000000016fae2120 mode 0
Event: 326.697 Thread 0x000000011d014e00 DEOPT PACKING pc=0x000000012841a828 sp=0x000000016fae2460
Event: 326.697 Thread 0x000000011d014e00 DEOPT UNPACKING pc=0x000000012f576e7c sp=0x000000016fae2120 mode 0
Event: 326.706 Thread 0x000000011d014e00 DEOPT PACKING pc=0x000000012841a828 sp=0x000000016fae2460
Event: 326.706 Thread 0x000000011d014e00 DEOPT UNPACKING pc=0x000000012f576e7c sp=0x000000016fae2120 mode 0
Event: 328.445 Thread 0x000000011d014e00 Uncommon trap: trap_request=0xffffff45 fr.pc=0x000000012fbf0d2c relative=0x0000000000000fac
Event: 328.445 Thread 0x000000011d014e00 Uncommon trap: reason=unstable_if action=reinterpret pc=0x000000012fbf0d2c method=java.util.HashMap.putVal(ILjava/lang/Object;Ljava/lang/Object;ZZ)Ljava/lang/Object; @ 109 c2
Event: 328.445 Thread 0x000000011d014e00 DEOPT PACKING pc=0x000000012fbf0d2c sp=0x000000016fae2340
Event: 328.445 Thread 0x000000011d014e00 DEOPT UNPACKING pc=0x000000012f57701c sp=0x000000016fae2290 mode 2
Event: 352.249 Thread 0x000000011d014e00 Uncommon trap: trap_request=0xffffff45 fr.pc=0x000000012fc5ccc0 relative=0x0000000000000100
Event: 352.249 Thread 0x000000011d014e00 Uncommon trap: reason=unstable_if action=reinterpret pc=0x000000012fc5ccc0 method=org.eclipse.jgit.lib.ObjectIdOwnerMap.get(Lorg/eclipse/jgit/lib/AnyObjectId;)Lorg/eclipse/jgit/lib/ObjectIdOwnerMap$Entry; @ 31 c2
Event: 352.249 Thread 0x000000011d014e00 DEOPT PACKING pc=0x000000012fc5ccc0 sp=0x000000016fae2510
Event: 352.249 Thread 0x000000011d014e00 DEOPT UNPACKING pc=0x000000012f57701c sp=0x000000016fae24a0 mode 2

Classes loaded (20 events):
Event: 0.769 Loading class java/util/concurrent/Executors$RunnableAdapter
Event: 0.769 Loading class java/util/concurrent/Executors$RunnableAdapter done
Event: 0.780 Loading class java/lang/UnsatisfiedLinkError
Event: 0.780 Loading class java/lang/UnsatisfiedLinkError done
Event: 1.400 Loading class jdk/internal/module/ModulePatcher$PatchedModuleReader
Event: 1.400 Loading class jdk/internal/module/ModulePatcher$PatchedModuleReader done
Event: 1.400 Loading class sun/net/www/protocol/jrt/Handler
Event: 1.400 Loading class sun/net/www/protocol/jrt/Handler done
Event: 1.403 Loading class sun/util/locale/provider/BaseLocaleDataMetaInfo
Event: 1.403 Loading class sun/util/locale/provider/BaseLocaleDataMetaInfo done
Event: 1.404 Loading class sun/util/resources/LocaleData$CommonResourceBundleProvider
Event: 1.404 Loading class sun/util/resources/LocaleData$LocaleDataResourceBundleProvider
Event: 1.404 Loading class java/util/spi/ResourceBundleProvider
Event: 1.404 Loading class java/util/spi/ResourceBundleProvider done
Event: 1.404 Loading class sun/util/resources/LocaleData$LocaleDataResourceBundleProvider done
Event: 1.404 Loading class sun/util/resources/LocaleData$CommonResourceBundleProvider done
Event: 1.405 Loading class sun/text/resources/cldr/FormatData_en
Event: 1.405 Loading class sun/text/resources/cldr/FormatData_en done
Event: 285.140 Loading class java/lang/foreign/MemorySegment
Event: 285.142 Loading class java/lang/foreign/MemorySegment done

Classes unloaded (0 events):
No events

Classes redefined (0 events):
No events

Internal exceptions (20 events):
Event: 360.432 Thread 0x000000011d014e00 Exception <a 'sun/nio/fs/UnixException'{0x0000000739913340}> (0x0000000739913340) 
thrown [open/src/hotspot/share/prims/jni.cpp, line 520]
Event: 360.432 Thread 0x000000011d014e00 Exception <a 'java/io/FileNotFoundException'{0x0000000739913780}> (0x0000000739913780) 
thrown [open/src/hotspot/share/prims/jni.cpp, line 520]
Event: 360.432 Thread 0x000000011d014e00 Exception <a 'sun/nio/fs/UnixException'{0x0000000739914060}> (0x0000000739914060) 
thrown [open/src/hotspot/share/prims/jni.cpp, line 520]
Event: 360.432 Thread 0x000000011d014e00 Exception <a 'java/io/FileNotFoundException'{0x00000007399144a8}> (0x00000007399144a8) 
thrown [open/src/hotspot/share/prims/jni.cpp, line 520]
Event: 360.442 Thread 0x000000011d014e00 Exception <a 'sun/nio/fs/UnixException'{0x0000000737b96b10}> (0x0000000737b96b10) 
thrown [open/src/hotspot/share/prims/jni.cpp, line 520]
Event: 363.904 Thread 0x000000011d014e00 Exception <a 'sun/nio/fs/UnixException'{0x00000007259c2858}> (0x00000007259c2858) 
thrown [open/src/hotspot/share/prims/jni.cpp, line 520]
Event: 363.904 Thread 0x000000011d014e00 Exception <a 'java/io/FileNotFoundException'{0x00000007259c2c28}> (0x00000007259c2c28) 
thrown [open/src/hotspot/share/prims/jni.cpp, line 520]
Event: 363.904 Thread 0x000000011d014e00 Exception <a 'sun/nio/fs/UnixException'{0x00000007259ccbc8}> (0x00000007259ccbc8) 
thrown [open/src/hotspot/share/prims/jni.cpp, line 520]
Event: 363.904 Thread 0x000000011d014e00 Exception <a 'sun/nio/fs/UnixException'{0x00000007259d44e0}> (0x00000007259d44e0) 
thrown [open/src/hotspot/share/prims/jni.cpp, line 520]
Event: 363.904 Thread 0x000000011d014e00 Exception <a 'sun/nio/fs/UnixException'{0x00000007259d4b30}> (0x00000007259d4b30) 
thrown [open/src/hotspot/share/prims/jni.cpp, line 520]
Event: 363.904 Thread 0x000000011d014e00 Exception <a 'java/io/FileNotFoundException'{0x00000007259d4f68}> (0x00000007259d4f68) 
thrown [open/src/hotspot/share/prims/jni.cpp, line 520]
Event: 363.904 Thread 0x000000011d014e00 Exception <a 'sun/nio/fs/UnixException'{0x00000007259d57f8}> (0x00000007259d57f8) 
thrown [open/src/hotspot/share/prims/jni.cpp, line 520]
Event: 363.904 Thread 0x000000011d014e00 Exception <a 'java/io/FileNotFoundException'{0x00000007259d5c38}> (0x00000007259d5c38) 
thrown [open/src/hotspot/share/prims/jni.cpp, line 520]
Event: 363.904 Thread 0x000000011d014e00 Exception <a 'sun/nio/fs/UnixException'{0x00000007259d64f0}> (0x00000007259d64f0) 
thrown [open/src/hotspot/share/prims/jni.cpp, line 520]
Event: 363.904 Thread 0x000000011d014e00 Exception <a 'java/io/FileNotFoundException'{0x00000007259d6930}> (0x00000007259d6930) 
thrown [open/src/hotspot/share/prims/jni.cpp, line 520]
Event: 363.904 Thread 0x000000011d014e00 Exception <a 'sun/nio/fs/UnixException'{0x00000007259d71f8}> (0x00000007259d71f8) 
thrown [open/src/hotspot/share/prims/jni.cpp, line 520]
Event: 363.904 Thread 0x000000011d014e00 Exception <a 'java/io/FileNotFoundException'{0x00000007259d7638}> (0x00000007259d7638) 
thrown [open/src/hotspot/share/prims/jni.cpp, line 520]
Event: 363.904 Thread 0x000000011d014e00 Exception <a 'sun/nio/fs/UnixException'{0x00000007259d7f18}> (0x00000007259d7f18) 
thrown [open/src/hotspot/share/prims/jni.cpp, line 520]
Event: 363.904 Thread 0x000000011d014e00 Exception <a 'java/io/FileNotFoundException'{0x00000007259d8360}> (0x00000007259d8360) 
thrown [open/src/hotspot/share/prims/jni.cpp, line 520]
Event: 363.912 Thread 0x000000011d014e00 Exception <a 'sun/nio/fs/UnixException'{0x000000072385f940}> (0x000000072385f940) 
thrown [open/src/hotspot/share/prims/jni.cpp, line 520]

ZGC Phase Switch (0 events):
No events

VM Operations (20 events):
Event: 326.803 Executing VM operation: G1CollectForAllocation (G1 Evacuation Pause)
Event: 326.806 Executing VM operation: G1CollectForAllocation (G1 Evacuation Pause) done
Event: 327.811 Executing VM operation: Cleanup
Event: 327.811 Executing VM operation: Cleanup done
Event: 333.189 Executing VM operation: G1CollectForAllocation (G1 Evacuation Pause)
Event: 333.190 Executing VM operation: G1CollectForAllocation (G1 Evacuation Pause) done
Event: 334.193 Executing VM operation: Cleanup
Event: 334.193 Executing VM operation: Cleanup done
Event: 350.971 Executing VM operation: G1CollectForAllocation (G1 Evacuation Pause)
Event: 350.974 Executing VM operation: G1CollectForAllocation (G1 Evacuation Pause) done
Event: 351.979 Executing VM operation: Cleanup
Event: 351.979 Executing VM operation: Cleanup done
Event: 357.336 Executing VM operation: G1CollectForAllocation (G1 Evacuation Pause)
Event: 357.345 Executing VM operation: G1CollectForAllocation (G1 Evacuation Pause) done
Event: 358.349 Executing VM operation: Cleanup
Event: 358.349 Executing VM operation: Cleanup done
Event: 361.362 Executing VM operation: Cleanup
Event: 361.362 Executing VM operation: Cleanup done
Event: 372.438 Executing VM operation: G1CollectForAllocation (G1 Evacuation Pause)
Event: 372.442 Executing VM operation: G1CollectForAllocation (G1 Evacuation Pause) done

Memory protections (18 events):
Event: 0.003 Protecting memory [0x000000016f8e0000,0x000000016f8ec000] with protection modes 0
Event: 0.020 Protecting memory [0x0000000170a58000,0x0000000170a64000] with protection modes 0
Event: 0.020 Protecting memory [0x0000000170c64000,0x0000000170c70000] with protection modes 0
Event: 0.020 Protecting memory [0x0000000170e70000,0x0000000170e7c000] with protection modes 0
Event: 0.020 Protecting memory [0x000000017107c000,0x0000000171088000] with protection modes 0
Event: 0.020 Protecting memory [0x0000000171288000,0x0000000171294000] with protection modes 0
Event: 0.020 Protecting memory [0x0000000171494000,0x00000001714a0000] with protection modes 0
Event: 0.020 Protecting memory [0x00000001716a0000,0x00000001716ac000] with protection modes 0
Event: 0.025 Protecting memory [0x00000001718ac000,0x00000001718b8000] with protection modes 0
Event: 0.027 Protecting memory [0x0000000171ab8000,0x0000000171ac4000] with protection modes 0
Event: 0.233 Protecting memory [0x0000000171cc4000,0x0000000171cd0000] with protection modes 0
Event: 0.331 Protecting memory [0x0000000171d04000,0x0000000171d10000] with protection modes 0
Event: 0.344 Protecting memory [0x0000000171d04000,0x0000000171d10000] with protection modes 3
Event: 0.346 Protecting memory [0x0000000171d04000,0x0000000171d10000] with protection modes 0
Event: 0.361 Protecting memory [0x0000000171d04000,0x0000000171d10000] with protection modes 3
Event: 0.465 Protecting memory [0x0000000172740000,0x000000017274c000] with protection modes 0
Event: 0.769 Protecting memory [0x000000017294c000,0x0000000172958000] with protection modes 0
Event: 60.361 Protecting memory [0x0000000171cc4000,0x0000000171cd0000] with protection modes 3

Nmethod flushes (0 events):
No events

Events (18 events):
Event: 0.011 Thread 0x000000011d014e00 Thread added: 0x000000011d014e00
Event: 0.020 Thread 0x000000011d014e00 Thread added: 0x000000011f00ec00
Event: 0.020 Thread 0x000000011d014e00 Thread added: 0x000000011d818e00
Event: 0.020 Thread 0x000000011d014e00 Thread added: 0x000000011f011800
Event: 0.020 Thread 0x000000011d014e00 Thread added: 0x000000011f012000
Event: 0.020 Thread 0x000000011d014e00 Thread added: 0x000000011f012800
Event: 0.020 Thread 0x000000011d014e00 Thread added: 0x000000011f013000
Event: 0.020 Thread 0x000000011d014e00 Thread added: 0x000000011f013800
Event: 0.025 Thread 0x000000011d014e00 Thread added: 0x000000011d81e400
Event: 0.027 Thread 0x000000011d014e00 Thread added: 0x000000011d0b2800
Event: 0.233 Thread 0x000000011d014e00 Thread added: 0x000000011c092400
Event: 0.331 Thread 0x000000011d014e00 Thread added: 0x000000011f0e7a00
Event: 0.344 Thread 0x000000011f0e7a00 Thread exited: 0x000000011f0e7a00
Event: 0.346 Thread 0x000000011d014e00 Thread added: 0x000000011d176800
Event: 0.361 Thread 0x000000011d176800 Thread exited: 0x000000011d176800
Event: 0.465 Thread 0x000000011d014e00 Thread added: 0x000000011d9aa800
Event: 0.769 Thread 0x000000011d014e00 Thread added: 0x000000011c090a00
Event: 60.362 Thread 0x000000011c092400 Thread exited: 0x000000011c092400


Dynamic libraries:
0x0000000100a34000 	/Users/ikuya/.local/share/mise/installs/java/22.0.2/lib/libjli.dylib
0x000000019ca0f000 	/System/Library/Frameworks/Cocoa.framework/Versions/A/Cocoa
0x0000000185fb6000 	/System/Library/Frameworks/AppKit.framework/Versions/C/AppKit
0x0000000189022000 	/System/Library/Frameworks/CoreData.framework/Versions/A/CoreData
0x0000000183869000 	/System/Library/Frameworks/Foundation.framework/Versions/C/Foundation
0x000000018f330000 	/usr/lib/libSystem.B.dylib
0x00000001872f3000 	/System/Library/PrivateFrameworks/UIFoundation.framework/Versions/A/UIFoundation
0x000000021ded3000 	/System/Library/PrivateFrameworks/CollectionViewCore.framework/Versions/A/CollectionViewCore
0x00000001965a9000 	/System/Library/PrivateFrameworks/RemoteViewServices.framework/Versions/A/RemoteViewServices
0x000000018d1dd000 	/System/Library/PrivateFrameworks/XCTTargetBootstrap.framework/Versions/A/XCTTargetBootstrap
0x000000019196c000 	/System/Library/PrivateFrameworks/InternationalSupport.framework/Versions/A/InternationalSupport
0x00000001919c0000 	/System/Library/PrivateFrameworks/UserActivity.framework/Versions/A/UserActivity
0x000000024232a000 	/System/Library/PrivateFrameworks/WindowManagement.framework/Versions/A/WindowManagement
0x00000001834e9000 	/System/Library/Frameworks/SystemConfiguration.framework/Versions/A/SystemConfiguration
0x0000000190dda000 	/usr/lib/libspindump.dylib
0x00000001874a8000 	/System/Library/Frameworks/UniformTypeIdentifiers.framework/Versions/A/UniformTypeIdentifiers
0x000000018b054000 	/usr/lib/libapp_launch_measurement.dylib
0x000000018a47a000 	/System/Library/PrivateFrameworks/CoreAnalytics.framework/Versions/A/CoreAnalytics
0x000000018b05b000 	/System/Library/PrivateFrameworks/CoreAutoLayout.framework/Versions/A/CoreAutoLayout
0x000000018c9fd000 	/System/Library/Frameworks/Metal.framework/Versions/A/Metal
0x000000018d985000 	/usr/lib/liblangid.dylib
0x000000018d1e3000 	/System/Library/PrivateFrameworks/CoreSVG.framework/Versions/A/CoreSVG
0x0000000187e6d000 	/System/Library/PrivateFrameworks/SkyLight.framework/Versions/A/SkyLight
0x000000018830e000 	/System/Library/Frameworks/CoreGraphics.framework/Versions/A/CoreGraphics
0x0000000196c83000 	/System/Library/Frameworks/Accelerate.framework/Versions/A/Accelerate
0x0000000190c34000 	/System/Library/PrivateFrameworks/IconServices.framework/Versions/A/IconServices
0x000000018c9db000 	/System/Library/Frameworks/IOSurface.framework/Versions/A/IOSurface
0x000000018a4a9000 	/usr/lib/libDiagnosticMessagesClient.dylib
0x000000018f272000 	/usr/lib/libz.1.dylib
0x000000019a428000 	/System/Library/Frameworks/ApplicationServices.framework/Versions/A/ApplicationServices
0x000000018d1c5000 	/System/Library/PrivateFrameworks/DFRFoundation.framework/Versions/A/DFRFoundation
0x0000000185810000 	/usr/lib/libicucore.A.dylib
0x00000001929ca000 	/System/Library/Frameworks/AudioToolbox.framework/Versions/A/AudioToolbox
0x000000019197b000 	/System/Library/PrivateFrameworks/DataDetectorsCore.framework/Versions/A/DataDetectorsCore
0x00000001ab3ee000 	/System/Library/PrivateFrameworks/TextInput.framework/Versions/A/TextInput
0x0000000187dbe000 	/usr/lib/libMobileGestalt.dylib
0x000000018cf01000 	/System/Library/Frameworks/Carbon.framework/Versions/A/Frameworks/HIToolbox.framework/Versions/A/HIToolbox
0x000000018a980000 	/System/Library/Frameworks/QuartzCore.framework/Versions/A/QuartzCore
0x000000018543d000 	/System/Library/Frameworks/Security.framework/Versions/A/Security
0x00000001965e9000 	/System/Library/Frameworks/Carbon.framework/Versions/A/Frameworks/SpeechRecognition.framework/Versions/A/SpeechRecognition
0x000000018ad82000 	/System/Library/PrivateFrameworks/CoreUI.framework/Versions/A/CoreUI
0x0000000184d36000 	/System/Library/Frameworks/CoreAudio.framework/Versions/A/CoreAudio
0x000000018a58d000 	/System/Library/Frameworks/DiskArbitration.framework/Versions/A/DiskArbitration
0x0000000191236000 	/System/Library/PrivateFrameworks/MultitouchSupport.framework/Versions/A/MultitouchSupport
0x0000000187dbc000 	/usr/lib/libenergytrace.dylib
0x00000001a0ae7000 	/System/Library/PrivateFrameworks/RenderBox.framework/Versions/A/RenderBox
0x0000000185e6a000 	/System/Library/Frameworks/IOKit.framework/Versions/A/IOKit
0x00000001969be000 	/System/Library/Frameworks/CoreServices.framework/Versions/A/CoreServices
0x000000018afe0000 	/System/Library/PrivateFrameworks/PerformanceAnalysis.framework/Versions/A/PerformanceAnalysis
0x00000001d9393000 	/System/Library/Frameworks/OpenGL.framework/Versions/A/OpenGL
0x000000018b0a5000 	/usr/lib/libxml2.2.dylib
0x000000018e6b4000 	/System/Library/PrivateFrameworks/MobileKeyBag.framework/Versions/A/MobileKeyBag
0x00000001822d4000 	/usr/lib/libobjc.A.dylib
0x00000001825c8000 	/usr/lib/libc++.1.dylib
0x000000019693b000 	/System/Library/Frameworks/Accessibility.framework/Versions/A/Accessibility
0x00000001889ee000 	/System/Library/Frameworks/ColorSync.framework/Versions/A/ColorSync
0x0000000182714000 	/System/Library/Frameworks/CoreFoundation.framework/Versions/A/CoreFoundation
0x000000018d540000 	/System/Library/Frameworks/CoreImage.framework/Versions/A/CoreImage
0x0000000184b41000 	/System/Library/Frameworks/CoreText.framework/Versions/A/CoreText
0x00000001ddbf2000 	/System/Library/Frameworks/CoreTransferable.framework/Versions/A/CoreTransferable
0x00000001de0b7000 	/System/Library/Frameworks/DeveloperToolsSupport.framework/Versions/A/DeveloperToolsSupport
0x000000018d21e000 	/System/Library/Frameworks/ImageIO.framework/Versions/A/ImageIO
0x0000000218073000 	/System/Library/Frameworks/Symbols.framework/Versions/A/Symbols
0x000000018f336000 	/System/Library/PrivateFrameworks/SoftLinking.framework/Versions/A/SoftLinking
0x000000019237c000 	/usr/lib/swift/libswiftCore.dylib
0x00000001a807b000 	/usr/lib/swift/libswiftCoreFoundation.dylib
0x00000001a5ae4000 	/usr/lib/swift/libswiftCoreGraphics.dylib
0x00000001a80c5000 	/usr/lib/swift/libswiftCoreImage.dylib
0x00000001a5aeb000 	/usr/lib/swift/libswiftDarwin.dylib
0x000000019802e000 	/usr/lib/swift/libswiftDispatch.dylib
0x00000001a80c6000 	/usr/lib/swift/libswiftIOKit.dylib
0x00000001b3b20000 	/usr/lib/swift/libswiftMetal.dylib
0x00000001c11e5000 	/usr/lib/swift/libswiftOSLog.dylib
0x000000019a8a3000 	/usr/lib/swift/libswiftObjectiveC.dylib
0x00000001b8254000 	/usr/lib/swift/libswiftQuartzCore.dylib
0x00000001bc359000 	/usr/lib/swift/libswiftUniformTypeIdentifiers.dylib
0x00000001a808d000 	/usr/lib/swift/libswiftXPC.dylib
0x000000024a7d1000 	/usr/lib/swift/libswift_Concurrency.dylib
0x000000019a8a7000 	/usr/lib/swift/libswiftos.dylib
0x00000001ab352000 	/usr/lib/swift/libswiftsimd.dylib
0x000000018f4e5000 	/usr/lib/libcompression.dylib
0x00000001918c6000 	/System/Library/PrivateFrameworks/TextureIO.framework/Versions/A/TextureIO
0x00000001908e0000 	/usr/lib/libate.dylib
0x000000018f32a000 	/usr/lib/system/libcache.dylib
0x000000018f2e4000 	/usr/lib/system/libcommonCrypto.dylib
0x000000018f310000 	/usr/lib/system/libcompiler_rt.dylib
0x000000018f306000 	/usr/lib/system/libcopyfile.dylib
0x0000000182418000 	/usr/lib/system/libcorecrypto.dylib
0x00000001824fe000 	/usr/lib/system/libdispatch.dylib
0x00000001826b9000 	/usr/lib/system/libdyld.dylib
0x000000018f320000 	/usr/lib/system/libkeymgr.dylib
0x000000018f2bc000 	/usr/lib/system/libmacho.dylib
0x000000018e79c000 	/usr/lib/system/libquarantine.dylib
0x000000018f31d000 	/usr/lib/system/libremovefile.dylib
0x0000000187e34000 	/usr/lib/system/libsystem_asl.dylib
0x00000001823ad000 	/usr/lib/system/libsystem_blocks.dylib
0x0000000182549000 	/usr/lib/system/libsystem_c.dylib
0x000000018f314000 	/usr/lib/system/libsystem_collections.dylib
0x000000018d974000 	/usr/lib/system/libsystem_configuration.dylib
0x000000018c9b0000 	/usr/lib/system/libsystem_containermanager.dylib
0x000000018ef53000 	/usr/lib/system/libsystem_coreservices.dylib
0x0000000185ad7000 	/usr/lib/system/libsystem_darwin.dylib
0x000000024ab1e000 	/usr/lib/system/libsystem_darwindirectory.dylib
0x000000018f321000 	/usr/lib/system/libsystem_dnssd.dylib
0x000000024ab22000 	/usr/lib/system/libsystem_eligibility.dylib
0x0000000182546000 	/usr/lib/system/libsystem_featureflags.dylib
0x00000001826e7000 	/usr/lib/system/libsystem_info.dylib
0x000000018f281000 	/usr/lib/system/libsystem_m.dylib
0x00000001824c1000 	/usr/lib/system/libsystem_malloc.dylib
0x0000000187da1000 	/usr/lib/system/libsystem_networkextension.dylib
0x0000000185f4d000 	/usr/lib/system/libsystem_notify.dylib
0x000000018d979000 	/usr/lib/system/libsystem_sandbox.dylib
0x000000024ab26000 	/usr/lib/system/libsystem_sanitizers.dylib
0x000000018f319000 	/usr/lib/system/libsystem_secinit.dylib
0x0000000182671000 	/usr/lib/system/libsystem_kernel.dylib
0x00000001826df000 	/usr/lib/system/libsystem_platform.dylib
0x00000001826ac000 	/usr/lib/system/libsystem_pthread.dylib
0x0000000189824000 	/usr/lib/system/libsystem_symptoms.dylib
0x00000001823fd000 	/usr/lib/system/libsystem_trace.dylib
0x000000018f2f2000 	/usr/lib/system/libunwind.dylib
0x00000001823b2000 	/usr/lib/system/libxpc.dylib
0x0000000182655000 	/usr/lib/libc++abi.dylib
0x000000018f2fe000 	/usr/lib/liboah.dylib
0x000000019078c000 	/usr/lib/liblzma.5.dylib
0x000000018f332000 	/usr/lib/libfakelink.dylib
0x00000001879cd000 	/System/Library/Frameworks/CFNetwork.framework/Versions/A/CFNetwork
0x000000018f386000 	/usr/lib/libarchive.2.dylib
0x00000001948bc000 	/System/Library/Frameworks/Combine.framework/Versions/A/Combine
0x000000021dee7000 	/System/Library/PrivateFrameworks/CollectionsInternal.framework/Versions/A/CollectionsInternal
0x0000000234897000 	/System/Library/PrivateFrameworks/ReflectionInternal.framework/Versions/A/ReflectionInternal
0x0000000234e29000 	/System/Library/PrivateFrameworks/RuntimeInternal.framework/Versions/A/RuntimeInternal
0x000000024a925000 	/usr/lib/swift/libswift_StringProcessing.dylib
0x0000000185de8000 	/System/Library/PrivateFrameworks/CoreServicesInternal.framework/Versions/A/CoreServicesInternal
0x000000018e7c3000 	/usr/lib/libbsm.0.dylib
0x000000018f2c4000 	/usr/lib/system/libkxld.dylib
0x000000018b01c000 	/System/Library/Frameworks/CoreServices.framework/Versions/A/Frameworks/FSEvents.framework/Versions/A/FSEvents
0x0000000185ae2000 	/System/Library/Frameworks/CoreServices.framework/Versions/A/Frameworks/CarbonCore.framework/Versions/A/CarbonCore
0x000000018a4f2000 	/System/Library/Frameworks/CoreServices.framework/Versions/A/Frameworks/Metadata.framework/Versions/A/Metadata
0x000000018ef59000 	/System/Library/Frameworks/CoreServices.framework/Versions/A/Frameworks/OSServices.framework/Versions/A/OSServices
0x000000018f40f000 	/System/Library/Frameworks/CoreServices.framework/Versions/A/Frameworks/SearchKit.framework/Versions/A/SearchKit
0x00000001897a5000 	/System/Library/Frameworks/CoreServices.framework/Versions/A/Frameworks/AE.framework/Versions/A/AE
0x0000000182bed000 	/System/Library/Frameworks/CoreServices.framework/Versions/A/Frameworks/LaunchServices.framework/Versions/A/LaunchServices
0x0000000190735000 	/System/Library/Frameworks/CoreServices.framework/Versions/A/Frameworks/DictionaryServices.framework/Versions/A/DictionaryServices
0x000000018b029000 	/System/Library/Frameworks/CoreServices.framework/Versions/A/Frameworks/SharedFileList.framework/Versions/A/SharedFileList
0x000000018f4af000 	/usr/lib/libapple_nghttp2.dylib
0x0000000189419000 	/usr/lib/libsqlite3.dylib
0x000000018982d000 	/System/Library/Frameworks/Network.framework/Versions/A/Network
0x00000002491e2000 	/usr/lib/libCoreEntitlements.dylib
0x000000022f7a1000 	/System/Library/PrivateFrameworks/MessageSecurity.framework/Versions/A/MessageSecurity
0x00000001893ff000 	/System/Library/PrivateFrameworks/ProtocolBuffer.framework/Versions/A/ProtocolBuffer
0x000000018ee82000 	/System/Library/PrivateFrameworks/AppleFSCompression.framework/Versions/A/AppleFSCompression
0x000000018e7ab000 	/usr/lib/libcoretls.dylib
0x00000001907ab000 	/usr/lib/libcoretls_cfhelpers.dylib
0x000000018f4df000 	/usr/lib/libpam.2.dylib
0x000000019081d000 	/usr/lib/libxar.1.dylib
0x0000000190c0b000 	/usr/lib/libheimdal-asn1.dylib
0x00000001879cc000 	/usr/lib/libnetwork.dylib
0x000000018f337000 	/usr/lib/libpcap.A.dylib
0x0000000189819000 	/usr/lib/libdns_services.dylib
0x000000018d981000 	/System/Library/PrivateFrameworks/AppleSystemInfo.framework/Versions/A/AppleSystemInfo
0x000000018e4a9000 	/System/Library/PrivateFrameworks/IOMobileFramebuffer.framework/Versions/A/IOMobileFramebuffer
0x000000024a87c000 	/usr/lib/swift/libswift_RegexParser.dylib
0x000000018ef46000 	/usr/lib/libbz2.1.0.dylib
0x000000018e79f000 	/usr/lib/libCheckFix.dylib
0x0000000187e4c000 	/System/Library/PrivateFrameworks/TCC.framework/Versions/A/TCC
0x000000018d987000 	/System/Library/PrivateFrameworks/CoreNLP.framework/Versions/A/CoreNLP
0x000000018a4ab000 	/System/Library/PrivateFrameworks/MetadataUtilities.framework/Versions/A/MetadataUtilities
0x000000018e7d5000 	/usr/lib/libmecab.dylib
0x000000018357d000 	/usr/lib/libCRFSuite.dylib
0x000000018e831000 	/usr/lib/libgermantok.dylib
0x000000018f486000 	/usr/lib/libThaiTokenizer.dylib
0x000000018a596000 	/System/Library/Frameworks/Accelerate.framework/Versions/A/Frameworks/vImage.framework/Versions/A/vImage
0x0000000196995000 	/System/Library/Frameworks/Accelerate.framework/Versions/A/Frameworks/vecLib.framework/Versions/A/vecLib
0x0000000190864000 	/System/Library/Frameworks/Accelerate.framework/Versions/A/Frameworks/vecLib.framework/Versions/A/libvMisc.dylib
0x000000018e384000 	/System/Library/Frameworks/Accelerate.framework/Versions/A/Frameworks/vecLib.framework/Versions/A/libvDSP.dylib
0x0000000182ff4000 	/System/Library/Frameworks/Accelerate.framework/Versions/A/Frameworks/vecLib.framework/Versions/A/libBLAS.dylib
0x000000018f5ba000 	/System/Library/Frameworks/Accelerate.framework/Versions/A/Frameworks/vecLib.framework/Versions/A/libLAPACK.dylib
0x000000018e834000 	/System/Library/Frameworks/Accelerate.framework/Versions/A/Frameworks/vecLib.framework/Versions/A/libLinearAlgebra.dylib
0x000000018f4ca000 	/System/Library/Frameworks/Accelerate.framework/Versions/A/Frameworks/vecLib.framework/Versions/A/libSparseBLAS.dylib
0x000000018f5b5000 	/System/Library/Frameworks/Accelerate.framework/Versions/A/Frameworks/vecLib.framework/Versions/A/libQuadrature.dylib
0x000000018dab0000 	/System/Library/Frameworks/Accelerate.framework/Versions/A/Frameworks/vecLib.framework/Versions/A/libBNNS.dylib
0x0000000183482000 	/System/Library/Frameworks/Accelerate.framework/Versions/A/Frameworks/vecLib.framework/Versions/A/libSparse.dylib
0x000000022def0000 	/System/Library/PrivateFrameworks/MIL.framework/Versions/A/MIL
0x000000018f36d000 	/usr/lib/libiconv.2.dylib
0x000000018f2b8000 	/usr/lib/libcharset.1.dylib
0x000000018affc000 	/System/Library/Frameworks/OpenDirectory.framework/Versions/A/Frameworks/CFOpenDirectory.framework/Versions/A/CFOpenDirectory
0x000000018afec000 	/System/Library/Frameworks/OpenDirectory.framework/Versions/A/OpenDirectory
0x00000001907ad000 	/System/Library/PrivateFrameworks/APFS.framework/Versions/A/APFS
0x000000018e6db000 	/System/Library/Frameworks/SecurityFoundation.framework/Versions/A/SecurityFoundation
0x000000019082c000 	/usr/lib/libutil.dylib
0x000000022c051000 	/System/Library/PrivateFrameworks/InstalledContentLibrary.framework/Versions/A/InstalledContentLibrary
0x0000000185e29000 	/System/Library/PrivateFrameworks/CoreServicesStore.framework/Versions/A/CoreServicesStore
0x000000021b694000 	/System/Library/PrivateFrameworks/AppleMobileFileIntegrity.framework/Versions/A/AppleMobileFileIntegrity
0x00000001a8049000 	/usr/lib/libmis.dylib
0x00000001b873b000 	/System/Library/PrivateFrameworks/MobileSystemServices.framework/Versions/A/MobileSystemServices
0x00000001d679d000 	/System/Library/PrivateFrameworks/ConfigProfileHelper.framework/Versions/A/ConfigProfileHelper
0x000000018f488000 	/System/Library/PrivateFrameworks/AppleSauce.framework/Versions/A/AppleSauce
0x00000001844c7000 	/System/Library/PrivateFrameworks/LanguageModeling.framework/Versions/A/LanguageModeling
0x0000000190830000 	/usr/lib/libxslt.1.dylib
0x000000018f374000 	/usr/lib/libcmph.dylib
0x000000018e475000 	/System/Library/PrivateFrameworks/CoreEmoji.framework/Versions/A/CoreEmoji
0x000000018daaa000 	/System/Library/PrivateFrameworks/LinguisticData.framework/Versions/A/LinguisticData
0x0000000183390000 	/System/Library/PrivateFrameworks/Lexicon.framework/Versions/A/Lexicon
0x000000018e769000 	/System/Library/PrivateFrameworks/BackgroundTaskManagement.framework/Versions/A/BackgroundTaskManagement
0x00000002493cc000 	/usr/lib/libTLE.dylib
0x00000001910fc000 	/System/Library/PrivateFrameworks/AppleJPEG.framework/Versions/A/AppleJPEG
0x0000000190bf0000 	/usr/lib/libexpat.1.dylib
0x0000000191724000 	/System/Library/Frameworks/ImageIO.framework/Versions/A/Resources/libPng.dylib
0x000000019174f000 	/System/Library/Frameworks/ImageIO.framework/Versions/A/Resources/libTIFF.dylib
0x000000019183a000 	/System/Library/Frameworks/ImageIO.framework/Versions/A/Resources/libGIF.dylib
0x0000000191142000 	/System/Library/Frameworks/ImageIO.framework/Versions/A/Resources/libJP2.dylib
0x00000001917df000 	/System/Library/Frameworks/ImageIO.framework/Versions/A/Resources/libJPEG.dylib
0x00000001917d6000 	/System/Library/Frameworks/ImageIO.framework/Versions/A/Resources/libRadiance.dylib
0x000000018cd9c000 	/System/Library/PrivateFrameworks/FontServices.framework/libFontParser.dylib
0x000000018973e000 	/System/Library/PrivateFrameworks/RunningBoardServices.framework/Versions/A/RunningBoardServices
0x000000019d2e9000 	/System/Library/PrivateFrameworks/IOSurfaceAccelerator.framework/Versions/A/IOSurfaceAccelerator
0x0000000191232000 	/System/Library/PrivateFrameworks/WatchdogClient.framework/Versions/A/WatchdogClient
0x00000001846ad000 	/System/Library/Frameworks/CoreDisplay.framework/Versions/A/CoreDisplay
0x000000018cc53000 	/System/Library/Frameworks/CoreMedia.framework/Versions/A/CoreMedia
0x000000018c9f3000 	/System/Library/PrivateFrameworks/IOAccelerator.framework/Versions/A/IOAccelerator
0x000000018b18f000 	/System/Library/Frameworks/CoreVideo.framework/Versions/A/CoreVideo
0x000000018f4dd000 	/System/Library/Frameworks/MetalPerformanceShaders.framework/Versions/A/MetalPerformanceShaders
0x0000000191275000 	/System/Library/Frameworks/VideoToolbox.framework/Versions/A/VideoToolbox
0x000000018b22b000 	/System/Library/PrivateFrameworks/UserManagement.framework/Versions/A/UserManagement
0x0000000189665000 	/System/Library/PrivateFrameworks/BaseBoard.framework/Versions/A/BaseBoard
0x000000018d97f000 	/System/Library/PrivateFrameworks/AggregateDictionary.framework/Versions/A/AggregateDictionary
0x000000021b4ce000 	/System/Library/PrivateFrameworks/AppleKeyStore.framework/Versions/A/AppleKeyStore
0x00000001917d1000 	/System/Library/PrivateFrameworks/GPUWrangler.framework/Versions/A/GPUWrangler
0x00000001917b1000 	/System/Library/PrivateFrameworks/IOPresentment.framework/Versions/A/IOPresentment
0x00000001917d9000 	/System/Library/PrivateFrameworks/DSExternalDisplay.framework/Versions/A/DSExternalDisplay
0x00000002280de000 	/System/Library/PrivateFrameworks/GPUCompiler.framework/Versions/32023/Libraries/libllvm-flatbuffers.dylib
0x00000001d9386000 	/System/Library/Frameworks/OpenGL.framework/Versions/A/Libraries/libCoreFSCache.dylib
0x0000000224d42000 	/System/Library/PrivateFrameworks/GPUCompiler.framework/Versions/32023/Libraries/libGPUCompilerUtils.dylib
0x0000000191840000 	/System/Library/PrivateFrameworks/CMCaptureCore.framework/Versions/A/CMCaptureCore
0x00000001de1da000 	/System/Library/Frameworks/ExtensionFoundation.framework/Versions/A/ExtensionFoundation
0x0000000198897000 	/System/Library/PrivateFrameworks/CoreTime.framework/Versions/A/CoreTime
0x0000000190dc4000 	/System/Library/PrivateFrameworks/AppServerSupport.framework/Versions/A/AppServerSupport
0x0000000193358000 	/System/Library/PrivateFrameworks/perfdata.framework/Versions/A/perfdata
0x00000001847d1000 	/System/Library/PrivateFrameworks/AudioToolboxCore.framework/Versions/A/AudioToolboxCore
0x000000018cc29000 	/System/Library/PrivateFrameworks/caulk.framework/Versions/A/caulk
0x0000000192bc6000 	/usr/lib/libAudioStatistics.dylib
0x00000001a7382000 	/System/Library/PrivateFrameworks/SystemPolicy.framework/Versions/A/SystemPolicy
0x0000000192e9f000 	/usr/lib/libSMC.dylib
0x000000019c891000 	/System/Library/Frameworks/CoreMIDI.framework/Versions/A/CoreMIDI
0x00000001916eb000 	/usr/lib/libAudioToolboxUtility.dylib
0x00000001a2783000 	/System/Library/PrivateFrameworks/OSAServicesClient.framework/Versions/A/OSAServicesClient
0x0000000193366000 	/usr/lib/libperfcheck.dylib
0x000000019834e000 	/System/Library/PrivateFrameworks/BoardServices.framework/Versions/A/BoardServices
0x0000000190ad8000 	/System/Library/PrivateFrameworks/PlugInKit.framework/Versions/A/PlugInKit
0x000000018e6cd000 	/System/Library/PrivateFrameworks/AssertionServices.framework/Versions/A/AssertionServices
0x000000019b9a2000 	/System/Library/PrivateFrameworks/ASEProcessing.framework/Versions/A/ASEProcessing
0x00000001c466c000 	/System/Library/PrivateFrameworks/Symbolication.framework/Versions/A/Symbolication
0x0000000233684000 	/System/Library/PrivateFrameworks/PhotosensitivityProcessing.framework/Versions/A/PhotosensitivityProcessing
0x0000000190d75000 	/System/Library/PrivateFrameworks/GraphVisualizer.framework/Versions/A/GraphVisualizer
0x00000001d93e8000 	/System/Library/Frameworks/OpenGL.framework/Versions/A/Libraries/libGLU.dylib
0x00000001d93a7000 	/System/Library/Frameworks/OpenGL.framework/Versions/A/Libraries/libGFXShared.dylib
0x00000001d9580000 	/System/Library/Frameworks/OpenGL.framework/Versions/A/Libraries/libGL.dylib
0x00000001d93b0000 	/System/Library/Frameworks/OpenGL.framework/Versions/A/Libraries/libGLImage.dylib
0x00000001d93a4000 	/System/Library/Frameworks/OpenGL.framework/Versions/A/Libraries/libCVMSPluginSupport.dylib
0x0000000249384000 	/usr/lib/libRosetta.dylib
0x00000001d938d000 	/System/Library/Frameworks/OpenGL.framework/Versions/A/Libraries/libCoreVMClient.dylib
0x0000000222f48000 	/System/Library/PrivateFrameworks/FontServices.framework/Versions/A/FontServices
0x0000000190d81000 	/System/Library/PrivateFrameworks/OTSVG.framework/Versions/A/OTSVG
0x000000018ad30000 	/System/Library/Frameworks/ApplicationServices.framework/Versions/A/Frameworks/ATS.framework/Versions/A/Resources/libFontRegistry.dylib
0x0000000190dcf000 	/System/Library/PrivateFrameworks/FontServices.framework/libhvf.dylib
0x0000000222f49000 	/System/Library/PrivateFrameworks/FontServices.framework/libXTFontStaticRegistryData.dylib
0x000000018d8c6000 	/System/Library/Frameworks/MetalPerformanceShaders.framework/Versions/A/Frameworks/MPSCore.framework/Versions/A/MPSCore
0x000000018edf0000 	/System/Library/Frameworks/MetalPerformanceShaders.framework/Versions/A/Frameworks/MPSImage.framework/Versions/A/MPSImage
0x000000018e849000 	/System/Library/Frameworks/MetalPerformanceShaders.framework/Versions/A/Frameworks/MPSNeuralNetwork.framework/Versions/A/MPSNeuralNetwork
0x000000018ec94000 	/System/Library/Frameworks/MetalPerformanceShaders.framework/Versions/A/Frameworks/MPSMatrix.framework/Versions/A/MPSMatrix
0x000000018ea9f000 	/System/Library/Frameworks/MetalPerformanceShaders.framework/Versions/A/Frameworks/MPSRayIntersector.framework/Versions/A/MPSRayIntersector
0x000000018ecc6000 	/System/Library/Frameworks/MetalPerformanceShaders.framework/Versions/A/Frameworks/MPSNDArray.framework/Versions/A/MPSNDArray
0x00000001dfab4000 	/System/Library/Frameworks/MetalPerformanceShaders.framework/Versions/A/Frameworks/MPSFunctions.framework/Versions/A/MPSFunctions
0x00000001dfa99000 	/System/Library/Frameworks/MetalPerformanceShaders.framework/Versions/A/Frameworks/MPSBenchmarkLoop.framework/Versions/A/MPSBenchmarkLoop
0x0000000182ea8000 	/System/Library/PrivateFrameworks/MetalTools.framework/Versions/A/MetalTools
0x00000001ac52b000 	/System/Library/PrivateFrameworks/IOAccelMemoryInfo.framework/Versions/A/IOAccelMemoryInfo
0x00000001b8634000 	/System/Library/PrivateFrameworks/kperf.framework/Versions/A/kperf
0x00000001a806e000 	/System/Library/PrivateFrameworks/GPURawCounter.framework/Versions/A/GPURawCounter
0x0000000198769000 	/System/Library/PrivateFrameworks/CoreSymbolication.framework/Versions/A/CoreSymbolication
0x00000001a801a000 	/System/Library/PrivateFrameworks/MallocStackLogging.framework/Versions/A/MallocStackLogging
0x000000019097a000 	/System/Library/PrivateFrameworks/CrashReporterSupport.framework/Versions/A/CrashReporterSupport
0x0000000198724000 	/System/Library/PrivateFrameworks/DebugSymbols.framework/Versions/A/DebugSymbols
0x00000001b6f9b000 	/System/Library/PrivateFrameworks/OSAnalytics.framework/Versions/A/OSAnalytics
0x000000024057d000 	/System/Library/PrivateFrameworks/VideoToolboxParavirtualizationSupport.framework/Versions/A/VideoToolboxParavirtualizationSupport
0x0000000190ba4000 	/System/Library/PrivateFrameworks/AppleVA.framework/Versions/A/AppleVA
0x0000000192c0e000 	/System/Library/Frameworks/ApplicationServices.framework/Versions/A/Frameworks/ATS.framework/Versions/A/ATS
0x0000000188b9d000 	/System/Library/Frameworks/ApplicationServices.framework/Versions/A/Frameworks/HIServices.framework/Versions/A/HIServices
0x000000019184e000 	/System/Library/Frameworks/ApplicationServices.framework/Versions/A/Frameworks/PrintCore.framework/Versions/A/PrintCore
0x0000000192ff8000 	/System/Library/Frameworks/ApplicationServices.framework/Versions/A/Frameworks/QD.framework/Versions/A/QD
0x0000000192fec000 	/System/Library/Frameworks/ApplicationServices.framework/Versions/A/Frameworks/ColorSyncLegacy.framework/Versions/A/ColorSyncLegacy
0x0000000192bde000 	/System/Library/Frameworks/ApplicationServices.framework/Versions/A/Frameworks/SpeechSynthesis.framework/Versions/A/SpeechSynthesis
0x000000019180a000 	/System/Library/Frameworks/ApplicationServices.framework/Versions/A/Frameworks/ATSUI.framework/Versions/A/ATSUI
0x0000000192f7f000 	/usr/lib/libcups.2.dylib
0x0000000193374000 	/System/Library/Frameworks/Kerberos.framework/Versions/A/Kerberos
0x0000000193385000 	/System/Library/Frameworks/GSS.framework/Versions/A/GSS
0x0000000192c8d000 	/usr/lib/libresolv.9.dylib
0x0000000190de0000 	/System/Library/PrivateFrameworks/Heimdal.framework/Versions/A/Heimdal
0x000000019a810000 	/System/Library/Frameworks/Kerberos.framework/Versions/A/Libraries/libHeimdalProxy.dylib
0x00000001933df000 	/System/Library/PrivateFrameworks/CommonAuth.framework/Versions/A/CommonAuth
0x00000001dcfc0000 	/System/Library/Frameworks/AVFAudio.framework/Versions/A/AVFAudio
0x00000001a27d2000 	/System/Library/PrivateFrameworks/AXCoreUtilities.framework/Versions/A/AXCoreUtilities
0x000000022d5c8000 	/System/Library/PrivateFrameworks/IsolatedCoreAudioClient.framework/Versions/A/IsolatedCoreAudioClient
0x0000000192b4a000 	/System/Library/PrivateFrameworks/AudioSession.framework/Versions/A/AudioSession
0x000000019465b000 	/System/Library/Frameworks/IOBluetooth.framework/Versions/A/IOBluetooth
0x0000000190caf000 	/System/Library/PrivateFrameworks/MediaExperience.framework/Versions/A/MediaExperience
0x0000000192989000 	/System/Library/PrivateFrameworks/AudioSession.framework/libSessionUtility.dylib
0x0000000193004000 	/System/Library/PrivateFrameworks/AudioResourceArbitration.framework/Versions/A/AudioResourceArbitration
0x00000001976dc000 	/System/Library/PrivateFrameworks/PowerLog.framework/Versions/A/PowerLog
0x00000001975fa000 	/System/Library/Frameworks/CoreBluetooth.framework/Versions/A/CoreBluetooth
0x000000019a811000 	/System/Library/Frameworks/AudioUnit.framework/Versions/A/AudioUnit
0x000000018e536000 	/System/Library/PrivateFrameworks/CoreUtils.framework/Versions/A/CoreUtils
0x0000000221193000 	/System/Library/PrivateFrameworks/CoreUtilsExtras.framework/Versions/A/CoreUtilsExtras
0x000000022bede000 	/System/Library/PrivateFrameworks/IO80211.framework/Versions/A/IO80211
0x0000000198292000 	/System/Library/PrivateFrameworks/FrontBoardServices.framework/Versions/A/FrontBoardServices
0x0000000199dd9000 	/System/Library/PrivateFrameworks/BackBoardServices.framework/Versions/A/BackBoardServices
0x0000000190c16000 	/System/Library/PrivateFrameworks/IconFoundation.framework/Versions/A/IconFoundation
0x00000001965d5000 	/System/Library/PrivateFrameworks/SpeechRecognitionCore.framework/Versions/A/SpeechRecognitionCore
0x00000001a27f1000 	/usr/lib/libAccessibility.dylib
0x0000000196ccf000 	/System/Library/Frameworks/MediaAccessibility.framework/Versions/A/MediaAccessibility
0x00000001c7d20000 	/System/Library/Frameworks/OSLog.framework/Versions/A/OSLog
0x00000001a7fa8000 	/System/Library/PrivateFrameworks/LoggingSupport.framework/Versions/A/LoggingSupport
0x0000000106090000 	/Users/ikuya/.local/share/mise/installs/java/22.0.2/lib/server/libjvm.dylib
0x00000001005d4000 	/Users/ikuya/.local/share/mise/installs/java/22.0.2/lib/libjimage.dylib
0x0000000100618000 	/Users/ikuya/.local/share/mise/installs/java/22.0.2/lib/libjava.dylib
0x00000001008a8000 	/Users/ikuya/.local/share/mise/installs/java/22.0.2/lib/libnio.dylib
0x0000000100888000 	/Users/ikuya/.local/share/mise/installs/java/22.0.2/lib/libnet.dylib
0x00000001008f0000 	/Users/ikuya/.local/share/mise/installs/java/22.0.2/lib/libzip.dylib
0x00000001008c8000 	/Users/ikuya/.local/share/mise/installs/java/22.0.2/lib/libverify.dylib
0x0000000100d00000 	/Users/ikuya/.tree-sitter/lib/aarch64-macos-tree-sitter.dylib
0x000000010095c000 	/Users/ikuya/.tree-sitter/lib/aarch64-macos-tree-sitter-go.dylib


VM Arguments:
jvm_args: -Dfile.encoding=UTF-8 -Duser.country=JP -Duser.language=en -Duser.variant 
java_command: kyutech.experiment.Analyzer
java_class_path (initial): /Users/ikuya/Documents/TokyoTech/Research/Sandbox/RefDiff/experiment-for-kyutech/build/classes/java/main:/Users/ikuya/Documents/TokyoTech/Research/Sandbox/RefDiff/experiment-for-kyutech/build/resources/main:/Users/ikuya/Documents/TokyoTech/Research/Sandbox/RefDiff/refdiff-universal/build/libs/refdiff-universal-2.0.0.jar:/Users/ikuya/.gradle/caches/modules-2/files-2.1/io.github.bonede/tree-sitter-javascript/0.23.1/a74d53beffbb030623ecd101a2ce60f9ea2b4806/tree-sitter-javascript-0.23.1.jar:/Users/ikuya/.gradle/caches/modules-2/files-2.1/io.github.bonede/tree-sitter-ruby/0.23.1/f77da9b2d4b0a888ec7943bb9405d76cd7355fe8/tree-sitter-ruby-0.23.1.jar:/Users/ikuya/.gradle/caches/modules-2/files-2.1/io.github.bonede/tree-sitter-go/0.23.3/c4e1a824549fcbfddf9c036b29980eee8e01a30d/tree-sitter-go-0.23.3.jar:/Users/ikuya/.gradle/caches/modules-2/files-2.1/io.github.bonede/tree-sitter-java/0.21.0a/ab45e65096b243ebf455f3f728ab6efd6d078183/tree-sitter-java-0.21.0a.jar:/Users/ikuya/.gradle/caches/modules-2/files-2.1/io.github.bonede/tree-sitter-c/0.23.2/6f344af77b361ca5be8ee098335a92f34749fc8f/tree-sitter-c-0.23.2.jar:/Users/ikuya/.gradle/caches/modules-2/files-2.1/io.github.bonede/tree-sitter-python/0.23.4/5436a3efab8eed2f115fba2071141af730df6793/tree-sitter-python-0.23.4.jar:/Users/ikuya/.gradle/caches/modules-2/files-2.1/io.github.bonede/tree-sitter-php/0.23.11/b4c0cc1c49c5eca0dfd130570cab3cf62b65be89/tree-sitter-php-0.23.11.jar:/Users/ikuya/.gradle/caches/modules-2/files-2.1/io.github.bonede/tree-sitter/0.24.4/df37a906ffedee9a0854f218aaf604f8d82263e2/tree-sitter-0.24.4.jar:/Users/ikuya/Documents/TokyoTech/Research/Sandbox/RefDiff/refdiff-java/build/libs/refdiff-java-2.0.0.jar:/Users/ikuya/Documents/TokyoTech/Research/Sandbox/RefDiff/refdiff-core/build/libs/refdiff-core-2.0.0.jar:/Users/ikuya/.gradle/caches/modules-2/files-2.1/org.eclipse.jdt/org.eclipse.jdt.core/3.16.0/c0767741a4699ef4d2b657b820f8e5def839a53f/org.eclipse.jdt.core-3.16.0.jar:/Users/ikuya/.gradle/caches/modules-2/files-2.1/com.fasterxml.jackson.core/jackson-databind/2.8.9/4dfca3975be3c1a98eacb829e70f02e9a71bc159/jackson-databind-2.8.9.jar:/Users/ikuya/.gradle/caches/modules-2/files-2.1/org.eclipse.jgit/org.eclipse.jgit/4.7.0.201704051617-r/99be65d1827276b97d4f51668b60f4a38f282bda/org.eclipse.jgit-4.7.0.201704051617-r.jar:/Users/ikuya/.gradle/caches/modules-2/files-2.1/org.slf4j/slf4j-simple/1.7.30/e606eac955f55ecf1d8edcccba04eb8ac98088dd/slf4j-simple-1.7.30.jar:/Users/ikuya/.gradle/caches/modules-2/files-2.1/com.fasterxml.jackson.core/jackson-core/2.8.9/569b1752705da98f49aabe2911cc956ff7d8ed9d/jackson-core-2.8.9.jar:/Users/ikuya/.gradle/caches/modules-2/files-2.1/com.fasterxml.jackson.core/jackson-annotations/2.8.9/e0e758381a6579cb2029dace23a7209b90ac7232/jackson-annotations-2.8.9.jar:/Users/ikuya/.gradle/caches/modules-2/files-2.1/com.ibm.icu/icu4j/61.1/28d33b5e44e72edcc66a5da7a34a42147f38d987/icu4j-61.1.jar:/Users/ikuya/.gradle/caches/modules-2/files-2.1/org.eclipse.platform/org.eclipse.core.resources/3.22.200/1993be5a5830d8161035be9e752b7855a8e3de01/org.eclipse.core.resources-3.22.200.jar:/Users/ikuya/.gradle/caches/modules-2/files-2.1/org.eclipse.platform/org.eclipse.core.filesystem/1.11.200/e40f4abe4260687d216604c57dd4b5adcc78cefb/org.eclipse.core.filesystem-1.11.200.jar:/Users/ikuya/.gradle/caches/modules-2/files-2.1/org.eclipse.platform/org.eclipse.text/3.14.300/d54b0fea69f001f33c46cda9f86c65ca9a0c9ea6/org.eclipse.text-3.14.300.jar:/Users/ikuya/.gradle/caches/modules-2/files-2.1/org.eclipse.platform/org.eclipse.core.expressions/3.9.400/5c29a8b92d6ae9b9d5f70ef1db19cec2c7bb0688/org.eclipse.core.expressions-3.9.400.jar:/Users/ikuya/.gradle/caches/modules-2/files-2.1/org.eclipse.platform/org.eclipse.core.runtime/3.33.100/fb7b2cf11912368d06833dd6b153a66982511dc0/org.eclipse.core.runtime-3.33.100.jar:/Users/ikuya/.gradle/caches/modules-2/files-2.1/com.jcraft/jsch/0.1.54/da3584329a263616e277e15462b387addd1b208d/jsch-0.1.54.jar:/Users/ikuya/.gradle/caches/modules-2/files-2.1/com.googlecode.javaewah/JavaEWAH/1.1.6/94ad16d728b374d65bd897625f3fbb3da223a2b6/JavaEWAH-1.1.6.jar:/Users/ikuya/.gradle/caches/modules-2/files-2.1/org.apache.httpcomponents/httpclient/4.3.6/4c47155e3e6c9a41a28db36680b828ced53b8af4/httpclient-4.3.6.jar:/Users/ikuya/.gradle/caches/modules-2/files-2.1/org.slf4j/slf4j-api/1.7.30/b5a4b6d16ab13e34a88fae84c35cd5d68cac922c/slf4j-api-1.7.30.jar:/Users/ikuya/.gradle/caches/modules-2/files-2.1/net.java.dev.jna/jna-platform/5.17.0/a4934c44d25a9d8c2ddf4203affd20330cb3426f/jna-platform-5.17.0.jar:/Users/ikuya/.gradle/caches/modules-2/files-2.1/net.java.dev.jna/jna/5.17.0/33d12735bef894440780fce64f9758d420c7bae2/jna-5.17.0.jar:/Users/ikuya/.gradle/caches/modules-2/files-2.1/org.eclipse.platform/org.eclipse.core.jobs/3.15.600/ac52929ec33e48ddb07e1c923395b653d7d00dc0/org.eclipse.core.jobs-3.15.600.jar:/Users/ikuya/.gradle/caches/modules-2/files-2.1/org.eclipse.platform/org.eclipse.core.contenttype/3.9.600/76cf366809d40e675ef2446493b05d0f34633d49/org.eclipse.core.contenttype-3.9.600.jar:/Users/ikuya/.gradle/caches/modules-2/files-2.1/org.eclipse.platform/org.eclipse.equinox.app/1.7.400/fafb245373e3e7ff5cb1f30fd055d3f057caf597/org.eclipse.equinox.app-1.7.400.jar:/Users/ikuya/.gradle/caches/modules-2/files-2.1/org.eclipse.platform/org.eclipse.equinox.registry/3.12.400/861b8ee0821f15baab335ccfb717e714741e33b4/org.eclipse.equinox.registry-3.12.400.jar:/Users/ikuya/.gradle/caches/modules-2/files-2.1/org.eclipse.platform/org.eclipse.equinox.preferences/3.11.400/7d0e8947453ce9ea45ca169a773bd14f683bf9c2/org.eclipse.equinox.preferences-3.11.400.jar:/Users/ikuya/.gradle/caches/modules-2/files-2.1/org.eclipse.platform/org.eclipse.core.commands/3.12.300/b12bc043debd377259d65dea479d5a2f2df7c603/org.eclipse.core.commands-3.12.300.jar:/Users/ikuya/.gradle/caches/modules-2/files-2.1/org.eclipse.platform/org.eclipse.equinox.common/3.20.100/12a1079955e24f550536fbfc6c27671001256671/org.eclipse.equinox.common-3.20.100.jar:/Users/ikuya/.gradle/caches/modules-2/files-2.1/org.eclipse.platform/org.eclipse.osgi/3.23.100/47c56af2f6d04059e9e1f6090ed9addcd08d48c9/org.eclipse.osgi-3.23.100.jar:/Users/ikuya/.gradle/caches/modules-2/files-2.1/org.apache.httpcomponents/httpcore/4.3.3/f91b7a4aadc5cf486df6e4634748d7dd7a73f06d/httpcore-4.3.3.jar:/Users/ikuya/.gradle/caches/modules-2/files-2.1/commons-logging/commons-logging/1.1.3/f6f66e966c70a83ffbdb6f17a0919eaf7c8aca7f/commons-logging-1.1.3.jar:/Users/ikuya/.gradle/caches/modules-2/files-2.1/commons-codec/commons-codec/1.6/b7f0fc8f61ecadeb3695f0b9464755eee44374d4/commons-codec-1.6.jar:/Users/ikuya/.gradle/caches/modules-2/files-2.1/org.osgi/org.osgi.service.prefs/1.1.2/44351fdfb119ee920394c1a27c938288c93c03c8/org.osgi.service.prefs-1.1.2.jar:/Users/ikuya/.gradle/caches/modules-2/files-2.1/org.osgi/osgi.annotation/8.0.1/593d823753aa6e128129da357d7891758e66aa1d/osgi.annotation-8.0.1.jar
Launcher Type: SUN_STANDARD

[Global flags]
     intx CICompilerCount                          = 4                                         {product} {ergonomic}
     uint ConcGCThreads                            = 2                                         {product} {ergonomic}
     uint G1ConcRefinementThreads                  = 8                                         {product} {ergonomic}
   size_t G1HeapRegionSize                         = 2097152                                   {product} {ergonomic}
   size_t InitialHeapSize                          = 268435456                                 {product} {ergonomic}
   size_t MarkStackSize                            = 4194304                                   {product} {ergonomic}
   size_t MaxHeapSize                              = 4294967296                                {product} {ergonomic}
   size_t MaxNewSize                               = 2575302656                                {product} {ergonomic}
   size_t MinHeapDeltaBytes                        = 2097152                                   {product} {ergonomic}
   size_t MinHeapSize                              = 8388608                                   {product} {ergonomic}
    uintx NonNMethodCodeHeapSize                   = 5839564                                {pd product} {ergonomic}
    uintx NonProfiledCodeHeapSize                  = 122909338                              {pd product} {ergonomic}
    uintx ProfiledCodeHeapSize                     = 122909338                              {pd product} {ergonomic}
    uintx ReservedCodeCacheSize                    = 251658240                              {pd product} {ergonomic}
     bool SegmentedCodeCache                       = true                                      {product} {ergonomic}
   size_t SoftMaxHeapSize                          = 4294967296                             {manageable} {ergonomic}
     bool UseCompressedOops                        = true                           {product lp64_product} {ergonomic}
     bool UseG1GC                                  = true                                      {product} {ergonomic}
     bool UseNUMA                                  = false                                     {product} {ergonomic}
     bool UseNUMAInterleaving                      = false                                     {product} {ergonomic}

Logging:
Log output configuration:
 #0: stdout all=warning uptime,level,tags foldmultilines=false
 #1: stderr all=off uptime,level,tags foldmultilines=false

Environment Variables:
JAVA_HOME=/Users/ikuya/.local/share/mise/installs/java/22.0.2
PATH=/Users/ikuya/.local/share/mise/installs/python/3.12.2/bin:/Users/ikuya/.local/share/mise/installs/node/22.1.0/bin:/Users/ikuya/.local/share/mise/installs/go/1.23.2/bin:/Users/ikuya/.local/share/mise/installs/poetry/1.8.2/bin:/Users/ikuya/.local/share/mise/installs/java/22.0.2/bin:/opt/homebrew/opt/mysql@8.4/bin:/Applications/Racket/bin:/opt/homebrew/bin:/opt/homebrew/sbin:/usr/local/bin:/System/Cryptexes/App/usr/bin:/usr/bin:/bin:/usr/sbin:/sbin:/var/run/com.apple.security.cryptexd/codex.system/bootstrap/usr/local/bin:/var/run/com.apple.security.cryptexd/codex.system/bootstrap/usr/bin:/var/run/com.apple.security.cryptexd/codex.system/bootstrap/usr/appleinternal/bin:/Library/TeX/texbin:/Users/ikuya/.local/share/mise/installs/go/1.23.2/bin:/opt/homebrew/opt/mysql@8.4/bin:/Applications/Racket/bin:/Users/ikuya/.local/bin:/Users/ikuya/.vscode/extensions/ms-python.debugpy-2025.11.2025072901-darwin-arm64/bundled/scripts/noConfigScripts:/Users/ikuya/Library/Application Support/Code/User/globalStorage/github.copilot-chat/debugCommand
SHELL=/bin/zsh
LANG=en_US.UTF-8
TERM=xterm-256color
TMPDIR=/var/folders/lc/w49l8hmn7c17ntytg27lfphw0000gn/T/

Active Locale:
LC_ALL=en_US.UTF-8
LC_COLLATE=en_US.UTF-8
LC_CTYPE=en_US.UTF-8
LC_MESSAGES=en_US.UTF-8
LC_MONETARY=en_US.UTF-8
LC_NUMERIC=en_US.UTF-8
LC_TIME=en_US.UTF-8

Signal Handlers:
   SIGSEGV: crash_handler in libjvm.dylib, mask=11100110000111110111111111111111, flags=SA_ONSTACK|SA_RESTART|SA_SIGINFO, unblocked
    SIGBUS: crash_handler in libjvm.dylib, mask=11100110000111110111111111111111, flags=SA_RESTART|SA_SIGINFO, unblocked
    SIGFPE: crash_handler in libjvm.dylib, mask=11100110000111110111111111111111, flags=SA_RESTART|SA_SIGINFO, unblocked
   SIGPIPE: javaSignalHandler in libjvm.dylib, mask=11100110000111110111111111111111, flags=SA_RESTART|SA_SIGINFO, blocked
   SIGXFSZ: javaSignalHandler in libjvm.dylib, mask=11100110000111110111111111111111, flags=SA_RESTART|SA_SIGINFO, blocked
    SIGILL: crash_handler in libjvm.dylib, mask=11100110000111110111111111111111, flags=SA_RESTART|SA_SIGINFO, unblocked
   SIGUSR2: SR_handler in libjvm.dylib, mask=00000000000000000000000000000000, flags=SA_RESTART|SA_SIGINFO, blocked
    SIGHUP: UserHandler in libjvm.dylib, mask=11100110000111110111111111111111, flags=SA_RESTART|SA_SIGINFO, blocked
    SIGINT: UserHandler in libjvm.dylib, mask=11100110000111110111111111111111, flags=SA_RESTART|SA_SIGINFO, blocked
   SIGTERM: UserHandler in libjvm.dylib, mask=11100110000111110111111111111111, flags=SA_RESTART|SA_SIGINFO, blocked
   SIGQUIT: UserHandler in libjvm.dylib, mask=11100110000111110111111111111111, flags=SA_RESTART|SA_SIGINFO, blocked
   SIGTRAP: crash_handler in libjvm.dylib, mask=11100110000111110111111111111111, flags=SA_RESTART|SA_SIGINFO, unblocked


Periodic native trim disabled

---------------  S Y S T E M  ---------------

OS:
uname: Darwin 23.5.0 Darwin Kernel Version 23.5.0: Wed May  1 20:19:05 PDT 2024; root:xnu-10063.121.3~5/RELEASE_ARM64_T8112 arm64
OS uptime: 251 days 15:07 hours
rlimit (soft/hard): STACK 8176k/65520k , CORE 0k/infinity , NPROC 2666/4000 , NOFILE 10240/infinity , AS infinity/infinity , CPU infinity/infinity , DATA infinity/infinity , FSIZE infinity/infinity , MEMLOCK infinity/infinity , RSS infinity/infinity
load average: 2.76 2.68 2.62

CPU: total 8 (initial active 8) 0x61:0x0:0xda33d83d:0, fp, asimd, aes, pmull, sha1, sha256, crc32, lse, sha3, sha512
machdep.cpu.brand_string:Apple M2
hw.cachelinesize:128
hw.l1icachesize:131072
hw.l1dcachesize:65536
hw.l2cachesize:4194304

Memory: 16k page, physical 16777216k(59680k free), swap 7340032k(975680k free)

vm_info: OpenJDK 64-Bit Server VM (22.0.2+9-70) for bsd-aarch64 JRE (22.0.2+9-70), built on 2024-06-04T16:52:23Z by "mach5one" with clang Apple LLVM 14.0.3 (clang-1403.0.22.14.1)

END.
