"Commit","RefactoringType","Before","After","BeforeLOC","AfterLOC"
"2a9eb66ddcf7c47ffbf22f52ce888dc3da9e5fac"
"7239c72eca82be58f07cd22ba03868ae17fddfd6"
"1a127177667448654c72faf3c5f43459b08d38f8"
"595d00cb494e3fdc2d30967310c3db087208c82d","EXTRACT","{method_declaration loadPackage(lpkg *loaderPackage) at vendor/golang.org/x/tools/go/packages/packages.go:1028}","{method_declaration newTypesInfo() at vendor/golang.org/x/tools/go/packages/packages.go:1301}","281","17"
"d9fa84260a1a54bfa2a99bd0d71b59bf6a7f68ca"
"98ec249d2b9a8ad912d8c7b481fa1facaf665a51","EXTRACT","{method_declaration RoundTripOpt(req *http.Request, opt RoundTripOpt) at vendor/golang.org/x/net/http2/transport.go:576}","{method_declaration RoundTrip(req *http.Request) at vendor/golang.org/x/net/http2/transport.go:3291}","67","3"
"98ec249d2b9a8ad912d8c7b481fa1facaf665a51","CHANGE_SIGNATURE","{method_declaration newClientConn(c net.Conn, singleUse bool) at vendor/golang.org/x/net/http2/transport.go:778}","{method_declaration newClientConn(c net.Conn, singleUse bool, internalStateHook func()) at vendor/golang.org/x/net/http2/transport.go:791}","91","92"
"98ec249d2b9a8ad912d8c7b481fa1facaf665a51","EXTRACT","{method_declaration closeReqBodyLocked() at vendor/golang.org/x/net/http2/transport.go:488}","{method_declaration Close() at vendor/golang.org/x/net/http2/transport.go:3295}","11","3"
"98ec249d2b9a8ad912d8c7b481fa1facaf665a51","EXTRACT","{method_declaration newClientConn(c net.Conn, singleUse bool) at vendor/golang.org/x/net/http2/transport.go:778}","{method_declaration Close() at vendor/golang.org/x/net/http2/transport.go:3295}","91","3"
"98ec249d2b9a8ad912d8c7b481fa1facaf665a51","EXTRACT","{method_declaration Close() at vendor/golang.org/x/net/http2/transport.go:3172}","{method_declaration Close() at vendor/golang.org/x/net/http2/transport.go:3295}","5","3"
"98ec249d2b9a8ad912d8c7b481fa1facaf665a51","EXTRACT","{method_declaration cleanupWriteRequest(err error) at vendor/golang.org/x/net/http2/transport.go:1599}","{method_declaration Close() at vendor/golang.org/x/net/http2/transport.go:3295}","98","3"
"98ec249d2b9a8ad912d8c7b481fa1facaf665a51","EXTRACT","{method_declaration closeConn() at vendor/golang.org/x/net/http2/transport.go:1090}","{method_declaration Close() at vendor/golang.org/x/net/http2/transport.go:3295}","5","3"
"98ec249d2b9a8ad912d8c7b481fa1facaf665a51","EXTRACT","{method_declaration idleStateLocked() at vendor/golang.org/x/net/http2/transport.go:1019}","{method_declaration isUsableLocked() at vendor/golang.org/x/net/http2/transport.go:1070}","39","8"
"98ec249d2b9a8ad912d8c7b481fa1facaf665a51","EXTRACT","{method_declaration forceCloseConn() at vendor/golang.org/x/net/http2/transport.go:1098}","{method_declaration Close() at vendor/golang.org/x/net/http2/transport.go:3295}","9","3"
"98ec249d2b9a8ad912d8c7b481fa1facaf665a51","EXTRACT","{method_declaration RoundTrip(req *http.Request) at vendor/golang.org/x/net/http2/transport.go:3206}","{method_declaration RoundTrip(req *http.Request) at vendor/golang.org/x/net/http2/transport.go:3291}","7","3"
"e229e91247042691958a6f17e55ddc035133cb98"
"1a4e4dafe9831ab4ba613d71a953d92c790f098e"
"e0795ef3ab1d950402304516347070743c0bb7a2","CHANGE_SIGNATURE","{method_declaration signature(recv *types.Var, rparams []*types.TypeParam, tparams []*types.TypeParam) at vendor/golang.org/x/tools/internal/gcimporter/iimport.go:1052}","{method_declaration signature(paramPkg *types.Package, recv *types.Var, rparams []*types.TypeParam, tparams []*types.TypeParam) at vendor/golang.org/x/tools/internal/gcimporter/iimport.go:1052}","6","6"
"e0795ef3ab1d950402304516347070743c0bb7a2","CHANGE_SIGNATURE","{method_declaration paramList() at vendor/golang.org/x/tools/internal/gcimporter/iimport.go:1073}","{method_declaration paramList(pkg *types.Package) at vendor/golang.org/x/tools/internal/gcimporter/iimport.go:1073}","7","7"
"e0795ef3ab1d950402304516347070743c0bb7a2","CHANGE_SIGNATURE","{method_declaration param() at vendor/golang.org/x/tools/internal/gcimporter/iimport.go:1081}","{method_declaration param(pkg *types.Package) at vendor/golang.org/x/tools/internal/gcimporter/iimport.go:1081}","6","6"
"e0795ef3ab1d950402304516347070743c0bb7a2","CHANGE_SIGNATURE","{method_declaration obj(name string) at vendor/golang.org/x/tools/internal/gcimporter/iimport.go:568}","{method_declaration obj(pkg *types.Package, name string) at vendor/golang.org/x/tools/internal/gcimporter/iimport.go:568}","115","115"
"48e96d4353f8a0102e565d5c371569fba1207f90"
"dccdb1b61839b802b5a704093feb3766def08e09","CHANGE_SIGNATURE","{function_declaration parseARM64SystemRegisters(isar0, isar1, mmfr1, pfr0 uint64) at vendor/golang.org/x/sys/cpu/cpu_arm64.go:71}","{function_declaration parseARM64SystemRegisters(isar0, isar1, pfr0 uint64) at vendor/golang.org/x/sys/cpu/cpu_arm64.go:71}","129","113"
"7ddc5f609a4a3d64229058ada37935f98f13c8b3"
"1175dd348e3db20a860f55db30cc3cadc948fab5"
"6cbabb04b9e6be23034a259d521df0d7fe3110e1"
"fae334b4c0ae36197b22fac9170e845cc543982e","EXTRACT","{method_declaration parseTypeName() at vendor/google.golang.org/protobuf/internal/encoding/text/decode.go:432}","{method_declaration parseTypeNameError(s []byte, numUnconsumedChars int) at vendor/google.golang.org/protobuf/internal/encoding/text/decode.go:526}","66","6"
"beeacde4b234f66aafb3ba7562f2be32bccaace4"
"8452b64f3296ea42571494fc09fb03268a2139c3"
"b293e73bdbe8294a9b6769cd98cf99a6f3965769"
"01440122f2c83e051e71a0161a1bc2e3d98b19b0","EXTRACT","{method_declaration ToOCI() at vendor/github.com/containerd/nri/pkg/api/resources.go:84}","{method_declaration ToOCI() at vendor/github.com/containerd/nri/pkg/api/net-device.go:45}","59","9"
"01440122f2c83e051e71a0161a1bc2e3d98b19b0","EXTRACT","{method_declaration adjustResources(resources *LinuxResources, plugin string) at vendor/github.com/containerd/nri/pkg/adaptation/result.go:625}","{method_declaration adjustMemoryResource(mem, targetContainer, targetReply *LinuxMemory, id, plugin string) at vendor/github.com/containerd/nri/pkg/adaptation/result.go:719}","168","80"
"01440122f2c83e051e71a0161a1bc2e3d98b19b0","EXTRACT","{method_declaration updateResources(reply, u *ContainerUpdate, plugin string) at vendor/github.com/containerd/nri/pkg/adaptation/result.go:874}","{method_declaration adjustMemoryResource(mem, targetContainer, targetReply *LinuxMemory, id, plugin string) at vendor/github.com/containerd/nri/pkg/adaptation/result.go:719}","159","80"
"01440122f2c83e051e71a0161a1bc2e3d98b19b0","EXTRACT","{method_declaration updateResources(reply, u *ContainerUpdate, plugin string) at vendor/github.com/containerd/nri/pkg/adaptation/result.go:874}","{method_declaration adjustCPUResource(cpu, targetContainer, targetReply *LinuxCPU, id, plugin string) at vendor/github.com/containerd/nri/pkg/adaptation/result.go:800}","159","71"
"01440122f2c83e051e71a0161a1bc2e3d98b19b0","EXTRACT","{method_declaration Descriptor() at vendor/github.com/containerd/nri/pkg/api/api.pb.go:521}","{method_declaration Descriptor() at vendor/github.com/containerd/nri/pkg/api/api.pb.go:4963}","3","3"
"01440122f2c83e051e71a0161a1bc2e3d98b19b0","EXTRACT","{method_declaration Descriptor() at vendor/github.com/containerd/nri/pkg/api/api.pb.go:521}","{method_declaration Descriptor() at vendor/github.com/containerd/nri/pkg/api/api.pb.go:5018}","3","3"
"01440122f2c83e051e71a0161a1bc2e3d98b19b0","EXTRACT","{method_declaration ToOCI() at vendor/github.com/containerd/nri/pkg/api/resources.go:84}","{method_declaration ToOCI() at vendor/github.com/containerd/nri/pkg/api/resources.go:90}","59","61"
"01440122f2c83e051e71a0161a1bc2e3d98b19b0","EXTRACT","{method_declaration Descriptor() at vendor/github.com/containerd/nri/pkg/api/api.pb.go:578}","{method_declaration Descriptor() at vendor/github.com/containerd/nri/pkg/api/api.pb.go:4766}","3","3"
"01440122f2c83e051e71a0161a1bc2e3d98b19b0","EXTRACT","{method_declaration Descriptor() at vendor/github.com/containerd/nri/pkg/api/api.pb.go:521}","{method_declaration Descriptor() at vendor/github.com/containerd/nri/pkg/api/api.pb.go:4910}","3","3"
"01440122f2c83e051e71a0161a1bc2e3d98b19b0","EXTRACT","{method_declaration Descriptor() at vendor/github.com/containerd/nri/pkg/api/api.pb.go:521}","{method_declaration Descriptor() at vendor/github.com/containerd/nri/pkg/api/api.pb.go:5075}","3","3"
"01440122f2c83e051e71a0161a1bc2e3d98b19b0","EXTRACT","{method_declaration Descriptor() at vendor/github.com/containerd/nri/pkg/api/api.pb.go:578}","{method_declaration Descriptor() at vendor/github.com/containerd/nri/pkg/api/api.pb.go:4862}","3","3"
"01440122f2c83e051e71a0161a1bc2e3d98b19b0","EXTRACT","{method_declaration Descriptor() at vendor/github.com/containerd/nri/pkg/api/api.pb.go:521}","{method_declaration Descriptor() at vendor/github.com/containerd/nri/pkg/api/api.pb.go:4766}","3","3"
"01440122f2c83e051e71a0161a1bc2e3d98b19b0","EXTRACT","{function_declaration New(name, version string, syncFn SyncFn, updateFn UpdateFn, opts ...Option) at vendor/github.com/containerd/nri/pkg/adaptation/adaptation.go:148}","{function_declaration getWasmService() at vendor/github.com/containerd/nri/pkg/adaptation/wasm-enabled.go:30}","51","22"
"01440122f2c83e051e71a0161a1bc2e3d98b19b0","EXTRACT","{method_declaration Descriptor() at vendor/github.com/containerd/nri/pkg/api/api.pb.go:578}","{method_declaration Descriptor() at vendor/github.com/containerd/nri/pkg/api/api.pb.go:5018}","3","3"
"01440122f2c83e051e71a0161a1bc2e3d98b19b0","EXTRACT","{method_declaration Descriptor() at vendor/github.com/containerd/nri/pkg/api/api.pb.go:521}","{method_declaration Descriptor() at vendor/github.com/containerd/nri/pkg/api/api.pb.go:4862}","3","3"
"01440122f2c83e051e71a0161a1bc2e3d98b19b0","EXTRACT","{method_declaration Descriptor() at vendor/github.com/containerd/nri/pkg/api/api.pb.go:578}","{method_declaration Descriptor() at vendor/github.com/containerd/nri/pkg/api/api.pb.go:4910}","3","3"
"01440122f2c83e051e71a0161a1bc2e3d98b19b0","EXTRACT","{method_declaration Descriptor() at vendor/github.com/containerd/nri/pkg/api/api.pb.go:578}","{method_declaration Descriptor() at vendor/github.com/containerd/nri/pkg/api/api.pb.go:4814}","3","3"
"01440122f2c83e051e71a0161a1bc2e3d98b19b0","EXTRACT","{method_declaration Descriptor() at vendor/github.com/containerd/nri/pkg/api/api.pb.go:578}","{method_declaration Descriptor() at vendor/github.com/containerd/nri/pkg/api/api.pb.go:5075}","3","3"
"01440122f2c83e051e71a0161a1bc2e3d98b19b0","EXTRACT","{method_declaration adjustResources(resources *LinuxResources, plugin string) at vendor/github.com/containerd/nri/pkg/adaptation/result.go:625}","{method_declaration adjustCPUResource(cpu, targetContainer, targetReply *LinuxCPU, id, plugin string) at vendor/github.com/containerd/nri/pkg/adaptation/result.go:800}","168","71"
"01440122f2c83e051e71a0161a1bc2e3d98b19b0","EXTRACT","{method_declaration Descriptor() at vendor/github.com/containerd/nri/pkg/api/api.pb.go:521}","{method_declaration Descriptor() at vendor/github.com/containerd/nri/pkg/api/api.pb.go:4814}","3","3"
"01440122f2c83e051e71a0161a1bc2e3d98b19b0","EXTRACT","{method_declaration Descriptor() at vendor/github.com/containerd/nri/pkg/api/api.pb.go:578}","{method_declaration Descriptor() at vendor/github.com/containerd/nri/pkg/api/api.pb.go:4963}","3","3"
"32d4f64a6585ec1494745accf4c8bf8fb9e4d09f"
"6766ce7be26ab97ce84c8d1f72090757a0aab4a1"
"2c533f93270ac9356248dbe8fd9fc05b0a90cdde"
"4b4223a8d42f37a9dc559fb24a597ab2d7f4ebfd"
"9ae239e65463f1e3e6011d9860261faa475e7765"
"7b74376ff1a484cae2881d3a56bc8e4c8e071869"
"34ee29ceaabfe378cf56ec17bb647c30e573a143"
"e254a9f0f1ebe62bb5d9f14b5c98baaf21584c7a"
"f39912a30e6700063de98c2c28102222b2a8273f"
"8f3bfa3f34088a96b578dd1aedfaf31b4cff3253"
"0fd5cc134b687d24afd1259dcab2fab4b74e0f72"
"6c845ded188bb52b56903e7e9a12fa253964e253"
"8c0e404f6f0183123271d2bf3ae798d00c2b48a2","EXTRACT_MOVE","{method_declaration RecordMetrics(ctx context.Context, md ServerMetricData) at vendor/go.opentelemetry.io/contrib/instrumentation/net/http/otelhttp/internal/semconv/env.go:148}","{method_declaration Record(
	ctx context.Context,
	val int64,
	requestMethod RequestMethodAttr,
	urlScheme string,
	attrs ...attribute.KeyValue,
) at vendor/go.opentelemetry.io/otel/semconv/v1.37.0/httpconv/metric.go:1534}","25","25"
"8c0e404f6f0183123271d2bf3ae798d00c2b48a2","EXTRACT_MOVE","{method_declaration RecordMetrics(ctx context.Context, md ServerMetricData) at vendor/go.opentelemetry.io/contrib/instrumentation/net/http/httptrace/otelhttptrace/internal/semconv/env.go:148}","{method_declaration Record(
	ctx context.Context,
	val float64,
	requestMethod RequestMethodAttr,
	serverAddress string,
	serverPort int,
	attrs ...attribute.KeyValue,
) at vendor/go.opentelemetry.io/otel/semconv/v1.37.0/httpconv/metric.go:725}","25","26"
"8c0e404f6f0183123271d2bf3ae798d00c2b48a2","EXTRACT_MOVE","{method_declaration RecordMetrics(ctx context.Context, md ServerMetricData) at vendor/go.opentelemetry.io/contrib/instrumentation/net/http/httptrace/otelhttptrace/internal/semconv/env.go:148}","{method_declaration Record(ctx context.Context, val int64, attrs ...attribute.KeyValue) at vendor/go.opentelemetry.io/otel/semconv/v1.37.0/rpcconv/metric.go:619}","25","15"
"8c0e404f6f0183123271d2bf3ae798d00c2b48a2","EXTRACT_MOVE","{method_declaration RecordMetrics(ctx context.Context, md ServerMetricData) at vendor/go.opentelemetry.io/contrib/instrumentation/net/http/otelhttp/internal/semconv/env.go:148}","{method_declaration Record(ctx context.Context, val int64, attrs ...attribute.KeyValue) at vendor/go.opentelemetry.io/otel/semconv/v1.37.0/rpcconv/metric.go:886}","25","15"
"8c0e404f6f0183123271d2bf3ae798d00c2b48a2","EXTRACT_MOVE","{method_declaration RecordMetrics(ctx context.Context, md ServerMetricData) at vendor/go.opentelemetry.io/contrib/instrumentation/net/http/otelhttp/internal/semconv/env.go:148}","{method_declaration Record(
	ctx context.Context,
	val int64,
	requestMethod RequestMethodAttr,
	serverAddress string,
	serverPort int,
	attrs ...attribute.KeyValue,
) at vendor/go.opentelemetry.io/otel/semconv/v1.37.0/httpconv/metric.go:892}","25","26"
"8c0e404f6f0183123271d2bf3ae798d00c2b48a2","EXTRACT_MOVE","{method_declaration RecordMetrics(ctx context.Context, md ServerMetricData) at vendor/go.opentelemetry.io/contrib/instrumentation/net/http/httptrace/otelhttptrace/internal/semconv/env.go:148}","{method_declaration Record(ctx context.Context, val int64, attrs ...attribute.KeyValue) at vendor/go.opentelemetry.io/otel/semconv/v1.37.0/rpcconv/metric.go:886}","25","15"
"8c0e404f6f0183123271d2bf3ae798d00c2b48a2","EXTRACT_MOVE","{method_declaration RecordMetrics(ctx context.Context, md ServerMetricData) at vendor/go.opentelemetry.io/contrib/instrumentation/net/http/httptrace/otelhttptrace/internal/semconv/env.go:148}","{method_declaration Record(
	ctx context.Context,
	val float64,
	serverAddress string,
	serverPort int,
	attrs ...attribute.KeyValue,
) at vendor/go.opentelemetry.io/otel/semconv/v1.37.0/httpconv/metric.go:283}","25","25"
"8c0e404f6f0183123271d2bf3ae798d00c2b48a2","EXTRACT_MOVE","{method_declaration RecordMetrics(ctx context.Context, md ServerMetricData) at vendor/go.opentelemetry.io/contrib/instrumentation/net/http/httptrace/otelhttptrace/internal/semconv/env.go:148}","{method_declaration Record(ctx context.Context, val int64, attrs ...attribute.KeyValue) at vendor/go.opentelemetry.io/otel/semconv/v1.37.0/rpcconv/metric.go:170}","25","15"
"8c0e404f6f0183123271d2bf3ae798d00c2b48a2","EXTRACT_MOVE","{method_declaration RecordMetrics(ctx context.Context, md ServerMetricData) at vendor/go.opentelemetry.io/contrib/instrumentation/net/http/otelhttp/internal/semconv/env.go:148}","{method_declaration Record(
	ctx context.Context,
	val int64,
	requestMethod RequestMethodAttr,
	serverAddress string,
	serverPort int,
	attrs ...attribute.KeyValue,
) at vendor/go.opentelemetry.io/otel/semconv/v1.37.0/httpconv/metric.go:558}","25","26"
"8c0e404f6f0183123271d2bf3ae798d00c2b48a2","EXTRACT_MOVE","{method_declaration RecordMetrics(ctx context.Context, md ServerMetricData) at vendor/go.opentelemetry.io/contrib/instrumentation/net/http/otelhttp/internal/semconv/env.go:148}","{method_declaration Record(
	ctx context.Context,
	val float64,
	requestMethod RequestMethodAttr,
	urlScheme string,
	attrs ...attribute.KeyValue,
) at vendor/go.opentelemetry.io/otel/semconv/v1.37.0/httpconv/metric.go:1360}","25","25"
"8c0e404f6f0183123271d2bf3ae798d00c2b48a2","EXTRACT_MOVE","{method_declaration RecordMetrics(ctx context.Context, md ServerMetricData) at vendor/go.opentelemetry.io/contrib/instrumentation/net/http/otelhttp/internal/semconv/env.go:148}","{method_declaration Record(
	ctx context.Context,
	val float64,
	serverAddress string,
	serverPort int,
	attrs ...attribute.KeyValue,
) at vendor/go.opentelemetry.io/otel/semconv/v1.37.0/httpconv/metric.go:283}","25","25"
"8c0e404f6f0183123271d2bf3ae798d00c2b48a2","EXTRACT_MOVE","{method_declaration RecordMetrics(ctx context.Context, md ServerMetricData) at vendor/go.opentelemetry.io/contrib/instrumentation/net/http/otelhttp/internal/semconv/env.go:148}","{method_declaration Record(ctx context.Context, val int64, attrs ...attribute.KeyValue) at vendor/go.opentelemetry.io/otel/semconv/v1.37.0/rpcconv/metric.go:797}","25","15"
"8c0e404f6f0183123271d2bf3ae798d00c2b48a2","EXTRACT_MOVE","{method_declaration RecordMetrics(ctx context.Context, md ServerMetricData) at vendor/go.opentelemetry.io/contrib/instrumentation/net/http/httptrace/otelhttptrace/internal/semconv/env.go:148}","{method_declaration Record(
	ctx context.Context,
	val int64,
	requestMethod RequestMethodAttr,
	serverAddress string,
	serverPort int,
	attrs ...attribute.KeyValue,
) at vendor/go.opentelemetry.io/otel/semconv/v1.37.0/httpconv/metric.go:892}","25","26"
"8c0e404f6f0183123271d2bf3ae798d00c2b48a2","EXTRACT_MOVE","{method_declaration RecordMetrics(ctx context.Context, md ServerMetricData) at vendor/go.opentelemetry.io/contrib/instrumentation/net/http/httptrace/otelhttptrace/internal/semconv/env.go:148}","{method_declaration Record(ctx context.Context, val int64, attrs ...attribute.KeyValue) at vendor/go.opentelemetry.io/otel/semconv/v1.37.0/rpcconv/metric.go:708}","25","15"
"8c0e404f6f0183123271d2bf3ae798d00c2b48a2","EXTRACT_MOVE","{method_declaration RecordMetrics(ctx context.Context, md ServerMetricData) at vendor/go.opentelemetry.io/contrib/instrumentation/net/http/otelhttp/internal/semconv/env.go:148}","{method_declaration Record(
	ctx context.Context,
	val float64,
	requestMethod RequestMethodAttr,
	serverAddress string,
	serverPort int,
	attrs ...attribute.KeyValue,
) at vendor/go.opentelemetry.io/otel/semconv/v1.37.0/httpconv/metric.go:725}","25","26"
"8c0e404f6f0183123271d2bf3ae798d00c2b48a2","EXTRACT_MOVE","{method_declaration RecordMetrics(ctx context.Context, md ServerMetricData) at vendor/go.opentelemetry.io/contrib/instrumentation/net/http/httptrace/otelhttptrace/internal/semconv/env.go:148}","{method_declaration Record(
	ctx context.Context,
	val int64,
	requestMethod RequestMethodAttr,
	urlScheme string,
	attrs ...attribute.KeyValue,
) at vendor/go.opentelemetry.io/otel/semconv/v1.37.0/httpconv/metric.go:1186}","25","25"
"8c0e404f6f0183123271d2bf3ae798d00c2b48a2","EXTRACT_MOVE","{method_declaration RecordMetrics(ctx context.Context, md ServerMetricData) at vendor/go.opentelemetry.io/contrib/instrumentation/net/http/otelhttp/internal/semconv/env.go:148}","{method_declaration Record(ctx context.Context, val int64, attrs ...attribute.KeyValue) at vendor/go.opentelemetry.io/otel/semconv/v1.37.0/rpcconv/metric.go:708}","25","15"
"8c0e404f6f0183123271d2bf3ae798d00c2b48a2","EXTRACT_MOVE","{method_declaration RecordMetrics(ctx context.Context, md ServerMetricData) at vendor/go.opentelemetry.io/contrib/instrumentation/net/http/httptrace/otelhttptrace/internal/semconv/env.go:148}","{method_declaration Record(
	ctx context.Context,
	val float64,
	requestMethod RequestMethodAttr,
	urlScheme string,
	attrs ...attribute.KeyValue,
) at vendor/go.opentelemetry.io/otel/semconv/v1.37.0/httpconv/metric.go:1360}","25","25"
"8c0e404f6f0183123271d2bf3ae798d00c2b48a2","CHANGE_SIGNATURE","{method_declaration HandleConn(ctx context.Context, info stats.ConnStats) at vendor/go.opentelemetry.io/contrib/instrumentation/google.golang.org/grpc/otelgrpc/stats_handler.go:134}","{method_declaration HandleConn(context.Context, stats.ConnStats) at vendor/go.opentelemetry.io/contrib/instrumentation/google.golang.org/grpc/otelgrpc/stats_handler.go:260}","2","3"
"8c0e404f6f0183123271d2bf3ae798d00c2b48a2","EXTRACT_MOVE","{method_declaration RecordMetrics(ctx context.Context, md ServerMetricData) at vendor/go.opentelemetry.io/contrib/instrumentation/net/http/httptrace/otelhttptrace/internal/semconv/env.go:148}","{method_declaration Record(
	ctx context.Context,
	val int64,
	requestMethod RequestMethodAttr,
	serverAddress string,
	serverPort int,
	attrs ...attribute.KeyValue,
) at vendor/go.opentelemetry.io/otel/semconv/v1.37.0/httpconv/metric.go:558}","25","26"
"8c0e404f6f0183123271d2bf3ae798d00c2b48a2","CHANGE_SIGNATURE","{method_declaration Set(key string, value string) at vendor/go.opentelemetry.io/contrib/instrumentation/google.golang.org/grpc/otelgrpc/metadata_supplier.go:31}","{method_declaration Set(key, value string) at vendor/go.opentelemetry.io/contrib/instrumentation/google.golang.org/grpc/otelgrpc/metadata_supplier.go:30}","3","3"
"8c0e404f6f0183123271d2bf3ae798d00c2b48a2","EXTRACT_MOVE","{method_declaration RecordMetrics(ctx context.Context, md ServerMetricData) at vendor/go.opentelemetry.io/contrib/instrumentation/net/http/httptrace/otelhttptrace/internal/semconv/env.go:148}","{method_declaration Record(ctx context.Context, val float64, attrs ...attribute.KeyValue) at vendor/go.opentelemetry.io/otel/semconv/v1.37.0/rpcconv/metric.go:80}","25","15"
"8c0e404f6f0183123271d2bf3ae798d00c2b48a2","EXTRACT_MOVE","{method_declaration RecordMetrics(ctx context.Context, md ServerMetricData) at vendor/go.opentelemetry.io/contrib/instrumentation/net/http/httptrace/otelhttptrace/internal/semconv/env.go:148}","{method_declaration Record(ctx context.Context, val int64, attrs ...attribute.KeyValue) at vendor/go.opentelemetry.io/otel/semconv/v1.37.0/rpcconv/metric.go:437}","25","15"
"8c0e404f6f0183123271d2bf3ae798d00c2b48a2","EXTRACT_MOVE","{method_declaration RecordMetrics(ctx context.Context, md ServerMetricData) at vendor/go.opentelemetry.io/contrib/instrumentation/net/http/otelhttp/internal/semconv/env.go:148}","{method_declaration Record(ctx context.Context, val int64, attrs ...attribute.KeyValue) at vendor/go.opentelemetry.io/otel/semconv/v1.37.0/rpcconv/metric.go:348}","25","15"
"8c0e404f6f0183123271d2bf3ae798d00c2b48a2","EXTRACT_MOVE","{method_declaration RecordMetrics(ctx context.Context, md ServerMetricData) at vendor/go.opentelemetry.io/contrib/instrumentation/net/http/otelhttp/internal/semconv/env.go:148}","{method_declaration Record(ctx context.Context, val float64, attrs ...attribute.KeyValue) at vendor/go.opentelemetry.io/otel/semconv/v1.37.0/rpcconv/metric.go:529}","25","15"
"8c0e404f6f0183123271d2bf3ae798d00c2b48a2","CHANGE_SIGNATURE","{method_declaration TagConn(ctx context.Context, info *stats.ConnTagInfo) at vendor/go.opentelemetry.io/contrib/instrumentation/google.golang.org/grpc/otelgrpc/stats_handler.go:301}","{method_declaration TagConn(ctx context.Context, _ *stats.ConnTagInfo) at vendor/go.opentelemetry.io/contrib/instrumentation/google.golang.org/grpc/otelgrpc/stats_handler.go:255}","3","3"
"8c0e404f6f0183123271d2bf3ae798d00c2b48a2","EXTRACT_MOVE","{method_declaration RecordMetrics(ctx context.Context, md ServerMetricData) at vendor/go.opentelemetry.io/contrib/instrumentation/net/http/httptrace/otelhttptrace/internal/semconv/env.go:148}","{method_declaration Record(ctx context.Context, val int64, attrs ...attribute.KeyValue) at vendor/go.opentelemetry.io/otel/semconv/v1.37.0/rpcconv/metric.go:348}","25","15"
"8c0e404f6f0183123271d2bf3ae798d00c2b48a2","EXTRACT_MOVE","{method_declaration RecordMetrics(ctx context.Context, md ServerMetricData) at vendor/go.opentelemetry.io/contrib/instrumentation/net/http/otelhttp/internal/semconv/env.go:148}","{method_declaration Record(ctx context.Context, val int64, attrs ...attribute.KeyValue) at vendor/go.opentelemetry.io/otel/semconv/v1.37.0/rpcconv/metric.go:259}","25","15"
"8c0e404f6f0183123271d2bf3ae798d00c2b48a2","EXTRACT_MOVE","{method_declaration RecordMetrics(ctx context.Context, md ServerMetricData) at vendor/go.opentelemetry.io/contrib/instrumentation/net/http/otelhttp/internal/semconv/env.go:148}","{method_declaration Record(ctx context.Context, val int64, attrs ...attribute.KeyValue) at vendor/go.opentelemetry.io/otel/semconv/v1.37.0/rpcconv/metric.go:437}","25","15"
"8c0e404f6f0183123271d2bf3ae798d00c2b48a2","CHANGE_SIGNATURE","{method_declaration handleRPC(
	ctx context.Context,
	rs stats.RPCStats,
	duration metric.Float64Histogram,
	inSize, outSize, inMsg, outMsg metric.Int64Histogram,
	recordStatus func(*status.Status) (codes.Code, string),
) at vendor/go.opentelemetry.io/contrib/instrumentation/google.golang.org/grpc/otelgrpc/stats_handler.go:316}","{method_declaration handleRPC(
	ctx context.Context,
	rs stats.RPCStats,
	duration metric.Float64Histogram,
	inSize, outSize int64Hist,
	inMsg, outMsg metric.Int64Histogram,
	recordStatus func(*status.Status) (codes.Code, string),
) at vendor/go.opentelemetry.io/contrib/instrumentation/google.golang.org/grpc/otelgrpc/stats_handler.go:275}","91","91"
"8c0e404f6f0183123271d2bf3ae798d00c2b48a2","EXTRACT_MOVE","{method_declaration RecordMetrics(ctx context.Context, md ServerMetricData) at vendor/go.opentelemetry.io/contrib/instrumentation/net/http/httptrace/otelhttptrace/internal/semconv/env.go:148}","{method_declaration Record(ctx context.Context, val int64, attrs ...attribute.KeyValue) at vendor/go.opentelemetry.io/otel/semconv/v1.37.0/rpcconv/metric.go:259}","25","15"
"8c0e404f6f0183123271d2bf3ae798d00c2b48a2","EXTRACT_MOVE","{method_declaration RecordMetrics(ctx context.Context, md ServerMetricData) at vendor/go.opentelemetry.io/contrib/instrumentation/net/http/otelhttp/internal/semconv/env.go:148}","{method_declaration Record(
	ctx context.Context,
	val int64,
	requestMethod RequestMethodAttr,
	urlScheme string,
	attrs ...attribute.KeyValue,
) at vendor/go.opentelemetry.io/otel/semconv/v1.37.0/httpconv/metric.go:1186}","25","25"
"8c0e404f6f0183123271d2bf3ae798d00c2b48a2","CHANGE_SIGNATURE","{method_declaration TagConn(ctx context.Context, info *stats.ConnTagInfo) at vendor/go.opentelemetry.io/contrib/instrumentation/google.golang.org/grpc/otelgrpc/stats_handler.go:129}","{method_declaration TagConn(ctx context.Context, _ *stats.ConnTagInfo) at vendor/go.opentelemetry.io/contrib/instrumentation/google.golang.org/grpc/otelgrpc/stats_handler.go:93}","3","3"
"8c0e404f6f0183123271d2bf3ae798d00c2b48a2","EXTRACT_MOVE","{method_declaration RecordMetrics(ctx context.Context, md ServerMetricData) at vendor/go.opentelemetry.io/contrib/instrumentation/net/http/httptrace/otelhttptrace/internal/semconv/env.go:148}","{method_declaration Record(ctx context.Context, val int64, attrs ...attribute.KeyValue) at vendor/go.opentelemetry.io/otel/semconv/v1.37.0/rpcconv/metric.go:797}","25","15"
"8c0e404f6f0183123271d2bf3ae798d00c2b48a2","EXTRACT_MOVE","{method_declaration RecordMetrics(ctx context.Context, md ServerMetricData) at vendor/go.opentelemetry.io/contrib/instrumentation/net/http/httptrace/otelhttptrace/internal/semconv/env.go:148}","{method_declaration Record(ctx context.Context, val float64, attrs ...attribute.KeyValue) at vendor/go.opentelemetry.io/otel/semconv/v1.37.0/rpcconv/metric.go:529}","25","15"
"8c0e404f6f0183123271d2bf3ae798d00c2b48a2","EXTRACT_MOVE","{method_declaration RecordMetrics(ctx context.Context, md ServerMetricData) at vendor/go.opentelemetry.io/contrib/instrumentation/net/http/otelhttp/internal/semconv/env.go:148}","{method_declaration Record(ctx context.Context, val float64, attrs ...attribute.KeyValue) at vendor/go.opentelemetry.io/otel/semconv/v1.37.0/rpcconv/metric.go:80}","25","15"
"8c0e404f6f0183123271d2bf3ae798d00c2b48a2","EXTRACT_MOVE","{method_declaration RecordMetrics(ctx context.Context, md ServerMetricData) at vendor/go.opentelemetry.io/contrib/instrumentation/net/http/otelhttp/internal/semconv/env.go:148}","{method_declaration Record(ctx context.Context, val int64, attrs ...attribute.KeyValue) at vendor/go.opentelemetry.io/otel/semconv/v1.37.0/rpcconv/metric.go:170}","25","15"
"8c0e404f6f0183123271d2bf3ae798d00c2b48a2","EXTRACT_MOVE","{method_declaration RecordMetrics(ctx context.Context, md ServerMetricData) at vendor/go.opentelemetry.io/contrib/instrumentation/net/http/httptrace/otelhttptrace/internal/semconv/env.go:148}","{method_declaration Record(
	ctx context.Context,
	val int64,
	requestMethod RequestMethodAttr,
	urlScheme string,
	attrs ...attribute.KeyValue,
) at vendor/go.opentelemetry.io/otel/semconv/v1.37.0/httpconv/metric.go:1534}","25","25"
"8c0e404f6f0183123271d2bf3ae798d00c2b48a2","EXTRACT_MOVE","{method_declaration RecordMetrics(ctx context.Context, md ServerMetricData) at vendor/go.opentelemetry.io/contrib/instrumentation/net/http/otelhttp/internal/semconv/env.go:148}","{method_declaration Record(ctx context.Context, val int64, attrs ...attribute.KeyValue) at vendor/go.opentelemetry.io/otel/semconv/v1.37.0/rpcconv/metric.go:619}","25","15"
"c88c8a6547faf393a7c3956a51e7501b139bcbdb"
"307bcec726f6b20dae77aa1f65818053a79c7bb0"
"c6d2d697ebbdbe2d230d70f9a28da05f3134b7cc"
"81c170a6965c2794d79b2570fd487647b923d139"
"d5c81b1c0182e0b3a1f9bdc96af44ad6075c01f3"
"3a9a041092fd49d326f2c898f7bc76084006282d"
"9dd2936e047ea16b8a704962852e2631d533a994"
"05f9988fc88bd22c11ecc931ebf405d18ad7ca3c"
"354abbcb92cb31ce15d02eaa03f178a8d7dfb7b2"
"4b9e56156d58751f279e4a09789884d7d43b623a"
"1acc9d3739fb67dd1ede8d605b587b45549fa246"
"3cee1aad220e2831b1e50105e285d93476a1928c"
"5070ad8dc14efd592c6c22c352e23de5024b89d5"
"614d9b966f4693177f1e32827932b5d2cc7939fa"
"e1fb5ef4a77a5578067471b7d178fb0a9022dd57"
"265bdc1a06f9f0935dc12c3e2edccc2d7e546efe"
"aef5d996cef66640d20f52d7b6b97d781d62a31e"
"26bb1af7e64c9a89c029185d24745efeb8d6976b"
"72ce2c3f8276d831f1380a508a331c0d213d8f53"
"c63bf203bf1d2281f1e059b5a175359fffda7dd8"
"1f532963edb27f4785cb065a96707060c73fe8c3"
"9cd41375ce898630d2c0f37b1ba32798a8004cec"
"1f498c5ff021a3255a28f0df35ca46adfc248e6c"
"366044fc208e3b3ead952533b85b6d1d32738e1c"
"c2073cc7e2f51cba27673b874033cf9989510fe3"
"0ae3f972adb6b346cee2e2e9937b7812170f9219","INLINE","{function_declaration inSlice(slice []string, s string) at daemon/oci_linux.go:471}","{function_declaration initCaps() at daemon/pkg/oci/caps/utils_linux.go:14}","3","25"
"0ae3f972adb6b346cee2e2e9937b7812170f9219","INLINE","{function_declaration inSlice(slice []string, s string) at daemon/oci_linux.go:471}","{function_declaration withMounts(daemon *Daemon, daemonCfg *configStore, c *container.Container, mounts []container.Mount) at daemon/oci_linux.go:470}","3","213"
"0ae3f972adb6b346cee2e2e9937b7812170f9219","INLINE","{function_declaration inSlice(slice []string, s string) at daemon/oci_linux.go:471}","{function_declaration TweakCapabilities(basics, adds, drops []string, privileged bool) at daemon/pkg/oci/caps/utils.go:75}","3","44"
"0ae3f972adb6b346cee2e2e9937b7812170f9219","INLINE","{function_declaration inSlice(slice []string, s string) at daemon/pkg/oci/caps/utils.go:42}","{function_declaration withMounts(daemon *Daemon, daemonCfg *configStore, c *container.Container, mounts []container.Mount) at daemon/oci_linux.go:470}","3","213"
"0ae3f972adb6b346cee2e2e9937b7812170f9219","INLINE","{function_declaration inSlice(slice []string, s string) at daemon/pkg/oci/caps/utils.go:42}","{function_declaration initCaps() at daemon/pkg/oci/caps/utils_linux.go:14}","3","25"
"0ae3f972adb6b346cee2e2e9937b7812170f9219","INLINE","{function_declaration inSlice(slice []string, s string) at daemon/pkg/oci/caps/utils.go:42}","{function_declaration TweakCapabilities(basics, adds, drops []string, privileged bool) at daemon/pkg/oci/caps/utils.go:75}","3","44"
"0ae3f972adb6b346cee2e2e9937b7812170f9219","INLINE","{function_declaration inSlice(slice []string, s string) at daemon/pkg/oci/caps/utils.go:42}","{function_declaration TestIpcPrivateVsReadonly(t *testing.T) at daemon/oci_linux_test.go:105}","3","21"
"0ae3f972adb6b346cee2e2e9937b7812170f9219","INLINE","{function_declaration inSlice(slice []string, s string) at daemon/oci_linux.go:471}","{function_declaration TestIpcPrivateVsReadonly(t *testing.T) at daemon/oci_linux_test.go:105}","3","21"
"8802be9eca059e03fe0f6b5daf4cc48488197e63"
"54a6ec374a85ab1b853dda26246bcd3aea868cb6"
"1e209e788b505723549196d0ff1eb3ae0efc59d2"
"2cce7ff87fed5e5b58c513d8d1d842f7681586f7"
"b48be08eb5e65d3746f01004f9824a7693875a34"
"51d197450097b1f06eb9b2e2086b1f55c23a2e17"
"6c5233e1098dc689b2e665087780695ac8864e95"
"71fd582aa2c33fabcddcf6037444c4a3009e243d"
"62ed24a87c337e91ea14990d526dd6b00cf0add2"
"bce14ac5bc5857af3ae03db8dcd8ab88222ed067"
"3df05205f4cd707b4dc5bfc8358e084b12d7ad84"
"e548a31d28d49d70c7f1070bf131fd705120e4f9"
"39c19d9161c1ec8d4d786e7dd95b56fd3e0fa12b"
"cdce8f4f92bffc4b75b10a36441cffc4e042fb1a"
"ff33808a79914b18db97ac00074ab515246bd29e"
"a25907b48552e0a8032f0761b6f886a6182630b2"
"c9b0a21bb1f25b7b5a49998e61417b58b6e1cab9"
"37fdb6d775e41106da9489c9abf8c919b87b9bc7"
"f44b5abf0e3bb47c39f71062332a0d6bdc5135a1"
"a0bd623959add519c53a48dd468eda7cfd25d08b"
"53c67be034ae04263353aa39fad9cea35fc2effd"
"98d196b7141d4121bae95119a35041b959fa82fa"
"ff553c5069dbc1c2f52e34a33548583587d3a92b"
"3f938c6091abd93a9cf0519f970cb20dd8d3bb0c"
"3fdde529e723cd629651ae0caf804b4c198393b9"
"7c7a626e5d85069a0d48d886bb65ead7701edb54"
"f6b1488468b50db64435e74c0b130cce7dec2b54"
"29d5098ffd3f75fdef7f2506fbb23d73dcf6ef63"
"d7a6250b91a7e3ded0f6d659b7e55aa2d41a3644"
"10c0fc4de845c5082351f8c35caf64caa21e2b75"
"a30301b28db2605e46f98df001844c291e3ef653"
"52f33797f30c0fb557d42cad56dc95613b384929","CHANGE_SIGNATURE","{function_declaration DefaultProfile(rs *specs.Spec) at vendor/github.com/opencontainers/runtime-tools/generate/seccomp/seccomp_default.go:34}","{function_declaration DefaultProfile(rs *rspec.Spec) at vendor/github.com/opencontainers/runtime-tools/generate/seccomp/seccomp_default.go:33}","571","571"
"70004549fbfa2e1c7ac43e79ffe89f8d0cb416fd"
"413b4afcbada11e43441cc242828a028fca09fec","CHANGE_SIGNATURE","{method_declaration getCompiledFunctions(module *wasm.Module) at vendor/github.com/tetratelabs/wazero/internal/engine/interpreter/interpreter.go:71}","{method_declaration getCompiledFunctions(module *wasm.Module, increaseRefCount bool) at vendor/github.com/tetratelabs/wazero/internal/engine/interpreter/interpreter.go:90}","6","12"
"413b4afcbada11e43441cc242828a028fca09fec","EXTRACT_MOVE","{method_declaration lowerCall(si *ssa.Instruction) at vendor/github.com/tetratelabs/wazero/internal/engine/wazevo/backend/isa/arm64/abi.go:262}","{method_declaration insertReturns(si *ssa.Instruction, calleeABI *backend.FunctionABI, stackSlotSize int64) at vendor/github.com/tetratelabs/wazero/internal/engine/wazevo/backend/isa/amd64/machine.go:1953}","47","13"
"413b4afcbada11e43441cc242828a028fca09fec","EXTRACT","{method_declaration lowerCall(si *ssa.Instruction) at vendor/github.com/tetratelabs/wazero/internal/engine/wazevo/backend/isa/arm64/abi.go:262}","{method_declaration insertReturns(si *ssa.Instruction, calleeABI *backend.FunctionABI, stackSlotSize int64) at vendor/github.com/tetratelabs/wazero/internal/engine/wazevo/backend/isa/arm64/abi.go:305}","47","13"
"413b4afcbada11e43441cc242828a028fca09fec","CHANGE_SIGNATURE","{method_declaration AddRelocationInfo(funcRef ssa.FuncRef) at vendor/github.com/tetratelabs/wazero/internal/engine/wazevo/backend/compiler.go:355}","{method_declaration AddRelocationInfo(funcRef ssa.FuncRef, isTailCall bool) at vendor/github.com/tetratelabs/wazero/internal/engine/wazevo/backend/compiler.go:357}","6","7"
"413b4afcbada11e43441cc242828a028fca09fec","EXTRACT","{method_declaration lowerCallIndirect(typeIndex, tableIndex uint32) at vendor/github.com/tetratelabs/wazero/internal/engine/wazevo/frontend/lower.go:3536}","{method_declaration prepareCallIndirect(typeIndex, tableIndex uint32) at vendor/github.com/tetratelabs/wazero/internal/engine/wazevo/frontend/lower.go:3571}","82","70"
"413b4afcbada11e43441cc242828a028fca09fec","EXTRACT","{method_declaration lowerCall(si *ssa.Instruction) at vendor/github.com/tetratelabs/wazero/internal/engine/wazevo/backend/isa/amd64/machine.go:1886}","{method_declaration prepareCall(si *ssa.Instruction, isDirectCall bool) at vendor/github.com/tetratelabs/wazero/internal/engine/wazevo/backend/isa/amd64/machine.go:1924}","68","28"
"413b4afcbada11e43441cc242828a028fca09fec","EXTRACT_MOVE","{method_declaration lowerCall(si *ssa.Instruction) at vendor/github.com/tetratelabs/wazero/internal/engine/wazevo/backend/isa/amd64/machine.go:1886}","{method_declaration insertReturns(si *ssa.Instruction, calleeABI *backend.FunctionABI, stackSlotSize int64) at vendor/github.com/tetratelabs/wazero/internal/engine/wazevo/backend/isa/arm64/abi.go:305}","68","13"
"413b4afcbada11e43441cc242828a028fca09fec","EXTRACT_MOVE","{method_declaration lowerCall(si *ssa.Instruction) at vendor/github.com/tetratelabs/wazero/internal/engine/wazevo/backend/isa/amd64/machine.go:1886}","{method_declaration prepareCall(si *ssa.Instruction, isDirectCall bool) at vendor/github.com/tetratelabs/wazero/internal/engine/wazevo/backend/isa/arm64/abi.go:280}","68","24"
"413b4afcbada11e43441cc242828a028fca09fec","CHANGE_SIGNATURE","{function_declaration mmapCodeSegment(size, prot int) at vendor/github.com/tetratelabs/wazero/internal/platform/mmap_other.go:8}","{function_declaration mmapCodeSegment(size int) at vendor/github.com/tetratelabs/wazero/internal/platform/mmap_other.go:8}","11","15"
"413b4afcbada11e43441cc242828a028fca09fec","EXTRACT","{method_declaration compileModule(ctx context.Context, module *wasm.Module, listeners []experimental.FunctionListener, ensureTermination bool) at vendor/github.com/tetratelabs/wazero/internal/engine/wazevo/engine.go:183}","{method_declaration resolveRelocations(machine backend.Machine, executable []byte, importedFns int) at vendor/github.com/tetratelabs/wazero/internal/engine/wazevo/engine.go:416}","147","6"
"413b4afcbada11e43441cc242828a028fca09fec","EXTRACT","{method_declaration callNativeFunc(ctx context.Context, m *wasm.ModuleInstance, f *function) at vendor/github.com/tetratelabs/wazero/internal/engine/interpreter/interpreter.go:698}","{method_declaration functionForOffset(table *wasm.TableInstance, offset uint64, expectedTypeID wasm.FunctionTypeID) at vendor/github.com/tetratelabs/wazero/internal/engine/interpreter/interpreter.go:4396}","3642","15"
"413b4afcbada11e43441cc242828a028fca09fec","EXTRACT","{method_declaration lowerCurrentOpcode() at vendor/github.com/tetratelabs/wazero/internal/engine/wazevo/frontend/lower.go:180}","{method_declaration lowerReturn(builder ssa.Builder) at vendor/github.com/tetratelabs/wazero/internal/engine/wazevo/frontend/lower.go:3427}","3295","7"
"413b4afcbada11e43441cc242828a028fca09fec","CHANGE_SIGNATURE","{method_declaration getCompiledModuleFromMemory(module *wasm.Module) at vendor/github.com/tetratelabs/wazero/internal/engine/wazevo/engine_cache.go:97}","{method_declaration getCompiledModuleFromMemory(module *wasm.Module, increaseRefCount bool) at vendor/github.com/tetratelabs/wazero/internal/engine/wazevo/engine_cache.go:96}","6","13"
"413b4afcbada11e43441cc242828a028fca09fec","EXTRACT","{method_declaration lowerCall(si *ssa.Instruction) at vendor/github.com/tetratelabs/wazero/internal/engine/wazevo/backend/isa/amd64/machine.go:1886}","{method_declaration insertReturns(si *ssa.Instruction, calleeABI *backend.FunctionABI, stackSlotSize int64) at vendor/github.com/tetratelabs/wazero/internal/engine/wazevo/backend/isa/amd64/machine.go:1953}","68","13"
"413b4afcbada11e43441cc242828a028fca09fec","RENAME","{function_declaration mmapCodeSegmentAMD64(size int) at vendor/github.com/tetratelabs/wazero/internal/platform/mmap_unsupported.go:16}","{function_declaration mmapCodeSegment(size int) at vendor/github.com/tetratelabs/wazero/internal/platform/mmap_unsupported.go:16}","3","3"
"413b4afcbada11e43441cc242828a028fca09fec","CHANGE_SIGNATURE","{function_declaration mmapCodeSegment(size, prot int) at vendor/github.com/tetratelabs/wazero/internal/platform/mmap_linux.go:62}","{function_declaration mmapCodeSegment(size int) at vendor/github.com/tetratelabs/wazero/internal/platform/mmap_linux.go:62}","15","19"
"413b4afcbada11e43441cc242828a028fca09fec","EXTRACT","{method_declaration lowerCall(si *ssa.Instruction) at vendor/github.com/tetratelabs/wazero/internal/engine/wazevo/backend/isa/arm64/abi.go:262}","{method_declaration prepareCall(si *ssa.Instruction, isDirectCall bool) at vendor/github.com/tetratelabs/wazero/internal/engine/wazevo/backend/isa/arm64/abi.go:280}","47","24"
"413b4afcbada11e43441cc242828a028fca09fec","EXTRACT","{method_declaration lowerCurrentOpcode() at vendor/github.com/tetratelabs/wazero/internal/engine/wazevo/frontend/lower.go:180}","{method_declaration lowerTailCallReturnCallIndirect(typeIndex, tableIndex uint32) at vendor/github.com/tetratelabs/wazero/internal/engine/wazevo/frontend/lower.go:3692}","3295","25"
"413b4afcbada11e43441cc242828a028fca09fec","EXTRACT_MOVE","{method_declaration lowerCall(si *ssa.Instruction) at vendor/github.com/tetratelabs/wazero/internal/engine/wazevo/backend/isa/arm64/abi.go:262}","{method_declaration prepareCall(si *ssa.Instruction, isDirectCall bool) at vendor/github.com/tetratelabs/wazero/internal/engine/wazevo/backend/isa/amd64/machine.go:1924}","47","28"
"413b4afcbada11e43441cc242828a028fca09fec","EXTRACT","{method_declaration lowerCurrentOpcode() at vendor/github.com/tetratelabs/wazero/internal/engine/wazevo/frontend/lower.go:180}","{method_declaration lowerTailCallReturnCall(fnIndex uint32) at vendor/github.com/tetratelabs/wazero/internal/engine/wazevo/frontend/lower.go:3662}","3295","29"
"413b4afcbada11e43441cc242828a028fca09fec","RENAME","{function_declaration mmapCodeSegmentARM64(size int) at vendor/github.com/tetratelabs/wazero/internal/platform/mmap_windows.go:68}","{function_declaration mmapCodeSegment(size int) at vendor/github.com/tetratelabs/wazero/internal/platform/mmap_windows.go:59}","8","8"
"413b4afcbada11e43441cc242828a028fca09fec","EXTRACT","{method_declaration lowerCurrentOpcode() at vendor/github.com/tetratelabs/wazero/internal/engine/wazevo/frontend/lower.go:180}","{method_declaration lowerCall(fnIndex uint32) at vendor/github.com/tetratelabs/wazero/internal/engine/wazevo/frontend/lower.go:3547}","3295","23"
"413b4afcbada11e43441cc242828a028fca09fec","EXTRACT","{method_declaration compileModule(ctx context.Context, module *wasm.Module, listeners []experimental.FunctionListener, ensureTermination bool) at vendor/github.com/tetratelabs/wazero/internal/engine/wazevo/engine.go:183}","{method_declaration appendFunction(
	ctx context.Context,
	module *wasm.Module,
	cm *compiledModule,
	fnum int, fidx wasm.Index,
	body []byte,
	relsPerFunc []backend.RelocationInfo,
	offsPerFunc []backend.SourceOffsetInfo,
) at vendor/github.com/tetratelabs/wazero/internal/engine/wazevo/engine.go:431}","147","43"
"24bac4495e74c5f57f8e4bdb95b1cdf9238d31a5"
"caaa9c9bb5617aa46f06c3051c1d92b21255610c"
"ec9315cd4f9b0deace93ff088e769710b3183c2c"
"849afcc5be76ac85f201b1eba08cfe446c8bd26c"
"8dd2c72fb6deac7369156767f6b9230865b1f319"
"c74203adbb324a9ca5849e8271d4074a504909b7"
"0666108ebf215b12a43f99ba838f9e325c8903ea"
"a97b330c6c914757447baf05fa61e0801008c4c6"
"2a191665b861844128896e6fd79df98bd460fc21"
"43780fe40c7b5a66cedf2562b13e78d308132fb4"
"695010ba2ed9fa64b79e5a9681d29eda58a505ae"
"8cf9e6473864dc61b36db32647fbffd349a03c5f"
"dc1fe0be82539f6d9b868d930e59cb0607417f07"
"322dda39082e8b0c9b8cc8b80f381cf39bc25f33"
"b67f0c0449286f4ddf0844efabb2a10f5278deea"
"565f7dce18ca187c02767124250edf55d06aea0c"
"93eb7962dcd0940e35ff8119d23786c7e9507a31"
"83f17f77cf55bde15cfd8aa1d3bc571cef7f68ed"
"35f12506857d79522f3d82a2768c1fcac18fab36"
"33eb3b8d78d50c5aba97eaa577756ac12e2c6606"
"99066209a23a7742f401db1c8b10560320211385","CHANGE_SIGNATURE","{function_declaration GenerateFromModel(options Generic, model any) at daemon/libnetwork/options/options.go:54}","{function_declaration GenerateFromModel(options Generic) at daemon/libnetwork/options/options.go:54}","39","41"
"14c5cd377d884e71e98e565d651ffd945dc44695"
"d210449d856700e19a9b72fe5947448f0f6e5e7c"
"fcb23060fc3eadef8d0f4a427f5a405fdc47ad27"
"751a6f9f33c4cf12202682f7c792335e50731152"
"5152c7c3eff13b7148f654af4491b00c52e2e6bb"
"a39e866aa867b8da4d4a3efa2956c955e56ddd82"
"14906f802303194ef2025c7b420ca825df92379d"
"282868dabf9bbff271216de5fd39f01038ddf309"
"4941b368839ac53fce737d4aa177c58c8a318060"
"5ab4a14fe845d82f6d889262eddaad9680c535bc"
"cc308331812ceea037e0c3488c8d75cbfbac7e6d"
"a230544000125809fe8507a0ee41a7a1c1c5798a"
"29560eacda122dd15741b821f0833e614d24ae18"
"773aca9f5d0987fc064ff2de472c835d739262b6"
"bb713e7fa80bf67c11d2ba8ab1c03947460a7127"
"3ac4fd1eba13611629d5daf98df0c0ae694e00cd"
"e874083bdb63c570dc08b7c0e3b845e86dd875f8"
"da1e638566531d7a67a22da28e3f9a40ce82dd37"
"b56d0770343ccbd781e01871d9912dea333eb803"
"9e72c44daea2cbc485dd0c3d43c161c3fe156711"
"6f9d1ec3fb8ca4dbbedb1ed91020d9190dd0d848"
"81d930f52723484fb8b1aafe85aeef4e405004ed"
"7000f92763f3dc78b915cce0ec4964e1b9541f24"
"69963d84f83a54d6f82c10264e71315c90c38a84"
"43ed81ed85d2a7d9d791a56dbecce779be8d2b4a"
"4b8f9dd251eb0653ce6fda9aa6b8628688138611"
"a0e5e0525b42d9ce79fdef59492d0905ad25e368"
"7687298e0adbcb6ce9c1ae3507675ee8cec52abb"
"a828af4d8d761fd53a5138df3636baec8621fded"
"f97f2347294903b88e567e884f721cc4feee5906"
"b9d18a107a6d55d8e3b9e1e5b7cb153401f58e42"
"a55f610e2adbd2f4b34993d488b27e8bf92e5272"
"e29eaedf65c84f64370803a028b0501464bce38c"
"cd4397b4dc9bd732f20c7576d0ca43cb33c09f9c"
"2e3a23c8ec0cbbd6a2e5f7b03cf57de8f3ce33ce"
"69c4ea7aad62308b10b7c877c5994fa6b8da2243"
"8c0751aa4d409ca600f910f7dba4332c2743952e"
"7517464283d29969c4d3615397b369abd99ce395"
"87583c9029500128f6b44b9b96d269ca2a2a1c57"
"310aa9241ad653ee2933719567069089d95210ca"
"52fae09ec0a348c41cc41a0318c84884b14b6a2c","CHANGE_SIGNATURE","{method_declaration ChildHostIP(hostIP netip.Addr) at daemon/libnetwork/internal/rlkclient/rootlesskit_client_linux.go:82}","{method_declaration ChildHostIP(proto string, hostIP netip.Addr) at daemon/libnetwork/internal/rlkclient/rootlesskit_client_linux.go:101}","12","17"
"52fae09ec0a348c41cc41a0318c84884b14b6a2c","CHANGE_SIGNATURE","{method_declaration ChildHostIP(hostIP netip.Addr) at daemon/libnetwork/drivers/bridge/port_mapping_linux_test.go:949}","{method_declaration ChildHostIP(proto string, hostIP netip.Addr) at daemon/libnetwork/drivers/bridge/port_mapping_linux_test.go:966}","6","9"
"52fae09ec0a348c41cc41a0318c84884b14b6a2c","CHANGE_SIGNATURE","{function_declaration newMockPortDriverClient() at daemon/libnetwork/drivers/bridge/port_mapping_linux_test.go:943}","{function_declaration newMockPortDriverClient(supportV6 bool) at daemon/libnetwork/drivers/bridge/port_mapping_linux_test.go:959}","5","6"
"52fae09ec0a348c41cc41a0318c84884b14b6a2c","EXTRACT","{method_declaration AddPort(
	ctx context.Context,
	proto string,
	hostIP netip.Addr,
	childIP netip.Addr,
	hostPort int,
) at daemon/libnetwork/internal/rlkclient/rootlesskit_client_linux.go:116}","{method_declaration proto(proto string, hostIP netip.Addr) at daemon/libnetwork/internal/rlkclient/rootlesskit_client_linux.go:79}","53","16"
"955650b33fd11ffbc5944ec132e66cec224f1259"
"56e8e433393ba9c8eb06cabbafb195f5045cf9d8"
"83f00e9f2b7a92026e6d6f47a3cce760a31b808d"
"14a955db2f47fe3015afe5515ef1c4917a6294f0","INLINE","{function_declaration getResolvConf(t *testing.T, rcPath string) at daemon/libnetwork/sandbox_dns_unix_test.go:17}","{function_declaration getResolvConfOptions(t *testing.T, rcPath string) at daemon/libnetwork/sandbox_dns_unix_test.go:17}","8","8"
"4219768511ad61e22e4939c88f884206025e25bb"
"ea539d267d8419d4f3340e79befbf3fba1d76822"
"c74559df60e847ace8f2495e2eea4da8405cd62f"
"ecf4446e460509c483ee80a095b9190bd41944d5"
"46ca7f19cd981f0a40d0ea05842274351e95bf48"
"f745fe7f14ec7dac98da6f0fac3c2da4e15f16ba"
"a60bea5412b6ed2b0d187d3bbbcddd5580f8c3c3"
"04ab3d562cd0aa5713c1c2e74519b31f205b87f1"
"189942570a2399de4e3af3a821339fd8db9229fc"
"e752ec0f8e1abf4f21da9eb2f0b0b79015584313"
"bec7ab7f62b07932c08d72b79eaa7032e30d74c1"
"701f2fdade43db83d7176fa9eda052b0c771cd9f"
"ef588715b66a1f247454299033b14b44c56bb604"
"acb5c5a390ead7ed6e8a88b223ee8c1b961eae09"
"45c9f460b863ac9929b6dbf27a630270c21b6a07"
"77858fab6e72ca1c6ee531e5036f24959a9f9ab2"
"e51a4306e28787d5038b9cbb1bd5f9ef6683d6d0"
"89bd3150e110467d3c91ccacea7157f307e15923"
"75520d1f5bc3629eccb0265af4d98abc19b12a61"
"366ea9e9af84da05d1c484f6e22d5792a6373eca"
"e94ed33de1dbd143a76f8af497d2a8df71e6730b"
"0389d3b13e9abdb3c551913782035c8400f02425"
"bda87b7de87be2bea500b5fe0afde2fb38e99b88","EXTRACT","{method_declaration ListenTCP(laddr *net.TCPAddr) at vendor/golang.org/x/crypto/ssh/tcpip.go:105}","{method_declaration listenTCPInternal(host string, port int) at vendor/golang.org/x/crypto/ssh/tcpip.go:125}","36","46"
"bda87b7de87be2bea500b5fe0afde2fb38e99b88","CHANGE_SIGNATURE","{method_declaration add(addr net.Addr) at vendor/golang.org/x/crypto/ssh/tcpip.go:164}","{method_declaration add(n, addr string) at vendor/golang.org/x/crypto/ssh/tcpip.go:195}","10","11"
"bda87b7de87be2bea500b5fe0afde2fb38e99b88","CHANGE_SIGNATURE","{method_declaration remove(addr net.Addr) at vendor/golang.org/x/crypto/ssh/tcpip.go:255}","{method_declaration remove(n, addr string) at vendor/golang.org/x/crypto/ssh/tcpip.go:282}","11","11"
"bda87b7de87be2bea500b5fe0afde2fb38e99b88","CHANGE_SIGNATURE","{method_declaration forward(laddr, raddr net.Addr, ch NewChannel) at vendor/golang.org/x/crypto/ssh/tcpip.go:277}","{method_declaration forward(n, addr string, raddr net.Addr, ch NewChannel) at vendor/golang.org/x/crypto/ssh/tcpip.go:304}","11","11"
"163cc95aea1c5d62f24816dbba931034cd37a234"
"8f2aa3e0f5c528acbf01bdcf591cbff6b5898b35"
"e4a16577629aeeb08a2933825ec3ee5adef157f2"
"a3916290da09d8fcb2f2ebccda740986a9244d03"
"10d68d43999c77f396f2434fcd76f3d31c888670","EXTRACT","{method_declaration Read(p []byte) at vendor/golang.org/x/net/http2/transport.go:3088}","{method_declaration release(zr *gzip.Reader) at vendor/golang.org/x/net/http2/transport.go:3140}","13","9"
"10d68d43999c77f396f2434fcd76f3d31c888670","RENAME","{function_declaration newPriorityWriteSchedulerRFC9128() at vendor/golang.org/x/net/http2/writesched_priority_rfc9128.go:42}","{function_declaration newPriorityWriteSchedulerRFC9218() at vendor/golang.org/x/net/http2/writesched_priority_rfc9218.go:42}","6","6"
"10d68d43999c77f396f2434fcd76f3d31c888670","EXTRACT","{method_declaration ReadFrame() at vendor/golang.org/x/net/http2/frame.go:501}","{method_declaration ReadFrameForHeader(fh FrameHeader) at vendor/golang.org/x/net/http2/frame.go:525}","40","27"
"10d68d43999c77f396f2434fcd76f3d31c888670","EXTRACT","{method_declaration ReadFrame() at vendor/golang.org/x/net/http2/frame.go:501}","{method_declaration ReadFrameHeader() at vendor/golang.org/x/net/http2/frame.go:503}","40","17"
"10d68d43999c77f396f2434fcd76f3d31c888670","CHANGE_SIGNATURE","{method_declaration checkFrameOrder(f Frame) at vendor/golang.org/x/net/http2/frame.go:554}","{method_declaration checkFrameOrder(fh FrameHeader) at vendor/golang.org/x/net/http2/frame.go:583}","35","34"
"633acaa5b3b515608e117add4d812b76831e5bde"
"e4900958c328966a4ca353610ef4b070ffbb35b1"
"bd79eb0da57e1df3786f8789d5866b4a185979de"
"421bda22d100dd147c0b5c220e64431affdf1d23"
"3054fdd8b2f2b9c89bdd2d848f82a79865bd0b56","CHANGE_SIGNATURE","{function_declaration parseARM64SystemRegisters(isar0, isar1, pfr0 uint64) at vendor/golang.org/x/sys/cpu/cpu_arm64.go:71}","{function_declaration parseARM64SystemRegisters(isar0, isar1, mmfr1, pfr0 uint64) at vendor/golang.org/x/sys/cpu/cpu_arm64.go:71}","113","129"
"997837376a2af92c69c1b82d80079e8d9a254cfc"
"5a5d5b4c5f1b852340a444bc898b638e976e9143"
"731ae07e654effeb727f40e7f1f6f87adcf77a1a"
"7639e193ff47f5b8165e606577db2d4a5f4a4bf4","EXTRACT","{function_declaration getResolvConfOptions(t *testing.T, rcPath string) at daemon/libnetwork/sandbox_dns_unix_test.go:17}","{function_declaration getResolvConf(t *testing.T, rcPath string) at daemon/libnetwork/sandbox_dns_unix_test.go:17}","8","8"
"eb18b398d4ad0ae20be58ee3e0cae6988ac9f465"
"937246a86837bb8d76725eef64696d1364bc6289"
"85b260fba8785e7cb767f14c58c533f21843de5e"
"a2de9bb33481eea872ff5ba88c2dd71caeb5f083"
"2effc1bfd4e63bd28b9377bf06fd696185e3fe72"
"84a251d039d1964899ba453a943f95c7ceb0bc75","CHANGE_SIGNATURE","{function_declaration validateIPAMConfigIsInRange(errs []error, cfg *networktypes.EndpointIPAMConfig, v4Subnets, v6Subnets []*libnetwork.IpamConf) at daemon/container_operations.go:601}","{function_declaration validateIPAMConfigIsInRange(errs []error, cfg *networktypes.EndpointIPAMConfig, v4Info, v6Info []*libnetwork.IpamInfo) at daemon/container_operations.go:601}","9","9"
"7e14b4d931c79c57b4963d37921e42f9d40b9930"
"517ae20be8f8a2aef37d07ff2284986ace6a9c44"
"54d269a3b403c6ff94a8ad83faa43f4b8a7b84ed"
"442f0115cd475631a21df274827a2e3b239a2bc7"
"93825e00e8401152a74bcd242a0422e2f9ffcdec"
"ed10b98506cff48c3ab90cd23519e5d2297f6414"
"9fbc9d6e6d56a8739c618e214910f7ad5d57a838"
"774bb532f1678993ce4536009b5b302f3d630aa4"
"e59d1b45636fe1a81220895cfc8aade337695c47","CHANGE_SIGNATURE","{method_declaration updateKeys(newKey, primaryKey, pruneKey *key) at daemon/libnetwork/drivers/overlay/encryption.go:471}","{method_declaration updateKeys(ctx context.Context, encrData discoverapi.DriverEncryptionUpdate) at daemon/libnetwork/drivers/overlay/encryption.go:479}","70","90"
"e59d1b45636fe1a81220895cfc8aade337695c47","EXTRACT","{method_declaration DiscoverNew(dType discoverapi.DiscoveryType, data any) at daemon/libnetwork/drivers/overlay/overlay.go:113}","{method_declaration setKeys(ctx context.Context, encrData discoverapi.DriverEncryptionConfig) at daemon/libnetwork/drivers/overlay/encryption.go:453}","55","23"
"f40b45ca1feeb9aa5dda0bb659777eb02f8a6074","CHANGE_SIGNATURE","{method_declaration updateKeys(newKey, primary, pruneKey *key) at daemon/libnetwork/drivers/overlay/encryption.go:467}","{method_declaration updateKeys(newKey, primaryKey, pruneKey *key) at daemon/libnetwork/drivers/overlay/encryption.go:471}","64","70"
"c9f0314f217d0809e06f3628f228ff956a94f07d","CHANGE_SIGNATURE","{method_declaration handleKeyChange(keys []*types.EncryptionKey) at daemon/libnetwork/agent.go:112}","{method_declaration handleKeyChange(encryptionKeys []*types.EncryptionKey) at daemon/libnetwork/agent.go:112}","106","113"
"de114677562333c9bb5105551377e3d936e6e464"
"de546caa92d39d88742667937f817632452fb014"
"029770595d52dcf0bac3b933432a9b85b0a587b7"
"9ab033cc8aa16a6ab1fe2ed3228b80ec6616834e"
"96b8f9c8ca2e15cd425e55fe1499827e9618859c","CHANGE_SIGNATURE","{method_declaration createContainerVolumesOS(ctx context.Context, container *container.Container, config *containertypes.Config, hostConfig *containertypes.HostConfig) at daemon/create_windows.go:23}","{method_declaration createContainerVolumesOS(ctx context.Context, ctr *container.Container, config *containertypes.Config) at daemon/create_windows.go:23}","59","57"
"96b8f9c8ca2e15cd425e55fe1499827e9618859c","CHANGE_SIGNATURE","{method_declaration createContainerOSSpecificSettings(ctx context.Context, container *container.Container, hostConfig *containertypes.HostConfig) at daemon/create_windows.go:14}","{method_declaration createContainerOSSpecificSettings(ctx context.Context, ctr *container.Container) at daemon/create_windows.go:14}","7","7"
"96b8f9c8ca2e15cd425e55fe1499827e9618859c","CHANGE_SIGNATURE","{method_declaration createContainerVolumesOS(ctx context.Context, container *container.Container, config *containertypes.Config, hostConfig *containertypes.HostConfig) at daemon/create_unix.go:39}","{method_declaration createContainerVolumesOS(ctx context.Context, ctr *container.Container, config *containertypes.Config) at daemon/create_unix.go:37}","43","43"
"96b8f9c8ca2e15cd425e55fe1499827e9618859c","CHANGE_SIGNATURE","{method_declaration createContainerOSSpecificSettings(ctx context.Context, container *container.Container, hostConfig *containertypes.HostConfig) at daemon/create_unix.go:25}","{method_declaration createContainerOSSpecificSettings(ctx context.Context, ctr *container.Container) at daemon/create_unix.go:25}","12","10"
"33032b045493bf408148efdca828d062e6d214f3","CHANGE_SIGNATURE","{method_declaration setSecurityOptions(cfg *config.Config, container *container.Container, hostConfig *containertypes.HostConfig) at daemon/container.go:208}","{method_declaration setSecurityOptions(cfg *config.Config, container *container.Container) at daemon/container.go:208}","5","5"
"34925e5be9fe19c87e7fea828316ac0e310f8b06"
"22c5c78bfb894cb42ddcd6ad749383d4678c71ca","CHANGE_SIGNATURE","{method_declaration setHostConfig(container *container.Container, hostConfig *containertypes.HostConfig, defaultReadOnlyNonRecursive bool) at daemon/container.go:214}","{method_declaration setHostConfig(container *container.Container, hostConfig *containertypes.HostConfig) at daemon/container.go:214}","13","7"
"22c5c78bfb894cb42ddcd6ad749383d4678c71ca","CHANGE_SIGNATURE","{method_declaration registerMountPoints(ctr *container.Container, hostConfig *containertypes.HostConfig, defaultReadOnlyNonRecursive bool) at daemon/volumes.go:70}","{method_declaration registerMountPoints(ctr *container.Container, defaultReadOnlyNonRecursive bool) at daemon/volumes.go:72}","240","240"
"48709e502fbcf7824b136f276484b3d0276813c3","RENAME","{method_declaration createContainerOSSpecificSettings(ctx context.Context, container *container.Container, config *containertypes.Config, hostConfig *containertypes.HostConfig) at daemon/create_unix.go:25}","{method_declaration createContainerVolumesOS(ctx context.Context, container *container.Container, config *containertypes.Config, hostConfig *containertypes.HostConfig) at daemon/create_unix.go:39}","53","43"
"48709e502fbcf7824b136f276484b3d0276813c3","RENAME","{method_declaration createContainerOSSpecificSettings(ctx context.Context, container *container.Container, config *containertypes.Config, hostConfig *containertypes.HostConfig) at daemon/create_windows.go:14}","{method_declaration createContainerVolumesOS(ctx context.Context, container *container.Container, config *containertypes.Config, hostConfig *containertypes.HostConfig) at daemon/create_windows.go:23}","63","59"
"4434236088cc71a2e80ad0064df06d0371dc38c3"
"e757bbb4ea504156b930c5c30e2dd9434d560bc7","CHANGE_SIGNATURE","{method_declaration registerLinks(container *container.Container, hostConfig *containertypes.HostConfig) at daemon/daemon_unix.go:1507}","{method_declaration registerLinks(ctr *container.Container) at daemon/daemon_unix.go:1507}","45","45"
"e757bbb4ea504156b930c5c30e2dd9434d560bc7","CHANGE_SIGNATURE","{method_declaration registerLinks(container *container.Container, hostConfig *containertypes.HostConfig) at daemon/daemon_windows.go:467}","{method_declaration registerLinks(container *container.Container) at daemon/daemon_windows.go:467}","3","3"
"92b4902b8d5e048d8c3ec4b80f8327a78218725e","CHANGE_SIGNATURE","{method_declaration registerMountPoints(container *container.Container, hostConfig *containertypes.HostConfig, defaultReadOnlyNonRecursive bool) at daemon/volumes.go:70}","{method_declaration registerMountPoints(ctr *container.Container, hostConfig *containertypes.HostConfig, defaultReadOnlyNonRecursive bool) at daemon/volumes.go:70}","240","240"
"5c9f2e0388804a972685128f50c2e7ecbc467a0c"
"4622dd0ccc397e3ff4ef27cb1b40214c7b387276"
"20d65620f97e99d8bca1dc557ed2d13e2790e3cb"
"b17eee7aadb587b8db774dd593aa70c346bdb29d"
"4e2e2cde7e2a4259c54a12112c68a3a4d58847ac","EXTRACT","{method_declaration negotiateAPIVersion(pingVersion string) at client/client.go:316}","{method_declaration setAPIVersion(version string) at vendor/github.com/moby/moby/client/client.go:356}","32","4"
"4e2e2cde7e2a4259c54a12112c68a3a4d58847ac","EXTRACT","{method_declaration negotiateAPIVersion(pingVersion string) at vendor/github.com/moby/moby/client/client.go:316}","{method_declaration setAPIVersion(version string) at vendor/github.com/moby/moby/client/client.go:356}","32","4"
"4e2e2cde7e2a4259c54a12112c68a3a4d58847ac","EXTRACT","{method_declaration negotiateAPIVersion(pingVersion string) at vendor/github.com/moby/moby/client/client.go:316}","{method_declaration setAPIVersion(version string) at client/client.go:356}","32","4"
"4e2e2cde7e2a4259c54a12112c68a3a4d58847ac","EXTRACT","{method_declaration negotiateAPIVersion(pingVersion string) at client/client.go:316}","{method_declaration setAPIVersion(version string) at client/client.go:356}","32","4"
"1731e9e72985630b8fbc66c9714a849b9f3856eb"
"68571329114f739cdfa3715670b3656f8a54f247"
"8f1134b46deb3cedf48d32111fa4c5d33caad611"
"3e4a3cb03e06818b831eed91257b21e3e4eeaa06"
"53764de8157b55f02c3b036802977b88b894f8d9"
"a5c7f3f9c887920877a08687c5e13a454e036d6f"
"bcc1db1ce5a63537a7180704b8af8bed8f119adb","RENAME","{function_declaration TestCustomAPIVersion(t *testing.T) at client/client_test.go:457}","{function_declaration TestOptionWithAPIVersionFromEnv(t *testing.T) at client/client_options_test.go:150}","72","102"
"83ad5c92f75dd78478bd09fd557d3158ceaa19e2"
"49c8d77639a83af7e363b4e6a457f40e2540b259"
"611c7dce4321ed0983648c67cd6124cae82237d5"
"4535d63c91bd7d2d2767346965f24ec5e6e5f28d"
"0af2962fddc0030a7ab97c3a46368ec04b44a7d7","CHANGE_SIGNATURE","{function_declaration containerListContainsName(containers []*containertypes.Summary, name string) at daemon/list_test.go:73}","{function_declaration containerListContainsName(containers []containertypes.Summary, name string) at daemon/list_test.go:73}","11","11"
"53ea70ea462c39008901d2d29e294db4f7859406"
"47bd247d4dc0f2bb079f807660efad42d0eeaef3"
"2e41476a5fe58ceae7b3523e5e27718c2c7590e6"
"94e83af71a22f45a7a12ce3efa6b14241e203ec8"
"62589a69612a74d52ecdd5bb09dcc8b7b3a11571"
"a5dec0a779a86514786d876bfc211478f10a6cc0"
"76a4381d45473ec3b1dff77ccb4de03fb73653e1"
"9af7fbff2ada62e2eaacba3d8e8758d3dc327ec3"
"391247ce9619136e3cfd150e0a3719ebdc8e510b","CHANGE_SIGNATURE","{function_declaration determineImageStoreChoice(cfgStore *config.Config) at daemon/image_store_choice.go:88}","{function_declaration determineImageStoreChoice(cfgStore *config.Config, opts determineImageStoreChoiceOptions) at daemon/image_store_choice.go:94}","67","60"
"391247ce9619136e3cfd150e0a3719ebdc8e510b","RENAME","{function_declaration chooseDriver(ctx context.Context, cfgGraphDriver string, imgStoreChoice imageStoreChoice) at daemon/image_store_choice.go:58}","{function_declaration getDriverOverride(ctx context.Context, cfgGraphDriver string, imgStoreChoice imageStoreChoice) at daemon/image_store_choice.go:58}","29","29"
"c5d0e3e6fa41e4f43cac7d5479f1b3b1b1ca409e"
"17a3357e32054ed9b92d0a1704d071b41018bde4"
"dae3650dcc2f30afc7ca957c9f0123d669363a82","EXTRACT","{function_declaration WithVersion(version string) at client/client_options.go:251}","{function_declaration WithAPIVersion(version string) at vendor/github.com/moby/moby/client/client_options.go:252}","9","9"
"dae3650dcc2f30afc7ca957c9f0123d669363a82","EXTRACT","{function_declaration WithVersion(version string) at vendor/github.com/moby/moby/client/client_options.go:251}","{function_declaration WithAPIVersion(version string) at client/client_options.go:252}","9","9"
"dae3650dcc2f30afc7ca957c9f0123d669363a82","RENAME","{function_declaration TestOptionWithVersionFromEnv(t *testing.T) at client/client_options_test.go:47}","{function_declaration TestOptionAPIWithVersionFromEnv(t *testing.T) at client/client_options_test.go:47}","15","15"
"dae3650dcc2f30afc7ca957c9f0123d669363a82","EXTRACT","{function_declaration WithVersion(version string) at client/client_options.go:251}","{function_declaration WithAPIVersion(version string) at client/client_options.go:252}","9","9"
"dae3650dcc2f30afc7ca957c9f0123d669363a82","EXTRACT","{function_declaration WithVersion(version string) at vendor/github.com/moby/moby/client/client_options.go:251}","{function_declaration WithAPIVersion(version string) at vendor/github.com/moby/moby/client/client_options.go:252}","9","9"
"e5db2380f584e669a623d572ea37a99cdeb9e8ba"
"5cf1fb395468220fb02cf57ade90222df3438f0c"
"0f597561e86e842d771cca861928afa4862dae8a"
"2729703967ed3be7d62d9828acfa9bf331c70ef8"
"b29990916dad097fcaf2eb289a5659e2d17f77ce"
"47e852f061f6da1e73229e7daf024a0b4b7a251b"
"16b95ba758435470b5132990f549c6e46181427b"
"b4f9bd1cb3ccf018a65d4e26b50e4051d15d65d6"
"3874ca598472f8d1e65e921007dc71c5c2177cb9","EXTRACT","{method_declaration SizeVT() at vendor/github.com/moby/buildkit/frontend/gateway/pb/gateway_vtproto.pb.go:5930}","{method_declaration SizeVT() at vendor/github.com/moby/buildkit/frontend/gateway/pb/gateway_vtproto.pb.go:7547}","66","9"
"3874ca598472f8d1e65e921007dc71c5c2177cb9","EXTRACT","{method_declaration CloneVT() at vendor/github.com/moby/buildkit/frontend/gateway/pb/gateway_vtproto.pb.go:1028}","{method_declaration CloneVT() at vendor/github.com/moby/buildkit/frontend/gateway/pb/gateway_vtproto.pb.go:1263}","19","17"
"3874ca598472f8d1e65e921007dc71c5c2177cb9","EXTRACT","{method_declaration UnmarshalVT(dAtA []byte) at vendor/github.com/moby/buildkit/frontend/gateway/pb/gateway_vtproto.pb.go:9975}","{method_declaration UnmarshalVT(dAtA []byte) at vendor/github.com/moby/buildkit/frontend/gateway/pb/gateway_vtproto.pb.go:15251}","210","89"
"3874ca598472f8d1e65e921007dc71c5c2177cb9","EXTRACT","{method_declaration SizeVT() at vendor/github.com/moby/buildkit/frontend/gateway/pb/gateway_vtproto.pb.go:6233}","{method_declaration SizeVT() at vendor/github.com/moby/buildkit/frontend/gateway/pb/gateway_vtproto.pb.go:7635}","40","28"
"3874ca598472f8d1e65e921007dc71c5c2177cb9","EXTRACT_MOVE","{method_declaration CloneVT() at vendor/github.com/moby/buildkit/frontend/gateway/pb/gateway_vtproto.pb.go:772}","{method_declaration CloneVT() at vendor/github.com/moby/buildkit/sourcepolicy/policysession/policysession_vtproto.pb.go:89}","36","20"
"3874ca598472f8d1e65e921007dc71c5c2177cb9","EXTRACT","{method_declaration MarshalToSizedBufferVT(dAtA []byte) at vendor/github.com/moby/buildkit/frontend/gateway/pb/gateway_vtproto.pb.go:3828}","{method_declaration MarshalToSizedBufferVT(dAtA []byte) at vendor/github.com/moby/buildkit/frontend/gateway/pb/gateway_vtproto.pb.go:6273}","143","31"
"3874ca598472f8d1e65e921007dc71c5c2177cb9","EXTRACT_MOVE","{method_declaration UnmarshalVT(dAtA []byte) at vendor/github.com/moby/buildkit/frontend/gateway/pb/gateway_vtproto.pb.go:9418}","{method_declaration UnmarshalVT(dAtA []byte) at vendor/github.com/moby/buildkit/sourcepolicy/policysession/policysession_vtproto.pb.go:1039}","557","140"
"3874ca598472f8d1e65e921007dc71c5c2177cb9","INLINE","{function_declaration stringValuesFromFlagIfPossible(f *Flag) at vendor/github.com/moby/buildkit/frontend/dockerfile/instructions/parse.go:316}","{function_declaration parseAdd(req parseRequest) at vendor/github.com/moby/buildkit/frontend/dockerfile/instructions/parse.go:314}","7","45"
"3874ca598472f8d1e65e921007dc71c5c2177cb9","EXTRACT_MOVE","{method_declaration SizeVT() at vendor/github.com/moby/buildkit/frontend/gateway/pb/gateway_vtproto.pb.go:6474}","{method_declaration SizeVT() at vendor/github.com/moby/buildkit/sourcepolicy/policysession/policysession_vtproto.pb.go:590}","36","12"
"3874ca598472f8d1e65e921007dc71c5c2177cb9","EXTRACT_MOVE","{method_declaration SizeVT() at vendor/github.com/moby/buildkit/frontend/gateway/pb/gateway_vtproto.pb.go:5930}","{method_declaration SizeVT() at vendor/github.com/moby/buildkit/sourcepolicy/policysession/policysession_vtproto.pb.go:617}","66","14"
"3874ca598472f8d1e65e921007dc71c5c2177cb9","EXTRACT","{method_declaration SizeVT() at vendor/github.com/moby/buildkit/frontend/gateway/pb/gateway_vtproto.pb.go:6554}","{method_declaration SizeVT() at vendor/github.com/moby/buildkit/frontend/gateway/pb/gateway_vtproto.pb.go:7547}","19","9"
"3874ca598472f8d1e65e921007dc71c5c2177cb9","EXTRACT","{method_declaration UnmarshalVT(dAtA []byte) at vendor/github.com/moby/buildkit/frontend/gateway/pb/gateway_vtproto.pb.go:9418}","{method_declaration UnmarshalVT(dAtA []byte) at vendor/github.com/moby/buildkit/frontend/gateway/pb/gateway_vtproto.pb.go:15076}","557","51"
"3874ca598472f8d1e65e921007dc71c5c2177cb9","EXTRACT","{method_declaration MarshalToSizedBufferVT(dAtA []byte) at vendor/github.com/moby/buildkit/frontend/gateway/pb/gateway_vtproto.pb.go:5162}","{method_declaration MarshalToSizedBufferVT(dAtA []byte) at vendor/github.com/moby/buildkit/frontend/gateway/pb/gateway_vtproto.pb.go:6069}","78","14"
"3874ca598472f8d1e65e921007dc71c5c2177cb9","EXTRACT_MOVE","{method_declaration SizeVT() at vendor/github.com/moby/buildkit/frontend/gateway/pb/gateway_vtproto.pb.go:6233}","{method_declaration SizeVT() at vendor/github.com/moby/buildkit/sourcepolicy/policysession/policysession_vtproto.pb.go:564}","40","25"
"3874ca598472f8d1e65e921007dc71c5c2177cb9","EXTRACT","{method_declaration CloneVT() at vendor/github.com/moby/buildkit/frontend/gateway/pb/gateway_vtproto.pb.go:996}","{method_declaration CloneVT() at vendor/github.com/moby/buildkit/frontend/gateway/pb/gateway_vtproto.pb.go:1228}","27","13"
"3874ca598472f8d1e65e921007dc71c5c2177cb9","EXTRACT","{method_declaration MarshalToSizedBufferVT(dAtA []byte) at vendor/github.com/moby/buildkit/frontend/gateway/pb/gateway_vtproto.pb.go:4627}","{method_declaration MarshalToSizedBufferVT(dAtA []byte) at vendor/github.com/moby/buildkit/frontend/gateway/pb/gateway_vtproto.pb.go:6135}","71","36"
"3874ca598472f8d1e65e921007dc71c5c2177cb9","INLINE","{function_declaration stringValuesFromFlagIfPossible(f *Flag) at vendor/github.com/moby/buildkit/frontend/dockerfile/instructions/parse.go:316}","{function_declaration parseCopy(req parseRequest) at vendor/github.com/moby/buildkit/frontend/dockerfile/instructions/parse.go:360}","7","32"
"3874ca598472f8d1e65e921007dc71c5c2177cb9","EXTRACT","{method_declaration CloneVT() at vendor/github.com/moby/buildkit/frontend/gateway/pb/gateway_vtproto.pb.go:996}","{method_declaration CloneVT() at vendor/github.com/moby/buildkit/frontend/gateway/pb/gateway_vtproto.pb.go:1205}","27","18"
"3874ca598472f8d1e65e921007dc71c5c2177cb9","EXTRACT","{method_declaration MarshalToSizedBufferVT(dAtA []byte) at vendor/github.com/moby/buildkit/frontend/gateway/pb/gateway_vtproto.pb.go:5385}","{method_declaration MarshalToSizedBufferVT(dAtA []byte) at vendor/github.com/moby/buildkit/frontend/gateway/pb/gateway_vtproto.pb.go:6273}","36","31"
"3874ca598472f8d1e65e921007dc71c5c2177cb9","EXTRACT_MOVE","{method_declaration MarshalToSizedBufferVT(dAtA []byte) at vendor/github.com/moby/buildkit/frontend/gateway/pb/gateway_vtproto.pb.go:3828}","{method_declaration MarshalToSizedBufferVT(dAtA []byte) at vendor/github.com/moby/buildkit/sourcepolicy/policysession/policysession_vtproto.pb.go:446}","143","18"
"3874ca598472f8d1e65e921007dc71c5c2177cb9","EXTRACT","{method_declaration SizeVT() at vendor/github.com/moby/buildkit/frontend/gateway/pb/gateway_vtproto.pb.go:6474}","{method_declaration SizeVT() at vendor/github.com/moby/buildkit/frontend/gateway/pb/gateway_vtproto.pb.go:7547}","36","9"
"3874ca598472f8d1e65e921007dc71c5c2177cb9","EXTRACT_MOVE","{method_declaration MarshalToSizedBufferVT(dAtA []byte) at vendor/github.com/moby/buildkit/frontend/gateway/pb/gateway_vtproto.pb.go:3828}","{method_declaration MarshalToSizedBufferVT(dAtA []byte) at vendor/github.com/moby/buildkit/sourcepolicy/policysession/policysession_vtproto.pb.go:482}","143","41"
"3874ca598472f8d1e65e921007dc71c5c2177cb9","EXTRACT","{method_declaration CloneVT() at vendor/github.com/moby/buildkit/frontend/gateway/pb/gateway_vtproto.pb.go:1084}","{method_declaration CloneVT() at vendor/github.com/moby/buildkit/frontend/gateway/pb/gateway_vtproto.pb.go:1263}","18","17"
"3874ca598472f8d1e65e921007dc71c5c2177cb9","EXTRACT_MOVE","{method_declaration MarshalToSizedBufferVT(dAtA []byte) at vendor/github.com/moby/buildkit/frontend/gateway/pb/gateway_vtproto.pb.go:5162}","{method_declaration MarshalToSizedBufferVT(dAtA []byte) at vendor/github.com/moby/buildkit/sourcepolicy/policysession/policysession_vtproto.pb.go:319}","78","56"
"3874ca598472f8d1e65e921007dc71c5c2177cb9","EXTRACT_MOVE","{method_declaration SizeVT() at vendor/github.com/moby/buildkit/frontend/gateway/pb/gateway_vtproto.pb.go:5930}","{method_declaration SizeVT() at vendor/github.com/moby/buildkit/sourcepolicy/policysession/policysession_vtproto.pb.go:603}","66","14"
"3874ca598472f8d1e65e921007dc71c5c2177cb9","EXTRACT","{method_declaration UnmarshalVT(dAtA []byte) at vendor/github.com/moby/buildkit/frontend/gateway/pb/gateway_vtproto.pb.go:11417}","{method_declaration UnmarshalVT(dAtA []byte) at vendor/github.com/moby/buildkit/frontend/gateway/pb/gateway_vtproto.pb.go:15340}","270","83"
"3874ca598472f8d1e65e921007dc71c5c2177cb9","EXTRACT_MOVE","{method_declaration SizeVT() at vendor/github.com/moby/buildkit/frontend/gateway/pb/gateway_vtproto.pb.go:5930}","{method_declaration SizeVT() at vendor/github.com/moby/buildkit/sourcepolicy/policysession/policysession_vtproto.pb.go:590}","66","12"
"3874ca598472f8d1e65e921007dc71c5c2177cb9","EXTRACT_MOVE","{method_declaration UnmarshalVT(dAtA []byte) at vendor/github.com/moby/buildkit/frontend/gateway/pb/gateway_vtproto.pb.go:11417}","{method_declaration UnmarshalVT(dAtA []byte) at vendor/github.com/moby/buildkit/sourcepolicy/policysession/policysession_vtproto.pb.go:1039}","270","140"
"3874ca598472f8d1e65e921007dc71c5c2177cb9","EXTRACT_MOVE","{method_declaration CloneVT() at vendor/github.com/moby/buildkit/frontend/gateway/pb/gateway_vtproto.pb.go:996}","{method_declaration CloneVT() at vendor/github.com/moby/buildkit/sourcepolicy/policysession/policysession_vtproto.pb.go:50}","27","16"
"3874ca598472f8d1e65e921007dc71c5c2177cb9","EXTRACT","{method_declaration SizeVT() at vendor/github.com/moby/buildkit/frontend/gateway/pb/gateway_vtproto.pb.go:6511}","{method_declaration SizeVT() at vendor/github.com/moby/buildkit/frontend/gateway/pb/gateway_vtproto.pb.go:7557}","22","9"
"3874ca598472f8d1e65e921007dc71c5c2177cb9","EXTRACT_MOVE","{method_declaration UnmarshalVT(dAtA []byte) at vendor/github.com/moby/buildkit/frontend/gateway/pb/gateway_vtproto.pb.go:9975}","{method_declaration UnmarshalVT(dAtA []byte) at vendor/github.com/moby/buildkit/sourcepolicy/policysession/policysession_vtproto.pb.go:1179}","210","83"
"3874ca598472f8d1e65e921007dc71c5c2177cb9","EXTRACT","{method_declaration CloneVT() at vendor/github.com/moby/buildkit/frontend/gateway/pb/gateway_vtproto.pb.go:996}","{method_declaration CloneVT() at vendor/github.com/moby/buildkit/frontend/gateway/pb/gateway_vtproto.pb.go:1285}","27","21"
"3874ca598472f8d1e65e921007dc71c5c2177cb9","CHANGE_SIGNATURE","{method_declaration Snapshot(ctx context.Context, g session.Group) at vendor/github.com/moby/buildkit/source/containerimage/pull.go:209}","{method_declaration Snapshot(ctx context.Context, jobCtx solver.JobContext) at vendor/github.com/moby/buildkit/source/containerimage/pull.go:213}","82","86"
"3874ca598472f8d1e65e921007dc71c5c2177cb9","EXTRACT_MOVE","{method_declaration SizeVT() at vendor/github.com/moby/buildkit/frontend/gateway/pb/gateway_vtproto.pb.go:6233}","{method_declaration SizeVT() at vendor/github.com/moby/buildkit/sourcepolicy/policysession/policysession_vtproto.pb.go:631}","40","22"
"3874ca598472f8d1e65e921007dc71c5c2177cb9","EXTRACT","{method_declaration UnmarshalVT(dAtA []byte) at vendor/github.com/moby/buildkit/frontend/gateway/pb/gateway_vtproto.pb.go:9418}","{method_declaration UnmarshalVT(dAtA []byte) at vendor/github.com/moby/buildkit/frontend/gateway/pb/gateway_vtproto.pb.go:15340}","557","83"
"3874ca598472f8d1e65e921007dc71c5c2177cb9","EXTRACT","{method_declaration MarshalToSizedBufferVT(dAtA []byte) at vendor/github.com/moby/buildkit/frontend/gateway/pb/gateway_vtproto.pb.go:3828}","{method_declaration MarshalToSizedBufferVT(dAtA []byte) at vendor/github.com/moby/buildkit/frontend/gateway/pb/gateway_vtproto.pb.go:6069}","143","14"
"3874ca598472f8d1e65e921007dc71c5c2177cb9","EXTRACT","{method_declaration CloneVT() at vendor/github.com/moby/buildkit/frontend/gateway/pb/gateway_vtproto.pb.go:1084}","{method_declaration CloneVT() at vendor/github.com/moby/buildkit/frontend/gateway/pb/gateway_vtproto.pb.go:1246}","18","12"
"3874ca598472f8d1e65e921007dc71c5c2177cb9","CHANGE_SIGNATURE","{method_declaration CacheMap(ctx context.Context, g session.Group, index int) at vendor/github.com/moby/buildkit/solver/llbsolver/ops/file.go:55}","{method_declaration CacheMap(ctx context.Context, jobCtx solver.JobContext, index int) at vendor/github.com/moby/buildkit/solver/llbsolver/ops/file.go:55}","120","120"
"3874ca598472f8d1e65e921007dc71c5c2177cb9","EXTRACT_MOVE","{method_declaration UnmarshalVT(dAtA []byte) at vendor/github.com/moby/buildkit/frontend/gateway/pb/gateway_vtproto.pb.go:11417}","{method_declaration UnmarshalVT(dAtA []byte) at vendor/github.com/moby/buildkit/sourcepolicy/policysession/policysession_vtproto.pb.go:906}","270","133"
"3874ca598472f8d1e65e921007dc71c5c2177cb9","EXTRACT","{method_declaration UnmarshalVT(dAtA []byte) at vendor/github.com/moby/buildkit/frontend/gateway/pb/gateway_vtproto.pb.go:11417}","{method_declaration UnmarshalVT(dAtA []byte) at vendor/github.com/moby/buildkit/frontend/gateway/pb/gateway_vtproto.pb.go:15025}","270","51"
"3874ca598472f8d1e65e921007dc71c5c2177cb9","CHANGE_SIGNATURE","{function_declaration getRemoteChain(layers []CacheLayer, idx int, provider DescriptorProvider, visited map[int]struct{}) at vendor/github.com/moby/buildkit/cache/remotecache/v1/parse.go:115}","{function_declaration getRemoteChain(layers []cacheimporttypes.CacheLayer, idx int, provider DescriptorProvider, visited map[int]struct{}) at vendor/github.com/moby/buildkit/cache/remotecache/v1/parse.go:116}","38","38"
"3874ca598472f8d1e65e921007dc71c5c2177cb9","EXTRACT_MOVE","{function_declaration findMaterial(srcs provenancetypes.Sources, uri string) at vendor/github.com/moby/buildkit/solver/llbsolver/provenance/predicate.go:72}","{function_declaration FragmentFormat(remote string) at vendor/github.com/moby/buildkit/frontend/dockerfile/dfgitutil/git_ref.go:218}","50","11"
"3874ca598472f8d1e65e921007dc71c5c2177cb9","EXTRACT","{method_declaration MarshalToSizedBufferVT(dAtA []byte) at vendor/github.com/moby/buildkit/frontend/gateway/pb/gateway_vtproto.pb.go:5162}","{method_declaration MarshalToSizedBufferVT(dAtA []byte) at vendor/github.com/moby/buildkit/frontend/gateway/pb/gateway_vtproto.pb.go:6135}","78","36"
"3874ca598472f8d1e65e921007dc71c5c2177cb9","EXTRACT_MOVE","{method_declaration SizeVT() at vendor/github.com/moby/buildkit/frontend/gateway/pb/gateway_vtproto.pb.go:6511}","{method_declaration SizeVT() at vendor/github.com/moby/buildkit/sourcepolicy/policysession/policysession_vtproto.pb.go:590}","22","12"
"3874ca598472f8d1e65e921007dc71c5c2177cb9","EXTRACT_MOVE","{method_declaration MarshalToSizedBufferVT(dAtA []byte) at vendor/github.com/moby/buildkit/frontend/gateway/pb/gateway_vtproto.pb.go:4627}","{method_declaration MarshalToSizedBufferVT(dAtA []byte) at vendor/github.com/moby/buildkit/sourcepolicy/policysession/policysession_vtproto.pb.go:394}","71","23"
"3874ca598472f8d1e65e921007dc71c5c2177cb9","EXTRACT_MOVE","{method_declaration SizeVT() at vendor/github.com/moby/buildkit/frontend/gateway/pb/gateway_vtproto.pb.go:6474}","{method_declaration SizeVT() at vendor/github.com/moby/buildkit/sourcepolicy/policysession/policysession_vtproto.pb.go:603}","36","14"
"3874ca598472f8d1e65e921007dc71c5c2177cb9","EXTRACT","{method_declaration CloneVT() at vendor/github.com/moby/buildkit/frontend/gateway/pb/gateway_vtproto.pb.go:772}","{method_declaration CloneVT() at vendor/github.com/moby/buildkit/frontend/gateway/pb/gateway_vtproto.pb.go:1246}","36","12"
"3874ca598472f8d1e65e921007dc71c5c2177cb9","EXTRACT","{method_declaration MarshalToSizedBufferVT(dAtA []byte) at vendor/github.com/moby/buildkit/frontend/gateway/pb/gateway_vtproto.pb.go:5162}","{method_declaration MarshalToSizedBufferVT(dAtA []byte) at vendor/github.com/moby/buildkit/frontend/gateway/pb/gateway_vtproto.pb.go:6273}","78","31"
"3874ca598472f8d1e65e921007dc71c5c2177cb9","EXTRACT_MOVE","{method_declaration SizeVT() at vendor/github.com/moby/buildkit/frontend/gateway/pb/gateway_vtproto.pb.go:6474}","{method_declaration SizeVT() at vendor/github.com/moby/buildkit/sourcepolicy/policysession/policysession_vtproto.pb.go:654}","36","13"
"3874ca598472f8d1e65e921007dc71c5c2177cb9","EXTRACT","{method_declaration SizeVT() at vendor/github.com/moby/buildkit/frontend/gateway/pb/gateway_vtproto.pb.go:6511}","{method_declaration SizeVT() at vendor/github.com/moby/buildkit/frontend/gateway/pb/gateway_vtproto.pb.go:7547}","22","9"
"3874ca598472f8d1e65e921007dc71c5c2177cb9","EXTRACT_MOVE","{method_declaration UnmarshalVT(dAtA []byte) at vendor/github.com/moby/buildkit/frontend/gateway/pb/gateway_vtproto.pb.go:9418}","{method_declaration UnmarshalVT(dAtA []byte) at vendor/github.com/moby/buildkit/sourcepolicy/policysession/policysession_vtproto.pb.go:906}","557","133"
"3874ca598472f8d1e65e921007dc71c5c2177cb9","RENAME","{method_declaration ResolveImageConfig(ctx context.Context, ref string, opt sourceresolver.Opt, sm *session.Manager, g session.Group) at vendor/github.com/moby/buildkit/source/containerimage/source.go:156}","{method_declaration ResolveOCILayoutMetadata(ctx context.Context, id *OCIIdentifier, opt *sourceresolver.ResolveOCILayoutOpt, sm *session.Manager, g session.Group) at vendor/github.com/moby/buildkit/source/containerimage/source.go:260}","48","38"
"3874ca598472f8d1e65e921007dc71c5c2177cb9","EXTRACT","{method_declaration SizeVT() at vendor/github.com/moby/buildkit/frontend/gateway/pb/gateway_vtproto.pb.go:6474}","{method_declaration SizeVT() at vendor/github.com/moby/buildkit/frontend/gateway/pb/gateway_vtproto.pb.go:7557}","36","9"
"3874ca598472f8d1e65e921007dc71c5c2177cb9","EXTRACT","{method_declaration UnmarshalVT(dAtA []byte) at vendor/github.com/moby/buildkit/frontend/gateway/pb/gateway_vtproto.pb.go:9418}","{method_declaration UnmarshalVT(dAtA []byte) at vendor/github.com/moby/buildkit/frontend/gateway/pb/gateway_vtproto.pb.go:15025}","557","51"
"3874ca598472f8d1e65e921007dc71c5c2177cb9","EXTRACT","{method_declaration MarshalToSizedBufferVT(dAtA []byte) at vendor/github.com/moby/buildkit/frontend/gateway/pb/gateway_vtproto.pb.go:5259}","{method_declaration MarshalToSizedBufferVT(dAtA []byte) at vendor/github.com/moby/buildkit/frontend/gateway/pb/gateway_vtproto.pb.go:6069}","41","14"
"3874ca598472f8d1e65e921007dc71c5c2177cb9","CHANGE_SIGNATURE","{method_declaration CacheMap(ctx context.Context, g session.Group, index int) at vendor/github.com/moby/buildkit/solver/llbsolver/ops/source.go:77}","{method_declaration CacheMap(ctx context.Context, jobCtx solver.JobContext, index int) at vendor/github.com/moby/buildkit/solver/llbsolver/ops/source.go:77}","29","29"
"3874ca598472f8d1e65e921007dc71c5c2177cb9","CHANGE_SIGNATURE","{function_declaration addSelector(m map[int][]opsutils.Selector, idx int, sel string, wildcard, followLinks bool, includePatterns, excludePatterns []string) at vendor/github.com/moby/buildkit/solver/llbsolver/ops/file.go:218}","{function_declaration addSelector(m map[int][]opsutils.Selector, idx int, sel string, wildcard, followLinks bool, includePatterns, excludePatterns, requiredPaths []string) at vendor/github.com/moby/buildkit/solver/llbsolver/ops/file.go:218}","11","12"
"3874ca598472f8d1e65e921007dc71c5c2177cb9","EXTRACT","{method_declaration MarshalToSizedBufferVT(dAtA []byte) at vendor/github.com/moby/buildkit/frontend/gateway/pb/gateway_vtproto.pb.go:4627}","{method_declaration MarshalToSizedBufferVT(dAtA []byte) at vendor/github.com/moby/buildkit/frontend/gateway/pb/gateway_vtproto.pb.go:6102}","71","14"
"3874ca598472f8d1e65e921007dc71c5c2177cb9","EXTRACT_MOVE","{method_declaration SizeVT() at vendor/github.com/moby/buildkit/frontend/gateway/pb/gateway_vtproto.pb.go:6474}","{method_declaration SizeVT() at vendor/github.com/moby/buildkit/sourcepolicy/policysession/policysession_vtproto.pb.go:617}","36","14"
"3874ca598472f8d1e65e921007dc71c5c2177cb9","EXTRACT","{method_declaration CloneVT() at vendor/github.com/moby/buildkit/frontend/gateway/pb/gateway_vtproto.pb.go:1028}","{method_declaration CloneVT() at vendor/github.com/moby/buildkit/frontend/gateway/pb/gateway_vtproto.pb.go:1246}","19","12"
"3874ca598472f8d1e65e921007dc71c5c2177cb9","EXTRACT","{method_declaration MarshalToSizedBufferVT(dAtA []byte) at vendor/github.com/moby/buildkit/frontend/gateway/pb/gateway_vtproto.pb.go:4627}","{method_declaration MarshalToSizedBufferVT(dAtA []byte) at vendor/github.com/moby/buildkit/frontend/gateway/pb/gateway_vtproto.pb.go:6323}","71","52"
"3874ca598472f8d1e65e921007dc71c5c2177cb9","EXTRACT","{method_declaration UnmarshalVT(dAtA []byte) at vendor/github.com/moby/buildkit/frontend/gateway/pb/gateway_vtproto.pb.go:9418}","{method_declaration UnmarshalVT(dAtA []byte) at vendor/github.com/moby/buildkit/frontend/gateway/pb/gateway_vtproto.pb.go:15127}","557","124"
"3874ca598472f8d1e65e921007dc71c5c2177cb9","EXTRACT","{method_declaration CloneVT() at vendor/github.com/moby/buildkit/frontend/gateway/pb/gateway_vtproto.pb.go:996}","{method_declaration CloneVT() at vendor/github.com/moby/buildkit/frontend/gateway/pb/gateway_vtproto.pb.go:1189}","27","11"
"3874ca598472f8d1e65e921007dc71c5c2177cb9","EXTRACT","{method_declaration CloneVT() at vendor/github.com/moby/buildkit/frontend/gateway/pb/gateway_vtproto.pb.go:1084}","{method_declaration CloneVT() at vendor/github.com/moby/buildkit/frontend/gateway/pb/gateway_vtproto.pb.go:1173}","18","11"
"3874ca598472f8d1e65e921007dc71c5c2177cb9","EXTRACT","{method_declaration MarshalToSizedBufferVT(dAtA []byte) at vendor/github.com/moby/buildkit/frontend/gateway/pb/gateway_vtproto.pb.go:5385}","{method_declaration MarshalToSizedBufferVT(dAtA []byte) at vendor/github.com/moby/buildkit/frontend/gateway/pb/gateway_vtproto.pb.go:6190}","36","24"
"3874ca598472f8d1e65e921007dc71c5c2177cb9","CHANGE_SIGNATURE","{method_declaration formatCacheKey(filename string, dgst digest.Digest, lastModTime string) at vendor/github.com/moby/buildkit/source/http/source.go:181}","{method_declaration formatCacheKey(filename string, dgst digest.Digest, lastModTime *time.Time) at vendor/github.com/moby/buildkit/source/http/source.go:202}","26","30"
"3874ca598472f8d1e65e921007dc71c5c2177cb9","EXTRACT","{method_declaration SizeVT() at vendor/github.com/moby/buildkit/frontend/gateway/pb/gateway_vtproto.pb.go:6554}","{method_declaration SizeVT() at vendor/github.com/moby/buildkit/frontend/gateway/pb/gateway_vtproto.pb.go:7603}","19","13"
"3874ca598472f8d1e65e921007dc71c5c2177cb9","EXTRACT_MOVE","{method_declaration CloneVT() at vendor/github.com/moby/buildkit/frontend/gateway/pb/gateway_vtproto.pb.go:996}","{method_declaration CloneVT() at vendor/github.com/moby/buildkit/sourcepolicy/policysession/policysession_vtproto.pb.go:25}","27","20"
"3874ca598472f8d1e65e921007dc71c5c2177cb9","EXTRACT_MOVE","{method_declaration UnmarshalVT(dAtA []byte) at vendor/github.com/moby/buildkit/frontend/gateway/pb/gateway_vtproto.pb.go:9418}","{method_declaration UnmarshalVT(dAtA []byte) at vendor/github.com/moby/buildkit/sourcepolicy/policysession/policysession_vtproto.pb.go:1179}","557","83"
"3874ca598472f8d1e65e921007dc71c5c2177cb9","EXTRACT","{method_declaration CloneVT() at vendor/github.com/moby/buildkit/frontend/gateway/pb/gateway_vtproto.pb.go:1084}","{method_declaration CloneVT() at vendor/github.com/moby/buildkit/frontend/gateway/pb/gateway_vtproto.pb.go:1189}","18","11"
"3874ca598472f8d1e65e921007dc71c5c2177cb9","EXTRACT","{method_declaration UnmarshalVT(dAtA []byte) at vendor/github.com/moby/buildkit/frontend/gateway/pb/gateway_vtproto.pb.go:11417}","{method_declaration UnmarshalVT(dAtA []byte) at vendor/github.com/moby/buildkit/frontend/gateway/pb/gateway_vtproto.pb.go:15423}","270","121"
"3874ca598472f8d1e65e921007dc71c5c2177cb9","CHANGE_SIGNATURE","{method_declaration ResolveImageConfig(ctx context.Context, ref string, opt sourceresolver.Opt, sm *session.Manager, g session.Group) at daemon/internal/builder-next/worker/worker.go:311}","{method_declaration ResolveImageConfig(ctx context.Context, ref string, opt sourceresolver.Opt, sm *session.Manager, jobCtx solver.JobContext) at daemon/internal/builder-next/worker/worker.go:369}","3","3"
"3874ca598472f8d1e65e921007dc71c5c2177cb9","EXTRACT","{method_declaration UnmarshalVT(dAtA []byte) at vendor/github.com/moby/buildkit/frontend/gateway/pb/gateway_vtproto.pb.go:11417}","{method_declaration UnmarshalVT(dAtA []byte) at vendor/github.com/moby/buildkit/frontend/gateway/pb/gateway_vtproto.pb.go:15251}","270","89"
"3874ca598472f8d1e65e921007dc71c5c2177cb9","EXTRACT_MOVE","{method_declaration CloneVT() at vendor/github.com/moby/buildkit/frontend/gateway/pb/gateway_vtproto.pb.go:772}","{method_declaration CloneVT() at vendor/github.com/moby/buildkit/sourcepolicy/policysession/policysession_vtproto.pb.go:114}","36","12"
"3874ca598472f8d1e65e921007dc71c5c2177cb9","EXTRACT_MOVE","{method_declaration SizeVT() at vendor/github.com/moby/buildkit/frontend/gateway/pb/gateway_vtproto.pb.go:6233}","{method_declaration SizeVT() at vendor/github.com/moby/buildkit/sourcepolicy/policysession/policysession_vtproto.pb.go:603}","40","14"
"3874ca598472f8d1e65e921007dc71c5c2177cb9","CHANGE_SIGNATURE","{method_declaration InContext(ctx context.Context, f func(context.Context, session.Group) error) at vendor/github.com/moby/buildkit/solver/jobs.go:823}","{method_declaration InContext(ctx context.Context, f func(context.Context, JobContext) error) at vendor/github.com/moby/buildkit/solver/jobs.go:867}","3","3"
"3874ca598472f8d1e65e921007dc71c5c2177cb9","EXTRACT","{method_declaration SizeVT() at vendor/github.com/moby/buildkit/frontend/gateway/pb/gateway_vtproto.pb.go:5930}","{method_declaration SizeVT() at vendor/github.com/moby/buildkit/frontend/gateway/pb/gateway_vtproto.pb.go:7635}","66","28"
"3874ca598472f8d1e65e921007dc71c5c2177cb9","EXTRACT","{method_declaration MarshalToSizedBufferVT(dAtA []byte) at vendor/github.com/moby/buildkit/frontend/gateway/pb/gateway_vtproto.pb.go:5385}","{method_declaration MarshalToSizedBufferVT(dAtA []byte) at vendor/github.com/moby/buildkit/frontend/gateway/pb/gateway_vtproto.pb.go:6069}","36","14"
"3874ca598472f8d1e65e921007dc71c5c2177cb9","EXTRACT","{method_declaration UnmarshalVT(dAtA []byte) at vendor/github.com/moby/buildkit/frontend/gateway/pb/gateway_vtproto.pb.go:9418}","{method_declaration UnmarshalVT(dAtA []byte) at vendor/github.com/moby/buildkit/frontend/gateway/pb/gateway_vtproto.pb.go:15251}","557","89"
"3874ca598472f8d1e65e921007dc71c5c2177cb9","EXTRACT","{method_declaration UnmarshalVT(dAtA []byte) at vendor/github.com/moby/buildkit/frontend/gateway/pb/gateway_vtproto.pb.go:9418}","{method_declaration UnmarshalVT(dAtA []byte) at vendor/github.com/moby/buildkit/frontend/gateway/pb/gateway_vtproto.pb.go:15423}","557","121"
"3874ca598472f8d1e65e921007dc71c5c2177cb9","EXTRACT","{method_declaration MarshalToSizedBufferVT(dAtA []byte) at vendor/github.com/moby/buildkit/frontend/gateway/pb/gateway_vtproto.pb.go:3828}","{method_declaration MarshalToSizedBufferVT(dAtA []byte) at vendor/github.com/moby/buildkit/frontend/gateway/pb/gateway_vtproto.pb.go:6135}","143","36"
"3874ca598472f8d1e65e921007dc71c5c2177cb9","CHANGE_SIGNATURE","{method_declaration InContext(ctx context.Context, f func(context.Context, session.Group) error) at vendor/github.com/moby/buildkit/solver/jobs.go:283}","{method_declaration InContext(ctx context.Context, f func(context.Context, JobContext) error) at vendor/github.com/moby/buildkit/solver/jobs.go:317}","7","7"
"3874ca598472f8d1e65e921007dc71c5c2177cb9","CHANGE_SIGNATURE","{method_declaration CacheKey(ctx context.Context, g session.Group, index int) at vendor/github.com/moby/buildkit/source/local/source.go:129}","{method_declaration CacheKey(ctx context.Context, jobCtx solver.JobContext, index int) at vendor/github.com/moby/buildkit/source/local/source.go:129}","34","34"
"3874ca598472f8d1e65e921007dc71c5c2177cb9","EXTRACT","{method_declaration MarshalToSizedBufferVT(dAtA []byte) at vendor/github.com/moby/buildkit/frontend/gateway/pb/gateway_vtproto.pb.go:5385}","{method_declaration MarshalToSizedBufferVT(dAtA []byte) at vendor/github.com/moby/buildkit/frontend/gateway/pb/gateway_vtproto.pb.go:6135}","36","36"
"3874ca598472f8d1e65e921007dc71c5c2177cb9","CHANGE_SIGNATURE","{function_declaration sortConfig(cc *CacheConfig) at vendor/github.com/moby/buildkit/cache/remotecache/v1/utils.go:17}","{function_declaration sortConfig(cc *cacheimporttypes.CacheConfig) at vendor/github.com/moby/buildkit/cache/remotecache/v1/utils.go:18}","93","93"
"3874ca598472f8d1e65e921007dc71c5c2177cb9","EXTRACT","{method_declaration SizeVT() at vendor/github.com/moby/buildkit/frontend/gateway/pb/gateway_vtproto.pb.go:6233}","{method_declaration SizeVT() at vendor/github.com/moby/buildkit/frontend/gateway/pb/gateway_vtproto.pb.go:7567}","40","19"
"3874ca598472f8d1e65e921007dc71c5c2177cb9","EXTRACT","{method_declaration MarshalToSizedBufferVT(dAtA []byte) at vendor/github.com/moby/buildkit/frontend/gateway/pb/gateway_vtproto.pb.go:4627}","{method_declaration MarshalToSizedBufferVT(dAtA []byte) at vendor/github.com/moby/buildkit/frontend/gateway/pb/gateway_vtproto.pb.go:6233}","71","21"
"3874ca598472f8d1e65e921007dc71c5c2177cb9","EXTRACT","{method_declaration SizeVT() at vendor/github.com/moby/buildkit/frontend/gateway/pb/gateway_vtproto.pb.go:6474}","{method_declaration SizeVT() at vendor/github.com/moby/buildkit/frontend/gateway/pb/gateway_vtproto.pb.go:7567}","36","19"
"3874ca598472f8d1e65e921007dc71c5c2177cb9","EXTRACT_MOVE","{method_declaration SizeVT() at vendor/github.com/moby/buildkit/frontend/gateway/pb/gateway_vtproto.pb.go:6474}","{method_declaration SizeVT() at vendor/github.com/moby/buildkit/sourcepolicy/policysession/policysession_vtproto.pb.go:564}","36","25"
"3874ca598472f8d1e65e921007dc71c5c2177cb9","EXTRACT_MOVE","{method_declaration CloneVT() at vendor/github.com/moby/buildkit/frontend/gateway/pb/gateway_vtproto.pb.go:444}","{method_declaration CloneVT() at vendor/github.com/moby/buildkit/sourcepolicy/policysession/policysession_vtproto.pb.go:114}","50","12"
"3874ca598472f8d1e65e921007dc71c5c2177cb9","EXTRACT","{method_declaration UnmarshalVT(dAtA []byte) at vendor/github.com/moby/buildkit/frontend/gateway/pb/gateway_vtproto.pb.go:9418}","{method_declaration UnmarshalVT(dAtA []byte) at vendor/github.com/moby/buildkit/frontend/gateway/pb/gateway_vtproto.pb.go:15544}","557","261"
"3874ca598472f8d1e65e921007dc71c5c2177cb9","EXTRACT","{method_declaration CloneVT() at vendor/github.com/moby/buildkit/frontend/gateway/pb/gateway_vtproto.pb.go:444}","{method_declaration CloneVT() at vendor/github.com/moby/buildkit/frontend/gateway/pb/gateway_vtproto.pb.go:1285}","50","21"
"3874ca598472f8d1e65e921007dc71c5c2177cb9","EXTRACT_MOVE","{method_declaration SizeVT() at vendor/github.com/moby/buildkit/frontend/gateway/pb/gateway_vtproto.pb.go:6233}","{method_declaration SizeVT() at vendor/github.com/moby/buildkit/sourcepolicy/policysession/policysession_vtproto.pb.go:654}","40","13"
"3874ca598472f8d1e65e921007dc71c5c2177cb9","EXTRACT_MOVE","{method_declaration UnmarshalVT(dAtA []byte) at vendor/github.com/moby/buildkit/frontend/gateway/pb/gateway_vtproto.pb.go:11417}","{method_declaration UnmarshalVT(dAtA []byte) at vendor/github.com/moby/buildkit/sourcepolicy/policysession/policysession_vtproto.pb.go:1179}","270","83"
"3874ca598472f8d1e65e921007dc71c5c2177cb9","EXTRACT","{method_declaration SizeVT() at vendor/github.com/moby/buildkit/frontend/gateway/pb/gateway_vtproto.pb.go:6474}","{method_declaration SizeVT() at vendor/github.com/moby/buildkit/frontend/gateway/pb/gateway_vtproto.pb.go:7635}","36","28"
"3874ca598472f8d1e65e921007dc71c5c2177cb9","EXTRACT","{method_declaration MarshalToSizedBufferVT(dAtA []byte) at vendor/github.com/moby/buildkit/frontend/gateway/pb/gateway_vtproto.pb.go:4627}","{method_declaration MarshalToSizedBufferVT(dAtA []byte) at vendor/github.com/moby/buildkit/frontend/gateway/pb/gateway_vtproto.pb.go:6273}","71","31"
"3874ca598472f8d1e65e921007dc71c5c2177cb9","EXTRACT","{method_declaration SizeVT() at vendor/github.com/moby/buildkit/frontend/gateway/pb/gateway_vtproto.pb.go:5930}","{method_declaration SizeVT() at vendor/github.com/moby/buildkit/frontend/gateway/pb/gateway_vtproto.pb.go:7587}","66","15"
"3874ca598472f8d1e65e921007dc71c5c2177cb9","EXTRACT_MOVE","{method_declaration MarshalToSizedBufferVT(dAtA []byte) at vendor/github.com/moby/buildkit/frontend/gateway/pb/gateway_vtproto.pb.go:5162}","{method_declaration MarshalToSizedBufferVT(dAtA []byte) at vendor/github.com/moby/buildkit/sourcepolicy/policysession/policysession_vtproto.pb.go:542}","78","21"
"3874ca598472f8d1e65e921007dc71c5c2177cb9","EXTRACT","{method_declaration SizeVT() at vendor/github.com/moby/buildkit/frontend/gateway/pb/gateway_vtproto.pb.go:6233}","{method_declaration SizeVT() at vendor/github.com/moby/buildkit/frontend/gateway/pb/gateway_vtproto.pb.go:7557}","40","9"
"3874ca598472f8d1e65e921007dc71c5c2177cb9","EXTRACT_MOVE","{method_declaration MarshalToSizedBufferVT(dAtA []byte) at vendor/github.com/moby/buildkit/frontend/gateway/pb/gateway_vtproto.pb.go:4627}","{method_declaration MarshalToSizedBufferVT(dAtA []byte) at vendor/github.com/moby/buildkit/sourcepolicy/policysession/policysession_vtproto.pb.go:482}","71","41"
"3874ca598472f8d1e65e921007dc71c5c2177cb9","EXTRACT","{method_declaration SizeVT() at vendor/github.com/moby/buildkit/frontend/gateway/pb/gateway_vtproto.pb.go:6474}","{method_declaration SizeVT() at vendor/github.com/moby/buildkit/frontend/gateway/pb/gateway_vtproto.pb.go:7587}","36","15"
"3874ca598472f8d1e65e921007dc71c5c2177cb9","EXTRACT_MOVE","{method_declaration MarshalToSizedBufferVT(dAtA []byte) at vendor/github.com/moby/buildkit/frontend/gateway/pb/gateway_vtproto.pb.go:4627}","{method_declaration MarshalToSizedBufferVT(dAtA []byte) at vendor/github.com/moby/buildkit/sourcepolicy/policysession/policysession_vtproto.pb.go:423}","71","18"
"3874ca598472f8d1e65e921007dc71c5c2177cb9","EXTRACT_MOVE","{method_declaration MarshalToSizedBufferVT(dAtA []byte) at vendor/github.com/moby/buildkit/frontend/gateway/pb/gateway_vtproto.pb.go:5259}","{method_declaration MarshalToSizedBufferVT(dAtA []byte) at vendor/github.com/moby/buildkit/sourcepolicy/policysession/policysession_vtproto.pb.go:542}","41","21"
"3874ca598472f8d1e65e921007dc71c5c2177cb9","EXTRACT","{method_declaration CloneVT() at vendor/github.com/moby/buildkit/frontend/gateway/pb/gateway_vtproto.pb.go:772}","{method_declaration CloneVT() at vendor/github.com/moby/buildkit/frontend/gateway/pb/gateway_vtproto.pb.go:1263}","36","17"
"3874ca598472f8d1e65e921007dc71c5c2177cb9","EXTRACT","{method_declaration CloneVT() at vendor/github.com/moby/buildkit/frontend/gateway/pb/gateway_vtproto.pb.go:444}","{method_declaration CloneVT() at vendor/github.com/moby/buildkit/frontend/gateway/pb/gateway_vtproto.pb.go:1263}","50","17"
"3874ca598472f8d1e65e921007dc71c5c2177cb9","EXTRACT","{method_declaration SizeVT() at vendor/github.com/moby/buildkit/frontend/gateway/pb/gateway_vtproto.pb.go:6233}","{method_declaration SizeVT() at vendor/github.com/moby/buildkit/frontend/gateway/pb/gateway_vtproto.pb.go:7617}","40","17"
"3874ca598472f8d1e65e921007dc71c5c2177cb9","EXTRACT_MOVE","{method_declaration SizeVT() at vendor/github.com/moby/buildkit/frontend/gateway/pb/gateway_vtproto.pb.go:5930}","{method_declaration SizeVT() at vendor/github.com/moby/buildkit/sourcepolicy/policysession/policysession_vtproto.pb.go:564}","66","25"
"3874ca598472f8d1e65e921007dc71c5c2177cb9","EXTRACT","{method_declaration CloneVT() at vendor/github.com/moby/buildkit/frontend/gateway/pb/gateway_vtproto.pb.go:772}","{method_declaration CloneVT() at vendor/github.com/moby/buildkit/frontend/gateway/pb/gateway_vtproto.pb.go:1285}","36","21"
"3874ca598472f8d1e65e921007dc71c5c2177cb9","CHANGE_SIGNATURE","{method_declaration CacheMap(ctx context.Context, group session.Group, index int) at vendor/github.com/moby/buildkit/solver/llbsolver/ops/diff.go:37}","{method_declaration CacheMap(ctx context.Context, jobCtx solver.JobContext, index int) at vendor/github.com/moby/buildkit/solver/llbsolver/ops/diff.go:36}","31","31"
"3874ca598472f8d1e65e921007dc71c5c2177cb9","CHANGE_SIGNATURE","{method_declaration CacheMap(ctx context.Context, g session.Group, index int) at vendor/github.com/moby/buildkit/solver/llbsolver/ops/exec.go:107}","{method_declaration CacheMap(ctx context.Context, jobCtx solver.JobContext, index int) at vendor/github.com/moby/buildkit/solver/llbsolver/ops/exec.go:107}","120","120"
"3874ca598472f8d1e65e921007dc71c5c2177cb9","EXTRACT_MOVE","{method_declaration MarshalToSizedBufferVT(dAtA []byte) at vendor/github.com/moby/buildkit/frontend/gateway/pb/gateway_vtproto.pb.go:4627}","{method_declaration MarshalToSizedBufferVT(dAtA []byte) at vendor/github.com/moby/buildkit/sourcepolicy/policysession/policysession_vtproto.pb.go:319}","71","56"
"3874ca598472f8d1e65e921007dc71c5c2177cb9","EXTRACT_MOVE","{method_declaration Snapshot(ctx context.Context, g session.Group) at vendor/github.com/moby/buildkit/source/git/source.go:458}","{method_declaration Close() at vendor/github.com/ProtonMail/go-crypto/openpgp/write.go:586}","279","3"
"3874ca598472f8d1e65e921007dc71c5c2177cb9","EXTRACT","{method_declaration CloneVT() at vendor/github.com/moby/buildkit/frontend/gateway/pb/gateway_vtproto.pb.go:996}","{method_declaration CloneVT() at vendor/github.com/moby/buildkit/frontend/gateway/pb/gateway_vtproto.pb.go:1173}","27","11"
"3874ca598472f8d1e65e921007dc71c5c2177cb9","EXTRACT","{method_declaration UnmarshalVT(dAtA []byte) at vendor/github.com/moby/buildkit/frontend/gateway/pb/gateway_vtproto.pb.go:11417}","{method_declaration UnmarshalVT(dAtA []byte) at vendor/github.com/moby/buildkit/frontend/gateway/pb/gateway_vtproto.pb.go:15127}","270","124"
"3874ca598472f8d1e65e921007dc71c5c2177cb9","CHANGE_SIGNATURE","{method_declaration CacheKey(ctx context.Context, g session.Group, index int) at vendor/github.com/moby/buildkit/source/containerimage/pull.go:89}","{method_declaration CacheKey(ctx context.Context, jobCtx solver.JobContext, index int) at vendor/github.com/moby/buildkit/source/containerimage/pull.go:89}","119","123"
"3874ca598472f8d1e65e921007dc71c5c2177cb9","EXTRACT","{method_declaration UnmarshalVT(dAtA []byte) at vendor/github.com/moby/buildkit/frontend/gateway/pb/gateway_vtproto.pb.go:9975}","{method_declaration UnmarshalVT(dAtA []byte) at vendor/github.com/moby/buildkit/frontend/gateway/pb/gateway_vtproto.pb.go:15025}","210","51"
"3874ca598472f8d1e65e921007dc71c5c2177cb9","CHANGE_SIGNATURE","{function_declaration match(src *selectorCache, ref string, attrs map[string]string) at vendor/github.com/moby/buildkit/sourcepolicy/matcher.go:10}","{function_declaration match(src *selectorCache, ref string, constraints []*spb.AttrConstraint, attrs map[string]string) at vendor/github.com/moby/buildkit/sourcepolicy/matcher.go:10}","51","51"
"3874ca598472f8d1e65e921007dc71c5c2177cb9","CHANGE_SIGNATURE","{method_declaration resolve(ctx context.Context, g session.Group) at daemon/internal/builder-next/adapters/containerimage/pull.go:340}","{method_declaration resolve(ctx context.Context, jobCtx solver.JobContext) at daemon/internal/builder-next/adapters/containerimage/pull.go:348}","49","53"
"3874ca598472f8d1e65e921007dc71c5c2177cb9","EXTRACT","{method_declaration CloneVT() at vendor/github.com/moby/buildkit/frontend/gateway/pb/gateway_vtproto.pb.go:1084}","{method_declaration CloneVT() at vendor/github.com/moby/buildkit/frontend/gateway/pb/gateway_vtproto.pb.go:1228}","18","13"
"3874ca598472f8d1e65e921007dc71c5c2177cb9","EXTRACT","{method_declaration MarshalToSizedBufferVT(dAtA []byte) at vendor/github.com/moby/buildkit/frontend/gateway/pb/gateway_vtproto.pb.go:5259}","{method_declaration MarshalToSizedBufferVT(dAtA []byte) at vendor/github.com/moby/buildkit/frontend/gateway/pb/gateway_vtproto.pb.go:6190}","41","24"
"3874ca598472f8d1e65e921007dc71c5c2177cb9","EXTRACT_MOVE","{method_declaration CloneVT() at vendor/github.com/moby/buildkit/frontend/gateway/pb/gateway_vtproto.pb.go:444}","{method_declaration CloneVT() at vendor/github.com/moby/buildkit/sourcepolicy/policysession/policysession_vtproto.pb.go:25}","50","20"
"3874ca598472f8d1e65e921007dc71c5c2177cb9","EXTRACT_MOVE","{method_declaration UnmarshalVT(dAtA []byte) at vendor/github.com/moby/buildkit/frontend/gateway/pb/gateway_vtproto.pb.go:9418}","{method_declaration UnmarshalVT(dAtA []byte) at vendor/github.com/moby/buildkit/sourcepolicy/policysession/policysession_vtproto.pb.go:668}","557","238"
"3874ca598472f8d1e65e921007dc71c5c2177cb9","EXTRACT_MOVE","{method_declaration SizeVT() at vendor/github.com/moby/buildkit/frontend/gateway/pb/gateway_vtproto.pb.go:5930}","{method_declaration SizeVT() at vendor/github.com/moby/buildkit/sourcepolicy/policysession/policysession_vtproto.pb.go:631}","66","22"
"3874ca598472f8d1e65e921007dc71c5c2177cb9","CHANGE_SIGNATURE","{method_declaration Exec(ctx context.Context, g session.Group, inputs []solver.Result) at vendor/github.com/moby/buildkit/solver/llbsolver/ops/exec.go:365}","{method_declaration Exec(ctx context.Context, jobCtx solver.JobContext, inputs []solver.Result) at vendor/github.com/moby/buildkit/solver/llbsolver/ops/exec.go:365}","155","156"
"3874ca598472f8d1e65e921007dc71c5c2177cb9","CHANGE_SIGNATURE","{method_declaration CacheMap(ctx context.Context, group session.Group, index int) at vendor/github.com/moby/buildkit/solver/llbsolver/ops/merge.go:38}","{method_declaration CacheMap(ctx context.Context, jobCtx solver.JobContext, index int) at vendor/github.com/moby/buildkit/solver/llbsolver/ops/merge.go:37}","27","27"
"3874ca598472f8d1e65e921007dc71c5c2177cb9","CHANGE_SIGNATURE","{function_declaration inBuilderContext(ctx context.Context, b solver.Builder, name, id string, f func(ctx context.Context, g session.Group) error) at vendor/github.com/moby/buildkit/solver/llbsolver/solver.go:1155}","{function_declaration inBuilderContext(ctx context.Context, b solver.Builder, name, id string, f func(ctx context.Context, jobCtx solver.JobContext) error) at vendor/github.com/moby/buildkit/solver/llbsolver/solver.go:1159}","17","17"
"3874ca598472f8d1e65e921007dc71c5c2177cb9","EXTRACT","{method_declaration MarshalToSizedBufferVT(dAtA []byte) at vendor/github.com/moby/buildkit/frontend/gateway/pb/gateway_vtproto.pb.go:3828}","{method_declaration MarshalToSizedBufferVT(dAtA []byte) at vendor/github.com/moby/buildkit/frontend/gateway/pb/gateway_vtproto.pb.go:6233}","143","21"
"3874ca598472f8d1e65e921007dc71c5c2177cb9","EXTRACT","{method_declaration CloneVT() at vendor/github.com/moby/buildkit/frontend/gateway/pb/gateway_vtproto.pb.go:996}","{method_declaration CloneVT() at vendor/github.com/moby/buildkit/frontend/gateway/pb/gateway_vtproto.pb.go:1263}","27","17"
"3874ca598472f8d1e65e921007dc71c5c2177cb9","EXTRACT","{method_declaration MarshalToSizedBufferVT(dAtA []byte) at vendor/github.com/moby/buildkit/frontend/gateway/pb/gateway_vtproto.pb.go:3828}","{method_declaration MarshalToSizedBufferVT(dAtA []byte) at vendor/github.com/moby/buildkit/frontend/gateway/pb/gateway_vtproto.pb.go:6323}","143","52"
"3874ca598472f8d1e65e921007dc71c5c2177cb9","EXTRACT_MOVE","{method_declaration SizeVT() at vendor/github.com/moby/buildkit/frontend/gateway/pb/gateway_vtproto.pb.go:6474}","{method_declaration SizeVT() at vendor/github.com/moby/buildkit/sourcepolicy/policysession/policysession_vtproto.pb.go:631}","36","22"
"3874ca598472f8d1e65e921007dc71c5c2177cb9","CHANGE_SIGNATURE","{method_declaration Snapshot(ctx context.Context, g session.Group) at vendor/github.com/moby/buildkit/source/local/source.go:164}","{method_declaration Snapshot(ctx context.Context, jobCtx solver.JobContext) at vendor/github.com/moby/buildkit/source/local/source.go:164}","25","26"
"3874ca598472f8d1e65e921007dc71c5c2177cb9","EXTRACT","{method_declaration SizeVT() at vendor/github.com/moby/buildkit/frontend/gateway/pb/gateway_vtproto.pb.go:5930}","{method_declaration SizeVT() at vendor/github.com/moby/buildkit/frontend/gateway/pb/gateway_vtproto.pb.go:7567}","66","19"
"3874ca598472f8d1e65e921007dc71c5c2177cb9","EXTRACT","{method_declaration CloneVT() at vendor/github.com/moby/buildkit/frontend/gateway/pb/gateway_vtproto.pb.go:1052}","{method_declaration CloneVT() at vendor/github.com/moby/buildkit/frontend/gateway/pb/gateway_vtproto.pb.go:1173}","11","11"
"3874ca598472f8d1e65e921007dc71c5c2177cb9","EXTRACT_MOVE","{method_declaration CloneVT() at vendor/github.com/moby/buildkit/frontend/gateway/pb/gateway_vtproto.pb.go:1028}","{method_declaration CloneVT() at vendor/github.com/moby/buildkit/sourcepolicy/policysession/policysession_vtproto.pb.go:114}","19","12"
"3874ca598472f8d1e65e921007dc71c5c2177cb9","CHANGE_SIGNATURE","{method_declaration Exec(ctx context.Context, g session.Group, inputs []solver.Result) at vendor/github.com/moby/buildkit/solver/llbsolver/ops/merge.go:66}","{method_declaration Exec(ctx context.Context, jobCtx solver.JobContext, inputs []solver.Result) at vendor/github.com/moby/buildkit/solver/llbsolver/ops/merge.go:65}","31","31"
"3874ca598472f8d1e65e921007dc71c5c2177cb9","EXTRACT_MOVE","{method_declaration CloneVT() at vendor/github.com/moby/buildkit/frontend/gateway/pb/gateway_vtproto.pb.go:996}","{method_declaration CloneVT() at vendor/github.com/moby/buildkit/sourcepolicy/policysession/policysession_vtproto.pb.go:89}","27","20"
"3874ca598472f8d1e65e921007dc71c5c2177cb9","EXTRACT_MOVE","{method_declaration MarshalToSizedBufferVT(dAtA []byte) at vendor/github.com/moby/buildkit/frontend/gateway/pb/gateway_vtproto.pb.go:5385}","{method_declaration MarshalToSizedBufferVT(dAtA []byte) at vendor/github.com/moby/buildkit/sourcepolicy/policysession/policysession_vtproto.pb.go:394}","36","23"
"3874ca598472f8d1e65e921007dc71c5c2177cb9","EXTRACT_MOVE","{method_declaration MarshalToSizedBufferVT(dAtA []byte) at vendor/github.com/moby/buildkit/frontend/gateway/pb/gateway_vtproto.pb.go:4627}","{method_declaration MarshalToSizedBufferVT(dAtA []byte) at vendor/github.com/moby/buildkit/sourcepolicy/policysession/policysession_vtproto.pb.go:446}","71","18"
"3874ca598472f8d1e65e921007dc71c5c2177cb9","EXTRACT","{method_declaration UnmarshalVT(dAtA []byte) at vendor/github.com/moby/buildkit/frontend/gateway/pb/gateway_vtproto.pb.go:11417}","{method_declaration UnmarshalVT(dAtA []byte) at vendor/github.com/moby/buildkit/frontend/gateway/pb/gateway_vtproto.pb.go:15544}","270","261"
"3874ca598472f8d1e65e921007dc71c5c2177cb9","EXTRACT_MOVE","{method_declaration Checksum(ctx context.Context, mountable cache.Mountable, p string, opts ChecksumOpts, s session.Group) at vendor/github.com/moby/buildkit/cache/contenthash/checksum.go:422}","{method_declaration Write(buf []byte) at vendor/github.com/ProtonMail/go-crypto/openpgp/packet/symmetrically_encrypted_mdc.go:188}","41","4"
"3874ca598472f8d1e65e921007dc71c5c2177cb9","EXTRACT","{method_declaration MarshalToSizedBufferVT(dAtA []byte) at vendor/github.com/moby/buildkit/frontend/gateway/pb/gateway_vtproto.pb.go:5162}","{method_declaration MarshalToSizedBufferVT(dAtA []byte) at vendor/github.com/moby/buildkit/frontend/gateway/pb/gateway_vtproto.pb.go:6190}","78","24"
"3874ca598472f8d1e65e921007dc71c5c2177cb9","EXTRACT","{method_declaration CloneVT() at vendor/github.com/moby/buildkit/frontend/gateway/pb/gateway_vtproto.pb.go:1084}","{method_declaration CloneVT() at vendor/github.com/moby/buildkit/frontend/gateway/pb/gateway_vtproto.pb.go:1205}","18","18"
"3874ca598472f8d1e65e921007dc71c5c2177cb9","CHANGE_SIGNATURE","{method_declaration Exec(ctx context.Context, g session.Group, _ []solver.Result) at vendor/github.com/moby/buildkit/solver/llbsolver/ops/source.go:107}","{method_declaration Exec(ctx context.Context, jobCtx solver.JobContext, _ []solver.Result) at vendor/github.com/moby/buildkit/solver/llbsolver/ops/source.go:107}","11","11"
"3874ca598472f8d1e65e921007dc71c5c2177cb9","EXTRACT","{method_declaration CloneVT() at vendor/github.com/moby/buildkit/frontend/gateway/pb/gateway_vtproto.pb.go:1052}","{method_declaration CloneVT() at vendor/github.com/moby/buildkit/frontend/gateway/pb/gateway_vtproto.pb.go:1189}","11","11"
"3874ca598472f8d1e65e921007dc71c5c2177cb9","CHANGE_SIGNATURE","{method_declaration Exec(ctx context.Context, g session.Group, inputs []solver.Result) at vendor/github.com/moby/buildkit/solver/llbsolver/ops/file.go:176}","{method_declaration Exec(ctx context.Context, jobCtx solver.JobContext, inputs []solver.Result) at vendor/github.com/moby/buildkit/solver/llbsolver/ops/file.go:176}","28","28"
"3874ca598472f8d1e65e921007dc71c5c2177cb9","CHANGE_SIGNATURE","{method_declaration CacheKey(ctx context.Context, g session.Group, index int) at daemon/internal/builder-next/adapters/containerimage/pull.go:390}","{method_declaration CacheKey(ctx context.Context, jobCtx solver.JobContext, index int) at daemon/internal/builder-next/adapters/containerimage/pull.go:402}","46","46"
"3874ca598472f8d1e65e921007dc71c5c2177cb9","EXTRACT_MOVE","{method_declaration MarshalToSizedBufferVT(dAtA []byte) at vendor/github.com/moby/buildkit/frontend/gateway/pb/gateway_vtproto.pb.go:3828}","{method_declaration MarshalToSizedBufferVT(dAtA []byte) at vendor/github.com/moby/buildkit/sourcepolicy/policysession/policysession_vtproto.pb.go:394}","143","23"
"3874ca598472f8d1e65e921007dc71c5c2177cb9","CHANGE_SIGNATURE","{function_declaration parseRecord(cc CacheConfig, idx int, provider DescriptorProvider, t solver.CacheExporterTarget, cache map[int]solver.CacheExporterRecord) at vendor/github.com/moby/buildkit/cache/remotecache/v1/parse.go:32}","{function_declaration parseRecord(cc cacheimporttypes.CacheConfig, idx int, provider DescriptorProvider, t solver.CacheExporterTarget, cache map[int]solver.CacheExporterRecord) at vendor/github.com/moby/buildkit/cache/remotecache/v1/parse.go:33}","82","82"
"3874ca598472f8d1e65e921007dc71c5c2177cb9","EXTRACT_MOVE","{method_declaration CloneVT() at vendor/github.com/moby/buildkit/frontend/gateway/pb/gateway_vtproto.pb.go:1084}","{method_declaration CloneVT() at vendor/github.com/moby/buildkit/sourcepolicy/policysession/policysession_vtproto.pb.go:50}","18","16"
"3874ca598472f8d1e65e921007dc71c5c2177cb9","EXTRACT","{method_declaration MarshalToSizedBufferVT(dAtA []byte) at vendor/github.com/moby/buildkit/frontend/gateway/pb/gateway_vtproto.pb.go:5385}","{method_declaration MarshalToSizedBufferVT(dAtA []byte) at vendor/github.com/moby/buildkit/frontend/gateway/pb/gateway_vtproto.pb.go:6233}","36","21"
"3874ca598472f8d1e65e921007dc71c5c2177cb9","EXTRACT_MOVE","{method_declaration Checksum(ctx context.Context, mountable cache.Mountable, p string, opts ChecksumOpts, s session.Group) at vendor/github.com/moby/buildkit/cache/contenthash/checksum.go:422}","{method_declaration Sum(in []byte) at vendor/github.com/ProtonMail/go-crypto/openpgp/canonical_text.go:56}","41","3"
"3874ca598472f8d1e65e921007dc71c5c2177cb9","EXTRACT_MOVE","{method_declaration Snapshot(ctx context.Context, g session.Group) at vendor/github.com/moby/buildkit/source/git/source.go:458}","{method_declaration Close() at vendor/github.com/ProtonMail/go-crypto/openpgp/packet/symmetrically_encrypted_mdc.go:27}","279","3"
"3874ca598472f8d1e65e921007dc71c5c2177cb9","EXTRACT_MOVE","{method_declaration CloneVT() at vendor/github.com/moby/buildkit/frontend/gateway/pb/gateway_vtproto.pb.go:1084}","{method_declaration CloneVT() at vendor/github.com/moby/buildkit/sourcepolicy/policysession/policysession_vtproto.pb.go:114}","18","12"
"3874ca598472f8d1e65e921007dc71c5c2177cb9","EXTRACT_MOVE","{method_declaration UnmarshalVT(dAtA []byte) at vendor/github.com/moby/buildkit/frontend/gateway/pb/gateway_vtproto.pb.go:11417}","{method_declaration UnmarshalVT(dAtA []byte) at vendor/github.com/moby/buildkit/sourcepolicy/policysession/policysession_vtproto.pb.go:668}","270","238"
"3874ca598472f8d1e65e921007dc71c5c2177cb9","RENAME","{method_declaration CacheKey(ctx context.Context, g session.Group, index int) at vendor/github.com/moby/buildkit/source/git/source.go:361}","{method_declaration resolveMetadata(ctx context.Context, jobCtx solver.JobContext) at vendor/github.com/moby/buildkit/source/git/source.go:479}","96","141"
"3874ca598472f8d1e65e921007dc71c5c2177cb9","EXTRACT_MOVE","{method_declaration MarshalToSizedBufferVT(dAtA []byte) at vendor/github.com/moby/buildkit/frontend/gateway/pb/gateway_vtproto.pb.go:5385}","{method_declaration MarshalToSizedBufferVT(dAtA []byte) at vendor/github.com/moby/buildkit/sourcepolicy/policysession/policysession_vtproto.pb.go:542}","36","21"
"3874ca598472f8d1e65e921007dc71c5c2177cb9","EXTRACT","{method_declaration SizeVT() at vendor/github.com/moby/buildkit/frontend/gateway/pb/gateway_vtproto.pb.go:6233}","{method_declaration SizeVT() at vendor/github.com/moby/buildkit/frontend/gateway/pb/gateway_vtproto.pb.go:7603}","40","13"
"3874ca598472f8d1e65e921007dc71c5c2177cb9","EXTRACT","{method_declaration SizeVT() at vendor/github.com/moby/buildkit/frontend/gateway/pb/gateway_vtproto.pb.go:6474}","{method_declaration SizeVT() at vendor/github.com/moby/buildkit/frontend/gateway/pb/gateway_vtproto.pb.go:7617}","36","17"
"3874ca598472f8d1e65e921007dc71c5c2177cb9","EXTRACT","{method_declaration CloneVT() at vendor/github.com/moby/buildkit/frontend/gateway/pb/gateway_vtproto.pb.go:1068}","{method_declaration CloneVT() at vendor/github.com/moby/buildkit/frontend/gateway/pb/gateway_vtproto.pb.go:1189}","11","11"
"3874ca598472f8d1e65e921007dc71c5c2177cb9","EXTRACT","{method_declaration MarshalToSizedBufferVT(dAtA []byte) at vendor/github.com/moby/buildkit/frontend/gateway/pb/gateway_vtproto.pb.go:3828}","{method_declaration MarshalToSizedBufferVT(dAtA []byte) at vendor/github.com/moby/buildkit/frontend/gateway/pb/gateway_vtproto.pb.go:6190}","143","24"
"3874ca598472f8d1e65e921007dc71c5c2177cb9","CHANGE_SIGNATURE","{method_declaration makeDescriptorProviderPair(l v1.CacheLayer) at vendor/github.com/moby/buildkit/cache/remotecache/gha/gha.go:331}","{method_declaration makeDescriptorProviderPair(l cacheimporttypes.CacheLayer) at vendor/github.com/moby/buildkit/cache/remotecache/gha/gha.go:332}","29","29"
"3874ca598472f8d1e65e921007dc71c5c2177cb9","EXTRACT_MOVE","{method_declaration CloneVT() at vendor/github.com/moby/buildkit/frontend/gateway/pb/gateway_vtproto.pb.go:1028}","{method_declaration CloneVT() at vendor/github.com/moby/buildkit/sourcepolicy/policysession/policysession_vtproto.pb.go:50}","19","16"
"3874ca598472f8d1e65e921007dc71c5c2177cb9","EXTRACT_MOVE","{method_declaration MarshalToSizedBufferVT(dAtA []byte) at vendor/github.com/moby/buildkit/frontend/gateway/pb/gateway_vtproto.pb.go:3828}","{method_declaration MarshalToSizedBufferVT(dAtA []byte) at vendor/github.com/moby/buildkit/sourcepolicy/policysession/policysession_vtproto.pb.go:542}","143","21"
"3874ca598472f8d1e65e921007dc71c5c2177cb9","EXTRACT","{method_declaration MarshalToSizedBufferVT(dAtA []byte) at vendor/github.com/moby/buildkit/frontend/gateway/pb/gateway_vtproto.pb.go:3828}","{method_declaration MarshalToSizedBufferVT(dAtA []byte) at vendor/github.com/moby/buildkit/frontend/gateway/pb/gateway_vtproto.pb.go:6102}","143","14"
"3874ca598472f8d1e65e921007dc71c5c2177cb9","EXTRACT_MOVE","{method_declaration Snapshot(ctx context.Context, g session.Group) at vendor/github.com/moby/buildkit/source/git/source.go:458}","{method_declaration Close() at vendor/github.com/ProtonMail/go-crypto/openpgp/packet/symmetrically_encrypted_mdc.go:218}","279","3"
"3874ca598472f8d1e65e921007dc71c5c2177cb9","EXTRACT_MOVE","{method_declaration MarshalToSizedBufferVT(dAtA []byte) at vendor/github.com/moby/buildkit/frontend/gateway/pb/gateway_vtproto.pb.go:5259}","{method_declaration MarshalToSizedBufferVT(dAtA []byte) at vendor/github.com/moby/buildkit/sourcepolicy/policysession/policysession_vtproto.pb.go:394}","41","23"
"3874ca598472f8d1e65e921007dc71c5c2177cb9","EXTRACT","{method_declaration MarshalToSizedBufferVT(dAtA []byte) at vendor/github.com/moby/buildkit/frontend/gateway/pb/gateway_vtproto.pb.go:5385}","{method_declaration MarshalToSizedBufferVT(dAtA []byte) at vendor/github.com/moby/buildkit/frontend/gateway/pb/gateway_vtproto.pb.go:6102}","36","14"
"3874ca598472f8d1e65e921007dc71c5c2177cb9","CHANGE_SIGNATURE","{function_declaration layerToBlobs(idx int, layers []v1.CacheLayer) at vendor/github.com/moby/buildkit/cache/remotecache/inline/inline.go:157}","{function_declaration layerToBlobs(idx int, layers []cacheimporttypes.CacheLayer) at vendor/github.com/moby/buildkit/cache/remotecache/inline/inline.go:158}","11","11"
"3874ca598472f8d1e65e921007dc71c5c2177cb9","EXTRACT","{method_declaration SizeVT() at vendor/github.com/moby/buildkit/frontend/gateway/pb/gateway_vtproto.pb.go:5930}","{method_declaration SizeVT() at vendor/github.com/moby/buildkit/frontend/gateway/pb/gateway_vtproto.pb.go:7617}","66","17"
"3874ca598472f8d1e65e921007dc71c5c2177cb9","CHANGE_SIGNATURE","{method_declaration Exec(ctx context.Context, g session.Group, inputs []solver.Result) at vendor/github.com/moby/buildkit/solver/llbsolver/ops/diff.go:69}","{method_declaration Exec(ctx context.Context, jobCtx solver.JobContext, inputs []solver.Result) at vendor/github.com/moby/buildkit/solver/llbsolver/ops/diff.go:68}","51","51"
"3874ca598472f8d1e65e921007dc71c5c2177cb9","EXTRACT","{method_declaration MarshalToSizedBufferVT(dAtA []byte) at vendor/github.com/moby/buildkit/frontend/gateway/pb/gateway_vtproto.pb.go:4627}","{method_declaration MarshalToSizedBufferVT(dAtA []byte) at vendor/github.com/moby/buildkit/frontend/gateway/pb/gateway_vtproto.pb.go:6190}","71","24"
"3874ca598472f8d1e65e921007dc71c5c2177cb9","EXTRACT","{method_declaration SizeVT() at vendor/github.com/moby/buildkit/frontend/gateway/pb/gateway_vtproto.pb.go:6233}","{method_declaration SizeVT() at vendor/github.com/moby/buildkit/frontend/gateway/pb/gateway_vtproto.pb.go:7587}","40","15"
"3874ca598472f8d1e65e921007dc71c5c2177cb9","EXTRACT_MOVE","{method_declaration MarshalToSizedBufferVT(dAtA []byte) at vendor/github.com/moby/buildkit/frontend/gateway/pb/gateway_vtproto.pb.go:5162}","{method_declaration MarshalToSizedBufferVT(dAtA []byte) at vendor/github.com/moby/buildkit/sourcepolicy/policysession/policysession_vtproto.pb.go:482}","78","41"
"3874ca598472f8d1e65e921007dc71c5c2177cb9","EXTRACT","{method_declaration SizeVT() at vendor/github.com/moby/buildkit/frontend/gateway/pb/gateway_vtproto.pb.go:5930}","{method_declaration SizeVT() at vendor/github.com/moby/buildkit/frontend/gateway/pb/gateway_vtproto.pb.go:7603}","66","13"
"3874ca598472f8d1e65e921007dc71c5c2177cb9","EXTRACT_MOVE","{method_declaration MarshalToSizedBufferVT(dAtA []byte) at vendor/github.com/moby/buildkit/frontend/gateway/pb/gateway_vtproto.pb.go:3828}","{method_declaration MarshalToSizedBufferVT(dAtA []byte) at vendor/github.com/moby/buildkit/sourcepolicy/policysession/policysession_vtproto.pb.go:319}","143","56"
"3874ca598472f8d1e65e921007dc71c5c2177cb9","EXTRACT_MOVE","{method_declaration MarshalToSizedBufferVT(dAtA []byte) at vendor/github.com/moby/buildkit/frontend/gateway/pb/gateway_vtproto.pb.go:5162}","{method_declaration MarshalToSizedBufferVT(dAtA []byte) at vendor/github.com/moby/buildkit/sourcepolicy/policysession/policysession_vtproto.pb.go:446}","78","18"
"3874ca598472f8d1e65e921007dc71c5c2177cb9","RENAME","{method_declaration Snapshot(ctx context.Context, g session.Group) at vendor/github.com/moby/buildkit/source/git/source.go:458}","{method_declaration checkout(ctx context.Context, repo *gitRepo, g session.Group) at vendor/github.com/moby/buildkit/source/git/source.go:964}","279","178"
"3874ca598472f8d1e65e921007dc71c5c2177cb9","CHANGE_SIGNATURE","{method_declaration Solve(ctx context.Context, id string, sessionID string, req frontend.SolveRequest, exp ExporterRequest, ent []entitlements.Entitlement, post []Processor, internal bool, srcPol *spb.Policy) at vendor/github.com/moby/buildkit/solver/llbsolver/solver.go:492}","{method_declaration Solve(ctx context.Context, id string, sessionID string, req frontend.SolveRequest, exp ExporterRequest, ent []entitlements.Entitlement, post []Processor, internal bool, srcPol *spb.Policy, policySession string) at vendor/github.com/moby/buildkit/solver/llbsolver/solver.go:493}","207","210"
"3874ca598472f8d1e65e921007dc71c5c2177cb9","EXTRACT_MOVE","{method_declaration MarshalToSizedBufferVT(dAtA []byte) at vendor/github.com/moby/buildkit/frontend/gateway/pb/gateway_vtproto.pb.go:4627}","{method_declaration MarshalToSizedBufferVT(dAtA []byte) at vendor/github.com/moby/buildkit/sourcepolicy/policysession/policysession_vtproto.pb.go:542}","71","21"
"3874ca598472f8d1e65e921007dc71c5c2177cb9","EXTRACT","{method_declaration SizeVT() at vendor/github.com/moby/buildkit/frontend/gateway/pb/gateway_vtproto.pb.go:5930}","{method_declaration SizeVT() at vendor/github.com/moby/buildkit/frontend/gateway/pb/gateway_vtproto.pb.go:7557}","66","9"
"3874ca598472f8d1e65e921007dc71c5c2177cb9","EXTRACT_MOVE","{method_declaration SizeVT() at vendor/github.com/moby/buildkit/frontend/gateway/pb/gateway_vtproto.pb.go:6554}","{method_declaration SizeVT() at vendor/github.com/moby/buildkit/sourcepolicy/policysession/policysession_vtproto.pb.go:654}","19","13"
"3874ca598472f8d1e65e921007dc71c5c2177cb9","EXTRACT_MOVE","{method_declaration SizeVT() at vendor/github.com/moby/buildkit/frontend/gateway/pb/gateway_vtproto.pb.go:5930}","{method_declaration SizeVT() at vendor/github.com/moby/buildkit/sourcepolicy/policysession/policysession_vtproto.pb.go:654}","66","13"
"3874ca598472f8d1e65e921007dc71c5c2177cb9","EXTRACT_MOVE","{method_declaration MarshalToSizedBufferVT(dAtA []byte) at vendor/github.com/moby/buildkit/frontend/gateway/pb/gateway_vtproto.pb.go:5162}","{method_declaration MarshalToSizedBufferVT(dAtA []byte) at vendor/github.com/moby/buildkit/sourcepolicy/policysession/policysession_vtproto.pb.go:423}","78","18"
"3874ca598472f8d1e65e921007dc71c5c2177cb9","EXTRACT_MOVE","{method_declaration MarshalToSizedBufferVT(dAtA []byte) at vendor/github.com/moby/buildkit/frontend/gateway/pb/gateway_vtproto.pb.go:5259}","{method_declaration MarshalToSizedBufferVT(dAtA []byte) at vendor/github.com/moby/buildkit/sourcepolicy/policysession/policysession_vtproto.pb.go:446}","41","18"
"3874ca598472f8d1e65e921007dc71c5c2177cb9","CHANGE_SIGNATURE","{method_declaration Exec(ctx context.Context, g session.Group, inputs []solver.Result) at vendor/github.com/moby/buildkit/solver/llbsolver/ops/build.go:69}","{method_declaration Exec(ctx context.Context, job solver.JobContext, inputs []solver.Result) at vendor/github.com/moby/buildkit/solver/llbsolver/ops/build.go:68}","85","86"
"3874ca598472f8d1e65e921007dc71c5c2177cb9","EXTRACT","{method_declaration MarshalToSizedBufferVT(dAtA []byte) at vendor/github.com/moby/buildkit/frontend/gateway/pb/gateway_vtproto.pb.go:4627}","{method_declaration MarshalToSizedBufferVT(dAtA []byte) at vendor/github.com/moby/buildkit/frontend/gateway/pb/gateway_vtproto.pb.go:6069}","71","14"
"3874ca598472f8d1e65e921007dc71c5c2177cb9","EXTRACT_MOVE","{method_declaration CloneVT() at vendor/github.com/moby/buildkit/frontend/gateway/pb/gateway_vtproto.pb.go:444}","{method_declaration CloneVT() at vendor/github.com/moby/buildkit/sourcepolicy/policysession/policysession_vtproto.pb.go:89}","50","20"
"3874ca598472f8d1e65e921007dc71c5c2177cb9","CHANGE_SIGNATURE","{method_declaration mountRemote(ctx context.Context, remote string, authArgs []string, sha256 bool, g session.Group) at vendor/github.com/moby/buildkit/source/git/source.go:108}","{method_declaration mountRemote(ctx context.Context, remote string, authArgs []string, sha256 bool, reset bool, g session.Group) at vendor/github.com/moby/buildkit/source/git/source.go:143}","92","98"
"3874ca598472f8d1e65e921007dc71c5c2177cb9","EXTRACT_MOVE","{method_declaration MarshalToSizedBufferVT(dAtA []byte) at vendor/github.com/moby/buildkit/frontend/gateway/pb/gateway_vtproto.pb.go:5162}","{method_declaration MarshalToSizedBufferVT(dAtA []byte) at vendor/github.com/moby/buildkit/sourcepolicy/policysession/policysession_vtproto.pb.go:394}","78","23"
"3874ca598472f8d1e65e921007dc71c5c2177cb9","EXTRACT","{method_declaration SizeVT() at vendor/github.com/moby/buildkit/frontend/gateway/pb/gateway_vtproto.pb.go:6554}","{method_declaration SizeVT() at vendor/github.com/moby/buildkit/frontend/gateway/pb/gateway_vtproto.pb.go:7557}","19","9"
"3874ca598472f8d1e65e921007dc71c5c2177cb9","EXTRACT_MOVE","{method_declaration CloneVT() at vendor/github.com/moby/buildkit/frontend/gateway/pb/gateway_vtproto.pb.go:772}","{method_declaration CloneVT() at vendor/github.com/moby/buildkit/sourcepolicy/policysession/policysession_vtproto.pb.go:25}","36","20"
"3874ca598472f8d1e65e921007dc71c5c2177cb9","EXTRACT_MOVE","{method_declaration MarshalToSizedBufferVT(dAtA []byte) at vendor/github.com/moby/buildkit/frontend/gateway/pb/gateway_vtproto.pb.go:5259}","{method_declaration MarshalToSizedBufferVT(dAtA []byte) at vendor/github.com/moby/buildkit/sourcepolicy/policysession/policysession_vtproto.pb.go:423}","41","18"
"3874ca598472f8d1e65e921007dc71c5c2177cb9","EXTRACT","{method_declaration UnmarshalVT(dAtA []byte) at vendor/github.com/moby/buildkit/frontend/gateway/pb/gateway_vtproto.pb.go:9975}","{method_declaration UnmarshalVT(dAtA []byte) at vendor/github.com/moby/buildkit/frontend/gateway/pb/gateway_vtproto.pb.go:15076}","210","51"
"3874ca598472f8d1e65e921007dc71c5c2177cb9","EXTRACT","{method_declaration CloneVT() at vendor/github.com/moby/buildkit/frontend/gateway/pb/gateway_vtproto.pb.go:772}","{method_declaration CloneVT() at vendor/github.com/moby/buildkit/frontend/gateway/pb/gateway_vtproto.pb.go:1189}","36","11"
"3874ca598472f8d1e65e921007dc71c5c2177cb9","EXTRACT","{method_declaration SizeVT() at vendor/github.com/moby/buildkit/frontend/gateway/pb/gateway_vtproto.pb.go:6474}","{method_declaration SizeVT() at vendor/github.com/moby/buildkit/frontend/gateway/pb/gateway_vtproto.pb.go:7603}","36","13"
"3874ca598472f8d1e65e921007dc71c5c2177cb9","EXTRACT","{method_declaration MarshalToSizedBufferVT(dAtA []byte) at vendor/github.com/moby/buildkit/frontend/gateway/pb/gateway_vtproto.pb.go:5259}","{method_declaration MarshalToSizedBufferVT(dAtA []byte) at vendor/github.com/moby/buildkit/frontend/gateway/pb/gateway_vtproto.pb.go:6273}","41","31"
"3874ca598472f8d1e65e921007dc71c5c2177cb9","EXTRACT","{method_declaration CloneVT() at vendor/github.com/moby/buildkit/frontend/gateway/pb/gateway_vtproto.pb.go:1028}","{method_declaration CloneVT() at vendor/github.com/moby/buildkit/frontend/gateway/pb/gateway_vtproto.pb.go:1173}","19","11"
"3874ca598472f8d1e65e921007dc71c5c2177cb9","EXTRACT","{method_declaration CloneVT() at vendor/github.com/moby/buildkit/frontend/gateway/pb/gateway_vtproto.pb.go:444}","{method_declaration CloneVT() at vendor/github.com/moby/buildkit/frontend/gateway/pb/gateway_vtproto.pb.go:1205}","50","18"
"3874ca598472f8d1e65e921007dc71c5c2177cb9","EXTRACT","{method_declaration MarshalToSizedBufferVT(dAtA []byte) at vendor/github.com/moby/buildkit/frontend/gateway/pb/gateway_vtproto.pb.go:5162}","{method_declaration MarshalToSizedBufferVT(dAtA []byte) at vendor/github.com/moby/buildkit/frontend/gateway/pb/gateway_vtproto.pb.go:6323}","78","52"
"3874ca598472f8d1e65e921007dc71c5c2177cb9","RENAME","{function_declaration CopyChain(ctx context.Context, ingester content.Ingester, provider content.Provider, desc ocispecs.Descriptor) at vendor/github.com/moby/buildkit/util/contentutil/copy.go:63}","{function_declaration copyChain(ctx context.Context, ingester content.Ingester, provider content.Provider, desc ocispecs.Descriptor, visited *sync.Map, opts ...CopyOption) at vendor/github.com/moby/buildkit/util/contentutil/copy.go:80}","35","61"
"3874ca598472f8d1e65e921007dc71c5c2177cb9","EXTRACT","{method_declaration CloneVT() at vendor/github.com/moby/buildkit/frontend/gateway/pb/gateway_vtproto.pb.go:772}","{method_declaration CloneVT() at vendor/github.com/moby/buildkit/frontend/gateway/pb/gateway_vtproto.pb.go:1173}","36","11"
"3874ca598472f8d1e65e921007dc71c5c2177cb9","EXTRACT","{method_declaration MarshalToSizedBufferVT(dAtA []byte) at vendor/github.com/moby/buildkit/frontend/gateway/pb/gateway_vtproto.pb.go:5259}","{method_declaration MarshalToSizedBufferVT(dAtA []byte) at vendor/github.com/moby/buildkit/frontend/gateway/pb/gateway_vtproto.pb.go:6102}","41","14"
"3874ca598472f8d1e65e921007dc71c5c2177cb9","EXTRACT","{method_declaration SizeVT() at vendor/github.com/moby/buildkit/frontend/gateway/pb/gateway_vtproto.pb.go:6233}","{method_declaration SizeVT() at vendor/github.com/moby/buildkit/frontend/gateway/pb/gateway_vtproto.pb.go:7547}","40","9"
"3874ca598472f8d1e65e921007dc71c5c2177cb9","EXTRACT","{method_declaration MarshalToSizedBufferVT(dAtA []byte) at vendor/github.com/moby/buildkit/frontend/gateway/pb/gateway_vtproto.pb.go:5259}","{method_declaration MarshalToSizedBufferVT(dAtA []byte) at vendor/github.com/moby/buildkit/frontend/gateway/pb/gateway_vtproto.pb.go:6233}","41","21"
"3874ca598472f8d1e65e921007dc71c5c2177cb9","CHANGE_SIGNATURE","{function_declaration ParseConfig(config CacheConfig, provider DescriptorProvider, t solver.CacheExporterTarget) at vendor/github.com/moby/buildkit/cache/remotecache/v1/parse.go:21}","{function_declaration ParseConfig(config cacheimporttypes.CacheConfig, provider DescriptorProvider, t solver.CacheExporterTarget) at vendor/github.com/moby/buildkit/cache/remotecache/v1/parse.go:22}","10","10"
"3874ca598472f8d1e65e921007dc71c5c2177cb9","EXTRACT","{method_declaration MarshalToSizedBufferVT(dAtA []byte) at vendor/github.com/moby/buildkit/frontend/gateway/pb/gateway_vtproto.pb.go:5162}","{method_declaration MarshalToSizedBufferVT(dAtA []byte) at vendor/github.com/moby/buildkit/frontend/gateway/pb/gateway_vtproto.pb.go:6102}","78","14"
"3874ca598472f8d1e65e921007dc71c5c2177cb9","EXTRACT","{method_declaration CloneVT() at vendor/github.com/moby/buildkit/frontend/gateway/pb/gateway_vtproto.pb.go:996}","{method_declaration CloneVT() at vendor/github.com/moby/buildkit/frontend/gateway/pb/gateway_vtproto.pb.go:1246}","27","12"
"3874ca598472f8d1e65e921007dc71c5c2177cb9","EXTRACT","{method_declaration UnmarshalVT(dAtA []byte) at vendor/github.com/moby/buildkit/frontend/gateway/pb/gateway_vtproto.pb.go:9975}","{method_declaration UnmarshalVT(dAtA []byte) at vendor/github.com/moby/buildkit/frontend/gateway/pb/gateway_vtproto.pb.go:15340}","210","83"
"3874ca598472f8d1e65e921007dc71c5c2177cb9","EXTRACT_MOVE","{method_declaration SizeVT() at vendor/github.com/moby/buildkit/frontend/gateway/pb/gateway_vtproto.pb.go:6233}","{method_declaration SizeVT() at vendor/github.com/moby/buildkit/sourcepolicy/policysession/policysession_vtproto.pb.go:617}","40","14"
"3874ca598472f8d1e65e921007dc71c5c2177cb9","CHANGE_SIGNATURE","{method_declaration Snapshot(ctx context.Context, g session.Group) at daemon/internal/builder-next/adapters/containerimage/pull.go:454}","{method_declaration Snapshot(ctx context.Context, jobCtx solver.JobContext) at daemon/internal/builder-next/adapters/containerimage/pull.go:466}","223","228"
"3874ca598472f8d1e65e921007dc71c5c2177cb9","RENAME","{method_declaration CacheKey(ctx context.Context, g session.Group, index int) at vendor/github.com/moby/buildkit/source/http/source.go:208}","{method_declaration resolveMetadata(ctx context.Context, jobCtx solver.JobContext) at vendor/github.com/moby/buildkit/source/http/source.go:233}","139","231"
"3874ca598472f8d1e65e921007dc71c5c2177cb9","CHANGE_SIGNATURE","{method_declaration CacheMap(ctx context.Context, g session.Group, index int) at vendor/github.com/moby/buildkit/solver/llbsolver/ops/build.go:43}","{method_declaration CacheMap(ctx context.Context, job solver.JobContext, index int) at vendor/github.com/moby/buildkit/solver/llbsolver/ops/build.go:42}","25","25"
"3874ca598472f8d1e65e921007dc71c5c2177cb9","EXTRACT_MOVE","{method_declaration MarshalToSizedBufferVT(dAtA []byte) at vendor/github.com/moby/buildkit/frontend/gateway/pb/gateway_vtproto.pb.go:3828}","{method_declaration MarshalToSizedBufferVT(dAtA []byte) at vendor/github.com/moby/buildkit/sourcepolicy/policysession/policysession_vtproto.pb.go:423}","143","18"
"3874ca598472f8d1e65e921007dc71c5c2177cb9","EXTRACT","{method_declaration CloneVT() at vendor/github.com/moby/buildkit/frontend/gateway/pb/gateway_vtproto.pb.go:1068}","{method_declaration CloneVT() at vendor/github.com/moby/buildkit/frontend/gateway/pb/gateway_vtproto.pb.go:1173}","11","11"
"3874ca598472f8d1e65e921007dc71c5c2177cb9","EXTRACT","{method_declaration UnmarshalVT(dAtA []byte) at vendor/github.com/moby/buildkit/frontend/gateway/pb/gateway_vtproto.pb.go:11417}","{method_declaration UnmarshalVT(dAtA []byte) at vendor/github.com/moby/buildkit/frontend/gateway/pb/gateway_vtproto.pb.go:15076}","270","51"
"3874ca598472f8d1e65e921007dc71c5c2177cb9","EXTRACT","{method_declaration SizeVT() at vendor/github.com/moby/buildkit/frontend/gateway/pb/gateway_vtproto.pb.go:6554}","{method_declaration SizeVT() at vendor/github.com/moby/buildkit/frontend/gateway/pb/gateway_vtproto.pb.go:7567}","19","19"
"3874ca598472f8d1e65e921007dc71c5c2177cb9","EXTRACT","{method_declaration CloneVT() at vendor/github.com/moby/buildkit/frontend/gateway/pb/gateway_vtproto.pb.go:1028}","{method_declaration CloneVT() at vendor/github.com/moby/buildkit/frontend/gateway/pb/gateway_vtproto.pb.go:1189}","19","11"
"3874ca598472f8d1e65e921007dc71c5c2177cb9","EXTRACT","{method_declaration MarshalToSizedBufferVT(dAtA []byte) at vendor/github.com/moby/buildkit/frontend/gateway/pb/gateway_vtproto.pb.go:5162}","{method_declaration MarshalToSizedBufferVT(dAtA []byte) at vendor/github.com/moby/buildkit/frontend/gateway/pb/gateway_vtproto.pb.go:6233}","78","21"
"3874ca598472f8d1e65e921007dc71c5c2177cb9","CHANGE_SIGNATURE","{method_declaration ResolveImageConfig(ctx context.Context, ref string, opt sourceresolver.Opt, sm *session.Manager, g session.Group) at daemon/internal/builder-next/adapters/containerimage/pull.go:197}","{method_declaration ResolveImageConfig(ctx context.Context, ref string, opt sourceresolver.Opt, sm *session.Manager, jobCtx solver.JobContext) at daemon/internal/builder-next/adapters/containerimage/pull.go:197}","47","55"
"3874ca598472f8d1e65e921007dc71c5c2177cb9","EXTRACT","{method_declaration CloneVT() at vendor/github.com/moby/buildkit/frontend/gateway/pb/gateway_vtproto.pb.go:772}","{method_declaration CloneVT() at vendor/github.com/moby/buildkit/frontend/gateway/pb/gateway_vtproto.pb.go:1205}","36","18"
"3874ca598472f8d1e65e921007dc71c5c2177cb9","EXTRACT_MOVE","{method_declaration CloneVT() at vendor/github.com/moby/buildkit/frontend/gateway/pb/gateway_vtproto.pb.go:996}","{method_declaration CloneVT() at vendor/github.com/moby/buildkit/sourcepolicy/policysession/policysession_vtproto.pb.go:114}","27","12"
"d558896fae306c1de0d72bbbb2554d4579eb043c","EXTRACT","{function_declaration LoadRSAPSSKeyFromFile(path string) at vendor/github.com/secure-systems-lab/go-securesystemslib/signerverifier/rsa.go:97}","{function_declaration LoadRSAPSSKeyFromBytes(contents []byte) at vendor/github.com/secure-systems-lab/go-securesystemslib/signerverifier/rsa.go:118}","45","33"
"d558896fae306c1de0d72bbbb2554d4579eb043c","RENAME","{function_declaration loadKeyFromSSLibBytes(contents []byte) at vendor/github.com/secure-systems-lab/go-securesystemslib/signerverifier/utils.go:30}","{function_declaration LoadKeyFromSSLibBytes(contents []byte) at vendor/github.com/secure-systems-lab/go-securesystemslib/signerverifier/utils.go:32}","16","15"
"d558896fae306c1de0d72bbbb2554d4579eb043c","RENAME","{function_declaration NewMultiEnvelopeSigner(threshold int, p ...SignerVerifier) at vendor/github.com/secure-systems-lab/go-securesystemslib/dsse/sign.go:35}","{function_declaration NewEnvelopeSigner(p ...Signer) at vendor/github.com/secure-systems-lab/go-securesystemslib/dsse/sign.go:25}","17","17"
"d558896fae306c1de0d72bbbb2554d4579eb043c","RENAME","{function_declaration NewEnvelopeSigner(p ...SignerVerifier) at vendor/github.com/secure-systems-lab/go-securesystemslib/dsse/sign.go:26}","{function_declaration NewMultiEnvelopeSigner(threshold int, p ...Signer) at vendor/github.com/secure-systems-lab/go-securesystemslib/dsse/sign.go:50}","3","3"
"bb07fdcd1493c8d80712bef1f704723d217463e5","CHANGE_SIGNATURE","{function_declaration New(pl exported.Pipeline, resp *http.Response, finalState pollers.FinalStateVia) at vendor/github.com/Azure/azure-sdk-for-go/sdk/azcore/internal/pollers/op/op.go:48}","{function_declaration New(pl exported.Pipeline, resp *http.Response, finalState pollers.FinalStateVia, resultPath string) at vendor/github.com/Azure/azure-sdk-for-go/sdk/azcore/internal/pollers/op/op.go:49}","40","41"
"f1d0fe47c9febb63df0d7ac47943405c5258c81c","CHANGE_SIGNATURE","{method_declaration Verify(signingString string, sig []byte, key interface{}) at vendor/github.com/golang-jwt/jwt/v5/ed25519.go:36}","{method_declaration Verify(signingString string, sig []byte, key any) at vendor/github.com/golang-jwt/jwt/v5/ed25519.go:36}","19","19"
"f1d0fe47c9febb63df0d7ac47943405c5258c81c","CHANGE_SIGNATURE","{method_declaration Sign(signingString string, key interface{}) at vendor/github.com/golang-jwt/jwt/v5/rsa_pss.go:111}","{method_declaration Sign(signingString string, key any) at vendor/github.com/golang-jwt/jwt/v5/rsa_pss.go:108}","25","25"
"f1d0fe47c9febb63df0d7ac47943405c5258c81c","CHANGE_SIGNATURE","{method_declaration SignedString(key interface{}) at vendor/github.com/golang-jwt/jwt/v5/token.go:63}","{method_declaration SignedString(key any) at vendor/github.com/golang-jwt/jwt/v5/token.go:63}","13","13"
"f1d0fe47c9febb63df0d7ac47943405c5258c81c","CHANGE_SIGNATURE","{method_declaration Sign(signingString string, key interface{}) at vendor/github.com/golang-jwt/jwt/v5/rsa.go:70}","{method_declaration Sign(signingString string, key any) at vendor/github.com/golang-jwt/jwt/v5/rsa.go:70}","24","24"
"f1d0fe47c9febb63df0d7ac47943405c5258c81c","CHANGE_SIGNATURE","{method_declaration Sign(signingString string, key interface{}) at vendor/github.com/golang-jwt/jwt/v5/hmac.go:91}","{method_declaration Sign(signingString string, key any) at vendor/github.com/golang-jwt/jwt/v5/hmac.go:91}","14","14"
"f1d0fe47c9febb63df0d7ac47943405c5258c81c","CHANGE_SIGNATURE","{method_declaration Verify(signingString string, sig []byte, key interface{}) at vendor/github.com/golang-jwt/jwt/v5/ecdsa.go:58}","{method_declaration Verify(signingString string, sig []byte, key any) at vendor/github.com/golang-jwt/jwt/v5/ecdsa.go:58}","31","31"
"f1d0fe47c9febb63df0d7ac47943405c5258c81c","CHANGE_SIGNATURE","{method_declaration Sign(signingString string, key interface{}) at vendor/github.com/golang-jwt/jwt/v5/ecdsa.go:92}","{method_declaration Sign(signingString string, key any) at vendor/github.com/golang-jwt/jwt/v5/ecdsa.go:92}","43","43"
"f1d0fe47c9febb63df0d7ac47943405c5258c81c","CHANGE_SIGNATURE","{method_declaration Verify(signingString string, sig []byte, key interface{}) at vendor/github.com/golang-jwt/jwt/v5/hmac.go:58}","{method_declaration Verify(signingString string, sig []byte, key any) at vendor/github.com/golang-jwt/jwt/v5/hmac.go:58}","24","24"
"f1d0fe47c9febb63df0d7ac47943405c5258c81c","CHANGE_SIGNATURE","{method_declaration Verify(signingString string, sig []byte, key interface{}) at vendor/github.com/golang-jwt/jwt/v5/rsa_pss.go:85}","{method_declaration Verify(signingString string, sig []byte, key any) at vendor/github.com/golang-jwt/jwt/v5/rsa_pss.go:82}","23","23"
"f1d0fe47c9febb63df0d7ac47943405c5258c81c","CHANGE_SIGNATURE","{method_declaration Verify(signingString string, sig []byte, key interface{}) at vendor/github.com/golang-jwt/jwt/v5/rsa.go:49}","{method_declaration Verify(signingString string, sig []byte, key any) at vendor/github.com/golang-jwt/jwt/v5/rsa.go:49}","18","18"
"f1d0fe47c9febb63df0d7ac47943405c5258c81c","CHANGE_SIGNATURE","{method_declaration Sign(signingString string, key interface{}) at vendor/github.com/golang-jwt/jwt/v5/ed25519.go:58}","{method_declaration Sign(signingString string, key any) at vendor/github.com/golang-jwt/jwt/v5/ed25519.go:58}","22","22"
"f1d0fe47c9febb63df0d7ac47943405c5258c81c","CHANGE_SIGNATURE","{method_declaration Verify(signingString string, sig []byte, key interface{}) at vendor/github.com/golang-jwt/jwt/v5/none.go:28}","{method_declaration Verify(signingString string, sig []byte, key any) at vendor/github.com/golang-jwt/jwt/v5/none.go:28}","14","14"
"f1d0fe47c9febb63df0d7ac47943405c5258c81c","CHANGE_SIGNATURE","{method_declaration Sign(signingString string, key interface{}) at vendor/github.com/golang-jwt/jwt/v5/none.go:44}","{method_declaration Sign(signingString string, key any) at vendor/github.com/golang-jwt/jwt/v5/none.go:44}","7","7"
"f1d0fe47c9febb63df0d7ac47943405c5258c81c","CHANGE_SIGNATURE","{function_declaration WithAudience(aud string) at vendor/github.com/golang-jwt/jwt/v5/parser_option.go:77}","{function_declaration WithAudience(aud ...string) at vendor/github.com/golang-jwt/jwt/v5/parser_option.go:77}","5","5"
"79344e1c9acaae2e8321e1f4f359944eb2878c56"
"d36617d2c19e4505b81c3030c397aa1c35c3024f"
"1e48c343453b2fc00e5a8a7439dfddd34000b60a"
"c169cc96298ef452781fbe394f2753cb43dbaf51","CHANGE_SIGNATURE","{function_declaration parseCertificate(in *certificate) at vendor/github.com/google/certificate-transparency-go/x509/x509.go:1816}","{function_declaration parseCertificate(in *certificate, tbsOnly bool) at vendor/github.com/google/certificate-transparency-go/x509/x509.go:1816}","262","278"
"940c8d6b716072715aea38a27384df3711d571d1","EXTRACT","{function_declaration CheckResponse(res *http.Response) at vendor/google.golang.org/api/googleapi/googleapi.go:142}","{function_declaration CheckResponseWithBody(res *http.Response, body []byte) at vendor/google.golang.org/api/googleapi/googleapi.go:161}","23","21"
"940c8d6b716072715aea38a27384df3711d571d1","EXTRACT","{function_declaration NewWorkloadX509CertProvider(configFilePath string) at vendor/cloud.google.com/go/auth/internal/transport/cert/workload_cert.go:48}","{function_declaration getconfigFilePath() at vendor/cloud.google.com/go/auth/internal/transport/cert/workload_cert.go:44}","21","8"
"940c8d6b716072715aea38a27384df3711d571d1","CHANGE_SIGNATURE","{function_declaration NewClientTLSConfig(
	ctx context.Context,
	s2av2Address string,
	transportCreds credentials.TransportCredentials,
	tokenManager tokenmanager.AccessTokenManager,
	verificationMode s2av2pb.ValidatePeerCertificateChainReq_VerificationMode,
	serverName string,
	serverAuthorizationPolicy []byte) at vendor/github.com/google/s2a-go/internal/v2/s2av2.go:309}","{function_declaration NewClientTLSConfig(
	ctx context.Context,
	s2av2Address string,
	transportCreds credentials.TransportCredentials,
	tokenManager tokenmanager.AccessTokenManager,
	verificationMode s2av2pb.ValidatePeerCertificateChainReq_VerificationMode,
	serverName string,
	serverAuthorizationPolicy []byte,
	getStream stream.GetS2AStream) at vendor/github.com/google/s2a-go/internal/v2/s2av2.go:310}","9","9"
"940c8d6b716072715aea38a27384df3711d571d1","CHANGE_SIGNATURE","{function_declaration NewServerCreds(s2av2Address string, transportCreds credentials.TransportCredentials, localIdentities []*commonpb.Identity, verificationMode s2av2pb.ValidatePeerCertificateChainReq_VerificationMode, getS2AStream func(ctx context.Context, s2av2Address string) (stream.S2AStream, error)) at vendor/github.com/google/s2a-go/internal/v2/s2av2.go:104}","{function_declaration NewServerCreds(s2av2Address string, transportCreds credentials.TransportCredentials, localIdentities []*commonpb.Identity, verificationMode s2av2pb.ValidatePeerCertificateChainReq_VerificationMode, getS2AStream stream.GetS2AStream) at vendor/github.com/google/s2a-go/internal/v2/s2av2.go:104}","24","24"
"940c8d6b716072715aea38a27384df3711d571d1","CHANGE_SIGNATURE","{function_declaration createStream(ctx context.Context, s2av2Address string, transportCreds credentials.TransportCredentials, getS2AStream func(ctx context.Context, s2av2Address string) (stream.S2AStream, error)) at vendor/github.com/google/s2a-go/internal/v2/s2av2.go:353}","{function_declaration createStream(ctx context.Context, s2av2Address string, transportCreds credentials.TransportCredentials, getS2AStream stream.GetS2AStream) at vendor/github.com/google/s2a-go/internal/v2/s2av2.go:354}","18","18"
"940c8d6b716072715aea38a27384df3711d571d1","EXTRACT","{function_declaration isTokenProviderDirectPathCompatible(tp auth.TokenProvider, o *Options) at vendor/cloud.google.com/go/auth/grpctransport/directpath.go:58}","{function_declaration isTokenProviderComputeEngine(tp auth.TokenProvider) at vendor/cloud.google.com/go/auth/grpctransport/directpath.go:63}","22","19"
"940c8d6b716072715aea38a27384df3711d571d1","CHANGE_SIGNATURE","{function_declaration NewClientCreds(s2av2Address string, transportCreds credentials.TransportCredentials, localIdentity *commonpb.Identity, verificationMode s2av2pb.ValidatePeerCertificateChainReq_VerificationMode, fallbackClientHandshakeFunc fallback.ClientHandshake, getS2AStream func(ctx context.Context, s2av2Address string) (stream.S2AStream, error), serverAuthorizationPolicy []byte) at vendor/github.com/google/s2a-go/internal/v2/s2av2.go:73}","{function_declaration NewClientCreds(s2av2Address string, transportCreds credentials.TransportCredentials, localIdentity *commonpb.Identity, verificationMode s2av2pb.ValidatePeerCertificateChainReq_VerificationMode, fallbackClientHandshakeFunc fallback.ClientHandshake, getS2AStream stream.GetS2AStream, serverAuthorizationPolicy []byte) at vendor/github.com/google/s2a-go/internal/v2/s2av2.go:73}","28","28"
"621cee8dbe8b63b51eee41c1b3f38d1972c2b544"
"ce739870fb7e5798771ccb18388a7611e151bf6f"
"7e78088f8f1089adcd0608da82a8ba72b860804a"
"f740e0fefa466056a69a5e22b6d83659410113e6","INLINE","{method_declaration Done() at vendor/github.com/containerd/containerd/v2/internal/cleanup/context.go:33}","{method_declaration unpack(
	h images.Handler,
	config ocispec.Descriptor,
	layers []ocispec.Descriptor,
) at vendor/github.com/containerd/containerd/v2/core/unpack/unpacker.go:306}","3","335"
"f740e0fefa466056a69a5e22b6d83659410113e6","CHANGE_SIGNATURE","{function_declaration escapeAndCombineArgs(args []string) at vendor/github.com/containerd/containerd/v2/pkg/oci/spec_opts_linux.go:79}","{function_declaration escapeAndCombineArgs([]string) at vendor/github.com/containerd/containerd/v2/pkg/oci/spec_opts_linux.go:78}","3","3"
"f740e0fefa466056a69a5e22b6d83659410113e6","CHANGE_SIGNATURE","{function_declaration getRecords(ctx context.Context, store content.Provider, desc ocispec.Descriptor, algorithms map[string]struct{}, brOpts *blobRecordOptions) at vendor/github.com/containerd/containerd/v2/core/images/archive/exporter.go:353}","{function_declaration getRecords(ctx context.Context, store content.Provider, desc ocispec.Descriptor, algorithms map[string]struct{}, brOpts *blobRecordOptions, referrers content.ReferrersProvider) at vendor/github.com/containerd/containerd/v2/core/images/archive/exporter.go:364}","29","59"
"f740e0fefa466056a69a5e22b6d83659410113e6","RENAME","{function_declaration getSupplementalGroupsFromPath(root string, filter func(user.Group) bool) at vendor/github.com/containerd/containerd/v2/pkg/oci/spec_opts.go:1103}","{function_declaration getSupplementalGroupsFromFS(root fs.FS, filter func(user.Group) bool) at vendor/github.com/containerd/containerd/v2/pkg/oci/spec_opts.go:1193}","19","20"
"f740e0fefa466056a69a5e22b6d83659410113e6","EXTRACT_MOVE","{function_declaration update(ctx context.Context, db Transactor, fn func(*bolt.Tx) error) at vendor/github.com/containerd/containerd/v2/core/metadata/bolt.go:55}","{function_declaration Transaction(ctx context.Context) at vendor/github.com/containerd/containerd/v2/core/metadata/boltutil/context.go:37}","9","4"
"f740e0fefa466056a69a5e22b6d83659410113e6","RENAME","{function_declaration setupLoop(backingFile string, param LoopParams) at vendor/github.com/containerd/containerd/v2/core/mount/losetup_linux.go:166}","{function_declaration SetupLoop(backingFile string, param LoopParams) at vendor/github.com/containerd/containerd/v2/core/mount/losetup_linux.go:168}","26","26"
"f740e0fefa466056a69a5e22b6d83659410113e6","INLINE","{method_declaration release() at vendor/github.com/containerd/containerd/v2/core/unpack/unpacker.go:556}","{method_declaration fetch(ctx context.Context, h images.Handler, layers []ocispec.Descriptor, done []chan struct{}) at vendor/github.com/containerd/containerd/v2/core/unpack/unpacker.go:642}","6","45"
"f740e0fefa466056a69a5e22b6d83659410113e6","EXTRACT","{function_declaration GIDFromPath(root string, filter func(user.Group) bool) at vendor/github.com/containerd/containerd/v2/pkg/oci/spec_opts.go:1087}","{function_declaration GIDFromFS(root fs.FS, filter func(user.Group) bool) at vendor/github.com/containerd/containerd/v2/pkg/oci/spec_opts.go:1176}","15","16"
"f740e0fefa466056a69a5e22b6d83659410113e6","CHANGE_SIGNATURE","{method_declaration finish(ctx context.Context) at vendor/github.com/containerd/containerd/v2/core/metadata/gc.go:235}","{method_declaration finish(ctx context.Context, wg *sync.WaitGroup) at vendor/github.com/containerd/containerd/v2/core/metadata/gc.go:322}","7","11"
"f740e0fefa466056a69a5e22b6d83659410113e6","CHANGE_SIGNATURE","{function_declaration WithLimiter(l *semaphore.Weighted) at vendor/github.com/containerd/containerd/v2/core/unpack/unpacker.go:119}","{function_declaration WithLimiter(l Limiter) at vendor/github.com/containerd/containerd/v2/core/unpack/unpacker.go:136}","6","6"
"f740e0fefa466056a69a5e22b6d83659410113e6","INLINE","{method_declaration Err() at vendor/github.com/containerd/containerd/v2/internal/cleanup/context.go:37}","{method_declaration scanRoots(ctx context.Context, tx *bolt.Tx, nc chan<- gc.Node) at vendor/github.com/containerd/containerd/v2/core/metadata/gc.go:336}","3","268"
"f740e0fefa466056a69a5e22b6d83659410113e6","CHANGE_SIGNATURE","{method_declaration sendLabelRefs(ns string, bkt *bolt.Bucket, fn func(gc.Node)) at vendor/github.com/containerd/containerd/v2/core/metadata/gc.go:744}","{method_declaration sendLabelRefs(ns string, bkt *bolt.Bucket, fn func(gc.Node), bref func(gc.Node), root func()) at vendor/github.com/containerd/containerd/v2/core/metadata/gc.go:875}","13","21"
"f740e0fefa466056a69a5e22b6d83659410113e6","EXTRACT","{method_declaration addNamespace(ns string) at vendor/github.com/containerd/containerd/v2/core/remotes/docker/resolver.go:554}","{method_declaration addQuery(key, value string) at vendor/github.com/containerd/containerd/v2/core/remotes/docker/resolver.go:554}","22","19"
"f740e0fefa466056a69a5e22b6d83659410113e6","EXTRACT","{function_declaration UserFromPath(root string, filter func(user.User) bool) at vendor/github.com/containerd/containerd/v2/pkg/oci/spec_opts.go:1067}","{function_declaration UserFromFS(root fs.FS, filter func(user.User) bool) at vendor/github.com/containerd/containerd/v2/pkg/oci/spec_opts.go:1144}","14","15"
"f740e0fefa466056a69a5e22b6d83659410113e6","CHANGE_SIGNATURE","{function_declaration WithDuplicationSuppressor(d kmutex.KeyedLocker) at vendor/github.com/containerd/containerd/v2/core/unpack/unpacker.go:126}","{function_declaration WithDuplicationSuppressor(d KeyedLocker) at vendor/github.com/containerd/containerd/v2/core/unpack/unpacker.go:143}","6","6"
"f740e0fefa466056a69a5e22b6d83659410113e6","INLINE","{method_declaration Done() at vendor/github.com/containerd/containerd/v2/internal/cleanup/context.go:33}","{method_declaration scanRoots(ctx context.Context, tx *bolt.Tx, nc chan<- gc.Node) at vendor/github.com/containerd/containerd/v2/core/metadata/gc.go:336}","3","268"
"f740e0fefa466056a69a5e22b6d83659410113e6","INLINE","{method_declaration Err() at vendor/github.com/containerd/containerd/v2/internal/cleanup/context.go:37}","{method_declaration unpack(
	h images.Handler,
	config ocispec.Descriptor,
	layers []ocispec.Descriptor,
) at vendor/github.com/containerd/containerd/v2/core/unpack/unpacker.go:306}","3","335"
"f740e0fefa466056a69a5e22b6d83659410113e6","MOVE_RENAME","{function_declaration WithTransactionContext(ctx context.Context, tx *bolt.Tx) at vendor/github.com/containerd/containerd/v2/core/metadata/bolt.go:33}","{function_declaration WithTransaction(ctx context.Context, tx *bolt.Tx) at vendor/github.com/containerd/containerd/v2/core/metadata/boltutil/context.go:31}","3","3"
"f740e0fefa466056a69a5e22b6d83659410113e6","EXTRACT_MOVE","{function_declaration view(ctx context.Context, db Transactor, fn func(*bolt.Tx) error) at vendor/github.com/containerd/containerd/v2/core/metadata/bolt.go:45}","{function_declaration Transaction(ctx context.Context) at vendor/github.com/containerd/containerd/v2/core/metadata/boltutil/context.go:37}","7","4"
"f740e0fefa466056a69a5e22b6d83659410113e6","CHANGE_SIGNATURE","{method_declaration acquire(ctx context.Context) at vendor/github.com/containerd/containerd/v2/core/unpack/unpacker.go:549}","{method_declaration acquire(ctx context.Context, l Limiter) at vendor/github.com/containerd/containerd/v2/core/unpack/unpacker.go:688}","6","6"
"1639703e561e13c38dcf466d6312c886002a3435"
"e4278c4c5411e9e70b195df83835374d0518edef","CHANGE_SIGNATURE","{function_declaration loadFromConfDir(c *libcni, max int) at vendor/github.com/containerd/go-cni/opts.go:212}","{function_declaration loadFromConfDir(c *libcni, maxConfigs int) at vendor/github.com/containerd/go-cni/opts.go:212}","62","61"
"e4278c4c5411e9e70b195df83835374d0518edef","CHANGE_SIGNATURE","{function_declaration WithPluginMaxConfNum(max int) at vendor/github.com/containerd/go-cni/opts.go:69}","{function_declaration WithPluginMaxConfNum(maxConfigs int) at vendor/github.com/containerd/go-cni/opts.go:69}","6","6"
"7c798d012a8ced424496827bf25a29c5d14a1e1d"
"d8f2aa4e3bd9401eb3a9c2c8487db67ea30f5b46"
"0a494a730311ef675dc320b18567424cc734ac34","CHANGE_SIGNATURE","{function_declaration MakeProgressTracker(maxInflight int) at vendor/go.etcd.io/etcd/raft/v3/tracker/tracker.go:128}","{function_declaration MakeProgressTracker(maxInflight int, maxBytes uint64) at vendor/go.etcd.io/raft/v3/tracker/tracker.go:129}","16","17"
"0a494a730311ef675dc320b18567424cc734ac34","CHANGE_SIGNATURE","{method_declaration resolveService(ctx context.Context, task *api.Task) at vendor/github.com/moby/swarmkit/v2/manager/orchestrator/replicated/services.go:78}","{method_declaration resolveService(_ context.Context, task *api.Task) at vendor/github.com/moby/swarmkit/v2/manager/orchestrator/replicated/services.go:78}","10","10"
"0a494a730311ef675dc320b18567424cc734ac34","CHANGE_SIGNATURE","{method_declaration matchTerm(i, term uint64) at vendor/go.etcd.io/etcd/raft/v3/log.go:317}","{method_declaration matchTerm(id entryID) at vendor/go.etcd.io/raft/v3/log.go:445}","7","7"
"0a494a730311ef675dc320b18567424cc734ac34","CHANGE_SIGNATURE","{method_declaration entries(i, maxsize uint64) at vendor/go.etcd.io/etcd/raft/v3/log.go:287}","{method_declaration entries(i uint64, maxSize entryEncodingSize) at vendor/go.etcd.io/raft/v3/log.go:413}","6","6"
"0a494a730311ef675dc320b18567424cc734ac34","CHANGE_SIGNATURE","{method_declaration ListServiceStatuses(ctx context.Context, req *api.ListServiceStatusesRequest) at vendor/github.com/moby/swarmkit/v2/manager/controlapi/service.go:1047}","{method_declaration ListServiceStatuses(_ context.Context, req *api.ListServiceStatusesRequest) at vendor/github.com/moby/swarmkit/v2/manager/controlapi/service.go:1047}","90","90"
"0a494a730311ef675dc320b18567424cc734ac34","CHANGE_SIGNATURE","{method_declaration GetService(ctx context.Context, request *api.GetServiceRequest) at vendor/github.com/moby/swarmkit/v2/manager/controlapi/service.go:790}","{method_declaration GetService(_ context.Context, request *api.GetServiceRequest) at vendor/github.com/moby/swarmkit/v2/manager/controlapi/service.go:790}","21","21"
"0a494a730311ef675dc320b18567424cc734ac34","CHANGE_SIGNATURE","{method_declaration GetNode(ctx context.Context, request *api.GetNodeRequest) at vendor/github.com/moby/swarmkit/v2/manager/controlapi/node.go:26}","{method_declaration GetNode(_ context.Context, request *api.GetNodeRequest) at vendor/github.com/moby/swarmkit/v2/manager/controlapi/node.go:26}","32","32"
"0a494a730311ef675dc320b18567424cc734ac34","CHANGE_SIGNATURE","{method_declaration UpdateResource(ctx context.Context, request *api.UpdateResourceRequest) at vendor/github.com/moby/swarmkit/v2/manager/controlapi/resource.go:190}","{method_declaration UpdateResource(_ context.Context, request *api.UpdateResourceRequest) at vendor/github.com/moby/swarmkit/v2/manager/controlapi/resource.go:190}","36","36"
"0a494a730311ef675dc320b18567424cc734ac34","CHANGE_SIGNATURE","{method_declaration RemoveResource(ctx context.Context, request *api.RemoveResourceRequest) at vendor/github.com/moby/swarmkit/v2/manager/controlapi/resource.go:87}","{method_declaration RemoveResource(_ context.Context, request *api.RemoveResourceRequest) at vendor/github.com/moby/swarmkit/v2/manager/controlapi/resource.go:87}","16","16"
"0a494a730311ef675dc320b18567424cc734ac34","CHANGE_SIGNATURE","{method_declaration ListSecrets(ctx context.Context, request *api.ListSecretsRequest) at vendor/github.com/moby/swarmkit/v2/manager/controlapi/secret.go:98}","{method_declaration ListSecrets(_ context.Context, request *api.ListSecretsRequest) at vendor/github.com/moby/swarmkit/v2/manager/controlapi/secret.go:98}","51","51"
"0a494a730311ef675dc320b18567424cc734ac34","EXTRACT","{function_declaration stepLeader(r *raft, m pb.Message) at vendor/go.etcd.io/etcd/raft/v3/raft.go:985}","{function_declaration traceChangeConfEvent(raftpb.ConfChangeI, *raft) at vendor/go.etcd.io/raft/v3/state_trace_nop.go:44}","382","1"
"0a494a730311ef675dc320b18567424cc734ac34","CHANGE_SIGNATURE","{method_declaration RemoveVolume(ctx context.Context, request *api.RemoveVolumeRequest) at vendor/github.com/moby/swarmkit/v2/manager/controlapi/volume.go:240}","{method_declaration RemoveVolume(_ context.Context, request *api.RemoveVolumeRequest) at vendor/github.com/moby/swarmkit/v2/manager/controlapi/volume.go:240}","29","29"
"0a494a730311ef675dc320b18567424cc734ac34","CHANGE_SIGNATURE","{method_declaration allocateService(ctx context.Context, s *api.Service, existingAddressesOnly bool) at vendor/github.com/moby/swarmkit/v2/manager/allocator/network.go:1161}","{method_declaration allocateService(_ context.Context, s *api.Service, existingAddressesOnly bool) at vendor/github.com/moby/swarmkit/v2/manager/allocator/network.go:1161}","65","65"
"0a494a730311ef675dc320b18567424cc734ac34","CHANGE_SIGNATURE","{method_declaration handleTaskChange(ctx context.Context, t *api.Task) at vendor/github.com/moby/swarmkit/v2/manager/orchestrator/global/global.go:203}","{method_declaration handleTaskChange(_ context.Context, t *api.Task) at vendor/github.com/moby/swarmkit/v2/manager/orchestrator/global/global.go:203}","15","15"
"0a494a730311ef675dc320b18567424cc734ac34","CHANGE_SIGNATURE","{method_declaration reduceUncommittedSize(ents []pb.Entry) at vendor/go.etcd.io/etcd/raft/v3/raft.go:1777}","{method_declaration reduceUncommittedSize(s entryPayloadSize) at vendor/go.etcd.io/raft/v3/raft.go:2112}","19","10"
"0a494a730311ef675dc320b18567424cc734ac34","CHANGE_SIGNATURE","{method_declaration UpdateVolume(ctx context.Context, request *api.UpdateVolumeRequest) at vendor/github.com/moby/swarmkit/v2/manager/controlapi/volume.go:73}","{method_declaration UpdateVolume(_ context.Context, request *api.UpdateVolumeRequest) at vendor/github.com/moby/swarmkit/v2/manager/controlapi/volume.go:73}","63","63"
"0a494a730311ef675dc320b18567424cc734ac34","CHANGE_SIGNATURE","{method_declaration stableTo(i, t uint64) at vendor/go.etcd.io/etcd/raft/v3/log.go:253}","{method_declaration stableTo(id entryID) at vendor/go.etcd.io/raft/v3/log.go:365}","1","1"
"0a494a730311ef675dc320b18567424cc734ac34","CHANGE_SIGNATURE","{method_declaration GetVolume(ctx context.Context, request *api.GetVolumeRequest) at vendor/github.com/moby/swarmkit/v2/manager/controlapi/volume.go:222}","{method_declaration GetVolume(_ context.Context, request *api.GetVolumeRequest) at vendor/github.com/moby/swarmkit/v2/manager/controlapi/volume.go:222}","12","12"
"0a494a730311ef675dc320b18567424cc734ac34","CHANGE_SIGNATURE","{method_declaration ListenSubscriptions(request *api.ListenSubscriptionsRequest, stream api.LogBroker_ListenSubscriptionsServer) at vendor/github.com/moby/swarmkit/v2/manager/logbroker/broker.go:305}","{method_declaration ListenSubscriptions(_ *api.ListenSubscriptionsRequest, stream api.LogBroker_ListenSubscriptionsServer) at vendor/github.com/moby/swarmkit/v2/manager/logbroker/broker.go:305}","72","72"
"0a494a730311ef675dc320b18567424cc734ac34","CHANGE_SIGNATURE","{method_declaration RemoveService(ctx context.Context, request *api.RemoveServiceRequest) at vendor/github.com/moby/swarmkit/v2/manager/controlapi/service.go:943}","{method_declaration RemoveService(_ context.Context, request *api.RemoveServiceRequest) at vendor/github.com/moby/swarmkit/v2/manager/controlapi/service.go:943}","16","16"
"0a494a730311ef675dc320b18567424cc734ac34","CHANGE_SIGNATURE","{method_declaration ListClusters(ctx context.Context, request *api.ListClustersRequest) at vendor/github.com/moby/swarmkit/v2/manager/controlapi/cluster.go:206}","{method_declaration ListClusters(_ context.Context, request *api.ListClustersRequest) at vendor/github.com/moby/swarmkit/v2/manager/controlapi/cluster.go:206}","43","43"
"0a494a730311ef675dc320b18567424cc734ac34","EXTRACT","{method_declaration maybeSendAppend(to uint64, sendIfEmpty bool) at vendor/go.etcd.io/etcd/raft/v3/raft.go:432}","{method_declaration maybeSendSnapshot(to uint64, pr *tracker.Progress) at vendor/go.etcd.io/raft/v3/raft.go:664}","61","26"
"0a494a730311ef675dc320b18567424cc734ac34","CHANGE_SIGNATURE","{method_declaration orderedNodes(meetsConstraints func(*NodeInfo) bool, nodeLess func(*NodeInfo, *NodeInfo) bool) at vendor/github.com/moby/swarmkit/v2/manager/scheduler/decision_tree.go:24}","{method_declaration orderedNodes(meetsConstraints func(*NodeInfo) bool, _ func(*NodeInfo, *NodeInfo) bool) at vendor/github.com/moby/swarmkit/v2/manager/scheduler/decision_tree.go:24}","29","29"
"0a494a730311ef675dc320b18567424cc734ac34","CHANGE_SIGNATURE","{method_declaration ListResources(ctx context.Context, request *api.ListResourcesRequest) at vendor/github.com/moby/swarmkit/v2/manager/controlapi/resource.go:109}","{method_declaration ListResources(_ context.Context, request *api.ListResourcesRequest) at vendor/github.com/moby/swarmkit/v2/manager/controlapi/resource.go:109}","76","76"
"0a494a730311ef675dc320b18567424cc734ac34","CHANGE_SIGNATURE","{method_declaration appliedTo(i uint64) at vendor/go.etcd.io/etcd/raft/v3/log.go:243}","{method_declaration appliedTo(i uint64, size entryEncodingSize) at vendor/go.etcd.io/raft/v3/log.go:330}","9","14"
"0a494a730311ef675dc320b18567424cc734ac34","CHANGE_SIGNATURE","{method_declaration Add(inflight uint64) at vendor/go.etcd.io/etcd/raft/v3/tracker/inflights.go:55}","{method_declaration Add(index, bytes uint64) at vendor/go.etcd.io/raft/v3/tracker/inflights.go:65}","15","16"
"0a494a730311ef675dc320b18567424cc734ac34","CHANGE_SIGNATURE","{method_declaration GetResource(ctx context.Context, request *api.GetResourceRequest) at vendor/github.com/moby/swarmkit/v2/manager/controlapi/resource.go:67}","{method_declaration GetResource(_ context.Context, request *api.GetResourceRequest) at vendor/github.com/moby/swarmkit/v2/manager/controlapi/resource.go:67}","15","15"
"0a494a730311ef675dc320b18567424cc734ac34","EXTRACT_MOVE","{function_declaration Verify(lg *zap.Logger, walDir string, snap walpb.Snapshot) at vendor/go.etcd.io/etcd/server/v3/wal/wal.go:624}","{function_declaration Equal(ver1, ver2 semver.Version) at vendor/go.etcd.io/etcd/api/v3/version/version.go:83}","77","3"
"0a494a730311ef675dc320b18567424cc734ac34","CHANGE_SIGNATURE","{method_declaration GetConfig(ctx context.Context, request *api.GetConfigRequest) at vendor/github.com/moby/swarmkit/v2/manager/controlapi/config.go:32}","{method_declaration GetConfig(_ context.Context, request *api.GetConfigRequest) at vendor/github.com/moby/swarmkit/v2/manager/controlapi/config.go:32}","16","16"
"0a494a730311ef675dc320b18567424cc734ac34","CHANGE_SIGNATURE","{method_declaration RemoveNetwork(ctx context.Context, request *api.RemoveNetworkRequest) at vendor/github.com/moby/swarmkit/v2/manager/controlapi/network.go:163}","{method_declaration RemoveNetwork(_ context.Context, request *api.RemoveNetworkRequest) at vendor/github.com/moby/swarmkit/v2/manager/controlapi/network.go:163}","34","34"
"0a494a730311ef675dc320b18567424cc734ac34","CHANGE_SIGNATURE","{method_declaration DeallocateService(s *api.Service) at vendor/github.com/moby/swarmkit/v2/manager/allocator/networkallocator/inert.go:102}","{method_declaration DeallocateService(_ *api.Service) at vendor/github.com/moby/swarmkit/v2/manager/allocator/networkallocator/inert.go:102}","3","3"
"0a494a730311ef675dc320b18567424cc734ac34","CHANGE_SIGNATURE","{method_declaration UpdateTaskStatus(ctx context.Context, taskID string, status *api.TaskStatus) at vendor/github.com/moby/swarmkit/v2/agent/reporter.go:71}","{method_declaration UpdateTaskStatus(_ context.Context, taskID string, status *api.TaskStatus) at vendor/github.com/moby/swarmkit/v2/agent/reporter.go:71}","19","19"
"0a494a730311ef675dc320b18567424cc734ac34","CHANGE_SIGNATURE","{method_declaration apply(cfg *tracker.Config, prs tracker.ProgressMap, ccs ...pb.ConfChangeSingle) at vendor/go.etcd.io/etcd/raft/v3/confchange/confchange.go:154}","{method_declaration apply(cfg *tracker.Config, trk tracker.ProgressMap, ccs ...pb.ConfChangeSingle) at vendor/go.etcd.io/raft/v3/confchange/confchange.go:150}","25","25"
"0a494a730311ef675dc320b18567424cc734ac34","CHANGE_SIGNATURE","{function_declaration checkAndReturn(cfg tracker.Config, prs tracker.ProgressMap) at vendor/go.etcd.io/etcd/raft/v3/confchange/confchange.go:355}","{function_declaration checkAndReturn(cfg tracker.Config, trk tracker.ProgressMap) at vendor/go.etcd.io/raft/v3/confchange/confchange.go:351}","6","6"
"0a494a730311ef675dc320b18567424cc734ac34","CHANGE_SIGNATURE","{method_declaration makeLearner(cfg *tracker.Config, prs tracker.ProgressMap, id uint64) at vendor/go.etcd.io/etcd/raft/v3/confchange/confchange.go:208}","{method_declaration makeLearner(cfg *tracker.Config, trk tracker.ProgressMap, id uint64) at vendor/go.etcd.io/raft/v3/confchange/confchange.go:204}","25","25"
"0a494a730311ef675dc320b18567424cc734ac34","CHANGE_SIGNATURE","{method_declaration remove(cfg *tracker.Config, prs tracker.ProgressMap, id uint64) at vendor/go.etcd.io/etcd/raft/v3/confchange/confchange.go:235}","{method_declaration remove(cfg *tracker.Config, trk tracker.ProgressMap, id uint64) at vendor/go.etcd.io/raft/v3/confchange/confchange.go:231}","14","14"
"0a494a730311ef675dc320b18567424cc734ac34","CHANGE_SIGNATURE","{method_declaration GetTask(ctx context.Context, request *api.GetTaskRequest) at vendor/github.com/moby/swarmkit/v2/manager/controlapi/task.go:17}","{method_declaration GetTask(_ context.Context, request *api.GetTaskRequest) at vendor/github.com/moby/swarmkit/v2/manager/controlapi/task.go:17}","16","16"
"0a494a730311ef675dc320b18567424cc734ac34","CHANGE_SIGNATURE","{method_declaration UpdateService(ctx context.Context, request *api.UpdateServiceRequest) at vendor/github.com/moby/swarmkit/v2/manager/controlapi/service.go:817}","{method_declaration UpdateService(_ context.Context, request *api.UpdateServiceRequest) at vendor/github.com/moby/swarmkit/v2/manager/controlapi/service.go:817}","121","121"
"0a494a730311ef675dc320b18567424cc734ac34","CHANGE_SIGNATURE","{method_declaration ListServices(ctx context.Context, request *api.ListServicesRequest) at vendor/github.com/moby/swarmkit/v2/manager/controlapi/service.go:980}","{method_declaration ListServices(_ context.Context, request *api.ListServicesRequest) at vendor/github.com/moby/swarmkit/v2/manager/controlapi/service.go:980}","60","60"
"0a494a730311ef675dc320b18567424cc734ac34","CHANGE_SIGNATURE","{method_declaration GetExtension(ctx context.Context, request *api.GetExtensionRequest) at vendor/github.com/moby/swarmkit/v2/manager/controlapi/extension.go:55}","{method_declaration GetExtension(_ context.Context, request *api.GetExtensionRequest) at vendor/github.com/moby/swarmkit/v2/manager/controlapi/extension.go:55}","16","16"
"0a494a730311ef675dc320b18567424cc734ac34","CHANGE_SIGNATURE","{method_declaration CreateVolume(ctx context.Context, request *api.CreateVolumeRequest) at vendor/github.com/moby/swarmkit/v2/manager/controlapi/volume.go:15}","{method_declaration CreateVolume(_ context.Context, request *api.CreateVolumeRequest) at vendor/github.com/moby/swarmkit/v2/manager/controlapi/volume.go:15}","57","57"
"0a494a730311ef675dc320b18567424cc734ac34","CHANGE_SIGNATURE","{method_declaration initProgress(cfg *tracker.Config, prs tracker.ProgressMap, id uint64, isLearner bool) at vendor/go.etcd.io/etcd/raft/v3/confchange/confchange.go:251}","{method_declaration initProgress(cfg *tracker.Config, trk tracker.ProgressMap, id uint64, isLearner bool) at vendor/go.etcd.io/raft/v3/confchange/confchange.go:247}","25","25"
"0a494a730311ef675dc320b18567424cc734ac34","CHANGE_SIGNATURE","{method_declaration RemoveNode(ctx context.Context, request *api.RemoveNodeRequest) at vendor/github.com/moby/swarmkit/v2/manager/controlapi/node.go:294}","{method_declaration RemoveNode(_ context.Context, request *api.RemoveNodeRequest) at vendor/github.com/moby/swarmkit/v2/manager/controlapi/node.go:294}","71","71"
"0a494a730311ef675dc320b18567424cc734ac34","CHANGE_SIGNATURE","{function_declaration NewInflights(size int) at vendor/go.etcd.io/etcd/raft/v3/tracker/inflights.go:37}","{function_declaration NewInflights(size int, maxBytes uint64) at vendor/go.etcd.io/raft/v3/tracker/inflights.go:46}","5","6"
"0a494a730311ef675dc320b18567424cc734ac34","EXTRACT_MOVE","{function_declaration isValidEndpoint(t assert.TestingT, s *store.MemoryStore, task *api.Task) at vendor/github.com/moby/swarmkit/v2/manager/allocator/allocator_test_suite.go:2034}","{function_declaration Equal(ver1, ver2 semver.Version) at vendor/go.etcd.io/etcd/api/v3/version/version.go:83}","17","3"
"0a494a730311ef675dc320b18567424cc734ac34","CHANGE_SIGNATURE","{function_declaration limitSize(ents []pb.Entry, maxSize uint64) at vendor/go.etcd.io/etcd/raft/v3/util.go:212}","{function_declaration limitSize(ents []pb.Entry, maxSize entryEncodingSize) at vendor/go.etcd.io/raft/v3/util.go:268}","14","13"
"0a494a730311ef675dc320b18567424cc734ac34","CHANGE_SIGNATURE","{method_declaration slice(lo, hi, maxSize uint64) at vendor/go.etcd.io/etcd/raft/v3/log.go:340}","{method_declaration slice(lo, hi uint64, maxSize entryEncodingSize) at vendor/go.etcd.io/raft/v3/log.go:497}","39","50"
"0a494a730311ef675dc320b18567424cc734ac34","CHANGE_SIGNATURE","{method_declaration ListTasks(ctx context.Context, request *api.ListTasksRequest) at vendor/github.com/moby/swarmkit/v2/manager/controlapi/task.go:75}","{method_declaration ListTasks(_ context.Context, request *api.ListTasksRequest) at vendor/github.com/moby/swarmkit/v2/manager/controlapi/task.go:75}","98","98"
"0a494a730311ef675dc320b18567424cc734ac34","EXTRACT","{method_declaration ReadAll() at vendor/go.etcd.io/etcd/server/v3/wal/wal.go:432}","{method_declaration LastCRC() at vendor/go.etcd.io/etcd/server/v3/storage/wal/decoder.go:207}","120","3"
"0a494a730311ef675dc320b18567424cc734ac34","CHANGE_SIGNATURE","{method_declaration taskFitNode(ctx context.Context, t *api.Task, nodeID string) at vendor/github.com/moby/swarmkit/v2/manager/scheduler/scheduler.go:646}","{method_declaration taskFitNode(_ context.Context, t *api.Task, nodeID string) at vendor/github.com/moby/swarmkit/v2/manager/scheduler/scheduler.go:646}","45","45"
"0a494a730311ef675dc320b18567424cc734ac34","EXTRACT_MOVE","{function_declaration isValidNetworkAttachment(t assert.TestingT, task *api.Task) at vendor/github.com/moby/swarmkit/v2/manager/allocator/allocator_test_suite.go:2025}","{function_declaration Equal(ver1, ver2 semver.Version) at vendor/go.etcd.io/etcd/api/v3/version/version.go:83}","8","3"
"0a494a730311ef675dc320b18567424cc734ac34","CHANGE_SIGNATURE","{method_declaration FixTask(ctx context.Context, batch *store.Batch, t *api.Task) at vendor/github.com/moby/swarmkit/v2/manager/orchestrator/replicated/tasks.go:151}","{method_declaration FixTask(_ context.Context, batch *store.Batch, t *api.Task) at vendor/github.com/moby/swarmkit/v2/manager/orchestrator/replicated/tasks.go:151}","31","31"
"0a494a730311ef675dc320b18567424cc734ac34","CHANGE_SIGNATURE","{method_declaration allocateKey(ctx context.Context, subsys string) at vendor/github.com/moby/swarmkit/v2/manager/keymanager/keymanager.go:95}","{method_declaration allocateKey(_ context.Context, subsys string) at vendor/github.com/moby/swarmkit/v2/manager/keymanager/keymanager.go:95}","16","16"
"0a494a730311ef675dc320b18567424cc734ac34","EXTRACT","{function_declaration StartNode(c *Config, peers []Peer) at vendor/go.etcd.io/etcd/raft/v3/node.go:218}","{function_declaration setupNode(c *Config, peers []Peer) at vendor/go.etcd.io/raft/v3/node.go:250}","15","16"
"0a494a730311ef675dc320b18567424cc734ac34","CHANGE_SIGNATURE","{method_declaration RemoveTask(ctx context.Context, request *api.RemoveTaskRequest) at vendor/github.com/moby/swarmkit/v2/manager/controlapi/task.go:38}","{method_declaration RemoveTask(_ context.Context, request *api.RemoveTaskRequest) at vendor/github.com/moby/swarmkit/v2/manager/controlapi/task.go:38}","16","16"
"0a494a730311ef675dc320b18567424cc734ac34","EXTRACT_MOVE","{function_declaration isValidNode(t assert.TestingT, originalNode, updatedNode *api.Node, networks []string) at vendor/github.com/moby/swarmkit/v2/manager/allocator/allocator_test_suite.go:1988}","{function_declaration Equal(ver1, ver2 semver.Version) at vendor/go.etcd.io/etcd/api/v3/version/version.go:83}","18","3"
"0a494a730311ef675dc320b18567424cc734ac34","CHANGE_SIGNATURE","{method_declaration allocateNetwork(ctx context.Context, n *api.Network) at vendor/github.com/moby/swarmkit/v2/manager/allocator/network.go:1269}","{method_declaration allocateNetwork(_ context.Context, n *api.Network) at vendor/github.com/moby/swarmkit/v2/manager/allocator/network.go:1269}","10","10"
"0a494a730311ef675dc320b18567424cc734ac34","CHANGE_SIGNATURE","{method_declaration GetRequestMetadata(ctx context.Context, uri ...string) at vendor/github.com/moby/swarmkit/v2/ca/transport.go:62}","{method_declaration GetRequestMetadata(_ context.Context, _ ...string) at vendor/github.com/moby/swarmkit/v2/ca/transport.go:62}","3","3"
"0a494a730311ef675dc320b18567424cc734ac34","CHANGE_SIGNATURE","{method_declaration maybeAppend(index, logTerm, committed uint64, ents ...pb.Entry) at vendor/go.etcd.io/etcd/raft/v3/log.go:88}","{method_declaration maybeAppend(a logSlice, committed uint64) at vendor/go.etcd.io/raft/v3/log.go:107}","17","23"
"0a494a730311ef675dc320b18567424cc734ac34","CHANGE_SIGNATURE","{function_declaration lockFile(fd syscall.Handle, flags uint32) at vendor/go.etcd.io/etcd/client/pkg/v3/fileutil/lock_windows.go:98}","{function_declaration lockFile(fd windows.Handle, flags uint32) at vendor/go.etcd.io/etcd/client/pkg/v3/fileutil/lock_windows.go:84}","16","14"
"0a494a730311ef675dc320b18567424cc734ac34","CHANGE_SIGNATURE","{function_declaration checkInvariants(cfg tracker.Config, prs tracker.ProgressMap) at vendor/go.etcd.io/etcd/raft/v3/confchange/confchange.go:280}","{function_declaration checkInvariants(cfg tracker.Config, trk tracker.ProgressMap) at vendor/go.etcd.io/raft/v3/confchange/confchange.go:276}","57","57"
"0a494a730311ef675dc320b18567424cc734ac34","CHANGE_SIGNATURE","{function_declaration UpdateExtension(tx Tx, e *api.Extension) at vendor/github.com/moby/swarmkit/v2/manager/state/store/extensions.go:99}","{function_declaration UpdateExtension(_ Tx, _ *api.Extension) at vendor/github.com/moby/swarmkit/v2/manager/state/store/extensions.go:99}","4","4"
"0a494a730311ef675dc320b18567424cc734ac34","RENAME","{function_declaration checkWalNames(lg *zap.Logger, names []string) at vendor/go.etcd.io/etcd/server/v3/wal/util.go:84}","{function_declaration checkWALNames(lg *zap.Logger, names []string) at vendor/go.etcd.io/etcd/server/v3/storage/wal/util.go:84}","17","17"
"0a494a730311ef675dc320b18567424cc734ac34","EXTRACT_MOVE","{function_declaration filterExternalCAURLS(ctx context.Context, desiredCert, defaultCert []byte, apiExternalCAs []*api.ExternalCA) at vendor/github.com/moby/swarmkit/v2/ca/server.go:627}","{function_declaration Equal(ver1, ver2 semver.Version) at vendor/go.etcd.io/etcd/api/v3/version/version.go:83}","25","3"
"0a494a730311ef675dc320b18567424cc734ac34","CHANGE_SIGNATURE","{method_declaration Wait(ctx context.Context) at vendor/github.com/moby/swarmkit/v2/manager/logbroker/subscription.go:87}","{method_declaration Wait(_ context.Context) at vendor/github.com/moby/swarmkit/v2/manager/logbroker/subscription.go:87}","13","13"
"0a494a730311ef675dc320b18567424cc734ac34","CHANGE_SIGNATURE","{method_declaration DeallocateAttachment(node *api.Node, networkAttachment *api.NetworkAttachment) at vendor/github.com/moby/swarmkit/v2/manager/allocator/networkallocator/inert.go:97}","{method_declaration DeallocateAttachment(_ *api.Node, _ *api.NetworkAttachment) at vendor/github.com/moby/swarmkit/v2/manager/allocator/networkallocator/inert.go:97}","3","3"
"0a494a730311ef675dc320b18567424cc734ac34","CHANGE_SIGNATURE","{method_declaration GetUnlockKey(ctx context.Context, request *api.GetUnlockKeyRequest) at vendor/github.com/moby/swarmkit/v2/ca/server.go:122}","{method_declaration GetUnlockKey(_ context.Context, _ *api.GetUnlockKeyRequest) at vendor/github.com/moby/swarmkit/v2/ca/server.go:122}","24","24"
"0a494a730311ef675dc320b18567424cc734ac34","CHANGE_SIGNATURE","{method_declaration UpdateNode(ctx context.Context, request *api.UpdateNodeRequest) at vendor/github.com/moby/swarmkit/v2/manager/controlapi/node.go:203}","{method_declaration UpdateNode(_ context.Context, request *api.UpdateNodeRequest) at vendor/github.com/moby/swarmkit/v2/manager/controlapi/node.go:203}","53","53"
"0a494a730311ef675dc320b18567424cc734ac34","CHANGE_SIGNATURE","{method_declaration OnGetNetwork(ctx context.Context, n *api.Network, appdataTypeURL string, appdata []byte) at vendor/github.com/moby/swarmkit/v2/manager/controlapi/apihooks.go:19}","{method_declaration OnGetNetwork(_ context.Context, _ *api.Network, _ string, _ []byte) at vendor/github.com/moby/swarmkit/v2/manager/controlapi/apihooks.go:19}","3","3"
"0a494a730311ef675dc320b18567424cc734ac34","EXTRACT_MOVE","{method_declaration TestAllocatorRestartNoEndpointSpec() at vendor/github.com/moby/swarmkit/v2/manager/allocator/allocator_test_suite.go:872}","{method_declaration Len() at vendor/github.com/coreos/go-semver/semver/sort.go:23}","140","3"
"0a494a730311ef675dc320b18567424cc734ac34","RENAME","{function_declaration mustUnmarshalState(d []byte) at vendor/go.etcd.io/etcd/server/v3/wal/decoder.go:186}","{function_declaration MustUnmarshalState(d []byte) at vendor/go.etcd.io/etcd/server/v3/storage/wal/decoder.go:219}","5","5"
"0a494a730311ef675dc320b18567424cc734ac34","RENAME","{function_declaration newDecoder(r ...fileutil.FileReader) at vendor/go.etcd.io/etcd/server/v3/wal/decoder.go:45}","{function_declaration NewDecoderAdvanced(continueOnCrcError bool, r ...fileutil.FileReader) at vendor/go.etcd.io/etcd/server/v3/storage/wal/decoder.go:58}","10","11"
"0a494a730311ef675dc320b18567424cc734ac34","CHANGE_SIGNATURE","{method_declaration releaseTaskDependencies(readTx store.ReadTx, t *api.Task) at vendor/github.com/moby/swarmkit/v2/manager/dispatcher/assignments.go:186}","{method_declaration releaseTaskDependencies(_ store.ReadTx, t *api.Task) at vendor/github.com/moby/swarmkit/v2/manager/dispatcher/assignments.go:186}","71","71"
"0a494a730311ef675dc320b18567424cc734ac34","CHANGE_SIGNATURE","{function_declaration splitSnapshotData(ctx context.Context, m *raftpb.Message) at vendor/github.com/moby/swarmkit/v2/manager/state/raft/transport/peer.go:155}","{function_declaration splitSnapshotData(_ context.Context, m *raftpb.Message) at vendor/github.com/moby/swarmkit/v2/manager/state/raft/transport/peer.go:155}","33","33"
"0a494a730311ef675dc320b18567424cc734ac34","CHANGE_SIGNATURE","{method_declaration CreateNetwork(ctx context.Context, request *api.CreateNetworkRequest) at vendor/github.com/moby/swarmkit/v2/manager/controlapi/network.go:105}","{method_declaration CreateNetwork(_ context.Context, request *api.CreateNetworkRequest) at vendor/github.com/moby/swarmkit/v2/manager/controlapi/network.go:105}","30","30"
"0a494a730311ef675dc320b18567424cc734ac34","CHANGE_SIGNATURE","{method_declaration OnListNetworks(ctx context.Context, networks []*api.Network, appdataTypeURL string, appdata []byte) at vendor/github.com/moby/swarmkit/v2/manager/controlapi/apihooks.go:23}","{method_declaration OnListNetworks(_ context.Context, _ []*api.Network, _ string, _ []byte) at vendor/github.com/moby/swarmkit/v2/manager/controlapi/apihooks.go:23}","3","3"
"0a494a730311ef675dc320b18567424cc734ac34","CHANGE_SIGNATURE","{method_declaration Errorf(format string, args ...interface{}) at vendor/github.com/moby/swarmkit/v2/manager/allocator/allocator_test_suite.go:2059}","{method_declaration Errorf(_ string, _ ...interface{}) at vendor/github.com/moby/swarmkit/v2/manager/allocator/allocator_test_suite.go:2059}","2","2"
"0a494a730311ef675dc320b18567424cc734ac34","CHANGE_SIGNATURE","{method_declaration Deallocate(n *api.Network) at vendor/github.com/moby/swarmkit/v2/manager/allocator/networkallocator/inert.go:92}","{method_declaration Deallocate(_ *api.Network) at vendor/github.com/moby/swarmkit/v2/manager/allocator/networkallocator/inert.go:92}","3","3"
"0a494a730311ef675dc320b18567424cc734ac34","EXTRACT_MOVE","{function_declaration isValidNetwork(t assert.TestingT, n *api.Network) at vendor/github.com/moby/swarmkit/v2/manager/allocator/allocator_test_suite.go:2007}","{function_declaration Equal(ver1, ver2 semver.Version) at vendor/go.etcd.io/etcd/api/v3/version/version.go:83}","11","3"
"0a494a730311ef675dc320b18567424cc734ac34","EXTRACT_MOVE","{function_declaration isValidTask(t assert.TestingT, s *store.MemoryStore, task *api.Task) at vendor/github.com/moby/swarmkit/v2/manager/allocator/allocator_test_suite.go:2019}","{function_declaration Equal(ver1, ver2 semver.Version) at vendor/go.etcd.io/etcd/api/v3/version/version.go:83}","5","3"
"0a494a730311ef675dc320b18567424cc734ac34","CHANGE_SIGNATURE","{method_declaration IsServiceAllocated(s *api.Service, flags ...func(*ServiceAllocationOpts)) at vendor/github.com/moby/swarmkit/v2/manager/allocator/networkallocator/inert.go:122}","{method_declaration IsServiceAllocated(s *api.Service, _ ...func(*ServiceAllocationOpts)) at vendor/github.com/moby/swarmkit/v2/manager/allocator/networkallocator/inert.go:122}","3","3"
"0a494a730311ef675dc320b18567424cc734ac34","CHANGE_SIGNATURE","{method_declaration handleTaskChange(ctx context.Context, t *api.Task) at vendor/github.com/moby/swarmkit/v2/manager/orchestrator/replicated/tasks.go:119}","{method_declaration handleTaskChange(_ context.Context, t *api.Task) at vendor/github.com/moby/swarmkit/v2/manager/orchestrator/replicated/tasks.go:119}","29","29"
"0a494a730311ef675dc320b18567424cc734ac34","CHANGE_SIGNATURE","{method_declaration GetCluster(ctx context.Context, request *api.GetClusterRequest) at vendor/github.com/moby/swarmkit/v2/manager/controlapi/cluster.go:80}","{method_declaration GetCluster(_ context.Context, request *api.GetClusterRequest) at vendor/github.com/moby/swarmkit/v2/manager/controlapi/cluster.go:80}","20","20"
"0a494a730311ef675dc320b18567424cc734ac34","CHANGE_SIGNATURE","{method_declaration ListConfigs(ctx context.Context, request *api.ListConfigsRequest) at vendor/github.com/moby/swarmkit/v2/manager/controlapi/config.go:98}","{method_declaration ListConfigs(_ context.Context, request *api.ListConfigsRequest) at vendor/github.com/moby/swarmkit/v2/manager/controlapi/config.go:98}","50","50"
"0a494a730311ef675dc320b18567424cc734ac34","CHANGE_SIGNATURE","{method_declaration removeOldTasks(ctx context.Context, batch *store.Batch, removeTasks []*api.Task) at vendor/github.com/moby/swarmkit/v2/manager/orchestrator/update/updater.go:494}","{method_declaration removeOldTasks(_ context.Context, batch *store.Batch, removeTasks []*api.Task) at vendor/github.com/moby/swarmkit/v2/manager/orchestrator/update/updater.go:494}","35","35"
"0a494a730311ef675dc320b18567424cc734ac34","RENAME","{method_declaration updateCRC(prevCrc uint32) at vendor/go.etcd.io/etcd/server/v3/wal/decoder.go:170}","{method_declaration UpdateCRC(prevCrc uint32) at vendor/go.etcd.io/etcd/server/v3/storage/wal/decoder.go:203}","3","3"
"0a494a730311ef675dc320b18567424cc734ac34","CHANGE_SIGNATURE","{function_declaration dial(addr string, protocol string, creds credentials.TransportCredentials, timeout time.Duration) at vendor/github.com/moby/swarmkit/v2/manager/state/raft/util.go:17}","{function_declaration dial(addr string, _ string, creds credentials.TransportCredentials, timeout time.Duration) at vendor/github.com/moby/swarmkit/v2/manager/state/raft/util.go:17}","18","18"
"0a494a730311ef675dc320b18567424cc734ac34","CHANGE_SIGNATURE","{method_declaration switchToConfig(cfg tracker.Config, prs tracker.ProgressMap) at vendor/go.etcd.io/etcd/raft/v3/raft.go:1645}","{method_declaration switchToConfig(cfg tracker.Config, trk tracker.ProgressMap) at vendor/go.etcd.io/raft/v3/raft.go:1975}","50","57"
"0a494a730311ef675dc320b18567424cc734ac34","RENAME","{function_declaration mustUnmarshalEntry(d []byte) at vendor/go.etcd.io/etcd/server/v3/wal/decoder.go:180}","{function_declaration MustUnmarshalEntry(d []byte) at vendor/go.etcd.io/etcd/server/v3/storage/wal/decoder.go:213}","5","5"
"0a494a730311ef675dc320b18567424cc734ac34","RENAME","{method_declaration decode(rec *walpb.Record) at vendor/go.etcd.io/etcd/server/v3/wal/decoder.go:56}","{method_declaration Decode(rec *walpb.Record) at vendor/go.etcd.io/etcd/server/v3/storage/wal/decoder.go:79}","6","6"
"0a494a730311ef675dc320b18567424cc734ac34","CHANGE_SIGNATURE","{function_declaration newLogWithSize(storage Storage, logger Logger, maxNextEntsSize uint64) at vendor/go.etcd.io/etcd/raft/v3/log.go:56}","{function_declaration newLogWithSize(storage Storage, logger Logger, maxApplyingEntsSize entryEncodingSize) at vendor/go.etcd.io/raft/v3/log.go:73}","25","26"
"0a494a730311ef675dc320b18567424cc734ac34","CHANGE_SIGNATURE","{method_declaration AllocateAttachment(node *api.Node, networkAttachment *api.NetworkAttachment) at vendor/github.com/moby/swarmkit/v2/manager/allocator/networkallocator/inert.go:71}","{method_declaration AllocateAttachment(_ *api.Node, _ *api.NetworkAttachment) at vendor/github.com/moby/swarmkit/v2/manager/allocator/networkallocator/inert.go:71}","3","3"
"0a494a730311ef675dc320b18567424cc734ac34","CHANGE_SIGNATURE","{method_declaration ListNodes(ctx context.Context, request *api.ListNodesRequest) at vendor/github.com/moby/swarmkit/v2/manager/controlapi/node.go:79}","{method_declaration ListNodes(_ context.Context, request *api.ListNodesRequest) at vendor/github.com/moby/swarmkit/v2/manager/controlapi/node.go:79}","119","119"
"0a494a730311ef675dc320b18567424cc734ac34","CHANGE_SIGNATURE","{method_declaration DeallocateTask(t *api.Task) at vendor/github.com/moby/swarmkit/v2/manager/allocator/networkallocator/inert.go:107}","{method_declaration DeallocateTask(_ *api.Task) at vendor/github.com/moby/swarmkit/v2/manager/allocator/networkallocator/inert.go:107}","3","3"
"0a494a730311ef675dc320b18567424cc734ac34","CHANGE_SIGNATURE","{method_declaration ReportVolumeUnpublished(ctx context.Context, volumeID string) at vendor/github.com/moby/swarmkit/v2/agent/reporter.go:91}","{method_declaration ReportVolumeUnpublished(_ context.Context, volumeID string) at vendor/github.com/moby/swarmkit/v2/agent/reporter.go:91}","9","9"
"0a494a730311ef675dc320b18567424cc734ac34","CHANGE_SIGNATURE","{method_declaration GetSecret(ctx context.Context, request *api.GetSecretRequest) at vendor/github.com/moby/swarmkit/v2/manager/controlapi/secret.go:30}","{method_declaration GetSecret(_ context.Context, request *api.GetSecretRequest) at vendor/github.com/moby/swarmkit/v2/manager/controlapi/secret.go:30}","17","17"
"0a494a730311ef675dc320b18567424cc734ac34","CHANGE_SIGNATURE","{method_declaration makeVoter(cfg *tracker.Config, prs tracker.ProgressMap, id uint64) at vendor/go.etcd.io/etcd/raft/v3/confchange/confchange.go:182}","{method_declaration makeVoter(cfg *tracker.Config, trk tracker.ProgressMap, id uint64) at vendor/go.etcd.io/raft/v3/confchange/confchange.go:178}","12","12"
"0a494a730311ef675dc320b18567424cc734ac34","CHANGE_SIGNATURE","{method_declaration FixTask(ctx context.Context, batch *store.Batch, t *api.Task) at vendor/github.com/moby/swarmkit/v2/manager/orchestrator/jobs/global/reconciler.go:271}","{method_declaration FixTask(_ context.Context, batch *store.Batch, t *api.Task) at vendor/github.com/moby/swarmkit/v2/manager/orchestrator/jobs/global/reconciler.go:271}","22","22"
"0a494a730311ef675dc320b18567424cc734ac34","EXTRACT","{function_declaration purgeFile(lg *zap.Logger, dirname string, suffix string, max uint, interval time.Duration, stop <-chan struct{}, purgec chan<- string, donec chan<- struct{}, flock bool) at vendor/go.etcd.io/etcd/client/pkg/v3/fileutil/purge.go:45}","{function_declaration readDirWithSuffix(dirname string, suffix string) at vendor/go.etcd.io/etcd/client/pkg/v3/fileutil/purge.go:107}","68","14"
"0a494a730311ef675dc320b18567424cc734ac34","CHANGE_SIGNATURE","{method_declaration removeVolume(readTx store.ReadTx, v *api.Volume) at vendor/github.com/moby/swarmkit/v2/manager/dispatcher/assignments.go:379}","{method_declaration removeVolume(_ store.ReadTx, v *api.Volume) at vendor/github.com/moby/swarmkit/v2/manager/dispatcher/assignments.go:379}","26","26"
"0a494a730311ef675dc320b18567424cc734ac34","RENAME","{method_declaration zeroTermOnErrCompacted(t uint64, err error) at vendor/go.etcd.io/etcd/raft/v3/log.go:397}","{method_declaration zeroTermOnOutOfBounds(t uint64, err error) at vendor/go.etcd.io/raft/v3/log.go:565}","10","10"
"0a494a730311ef675dc320b18567424cc734ac34","CHANGE_SIGNATURE","{method_declaration CreateService(ctx context.Context, request *api.CreateServiceRequest) at vendor/github.com/moby/swarmkit/v2/manager/controlapi/service.go:727}","{method_declaration CreateService(_ context.Context, request *api.CreateServiceRequest) at vendor/github.com/moby/swarmkit/v2/manager/controlapi/service.go:727}","59","59"
"0a494a730311ef675dc320b18567424cc734ac34","CHANGE_SIGNATURE","{method_declaration Run(ctx context.Context) at vendor/github.com/moby/swarmkit/v2/manager/metrics/collector.go:61}","{method_declaration Run(_ context.Context) at vendor/github.com/moby/swarmkit/v2/manager/metrics/collector.go:60}","64","64"
"0a494a730311ef675dc320b18567424cc734ac34","CHANGE_SIGNATURE","{method_declaration ListVolumes(ctx context.Context, request *api.ListVolumesRequest) at vendor/github.com/moby/swarmkit/v2/manager/controlapi/volume.go:137}","{method_declaration ListVolumes(_ context.Context, request *api.ListVolumesRequest) at vendor/github.com/moby/swarmkit/v2/manager/controlapi/volume.go:137}","66","66"
"0a494a730311ef675dc320b18567424cc734ac34","CHANGE_SIGNATURE","{method_declaration GetRootCACertificate(ctx context.Context, request *api.GetRootCACertificateRequest) at vendor/github.com/moby/swarmkit/v2/ca/server.go:405}","{method_declaration GetRootCACertificate(ctx context.Context, _ *api.GetRootCACertificateRequest) at vendor/github.com/moby/swarmkit/v2/ca/server.go:405}","12","12"
"0a494a730311ef675dc320b18567424cc734ac34","CHANGE_SIGNATURE","{method_declaration applyUpdateNode(ctx context.Context, cc raftpb.ConfChange) at vendor/github.com/moby/swarmkit/v2/manager/state/raft/raft.go:1991}","{method_declaration applyUpdateNode(_ context.Context, cc raftpb.ConfChange) at vendor/github.com/moby/swarmkit/v2/manager/state/raft/raft.go:1991}","15","15"
"0a494a730311ef675dc320b18567424cc734ac34","CHANGE_SIGNATURE","{method_declaration Check(ctx context.Context, in *api.HealthCheckRequest) at vendor/github.com/moby/swarmkit/v2/manager/health/health.go:35}","{method_declaration Check(_ context.Context, in *api.HealthCheckRequest) at vendor/github.com/moby/swarmkit/v2/manager/health/health.go:35}","16","16"
"0a494a730311ef675dc320b18567424cc734ac34","CHANGE_SIGNATURE","{method_declaration createTask(ctx context.Context, t *api.Task) at vendor/github.com/moby/swarmkit/v2/manager/scheduler/scheduler.go:254}","{method_declaration createTask(_ context.Context, t *api.Task) at vendor/github.com/moby/swarmkit/v2/manager/scheduler/scheduler.go:254}","28","28"
"0a494a730311ef675dc320b18567424cc734ac34","CHANGE_SIGNATURE","{method_declaration IsAttachmentAllocated(node *api.Node, networkAttachment *api.NetworkAttachment) at vendor/github.com/moby/swarmkit/v2/manager/allocator/networkallocator/inert.go:117}","{method_declaration IsAttachmentAllocated(_ *api.Node, _ *api.NetworkAttachment) at vendor/github.com/moby/swarmkit/v2/manager/allocator/networkallocator/inert.go:117}","3","3"
"a040664176e06090585f4729236c295b116e2fbf"
"e65995d896592e9f05896f7e1317c8be8566bd01"
"65bb1bb21f56599addacdf1ea72070351c66c3e8","CHANGE_SIGNATURE","{method_declaration As(target interface{}) at vendor/go.opentelemetry.io/otel/exporters/otlp/otlptrace/otlptracehttp/client.go:339}","{method_declaration As(target any) at vendor/go.opentelemetry.io/otel/exporters/otlp/otlptrace/otlptracehttp/client.go:343}","13","13"
"65bb1bb21f56599addacdf1ea72070351c66c3e8","CHANGE_SIGNATURE","{method_declaration histogramAggs(name string, cfg metric.Int64HistogramConfig) at vendor/go.opentelemetry.io/otel/sdk/metric/meter.go:616}","{method_declaration histogramAggs(
	name string,
	cfg metric.Int64HistogramConfig,
) at vendor/go.opentelemetry.io/otel/sdk/metric/meter.go:650}","17","17"
"65bb1bb21f56599addacdf1ea72070351c66c3e8","CHANGE_SIGNATURE","{method_declaration delta(dest *metricdata.Aggregation) at vendor/go.opentelemetry.io/otel/sdk/metric/internal/aggregate/lastvalue.go:58}","{method_declaration delta(
	dest *metricdata.Aggregation, //nolint:gocritic // The pointer is needed for the ComputeAggregation interface
) at vendor/go.opentelemetry.io/otel/sdk/metric/internal/aggregate/lastvalue.go:60}","19","19"
"65bb1bb21f56599addacdf1ea72070351c66c3e8","CHANGE_SIGNATURE","{function_declaration AsFloat64Slice(v interface{}) at vendor/go.opentelemetry.io/otel/internal/attribute/attribute.go:73}","{function_declaration AsFloat64Slice(v any) at vendor/go.opentelemetry.io/otel/attribute/internal/attribute.go:73}","11","11"
"65bb1bb21f56599addacdf1ea72070351c66c3e8","EXTRACT","{method_declaration TraceAttributes(host string) at vendor/go.opentelemetry.io/contrib/instrumentation/net/http/otelhttp/internal/semconv/v1.20.0.go:273}","{method_declaration TraceAttributes(host string, attrs []attribute.KeyValue) at vendor/go.opentelemetry.io/contrib/instrumentation/net/http/httptrace/otelhttptrace/internal/semconv/v1.20.0.go:271}","5","3"
"65bb1bb21f56599addacdf1ea72070351c66c3e8","CHANGE_SIGNATURE","{method_declaration ExplicitBucketHistogram(boundaries []float64, noMinMax, noSum bool) at vendor/go.opentelemetry.io/otel/sdk/metric/internal/aggregate/aggregate.go:124}","{method_declaration ExplicitBucketHistogram(
	boundaries []float64,
	noMinMax, noSum bool,
) at vendor/go.opentelemetry.io/otel/sdk/metric/internal/aggregate/aggregate.go:127}","9","9"
"65bb1bb21f56599addacdf1ea72070351c66c3e8","CHANGE_SIGNATURE","{method_declaration ClientRequest(req *http.Request) at vendor/go.opentelemetry.io/contrib/instrumentation/net/http/otelhttp/internal/semconvutil/httpconv.go:185}","{method_declaration ClientRequest(req *http.Request, attrs []attribute.KeyValue) at vendor/go.opentelemetry.io/contrib/instrumentation/net/http/otelhttp/internal/semconvutil/httpconv.go:195}","69","68"
"65bb1bb21f56599addacdf1ea72070351c66c3e8","CHANGE_SIGNATURE","{method_declaration Int64ObservableGauge(name string, options ...metric.Int64ObservableGaugeOption) at vendor/go.opentelemetry.io/otel/sdk/metric/meter.go:219}","{method_declaration Int64ObservableGauge(
	name string,
	options ...metric.Int64ObservableGaugeOption,
) at vendor/go.opentelemetry.io/otel/sdk/metric/meter.go:230}","11","11"
"65bb1bb21f56599addacdf1ea72070351c66c3e8","CHANGE_SIGNATURE","{function_declaration ExponentialHistogramDataPoints(dPts []metricdata.ExponentialHistogramDataPoint[N]) at vendor/go.opentelemetry.io/otel/exporters/otlp/otlpmetric/otlpmetrichttp/internal/transform/metricdata.go:221}","{function_declaration ExponentialHistogramDataPoints(
	dPts []metricdata.ExponentialHistogramDataPoint[N],
) at vendor/go.opentelemetry.io/otel/exporters/otlp/otlpmetric/otlpmetrichttp/internal/transform/metricdata.go:225}","29","29"
"65bb1bb21f56599addacdf1ea72070351c66c3e8","CHANGE_SIGNATURE","{method_declaration Detect(ctx context.Context) at vendor/go.opentelemetry.io/otel/sdk/resource/process.go:138}","{method_declaration Detect(context.Context) at vendor/go.opentelemetry.io/otel/sdk/resource/process.go:138}","3","3"
"65bb1bb21f56599addacdf1ea72070351c66c3e8","CHANGE_SIGNATURE","{function_declaration reservoirFunc(provider exemplar.ReservoirProvider, filter exemplar.Filter) at vendor/go.opentelemetry.io/otel/sdk/metric/exemplar.go:21}","{function_declaration reservoirFunc(
	provider exemplar.ReservoirProvider,
	filter exemplar.Filter,
) at vendor/go.opentelemetry.io/otel/sdk/metric/exemplar.go:24}","5","5"
"65bb1bb21f56599addacdf1ea72070351c66c3e8","CHANGE_SIGNATURE","{method_declaration Float64ObservableCounter(name string, options ...metric.Float64ObservableCounterOption) at vendor/go.opentelemetry.io/otel/sdk/metric/meter.go:341}","{method_declaration Float64ObservableCounter(
	name string,
	options ...metric.Float64ObservableCounterOption,
) at vendor/go.opentelemetry.io/otel/sdk/metric/meter.go:364}","11","11"
"65bb1bb21f56599addacdf1ea72070351c66c3e8","CHANGE_SIGNATURE","{method_declaration aggregation(kind InstrumentKind) at vendor/go.opentelemetry.io/otel/sdk/metric/manual_reader.go:61}","{method_declaration aggregation(
	kind InstrumentKind,
) at vendor/go.opentelemetry.io/otel/sdk/metric/manual_reader.go:63}","3","3"
"65bb1bb21f56599addacdf1ea72070351c66c3e8","CHANGE_SIGNATURE","{method_declaration aggregateFunc(b aggregate.Builder[N], agg Aggregation, kind InstrumentKind) at vendor/go.opentelemetry.io/otel/sdk/metric/pipeline.go:474}","{method_declaration aggregateFunc(
	b aggregate.Builder[N],
	agg Aggregation,
	kind InstrumentKind,
) at vendor/go.opentelemetry.io/otel/sdk/metric/pipeline.go:487}","53","53"
"65bb1bb21f56599addacdf1ea72070351c66c3e8","CHANGE_SIGNATURE","{function_declaration ExponentialHistogramDataPoints(dPts []metricdata.ExponentialHistogramDataPoint[N]) at vendor/go.opentelemetry.io/otel/exporters/otlp/otlpmetric/otlpmetricgrpc/internal/transform/metricdata.go:221}","{function_declaration ExponentialHistogramDataPoints(
	dPts []metricdata.ExponentialHistogramDataPoint[N],
) at vendor/go.opentelemetry.io/otel/exporters/otlp/otlpmetric/otlpmetricgrpc/internal/transform/metricdata.go:225}","29","29"
"65bb1bb21f56599addacdf1ea72070351c66c3e8","CHANGE_SIGNATURE","{method_declaration ExponentialBucketHistogram(maxSize, maxScale int32, noMinMax, noSum bool) at vendor/go.opentelemetry.io/otel/sdk/metric/internal/aggregate/aggregate.go:136}","{method_declaration ExponentialBucketHistogram(
	maxSize, maxScale int32,
	noMinMax, noSum bool,
) at vendor/go.opentelemetry.io/otel/sdk/metric/internal/aggregate/aggregate.go:142}","9","9"
"65bb1bb21f56599addacdf1ea72070351c66c3e8","CHANGE_SIGNATURE","{method_declaration Detect(ctx context.Context) at vendor/go.opentelemetry.io/otel/sdk/resource/process.go:120}","{method_declaration Detect(context.Context) at vendor/go.opentelemetry.io/otel/sdk/resource/process.go:120}","5","5"
"65bb1bb21f56599addacdf1ea72070351c66c3e8","CHANGE_SIGNATURE","{method_declaration Int64ObservableGauge(name string, options ...metric.Int64ObservableGaugeOption) at vendor/go.opentelemetry.io/otel/internal/global/meter.go:287}","{method_declaration Int64ObservableGauge(
	name string,
	options ...metric.Int64ObservableGaugeOption,
) at vendor/go.opentelemetry.io/otel/internal/global/meter.go:299}","22","22"
"65bb1bb21f56599addacdf1ea72070351c66c3e8","CHANGE_SIGNATURE","{method_declaration collect(ctx context.Context, p interface{}, rm *metricdata.ResourceMetrics) at vendor/go.opentelemetry.io/otel/sdk/metric/periodic_reader.go:235}","{method_declaration collect(ctx context.Context, p any, rm *metricdata.ResourceMetrics) at vendor/go.opentelemetry.io/otel/sdk/metric/periodic_reader.go:237}","31","31"
"65bb1bb21f56599addacdf1ea72070351c66c3e8","CHANGE_SIGNATURE","{method_declaration histogramAggs(name string, cfg metric.Float64HistogramConfig) at vendor/go.opentelemetry.io/otel/sdk/metric/meter.go:674}","{method_declaration histogramAggs(
	name string,
	cfg metric.Float64HistogramConfig,
) at vendor/go.opentelemetry.io/otel/sdk/metric/meter.go:711}","17","17"
"65bb1bb21f56599addacdf1ea72070351c66c3e8","CHANGE_SIGNATURE","{method_declaration delta(dest *metricdata.Aggregation) at vendor/go.opentelemetry.io/otel/sdk/metric/internal/aggregate/lastvalue.go:126}","{method_declaration delta(
	dest *metricdata.Aggregation, //nolint:gocritic // The pointer is needed for the ComputeAggregation interface
) at vendor/go.opentelemetry.io/otel/sdk/metric/internal/aggregate/lastvalue.go:135}","19","19"
"65bb1bb21f56599addacdf1ea72070351c66c3e8","CHANGE_SIGNATURE","{method_declaration Float64ObservableUpDownCounter(string, ...metric.Float64ObservableUpDownCounterOption) at vendor/go.opentelemetry.io/otel/metric/noop/noop.go:137}","{method_declaration Float64ObservableUpDownCounter(
	string,
	...metric.Float64ObservableUpDownCounterOption,
) at vendor/go.opentelemetry.io/otel/metric/noop/noop.go:149}","3","3"
"65bb1bb21f56599addacdf1ea72070351c66c3e8","CHANGE_SIGNATURE","{method_declaration Float64ObservableGauge(name string, options ...metric.Float64ObservableGaugeOption) at vendor/go.opentelemetry.io/otel/internal/global/meter.go:448}","{method_declaration Float64ObservableGauge(
	name string,
	options ...metric.Float64ObservableGaugeOption,
) at vendor/go.opentelemetry.io/otel/internal/global/meter.go:475}","22","22"
"65bb1bb21f56599addacdf1ea72070351c66c3e8","CHANGE_SIGNATURE","{function_declaration newPrecomputedLastValue(limit int, r func(attribute.Set) FilteredExemplarReservoir[N]) at vendor/go.opentelemetry.io/otel/sdk/metric/internal/aggregate/lastvalue.go:117}","{function_declaration newPrecomputedLastValue(
	limit int,
	r func(attribute.Set) FilteredExemplarReservoir[N],
) at vendor/go.opentelemetry.io/otel/sdk/metric/internal/aggregate/lastvalue.go:124}","3","3"
"65bb1bb21f56599addacdf1ea72070351c66c3e8","CHANGE_SIGNATURE","{method_declaration cachedAggregator(scope instrumentation.Scope, kind InstrumentKind, stream Stream, readerAggregation Aggregation) at vendor/go.opentelemetry.io/otel/sdk/metric/pipeline.go:350}","{method_declaration cachedAggregator(
	scope instrumentation.Scope,
	kind InstrumentKind,
	stream Stream,
	readerAggregation Aggregation,
) at vendor/go.opentelemetry.io/otel/sdk/metric/pipeline.go:357}","62","64"
"65bb1bb21f56599addacdf1ea72070351c66c3e8","CHANGE_SIGNATURE","{method_declaration Set(key string, value string) at vendor/go.opentelemetry.io/otel/propagation/propagation.go:67}","{method_declaration Set(key, value string) at vendor/go.opentelemetry.io/otel/propagation/propagation.go:91}","3","3"
"65bb1bb21f56599addacdf1ea72070351c66c3e8","CHANGE_SIGNATURE","{method_declaration applyFloat64ObservableUpDownCounter(c Float64ObservableUpDownCounterConfig) at vendor/go.opentelemetry.io/otel/metric/instrument.go:66}","{method_declaration applyFloat64ObservableUpDownCounter(
	c Float64ObservableUpDownCounterConfig,
) at vendor/go.opentelemetry.io/otel/metric/instrument.go:68}","4","4"
"65bb1bb21f56599addacdf1ea72070351c66c3e8","CHANGE_SIGNATURE","{method_declaration newSpan(ctx context.Context, autoSpan *bool, name string, opts []trace.SpanStartOption) at vendor/go.opentelemetry.io/otel/internal/global/trace.go:161}","{method_declaration newSpan(
	ctx context.Context,
	autoSpan *bool,
	name string,
	opts []trace.SpanStartOption,
) at vendor/go.opentelemetry.io/otel/internal/global/trace.go:173}","16","16"
"65bb1bb21f56599addacdf1ea72070351c66c3e8","CHANGE_SIGNATURE","{function_declaration unmarshalJSON(dst []byte, src []byte) at vendor/go.opentelemetry.io/auto/sdk/internal/telemetry/id.go:85}","{function_declaration unmarshalJSON(dst, src []byte) at vendor/go.opentelemetry.io/otel/trace/internal/telemetry/id.go:85}","19","19"
"65bb1bb21f56599addacdf1ea72070351c66c3e8","CHANGE_SIGNATURE","{method_declaration ResponseTraceAttrs(resp *http.Response) at vendor/go.opentelemetry.io/contrib/instrumentation/net/http/httptrace/otelhttptrace/internal/semconv/v1.20.0.go:186}","{method_declaration ResponseTraceAttrs(resp *http.Response, attrs []attribute.KeyValue) at vendor/go.opentelemetry.io/contrib/instrumentation/net/http/httptrace/otelhttptrace/internal/semconv/v1.20.0.go:184}","3","3"
"65bb1bb21f56599addacdf1ea72070351c66c3e8","EXTRACT","{method_declaration ResponseTraceAttrs(resp *http.Response) at vendor/go.opentelemetry.io/contrib/instrumentation/net/http/otelhttp/internal/semconv/v1.20.0.go:186}","{method_declaration ResponseTraceAttrs(resp *http.Response, attrs []attribute.KeyValue) at vendor/go.opentelemetry.io/contrib/instrumentation/net/http/otelhttp/internal/semconv/v1.20.0.go:184}","3","3"
"65bb1bb21f56599addacdf1ea72070351c66c3e8","CHANGE_SIGNATURE","{function_declaration AsStringSlice(v interface{}) at vendor/go.opentelemetry.io/otel/internal/attribute/attribute.go:86}","{function_declaration AsStringSlice(v any) at vendor/go.opentelemetry.io/otel/attribute/internal/attribute.go:86}","11","11"
"65bb1bb21f56599addacdf1ea72070351c66c3e8","CHANGE_SIGNATURE","{function_declaration ExponentialHistogramDataPointBuckets(bucket metricdata.ExponentialBucket) at vendor/go.opentelemetry.io/otel/exporters/otlp/otlpmetric/otlpmetricgrpc/internal/transform/metricdata.go:253}","{function_declaration ExponentialHistogramDataPointBuckets(
	bucket metricdata.ExponentialBucket,
) at vendor/go.opentelemetry.io/otel/exporters/otlp/otlpmetric/otlpmetricgrpc/internal/transform/metricdata.go:259}","6","6"
"65bb1bb21f56599addacdf1ea72070351c66c3e8","CHANGE_SIGNATURE","{method_declaration Int64UpDownCounter(name string, options ...metric.Int64UpDownCounterOption) at vendor/go.opentelemetry.io/otel/sdk/metric/meter.go:85}","{method_declaration Int64UpDownCounter(
	name string,
	options ...metric.Int64UpDownCounterOption,
) at vendor/go.opentelemetry.io/otel/sdk/metric/meter.go:87}","11","11"
"65bb1bb21f56599addacdf1ea72070351c66c3e8","CHANGE_SIGNATURE","{method_declaration aggregation(kind InstrumentKind) at vendor/go.opentelemetry.io/otel/sdk/metric/periodic_reader.go:196}","{method_declaration aggregation(
	kind InstrumentKind,
) at vendor/go.opentelemetry.io/otel/sdk/metric/periodic_reader.go:198}","3","3"
"65bb1bb21f56599addacdf1ea72070351c66c3e8","CHANGE_SIGNATURE","{method_declaration Int64ObservableUpDownCounter(name string, options ...metric.Int64ObservableUpDownCounterOption) at vendor/go.opentelemetry.io/otel/sdk/metric/meter.go:198}","{method_declaration Int64ObservableUpDownCounter(
	name string,
	options ...metric.Int64ObservableUpDownCounterOption,
) at vendor/go.opentelemetry.io/otel/sdk/metric/meter.go:206}","11","11"
"65bb1bb21f56599addacdf1ea72070351c66c3e8","CHANGE_SIGNATURE","{method_declaration Float64ObservableUpDownCounter(name string, options ...metric.Float64ObservableUpDownCounterOption) at vendor/go.opentelemetry.io/otel/internal/global/meter.go:425}","{method_declaration Float64ObservableUpDownCounter(
	name string,
	options ...metric.Float64ObservableUpDownCounterOption,
) at vendor/go.opentelemetry.io/otel/internal/global/meter.go:449}","22","22"
"65bb1bb21f56599addacdf1ea72070351c66c3e8","INLINE","{method_declaration NextBackOff() at vendor/github.com/cenkalti/backoff/v4/backoff.go:62}","{method_declaration NextBackOff() at vendor/github.com/cenkalti/backoff/v5/backoff.go:62}","1","1"
"65bb1bb21f56599addacdf1ea72070351c66c3e8","CHANGE_SIGNATURE","{method_declaration aggregate(ctx context.Context, val int64, s attribute.Set) at vendor/go.opentelemetry.io/otel/sdk/metric/instrument.go:211}","{method_declaration aggregate(
	ctx context.Context,
	val int64,
	s attribute.Set,
) at vendor/go.opentelemetry.io/otel/sdk/metric/instrument.go:215}","5","5"
"65bb1bb21f56599addacdf1ea72070351c66c3e8","CHANGE_SIGNATURE","{function_declaration HTTPClientResponse(resp *http.Response) at vendor/go.opentelemetry.io/contrib/instrumentation/net/http/otelhttp/internal/semconvutil/httpconv.go:30}","{function_declaration HTTPClientResponse(resp *http.Response, attrs []attribute.KeyValue) at vendor/go.opentelemetry.io/contrib/instrumentation/net/http/otelhttp/internal/semconvutil/httpconv.go:37}","3","3"
"65bb1bb21f56599addacdf1ea72070351c66c3e8","CHANGE_SIGNATURE","{method_declaration Float64UpDownCounter(name string, options ...metric.Float64UpDownCounterOption) at vendor/go.opentelemetry.io/otel/sdk/metric/meter.go:249}","{method_declaration Float64UpDownCounter(
	name string,
	options ...metric.Float64UpDownCounterOption,
) at vendor/go.opentelemetry.io/otel/sdk/metric/meter.go:263}","11","11"
"65bb1bb21f56599addacdf1ea72070351c66c3e8","EXTRACT","{method_declaration RequestTraceAttrs(req *http.Request) at vendor/go.opentelemetry.io/contrib/instrumentation/net/http/otelhttp/internal/semconv/v1.20.0.go:182}","{method_declaration RequestTraceAttrs(req *http.Request, attrs []attribute.KeyValue) at vendor/go.opentelemetry.io/contrib/instrumentation/net/http/httptrace/otelhttptrace/internal/semconv/v1.20.0.go:180}","3","3"
"65bb1bb21f56599addacdf1ea72070351c66c3e8","CHANGE_SIGNATURE","{method_declaration Start(ctx context.Context, name string, _ ...SpanStartOption) at vendor/go.opentelemetry.io/otel/trace/noop.go:40}","{method_declaration Start(ctx context.Context, _ string, _ ...SpanStartOption) at vendor/go.opentelemetry.io/otel/trace/noop.go:40}","8","8"
"65bb1bb21f56599addacdf1ea72070351c66c3e8","CHANGE_SIGNATURE","{method_declaration Detect(ctx context.Context) at vendor/go.opentelemetry.io/otel/sdk/resource/os.go:48}","{method_declaration Detect(context.Context) at vendor/go.opentelemetry.io/otel/sdk/resource/os.go:48}","11","11"
"65bb1bb21f56599addacdf1ea72070351c66c3e8","CHANGE_SIGNATURE","{function_declaration AlwaysOffFilter(ctx context.Context) at vendor/go.opentelemetry.io/otel/sdk/metric/exemplar/filter.go:32}","{function_declaration AlwaysOffFilter(context.Context) at vendor/go.opentelemetry.io/otel/sdk/metric/exemplar/filter.go:32}","3","3"
"65bb1bb21f56599addacdf1ea72070351c66c3e8","CHANGE_SIGNATURE","{method_declaration Float64ObservableGauge(string, ...metric.Float64ObservableGaugeOption) at vendor/go.opentelemetry.io/otel/metric/noop/noop.go:143}","{method_declaration Float64ObservableGauge(
	string,
	...metric.Float64ObservableGaugeOption,
) at vendor/go.opentelemetry.io/otel/metric/noop/noop.go:158}","3","3"
"65bb1bb21f56599addacdf1ea72070351c66c3e8","CHANGE_SIGNATURE","{method_declaration ClientRequest(req *http.Request) at vendor/go.opentelemetry.io/contrib/instrumentation/net/http/httptrace/otelhttptrace/internal/semconvutil/httpconv.go:185}","{method_declaration ClientRequest(req *http.Request, attrs []attribute.KeyValue) at vendor/go.opentelemetry.io/contrib/instrumentation/net/http/httptrace/otelhttptrace/internal/semconvutil/httpconv.go:195}","69","68"
"65bb1bb21f56599addacdf1ea72070351c66c3e8","EXTRACT","{method_declaration Detect(ctx context.Context) at vendor/go.opentelemetry.io/otel/sdk/resource/builtin.go:75}","{method_declaration Detect(context.Context) at vendor/go.opentelemetry.io/otel/sdk/resource/builtin.go:75}","11","11"
"65bb1bb21f56599addacdf1ea72070351c66c3e8","CHANGE_SIGNATURE","{function_declaration ExponentialHistogram(h metricdata.ExponentialHistogram[N]) at vendor/go.opentelemetry.io/otel/exporters/otlp/otlpmetric/otlpmetrichttp/internal/transform/metricdata.go:206}","{function_declaration ExponentialHistogram(
	h metricdata.ExponentialHistogram[N],
) at vendor/go.opentelemetry.io/otel/exporters/otlp/otlpmetric/otlpmetricgrpc/internal/transform/metricdata.go:208}","12","12"
"65bb1bb21f56599addacdf1ea72070351c66c3e8","CHANGE_SIGNATURE","{function_declaration NewInt64ObservableUpDownCounterConfig(opts ...Int64ObservableUpDownCounterOption) at vendor/go.opentelemetry.io/otel/metric/asyncint64.go:108}","{function_declaration NewInt64ObservableUpDownCounterConfig(
	opts ...Int64ObservableUpDownCounterOption,
) at vendor/go.opentelemetry.io/otel/metric/asyncint64.go:110}","7","7"
"65bb1bb21f56599addacdf1ea72070351c66c3e8","CHANGE_SIGNATURE","{function_declaration newClientStreamWithParams(ctx context.Context, desc *StreamDesc, cc *ClientConn, method string, mc serviceconfig.MethodConfig, onCommit, doneFunc func(), opts ...CallOption) at vendor/google.golang.org/grpc/stream.go:260}","{function_declaration newClientStreamWithParams(ctx context.Context, desc *StreamDesc, cc *ClientConn, method string, mc serviceconfig.MethodConfig, onCommit, doneFunc func(), nameResolutionDelayed bool, opts ...CallOption) at vendor/google.golang.org/grpc/stream.go:261}","145","147"
"65bb1bb21f56599addacdf1ea72070351c66c3e8","CHANGE_SIGNATURE","{method_declaration ClientResponse(resp *http.Response) at vendor/go.opentelemetry.io/contrib/instrumentation/net/http/httptrace/otelhttptrace/internal/semconvutil/httpconv.go:157}","{method_declaration ClientResponse(resp *http.Response, attrs []attribute.KeyValue) at vendor/go.opentelemetry.io/contrib/instrumentation/net/http/httptrace/otelhttptrace/internal/semconvutil/httpconv.go:164}","22","25"
"65bb1bb21f56599addacdf1ea72070351c66c3e8","INLINE","{method_declaration Reset() at vendor/github.com/cenkalti/backoff/v4/backoff.go:61}","{method_declaration exportSpans(ctx context.Context) at vendor/go.opentelemetry.io/otel/sdk/trace/batch_span_processor.go:346}","1","34"
"65bb1bb21f56599addacdf1ea72070351c66c3e8","CHANGE_SIGNATURE","{method_declaration handleRPC(ctx context.Context, rs stats.RPCStats, isServer bool) at vendor/go.opentelemetry.io/contrib/instrumentation/google.golang.org/grpc/otelgrpc/stats_handler.go:147}","{method_declaration handleRPC(
	ctx context.Context,
	rs stats.RPCStats,
	duration metric.Float64Histogram,
	inSize, outSize, inMsg, outMsg metric.Int64Histogram,
	recordStatus func(*status.Status) (codes.Code, string),
) at vendor/go.opentelemetry.io/contrib/instrumentation/google.golang.org/grpc/otelgrpc/stats_handler.go:316}","88","91"
"65bb1bb21f56599addacdf1ea72070351c66c3e8","CHANGE_SIGNATURE","{method_declaration RequestTraceAttrs(req *http.Request) at vendor/go.opentelemetry.io/contrib/instrumentation/net/http/httptrace/otelhttptrace/internal/semconv/v1.20.0.go:182}","{method_declaration RequestTraceAttrs(req *http.Request, attrs []attribute.KeyValue) at vendor/go.opentelemetry.io/contrib/instrumentation/net/http/otelhttp/internal/semconv/v1.20.0.go:180}","3","3"
"65bb1bb21f56599addacdf1ea72070351c66c3e8","CHANGE_SIGNATURE","{function_declaration HTTPClientRequest(req *http.Request) at vendor/go.opentelemetry.io/contrib/instrumentation/net/http/otelhttp/internal/semconvutil/httpconv.go:39}","{function_declaration HTTPClientRequest(req *http.Request, attrs []attribute.KeyValue) at vendor/go.opentelemetry.io/contrib/instrumentation/net/http/otelhttp/internal/semconvutil/httpconv.go:46}","3","3"
"65bb1bb21f56599addacdf1ea72070351c66c3e8","CHANGE_SIGNATURE","{function_declaration newPipeline(res *resource.Resource, reader Reader, views []View, exemplarFilter exemplar.Filter) at vendor/go.opentelemetry.io/otel/sdk/metric/pipeline.go:40}","{function_declaration newPipeline(
	res *resource.Resource,
	reader Reader,
	views []View,
	exemplarFilter exemplar.Filter,
	cardinalityLimit int,
) at vendor/go.opentelemetry.io/otel/sdk/metric/pipeline.go:45}","14","15"
"65bb1bb21f56599addacdf1ea72070351c66c3e8","CHANGE_SIGNATURE","{function_declaration HTTPClientRequest(req *http.Request) at vendor/go.opentelemetry.io/contrib/instrumentation/net/http/httptrace/otelhttptrace/internal/semconvutil/httpconv.go:39}","{function_declaration HTTPClientRequest(req *http.Request, attrs []attribute.KeyValue) at vendor/go.opentelemetry.io/contrib/instrumentation/net/http/httptrace/otelhttptrace/internal/semconvutil/httpconv.go:46}","3","3"
"65bb1bb21f56599addacdf1ea72070351c66c3e8","CHANGE_SIGNATURE","{method_declaration Detect(ctx context.Context) at vendor/go.opentelemetry.io/otel/sdk/resource/process.go:127}","{method_declaration Detect(context.Context) at vendor/go.opentelemetry.io/otel/sdk/resource/process.go:127}","8","8"
"65bb1bb21f56599addacdf1ea72070351c66c3e8","RENAME","{function_declaration NewRequestInfoContext(ctx context.Context, ri any) at vendor/google.golang.org/grpc/internal/credentials/credentials.go:28}","{function_declaration NewContextWithRequestInfo(ctx context.Context, ri RequestInfo) at vendor/google.golang.org/grpc/credentials/credentials.go:261}","3","3"
"65bb1bb21f56599addacdf1ea72070351c66c3e8","CHANGE_SIGNATURE","{function_declaration NewFloat64ObservableUpDownCounterConfig(opts ...Float64ObservableUpDownCounterOption) at vendor/go.opentelemetry.io/otel/metric/asyncfloat64.go:109}","{function_declaration NewFloat64ObservableUpDownCounterConfig(
	opts ...Float64ObservableUpDownCounterOption,
) at vendor/go.opentelemetry.io/otel/metric/asyncfloat64.go:111}","7","7"
"65bb1bb21f56599addacdf1ea72070351c66c3e8","CHANGE_SIGNATURE","{method_declaration RequestTraceAttrs(server string, req *http.Request) at vendor/go.opentelemetry.io/contrib/instrumentation/net/http/otelhttp/internal/semconv/env.go:64}","{method_declaration RequestTraceAttrs(server string, req *http.Request, opts RequestTraceAttrsOpts) at vendor/go.opentelemetry.io/contrib/instrumentation/net/http/otelhttp/internal/semconv/env.go:64}","6","7"
"65bb1bb21f56599addacdf1ea72070351c66c3e8","CHANGE_SIGNATURE","{method_declaration Int64ObservableCounter(string, ...metric.Int64ObservableCounterOption) at vendor/go.opentelemetry.io/otel/metric/noop/noop.go:89}","{method_declaration Int64ObservableCounter(
	string,
	...metric.Int64ObservableCounterOption,
) at vendor/go.opentelemetry.io/otel/metric/noop/noop.go:92}","3","3"
"65bb1bb21f56599addacdf1ea72070351c66c3e8","CHANGE_SIGNATURE","{function_declaration typeStr(i interface{}) at vendor/go.opentelemetry.io/otel/sdk/trace/span.go:548}","{function_declaration typeStr(i any) at vendor/go.opentelemetry.io/otel/trace/auto.go:482}","8","8"
"65bb1bb21f56599addacdf1ea72070351c66c3e8","CHANGE_SIGNATURE","{method_declaration ServerRequest(server string, req *http.Request) at vendor/go.opentelemetry.io/contrib/instrumentation/net/http/httptrace/otelhttptrace/internal/semconvutil/httpconv.go:308}","{method_declaration ServerRequest(server string, req *http.Request, opts HTTPServerRequestOptions, attrs []attribute.KeyValue) at vendor/go.opentelemetry.io/contrib/instrumentation/net/http/httptrace/otelhttptrace/internal/semconvutil/httpconv.go:317}","113","123"
"65bb1bb21f56599addacdf1ea72070351c66c3e8","CHANGE_SIGNATURE","{method_declaration Int64ObservableCounter(name string, options ...metric.Int64ObservableCounterOption) at vendor/go.opentelemetry.io/otel/internal/global/meter.go:241}","{method_declaration Int64ObservableCounter(
	name string,
	options ...metric.Int64ObservableCounterOption,
) at vendor/go.opentelemetry.io/otel/internal/global/meter.go:247}","22","22"
"65bb1bb21f56599addacdf1ea72070351c66c3e8","CHANGE_SIGNATURE","{method_declaration delta(dest *metricdata.Aggregation) at vendor/go.opentelemetry.io/otel/sdk/metric/internal/aggregate/histogram.go:128}","{method_declaration delta(
	dest *metricdata.Aggregation, //nolint:gocritic // The pointer is needed for the ComputeAggregation interface
) at vendor/go.opentelemetry.io/otel/sdk/metric/internal/aggregate/histogram.go:145}","49","49"
"65bb1bb21f56599addacdf1ea72070351c66c3e8","CHANGE_SIGNATURE","{function_declaration Error(err error, msg string, keysAndValues ...interface{}) at vendor/go.opentelemetry.io/otel/internal/global/internal_logging.go:49}","{function_declaration Error(err error, msg string, keysAndValues ...any) at vendor/go.opentelemetry.io/otel/internal/global/internal_logging.go:49}","3","3"
"65bb1bb21f56599addacdf1ea72070351c66c3e8","CHANGE_SIGNATURE","{method_declaration newRecordingSpan(psc, sc trace.SpanContext, name string, sr SamplingResult, config *trace.SpanConfig) at vendor/go.opentelemetry.io/otel/sdk/trace/tracer.go:115}","{method_declaration newRecordingSpan(
	ctx context.Context,
	psc, sc trace.SpanContext,
	name string,
	sr SamplingResult,
	config *trace.SpanConfig,
) at vendor/go.opentelemetry.io/otel/sdk/trace/tracer.go:139}","34","42"
"65bb1bb21f56599addacdf1ea72070351c66c3e8","CHANGE_SIGNATURE","{function_declaration unmarshalJSON(dst []byte, src []byte) at vendor/go.opentelemetry.io/otel/trace/internal/telemetry/id.go:85}","{function_declaration unmarshalJSON(dst, src []byte) at vendor/go.opentelemetry.io/auto/sdk/internal/telemetry/id.go:85}","19","19"
"65bb1bb21f56599addacdf1ea72070351c66c3e8","CHANGE_SIGNATURE","{method_declaration delta(dest *metricdata.Aggregation) at vendor/go.opentelemetry.io/otel/sdk/metric/internal/aggregate/sum.go:73}","{method_declaration delta(
	dest *metricdata.Aggregation, //nolint:gocritic // The pointer is needed for the ComputeAggregation interface
) at vendor/go.opentelemetry.io/otel/sdk/metric/internal/aggregate/sum.go:75}","34","34"
"65bb1bb21f56599addacdf1ea72070351c66c3e8","CHANGE_SIGNATURE","{method_declaration enqueueDrop(_ context.Context, sd ReadOnlySpan) at vendor/go.opentelemetry.io/otel/sdk/trace/batch_span_processor.go:388}","{method_declaration enqueueDrop(ctx context.Context, sd ReadOnlySpan) at vendor/go.opentelemetry.io/otel/sdk/trace/batch_span_processor.go:483}","13","19"
"65bb1bb21f56599addacdf1ea72070351c66c3e8","CHANGE_SIGNATURE","{function_declaration newPrecomputedSum(monotonic bool, limit int, r func(attribute.Set) FilteredExemplarReservoir[N]) at vendor/go.opentelemetry.io/otel/sdk/metric/internal/aggregate/sum.go:146}","{function_declaration newPrecomputedSum(
	monotonic bool,
	limit int,
	r func(attribute.Set) FilteredExemplarReservoir[N],
) at vendor/go.opentelemetry.io/otel/sdk/metric/internal/aggregate/sum.go:154}","7","7"
"65bb1bb21f56599addacdf1ea72070351c66c3e8","CHANGE_SIGNATURE","{method_declaration Start(ctx context.Context, name string, options ...trace.SpanStartOption) at vendor/go.opentelemetry.io/otel/sdk/trace/tracer.go:29}","{method_declaration Start(
	ctx context.Context,
	name string,
	options ...trace.SpanStartOption,
) at vendor/go.opentelemetry.io/otel/sdk/trace/tracer.go:39}","28","36"
"65bb1bb21f56599addacdf1ea72070351c66c3e8","CHANGE_SIGNATURE","{method_declaration traces(name string, cfg trace.SpanConfig, sc, psc trace.SpanContext) at vendor/go.opentelemetry.io/auto/sdk/tracer.go:61}","{method_declaration traces(
	name string,
	cfg trace.SpanConfig,
	sc, psc trace.SpanContext,
) at vendor/go.opentelemetry.io/auto/sdk/tracer.go:73}","48","53"
"65bb1bb21f56599addacdf1ea72070351c66c3e8","CHANGE_SIGNATURE","{method_declaration delta(dest *metricdata.Aggregation) at vendor/go.opentelemetry.io/otel/sdk/metric/internal/aggregate/sum.go:164}","{method_declaration delta(
	dest *metricdata.Aggregation, //nolint:gocritic // The pointer is needed for the ComputeAggregation interface
) at vendor/go.opentelemetry.io/otel/sdk/metric/internal/aggregate/sum.go:174}","40","40"
"65bb1bb21f56599addacdf1ea72070351c66c3e8","CHANGE_SIGNATURE","{method_declaration Float64ObservableCounter(name string, options ...metric.Float64ObservableCounterOption) at vendor/go.opentelemetry.io/otel/internal/global/meter.go:402}","{method_declaration Float64ObservableCounter(
	name string,
	options ...metric.Float64ObservableCounterOption,
) at vendor/go.opentelemetry.io/otel/internal/global/meter.go:423}","22","22"
"65bb1bb21f56599addacdf1ea72070351c66c3e8","CHANGE_SIGNATURE","{function_declaration AlwaysOnFilter(ctx context.Context) at vendor/go.opentelemetry.io/otel/sdk/metric/exemplar/filter.go:27}","{function_declaration AlwaysOnFilter(context.Context) at vendor/go.opentelemetry.io/otel/sdk/metric/exemplar/filter.go:27}","3","3"
"65bb1bb21f56599addacdf1ea72070351c66c3e8","CHANGE_SIGNATURE","{function_declaration HTTPServerRequest(server string, req *http.Request) at vendor/go.opentelemetry.io/contrib/instrumentation/net/http/otelhttp/internal/semconvutil/httpconv.go:78}","{function_declaration HTTPServerRequest(server string, req *http.Request, opts HTTPServerRequestOptions, attrs []attribute.KeyValue) at vendor/go.opentelemetry.io/contrib/instrumentation/net/http/otelhttp/internal/semconvutil/httpconv.go:85}","3","3"
"65bb1bb21f56599addacdf1ea72070351c66c3e8","CHANGE_SIGNATURE","{method_declaration Float64Histogram(name string, options ...metric.Float64HistogramOption) at vendor/go.opentelemetry.io/otel/internal/global/meter.go:356}","{method_declaration Float64Histogram(
	name string,
	options ...metric.Float64HistogramOption,
) at vendor/go.opentelemetry.io/otel/internal/global/meter.go:374}","22","22"
"65bb1bb21f56599addacdf1ea72070351c66c3e8","CHANGE_SIGNATURE","{method_declaration cumulative(dest *metricdata.Aggregation) at vendor/go.opentelemetry.io/otel/sdk/metric/internal/aggregate/lastvalue.go:78}","{method_declaration cumulative(
	dest *metricdata.Aggregation, //nolint:gocritic // The pointer is needed for the ComputeAggregation interface
) at vendor/go.opentelemetry.io/otel/sdk/metric/internal/aggregate/lastvalue.go:82}","18","18"
"65bb1bb21f56599addacdf1ea72070351c66c3e8","CHANGE_SIGNATURE","{method_declaration Detect(ctx context.Context) at vendor/go.opentelemetry.io/otel/sdk/resource/os.go:35}","{method_declaration Detect(context.Context) at vendor/go.opentelemetry.io/otel/sdk/resource/os.go:35}","10","10"
"65bb1bb21f56599addacdf1ea72070351c66c3e8","CHANGE_SIGNATURE","{method_declaration cumulative(dest *metricdata.Aggregation) at vendor/go.opentelemetry.io/otel/sdk/metric/internal/aggregate/lastvalue.go:146}","{method_declaration cumulative(
	dest *metricdata.Aggregation, //nolint:gocritic // The pointer is needed for the ComputeAggregation interface
) at vendor/go.opentelemetry.io/otel/sdk/metric/internal/aggregate/lastvalue.go:157}","16","16"
"65bb1bb21f56599addacdf1ea72070351c66c3e8","INLINE","{method_declaration Detect(ctx context.Context) at vendor/go.opentelemetry.io/otel/sdk/resource/builtin.go:88}","{method_declaration Detect(ctx context.Context) at vendor/go.opentelemetry.io/otel/sdk/resource/builtin.go:88}","13","13"
"65bb1bb21f56599addacdf1ea72070351c66c3e8","CHANGE_SIGNATURE","{method_declaration measure(ctx context.Context, value N, fltrAttr attribute.Set, droppedAttr []attribute.KeyValue) at vendor/go.opentelemetry.io/otel/sdk/metric/internal/aggregate/sum.go:37}","{method_declaration measure(
	ctx context.Context,
	value N,
	fltrAttr attribute.Set,
	droppedAttr []attribute.KeyValue,
) at vendor/go.opentelemetry.io/otel/sdk/metric/internal/aggregate/exponential_histogram.go:332}","16","20"
"65bb1bb21f56599addacdf1ea72070351c66c3e8","CHANGE_SIGNATURE","{method_declaration applyInt64ObservableUpDownCounter(c Int64ObservableUpDownCounterConfig) at vendor/go.opentelemetry.io/otel/metric/instrument.go:101}","{method_declaration applyInt64ObservableUpDownCounter(
	c Int64ObservableUpDownCounterConfig,
) at vendor/go.opentelemetry.io/otel/metric/instrument.go:105}","4","4"
"65bb1bb21f56599addacdf1ea72070351c66c3e8","CHANGE_SIGNATURE","{method_declaration applyInt64ObservableUpDownCounter(cfg Int64ObservableUpDownCounterConfig) at vendor/go.opentelemetry.io/otel/metric/asyncint64.go:245}","{method_declaration applyInt64ObservableUpDownCounter(
	cfg Int64ObservableUpDownCounterConfig,
) at vendor/go.opentelemetry.io/otel/metric/asyncint64.go:249}","4","4"
"65bb1bb21f56599addacdf1ea72070351c66c3e8","CHANGE_SIGNATURE","{function_declaration AsBoolSlice(v interface{}) at vendor/go.opentelemetry.io/otel/internal/attribute/attribute.go:47}","{function_declaration AsBoolSlice(v any) at vendor/go.opentelemetry.io/otel/attribute/internal/attribute.go:47}","11","11"
"65bb1bb21f56599addacdf1ea72070351c66c3e8","CHANGE_SIGNATURE","{function_declaration newHistValues(bounds []float64, noSum bool, limit int, r func(attribute.Set) FilteredExemplarReservoir[N]) at vendor/go.opentelemetry.io/otel/sdk/metric/internal/aggregate/histogram.go:56}","{function_declaration newHistValues(
	bounds []float64,
	noSum bool,
	limit int,
	r func(attribute.Set) FilteredExemplarReservoir[N],
) at vendor/go.opentelemetry.io/otel/sdk/metric/internal/aggregate/histogram.go:61}","15","15"
"65bb1bb21f56599addacdf1ea72070351c66c3e8","CHANGE_SIGNATURE","{function_declaration Debug(msg string, keysAndValues ...interface{}) at vendor/go.opentelemetry.io/otel/internal/global/internal_logging.go:54}","{function_declaration Debug(msg string, keysAndValues ...any) at vendor/go.opentelemetry.io/otel/internal/global/internal_logging.go:54}","3","3"
"65bb1bb21f56599addacdf1ea72070351c66c3e8","CHANGE_SIGNATURE","{function_declaration newExponentialHistogram(maxSize, maxScale int32, noMinMax, noSum bool, limit int, r func(attribute.Set) FilteredExemplarReservoir[N]) at vendor/go.opentelemetry.io/otel/sdk/metric/internal/aggregate/exponential_histogram.go:286}","{function_declaration newExponentialHistogram(
	maxSize, maxScale int32,
	noMinMax, noSum bool,
	limit int,
	r func(attribute.Set) FilteredExemplarReservoir[N],
) at vendor/go.opentelemetry.io/otel/sdk/metric/internal/aggregate/exponential_histogram.go:296}","14","14"
"65bb1bb21f56599addacdf1ea72070351c66c3e8","CHANGE_SIGNATURE","{method_declaration Float64ObservableCounter(string, ...metric.Float64ObservableCounterOption) at vendor/go.opentelemetry.io/otel/metric/noop/noop.go:131}","{method_declaration Float64ObservableCounter(
	string,
	...metric.Float64ObservableCounterOption,
) at vendor/go.opentelemetry.io/otel/metric/noop/noop.go:140}","3","3"
"65bb1bb21f56599addacdf1ea72070351c66c3e8","CHANGE_SIGNATURE","{function_declaration ExponentialHistogramDataPointBuckets(bucket metricdata.ExponentialBucket) at vendor/go.opentelemetry.io/otel/exporters/otlp/otlpmetric/otlpmetrichttp/internal/transform/metricdata.go:253}","{function_declaration ExponentialHistogramDataPointBuckets(
	bucket metricdata.ExponentialBucket,
) at vendor/go.opentelemetry.io/otel/exporters/otlp/otlpmetric/otlpmetrichttp/internal/transform/metricdata.go:259}","6","6"
"65bb1bb21f56599addacdf1ea72070351c66c3e8","CHANGE_SIGNATURE","{function_declaration NewFilteredExemplarReservoir(f exemplar.Filter, r exemplar.Reservoir) at vendor/go.opentelemetry.io/otel/sdk/metric/internal/aggregate/filtered_reservoir.go:36}","{function_declaration NewFilteredExemplarReservoir(
	f exemplar.Filter,
	r exemplar.Reservoir,
) at vendor/go.opentelemetry.io/otel/sdk/metric/internal/aggregate/filtered_reservoir.go:39}","6","6"
"65bb1bb21f56599addacdf1ea72070351c66c3e8","CHANGE_SIGNATURE","{method_declaration Int64ObservableUpDownCounter(name string, options ...metric.Int64ObservableUpDownCounterOption) at vendor/go.opentelemetry.io/otel/internal/global/meter.go:264}","{method_declaration Int64ObservableUpDownCounter(
	name string,
	options ...metric.Int64ObservableUpDownCounterOption,
) at vendor/go.opentelemetry.io/otel/internal/global/meter.go:273}","22","22"
"65bb1bb21f56599addacdf1ea72070351c66c3e8","EXTRACT","{method_declaration Descriptor() at vendor/go.opentelemetry.io/proto/otlp/metrics/v1/metrics.pb.go:278}","{method_declaration Descriptor() at vendor/go.opentelemetry.io/proto/otlp/metrics/v1/metrics.pb.go:1913}","3","3"
"65bb1bb21f56599addacdf1ea72070351c66c3e8","CHANGE_SIGNATURE","{method_declaration Int64ObservableCounter(name string, options ...metric.Int64ObservableCounterOption) at vendor/go.opentelemetry.io/otel/sdk/metric/meter.go:177}","{method_declaration Int64ObservableCounter(
	name string,
	options ...metric.Int64ObservableCounterOption,
) at vendor/go.opentelemetry.io/otel/sdk/metric/meter.go:182}","11","11"
"65bb1bb21f56599addacdf1ea72070351c66c3e8","INLINE","{method_declaration getTransport(ctx context.Context, failfast bool, method string) at vendor/google.golang.org/grpc/clientconn.go:1070}","{method_declaration getTransport() at vendor/google.golang.org/grpc/stream.go:469}","6","23"
"65bb1bb21f56599addacdf1ea72070351c66c3e8","CHANGE_SIGNATURE","{method_declaration applyFloat64ObservableUpDownCounter(cfg Float64ObservableUpDownCounterConfig) at vendor/go.opentelemetry.io/otel/metric/asyncfloat64.go:247}","{method_declaration applyFloat64ObservableUpDownCounter(
	cfg Float64ObservableUpDownCounterConfig,
) at vendor/go.opentelemetry.io/otel/metric/asyncfloat64.go:253}","4","4"
"65bb1bb21f56599addacdf1ea72070351c66c3e8","CHANGE_SIGNATURE","{method_declaration Start(ctx context.Context, name string, opts ...trace.SpanStartOption) at vendor/go.opentelemetry.io/auto/sdk/tracer.go:24}","{method_declaration Start(
	ctx context.Context,
	name string,
	opts ...trace.SpanStartOption,
) at vendor/go.opentelemetry.io/auto/sdk/tracer.go:29}","20","21"
"65bb1bb21f56599addacdf1ea72070351c66c3e8","CHANGE_SIGNATURE","{function_declaration newPickerWrapper(statsHandlers []stats.Handler) at vendor/google.golang.org/grpc/picker_wrapper.go:55}","{function_declaration newPickerWrapper() at vendor/google.golang.org/grpc/picker_wrapper.go:53}","9","7"
"65bb1bb21f56599addacdf1ea72070351c66c3e8","CHANGE_SIGNATURE","{method_declaration NewSpanID(ctx context.Context, traceID trace.TraceID) at vendor/go.opentelemetry.io/otel/sdk/trace/id_generator.go:40}","{method_declaration NewSpanID(context.Context, trace.TraceID) at vendor/go.opentelemetry.io/otel/sdk/trace/id_generator.go:35}","12","10"
"65bb1bb21f56599addacdf1ea72070351c66c3e8","CHANGE_SIGNATURE","{method_declaration cumulative(dest *metricdata.Aggregation) at vendor/go.opentelemetry.io/otel/sdk/metric/internal/aggregate/sum.go:108}","{method_declaration cumulative(
	dest *metricdata.Aggregation, //nolint:gocritic // The pointer is needed for the ComputeAggregation interface
) at vendor/go.opentelemetry.io/otel/sdk/metric/internal/aggregate/sum.go:112}","34","34"
"65bb1bb21f56599addacdf1ea72070351c66c3e8","CHANGE_SIGNATURE","{method_declaration Float64ObservableUpDownCounter(name string, options ...metric.Float64ObservableUpDownCounterOption) at vendor/go.opentelemetry.io/otel/sdk/metric/meter.go:362}","{method_declaration Float64ObservableUpDownCounter(
	name string,
	options ...metric.Float64ObservableUpDownCounterOption,
) at vendor/go.opentelemetry.io/otel/sdk/metric/meter.go:388}","11","11"
"65bb1bb21f56599addacdf1ea72070351c66c3e8","CHANGE_SIGNATURE","{method_declaration OnStart(parent context.Context, s ReadWriteSpan) at vendor/go.opentelemetry.io/otel/sdk/trace/batch_span_processor.go:125}","{method_declaration OnStart(context.Context, ReadWriteSpan) at vendor/go.opentelemetry.io/otel/sdk/trace/simple_span_processor.go:42}","1","1"
"65bb1bb21f56599addacdf1ea72070351c66c3e8","CHANGE_SIGNATURE","{method_declaration RequestTraceAttrs(server string, req *http.Request) at vendor/go.opentelemetry.io/contrib/instrumentation/net/http/httptrace/otelhttptrace/internal/semconv/env.go:64}","{method_declaration RequestTraceAttrs(server string, req *http.Request, opts RequestTraceAttrsOpts) at vendor/go.opentelemetry.io/contrib/instrumentation/net/http/httptrace/otelhttptrace/internal/semconv/env.go:64}","6","7"
"65bb1bb21f56599addacdf1ea72070351c66c3e8","CHANGE_SIGNATURE","{function_declaration Info(msg string, keysAndValues ...interface{}) at vendor/go.opentelemetry.io/otel/internal/global/internal_logging.go:44}","{function_declaration Info(msg string, keysAndValues ...any) at vendor/go.opentelemetry.io/otel/internal/global/internal_logging.go:44}","3","3"
"65bb1bb21f56599addacdf1ea72070351c66c3e8","CHANGE_SIGNATURE","{function_declaration newHistogram(boundaries []float64, noMinMax, noSum bool, limit int, r func(attribute.Set) FilteredExemplarReservoir[N]) at vendor/go.opentelemetry.io/otel/sdk/metric/internal/aggregate/histogram.go:111}","{function_declaration newHistogram(
	boundaries []float64,
	noMinMax, noSum bool,
	limit int,
	r func(attribute.Set) FilteredExemplarReservoir[N],
) at vendor/go.opentelemetry.io/otel/sdk/metric/internal/aggregate/histogram.go:126}","7","7"
"65bb1bb21f56599addacdf1ea72070351c66c3e8","CHANGE_SIGNATURE","{method_declaration Detect(ctx context.Context) at vendor/go.opentelemetry.io/otel/sdk/resource/host_id.go:99}","{method_declaration Detect(context.Context) at vendor/go.opentelemetry.io/otel/sdk/resource/host_id.go:99}","11","11"
"65bb1bb21f56599addacdf1ea72070351c66c3e8","CHANGE_SIGNATURE","{method_declaration cumulative(dest *metricdata.Aggregation) at vendor/go.opentelemetry.io/otel/sdk/metric/internal/aggregate/histogram.go:178}","{method_declaration cumulative(
	dest *metricdata.Aggregation, //nolint:gocritic // The pointer is needed for the ComputeAggregation interface
) at vendor/go.opentelemetry.io/otel/sdk/metric/internal/aggregate/histogram.go:197}","55","55"
"65bb1bb21f56599addacdf1ea72070351c66c3e8","CHANGE_SIGNATURE","{function_declaration newPipelines(res *resource.Resource, readers []Reader, views []View, exemplarFilter exemplar.Filter) at vendor/go.opentelemetry.io/otel/sdk/metric/pipeline.go:586}","{function_declaration newPipelines(
	res *resource.Resource,
	readers []Reader,
	views []View,
	exemplarFilter exemplar.Filter,
	cardinalityLimit int,
) at vendor/go.opentelemetry.io/otel/sdk/metric/pipeline.go:605}","9","9"
"65bb1bb21f56599addacdf1ea72070351c66c3e8","CHANGE_SIGNATURE","{method_declaration RequestTraceAttrs(server string, req *http.Request) at vendor/go.opentelemetry.io/contrib/instrumentation/net/http/otelhttp/internal/semconv/v1.20.0.go:40}","{method_declaration RequestTraceAttrs(server string, req *http.Request, attrs []attribute.KeyValue) at vendor/go.opentelemetry.io/contrib/instrumentation/net/http/httptrace/otelhttptrace/internal/semconv/v1.20.0.go:40}","3","3"
"65bb1bb21f56599addacdf1ea72070351c66c3e8","CHANGE_SIGNATURE","{method_declaration As(target interface{}) at vendor/go.opentelemetry.io/otel/exporters/otlp/otlpmetric/otlpmetrichttp/client.go:316}","{method_declaration As(target any) at vendor/go.opentelemetry.io/otel/exporters/otlp/otlpmetric/otlpmetrichttp/client.go:319}","13","13"
"65bb1bb21f56599addacdf1ea72070351c66c3e8","CHANGE_SIGNATURE","{method_declaration measure(ctx context.Context, value N, fltrAttr attribute.Set, droppedAttr []attribute.KeyValue) at vendor/go.opentelemetry.io/otel/sdk/metric/internal/aggregate/histogram.go:74}","{method_declaration measure(
	ctx context.Context,
	value N,
	fltrAttr attribute.Set,
	droppedAttr []attribute.KeyValue,
) at vendor/go.opentelemetry.io/otel/sdk/metric/internal/aggregate/histogram.go:84}","34","34"
"65bb1bb21f56599addacdf1ea72070351c66c3e8","CHANGE_SIGNATURE","{method_declaration applyInt64ObservableUpDownCounter(c Int64ObservableUpDownCounterConfig) at vendor/go.opentelemetry.io/otel/metric/instrument.go:176}","{method_declaration applyInt64ObservableUpDownCounter(
	c Int64ObservableUpDownCounterConfig,
) at vendor/go.opentelemetry.io/otel/metric/instrument.go:184}","4","4"
"65bb1bb21f56599addacdf1ea72070351c66c3e8","CHANGE_SIGNATURE","{method_declaration applyFloat64ObservableCounter(cfg Float64ObservableCounterConfig) at vendor/go.opentelemetry.io/otel/metric/asyncfloat64.go:242}","{method_declaration applyFloat64ObservableCounter(
	cfg Float64ObservableCounterConfig,
) at vendor/go.opentelemetry.io/otel/metric/asyncfloat64.go:246}","4","4"
"65bb1bb21f56599addacdf1ea72070351c66c3e8","EXTRACT","{function_declaration ParseFramedMsg(b []byte, maxLen uint32) at vendor/google.golang.org/grpc/credentials/alts/internal/conn/common.go:54}","{function_declaration parseMessageLength(b []byte) at vendor/google.golang.org/grpc/credentials/alts/internal/conn/common.go:74}","17","7"
"65bb1bb21f56599addacdf1ea72070351c66c3e8","INLINE","{function_declaration NewTickerWithTimer(b BackOff, timer Timer) at vendor/github.com/cenkalti/backoff/v4/ticker.go:35}","{function_declaration NewTicker(b BackOff) at vendor/github.com/cenkalti/backoff/v5/ticker.go:27}","17","13"
"65bb1bb21f56599addacdf1ea72070351c66c3e8","CHANGE_SIGNATURE","{function_declaration AsInt64Slice(v interface{}) at vendor/go.opentelemetry.io/otel/internal/attribute/attribute.go:60}","{function_declaration AsInt64Slice(v any) at vendor/go.opentelemetry.io/otel/attribute/internal/attribute.go:60}","11","11"
"65bb1bb21f56599addacdf1ea72070351c66c3e8","CHANGE_SIGNATURE","{method_declaration Detect(ctx context.Context) at vendor/go.opentelemetry.io/otel/sdk/resource/process.go:165}","{method_declaration Detect(context.Context) at vendor/go.opentelemetry.io/otel/sdk/resource/process.go:165}","9","9"
"65bb1bb21f56599addacdf1ea72070351c66c3e8","CHANGE_SIGNATURE","{method_declaration cumulative(dest *metricdata.Aggregation) at vendor/go.opentelemetry.io/otel/sdk/metric/internal/aggregate/exponential_histogram.go:391}","{method_declaration cumulative(
	dest *metricdata.Aggregation, //nolint:gocritic // The pointer is needed for the ComputeAggregation interface
) at vendor/go.opentelemetry.io/otel/sdk/metric/internal/aggregate/exponential_histogram.go:418}","53","61"
"65bb1bb21f56599addacdf1ea72070351c66c3e8","CHANGE_SIGNATURE","{function_declaration HTTPClientResponse(resp *http.Response) at vendor/go.opentelemetry.io/contrib/instrumentation/net/http/httptrace/otelhttptrace/internal/semconvutil/httpconv.go:30}","{function_declaration HTTPClientResponse(resp *http.Response, attrs []attribute.KeyValue) at vendor/go.opentelemetry.io/contrib/instrumentation/net/http/httptrace/otelhttptrace/internal/semconvutil/httpconv.go:37}","3","3"
"65bb1bb21f56599addacdf1ea72070351c66c3e8","CHANGE_SIGNATURE","{method_declaration ServerRequest(server string, req *http.Request) at vendor/go.opentelemetry.io/contrib/instrumentation/net/http/otelhttp/internal/semconvutil/httpconv.go:308}","{method_declaration ServerRequest(server string, req *http.Request, opts HTTPServerRequestOptions, attrs []attribute.KeyValue) at vendor/go.opentelemetry.io/contrib/instrumentation/net/http/otelhttp/internal/semconvutil/httpconv.go:317}","113","123"
"65bb1bb21f56599addacdf1ea72070351c66c3e8","CHANGE_SIGNATURE","{method_declaration applyFloat64ObservableUpDownCounter(c Float64ObservableUpDownCounterConfig) at vendor/go.opentelemetry.io/otel/metric/instrument.go:141}","{method_declaration applyFloat64ObservableUpDownCounter(
	c Float64ObservableUpDownCounterConfig,
) at vendor/go.opentelemetry.io/otel/metric/instrument.go:147}","4","4"
"65bb1bb21f56599addacdf1ea72070351c66c3e8","CHANGE_SIGNATURE","{method_declaration ClientResponse(resp *http.Response) at vendor/go.opentelemetry.io/contrib/instrumentation/net/http/otelhttp/internal/semconvutil/httpconv.go:157}","{method_declaration ClientResponse(resp *http.Response, attrs []attribute.KeyValue) at vendor/go.opentelemetry.io/contrib/instrumentation/net/http/otelhttp/internal/semconvutil/httpconv.go:164}","22","25"
"65bb1bb21f56599addacdf1ea72070351c66c3e8","CHANGE_SIGNATURE","{method_declaration Float64ObservableGauge(name string, options ...metric.Float64ObservableGaugeOption) at vendor/go.opentelemetry.io/otel/sdk/metric/meter.go:383}","{method_declaration Float64ObservableGauge(
	name string,
	options ...metric.Float64ObservableGaugeOption,
) at vendor/go.opentelemetry.io/otel/sdk/metric/meter.go:412}","11","11"
"65bb1bb21f56599addacdf1ea72070351c66c3e8","CHANGE_SIGNATURE","{method_declaration float64ObservableInstrument(id Instrument, callbacks []metric.Float64Callback) at vendor/go.opentelemetry.io/otel/sdk/metric/meter.go:292}","{method_declaration float64ObservableInstrument(
	id Instrument,
	callbacks []metric.Float64Callback,
) at vendor/go.opentelemetry.io/otel/sdk/metric/meter.go:312}","39","39"
"65bb1bb21f56599addacdf1ea72070351c66c3e8","CHANGE_SIGNATURE","{method_declaration Int64ObservableUpDownCounter(string, ...metric.Int64ObservableUpDownCounterOption) at vendor/go.opentelemetry.io/otel/metric/noop/noop.go:95}","{method_declaration Int64ObservableUpDownCounter(
	string,
	...metric.Int64ObservableUpDownCounterOption,
) at vendor/go.opentelemetry.io/otel/metric/noop/noop.go:101}","3","3"
"65bb1bb21f56599addacdf1ea72070351c66c3e8","CHANGE_SIGNATURE","{method_declaration Detect(ctx context.Context) at vendor/go.opentelemetry.io/otel/sdk/resource/process.go:115}","{method_declaration Detect(context.Context) at vendor/go.opentelemetry.io/otel/sdk/resource/process.go:115}","3","3"
"65bb1bb21f56599addacdf1ea72070351c66c3e8","CHANGE_SIGNATURE","{method_declaration Detect(ctx context.Context) at vendor/go.opentelemetry.io/otel/sdk/resource/process.go:160}","{method_declaration Detect(context.Context) at vendor/go.opentelemetry.io/otel/sdk/resource/process.go:160}","3","3"
"65bb1bb21f56599addacdf1ea72070351c66c3e8","CHANGE_SIGNATURE","{method_declaration Enabled(_ context.Context) at vendor/go.opentelemetry.io/otel/sdk/metric/instrument.go:207}","{method_declaration Enabled(context.Context) at vendor/go.opentelemetry.io/otel/sdk/metric/instrument.go:207}","3","3"
"65bb1bb21f56599addacdf1ea72070351c66c3e8","CHANGE_SIGNATURE","{method_declaration RequestTraceAttrs(server string, req *http.Request) at vendor/go.opentelemetry.io/contrib/instrumentation/net/http/otelhttp/internal/semconv/httpconv.go:41}","{method_declaration RequestTraceAttrs(server string, req *http.Request, opts RequestTraceAttrsOpts) at vendor/go.opentelemetry.io/contrib/instrumentation/net/http/httptrace/otelhttptrace/internal/semconv/httpconv.go:48}","102","122"
"65bb1bb21f56599addacdf1ea72070351c66c3e8","CHANGE_SIGNATURE","{method_declaration Enabled(_ context.Context) at vendor/go.opentelemetry.io/otel/sdk/metric/instrument.go:244}","{method_declaration Enabled(context.Context) at vendor/go.opentelemetry.io/otel/sdk/metric/instrument.go:248}","3","3"
"65bb1bb21f56599addacdf1ea72070351c66c3e8","CHANGE_SIGNATURE","{method_declaration RequestTraceAttrs(server string, req *http.Request) at vendor/go.opentelemetry.io/contrib/instrumentation/net/http/httptrace/otelhttptrace/internal/semconv/httpconv.go:41}","{method_declaration RequestTraceAttrs(server string, req *http.Request, opts RequestTraceAttrsOpts) at vendor/go.opentelemetry.io/contrib/instrumentation/net/http/otelhttp/internal/semconv/httpconv.go:48}","102","122"
"65bb1bb21f56599addacdf1ea72070351c66c3e8","CHANGE_SIGNATURE","{function_declaration ExponentialHistogram(h metricdata.ExponentialHistogram[N]) at vendor/go.opentelemetry.io/otel/exporters/otlp/otlpmetric/otlpmetricgrpc/internal/transform/metricdata.go:206}","{function_declaration ExponentialHistogram(
	h metricdata.ExponentialHistogram[N],
) at vendor/go.opentelemetry.io/otel/exporters/otlp/otlpmetric/otlpmetrichttp/internal/transform/metricdata.go:208}","12","12"
"65bb1bb21f56599addacdf1ea72070351c66c3e8","CHANGE_SIGNATURE","{function_declaration telemetryAttributes(fullMethod, peerAddress string) at vendor/go.opentelemetry.io/contrib/instrumentation/google.golang.org/grpc/otelgrpc/interceptor.go:452}","{function_declaration telemetryAttributes(fullMethod, sererAddr string) at vendor/go.opentelemetry.io/contrib/instrumentation/google.golang.org/grpc/otelgrpc/interceptor.go:308}","11","10"
"65bb1bb21f56599addacdf1ea72070351c66c3e8","CHANGE_SIGNATURE","{function_declaration NewExponentialBackOff(opts ...ExponentialBackOffOpts) at vendor/github.com/cenkalti/backoff/v4/exponential.go:87}","{function_declaration NewExponentialBackOff() at vendor/github.com/cenkalti/backoff/v5/exponential.go:65}","16","8"
"65bb1bb21f56599addacdf1ea72070351c66c3e8","CHANGE_SIGNATURE","{function_declaration Warn(msg string, keysAndValues ...interface{}) at vendor/go.opentelemetry.io/otel/internal/global/internal_logging.go:60}","{function_declaration Warn(msg string, keysAndValues ...any) at vendor/go.opentelemetry.io/otel/internal/global/internal_logging.go:60}","3","3"
"65bb1bb21f56599addacdf1ea72070351c66c3e8","CHANGE_SIGNATURE","{method_declaration Float64Histogram(name string, options ...metric.Float64HistogramOption) at vendor/go.opentelemetry.io/otel/sdk/metric/meter.go:264}","{method_declaration Float64Histogram(
	name string,
	options ...metric.Float64HistogramOption,
) at vendor/go.opentelemetry.io/otel/sdk/metric/meter.go:281}","10","10"
"65bb1bb21f56599addacdf1ea72070351c66c3e8","CHANGE_SIGNATURE","{function_declaration newExpoHistogramDataPoint(attrs attribute.Set, maxSize int, maxScale int32, noMinMax, noSum bool) at vendor/go.opentelemetry.io/otel/sdk/metric/internal/aggregate/exponential_histogram.go:51}","{function_declaration newExpoHistogramDataPoint(
	attrs attribute.Set,
	maxSize int,
	maxScale int32,
	noMinMax, noSum bool,
) at vendor/go.opentelemetry.io/otel/sdk/metric/internal/aggregate/exponential_histogram.go:56}","18","18"
"65bb1bb21f56599addacdf1ea72070351c66c3e8","CHANGE_SIGNATURE","{method_declaration Detect(ctx context.Context) at vendor/go.opentelemetry.io/otel/sdk/resource/process.go:144}","{method_declaration Detect(context.Context) at vendor/go.opentelemetry.io/otel/sdk/resource/process.go:144}","8","8"
"65bb1bb21f56599addacdf1ea72070351c66c3e8","CHANGE_SIGNATURE","{method_declaration ResponseTraceAttrs(resp ResponseTelemetry) at vendor/go.opentelemetry.io/contrib/instrumentation/net/http/httptrace/otelhttptrace/internal/semconv/v1.20.0.go:51}","{method_declaration ResponseTraceAttrs(resp ResponseTelemetry, attributes []attribute.KeyValue) at vendor/go.opentelemetry.io/contrib/instrumentation/net/http/otelhttp/internal/semconv/v1.20.0.go:51}","23","21"
"65bb1bb21f56599addacdf1ea72070351c66c3e8","CHANGE_SIGNATURE","{method_declaration Int64UpDownCounter(name string, options ...metric.Int64UpDownCounterOption) at vendor/go.opentelemetry.io/otel/internal/global/meter.go:172}","{method_declaration Int64UpDownCounter(
	name string,
	options ...metric.Int64UpDownCounterOption,
) at vendor/go.opentelemetry.io/otel/internal/global/meter.go:175}","22","22"
"65bb1bb21f56599addacdf1ea72070351c66c3e8","CHANGE_SIGNATURE","{method_declaration cumulative(dest *metricdata.Aggregation) at vendor/go.opentelemetry.io/otel/sdk/metric/internal/aggregate/sum.go:205}","{method_declaration cumulative(
	dest *metricdata.Aggregation, //nolint:gocritic // The pointer is needed for the ComputeAggregation interface
) at vendor/go.opentelemetry.io/otel/sdk/metric/internal/aggregate/sum.go:217}","33","33"
"65bb1bb21f56599addacdf1ea72070351c66c3e8","CHANGE_SIGNATURE","{method_declaration Detect(ctx context.Context) at vendor/go.opentelemetry.io/otel/sdk/resource/process.go:155}","{method_declaration Detect(context.Context) at vendor/go.opentelemetry.io/otel/sdk/resource/process.go:155}","3","3"
"65bb1bb21f56599addacdf1ea72070351c66c3e8","EXTRACT","{method_declaration ResponseTraceAttrs(resp ResponseTelemetry) at vendor/go.opentelemetry.io/contrib/instrumentation/net/http/otelhttp/internal/semconv/v1.20.0.go:51}","{method_declaration ResponseTraceAttrs(resp ResponseTelemetry, attributes []attribute.KeyValue) at vendor/go.opentelemetry.io/contrib/instrumentation/net/http/httptrace/otelhttptrace/internal/semconv/v1.20.0.go:51}","23","21"
"65bb1bb21f56599addacdf1ea72070351c66c3e8","CHANGE_SIGNATURE","{method_declaration RequestTraceAttrs(server string, req *http.Request) at vendor/go.opentelemetry.io/contrib/instrumentation/net/http/httptrace/otelhttptrace/internal/semconv/v1.20.0.go:40}","{method_declaration RequestTraceAttrs(server string, req *http.Request, attrs []attribute.KeyValue) at vendor/go.opentelemetry.io/contrib/instrumentation/net/http/otelhttp/internal/semconv/v1.20.0.go:40}","3","3"
"65bb1bb21f56599addacdf1ea72070351c66c3e8","CHANGE_SIGNATURE","{method_declaration TraceAttributes(host string) at vendor/go.opentelemetry.io/contrib/instrumentation/net/http/httptrace/otelhttptrace/internal/semconv/v1.20.0.go:273}","{method_declaration TraceAttributes(host string, attrs []attribute.KeyValue) at vendor/go.opentelemetry.io/contrib/instrumentation/net/http/otelhttp/internal/semconv/v1.20.0.go:271}","5","3"
"65bb1bb21f56599addacdf1ea72070351c66c3e8","CHANGE_SIGNATURE","{function_declaration HTTPServerRequest(server string, req *http.Request) at vendor/go.opentelemetry.io/contrib/instrumentation/net/http/httptrace/otelhttptrace/internal/semconvutil/httpconv.go:78}","{function_declaration HTTPServerRequest(server string, req *http.Request, opts HTTPServerRequestOptions, attrs []attribute.KeyValue) at vendor/go.opentelemetry.io/contrib/instrumentation/net/http/httptrace/otelhttptrace/internal/semconvutil/httpconv.go:85}","3","3"
"65bb1bb21f56599addacdf1ea72070351c66c3e8","CHANGE_SIGNATURE","{method_declaration delta(dest *metricdata.Aggregation) at vendor/go.opentelemetry.io/otel/sdk/metric/internal/aggregate/exponential_histogram.go:338}","{method_declaration delta(
	dest *metricdata.Aggregation, //nolint:gocritic // The pointer is needed for the ComputeAggregation interface
) at vendor/go.opentelemetry.io/otel/sdk/metric/internal/aggregate/exponential_histogram.go:355}","52","60"
"65bb1bb21f56599addacdf1ea72070351c66c3e8","CHANGE_SIGNATURE","{method_declaration Float64UpDownCounter(name string, options ...metric.Float64UpDownCounterOption) at vendor/go.opentelemetry.io/otel/internal/global/meter.go:333}","{method_declaration Float64UpDownCounter(
	name string,
	options ...metric.Float64UpDownCounterOption,
) at vendor/go.opentelemetry.io/otel/internal/global/meter.go:348}","22","22"
"6b8285f9657c94483b9cd4789d0217c4307049d7"
"7eaf25ee595357349744dbbb890463eaa398e32a","EXTRACT","{method_declaration setGoogleClientInfo(keyval ...string) at vendor/cloud.google.com/go/logging/apiv2/logging_client.go:333}","{method_declaration setGoogleClientInfo(keyval ...string) at vendor/cloud.google.com/go/logging/apiv2/logging_client.go:430}","7","7"
"7eaf25ee595357349744dbbb890463eaa398e32a","CHANGE_SIGNATURE","{function_declaration getMetadataMTLSAutoConfig() at vendor/cloud.google.com/go/auth/internal/transport/s2a.go:77}","{function_declaration getMetadataMTLSAutoConfig(logger *slog.Logger) at vendor/cloud.google.com/go/auth/internal/transport/s2a.go:78}","9","9"
"7eaf25ee595357349744dbbb890463eaa398e32a","EXTRACT","{method_declaration setGoogleClientInfo(keyval ...string) at vendor/cloud.google.com/go/logging/apiv2/logging_client.go:333}","{method_declaration setGoogleClientInfo(keyval ...string) at vendor/cloud.google.com/go/logging/apiv2/logging_client.go:498}","7","7"
"7eaf25ee595357349744dbbb890463eaa398e32a","EXTRACT","{method_declaration GetOperation(ctx context.Context, req *longrunningpb.GetOperationRequest, opts ...gax.CallOption) at vendor/cloud.google.com/go/logging/apiv2/logging_client.go:537}","{method_declaration GetOperation(ctx context.Context, req *longrunningpb.GetOperationRequest, opts ...gax.CallOption) at vendor/cloud.google.com/go/logging/apiv2/logging_client.go:712}","17","17"
"7eaf25ee595357349744dbbb890463eaa398e32a","EXTRACT","{method_declaration CancelOperation(ctx context.Context, req *longrunningpb.CancelOperationRequest, opts ...gax.CallOption) at vendor/cloud.google.com/go/logging/apiv2/logging_client.go:523}","{method_declaration CancelOperation(ctx context.Context, req *longrunningpb.CancelOperationRequest, opts ...gax.CallOption) at vendor/cloud.google.com/go/logging/apiv2/logging_client.go:350}","13","3"
"7eaf25ee595357349744dbbb890463eaa398e32a","CHANGE_SIGNATURE","{function_declaration queryConfig() at vendor/cloud.google.com/go/auth/internal/transport/s2a.go:91}","{function_declaration queryConfig(logger *slog.Logger) at vendor/cloud.google.com/go/auth/internal/transport/s2a.go:95}","15","15"
"7eaf25ee595357349744dbbb890463eaa398e32a","RENAME","{function_declaration credsNewAuth(ctx context.Context, settings *DialSettings) at vendor/google.golang.org/api/internal/creds.go:65}","{function_declaration detectDefaultFromDialSettings(settings *DialSettings) at vendor/google.golang.org/api/internal/creds.go:111}","51","34"
"7eaf25ee595357349744dbbb890463eaa398e32a","EXTRACT","{method_declaration Connection() at vendor/cloud.google.com/go/logging/apiv2/logging_client.go:326}","{method_declaration Connection() at vendor/cloud.google.com/go/logging/apiv2/logging_client.go:423}","3","3"
"7eaf25ee595357349744dbbb890463eaa398e32a","EXTRACT","{method_declaration GetOperation(ctx context.Context, req *longrunningpb.GetOperationRequest, opts ...gax.CallOption) at vendor/cloud.google.com/go/logging/apiv2/logging_client.go:537}","{method_declaration GetOperation(ctx context.Context, req *longrunningpb.GetOperationRequest, opts ...gax.CallOption) at vendor/cloud.google.com/go/logging/apiv2/logging_client.go:355}","17","3"
"7eaf25ee595357349744dbbb890463eaa398e32a","EXTRACT","{method_declaration JSONReader(v interface{}) at vendor/google.golang.org/api/googleapi/googleapi.go:203}","{method_declaration JSONBuffer(v interface{}) at vendor/google.golang.org/api/googleapi/googleapi.go:213}","14","14"
"7eaf25ee595357349744dbbb890463eaa398e32a","EXTRACT","{method_declaration CancelOperation(ctx context.Context, req *longrunningpb.CancelOperationRequest, opts ...gax.CallOption) at vendor/cloud.google.com/go/logging/apiv2/logging_client.go:523}","{method_declaration CancelOperation(ctx context.Context, req *longrunningpb.CancelOperationRequest, opts ...gax.CallOption) at vendor/cloud.google.com/go/logging/apiv2/logging_client.go:698}","13","13"
"7eaf25ee595357349744dbbb890463eaa398e32a","EXTRACT","{method_declaration ListOperations(ctx context.Context, req *longrunningpb.ListOperationsRequest, opts ...gax.CallOption) at vendor/cloud.google.com/go/logging/apiv2/logging_client.go:266}","{method_declaration ListOperations(ctx context.Context, req *longrunningpb.ListOperationsRequest, opts ...gax.CallOption) at vendor/cloud.google.com/go/logging/apiv2/logging_client.go:360}","3","3"
"7eaf25ee595357349744dbbb890463eaa398e32a","CHANGE_SIGNATURE","{function_declaration GetMTLSS2AAddress() at vendor/cloud.google.com/go/auth/internal/transport/s2a.go:52}","{function_declaration GetMTLSS2AAddress(logger *slog.Logger) at vendor/cloud.google.com/go/auth/internal/transport/s2a.go:53}","7","7"
"7eaf25ee595357349744dbbb890463eaa398e32a","EXTRACT","{method_declaration ListOperations(ctx context.Context, req *longrunningpb.ListOperationsRequest, opts ...gax.CallOption) at vendor/cloud.google.com/go/logging/apiv2/logging_client.go:555}","{method_declaration ListOperations(ctx context.Context, req *longrunningpb.ListOperationsRequest, opts ...gax.CallOption) at vendor/cloud.google.com/go/logging/apiv2/logging_client.go:1216}","45","79"
"7eaf25ee595357349744dbbb890463eaa398e32a","RENAME","{function_declaration addOCStatsHandler(dialOpts []grpc.DialOption, opts *Options) at vendor/cloud.google.com/go/auth/grpctransport/grpctransport.go:386}","{function_declaration addOpenTelemetryStatsHandler(dialOpts []grpc.DialOption, opts *Options) at vendor/cloud.google.com/go/auth/grpctransport/grpctransport.go:433}","6","6"
"7eaf25ee595357349744dbbb890463eaa398e32a","INLINE","{method_declaration Value(k Key) at vendor/go.opencensus.io/tag/map.go:43}","{method_declaration Token() at vendor/cloud.google.com/go/auth/oauth2adapt/oauth2adapt.go:88}","7","33"
"7eaf25ee595357349744dbbb890463eaa398e32a","EXTRACT","{method_declaration Close() at vendor/cloud.google.com/go/logging/apiv2/logging_client.go:343}","{method_declaration Close() at vendor/cloud.google.com/go/logging/apiv2/logging_client.go:440}","3","3"
"7eaf25ee595357349744dbbb890463eaa398e32a","EXTRACT","{method_declaration ListOperations(ctx context.Context, req *longrunningpb.ListOperationsRequest, opts ...gax.CallOption) at vendor/cloud.google.com/go/logging/apiv2/logging_client.go:555}","{method_declaration ListOperations(ctx context.Context, req *longrunningpb.ListOperationsRequest, opts ...gax.CallOption) at vendor/cloud.google.com/go/logging/apiv2/logging_client.go:730}","45","45"
"7eaf25ee595357349744dbbb890463eaa398e32a","CHANGE_SIGNATURE","{function_declaration getMetadataUniverseDomain(ctx context.Context) at vendor/cloud.google.com/go/auth/internal/internal.go:203}","{function_declaration getMetadataUniverseDomain(ctx context.Context, client *metadata.Client) at vendor/cloud.google.com/go/auth/internal/internal.go:209}","11","11"
"7eaf25ee595357349744dbbb890463eaa398e32a","EXTRACT","{method_declaration ListOperations(ctx context.Context, req *longrunningpb.ListOperationsRequest, opts ...gax.CallOption) at vendor/cloud.google.com/go/logging/apiv2/config_client.go:1440}","{method_declaration ListOperations(ctx context.Context, req *longrunningpb.ListOperationsRequest, opts ...gax.CallOption) at vendor/cloud.google.com/go/logging/apiv2/logging_client.go:360}","45","3"
"7eaf25ee595357349744dbbb890463eaa398e32a","EXTRACT","{method_declaration Close() at vendor/cloud.google.com/go/logging/apiv2/config_client.go:301}","{method_declaration Close() at vendor/cloud.google.com/go/logging/apiv2/logging_client.go:284}","3","3"
"7eaf25ee595357349744dbbb890463eaa398e32a","CHANGE_SIGNATURE","{function_declaration EncodeJWS(header *Header, c *Claims, key *rsa.PrivateKey) at vendor/cloud.google.com/go/auth/internal/jwt/jwt.go:114}","{function_declaration EncodeJWS(header *Header, c *Claims, signer crypto.Signer) at vendor/cloud.google.com/go/auth/internal/jwt/jwt.go:114}","18","18"
"7eaf25ee595357349744dbbb890463eaa398e32a","EXTRACT","{method_declaration CancelOperation(ctx context.Context, req *longrunningpb.CancelOperationRequest, opts ...gax.CallOption) at vendor/cloud.google.com/go/logging/apiv2/logging_client.go:256}","{method_declaration CancelOperation(ctx context.Context, req *longrunningpb.CancelOperationRequest, opts ...gax.CallOption) at vendor/cloud.google.com/go/logging/apiv2/logging_client.go:350}","3","3"
"7eaf25ee595357349744dbbb890463eaa398e32a","CHANGE_SIGNATURE","{function_declaration isTokenProviderDirectPathCompatible(tp auth.TokenProvider, _ *Options) at vendor/cloud.google.com/go/auth/grpctransport/directpath.go:58}","{function_declaration isTokenProviderDirectPathCompatible(tp auth.TokenProvider, o *Options) at vendor/cloud.google.com/go/auth/grpctransport/directpath.go:58}","19","22"
"7eaf25ee595357349744dbbb890463eaa398e32a","EXTRACT","{method_declaration ListOperations(ctx context.Context, req *longrunningpb.ListOperationsRequest, opts ...gax.CallOption) at vendor/cloud.google.com/go/logging/apiv2/logging_client.go:555}","{method_declaration ListOperations(ctx context.Context, req *longrunningpb.ListOperationsRequest, opts ...gax.CallOption) at vendor/cloud.google.com/go/logging/apiv2/logging_client.go:360}","45","3"
"7eaf25ee595357349744dbbb890463eaa398e32a","EXTRACT","{method_declaration CancelOperation(ctx context.Context, req *longrunningpb.CancelOperationRequest, opts ...gax.CallOption) at vendor/cloud.google.com/go/logging/apiv2/config_client.go:1408}","{method_declaration CancelOperation(ctx context.Context, req *longrunningpb.CancelOperationRequest, opts ...gax.CallOption) at vendor/cloud.google.com/go/logging/apiv2/logging_client.go:350}","13","3"
"7eaf25ee595357349744dbbb890463eaa398e32a","CHANGE_SIGNATURE","{function_declaration computeTokenProvider(opts *DetectOptions) at vendor/cloud.google.com/go/auth/credentials/compute.go:40}","{function_declaration computeTokenProvider(opts *DetectOptions, client *metadata.Client) at vendor/cloud.google.com/go/auth/credentials/compute.go:40}","6","9"
"7eaf25ee595357349744dbbb890463eaa398e32a","INLINE","{method_declaration Value() at vendor/go.opencensus.io/stats/measure.go:102}","{method_declaration Token() at vendor/cloud.google.com/go/auth/oauth2adapt/oauth2adapt.go:88}","3","33"
"7eaf25ee595357349744dbbb890463eaa398e32a","CHANGE_SIGNATURE","{function_declaration GetS2AAddress() at vendor/cloud.google.com/go/auth/internal/transport/s2a.go:42}","{function_declaration GetS2AAddress(logger *slog.Logger) at vendor/cloud.google.com/go/auth/internal/transport/s2a.go:43}","7","7"
"3f6f3b9ed2f807065bcd53008be50552c60bd263"
"94eb87f4c0290b2f888efc52f0b95afee539f0d1","CHANGE_SIGNATURE","{function_declaration println(a ...interface{}) at vendor/github.com/klauspost/compress/zstd/zstd.go:101}","{function_declaration println(a ...any) at vendor/github.com/klauspost/compress/zstd/zstd.go:101}","5","5"
"94eb87f4c0290b2f888efc52f0b95afee539f0d1","CHANGE_SIGNATURE","{function_declaration printf(format string, a ...interface{}) at vendor/github.com/klauspost/compress/zstd/zstd.go:107}","{function_declaration printf(format string, a ...any) at vendor/github.com/klauspost/compress/zstd/zstd.go:107}","5","5"
"94eb87f4c0290b2f888efc52f0b95afee539f0d1","CHANGE_SIGNATURE","{function_declaration Store64(b []byte, v uint64) at vendor/github.com/klauspost/compress/internal/le/unsafe_disabled.go:40}","{function_declaration Store64(b []byte, i I, v uint64) at vendor/github.com/klauspost/compress/internal/le/unsafe_disabled.go:40}","3","3"
"94eb87f4c0290b2f888efc52f0b95afee539f0d1","CHANGE_SIGNATURE","{function_declaration Store64(b []byte, v uint64) at vendor/github.com/klauspost/compress/internal/le/unsafe_enabled.go:52}","{function_declaration Store64(b []byte, i I, v uint64) at vendor/github.com/klauspost/compress/internal/le/unsafe_enabled.go:50}","4","3"
"1621c4e7adcd3b85026eddc0d99277bbdbc03ed3","EXTRACT","{method_declaration IsValidLegacy() at vendor/github.com/prometheus/common/model/labels.go:120}","{method_declaration IsValidLabelName(labelName string) at vendor/github.com/prometheus/common/model/metric.go:184}","11","22"
"1621c4e7adcd3b85026eddc0d99277bbdbc03ed3","CHANGE_SIGNATURE","{function_declaration isRealProc(mountPoint string) at vendor/github.com/prometheus/procfs/fs_statfs_notype.go:21}","{function_declaration isRealProc(_ string) at vendor/github.com/prometheus/procfs/fs_statfs_notype.go:21}","3","3"
"1621c4e7adcd3b85026eddc0d99277bbdbc03ed3","CHANGE_SIGNATURE","{method_declaration parseLine(line string, hasInode bool, min int) at vendor/github.com/prometheus/procfs/net_unix.go:124}","{method_declaration parseLine(line string, hasInode bool, minFields int) at vendor/github.com/prometheus/procfs/net_unix.go:124}","64","64"
"efc3e93b1e2e3bf0e49e6caa3e02a773adde9ac6","CHANGE_SIGNATURE","{method_declaration setAuthStyle(tokenURL string, v AuthStyle) at vendor/golang.org/x/oauth2/internal/token.go:166}","{method_declaration setAuthStyle(tokenURL, clientID string, v AuthStyle) at vendor/golang.org/x/oauth2/internal/token.go:169}","8","8"
"efc3e93b1e2e3bf0e49e6caa3e02a773adde9ac6","CHANGE_SIGNATURE","{method_declaration WithExtra(extra interface{}) at vendor/golang.org/x/oauth2/token.go:98}","{method_declaration WithExtra(extra any) at vendor/golang.org/x/oauth2/token.go:98}","6","6"
"efc3e93b1e2e3bf0e49e6caa3e02a773adde9ac6","CHANGE_SIGNATURE","{function_declaration ExchangeToken(ctx context.Context, endpoint string, request *TokenExchangeRequest, authentication ClientAuthentication, headers http.Header, options map[string]interface{}) at vendor/golang.org/x/oauth2/google/internal/stsexchange/sts_exchange.go:31}","{function_declaration ExchangeToken(ctx context.Context, endpoint string, request *TokenExchangeRequest, authentication ClientAuthentication, headers http.Header, options map[string]any) at vendor/golang.org/x/oauth2/google/internal/stsexchange/sts_exchange.go:30}","18","18"
"efc3e93b1e2e3bf0e49e6caa3e02a773adde9ac6","CHANGE_SIGNATURE","{method_declaration lookupAuthStyle(tokenURL string) at vendor/golang.org/x/oauth2/internal/token.go:158}","{method_declaration lookupAuthStyle(tokenURL, clientID string) at vendor/golang.org/x/oauth2/internal/token.go:161}","6","6"
"e773a0cf50eb20ac1071b8116715a632145289a3"
"ebcf9bb0c42a8f18b8cd304faeb95cfdf424731f","INLINE","{method_declaration waitForEvents(ec chan<- Event, errCh chan<- error) at vendor/github.com/containerd/cgroups/v3/cgroup2/manager.go:740}","{method_declaration EventChan() at vendor/github.com/containerd/cgroups/v3/cgroup2/manager.go:798}","39","56"
"7c29edf1b48b5983622bec97511ec3b4f7b0516f"
"bb56c4d7e78a77e9abb2a0fb01315041f3549801"
"365e588d0fbbaf84ab5449e799e856e85c209f0e"
"c950796596d82bb37f868b484b25ba967437eba9"
"20b831c59a2e08dde0aa8bb3d4d708fda1ce165f"
"e0a877b487f2ca75f7e69c01f351e4b16124115b"
"854ccbfcf5c86d79c37a7a3a996d8947afd0d439"
"15241265dcf196bc439d6abcfeb1500f2f202f95"
"e8f156110ae7251a0da856a593247d040481cb0c"
"34fb9de7f3c24f7222e30b854c16435ddb12e961"
"d192a63467ba9389ae3d73a5b7a74999596bf293","CHANGE_SIGNATURE","{function_declaration newExecutor(
	root string,
	_ string,
	net *libnetwork.Controller,
	dns *oci.DNSConfig,
	_ bool,
	_ user.IdentityMapping,
	_ string,
	cdiManager *cdidevices.Manager,
	containerdAddr string,
	containerdNamespace string,
) at daemon/internal/builder-next/executor_windows.go:34}","{function_declaration newExecutor(
	root string,
	_ string,
	net *libnetwork.Controller,
	dns *oci.DNSConfig,
	_ bool,
	_ user.IdentityMapping,
	_ string,
	cdiManager *cdidevices.Manager,
	containerdAddr string,
	containerdNamespace string,
	hypervIsolation bool,
) at daemon/internal/builder-next/executor_windows.go:35}","22","23"
"d192a63467ba9389ae3d73a5b7a74999596bf293","CHANGE_SIGNATURE","{function_declaration newExecutor(root, cgroupParent string, net *libnetwork.Controller, dnsConfig *oci.DNSConfig, rootless bool, idmap user.IdentityMapping, apparmorProfile string, cdiManager *cdidevices.Manager, _, _ string) at daemon/internal/builder-next/executor_linux.go:25}","{function_declaration newExecutor(root, cgroupParent string, net *libnetwork.Controller, dnsConfig *oci.DNSConfig, rootless bool, idmap user.IdentityMapping, apparmorProfile string, cdiManager *cdidevices.Manager, _, _ string, _ bool) at daemon/internal/builder-next/executor_linux.go:25}","51","51"
"d192a63467ba9389ae3d73a5b7a74999596bf293","CHANGE_SIGNATURE","{function_declaration newExecutor(_, _ string, _ *libnetwork.Controller, _ *oci.DNSConfig, _ bool, _ user.IdentityMapping, _ string, _ *cdidevices.Manager, _, _ string) at daemon/internal/builder-next/executor_others.go:13}","{function_declaration newExecutor(_, _ string, _ *libnetwork.Controller, _ *oci.DNSConfig, _ bool, _ user.IdentityMapping, _ string, _ *cdidevices.Manager, _, _ string, _ bool) at daemon/internal/builder-next/executor_others.go:13}","3","3"
"db71c6a91422c8e9bbdb33afa867e1d41bf7b731","CHANGE_SIGNATURE","{function_declaration waitForHealthStatus(t *testing.T, name string, prev string, expected string) at integration-cli/docker_cli_health_test.go:29}","{function_declaration waitForHealthStatus(t *testing.T, name string, prev container.HealthStatus, expected container.HealthStatus) at integration-cli/docker_cli_health_test.go:29}","15","16"
"1fd87e9fdf5da56e33dac97fcb1a8a3caad0114d","RENAME","{method_declaration StateString() at daemon/container/state.go:120}","{method_declaration State() at daemon/container/state.go:120}","27","27"
"18000fe371241a0066584772fcee7c5751a71259"
"fe1a505cbf555cf31019e46a6e7248871d53079e"
"c477a68fb9d8163f4567fdb0c56f36d8a110e4ed"
"b0ab0b4078c401dbe1affbe39d7d1455f72a899a"
"9b7452e90350822634e89d674e445aea1c37e694"
"82a5eec1aa94925861d4fbe750b55766c87e5c4c"
"2e3c523579bbb7b0c43f507ee6311f58286d0f7f"
"598618b6f27d5295c12c6038ebfee989fa9f1334"
"7aa036ef2ef7e21afc42aa77fb14c89701759c27","RENAME","{method_declaration CheckpointDelete(ctx context.Context, containerID string, options CheckpointDeleteOptions) at client/checkpoint_delete.go:15}","{method_declaration CheckpointRemove(ctx context.Context, containerID string, options CheckpointRemoveOptions) at vendor/github.com/moby/moby/client/checkpoint_remove.go:20}","15","15"
"7aa036ef2ef7e21afc42aa77fb14c89701759c27","RENAME","{method_declaration CheckpointDelete(ctx context.Context, containerID string, options CheckpointDeleteOptions) at vendor/github.com/moby/moby/client/checkpoint_delete.go:15}","{method_declaration CheckpointRemove(ctx context.Context, containerID string, options CheckpointRemoveOptions) at client/checkpoint_remove.go:20}","15","15"
"e2bdc51508f127be0a8fce7c355538fdd81b84c8"
"da25838fc3e539d2bb59c588c3d011fa34e53e19"
"fda54735c92ebba9b0e57fdd7c68bfdc5d185143"
"d087d3c057550b1c3971edefa1df076c126218a6"
"46090e88e4a3189906aac96f37a692afbda946bb"
"fb94e241f5e5b1e6e2663a6ea55991ad8e201bc0"
"15a048c396e479894312bd9ad83b0cfeb44f7c6c"
"ed428234bd42ef2f2e54d1086b0f5ed2421c7f12","CHANGE_SIGNATURE","{function_declaration buildCacheDiskUsageFromLegacyAPI(du *system.DiskUsage) at vendor/github.com/moby/moby/client/system_disk_usage.go:273}","{function_declaration buildCacheDiskUsageFromLegacyAPI(du *legacyDiskUsage) at vendor/github.com/moby/moby/client/system_disk_usage.go:286}","23","23"
"ed428234bd42ef2f2e54d1086b0f5ed2421c7f12","CHANGE_SIGNATURE","{function_declaration imageDiskUsageFromLegacyAPI(du *system.DiskUsage) at vendor/github.com/moby/moby/client/system_disk_usage.go:227}","{function_declaration imageDiskUsageFromLegacyAPI(du *legacyDiskUsage) at vendor/github.com/moby/moby/client/system_disk_usage.go:240}","25","25"
"ed428234bd42ef2f2e54d1086b0f5ed2421c7f12","CHANGE_SIGNATURE","{function_declaration containerDiskUsageFromLegacyAPI(du *system.DiskUsage) at vendor/github.com/moby/moby/client/system_disk_usage.go:253}","{function_declaration containerDiskUsageFromLegacyAPI(du *legacyDiskUsage) at client/system_disk_usage.go:266}","19","19"
"ed428234bd42ef2f2e54d1086b0f5ed2421c7f12","CHANGE_SIGNATURE","{function_declaration buildCacheDiskUsageFromLegacyAPI(du *system.DiskUsage) at client/system_disk_usage.go:273}","{function_declaration buildCacheDiskUsageFromLegacyAPI(du *legacyDiskUsage) at client/system_disk_usage.go:286}","23","23"
"ed428234bd42ef2f2e54d1086b0f5ed2421c7f12","CHANGE_SIGNATURE","{function_declaration containerDiskUsageFromLegacyAPI(du *system.DiskUsage) at client/system_disk_usage.go:253}","{function_declaration containerDiskUsageFromLegacyAPI(du *legacyDiskUsage) at vendor/github.com/moby/moby/client/system_disk_usage.go:266}","19","19"
"ed428234bd42ef2f2e54d1086b0f5ed2421c7f12","CHANGE_SIGNATURE","{function_declaration volumeDiskUsageFromLegacyAPI(du *system.DiskUsage) at vendor/github.com/moby/moby/client/system_disk_usage.go:297}","{function_declaration volumeDiskUsageFromLegacyAPI(du *legacyDiskUsage) at client/system_disk_usage.go:310}","23","23"
"ed428234bd42ef2f2e54d1086b0f5ed2421c7f12","CHANGE_SIGNATURE","{function_declaration volumeDiskUsageFromLegacyAPI(du *system.DiskUsage) at client/system_disk_usage.go:297}","{function_declaration volumeDiskUsageFromLegacyAPI(du *legacyDiskUsage) at vendor/github.com/moby/moby/client/system_disk_usage.go:310}","23","23"
"ed428234bd42ef2f2e54d1086b0f5ed2421c7f12","CHANGE_SIGNATURE","{function_declaration diskUsageResultFromLegacyAPI(du *system.DiskUsage) at client/system_disk_usage.go:218}","{function_declaration diskUsageResultFromLegacyAPI(du *legacyDiskUsage) at client/system_disk_usage.go:231}","8","8"
"ed428234bd42ef2f2e54d1086b0f5ed2421c7f12","CHANGE_SIGNATURE","{function_declaration diskUsageResultFromLegacyAPI(du *system.DiskUsage) at vendor/github.com/moby/moby/client/system_disk_usage.go:218}","{function_declaration diskUsageResultFromLegacyAPI(du *legacyDiskUsage) at vendor/github.com/moby/moby/client/system_disk_usage.go:231}","8","8"
"ed428234bd42ef2f2e54d1086b0f5ed2421c7f12","CHANGE_SIGNATURE","{function_declaration imageDiskUsageFromLegacyAPI(du *system.DiskUsage) at client/system_disk_usage.go:227}","{function_declaration imageDiskUsageFromLegacyAPI(du *legacyDiskUsage) at client/system_disk_usage.go:240}","25","25"
"71bcd22d6df1929741051110a34fc3a9f9e8bb31"
"f5e319c95003fe73832c2da1d97f424a882ba0b6"
"20870f13c2992400e4716e63370bdbd1ad659ea5"
"0dcb1fe34409a903433db5d199cdd6f7716a6201","CHANGE_SIGNATURE","{method_declaration DiskUsage(ctx context.Context) at daemon/internal/builder-next/builder.go:153}","{method_declaration DiskUsage(ctx context.Context, options buildbackend.DiskUsageOptions) at daemon/internal/builder-next/builder.go:153}","34","45"
"f1a33876334dd5164d6242c028df9d0e26e09792"
"04de58453103b2f3b641d835d1aca6f754558f91"
"32319028e5f4cfd551a8122f8fca4146928392ad"
"bd5e6bab1deaa2571bd8aa3ffc8af680d02db4f8"
"34b6fb783db65996dbb642d4765fd211ab9c91f8"
"f66f1b451ca666fd9b8cf6074d4afbb9a87adb00"
"e8745c2157df95af2bf83cf9f04ecacaf045e24f"
"8db3118ac90592cafc24620ebf56536c8d990ff2"
"1745075b24c0a588e077d2d2532f7afb6e4efe26"
"dcfcfd33e92c11cdceb678682c5876f00ddd2111","CHANGE_SIGNATURE","{function_declaration RunningTasksCount(ctx context.Context, apiClient client.ServiceAPIClient, serviceID string, instances uint64) at integration/internal/swarm/states.go:48}","{function_declaration RunningTasksCount(ctx context.Context, apiClient client.TaskAPIClient, serviceID string, instances uint64) at integration/internal/swarm/states.go:48}","35","35"
"dcfcfd33e92c11cdceb678682c5876f00ddd2111","CHANGE_SIGNATURE","{function_declaration GetRunningTasks(ctx context.Context, t *testing.T, c client.ServiceAPIClient, serviceID string) at integration/internal/swarm/service.go:221}","{function_declaration GetRunningTasks(ctx context.Context, t *testing.T, c client.TaskAPIClient, serviceID string) at integration/internal/swarm/service.go:221}","12","12"
"dcfcfd33e92c11cdceb678682c5876f00ddd2111","CHANGE_SIGNATURE","{function_declaration JobComplete(ctx context.Context, apiClient client.ServiceAPIClient, service swarmtypes.Service) at integration/internal/swarm/states.go:87}","{function_declaration JobComplete(ctx context.Context, apiClient client.TaskAPIClient, service swarmtypes.Service) at integration/internal/swarm/states.go:87}","72","72"
"dcfcfd33e92c11cdceb678682c5876f00ddd2111","CHANGE_SIGNATURE","{function_declaration NoTasksForService(ctx context.Context, apiClient client.ServiceAPIClient, serviceID string) at integration/internal/swarm/states.go:13}","{function_declaration NoTasksForService(ctx context.Context, apiClient client.TaskAPIClient, serviceID string) at integration/internal/swarm/states.go:13}","18","18"
"dcfcfd33e92c11cdceb678682c5876f00ddd2111","CHANGE_SIGNATURE","{function_declaration NoTasks(ctx context.Context, apiClient client.ServiceAPIClient) at integration/internal/swarm/states.go:33}","{function_declaration NoTasks(ctx context.Context, apiClient client.TaskAPIClient) at integration/internal/swarm/states.go:33}","13","13"
"931c347b36586e0493004d2fdc85fde64cf47d42"
"745c483e4226db297f2448530a8231bd7beb574a","INLINE","{function_declaration FormatStatus(id, format string, a ...any) at client/pkg/streamformatter/streamformatter.go:26}","{function_declaration formatStatus(id, format string, a ...any) at client/pkg/streamformatter/streamformatter.go:26}","8","8"
"745c483e4226db297f2448530a8231bd7beb574a","EXTRACT","{method_declaration formatStatus(id, format string, a ...any) at client/pkg/streamformatter/streamformatter.go:79}","{method_declaration formatStatus(id, format string, a ...any) at client/pkg/streamformatter/streamformatter.go:79}","3","3"
"745c483e4226db297f2448530a8231bd7beb574a","RENAME","{function_declaration FormatError(err error) at client/pkg/streamformatter/streamformatter.go:36}","{function_declaration formatError(err error) at client/pkg/streamformatter/streamformatter.go:36}","10","10"
"4c6d0ebc40b17d6bfb1dc6f3788a834425c03534"
"bc3c37098cd40642eb987b407c0ac2e65904a5b5","MOVE_RENAME","{function_declaration wrapBaseError(baseErr, extraErr error) at vendor/github.com/cyphar/filepath-securejoin/gocompat_errors_go120.go:16}","{function_declaration WrapBaseError(baseErr, extraErr error) at vendor/github.com/cyphar/filepath-securejoin/pathrs-lite/internal/gocompat/gocompat_errors_go120.go:17}","3","3"
"bc3c37098cd40642eb987b407c0ac2e65904a5b5","MOVE","{function_declaration newPrivateProcMount() at vendor/github.com/cyphar/filepath-securejoin/procfs_linux.go:97}","{function_declaration newPrivateProcMount(subset bool) at vendor/github.com/cyphar/filepath-securejoin/pathrs-lite/internal/procfs/procfs_linux.go:99}","17","30"
"bc3c37098cd40642eb987b407c0ac2e65904a5b5","MOVE_RENAME","{function_declaration slices_Contains(s S, v E) at vendor/github.com/cyphar/filepath-securejoin/gocompat_generics_unsupported.go:56}","{function_declaration SlicesContains(s S, v E) at vendor/github.com/cyphar/filepath-securejoin/pathrs-lite/internal/gocompat/gocompat_generics_unsupported.go:62}","3","3"
"bc3c37098cd40642eb987b407c0ac2e65904a5b5","MOVE_RENAME","{function_declaration isDeadInode(file *os.File) at vendor/github.com/cyphar/filepath-securejoin/procfs_linux.go:408}","{function_declaration IsDeadInode(file Fd) at vendor/github.com/cyphar/filepath-securejoin/pathrs-lite/internal/fd/fd_linux.go:62}","17","17"
"bc3c37098cd40642eb987b407c0ac2e65904a5b5","MOVE_RENAME","{function_declaration fsmount(ctx *os.File, flags, mountAttrs int) at vendor/github.com/cyphar/filepath-securejoin/procfs_linux.go:87}","{function_declaration Fsmount(ctx Fd, flags, mountAttrs int) at vendor/github.com/cyphar/filepath-securejoin/pathrs-lite/internal/fd/mount_linux.go:33}","9","9"
"bc3c37098cd40642eb987b407c0ac2e65904a5b5","MOVE","{function_declaration unsafeHostProcRoot() at vendor/github.com/cyphar/filepath-securejoin/procfs_linux.go:167}","{function_declaration unsafeHostProcRoot() at vendor/github.com/cyphar/filepath-securejoin/pathrs-lite/internal/procfs/procfs_linux.go:163}","15","12"
"bc3c37098cd40642eb987b407c0ac2e65904a5b5","INLINE","{function_declaration readCon(string) at vendor/github.com/opencontainers/selinux/go-selinux/selinux_stub.go:10}","{function_declaration pidLabel(pid int) at vendor/github.com/opencontainers/selinux/go-selinux/selinux_linux.go:545}","3","8"
"bc3c37098cd40642eb987b407c0ac2e65904a5b5","MOVE","{method_declaration push(dir *os.File, remainingPath, linkTarget string) at vendor/github.com/cyphar/filepath-securejoin/lookup_linux.go:110}","{method_declaration push(dir *os.File, remainingPath, linkTarget string) at vendor/github.com/cyphar/filepath-securejoin/pathrs-lite/internal/gopathrs/lookup_linux.go:121}","23","23"
"bc3c37098cd40642eb987b407c0ac2e65904a5b5","MOVE","{method_declaration Close() at vendor/github.com/cyphar/filepath-securejoin/lookup_linux.go:36}","{method_declaration Close() at vendor/github.com/cyphar/filepath-securejoin/pathrs-lite/internal/gopathrs/lookup_linux.go:47}","3","3"
"bc3c37098cd40642eb987b407c0ac2e65904a5b5","MOVE_RENAME","{function_declaration openat2File(dir *os.File, path string, how *unix.OpenHow) at vendor/github.com/cyphar/filepath-securejoin/openat2_linux.go:46}","{function_declaration Openat2(dir Fd, path string, how *unix.OpenHow) at vendor/github.com/cyphar/filepath-securejoin/pathrs-lite/internal/fd/openat2_linux.go:42}","29","21"
"bc3c37098cd40642eb987b407c0ac2e65904a5b5","EXTRACT","{function_declaration IsType(t TestingT, expectedType interface{}, object interface{}, msgAndArgs ...interface{}) at vendor/github.com/stretchr/testify/assert/assertions.go:441}","{function_declaration isType(expectedType, object interface{}) at vendor/github.com/stretchr/testify/assert/assertions.go:458}","11","3"
"bc3c37098cd40642eb987b407c0ac2e65904a5b5","MOVE_RENAME","{function_declaration Reopen(handle *os.File, flags int) at vendor/github.com/cyphar/filepath-securejoin/open_linux.go:65}","{function_declaration ReopenFd(handle fd.Fd, flags int) at vendor/github.com/cyphar/filepath-securejoin/pathrs-lite/internal/procfs/procfs_linux.go:491}","39","40"
"bc3c37098cd40642eb987b407c0ac2e65904a5b5","CHANGE_SIGNATURE","{function_declaration IsType(t TestingT, expectedType interface{}, object interface{}, msgAndArgs ...interface{}) at vendor/github.com/stretchr/testify/assert/assertions.go:441}","{function_declaration IsType(t TestingT, expectedType, object interface{}, msgAndArgs ...interface{}) at vendor/github.com/stretchr/testify/assert/assertions.go:465}","11","9"
"bc3c37098cd40642eb987b407c0ac2e65904a5b5","MOVE","{method_declaration PopTopSymlink() at vendor/github.com/cyphar/filepath-securejoin/lookup_linux.go:149}","{method_declaration PopTopSymlink() at vendor/github.com/cyphar/filepath-securejoin/pathrs-lite/internal/gopathrs/lookup_linux.go:160}","8","8"
"bc3c37098cd40642eb987b407c0ac2e65904a5b5","MOVE","{function_declaration OpenatInRoot(root *os.File, unsafePath string) at vendor/github.com/cyphar/filepath-securejoin/open_linux.go:19}","{function_declaration OpenatInRoot(root *os.File, unsafePath string) at vendor/github.com/cyphar/filepath-securejoin/pathrs-lite/internal/gopathrs/open_linux.go:20}","7","7"
"bc3c37098cd40642eb987b407c0ac2e65904a5b5","MOVE_RENAME","{function_declaration slices_IndexFunc(s S, f func(E) bool) at vendor/github.com/cyphar/filepath-securejoin/gocompat_generics_unsupported.go:28}","{function_declaration slicesIndexFunc(s S, f func(E) bool) at vendor/github.com/cyphar/filepath-securejoin/pathrs-lite/internal/gocompat/gocompat_generics_unsupported.go:32}","8","8"
"bc3c37098cd40642eb987b407c0ac2e65904a5b5","MOVE_RENAME","{function_declaration slices_Contains(slice S, val E) at vendor/github.com/cyphar/filepath-securejoin/gocompat_generics_go121.go:18}","{function_declaration SlicesContains(slice S, val E) at vendor/github.com/cyphar/filepath-securejoin/pathrs-lite/internal/gocompat/gocompat_generics_go121.go:23}","3","3"
"bc3c37098cd40642eb987b407c0ac2e65904a5b5","EXTRACT","{function_declaration KeyLabel() at vendor/github.com/opencontainers/selinux/go-selinux/selinux.go:200}","{function_declaration keyLabel() at vendor/github.com/opencontainers/selinux/go-selinux/selinux_stub.go:80}","3","3"
"bc3c37098cd40642eb987b407c0ac2e65904a5b5","MOVE","{method_declaration Unwrap() at vendor/github.com/cyphar/filepath-securejoin/gocompat_errors_unsupported.go:22}","{method_declaration Unwrap() at vendor/github.com/cyphar/filepath-securejoin/pathrs-lite/internal/gocompat/gocompat_errors_unsupported.go:24}","3","3"
"bc3c37098cd40642eb987b407c0ac2e65904a5b5","MOVE","{function_declaration MkdirAll(root, unsafePath string, mode os.FileMode) at vendor/github.com/cyphar/filepath-securejoin/mkdir_linux.go:223}","{function_declaration MkdirAll(root, unsafePath string, mode os.FileMode) at vendor/github.com/cyphar/filepath-securejoin/pathrs-lite/mkdir.go:42}","14","14"
"bc3c37098cd40642eb987b407c0ac2e65904a5b5","MOVE","{function_declaration privateProcRoot() at vendor/github.com/cyphar/filepath-securejoin/procfs_linux.go:153}","{function_declaration privateProcRoot(subset bool) at vendor/github.com/cyphar/filepath-securejoin/pathrs-lite/internal/procfs/procfs_linux.go:149}","13","13"
"bc3c37098cd40642eb987b407c0ac2e65904a5b5","MOVE_RENAME","{function_declaration fsopen(fsName string, flags int) at vendor/github.com/cyphar/filepath-securejoin/procfs_linux.go:77}","{function_declaration Fsopen(fsName string, flags int) at vendor/github.com/cyphar/filepath-securejoin/pathrs-lite/internal/fd/mount_linux.go:22}","9","9"
"bc3c37098cd40642eb987b407c0ac2e65904a5b5","MOVE","{function_declaration OpenInRoot(root, unsafePath string) at vendor/github.com/cyphar/filepath-securejoin/open_linux.go:43}","{function_declaration OpenInRoot(root, unsafePath string) at vendor/github.com/cyphar/filepath-securejoin/pathrs-lite/open.go:38}","8","8"
"bc3c37098cd40642eb987b407c0ac2e65904a5b5","MOVE_RENAME","{function_declaration fstatatFile(dir *os.File, path string, flags int) at vendor/github.com/cyphar/filepath-securejoin/openat_linux.go:37}","{function_declaration Fstatat(dir Fd, path string, flags int) at vendor/github.com/cyphar/filepath-securejoin/pathrs-lite/internal/fd/at_linux.go:65}","7","9"
"bc3c37098cd40642eb987b407c0ac2e65904a5b5","MOVE_RENAME","{function_declaration sync_OnceValues(f func() (T1, T2)) at vendor/github.com/cyphar/filepath-securejoin/gocompat_generics_unsupported.go:98}","{function_declaration SyncOnceValues(f func() (T1, T2)) at vendor/github.com/cyphar/filepath-securejoin/pathrs-lite/internal/gocompat/gocompat_generics_unsupported.go:110}","27","30"
"bc3c37098cd40642eb987b407c0ac2e65904a5b5","MOVE_RENAME","{function_declaration slices_DeleteFunc(s S, del func(E) bool) at vendor/github.com/cyphar/filepath-securejoin/gocompat_generics_unsupported.go:38}","{function_declaration SlicesDeleteFunc(s S, del func(E) bool) at vendor/github.com/cyphar/filepath-securejoin/pathrs-lite/internal/gocompat/gocompat_generics_unsupported.go:43}","15","15"
"bc3c37098cd40642eb987b407c0ac2e65904a5b5","MOVE","{method_declaration Close() at vendor/github.com/cyphar/filepath-securejoin/lookup_linux.go:46}","{method_declaration Close() at vendor/github.com/cyphar/filepath-securejoin/pathrs-lite/internal/gopathrs/lookup_linux.go:57}","9","9"
"bc3c37098cd40642eb987b407c0ac2e65904a5b5","EXTRACT","{function_declaration isEmpty(object interface{}) at vendor/github.com/stretchr/testify/assert/assertions.go:717}","{function_declaration isEmptyValue(objValue reflect.Value) at vendor/github.com/stretchr/testify/assert/assertions.go:760}","27","16"
"bc3c37098cd40642eb987b407c0ac2e65904a5b5","MOVE","{function_declaration completeLookupInRoot(root *os.File, unsafePath string) at vendor/github.com/cyphar/filepath-securejoin/lookup_linux.go:166}","{function_declaration completeLookupInRoot(root fd.Fd, unsafePath string) at vendor/github.com/cyphar/filepath-securejoin/pathrs-lite/internal/gopathrs/lookup_linux.go:177}","10","10"
"bc3c37098cd40642eb987b407c0ac2e65904a5b5","MOVE_RENAME","{function_declaration readlinkatFile(dir *os.File, path string) at vendor/github.com/cyphar/filepath-securejoin/openat_linux.go:45}","{function_declaration Readlinkat(dir Fd, path string) at vendor/github.com/cyphar/filepath-securejoin/pathrs-lite/internal/fd/at_linux.go:87}","15","17"
"bc3c37098cd40642eb987b407c0ac2e65904a5b5","MOVE","{function_declaration clonePrivateProcMount() at vendor/github.com/cyphar/filepath-securejoin/procfs_linux.go:131}","{function_declaration clonePrivateProcMount() at vendor/github.com/cyphar/filepath-securejoin/pathrs-lite/internal/procfs/procfs_linux.go:130}","21","18"
"bc3c37098cd40642eb987b407c0ac2e65904a5b5","MOVE_RENAME","{function_declaration slices_Clone(slice S) at vendor/github.com/cyphar/filepath-securejoin/gocompat_generics_go121.go:22}","{function_declaration SlicesClone(slice S) at vendor/github.com/cyphar/filepath-securejoin/pathrs-lite/internal/gocompat/gocompat_generics_go121.go:28}","3","3"
"bc3c37098cd40642eb987b407c0ac2e65904a5b5","INLINE","{function_declaration methodFilter(name string) at vendor/github.com/stretchr/testify/suite/suite.go:225}","{function_declaration Run(t *testing.T, suite TestingSuite) at vendor/github.com/stretchr/testify/suite/suite.go:126}","6","101"
"bc3c37098cd40642eb987b407c0ac2e65904a5b5","MOVE","{function_declaration partialLookupOpenat2(root *os.File, unsafePath string) at vendor/github.com/cyphar/filepath-securejoin/openat2_linux.go:90}","{function_declaration partialLookupOpenat2(root fd.Fd, unsafePath string) at vendor/github.com/cyphar/filepath-securejoin/pathrs-lite/internal/gopathrs/openat2_linux.go:64}","38","38"
"bc3c37098cd40642eb987b407c0ac2e65904a5b5","MOVE","{function_declaration scopedLookupShouldRetry(how *unix.OpenHow, err error) at vendor/github.com/cyphar/filepath-securejoin/openat2_linux.go:31}","{function_declaration scopedLookupShouldRetry(how *unix.OpenHow, err error) at vendor/github.com/cyphar/filepath-securejoin/pathrs-lite/internal/fd/openat2_linux.go:22}","12","12"
"bc3c37098cd40642eb987b407c0ac2e65904a5b5","MOVE_RENAME","{function_declaration sync_OnceValue(f func() T) at vendor/github.com/cyphar/filepath-securejoin/gocompat_generics_unsupported.go:70}","{function_declaration SyncOnceValue(f func() T) at vendor/github.com/cyphar/filepath-securejoin/pathrs-lite/internal/gocompat/gocompat_generics_unsupported.go:78}","26","29"
"bc3c37098cd40642eb987b407c0ac2e65904a5b5","MOVE_RENAME","{function_declaration openTree(dir *os.File, path string, flags uint) at vendor/github.com/cyphar/filepath-securejoin/procfs_linux.go:115}","{function_declaration OpenTree(dir Fd, path string, flags uint) at vendor/github.com/cyphar/filepath-securejoin/pathrs-lite/internal/fd/mount_linux.go:44}","15","11"
"bc3c37098cd40642eb987b407c0ac2e65904a5b5","MOVE","{method_declaration popPart(part string) at vendor/github.com/cyphar/filepath-securejoin/lookup_linux.go:61}","{method_declaration popPart(part string) at vendor/github.com/cyphar/filepath-securejoin/pathrs-lite/internal/gopathrs/lookup_linux.go:72}","27","27"
"bc3c37098cd40642eb987b407c0ac2e65904a5b5","MOVE","{function_declaration lookupOpenat2(root *os.File, unsafePath string, partial bool) at vendor/github.com/cyphar/filepath-securejoin/openat2_linux.go:76}","{function_declaration lookupOpenat2(root fd.Fd, unsafePath string, partial bool) at vendor/github.com/cyphar/filepath-securejoin/pathrs-lite/internal/gopathrs/openat2_linux.go:50}","10","10"
"bc3c37098cd40642eb987b407c0ac2e65904a5b5","MOVE_RENAME","{function_declaration sync_OnceValue(f func() T) at vendor/github.com/cyphar/filepath-securejoin/gocompat_generics_go121.go:26}","{function_declaration SyncOnceValue(f func() T) at vendor/github.com/cyphar/filepath-securejoin/pathrs-lite/internal/gocompat/gocompat_generics_go121.go:33}","3","3"
"bc3c37098cd40642eb987b407c0ac2e65904a5b5","MOVE_RENAME","{function_declaration wrapBaseError(baseErr, extraErr error) at vendor/github.com/cyphar/filepath-securejoin/gocompat_errors_unsupported.go:33}","{function_declaration WrapBaseError(baseErr, extraErr error) at vendor/github.com/cyphar/filepath-securejoin/pathrs-lite/internal/gocompat/gocompat_errors_unsupported.go:35}","6","6"
"bc3c37098cd40642eb987b407c0ac2e65904a5b5","MOVE_RENAME","{function_declaration checkProcSelfFdPath(path string, file *os.File) at vendor/github.com/cyphar/filepath-securejoin/procfs_linux.go:426}","{function_declaration CheckProcSelfFdPath(path string, file fd.Fd) at vendor/github.com/cyphar/filepath-securejoin/pathrs-lite/internal/procfs/procfs_linux.go:472}","13","13"
"bc3c37098cd40642eb987b407c0ac2e65904a5b5","MOVE","{function_declaration clearSlice(slice S) at vendor/github.com/cyphar/filepath-securejoin/gocompat_generics_unsupported.go:20}","{function_declaration clearSlice(slice S) at vendor/github.com/cyphar/filepath-securejoin/pathrs-lite/internal/gocompat/gocompat_generics_unsupported.go:23}","6","6"
"bc3c37098cd40642eb987b407c0ac2e65904a5b5","EXTRACT_MOVE","{function_declaration MkdirAll(root, unsafePath string, mode os.FileMode) at vendor/github.com/cyphar/filepath-securejoin/mkdir_linux.go:223}","{function_declaration MkdirAllHandle(root *os.File, unsafePath string, mode os.FileMode) at vendor/github.com/cyphar/filepath-securejoin/pathrs-lite/mkdir_purego.go:40}","14","3"
"bc3c37098cd40642eb987b407c0ac2e65904a5b5","MOVE","{method_declaration Is(target error) at vendor/github.com/cyphar/filepath-securejoin/gocompat_errors_unsupported.go:18}","{method_declaration Is(target error) at vendor/github.com/cyphar/filepath-securejoin/pathrs-lite/internal/gocompat/gocompat_errors_unsupported.go:20}","3","3"
"bc3c37098cd40642eb987b407c0ac2e65904a5b5","MOVE_RENAME","{function_declaration slices_DeleteFunc(slice S, delFn func(E) bool) at vendor/github.com/cyphar/filepath-securejoin/gocompat_generics_go121.go:14}","{function_declaration SlicesDeleteFunc(slice S, delFn func(E) bool) at vendor/github.com/cyphar/filepath-securejoin/pathrs-lite/internal/gocompat/gocompat_generics_go121.go:18}","3","3"
"bc3c37098cd40642eb987b407c0ac2e65904a5b5","MOVE_RENAME","{function_declaration fstatfs(f *os.File) at vendor/github.com/cyphar/filepath-securejoin/procfs_linux.go:27}","{function_declaration Fstatfs(fd Fd) at vendor/github.com/cyphar/filepath-securejoin/pathrs-lite/internal/fd/fd_linux.go:51}","7","8"
"bc3c37098cd40642eb987b407c0ac2e65904a5b5","MOVE","{function_declaration MkdirAllHandle(root *os.File, unsafePath string, mode os.FileMode) at vendor/github.com/cyphar/filepath-securejoin/mkdir_linux.go:69}","{function_declaration MkdirAllHandle(root *os.File, unsafePath string, mode os.FileMode) at vendor/github.com/cyphar/filepath-securejoin/pathrs-lite/internal/gopathrs/mkdir_linux.go:80}","133","133"
"bc3c37098cd40642eb987b407c0ac2e65904a5b5","CHANGE_SIGNATURE","{function_declaration runTests(t testing.TB, tests []testing.InternalTest) at vendor/github.com/stretchr/testify/suite/suite.go:232}","{function_declaration runTests(t *testing.T, tests []test) at vendor/github.com/stretchr/testify/suite/suite.go:228}","18","10"
"bc3c37098cd40642eb987b407c0ac2e65904a5b5","MOVE","{method_declaration SwapLink(linkPart string, dir *os.File, remainingPath, linkTarget string) at vendor/github.com/cyphar/filepath-securejoin/lookup_linux.go:134}","{method_declaration SwapLink(linkPart string, dir *os.File, remainingPath, linkTarget string) at vendor/github.com/cyphar/filepath-securejoin/pathrs-lite/internal/gopathrs/lookup_linux.go:145}","14","14"
"bc3c37098cd40642eb987b407c0ac2e65904a5b5","MOVE","{method_declaration String() at vendor/github.com/cyphar/filepath-securejoin/lookup_linux.go:32}","{method_declaration String() at vendor/github.com/cyphar/filepath-securejoin/pathrs-lite/internal/gopathrs/lookup_linux.go:43}","3","3"
"bc3c37098cd40642eb987b407c0ac2e65904a5b5","MOVE","{method_declaration Error() at vendor/github.com/cyphar/filepath-securejoin/gocompat_errors_unsupported.go:26}","{method_declaration Error() at vendor/github.com/cyphar/filepath-securejoin/pathrs-lite/internal/gocompat/gocompat_errors_unsupported.go:28}","3","3"
"bc3c37098cd40642eb987b407c0ac2e65904a5b5","MOVE","{method_declaration IsEmpty() at vendor/github.com/cyphar/filepath-securejoin/lookup_linux.go:42}","{method_declaration IsEmpty() at vendor/github.com/cyphar/filepath-securejoin/pathrs-lite/internal/gopathrs/lookup_linux.go:53}","3","3"
"bc3c37098cd40642eb987b407c0ac2e65904a5b5","MOVE","{method_declaration PopPart(part string) at vendor/github.com/cyphar/filepath-securejoin/lookup_linux.go:89}","{method_declaration PopPart(part string) at vendor/github.com/cyphar/filepath-securejoin/pathrs-lite/internal/gopathrs/lookup_linux.go:100}","20","20"
"bc3c37098cd40642eb987b407c0ac2e65904a5b5","MOVE_RENAME","{function_declaration slices_Clone(s S) at vendor/github.com/cyphar/filepath-securejoin/gocompat_generics_unsupported.go:61}","{function_declaration SlicesClone(s S) at vendor/github.com/cyphar/filepath-securejoin/pathrs-lite/internal/gocompat/gocompat_generics_unsupported.go:68}","7","7"
"bc3c37098cd40642eb987b407c0ac2e65904a5b5","MOVE","{function_declaration toUnixMode(mode os.FileMode) at vendor/github.com/cyphar/filepath-securejoin/mkdir_linux.go:29}","{function_declaration toUnixMode(mode os.FileMode) at vendor/github.com/cyphar/filepath-securejoin/pathrs-lite/internal/gopathrs/mkdir_linux.go:38}","21","21"
"bc3c37098cd40642eb987b407c0ac2e65904a5b5","MOVE","{function_declaration lookupInRoot(root *os.File, unsafePath string, partial bool) at vendor/github.com/cyphar/filepath-securejoin/lookup_linux.go:177}","{function_declaration lookupInRoot(root fd.Fd, unsafePath string, partial bool) at vendor/github.com/cyphar/filepath-securejoin/pathrs-lite/internal/gopathrs/lookup_linux.go:188}","212","212"
"bc3c37098cd40642eb987b407c0ac2e65904a5b5","MOVE_RENAME","{function_declaration getMountId(dir *os.File, path string) at vendor/github.com/cyphar/filepath-securejoin/procfs_linux.go:315}","{function_declaration GetMountID(dir Fd, path string) at vendor/github.com/cyphar/filepath-securejoin/pathrs-lite/internal/fd/at_linux.go:128}","24","21"
"bc3c37098cd40642eb987b407c0ac2e65904a5b5","MOVE_RENAME","{function_declaration fstat(f *os.File) at vendor/github.com/cyphar/filepath-securejoin/procfs_linux.go:19}","{function_declaration Fstat(fd Fd) at vendor/github.com/cyphar/filepath-securejoin/pathrs-lite/internal/fd/fd_linux.go:41}","7","8"
"bc3c37098cd40642eb987b407c0ac2e65904a5b5","EXTRACT_MOVE","{function_declaration OpenInRoot(root, unsafePath string) at vendor/github.com/cyphar/filepath-securejoin/open_linux.go:43}","{function_declaration OpenatInRoot(root *os.File, unsafePath string) at vendor/github.com/cyphar/filepath-securejoin/pathrs-lite/open_purego.go:23}","8","3"
"bc3c37098cd40642eb987b407c0ac2e65904a5b5","MOVE_RENAME","{function_declaration sync_OnceValues(f func() (T1, T2)) at vendor/github.com/cyphar/filepath-securejoin/gocompat_generics_go121.go:30}","{function_declaration SyncOnceValues(f func() (T1, T2)) at vendor/github.com/cyphar/filepath-securejoin/pathrs-lite/internal/gocompat/gocompat_generics_go121.go:38}","3","3"
"10f6eeb56dc988de23729ec0f64fe9e09a4fb361","EXTRACT","{function_declaration NewDaemon(ctx context.Context, config *config.Config, pluginStore *plugin.Store, authzMiddleware *authorization.Middleware) at daemon/daemon.go:805}","{function_declaration chooseDriver(ctx context.Context, cfgGraphDriver string, imgStoreChoice imageStoreChoice) at daemon/image_store_choice.go:58}","614","29"
"10f6eeb56dc988de23729ec0f64fe9e09a4fb361","EXTRACT","{function_declaration NewDaemon(ctx context.Context, config *config.Config, pluginStore *plugin.Store, authzMiddleware *authorization.Middleware) at daemon/daemon.go:805}","{function_declaration determineImageStoreChoice(cfgStore *config.Config) at daemon/image_store_choice.go:88}","614","67"
"4a3e139e3cd02ecfe2261700a5ed32b3a3deb24e","CHANGE_SIGNATURE","{function_declaration newDaemonCommand(stderr io.Writer) at daemon/command/docker.go:18}","{function_declaration newDaemonCommand() at daemon/command/docker.go:18}","49","52"
"0678de9c87e30b1a0f093d1868375a0aa71c81fa"
"922cd974911179f4eb875868b93080bb0935fc62"
"d6ceff48bfc2f20ec0700bb63abf6ac428c6a2b9"
"d0fbae6e448ec724dcd9d16f2200600c1ffd3601"
"002992418115f9efaa858a8bf5fc72d4b2f51248"
"ff019cd85398b01b1a9dbf74fbf3e15cbcd226d0"
"e509a7cefe669e4b08072c2d84f2a19b7a0962ab"
"6881ae72c721d91883b7d08e063b03446c19f047"
"c351539358b2bf83bf505fed1792f767ec370581"
"37d75fc46c9414de0ae1091211d2aa596cc7a64f","CHANGE_SIGNATURE","{function_declaration withOffsetCheck(offset int64) at vendor/github.com/containerd/containerd/v2/core/remotes/docker/resolver.go:662}","{function_declaration withOffsetCheck(offset, parallelism int64) at vendor/github.com/containerd/containerd/v2/core/remotes/docker/resolver.go:662}","30","30"
"f76f1fc013e392b1cc8f57cb38b3900f6d8a659e"
"175e4e50480f7b9efc3c852c20605687cbb7655a"
"d35d8ec81b75365c2835d6984d337b4d62e0302d"
"cc9969bfed84523a6a8370d7ad85422eb0d4c00c"
"c5aedacb4faf593f6cb03d6bc6c718f2ccc133fe"
"08cd02cab6e3e1a36fce4a6f100c682537bcf666"
"849239cedf488a291ae82c9049621062843b4bba"
"be96014740fb37d685a3790e057c4989b65f0ac5"
"d11232bad9062109ddaa94abafc176e199485b68"
"fabdccbe10e6f083b0bb2808201b8ca2c43f55f2"
"de9ab071884befb8dd0730dc6ccdd09d6cfcc8c9","RENAME","{function_declaration applyConsoleSize(req *container.ExecStartRequest, consoleSize *ConsoleSize) at vendor/github.com/moby/moby/client/container_exec.go:142}","{function_declaration getConsoleSize(hasTTY bool, consoleSize ConsoleSize) at vendor/github.com/moby/moby/client/container_exec.go:152}","9","9"
"de9ab071884befb8dd0730dc6ccdd09d6cfcc8c9","RENAME","{function_declaration applyConsoleSize(req *container.ExecStartRequest, consoleSize *ConsoleSize) at client/container_exec.go:142}","{function_declaration getConsoleSize(hasTTY bool, consoleSize ConsoleSize) at client/container_exec.go:152}","9","9"
"443b548efa096f2d887b2351b7e49a180246b604"
"ebc1dfbb64115d8d6b7b94ed85518875fb277351","RENAME","{method_declaration ImagesPrune(ctx context.Context, fltrs filters.Args) at daemon/containerd/image_prune.go:37}","{method_declaration ImagePrune(ctx context.Context, fltrs filters.Args) at daemon/containerd/image_prune.go:37}","46","46"
"ebc1dfbb64115d8d6b7b94ed85518875fb277351","RENAME","{method_declaration NetworksPrune(ctx context.Context, filterArgs filters.Args) at daemon/prune.go:172}","{method_declaration NetworkPrune(ctx context.Context, filterArgs filters.Args) at daemon/prune.go:172}","30","30"
"ebc1dfbb64115d8d6b7b94ed85518875fb277351","RENAME","{function_declaration TestNetworksPrune(t *testing.T) at client/network_prune_test.go:24}","{function_declaration TestNetworkPrune(t *testing.T) at client/network_prune_test.go:24}","66","66"
"ebc1dfbb64115d8d6b7b94ed85518875fb277351","RENAME","{method_declaration NetworksPrune(ctx context.Context, opts NetworkPruneOptions) at vendor/github.com/moby/moby/client/network_prune.go:23}","{method_declaration NetworkPrune(ctx context.Context, opts NetworkPruneOptions) at client/network_prune.go:23}","17","17"
"ebc1dfbb64115d8d6b7b94ed85518875fb277351","RENAME","{method_declaration localNetworksPrune(ctx context.Context, pruneFilters dnetwork.Filter) at daemon/prune.go:94}","{method_declaration localNetworkPrune(ctx context.Context, pruneFilters dnetwork.Filter) at daemon/prune.go:94}","32","32"
"ebc1dfbb64115d8d6b7b94ed85518875fb277351","RENAME","{method_declaration VolumesPrune(ctx context.Context, options VolumePruneOptions) at vendor/github.com/moby/moby/client/volume_prune.go:29}","{method_declaration VolumePrune(ctx context.Context, options VolumePruneOptions) at vendor/github.com/moby/moby/client/volume_prune.go:29}","27","27"
"ebc1dfbb64115d8d6b7b94ed85518875fb277351","RENAME","{method_declaration NetworksPrune(ctx context.Context, opts NetworkPruneOptions) at client/network_prune.go:23}","{method_declaration NetworkPrune(ctx context.Context, opts NetworkPruneOptions) at vendor/github.com/moby/moby/client/network_prune.go:23}","17","17"
"ebc1dfbb64115d8d6b7b94ed85518875fb277351","RENAME","{method_declaration clusterNetworksPrune(ctx context.Context, pruneFilters dnetwork.Filter) at daemon/prune.go:130}","{method_declaration clusterNetworkPrune(ctx context.Context, pruneFilters dnetwork.Filter) at daemon/prune.go:130}","40","40"
"ebc1dfbb64115d8d6b7b94ed85518875fb277351","RENAME","{method_declaration VolumesPrune(ctx context.Context, options VolumePruneOptions) at client/volume_prune.go:29}","{method_declaration VolumePrune(ctx context.Context, options VolumePruneOptions) at client/volume_prune.go:29}","27","27"
"ebc1dfbb64115d8d6b7b94ed85518875fb277351","RENAME","{method_declaration ContainersPrune(ctx context.Context, opts ContainerPruneOptions) at client/container_prune.go:23}","{method_declaration ContainerPrune(ctx context.Context, opts ContainerPruneOptions) at client/container_prune.go:23}","17","17"
"ebc1dfbb64115d8d6b7b94ed85518875fb277351","RENAME","{function_declaration TestNetworksPruneError(t *testing.T) at client/network_prune_test.go:14}","{function_declaration TestNetworkPruneError(t *testing.T) at client/network_prune_test.go:14}","9","9"
"ebc1dfbb64115d8d6b7b94ed85518875fb277351","RENAME","{method_declaration ImagesPrune(ctx context.Context, pruneFilters filters.Args) at daemon/images/image_prune.go:35}","{method_declaration ImagePrune(ctx context.Context, pruneFilters filters.Args) at daemon/images/image_prune.go:35}","125","125"
"ebc1dfbb64115d8d6b7b94ed85518875fb277351","RENAME","{function_declaration TestContainersPrune(t *testing.T) at client/container_prune_test.go:22}","{function_declaration TestContainerPrune(t *testing.T) at client/container_prune_test.go:22}","76","76"
"ebc1dfbb64115d8d6b7b94ed85518875fb277351","RENAME","{method_declaration ContainersPrune(ctx context.Context, opts ContainerPruneOptions) at vendor/github.com/moby/moby/client/container_prune.go:23}","{method_declaration ContainerPrune(ctx context.Context, opts ContainerPruneOptions) at vendor/github.com/moby/moby/client/container_prune.go:23}","17","17"
"ebc1dfbb64115d8d6b7b94ed85518875fb277351","RENAME","{method_declaration ImagesPrune(ctx context.Context, opts ImagePruneOptions) at client/image_prune.go:23}","{method_declaration ImagePrune(ctx context.Context, opts ImagePruneOptions) at client/image_prune.go:23}","17","17"
"ebc1dfbb64115d8d6b7b94ed85518875fb277351","RENAME","{function_declaration TestContainersPruneError(t *testing.T) at client/container_prune_test.go:14}","{function_declaration TestContainerPruneError(t *testing.T) at client/container_prune_test.go:14}","7","7"
"ebc1dfbb64115d8d6b7b94ed85518875fb277351","RENAME","{function_declaration TestImagesPrune(t *testing.T) at client/image_prune_test.go:23}","{function_declaration TestImagePrune(t *testing.T) at client/image_prune_test.go:23}","69","69"
"ebc1dfbb64115d8d6b7b94ed85518875fb277351","RENAME","{function_declaration TestImagesPruneError(t *testing.T) at client/image_prune_test.go:15}","{function_declaration TestImagePruneError(t *testing.T) at client/image_prune_test.go:15}","7","7"
"ebc1dfbb64115d8d6b7b94ed85518875fb277351","RENAME","{method_declaration ImagesPrune(ctx context.Context, opts ImagePruneOptions) at vendor/github.com/moby/moby/client/image_prune.go:23}","{method_declaration ImagePrune(ctx context.Context, opts ImagePruneOptions) at vendor/github.com/moby/moby/client/image_prune.go:23}","17","17"
"ebc1dfbb64115d8d6b7b94ed85518875fb277351","RENAME","{method_declaration postNetworksPrune(ctx context.Context, w http.ResponseWriter, r *http.Request, vars map[string]string) at daemon/server/router/network/network_routes.go:337}","{method_declaration postNetworkPrune(ctx context.Context, w http.ResponseWriter, r *http.Request, vars map[string]string) at daemon/server/router/network/network_routes.go:337}","16","16"
"ebc1dfbb64115d8d6b7b94ed85518875fb277351","RENAME","{method_declaration ContainersPrune(ctx context.Context, pruneFilters filters.Args) at daemon/prune.go:35}","{method_declaration ContainerPrune(ctx context.Context, pruneFilters filters.Args) at daemon/prune.go:35}","57","57"
"52a917d48a669003fc91997073ffd981eaaf72bc"
"39ccd04ca8dc023d723a4b9221589c781a9fce40"
"39f2dbffa1456604a840032fd519227ca2e041d4"
"d299e5be837563ed89a865ec9b71236ba20c2f73","CHANGE_SIGNATURE","{function_declaration setUpdateOrder(order string) at integration-cli/docker_api_swarm_test.go:681}","{function_declaration setUpdateOrder(order swarm.UpdateOrder) at integration-cli/docker_api_swarm_test.go:681}","8","8"
"d299e5be837563ed89a865ec9b71236ba20c2f73","CHANGE_SIGNATURE","{function_declaration setRollbackOrder(order string) at integration-cli/docker_api_swarm_test.go:690}","{function_declaration setRollbackOrder(order swarm.UpdateOrder) at integration-cli/docker_api_swarm_test.go:690}","8","8"
"b552b8b729390ddf761e73dc3bd4eaca8312f1a6","CHANGE_SIGNATURE","{function_declaration setFailureAction(failureAction string) at integration-cli/docker_api_swarm_test.go:708}","{function_declaration setFailureAction(failureAction swarm.FailureAction) at integration-cli/docker_api_swarm_test.go:708}","5","5"
"47edd80d978006b5416c73b7a0a211cfedc1bf7b"
"35f6a780829fca1d3ef49ff96a0b3031462faeed"
"5ad71c5ddf6e0dc1a47d4b7adfaa263d65898a9e"
"3a105f4e0c9876d4fa60b742ba7c42de68f0959c"
"a69abdd90db3fc471c975d7cd9146d3c5ec6d30b","CHANGE_SIGNATURE","{method_declaration localVolumesSize(ctx context.Context) at daemon/disk_usage.go:73}","{method_declaration localVolumesSize(ctx context.Context, verbose bool) at daemon/disk_usage.go:110}","20","30"
"a69abdd90db3fc471c975d7cd9146d3c5ec6d30b","CHANGE_SIGNATURE","{method_declaration containerDiskUsage(ctx context.Context) at daemon/disk_usage.go:18}","{method_declaration containerDiskUsage(ctx context.Context, verbose bool) at daemon/disk_usage.go:17}","34","44"
"2af22d3512d1bf1eede140fbe0df8adf168047bf"
"dc22f2c8bfd1fa034d3330aabc79b26257d7bee6"
"5c8a9b7b9e2d61ce0218eaa9156ded3ec12e7196"
"7dc9d39ca1d6cc7bc3d7879a21718a65ed4c8bcb"
"8d0b09c722fb501afc88a4be74f535f78517b722"
"0257c642c7de811473e054f1aa734b35b444eccb"
"5bfc628e97eae732fc19ba4957c7041171e81ed4"
"5fc866fbfd9c0e55e9a7499fa842785e6d5f62a3"
"1051c7f89ed4acfa22806f8ab8f7c83e5ef17fb6"
"b30eb86b31c46045a52378be00efe07c9f70aa10"
"668b546d2ca068959105afe1abf9894892d1b4cb"
"31f7f62d6cd979419c6a7aca89aff6b9ff34faab"
"9b749d7c85d47d8a3481cc5450b66b663b4a5e7c"
"b6dab24a4351754d77519fbc3bc5170a8ad1e062"
"76b1d304e41997bdf34ff2085bbd0753f68ecad7"
"5369540dd28c2c702a8bbd146406c921de6782e2"
"9b8419f6ed7db425318ae070971155ad076f4c33"
"3d772829ba441ffa16d34e2b7a0e0269c676e9b3"
"93c273dc116bfb9c4c981a5481ea48c9568b22f0"
"56bd45669498e3b95e47e155d05414a632090687"
"1e56b87f7fa76a24a967652b585866a52bfc26df"
"73455ce01ac927bf2332dfb13533f00f5c223279"
"fd1593c067a7063ed24919626cdff4eca954ad90"
"6aea8c2591d40c96d90a2da0a1d499799cdcabad"
"4bcd446f0344ffe933c66cc8af20b200395dd5f6"
"a087d03e0c3ff87d10c681f2cdd0ec2ba7084445"
"12c9de37e9ea6fc2f2fb752fb9d3fe387d3dd06a","CHANGE_SIGNATURE","{method_declaration fillRootlessVersion(ctx context.Context, v *types.Version) at daemon/info_unix.go:218}","{method_declaration fillRootlessVersion(ctx context.Context, v *system.VersionResponse) at daemon/info_unix.go:217}","85","85"
"12c9de37e9ea6fc2f2fb752fb9d3fe387d3dd06a","CHANGE_SIGNATURE","{method_declaration fillPlatformVersion(ctx context.Context, v *types.Version, cfg *configStore) at daemon/info_unix.go:161}","{method_declaration fillPlatformVersion(ctx context.Context, v *system.VersionResponse, cfg *configStore) at daemon/info_unix.go:160}","21","21"
"12c9de37e9ea6fc2f2fb752fb9d3fe387d3dd06a","CHANGE_SIGNATURE","{function_declaration populateInitVersion(ctx context.Context, cfg *configStore, v *types.Version) at daemon/info_unix.go:466}","{function_declaration populateInitVersion(ctx context.Context, cfg *configStore, v *system.VersionResponse) at daemon/info_unix.go:465}","30","30"
"12c9de37e9ea6fc2f2fb752fb9d3fe387d3dd06a","CHANGE_SIGNATURE","{method_declaration fillPlatformVersion(ctx context.Context, v *types.Version, cfg *configStore) at daemon/info_windows.go:21}","{method_declaration fillPlatformVersion(ctx context.Context, v *system.VersionResponse, cfg *configStore) at daemon/info_windows.go:20}","3","3"
"12c9de37e9ea6fc2f2fb752fb9d3fe387d3dd06a","CHANGE_SIGNATURE","{function_declaration populateRuncVersion(cfg *configStore, v *types.Version) at daemon/info_unix.go:451}","{function_declaration populateRuncVersion(cfg *configStore, v *system.VersionResponse) at daemon/info_unix.go:450}","14","14"
"12c9de37e9ea6fc2f2fb752fb9d3fe387d3dd06a","CHANGE_SIGNATURE","{method_declaration populateContainerdVersion(ctx context.Context, v *types.Version) at daemon/info_unix.go:431}","{method_declaration populateContainerdVersion(ctx context.Context, v *system.VersionResponse) at daemon/info_unix.go:430}","19","19"
"3d28cb8bbd724a849d23a2651e77515bd31c58b8"
"ebe464ea4563fc61b2fd49ddd7dc32fe8039fa80"
"22c037982cd13e31a5a07cc9978ede6d9763d1a1"
"19f4c27d81c2268d29f7f309b0b5aded9aeae2bf","CHANGE_SIGNATURE","{function_declaration handleMACAddressBC(hostConfig *container.HostConfig, networkingConfig *network.NetworkingConfig, version string, deprecatedMacAddress string) at daemon/server/router/container/container_routes.go:748}","{function_declaration handleMACAddressBC(hostConfig *container.HostConfig, networkingConfig *network.NetworkingConfig, version string, deprecatedMacAddress network.HardwareAddr) at daemon/server/router/container/container_routes.go:749}","50","50"
"433023a03d0f46255d1e69a965f2a402f5f53348"
"d1f70d4f5468e5d3a8171d25d6fb356b7cbddba0","EXTRACT","{function_declaration NewClientWithOpts(ops ...Opt) at client/client.go:177}","{function_declaration New(ops ...Opt) at client/client.go:184}","55","55"
"d1f70d4f5468e5d3a8171d25d6fb356b7cbddba0","EXTRACT","{function_declaration NewClientWithOpts(ops ...Opt) at vendor/github.com/moby/moby/client/client.go:177}","{function_declaration New(ops ...Opt) at client/client.go:184}","55","55"
"d1f70d4f5468e5d3a8171d25d6fb356b7cbddba0","EXTRACT","{function_declaration NewClientWithOpts(ops ...Opt) at vendor/github.com/moby/moby/client/client.go:177}","{function_declaration New(ops ...Opt) at vendor/github.com/moby/moby/client/client.go:184}","55","55"
"d1f70d4f5468e5d3a8171d25d6fb356b7cbddba0","EXTRACT","{function_declaration NewClientWithOpts(ops ...Opt) at client/client.go:177}","{function_declaration New(ops ...Opt) at vendor/github.com/moby/moby/client/client.go:184}","55","55"
"d1f70d4f5468e5d3a8171d25d6fb356b7cbddba0","RENAME","{function_declaration ExampleNewClientWithOpts() at client/client_example_test.go:11}","{function_declaration ExampleNew() at client/client_example_test.go:11}","24","24"
"137adde33de92c2d2e7485373f10d0fce5679ebf"
"860307c4ea5349514a8a3f25decd3e027a16d4ee"
"6c042389a31a8af0110e6d730179ef02e7118e6c"
"e8e7f1a5008d23291ecb0e82ef3f513c7fd54571"
"af40d2bfedb6c336e35ad637cbaf7b94a3e2db60","RENAME","{function_declaration baseTransport() at vendor/cloud.google.com/go/auth/internal/transport/transport.go:89}","{function_declaration BaseTransport() at vendor/cloud.google.com/go/auth/internal/transport/transport.go:91}","15","15"
"15a1256f218841b566a81269f6a76efc1478d6bc","CHANGE_SIGNATURE","{method_declaration wait(ctx context.Context, resp proto.Message, bo *gax.Backoff, sl sleeper, opts ...gax.CallOption) at vendor/cloud.google.com/go/longrunning/longrunning.go:148}","{method_declaration wait(ctx context.Context, resp protoadapt.MessageV1, bo *gax.Backoff, sl sleeper, opts ...gax.CallOption) at vendor/cloud.google.com/go/longrunning/longrunning.go:151}","13","13"
"15a1256f218841b566a81269f6a76efc1478d6bc","CHANGE_SIGNATURE","{function_declaration NewServerCreds(s2av2Address string, transportCreds credentials.TransportCredentials, localIdentities []*commonpbv1.Identity, verificationMode s2av2pb.ValidatePeerCertificateChainReq_VerificationMode, getS2AStream func(ctx context.Context, s2av2Address string) (stream.S2AStream, error)) at vendor/github.com/google/s2a-go/internal/v2/s2av2.go:104}","{function_declaration NewServerCreds(s2av2Address string, transportCreds credentials.TransportCredentials, localIdentities []*commonpb.Identity, verificationMode s2av2pb.ValidatePeerCertificateChainReq_VerificationMode, getS2AStream func(ctx context.Context, s2av2Address string) (stream.S2AStream, error)) at vendor/github.com/google/s2a-go/internal/v2/s2av2.go:104}","24","24"
"15a1256f218841b566a81269f6a76efc1478d6bc","CHANGE_SIGNATURE","{method_declaration WaitWithInterval(ctx context.Context, resp proto.Message, interval time.Duration, opts ...gax.CallOption) at vendor/cloud.google.com/go/longrunning/longrunning.go:134}","{method_declaration WaitWithInterval(ctx context.Context, resp protoadapt.MessageV1, interval time.Duration, opts ...gax.CallOption) at vendor/cloud.google.com/go/longrunning/longrunning.go:137}","10","10"
"15a1256f218841b566a81269f6a76efc1478d6bc","EXTRACT","{method_declaration Descriptor() at vendor/github.com/google/s2a-go/internal/proto/common_go_proto/common.pb.go:183}","{method_declaration Descriptor() at vendor/github.com/google/s2a-go/internal/proto/common_go_proto/common.pb.go:183}","3","3"
"15a1256f218841b566a81269f6a76efc1478d6bc","CHANGE_SIGNATURE","{method_declaration Wait(ctx context.Context, resp proto.Message, opts ...gax.CallOption) at vendor/cloud.google.com/go/longrunning/longrunning.go:124}","{method_declaration Wait(ctx context.Context, resp protoadapt.MessageV1, opts ...gax.CallOption) at vendor/cloud.google.com/go/longrunning/longrunning.go:127}","3","3"
"15a1256f218841b566a81269f6a76efc1478d6bc","CHANGE_SIGNATURE","{method_declaration Poll(ctx context.Context, resp proto.Message, opts ...gax.CallOption) at vendor/cloud.google.com/go/longrunning/longrunning.go:94}","{method_declaration Poll(ctx context.Context, resp protoadapt.MessageV1, opts ...gax.CallOption) at vendor/cloud.google.com/go/longrunning/longrunning.go:96}","25","26"
"15a1256f218841b566a81269f6a76efc1478d6bc","EXTRACT_MOVE","{method_declaration Close() at vendor/github.com/google/s2a-go/internal/record/record.go:502}","{method_declaration Close() at vendor/google.golang.org/api/transport/grpc/pool.go:107}","14","3"
"15a1256f218841b566a81269f6a76efc1478d6bc","CHANGE_SIGNATURE","{function_declaration getAuthMechanisms(tokenManager tokenmanager.AccessTokenManager, localIdentities []*commonpbv1.Identity) at vendor/github.com/google/s2a-go/internal/v2/tlsconfigstore/tlsconfigstore.go:286}","{function_declaration getAuthMechanisms(tokenManager tokenmanager.AccessTokenManager, localIdentities []*commonpb.Identity) at vendor/github.com/google/s2a-go/internal/v2/tlsconfigstore/tlsconfigstore.go:285}","48","48"
"15a1256f218841b566a81269f6a76efc1478d6bc","CHANGE_SIGNATURE","{function_declaration ClientConfig(tokenManager tokenmanager.AccessTokenManager, localIdentities []*commonpbv1.Identity, verificationMode s2av2pb.ValidatePeerCertificateChainReq_VerificationMode, s2AStream stream.S2AStream) at vendor/github.com/google/s2a-go/internal/v2/tlsconfigstore/tlsconfigstore.go:139}","{function_declaration ClientConfig(tokenManager tokenmanager.AccessTokenManager, localIdentities []*commonpb.Identity, verificationMode s2av2pb.ValidatePeerCertificateChainReq_VerificationMode, s2AStream stream.S2AStream) at vendor/github.com/google/s2a-go/internal/v2/tlsconfigstore/tlsconfigstore.go:138}","52","52"
"15a1256f218841b566a81269f6a76efc1478d6bc","CHANGE_SIGNATURE","{function_declaration getServerConfigFromS2Av2(tokenManager tokenmanager.AccessTokenManager, localIdentities []*commonpbv1.Identity, sni string, s2AStream stream.S2AStream) at vendor/github.com/google/s2a-go/internal/v2/tlsconfigstore/tlsconfigstore.go:222}","{function_declaration getServerConfigFromS2Av2(tokenManager tokenmanager.AccessTokenManager, localIdentities []*commonpb.Identity, sni string, s2AStream stream.S2AStream) at vendor/github.com/google/s2a-go/internal/v2/tlsconfigstore/tlsconfigstore.go:221}","32","32"
"15a1256f218841b566a81269f6a76efc1478d6bc","CHANGE_SIGNATURE","{function_declaration NewClientCreds(s2av2Address string, transportCreds credentials.TransportCredentials, localIdentity *commonpbv1.Identity, verificationMode s2av2pb.ValidatePeerCertificateChainReq_VerificationMode, fallbackClientHandshakeFunc fallback.ClientHandshake, getS2AStream func(ctx context.Context, s2av2Address string) (stream.S2AStream, error), serverAuthorizationPolicy []byte) at vendor/github.com/google/s2a-go/internal/v2/s2av2.go:73}","{function_declaration NewClientCreds(s2av2Address string, transportCreds credentials.TransportCredentials, localIdentity *commonpb.Identity, verificationMode s2av2pb.ValidatePeerCertificateChainReq_VerificationMode, fallbackClientHandshakeFunc fallback.ClientHandshake, getS2AStream func(ctx context.Context, s2av2Address string) (stream.S2AStream, error), serverAuthorizationPolicy []byte) at vendor/github.com/google/s2a-go/internal/v2/s2av2.go:73}","28","28"
"15a1256f218841b566a81269f6a76efc1478d6bc","CHANGE_SIGNATURE","{function_declaration GetTLSConfigurationForClient(serverHostname string, s2AStream stream.S2AStream, tokenManager tokenmanager.AccessTokenManager, localIdentity *commonpbv1.Identity, verificationMode s2av2pb.ValidatePeerCertificateChainReq_VerificationMode, serverAuthorizationPolicy []byte) at vendor/github.com/google/s2a-go/internal/v2/tlsconfigstore/tlsconfigstore.go:47}","{function_declaration GetTLSConfigurationForClient(serverHostname string, s2AStream stream.S2AStream, tokenManager tokenmanager.AccessTokenManager, localIdentity *commonpb.Identity, verificationMode s2av2pb.ValidatePeerCertificateChainReq_VerificationMode, serverAuthorizationPolicy []byte) at vendor/github.com/google/s2a-go/internal/v2/tlsconfigstore/tlsconfigstore.go:46}","80","80"
"15a1256f218841b566a81269f6a76efc1478d6bc","CHANGE_SIGNATURE","{function_declaration GetTLSConfigurationForServer(s2AStream stream.S2AStream, tokenManager tokenmanager.AccessTokenManager, localIdentities []*commonpbv1.Identity, verificationMode s2av2pb.ValidatePeerCertificateChainReq_VerificationMode) at vendor/github.com/google/s2a-go/internal/v2/tlsconfigstore/tlsconfigstore.go:129}","{function_declaration GetTLSConfigurationForServer(s2AStream stream.S2AStream, tokenManager tokenmanager.AccessTokenManager, localIdentities []*commonpb.Identity, verificationMode s2av2pb.ValidatePeerCertificateChainReq_VerificationMode) at vendor/github.com/google/s2a-go/internal/v2/tlsconfigstore/tlsconfigstore.go:128}","5","5"
"88cbd467f64705cc4bd1bacbc8b1865ef0108de3","EXTRACT","{function_declaration OnGCE() at vendor/cloud.google.com/go/compute/metadata/metadata.go:119}","{function_declaration OnGCEWithContext(ctx context.Context) at vendor/cloud.google.com/go/compute/metadata/metadata.go:127}","4","6"
"a5c0f152a7e19b3b9c3c445900b7cb358135cc36"
"0eba2989e06441eaf3615199d7c70d279bf322e2"
"6cf02b5cbaf9d96c66869b74e7216c192b867c69"
"3c62b06de29b54150ec6dc94b616122847e6f95a"
"90e7232c8e15d740db0211317a198d70a73fcc5b"
"1cc2ab16ce6f1350658c7625baff08e48bbfe29b","CHANGE_SIGNATURE","{method_declaration CopyFromContainer(ctx context.Context, containerID, srcPath string) at client/container_copy.go:72}","{method_declaration CopyFromContainer(ctx context.Context, containerID string, options CopyFromContainerOptions) at client/container_copy.go:97}","26","27"
"1cc2ab16ce6f1350658c7625baff08e48bbfe29b","CHANGE_SIGNATURE","{method_declaration ContainerStatPath(ctx context.Context, containerID, path string) at client/container_copy.go:18}","{method_declaration ContainerStatPath(ctx context.Context, containerID string, options ContainerStatPathOptions) at vendor/github.com/moby/moby/client/container_copy.go:26}","16","20"
"1cc2ab16ce6f1350658c7625baff08e48bbfe29b","CHANGE_SIGNATURE","{method_declaration CopyToContainer(ctx context.Context, containerID, dstPath string, content io.Reader, options CopyToContainerOptions) at vendor/github.com/moby/moby/client/container_copy.go:44}","{method_declaration CopyToContainer(ctx context.Context, containerID string, options CopyToContainerOptions) at client/container_copy.go:60}","25","25"
"1cc2ab16ce6f1350658c7625baff08e48bbfe29b","CHANGE_SIGNATURE","{method_declaration CopyToContainer(ctx context.Context, containerID, dstPath string, content io.Reader, options CopyToContainerOptions) at client/container_copy.go:44}","{method_declaration CopyToContainer(ctx context.Context, containerID string, options CopyToContainerOptions) at vendor/github.com/moby/moby/client/container_copy.go:60}","25","25"
"1cc2ab16ce6f1350658c7625baff08e48bbfe29b","CHANGE_SIGNATURE","{method_declaration CopyFromContainer(ctx context.Context, containerID, srcPath string) at vendor/github.com/moby/moby/client/container_copy.go:72}","{method_declaration CopyFromContainer(ctx context.Context, containerID string, options CopyFromContainerOptions) at vendor/github.com/moby/moby/client/container_copy.go:97}","26","27"
"1cc2ab16ce6f1350658c7625baff08e48bbfe29b","CHANGE_SIGNATURE","{method_declaration ContainerStatPath(ctx context.Context, containerID, path string) at vendor/github.com/moby/moby/client/container_copy.go:18}","{method_declaration ContainerStatPath(ctx context.Context, containerID string, options ContainerStatPathOptions) at client/container_copy.go:26}","16","20"
"38d703ff6f3f29bd8db6dd7a3b93091c5cfde336","CHANGE_SIGNATURE","{method_declaration ContainerUpdate(ctx context.Context, containerID string, updateConfig container.UpdateConfig) at vendor/github.com/moby/moby/client/container_update.go:11}","{method_declaration ContainerUpdate(ctx context.Context, containerID string, options ContainerUpdateOptions) at vendor/github.com/moby/moby/client/container_update.go:23}","16","24"
"38d703ff6f3f29bd8db6dd7a3b93091c5cfde336","CHANGE_SIGNATURE","{method_declaration ContainerUpdate(ctx context.Context, containerID string, updateConfig container.UpdateConfig) at client/container_update.go:11}","{method_declaration ContainerUpdate(ctx context.Context, containerID string, options ContainerUpdateOptions) at client/container_update.go:23}","16","24"
"e9f28e2a411ebf5ceb4bb4de26262719926e04f6","CHANGE_SIGNATURE","{function_declaration testIpvlanSubinterface(t *testing.T, ctx context.Context, client dclient.APIClient) at integration/network/ipvlan/ipvlan_test.go:115}","{function_declaration testIpvlanSubinterface(t *testing.T, ctx context.Context, apiClient client.APIClient) at integration/network/ipvlan/ipvlan_test.go:115}","19","19"
"e9f28e2a411ebf5ceb4bb4de26262719926e04f6","CHANGE_SIGNATURE","{method_declaration NetworkDisconnect(ctx context.Context, networkID, containerID string, force bool) at vendor/github.com/moby/moby/client/network_disconnect.go:10}","{method_declaration NetworkDisconnect(ctx context.Context, networkID string, options NetworkDisconnectOptions) at vendor/github.com/moby/moby/client/network_disconnect.go:22}","19","19"
"e9f28e2a411ebf5ceb4bb4de26262719926e04f6","CHANGE_SIGNATURE","{function_declaration testIpvlanL2MultiSubnetWithParent(t *testing.T, ctx context.Context, client dclient.APIClient) at integration/network/ipvlan/ipvlan_test.go:237}","{function_declaration testIpvlanL2MultiSubnetWithParent(t *testing.T, ctx context.Context, apiClient client.APIClient) at integration/network/ipvlan/ipvlan_test.go:237}","6","6"
"e9f28e2a411ebf5ceb4bb4de26262719926e04f6","CHANGE_SIGNATURE","{function_declaration testIpvlanL2NilParent(t *testing.T, ctx context.Context, client dclient.APIClient) at integration/network/ipvlan/ipvlan_test.go:156}","{function_declaration testIpvlanL2NilParent(t *testing.T, ctx context.Context, apiClient client.APIClient) at integration/network/ipvlan/ipvlan_test.go:156}","14","14"
"e9f28e2a411ebf5ceb4bb4de26262719926e04f6","CHANGE_SIGNATURE","{function_declaration testIpvlanL2MultiSubnet(t *testing.T, ctx context.Context, apiClient dclient.APIClient, parent string) at integration/network/ipvlan/ipvlan_test.go:248}","{function_declaration testIpvlanL2MultiSubnet(t *testing.T, ctx context.Context, apiClient client.APIClient, parent string) at integration/network/ipvlan/ipvlan_test.go:248}","69","69"
"e9f28e2a411ebf5ceb4bb4de26262719926e04f6","CHANGE_SIGNATURE","{function_declaration testMacvlanOverlapDeleteCreatedSecond(t *testing.T, ctx context.Context, client client.APIClient) at integration/network/macvlan/macvlan_test.go:204}","{function_declaration testMacvlanOverlapDeleteCreatedSecond(t *testing.T, ctx context.Context, apiClient client.APIClient) at integration/network/macvlan/macvlan_test.go:204}","34","34"
"e9f28e2a411ebf5ceb4bb4de26262719926e04f6","CHANGE_SIGNATURE","{function_declaration testIpvlanL3NilParent(t *testing.T, ctx context.Context, client dclient.APIClient) at integration/network/ipvlan/ipvlan_test.go:189}","{function_declaration testIpvlanL3NilParent(t *testing.T, ctx context.Context, apiClient client.APIClient) at integration/network/ipvlan/ipvlan_test.go:189}","21","21"
"e9f28e2a411ebf5ceb4bb4de26262719926e04f6","CHANGE_SIGNATURE","{function_declaration testMacvlanOverlapParent(t *testing.T, ctx context.Context, client client.APIClient) at integration/network/macvlan/macvlan_test.go:113}","{function_declaration testMacvlanOverlapParent(t *testing.T, ctx context.Context, apiClient client.APIClient) at integration/network/macvlan/macvlan_test.go:113}","36","36"
"e9f28e2a411ebf5ceb4bb4de26262719926e04f6","CHANGE_SIGNATURE","{function_declaration testMacvlanOverlapParentPassthruFirst(t *testing.T, ctx context.Context, client client.APIClient) at integration/network/macvlan/macvlan_test.go:150}","{function_declaration testMacvlanOverlapParentPassthruFirst(t *testing.T, ctx context.Context, apiClient client.APIClient) at integration/network/macvlan/macvlan_test.go:150}","26","26"
"e9f28e2a411ebf5ceb4bb4de26262719926e04f6","CHANGE_SIGNATURE","{method_declaration NetworkRemove(ctx context.Context, networkID string) at vendor/github.com/moby/moby/client/network_remove.go:6}","{method_declaration NetworkRemove(ctx context.Context, networkID string, options NetworkRemoveOptions) at vendor/github.com/moby/moby/client/network_remove.go:18}","9","9"
"e9f28e2a411ebf5ceb4bb4de26262719926e04f6","CHANGE_SIGNATURE","{function_declaration testIpvlanL3InternalMode(t *testing.T, ctx context.Context, client dclient.APIClient) at integration/network/ipvlan/ipvlan_test.go:211}","{function_declaration testIpvlanL3InternalMode(t *testing.T, ctx context.Context, apiClient client.APIClient) at integration/network/ipvlan/ipvlan_test.go:211}","25","25"
"e9f28e2a411ebf5ceb4bb4de26262719926e04f6","CHANGE_SIGNATURE","{function_declaration testMacvlanSubinterface(t *testing.T, ctx context.Context, client client.APIClient) at integration/network/macvlan/macvlan_test.go:267}","{function_declaration testMacvlanSubinterface(t *testing.T, ctx context.Context, apiClient client.APIClient) at integration/network/macvlan/macvlan_test.go:267}","22","22"
"e9f28e2a411ebf5ceb4bb4de26262719926e04f6","CHANGE_SIGNATURE","{function_declaration testMacvlanOverlapKeepExisting(t *testing.T, ctx context.Context, client client.APIClient) at integration/network/macvlan/macvlan_test.go:239}","{function_declaration testMacvlanOverlapKeepExisting(t *testing.T, ctx context.Context, apiClient client.APIClient) at integration/network/macvlan/macvlan_test.go:239}","27","27"
"e9f28e2a411ebf5ceb4bb4de26262719926e04f6","CHANGE_SIGNATURE","{method_declaration NetworkConnect(ctx context.Context, networkID, containerID string, config *network.EndpointSettings) at client/network_connect.go:10}","{method_declaration NetworkConnect(ctx context.Context, networkID string, options NetworkConnectOptions) at client/network_connect.go:22}","19","19"
"e9f28e2a411ebf5ceb4bb4de26262719926e04f6","CHANGE_SIGNATURE","{function_declaration testIpvlanL2MultiSubnetNoParent(t *testing.T, ctx context.Context, client dclient.APIClient) at integration/network/ipvlan/ipvlan_test.go:244}","{function_declaration testIpvlanL2MultiSubnetNoParent(t *testing.T, ctx context.Context, apiClient client.APIClient) at integration/network/ipvlan/ipvlan_test.go:244}","3","3"
"e9f28e2a411ebf5ceb4bb4de26262719926e04f6","CHANGE_SIGNATURE","{function_declaration testMacvlanOverlapParentPassthruSecond(t *testing.T, ctx context.Context, client client.APIClient) at integration/network/macvlan/macvlan_test.go:177}","{function_declaration testMacvlanOverlapParentPassthruSecond(t *testing.T, ctx context.Context, apiClient client.APIClient) at integration/network/macvlan/macvlan_test.go:177}","26","26"
"e9f28e2a411ebf5ceb4bb4de26262719926e04f6","CHANGE_SIGNATURE","{method_declaration NetworkDisconnect(ctx context.Context, networkID, containerID string, force bool) at client/network_disconnect.go:10}","{method_declaration NetworkDisconnect(ctx context.Context, networkID string, options NetworkDisconnectOptions) at client/network_disconnect.go:22}","19","19"
"e9f28e2a411ebf5ceb4bb4de26262719926e04f6","CHANGE_SIGNATURE","{method_declaration NetworkRemove(ctx context.Context, networkID string) at client/network_remove.go:6}","{method_declaration NetworkRemove(ctx context.Context, networkID string, options NetworkRemoveOptions) at client/network_remove.go:18}","9","9"
"e9f28e2a411ebf5ceb4bb4de26262719926e04f6","CHANGE_SIGNATURE","{method_declaration NetworkConnect(ctx context.Context, networkID, containerID string, config *network.EndpointSettings) at vendor/github.com/moby/moby/client/network_connect.go:10}","{method_declaration NetworkConnect(ctx context.Context, networkID string, options NetworkConnectOptions) at vendor/github.com/moby/moby/client/network_connect.go:22}","19","19"
"e9f28e2a411ebf5ceb4bb4de26262719926e04f6","CHANGE_SIGNATURE","{function_declaration testIpvlanL2Addressing(t *testing.T, ctx context.Context, client dclient.APIClient) at integration/network/ipvlan/ipvlan_test.go:384}","{function_declaration testIpvlanL2Addressing(t *testing.T, ctx context.Context, apiClient client.APIClient) at integration/network/ipvlan/ipvlan_test.go:384}","27","27"
"e9f28e2a411ebf5ceb4bb4de26262719926e04f6","CHANGE_SIGNATURE","{function_declaration testIpvlanOverlapParent(t *testing.T, ctx context.Context, client dclient.APIClient) at integration/network/ipvlan/ipvlan_test.go:135}","{function_declaration testIpvlanOverlapParent(t *testing.T, ctx context.Context, client client.APIClient) at integration/network/ipvlan/ipvlan_test.go:135}","20","20"
"e9f28e2a411ebf5ceb4bb4de26262719926e04f6","CHANGE_SIGNATURE","{function_declaration testIpvlanL2InternalMode(t *testing.T, ctx context.Context, client dclient.APIClient) at integration/network/ipvlan/ipvlan_test.go:171}","{function_declaration testIpvlanL2InternalMode(t *testing.T, ctx context.Context, apiClient client.APIClient) at integration/network/ipvlan/ipvlan_test.go:171}","17","17"
"e9f28e2a411ebf5ceb4bb4de26262719926e04f6","CHANGE_SIGNATURE","{function_declaration testIpvlanL3MultiSubnet(t *testing.T, ctx context.Context, client dclient.APIClient) at integration/network/ipvlan/ipvlan_test.go:318}","{function_declaration testIpvlanL3MultiSubnet(t *testing.T, ctx context.Context, apiClient client.APIClient) at integration/network/ipvlan/ipvlan_test.go:318}","63","63"
"e9f28e2a411ebf5ceb4bb4de26262719926e04f6","CHANGE_SIGNATURE","{function_declaration testIpvlanL3Addressing(t *testing.T, ctx context.Context, client dclient.APIClient) at integration/network/ipvlan/ipvlan_test.go:413}","{function_declaration testIpvlanL3Addressing(t *testing.T, ctx context.Context, apiClient client.APIClient) at integration/network/ipvlan/ipvlan_test.go:413}","26","26"
"2d6bf9332bce685ab30374d58d0d1b26890ba794","RENAME","{method_declaration NewVersionError(ctx context.Context, APIrequired, feature string) at client/errors.go:61}","{method_declaration requiresVersion(ctx context.Context, apiRequired, feature string) at client/errors.go:61}","14","14"
"2d6bf9332bce685ab30374d58d0d1b26890ba794","RENAME","{method_declaration NewVersionError(ctx context.Context, APIrequired, feature string) at vendor/github.com/moby/moby/client/errors.go:61}","{method_declaration requiresVersion(ctx context.Context, apiRequired, feature string) at vendor/github.com/moby/moby/client/errors.go:61}","14","14"
"29ad05b130008b5864e7300c82f5920a63a3acb8"
"51a0584088dbed8bb6338d2dad9b1509fe4512ec"
"bae45f766d30ecad2772e2681ca4d63a8f62ba2b"
"fc97a2ff0d37fb4ded3c9443b11c69e0bd436520","CHANGE_SIGNATURE","{method_declaration ContainerUnpause(ctx context.Context, containerID string, options ContainerUnPauseOptions) at client/container_unpause.go:16}","{method_declaration ContainerUnpause(ctx context.Context, containerID string, options ContainerUnpauseOptions) at vendor/github.com/moby/moby/client/container_unpause.go:16}","13","13"
"fc97a2ff0d37fb4ded3c9443b11c69e0bd436520","CHANGE_SIGNATURE","{method_declaration ContainerUnpause(ctx context.Context, containerID string, options ContainerUnPauseOptions) at vendor/github.com/moby/moby/client/container_unpause.go:16}","{method_declaration ContainerUnpause(ctx context.Context, containerID string, options ContainerUnpauseOptions) at client/container_unpause.go:16}","13","13"
"f8b9396c2c593cc54be747250b85ad191d4eccf4"
"d2e7465293adccd85033dea82a0ff6b461edbca0","CHANGE_SIGNATURE","{method_declaration ContainerRename(ctx context.Context, containerID, newContainerName string) at client/container_rename.go:9}","{method_declaration ContainerRename(ctx context.Context, containerID string, options ContainerRenameOptions) at client/container_rename.go:19}","12","12"
"d2e7465293adccd85033dea82a0ff6b461edbca0","CHANGE_SIGNATURE","{method_declaration ContainerRename(ctx context.Context, containerID, newContainerName string) at vendor/github.com/moby/moby/client/container_rename.go:9}","{method_declaration ContainerRename(ctx context.Context, containerID string, options ContainerRenameOptions) at vendor/github.com/moby/moby/client/container_rename.go:19}","12","12"
"28ed1ef927d501b46e246f0c8f218e666b806556"
"e46058cbae7654d02558020d436ea86ea877995f","CHANGE_SIGNATURE","{method_declaration RegistryLogin(ctx context.Context, auth registry.AuthConfig) at vendor/github.com/moby/moby/client/login.go:13}","{method_declaration RegistryLogin(ctx context.Context, options RegistryLoginOptions) at client/login.go:26}","12","20"
"e46058cbae7654d02558020d436ea86ea877995f","CHANGE_SIGNATURE","{method_declaration Info(ctx context.Context) at vendor/github.com/moby/moby/client/system_info.go:13}","{method_declaration Info(ctx context.Context, options InfoOptions) at vendor/github.com/moby/moby/client/system_info.go:21}","14","14"
"e46058cbae7654d02558020d436ea86ea877995f","CHANGE_SIGNATURE","{method_declaration Info(ctx context.Context) at client/system_info.go:13}","{method_declaration Info(ctx context.Context, options InfoOptions) at client/system_info.go:21}","14","14"
"e46058cbae7654d02558020d436ea86ea877995f","CHANGE_SIGNATURE","{function_declaration DaemonTime(ctx context.Context, t testing.TB, client client.APIClient, testEnv *environment.Execution) at internal/testutil/request/request.go:36}","{function_declaration DaemonTime(ctx context.Context, t testing.TB, apiClient client.APIClient, testEnv *environment.Execution) at internal/testutil/request/request.go:36}","13","14"
"e46058cbae7654d02558020d436ea86ea877995f","CHANGE_SIGNATURE","{method_declaration RegistryLogin(ctx context.Context, auth registry.AuthConfig) at client/login.go:13}","{method_declaration RegistryLogin(ctx context.Context, options RegistryLoginOptions) at vendor/github.com/moby/moby/client/login.go:26}","12","20"
"749c980d4ec609eae4de91c6ea6ab7fd5e6114d7","CHANGE_SIGNATURE","{method_declaration ContainerExport(ctx context.Context, containerID string) at vendor/github.com/moby/moby/client/container_export.go:12}","{method_declaration ContainerExport(ctx context.Context, containerID string, options ContainerExportOptions) at client/container_export.go:24}","13","13"
"749c980d4ec609eae4de91c6ea6ab7fd5e6114d7","CHANGE_SIGNATURE","{method_declaration ContainerExport(ctx context.Context, containerID string) at client/container_export.go:12}","{method_declaration ContainerExport(ctx context.Context, containerID string, options ContainerExportOptions) at vendor/github.com/moby/moby/client/container_export.go:24}","13","13"
"ec22a1e5b2deaa48a07ccbc0fb4d4501928834ca","CHANGE_SIGNATURE","{method_declaration ContainerTop(ctx context.Context, containerID string, arguments []string) at vendor/github.com/moby/moby/client/container_top.go:13}","{method_declaration ContainerTop(ctx context.Context, containerID string, options ContainerTopOptions) at client/container_top.go:24}","21","21"
"ec22a1e5b2deaa48a07ccbc0fb4d4501928834ca","CHANGE_SIGNATURE","{method_declaration ContainerTop(ctx context.Context, containerID string, arguments []string) at client/container_top.go:13}","{method_declaration ContainerTop(ctx context.Context, containerID string, options ContainerTopOptions) at vendor/github.com/moby/moby/client/container_top.go:24}","21","21"
"c5ddef1122a0fbf388bec52777d69a362b8a36dd"
"cf173bc9414cedaef935529d76150160f93308e0","CHANGE_SIGNATURE","{method_declaration ContainerWait(ctx context.Context, containerID string, condition container.WaitCondition) at vendor/github.com/moby/moby/client/container_wait.go:33}","{method_declaration ContainerWait(ctx context.Context, containerID string, options ContainerWaitOptions) at vendor/github.com/moby/moby/client/container_wait.go:44}","52","52"
"cf173bc9414cedaef935529d76150160f93308e0","CHANGE_SIGNATURE","{method_declaration ContainerWait(ctx context.Context, containerID string, condition container.WaitCondition) at client/container_wait.go:33}","{method_declaration ContainerWait(ctx context.Context, containerID string, options ContainerWaitOptions) at client/container_wait.go:44}","52","52"
"bbaeb9036ff28b3d50fcb6b16411e62197a3002c","CHANGE_SIGNATURE","{function_declaration DisplayJSONMessagesStream(in io.Reader, out io.Writer, terminalFd uintptr, isTerminal bool, auxCallback func(JSONMessage)) at vendor/github.com/moby/moby/client/pkg/jsonmessage/jsonmessage.go:197}","{function_declaration DisplayJSONMessagesStream(in io.Reader, out io.Writer, terminalFd uintptr, isTerminal bool, auxCallback func(jsonstream.Message)) at client/pkg/jsonmessage/jsonmessage.go:152}","17","17"
"bbaeb9036ff28b3d50fcb6b16411e62197a3002c","CHANGE_SIGNATURE","{function_declaration processBuildkitAux(t *testing.T, jm *jsonmessage.JSONMessage, id *string) at integration/internal/build/build.go:79}","{function_declaration processBuildkitAux(t *testing.T, jm *jsonstream.Message, id *string) at integration/internal/build/build.go:80}","35","35"
"bbaeb9036ff28b3d50fcb6b16411e62197a3002c","CHANGE_SIGNATURE","{function_declaration DisplayJSONMessages(messages JSONMessagesStream, out io.Writer, terminalFd uintptr, isTerminal bool, auxCallback func(JSONMessage)) at client/pkg/jsonmessage/jsonmessage.go:231}","{function_declaration DisplayJSONMessages(messages JSONMessagesStream, out io.Writer, terminalFd uintptr, isTerminal bool, auxCallback func(jsonstream.Message)) at client/pkg/jsonmessage/jsonmessage.go:186}","56","60"
"bbaeb9036ff28b3d50fcb6b16411e62197a3002c","CHANGE_SIGNATURE","{function_declaration DisplayJSONMessages(messages JSONMessagesStream, out io.Writer, terminalFd uintptr, isTerminal bool, auxCallback func(JSONMessage)) at vendor/github.com/moby/moby/client/pkg/jsonmessage/jsonmessage.go:231}","{function_declaration DisplayJSONMessages(messages JSONMessagesStream, out io.Writer, terminalFd uintptr, isTerminal bool, auxCallback func(jsonstream.Message)) at vendor/github.com/moby/moby/client/pkg/jsonmessage/jsonmessage.go:186}","56","60"
"bbaeb9036ff28b3d50fcb6b16411e62197a3002c","CHANGE_SIGNATURE","{function_declaration DisplayJSONMessagesStream(in io.Reader, out io.Writer, terminalFd uintptr, isTerminal bool, auxCallback func(JSONMessage)) at client/pkg/jsonmessage/jsonmessage.go:197}","{function_declaration DisplayJSONMessagesStream(in io.Reader, out io.Writer, terminalFd uintptr, isTerminal bool, auxCallback func(jsonstream.Message)) at vendor/github.com/moby/moby/client/pkg/jsonmessage/jsonmessage.go:152}","17","17"
"848b0452d33534ce6a4a26683b37fddd69284a6d","CHANGE_SIGNATURE","{method_declaration VolumesPrune(ctx context.Context, opts VolumePruneOptions) at client/volume_prune.go:29}","{method_declaration VolumesPrune(ctx context.Context, options VolumePruneOptions) at vendor/github.com/moby/moby/client/volume_prune.go:29}","27","27"
"848b0452d33534ce6a4a26683b37fddd69284a6d","CHANGE_SIGNATURE","{method_declaration VolumesPrune(ctx context.Context, opts VolumePruneOptions) at vendor/github.com/moby/moby/client/volume_prune.go:29}","{method_declaration VolumesPrune(ctx context.Context, options VolumePruneOptions) at client/volume_prune.go:29}","27","27"
"1985a8979efb42432d35363b52e7e11281710e14","CHANGE_SIGNATURE","{method_declaration VolumeUpdate(ctx context.Context, volumeID string, version swarm.Version, options VolumeUpdateOptions) at client/volume_update.go:18}","{method_declaration VolumeUpdate(ctx context.Context, volumeID string, options VolumeUpdateOptions) at vendor/github.com/moby/moby/client/volume_update.go:25}","13","16"
"1985a8979efb42432d35363b52e7e11281710e14","CHANGE_SIGNATURE","{method_declaration VolumeUpdate(ctx context.Context, volumeID string, version swarm.Version, options VolumeUpdateOptions) at vendor/github.com/moby/moby/client/volume_update.go:18}","{method_declaration VolumeUpdate(ctx context.Context, volumeID string, options VolumeUpdateOptions) at client/volume_update.go:25}","13","16"
"faee204c02a14343254b368d37676292a5fb0840"
"1f5c82b9fafd9acfe2a9684b900543d502e9366e","CHANGE_SIGNATURE","{method_declaration ContainerPause(ctx context.Context, containerID string) at client/container_pause.go:6}","{method_declaration ContainerPause(ctx context.Context, containerID string, options ContainerPauseOptions) at vendor/github.com/moby/moby/client/container_pause.go:16}","10","13"
"1f5c82b9fafd9acfe2a9684b900543d502e9366e","CHANGE_SIGNATURE","{method_declaration ContainerUnpause(ctx context.Context, containerID string) at vendor/github.com/moby/moby/client/container_unpause.go:6}","{method_declaration ContainerUnpause(ctx context.Context, containerID string, options ContainerUnPauseOptions) at vendor/github.com/moby/moby/client/container_unpause.go:16}","10","13"
"1f5c82b9fafd9acfe2a9684b900543d502e9366e","CHANGE_SIGNATURE","{method_declaration ContainerUnpause(ctx context.Context, containerID string) at client/container_unpause.go:6}","{method_declaration ContainerUnpause(ctx context.Context, containerID string, options ContainerUnPauseOptions) at client/container_unpause.go:16}","10","13"
"1f5c82b9fafd9acfe2a9684b900543d502e9366e","CHANGE_SIGNATURE","{function_declaration unpauseAllContainers(ctx context.Context, t testing.TB, client client.ContainerAPIClient) at internal/testutil/environment/clean.go:41}","{function_declaration unpauseAllContainers(ctx context.Context, t testing.TB, apiClient client.ContainerAPIClient) at internal/testutil/environment/clean.go:41}","10","10"
"1f5c82b9fafd9acfe2a9684b900543d502e9366e","INLINE","{method_declaration resize(ctx context.Context, basePath string, height, width uint) at vendor/github.com/moby/moby/client/container_resize.go:43}","{method_declaration ContainerResize(ctx context.Context, containerID string, options ContainerResizeOptions) at vendor/github.com/moby/moby/client/container_resize.go:23}","10","17"
"1f5c82b9fafd9acfe2a9684b900543d502e9366e","CHANGE_SIGNATURE","{method_declaration ContainerKill(ctx context.Context, containerID, signal string) at client/container_kill.go:9}","{method_declaration ContainerKill(ctx context.Context, containerID string, options ContainerKillOptions) at client/container_kill.go:22}","15","18"
"1f5c82b9fafd9acfe2a9684b900543d502e9366e","INLINE","{method_declaration resize(ctx context.Context, basePath string, height, width uint) at vendor/github.com/moby/moby/client/container_resize.go:43}","{method_declaration ContainerResize(ctx context.Context, containerID string, options ContainerResizeOptions) at client/container_resize.go:23}","10","17"
"1f5c82b9fafd9acfe2a9684b900543d502e9366e","CHANGE_SIGNATURE","{method_declaration ContainerKill(ctx context.Context, containerID, signal string) at vendor/github.com/moby/moby/client/container_kill.go:9}","{method_declaration ContainerKill(ctx context.Context, containerID string, options ContainerKillOptions) at vendor/github.com/moby/moby/client/container_kill.go:22}","15","18"
"1f5c82b9fafd9acfe2a9684b900543d502e9366e","CHANGE_SIGNATURE","{method_declaration ContainerPause(ctx context.Context, containerID string) at vendor/github.com/moby/moby/client/container_pause.go:6}","{method_declaration ContainerPause(ctx context.Context, containerID string, options ContainerPauseOptions) at client/container_pause.go:16}","10","13"
"1f5c82b9fafd9acfe2a9684b900543d502e9366e","INLINE","{method_declaration resize(ctx context.Context, basePath string, height, width uint) at client/container_resize.go:43}","{method_declaration ContainerResize(ctx context.Context, containerID string, options ContainerResizeOptions) at client/container_resize.go:23}","10","17"
"1f5c82b9fafd9acfe2a9684b900543d502e9366e","INLINE","{method_declaration resize(ctx context.Context, basePath string, height, width uint) at client/container_resize.go:43}","{method_declaration ExecResize(ctx context.Context, execID string, options ExecResizeOptions) at vendor/github.com/moby/moby/client/container_resize.go:49}","10","18"
"1f5c82b9fafd9acfe2a9684b900543d502e9366e","INLINE","{method_declaration resize(ctx context.Context, basePath string, height, width uint) at client/container_resize.go:43}","{method_declaration ExecResize(ctx context.Context, execID string, options ExecResizeOptions) at client/container_resize.go:49}","10","18"
"1f5c82b9fafd9acfe2a9684b900543d502e9366e","CHANGE_SIGNATURE","{method_declaration ContainerRestart(ctx context.Context, containerID string, options ContainerStopOptions) at vendor/github.com/moby/moby/client/container_restart.go:12}","{method_declaration ContainerRestart(ctx context.Context, containerID string, options ContainerRestartOptions) at client/container_restart.go:35}","17","20"
"1f5c82b9fafd9acfe2a9684b900543d502e9366e","INLINE","{method_declaration resize(ctx context.Context, basePath string, height, width uint) at vendor/github.com/moby/moby/client/container_resize.go:43}","{method_declaration ExecResize(ctx context.Context, execID string, options ExecResizeOptions) at client/container_resize.go:49}","10","18"
"1f5c82b9fafd9acfe2a9684b900543d502e9366e","CHANGE_SIGNATURE","{method_declaration ContainerRestart(ctx context.Context, containerID string, options ContainerStopOptions) at client/container_restart.go:12}","{method_declaration ContainerRestart(ctx context.Context, containerID string, options ContainerRestartOptions) at vendor/github.com/moby/moby/client/container_restart.go:35}","17","20"
"1f5c82b9fafd9acfe2a9684b900543d502e9366e","INLINE","{method_declaration resize(ctx context.Context, basePath string, height, width uint) at client/container_resize.go:43}","{method_declaration ContainerResize(ctx context.Context, containerID string, options ContainerResizeOptions) at vendor/github.com/moby/moby/client/container_resize.go:23}","10","17"
"1f5c82b9fafd9acfe2a9684b900543d502e9366e","INLINE","{method_declaration resize(ctx context.Context, basePath string, height, width uint) at vendor/github.com/moby/moby/client/container_resize.go:43}","{method_declaration ExecResize(ctx context.Context, execID string, options ExecResizeOptions) at vendor/github.com/moby/moby/client/container_resize.go:49}","10","18"
"edbf321ce63d345768665f3280dd0bd82af0736a","EXTRACT","{method_declaration Ping(ctx context.Context, options PingOptions) at client/ping.go:52}","{method_declaration ping(ctx context.Context) at client/ping.go:98}","32","32"
"edbf321ce63d345768665f3280dd0bd82af0736a","EXTRACT","{method_declaration Ping(ctx context.Context, options PingOptions) at vendor/github.com/moby/moby/client/ping.go:52}","{method_declaration ping(ctx context.Context) at vendor/github.com/moby/moby/client/ping.go:98}","32","32"
"edbf321ce63d345768665f3280dd0bd82af0736a","EXTRACT","{method_declaration Ping(ctx context.Context, options PingOptions) at vendor/github.com/moby/moby/client/ping.go:52}","{method_declaration ping(ctx context.Context) at client/ping.go:98}","32","32"
"edbf321ce63d345768665f3280dd0bd82af0736a","EXTRACT","{method_declaration Ping(ctx context.Context, options PingOptions) at client/ping.go:52}","{method_declaration ping(ctx context.Context) at vendor/github.com/moby/moby/client/ping.go:98}","32","32"
"c4aee2a50e2638b92acbc86b1345d4ef07f4541c"
"6a2a1dd6cf3d15d8fc35eece159ab2a9ffd22058"
"8118385ba84c54a53b2f6ed3a29ce332521b0ed9","CHANGE_SIGNATURE","{method_declaration ContainerStats(ctx context.Context, containerID string, stream bool) at client/container_stats.go:23}","{method_declaration ContainerStats(ctx context.Context, containerID string, options ContainerStatsOptions) at vendor/github.com/moby/moby/client/container_stats.go:50}","22","29"
"8118385ba84c54a53b2f6ed3a29ce332521b0ed9","CHANGE_SIGNATURE","{method_declaration ContainerStats(ctx context.Context, containerID string, stream bool) at vendor/github.com/moby/moby/client/container_stats.go:23}","{method_declaration ContainerStats(ctx context.Context, containerID string, options ContainerStatsOptions) at client/container_stats.go:50}","22","29"
"5df881f3a736d141f120d0a4bc08c1c57e70ffe8"
"7623979aba38af4b1153cc3e597cafa5563d0516"
"95a3880197419fe223a783c45c56f32654ad6786"
"f7003ef7de87ecd755a8b4f0e8e46131057cf3e1"
"5742b40c8741f804ba3e33052406d2b0d886c22d"
"e690c84bed4a24d560b8e2626e151f4321851ad0"
"155d697010fc719da694691033c0083860260bae"
"6040a2f686d282d9d410089c2eb3b1b1921b0f58"
"e410daf8f7b3b958f5a2595cb8cf74aba48d0d58"
"7439f09cd26836427ae89258064e02aa4f95b10d"
"3088c4e192ee54153f882e497cceeb07db6ea4b0"
"9b795c53a78725f1da03fd6af41115b97237299e"
"ef589ef824507c4bad4fc700f875e146517a6a92"
"5cf4d6812102cdc8c5c49b40677f9ac83aae30c2"
"99410827c7ef5d26ce80c13c0df97e722f689da4"
"4aac139fc04f327fcbe871af2410e83cd4ad8292"
"425975313a326f697ab5551479cfd02be8a35206","CHANGE_SIGNATURE","{function_declaration testIpvlanL2MultiSubnet(t *testing.T, ctx context.Context, client dclient.APIClient, parent string) at integration/network/ipvlan/ipvlan_test.go:248}","{function_declaration testIpvlanL2MultiSubnet(t *testing.T, ctx context.Context, apiClient dclient.APIClient, parent string) at integration/network/ipvlan/ipvlan_test.go:248}","69","69"
"425975313a326f697ab5551479cfd02be8a35206","CHANGE_SIGNATURE","{function_declaration pollForHealthStatus(ctx context.Context, client client.APIClient, containerID string, healthStatus containertypes.HealthStatus) at integration/container/health_test.go:191}","{function_declaration pollForHealthStatus(ctx context.Context, apiClient client.APIClient, containerID string, healthStatus containertypes.HealthStatus) at integration/container/health_test.go:191}","14","14"
"425975313a326f697ab5551479cfd02be8a35206","CHANGE_SIGNATURE","{function_declaration pollForHealthCheckLog(ctx context.Context, client client.APIClient, containerID string, expected string) at integration/container/health_test.go:173}","{function_declaration pollForHealthCheckLog(ctx context.Context, apiClient client.APIClient, containerID string, expected string) at integration/container/health_test.go:173}","17","17"
"425975313a326f697ab5551479cfd02be8a35206","CHANGE_SIGNATURE","{function_declaration pollForNewHealthCheck(ctx context.Context, client *client.Client, startTime time.Time, containerID string) at integration/container/restart_test.go:148}","{function_declaration pollForNewHealthCheck(ctx context.Context, apiClient *client.Client, startTime time.Time, containerID string) at integration/container/restart_test.go:148}","15","15"
"425975313a326f697ab5551479cfd02be8a35206","CHANGE_SIGNATURE","{function_declaration testMacvlanMultiSubnet(t *testing.T, ctx context.Context, client client.APIClient, parent string) at integration/network/macvlan/macvlan_test.go:335}","{function_declaration testMacvlanMultiSubnet(t *testing.T, ctx context.Context, apiClient client.APIClient, parent string) at integration/network/macvlan/macvlan_test.go:335}","70","70"
"58356450fa152795d16a95a8a0116ab12f0178bc"
"ddbb503dc724245b87eb7a650c544b2883a185ac"
"12123eb5928a0467021e1adc36f2119ee8833de0"
"378116a84f2dbcf054a021ecb67d1528f77ba2eb"
"0b7b7625c67fb52c46f0cb8d7249a69133aa44d2"
"875c5777113ac291f6d474a0304eb33a535785af"
"832590155c2bd6c4bfd42d73644c51c7e5a6be05"
"c6a45784f9a0d2b2ec31a30e45ffb784f609031b"
"687c3d7f42317f66a5ec91983ac2a49c9843ca9e"
"ae28867804b5a3ec72895678e4117b052816e1b1"
"6baf274fa3e90731ac653967cb0cea38e82b5e36"
"c246639baa445f27b1dd677801930fc9cd0a11c3"
"fb85d123c1757b775334023967e137daa8e9e5b7"
"f40e1a75825c6a33a54a0b8dcd0a67df24a6acbb"
"c9b3c65f375c07e1df54779f2c8ce73b3d25519c"
"b3129817a7cc6ffd6b9ed864b0de705b0ead3f22","EXTRACT","{method_declaration HandleDeserialize(ctx context.Context, in middleware.DeserializeInput, next middleware.DeserializeHandler) at vendor/github.com/aws/aws-sdk-go-v2/service/cloudwatchlogs/deserializers.go:5958}","{method_declaration HandleDeserialize(ctx context.Context, in middleware.DeserializeInput, next middleware.DeserializeHandler) at vendor/github.com/aws/aws-sdk-go-v2/service/cloudwatchlogs/deserializers.go:8530}","47","51"
"b3129817a7cc6ffd6b9ed864b0de705b0ead3f22","CHANGE_SIGNATURE","{function_declaration bindAuthResolverParams(operation string, input interface{}, options Options) at vendor/github.com/aws/aws-sdk-go-v2/service/cloudwatchlogs/auth.go:93}","{function_declaration bindAuthResolverParams(ctx context.Context, operation string, input interface{}, options Options) at vendor/github.com/aws/aws-sdk-go-v2/service/cloudwatchlogs/auth.go:97}","9","9"
"b3129817a7cc6ffd6b9ed864b0de705b0ead3f22","EXTRACT","{method_declaration HandleDeserialize(ctx context.Context, in middleware.DeserializeInput, next middleware.DeserializeHandler) at vendor/github.com/aws/aws-sdk-go-v2/service/cloudwatchlogs/deserializers.go:5958}","{method_declaration HandleDeserialize(ctx context.Context, in middleware.DeserializeInput, next middleware.DeserializeHandler) at vendor/github.com/aws/aws-sdk-go-v2/service/cloudwatchlogs/deserializers.go:9598}","47","51"
"b3129817a7cc6ffd6b9ed864b0de705b0ead3f22","EXTRACT","{method_declaration HandleInitialize(ctx context.Context, in middleware.InitializeInput, next middleware.InitializeHandler) at vendor/github.com/aws/aws-sdk-go-v2/service/sts/api_client.go:201}","{method_declaration HandleInitialize(ctx context.Context, in middleware.InitializeInput, next middleware.InitializeHandler) at vendor/github.com/aws/aws-sdk-go-v2/service/sts/api_client.go:383}","8","8"
"b3129817a7cc6ffd6b9ed864b0de705b0ead3f22","EXTRACT","{method_declaration HandleDeserialize(ctx context.Context, in middleware.DeserializeInput, next middleware.DeserializeHandler) at vendor/github.com/aws/aws-sdk-go-v2/service/cloudwatchlogs/deserializers.go:5958}","{method_declaration HandleDeserialize(ctx context.Context, in middleware.DeserializeInput, next middleware.DeserializeHandler) at vendor/github.com/aws/aws-sdk-go-v2/service/cloudwatchlogs/deserializers.go:9054}","47","51"
"b3129817a7cc6ffd6b9ed864b0de705b0ead3f22","EXTRACT","{method_declaration Close() at vendor/github.com/aws/aws-sdk-go-v2/service/cloudwatchlogs/eventstream.go:189}","{method_declaration Err() at vendor/github.com/aws/aws-sdk-go-v2/service/cloudwatchlogs/eventstream.go:386}","4","3"
"b3129817a7cc6ffd6b9ed864b0de705b0ead3f22","EXTRACT","{method_declaration Events() at vendor/github.com/aws/aws-sdk-go-v2/service/cloudwatchlogs/eventstream.go:77}","{method_declaration Events() at vendor/github.com/aws/aws-sdk-go-v2/service/cloudwatchlogs/eventstream.go:87}","3","3"
"b3129817a7cc6ffd6b9ed864b0de705b0ead3f22","EXTRACT","{method_declaration HandleDeserialize(ctx context.Context, in middleware.DeserializeInput, next middleware.DeserializeHandler) at vendor/github.com/aws/aws-sdk-go-v2/service/cloudwatchlogs/deserializers.go:5958}","{method_declaration HandleDeserialize(ctx context.Context, in middleware.DeserializeInput, next middleware.DeserializeHandler) at vendor/github.com/aws/aws-sdk-go-v2/service/cloudwatchlogs/deserializers.go:8410}","47","51"
"b3129817a7cc6ffd6b9ed864b0de705b0ead3f22","EXTRACT","{method_declaration Err() at vendor/github.com/aws/aws-sdk-go-v2/service/cloudwatchlogs/eventstream.go:200}","{method_declaration Err() at vendor/github.com/aws/aws-sdk-go-v2/service/cloudwatchlogs/eventstream.go:210}","3","3"
"b3129817a7cc6ffd6b9ed864b0de705b0ead3f22","EXTRACT","{method_declaration HandleDeserialize(ctx context.Context, in middleware.DeserializeInput, next middleware.DeserializeHandler) at vendor/github.com/aws/aws-sdk-go-v2/service/cloudwatchlogs/deserializers.go:5958}","{method_declaration HandleDeserialize(ctx context.Context, in middleware.DeserializeInput, next middleware.DeserializeHandler) at vendor/github.com/aws/aws-sdk-go-v2/service/cloudwatchlogs/deserializers.go:9177}","47","51"
"b3129817a7cc6ffd6b9ed864b0de705b0ead3f22","EXTRACT","{method_declaration HandleDeserialize(ctx context.Context, in middleware.DeserializeInput, next middleware.DeserializeHandler) at vendor/github.com/aws/aws-sdk-go-v2/service/cloudwatchlogs/deserializers.go:5958}","{method_declaration HandleDeserialize(ctx context.Context, in middleware.DeserializeInput, next middleware.DeserializeHandler) at vendor/github.com/aws/aws-sdk-go-v2/service/cloudwatchlogs/deserializers.go:9484}","47","51"
"b3129817a7cc6ffd6b9ed864b0de705b0ead3f22","EXTRACT","{method_declaration Events() at vendor/github.com/aws/aws-sdk-go-v2/service/cloudwatchlogs/eventstream.go:77}","{method_declaration Events() at vendor/github.com/aws/aws-sdk-go-v2/service/cloudwatchlogs/eventstream.go:263}","3","3"
"b3129817a7cc6ffd6b9ed864b0de705b0ead3f22","EXTRACT","{method_declaration HandleDeserialize(ctx context.Context, in middleware.DeserializeInput, next middleware.DeserializeHandler) at vendor/github.com/aws/aws-sdk-go-v2/service/cloudwatchlogs/deserializers.go:5958}","{method_declaration HandleDeserialize(ctx context.Context, in middleware.DeserializeInput, next middleware.DeserializeHandler) at vendor/github.com/aws/aws-sdk-go-v2/service/cloudwatchlogs/deserializers.go:9997}","47","51"
"b3129817a7cc6ffd6b9ed864b0de705b0ead3f22","CHANGE_SIGNATURE","{function_declaration bindEndpointParams(input interface{}, options Options) at vendor/github.com/aws/aws-sdk-go-v2/service/cloudwatchlogs/endpoints.go:468}","{function_declaration bindEndpointParams(ctx context.Context, input interface{}, options Options) at vendor/github.com/aws/aws-sdk-go-v2/service/cloudwatchlogs/endpoints.go:489}","14","14"
"b3129817a7cc6ffd6b9ed864b0de705b0ead3f22","EXTRACT","{method_declaration HandleSerialize(ctx context.Context, in middleware.SerializeInput, next middleware.SerializeHandler) at vendor/github.com/aws/aws-sdk-go-v2/service/sts/api_client.go:151}","{method_declaration HandleSerialize(ctx context.Context, in middleware.SerializeInput, next middleware.SerializeHandler) at vendor/github.com/aws/aws-sdk-go-v2/service/sts/api_client.go:333}","4","4"
"b3129817a7cc6ffd6b9ed864b0de705b0ead3f22","RENAME","{function_declaration awsAwsjson11_deserializeDocumentLogSamples(v *[]string, value interface{}) at vendor/github.com/aws/aws-sdk-go-v2/service/cloudwatchlogs/deserializers.go:11787}","{function_declaration awsAwsjson11_deserializeDocumentLogGroupIdentifiers(v *[]string, value interface{}) at vendor/github.com/aws/aws-sdk-go-v2/service/cloudwatchlogs/deserializers.go:15355}","35","35"
"b3129817a7cc6ffd6b9ed864b0de705b0ead3f22","EXTRACT","{method_declaration HandleSerialize(ctx context.Context, in middleware.SerializeInput, next middleware.SerializeHandler) at vendor/github.com/aws/aws-sdk-go-v2/service/cloudwatchlogs/endpoints.go:82}","{method_declaration HandleSerialize(ctx context.Context, in middleware.SerializeInput, next middleware.SerializeHandler) at vendor/github.com/aws/aws-sdk-go-v2/service/cloudwatchlogs/endpoints.go:83}","46","46"
"b3129817a7cc6ffd6b9ed864b0de705b0ead3f22","EXTRACT","{method_declaration waitStreamClose() at vendor/github.com/aws/aws-sdk-go-v2/service/cloudwatchlogs/api_op_StartLiveTail.go:296}","{method_declaration ErrorSet() at vendor/github.com/aws/aws-sdk-go-v2/service/cloudwatchlogs/eventstream.go:371}","28","3"
"b3129817a7cc6ffd6b9ed864b0de705b0ead3f22","EXTRACT","{method_declaration Close() at vendor/github.com/aws/aws-sdk-go-v2/service/cloudwatchlogs/eventstream.go:189}","{method_declaration Err() at vendor/github.com/aws/aws-sdk-go-v2/service/cloudwatchlogs/eventstream.go:210}","4","3"
"b3129817a7cc6ffd6b9ed864b0de705b0ead3f22","EXTRACT","{method_declaration ErrorSet() at vendor/github.com/aws/aws-sdk-go-v2/service/cloudwatchlogs/eventstream.go:185}","{method_declaration ErrorSet() at vendor/github.com/aws/aws-sdk-go-v2/service/cloudwatchlogs/eventstream.go:371}","3","3"
"b3129817a7cc6ffd6b9ed864b0de705b0ead3f22","EXTRACT","{method_declaration Err() at vendor/github.com/aws/aws-sdk-go-v2/service/cloudwatchlogs/eventstream.go:200}","{method_declaration Err() at vendor/github.com/aws/aws-sdk-go-v2/service/cloudwatchlogs/eventstream.go:386}","3","3"
"b3129817a7cc6ffd6b9ed864b0de705b0ead3f22","EXTRACT","{method_declaration HandleFinalize(ctx context.Context, in middleware.FinalizeInput, next middleware.FinalizeHandler) at vendor/github.com/aws/aws-sdk-go-v2/service/cloudwatchlogs/endpoints.go:493}","{method_declaration HandleFinalize(ctx context.Context, in middleware.FinalizeInput, next middleware.FinalizeHandler) at vendor/github.com/aws/aws-sdk-go-v2/service/cloudwatchlogs/endpoints.go:514}","43","52"
"b3129817a7cc6ffd6b9ed864b0de705b0ead3f22","CHANGE_SIGNATURE","{function_declaration bindAuthParamsRegion(params *AuthResolverParameters, _ interface{}, options Options) at vendor/github.com/aws/aws-sdk-go-v2/service/cloudwatchlogs/auth.go:15}","{function_declaration bindAuthParamsRegion(_ interface{}, params *AuthResolverParameters, _ interface{}, options Options) at vendor/github.com/aws/aws-sdk-go-v2/service/cloudwatchlogs/auth.go:19}","3","3"
"b3129817a7cc6ffd6b9ed864b0de705b0ead3f22","EXTRACT","{function_declaration bindEndpointParams(input interface{}, options Options) at vendor/github.com/aws/aws-sdk-go-v2/service/cloudwatchlogs/endpoints.go:468}","{function_declaration bindRegion(region string) at vendor/github.com/aws/aws-sdk-go-v2/service/cloudwatchlogs/endpoints.go:220}","14","6"
"1b2015a26f2cb2fde40cbe5e2147dec1b8b3a25e"
"7f7588be224b63edb66859b75344383e20fb4b14"
"f82fa7a4b284b4a7bb3c24ef8541f26617829d01"
"529076c7b406ade80b38607467c929c9f5d593e1","CHANGE_SIGNATURE","{method_declaration Get(key interface{}) at vendor/github.com/aws/smithy-go/properties.go:22}","{method_declaration Get(key any) at vendor/github.com/aws/smithy-go/properties.go:24}","4","4"
"529076c7b406ade80b38607467c929c9f5d593e1","CHANGE_SIGNATURE","{method_declaration Has(key interface{}) at vendor/github.com/aws/smithy-go/properties.go:39}","{method_declaration Has(key any) at vendor/github.com/aws/smithy-go/properties.go:41}","5","5"
"529076c7b406ade80b38607467c929c9f5d593e1","CHANGE_SIGNATURE","{method_declaration Set(key, value interface{}) at vendor/github.com/aws/smithy-go/properties.go:31}","{method_declaration Set(key, value any) at vendor/github.com/aws/smithy-go/properties.go:33}","4","4"
"031f30340bf5dad49f91df9a457b771d3ef05cd0"
"8afa422f0cc1b6d1b800bd0d33503ef3d67098a1"
"8c88244d7fc38c819c2f99ebe652052bbdf34608"
"8d3ae564e0fb09f1ed7fafb088a957ef3682cffe"
"7563a498f02835830bfa489a64b511983537582a"
"8fb561ca9ade6db0b7a510ce9032a25b18ec96f3"
"3340c86db9d6dbefad8ac51d6865909136f1c867"
"bd31b8b1c7247cb7922fa7c880d3b72fdbf25219","CHANGE_SIGNATURE","{method_declaration ContainerCreate(ctx context.Context, config *container.Config, hostConfig *container.HostConfig, networkingConfig *network.NetworkingConfig, platform *ocispec.Platform, containerName string) at vendor/github.com/moby/moby/client/container_create.go:19}","{method_declaration ContainerCreate(ctx context.Context, options ContainerCreateOptions) at client/container_create.go:18}","38","38"
"bd31b8b1c7247cb7922fa7c880d3b72fdbf25219","CHANGE_SIGNATURE","{method_declaration ContainerDiff(ctx context.Context, containerID string) at client/container_diff.go:12}","{method_declaration ContainerDiff(ctx context.Context, containerID string, options ContainerDiffOptions) at vendor/github.com/moby/moby/client/container_diff.go:12}","19","19"
"bd31b8b1c7247cb7922fa7c880d3b72fdbf25219","CHANGE_SIGNATURE","{method_declaration ContainerCreate(ctx context.Context, config *container.Config, hostConfig *container.HostConfig, networkingConfig *network.NetworkingConfig, platform *ocispec.Platform, containerName string) at client/container_create.go:19}","{method_declaration ContainerCreate(ctx context.Context, options ContainerCreateOptions) at vendor/github.com/moby/moby/client/container_create.go:18}","38","38"
"bd31b8b1c7247cb7922fa7c880d3b72fdbf25219","CHANGE_SIGNATURE","{method_declaration ContainerDiff(ctx context.Context, containerID string) at vendor/github.com/moby/moby/client/container_diff.go:12}","{method_declaration ContainerDiff(ctx context.Context, containerID string, options ContainerDiffOptions) at client/container_diff.go:12}","19","19"
"47fd987af22160655d7a44961d9c2954985bca63"
"3a43b5b559ec327a06157c81b0fd1c5c81146f81","CHANGE_SIGNATURE","{method_declaration ServiceCreate(ctx context.Context, service swarm.ServiceSpec, options ServiceCreateOptions) at client/service_create.go:42}","{method_declaration ServiceCreate(ctx context.Context, options ServiceCreateOptions) at vendor/github.com/moby/moby/client/service_create.go:44}","50","50"
"3a43b5b559ec327a06157c81b0fd1c5c81146f81","CHANGE_SIGNATURE","{method_declaration ServiceUpdate(ctx context.Context, serviceID string, version swarm.Version, service swarm.ServiceSpec, options ServiceUpdateOptions) at vendor/github.com/moby/moby/client/service_update.go:53}","{method_declaration ServiceUpdate(ctx context.Context, serviceID string, options ServiceUpdateOptions) at client/service_update.go:56}","57","57"
"3a43b5b559ec327a06157c81b0fd1c5c81146f81","CHANGE_SIGNATURE","{method_declaration ServiceCreate(ctx context.Context, service swarm.ServiceSpec, options ServiceCreateOptions) at vendor/github.com/moby/moby/client/service_create.go:42}","{method_declaration ServiceCreate(ctx context.Context, options ServiceCreateOptions) at client/service_create.go:44}","50","50"
"3a43b5b559ec327a06157c81b0fd1c5c81146f81","CHANGE_SIGNATURE","{method_declaration SwarmUpdate(ctx context.Context, version swarm.Version, options SwarmUpdateOptions) at vendor/github.com/moby/moby/client/swarm_update.go:23}","{method_declaration SwarmUpdate(ctx context.Context, options SwarmUpdateOptions) at vendor/github.com/moby/moby/client/swarm_update.go:24}","10","10"
"3a43b5b559ec327a06157c81b0fd1c5c81146f81","CHANGE_SIGNATURE","{method_declaration ServiceUpdate(ctx context.Context, serviceID string, version swarm.Version, service swarm.ServiceSpec, options ServiceUpdateOptions) at client/service_update.go:53}","{method_declaration ServiceUpdate(ctx context.Context, serviceID string, options ServiceUpdateOptions) at vendor/github.com/moby/moby/client/service_update.go:56}","57","57"
"3a43b5b559ec327a06157c81b0fd1c5c81146f81","CHANGE_SIGNATURE","{method_declaration SwarmUpdate(ctx context.Context, version swarm.Version, options SwarmUpdateOptions) at client/swarm_update.go:23}","{method_declaration SwarmUpdate(ctx context.Context, options SwarmUpdateOptions) at client/swarm_update.go:24}","10","10"
"0fe6be8c3852df4b0cce162ddf993f95a21c2a2e"
"b9dd7c0d59e47a8b103a68e1e6e173e009a060df"
"a315437e1c3a03a404fceb18323e2d03d412001c","RENAME","{function_declaration transportEnsureBody(f transportFunc) at client/client_mock_test.go:33}","{function_declaration ensureBody(f func(req *http.Request) (*http.Response, error)) at client/client_mock_test.go:35}","9","9"
"0971a3bcb89a59ff403905c55ab2b58848546ffa"
"f733b411a1602009ef8f8538d2f4233bfc6c6859"
"5a5d39205cad5fe31afc7f24b2a9741b90f1f64f"
"94ab385eb54280a932d95c953328cc867a738cdc","RENAME","{method_declaration ContainerExecStart(ctx context.Context, execID string, config ExecStartOptions) at vendor/github.com/moby/moby/client/container_exec.go:71}","{method_declaration ExecStart(ctx context.Context, execID string, options ExecStartOptions) at vendor/github.com/moby/moby/client/container_exec.go:81}","10","10"
"94ab385eb54280a932d95c953328cc867a738cdc","RENAME","{method_declaration ContainerExecInspect(ctx context.Context, execID string) at client/container_exec.go:130}","{method_declaration ExecInspect(ctx context.Context, execID string, options ExecInspectOptions) at client/container_exec.go:153}","26","26"
"94ab385eb54280a932d95c953328cc867a738cdc","RENAME","{function_declaration TestContainerExecInspectError(t *testing.T) at client/container_exec_test.go:130}","{function_declaration TestExecInspectError(t *testing.T) at client/container_exec_test.go:130}","9","9"
"94ab385eb54280a932d95c953328cc867a738cdc","RENAME","{method_declaration ContainerExecCreate(ctx context.Context, containerID string, options ExecCreateOptions) at vendor/github.com/moby/moby/client/container_exec.go:28}","{method_declaration ExecCreate(ctx context.Context, containerID string, options ExecCreateOptions) at client/container_exec.go:33}","30","30"
"94ab385eb54280a932d95c953328cc867a738cdc","RENAME","{function_declaration TestContainerExecResize(t *testing.T) at client/container_resize_test.go:81}","{function_declaration TestExecResize(t *testing.T) at client/container_resize_test.go:81}","41","41"
"94ab385eb54280a932d95c953328cc867a738cdc","RENAME","{function_declaration TestContainerExecCreate(t *testing.T) at client/container_exec_test.go:48}","{function_declaration TestExecCreate(t *testing.T) at client/container_exec_test.go:48}","38","38"
"94ab385eb54280a932d95c953328cc867a738cdc","RENAME","{function_declaration TestContainerExecInspect(t *testing.T) at client/container_exec_test.go:140}","{function_declaration TestExecInspect(t *testing.T) at client/container_exec_test.go:140}","27","27"
"94ab385eb54280a932d95c953328cc867a738cdc","RENAME","{method_declaration ContainerExecAttach(ctx context.Context, execID string, config ExecAttachOptions) at client/container_exec.go:105}","{method_declaration ExecAttach(ctx context.Context, execID string, options ExecAttachOptions) at vendor/github.com/moby/moby/client/container_exec.go:118}","10","11"
"94ab385eb54280a932d95c953328cc867a738cdc","RENAME","{function_declaration TestContainerExecCreateConnectionError(t *testing.T) at client/container_exec_test.go:40}","{function_declaration TestExecCreateConnectionError(t *testing.T) at client/container_exec_test.go:40}","7","7"
"94ab385eb54280a932d95c953328cc867a738cdc","RENAME","{function_declaration TestContainerExecStartError(t *testing.T) at client/container_exec_test.go:87}","{function_declaration TestExecStartError(t *testing.T) at client/container_exec_test.go:87}","9","9"
"94ab385eb54280a932d95c953328cc867a738cdc","RENAME","{method_declaration ContainerExecResize(ctx context.Context, execID string, options ContainerResizeOptions) at vendor/github.com/moby/moby/client/container_resize.go:27}","{method_declaration ExecResize(ctx context.Context, execID string, options ExecResizeOptions) at vendor/github.com/moby/moby/client/container_resize.go:34}","7","8"
"94ab385eb54280a932d95c953328cc867a738cdc","RENAME","{method_declaration ContainerExecAttach(ctx context.Context, execID string, config ExecAttachOptions) at vendor/github.com/moby/moby/client/container_exec.go:105}","{method_declaration ExecAttach(ctx context.Context, execID string, options ExecAttachOptions) at client/container_exec.go:118}","10","11"
"94ab385eb54280a932d95c953328cc867a738cdc","RENAME","{method_declaration ContainerExecResize(ctx context.Context, execID string, options ContainerResizeOptions) at client/container_resize.go:27}","{method_declaration ExecResize(ctx context.Context, execID string, options ExecResizeOptions) at client/container_resize.go:34}","7","8"
"94ab385eb54280a932d95c953328cc867a738cdc","RENAME","{function_declaration TestContainerExecStart(t *testing.T) at client/container_exec_test.go:97}","{function_declaration TestExecStart(t *testing.T) at client/container_exec_test.go:97}","32","32"
"94ab385eb54280a932d95c953328cc867a738cdc","RENAME","{function_declaration TestContainerExecResizeError(t *testing.T) at client/container_resize_test.go:31}","{function_declaration TestExecResizeError(t *testing.T) at client/container_resize_test.go:31}","6","6"
"94ab385eb54280a932d95c953328cc867a738cdc","RENAME","{method_declaration ContainerExecStart(ctx context.Context, execID string, config ExecStartOptions) at client/container_exec.go:71}","{method_declaration ExecStart(ctx context.Context, execID string, options ExecStartOptions) at client/container_exec.go:81}","10","10"
"94ab385eb54280a932d95c953328cc867a738cdc","RENAME","{function_declaration TestContainerExecCreateError(t *testing.T) at client/container_exec_test.go:18}","{function_declaration TestExecCreateError(t *testing.T) at client/container_exec_test.go:18}","17","17"
"94ab385eb54280a932d95c953328cc867a738cdc","RENAME","{method_declaration ContainerExecInspect(ctx context.Context, execID string) at vendor/github.com/moby/moby/client/container_exec.go:130}","{method_declaration ExecInspect(ctx context.Context, execID string, options ExecInspectOptions) at vendor/github.com/moby/moby/client/container_exec.go:153}","26","26"
"94ab385eb54280a932d95c953328cc867a738cdc","RENAME","{method_declaration ContainerExecCreate(ctx context.Context, containerID string, options ExecCreateOptions) at client/container_exec.go:28}","{method_declaration ExecCreate(ctx context.Context, containerID string, options ExecCreateOptions) at vendor/github.com/moby/moby/client/container_exec.go:33}","30","30"
"ea0d934ff251870e209d0130d09a043cd84100cc","CHANGE_SIGNATURE","{method_declaration allocatePredefinedPool(reserved []netip.Prefix) at daemon/libnetwork/ipams/defaultipam/address_space.go:136}","{method_declaration allocatePredefinedPool(reserved []netip.Prefix, prefixSize int) at daemon/libnetwork/ipams/defaultipam/address_space.go:136}","144","168"
"5c670349526c9abda098e470249cdb649c743d29"
"5b464291224a729c591d06f5aea4887e87f0afb3"
