"Commit","RefactoringType","Before","After","BeforeLOC","AfterLOC"
"dede2886a8499f984c90b6d38ae00ca04638e5d6"
"eae2a1bd5f5dc96596b9d6c57fa1b43869864835"
"3f42ca14011e972ee439a27d47415bc7574f2317"
"91e221b04712ec8dc563328ed3ec648df8f0933b"
"91368adbb556286942d996c60ab6cc39306415b7","CHANGE_SIGNATURE","{function_declaration CheckDataConsistency(ctx context.Context, identity string, lastSyncedResourceVersion string, listFn ListFunc[T], listOptions metav1.ListOptions, retrieveItemsFn RetrieveItemsFunc[U]) at staging/src/k8s.io/client-go/util/consistencydetector/data_consistency_detector.go:67}","{function_declaration CheckDataConsistency(ctx context.Context, identity string, lastSyncedResourceVersion string, listFn ListFunc[T], listItemTransformFunc TransformFunc, listOptions metav1.ListOptions, retrieveItemsFn RetrieveItemsFunc[U]) at staging/src/k8s.io/client-go/util/consistencydetector/data_consistency_detector.go:69}","41","50"
"91368adbb556286942d996c60ab6cc39306415b7","CHANGE_SIGNATURE","{function_declaration checkWatchListDataConsistencyIfRequested(ctx context.Context, identity string, lastSyncedResourceVersion string, listFn consistencydetector.ListFunc[T], retrieveItemsFn consistencydetector.RetrieveItemsFunc[U]) at staging/src/k8s.io/client-go/tools/cache/reflector_data_consistency_detector.go:36}","{function_declaration checkWatchListDataConsistencyIfRequested(ctx context.Context, identity string, lastSyncedResourceVersion string, listFn consistencydetector.ListFunc[T], listItemTransformFunc func(interface{}) (interface{}, error), retrieveItemsFn consistencydetector.RetrieveItemsFunc[U]) at staging/src/k8s.io/client-go/tools/cache/reflector_data_consistency_detector.go:36}","8","8"
"76da8d6de027a4bf62601d45b8d72f8fa627ab5c","EXTRACT","{function_declaration newInformer(clientState Store, options InformerOptions) at staging/src/k8s.io/client-go/tools/cache/controller.go:706}","{function_declaration newQueueFIFO(clientState Store, transform TransformFunc) at staging/src/k8s.io/client-go/tools/cache/controller.go:733}","39","15"
"88c20d46a4e5ca8db7519c81856a358c919ae262","RENAME","{method_declaration List() at staging/src/k8s.io/client-go/tools/cache/delta_fifo_test.go:31}","{method_declaration list() at staging/src/k8s.io/client-go/tools/cache/delta_fifo_test.go:31}","5","5"
"88c20d46a4e5ca8db7519c81856a358c919ae262","RENAME","{method_declaration Get(obj interface{}) at staging/src/k8s.io/client-go/tools/cache/delta_fifo_test.go:63}","{method_declaration get(obj interface{}) at staging/src/k8s.io/client-go/tools/cache/delta_fifo_test.go:63}","7","7"
"c6fa10dbb7ca36bd0103ca6cbff0adaaf5606e62"
"03066850f638894321de2dd05fb78029bb0c0a11"
"aa54ffa485a6bf38b8c40b27b491152d6b613d0b"
"4a944d1a3fab9aa0bc8c985dfa7ad607ecf28531"
"51f614a15622441457ace729999ad024c652057a"
"de1b8e076a3f25429fb10734edd455432440be46"
"76b76c2d523f29f3d57896309aba0422c736d93d"
"f8be8d320f3eecdbb057b5b5f41e178614058b6e"
"7e3e9b6a64b898d3577625b6739f710644350724"
"5302b929ae55e86ad40b57d74c326529792d0439","INLINE","{function_declaration VendorlessPath(ipath string) at vendor/golang.org/x/tools/internal/imports/fix.go:1512}","{function_declaration VendorlessPath(ipath string) at vendor/golang.org/x/tools/internal/imports/fix.go:1510}","10","10"
"5302b929ae55e86ad40b57d74c326529792d0439","EXTRACT","{method_declaration GoString() at vendor/golang.org/x/net/dns/dnsmessage/message.go:2522}","{method_declaration GoString() at vendor/golang.org/x/net/dns/dnsmessage/message.go:2726}","7","5"
"5302b929ae55e86ad40b57d74c326529792d0439","CHANGE_SIGNATURE","{method_declaration addClosedOrIdleNode(list *[]*priorityNode, maxSize int, n *priorityNode) at vendor/golang.org/x/net/http2/writesched_priority.go:431}","{method_declaration addClosedOrIdleNode(list *[]*priorityNodeRFC7540, maxSize int, n *priorityNodeRFC7540) at vendor/golang.org/x/net/http2/writesched_priority_rfc7540.go:430}","13","13"
"5302b929ae55e86ad40b57d74c326529792d0439","CHANGE_SIGNATURE","{function_declaration parseARM64SystemRegisters(isar0, isar1, pfr0 uint64) at vendor/golang.org/x/sys/cpu/cpu_arm64.go:71}","{function_declaration parseARM64SystemRegisters(isar0, isar1, mmfr1, pfr0 uint64) at vendor/golang.org/x/sys/cpu/cpu_arm64.go:71}","113","129"
"5302b929ae55e86ad40b57d74c326529792d0439","CHANGE_SIGNATURE","{method_declaration remove(addr net.Addr) at vendor/golang.org/x/crypto/ssh/tcpip.go:255}","{method_declaration remove(n, addr string) at vendor/golang.org/x/crypto/ssh/tcpip.go:282}","11","11"
"5302b929ae55e86ad40b57d74c326529792d0439","CHANGE_SIGNATURE","{method_declaration checkFrameOrder(f Frame) at vendor/golang.org/x/net/http2/frame.go:554}","{method_declaration checkFrameOrder(fh FrameHeader) at vendor/golang.org/x/net/http2/frame.go:583}","35","34"
"5302b929ae55e86ad40b57d74c326529792d0439","CHANGE_SIGNATURE","{function_declaration newBufferedWriter(group synctestGroupInterface, conn net.Conn, timeout time.Duration) at vendor/golang.org/x/net/http2/http2.go:264}","{function_declaration newBufferedWriter(conn net.Conn, timeout time.Duration) at vendor/golang.org/x/net/http2/http2.go:261}","7","6"
"5302b929ae55e86ad40b57d74c326529792d0439","INLINE","{function_declaration fillNetHTTPServerConfig(conf *http2Config, srv *http.Server) at vendor/golang.org/x/net/http2/config_go124.go:12}","{function_declaration configFromServer(h1 *http.Server, h2 *Server) at vendor/golang.org/x/net/http2/config.go:45}","3","18"
"5302b929ae55e86ad40b57d74c326529792d0439","EXTRACT","{method_declaration ReadFrame() at vendor/golang.org/x/net/http2/frame.go:501}","{method_declaration ReadFrameForHeader(fh FrameHeader) at vendor/golang.org/x/net/http2/frame.go:525}","40","27"
"5302b929ae55e86ad40b57d74c326529792d0439","EXTRACT","{method_declaration GoString() at vendor/golang.org/x/net/dns/dnsmessage/message.go:2588}","{method_declaration GoString() at vendor/golang.org/x/net/dns/dnsmessage/message.go:2617}","4","4"
"5302b929ae55e86ad40b57d74c326529792d0439","EXTRACT","{method_declaration ReadFrame() at vendor/golang.org/x/net/http2/frame.go:501}","{method_declaration ReadFrameHeader() at vendor/golang.org/x/net/http2/frame.go:503}","40","17"
"5302b929ae55e86ad40b57d74c326529792d0439","INLINE","{function_declaration fillNetHTTPTransportConfig(conf *http2Config, tr *http.Transport) at vendor/golang.org/x/net/http2/config_go124.go:17}","{function_declaration configFromTransport(h2 *Transport) at vendor/golang.org/x/net/http2/config.go:66}","3","25"
"5302b929ae55e86ad40b57d74c326529792d0439","EXTRACT","{method_declaration Read(p []byte) at vendor/golang.org/x/net/http2/transport.go:3140}","{method_declaration release(zr *gzip.Reader) at vendor/golang.org/x/net/http2/transport.go:3140}","13","9"
"5302b929ae55e86ad40b57d74c326529792d0439","CHANGE_SIGNATURE","{function_declaration writeWithByteTimeout(group synctestGroupInterface, conn net.Conn, timeout time.Duration, p []byte) at vendor/golang.org/x/net/http2/http2.go:323}","{function_declaration writeWithByteTimeout(conn net.Conn, timeout time.Duration, p []byte) at vendor/golang.org/x/net/http2/http2.go:319}","22","16"
"5302b929ae55e86ad40b57d74c326529792d0439","CHANGE_SIGNATURE","{method_declaration forward(laddr, raddr net.Addr, ch NewChannel) at vendor/golang.org/x/crypto/ssh/tcpip.go:277}","{method_declaration forward(n, addr string, raddr net.Addr, ch NewChannel) at vendor/golang.org/x/crypto/ssh/tcpip.go:304}","11","11"
"5302b929ae55e86ad40b57d74c326529792d0439","EXTRACT","{method_declaration GoString() at vendor/golang.org/x/net/dns/dnsmessage/message.go:2399}","{method_declaration GoString() at vendor/golang.org/x/net/dns/dnsmessage/message.go:2726}","10","5"
"5302b929ae55e86ad40b57d74c326529792d0439","CHANGE_SIGNATURE","{method_declaration setParent(parent *priorityNode) at vendor/golang.org/x/net/http2/writesched_priority.go:109}","{method_declaration setParent(parent *priorityNodeRFC7540) at vendor/golang.org/x/net/http2/writesched_priority_rfc7540.go:109}","34","34"
"5302b929ae55e86ad40b57d74c326529792d0439","CHANGE_SIGNATURE","{method_declaration add(addr net.Addr) at vendor/golang.org/x/crypto/ssh/tcpip.go:164}","{method_declaration add(n, addr string) at vendor/golang.org/x/crypto/ssh/tcpip.go:195}","10","11"
"5302b929ae55e86ad40b57d74c326529792d0439","EXTRACT","{method_declaration GoString() at vendor/golang.org/x/net/dns/dnsmessage/message.go:2645}","{method_declaration GoString() at vendor/golang.org/x/net/dns/dnsmessage/message.go:2674}","11","11"
"5302b929ae55e86ad40b57d74c326529792d0439","CHANGE_SIGNATURE","{method_declaration removeNode(n *priorityNode) at vendor/golang.org/x/net/http2/writesched_priority.go:445}","{method_declaration removeNode(n *priorityNodeRFC7540) at vendor/golang.org/x/net/http2/writesched_priority_rfc7540.go:444}","7","7"
"5302b929ae55e86ad40b57d74c326529792d0439","CHANGE_SIGNATURE","{method_declaration walkReadyInOrder(openParent bool, tmp *[]*priorityNode, f func(*priorityNode, bool) bool) at vendor/golang.org/x/net/http2/writesched_priority.go:157}","{method_declaration walkReadyInOrder(openParent bool, tmp *[]*priorityNodeRFC7540, f func(*priorityNodeRFC7540, bool) bool) at vendor/golang.org/x/net/http2/writesched_priority_rfc7540.go:157}","52","52"
"fcdc4e24950ec821739040b936f13930630aa8d2"
"3661554f872acdc8eb4878d682c7e1e4c2526a6f"
"dae1dbc1ff19d25ea98613c857852864e9143559"
"6bf802807b7c55d2d2c5e48e2f5bd900586fbd3a","CHANGE_SIGNATURE","{function_declaration createServerObjects(namespace string, securityContext *v1.SecurityContext) at test/e2e/auth/projected_podcertificate.go:291}","{function_declaration createServerObjects(namespace string, spiffeSignerName string, securityContext *v1.SecurityContext) at test/e2e/auth/projected_podcertificate.go:280}","72","72"
"6bf802807b7c55d2d2c5e48e2f5bd900586fbd3a","CHANGE_SIGNATURE","{function_declaration createInspectorPod(namespace, podName string, userAnnotations map[string]string, maxExpirationSeconds *int32) at test/e2e/auth/projected_podcertificate.go:427}","{function_declaration createInspectorPod(namespace, podName string, userAnnotations map[string]string, maxExpirationSeconds *int32, spiffeSignerName string) at test/e2e/auth/projected_podcertificate.go:416}","42","42"
"6bf802807b7c55d2d2c5e48e2f5bd900586fbd3a","CHANGE_SIGNATURE","{function_declaration createClientObjects(namespace string, securityContext *v1.SecurityContext) at test/e2e/auth/projected_podcertificate.go:365}","{function_declaration createClientObjects(namespace string, spiffeSignerName string, securityContext *v1.SecurityContext) at test/e2e/auth/projected_podcertificate.go:354}","60","60"
"d80e73c0a9f2f617aa2364810cd081395c2fcc02","CHANGE_SIGNATURE","{function_declaration validateQuotaUsage(ctx context.Context, m *mockDriverSetup, currentQuota, expectedQuota *v1.ResourceQuota, uncachedClient corev1client.CoreV1Interface) at test/e2e/storage/csimock/csi_volume_expansion.go:596}","{function_declaration validateQuotaUsage(ctx context.Context, m *mockDriverSetup, currentQuota, expectedQuota *v1.ResourceQuota) at test/e2e/storage/csimock/csi_volume_expansion.go:592}","33","33"
"c33c0464db3d5b0adeaa27fce551a5c80c18ee40"
"950dfd612b48fce546856e75bd281df12f3d196d"
"ac90e6a809acad797a5f5bb8b1e6625a94a13a72"
"5ed9501d3cca8ce54a0be0fe068b47761934a430","CHANGE_SIGNATURE","{method_declaration GetNamespace(name string) at staging/src/k8s.io/apiserver/pkg/admission/plugin/policy/validating/admission_test.go:272}","{method_declaration GetNamespace(ctx context.Context, name string) at staging/src/k8s.io/apiserver/pkg/admission/plugin/policy/validating/admission_test.go:272}","3","3"
"5ed9501d3cca8ce54a0be0fe068b47761934a430","CHANGE_SIGNATURE","{method_declaration GetNamespace(name string) at staging/src/k8s.io/apiserver/pkg/admission/plugin/policy/generic/policy_matcher.go:100}","{method_declaration GetNamespace(ctx context.Context, name string) at staging/src/k8s.io/apiserver/pkg/admission/plugin/policy/generic/policy_matcher.go:101}","3","3"
"5ed9501d3cca8ce54a0be0fe068b47761934a430","CHANGE_SIGNATURE","{method_declaration GetNamespace(name string) at staging/src/k8s.io/apiserver/pkg/admission/plugin/policy/matching/matching.go:47}","{method_declaration GetNamespace(ctx context.Context, name string) at staging/src/k8s.io/apiserver/pkg/admission/plugin/policy/matching/matching.go:48}","3","3"
"4cf195304caa519be476b367267f6c656bce19f7"
"3e19cc51601f73b119ec980d33282fa4f0791fe0"
"04eb121d32e7b9d788555a43a8952e777cf519f0"
"f60f5b24605d98fe5976dd3a7dc554333bb85e07","CHANGE_SIGNATURE","{method_declaration runWorker() at staging/src/k8s.io/apiextensions-apiserver/pkg/controller/finalizer/crd_finalizer.go:283}","{method_declaration runWorker(ctx context.Context) at staging/src/k8s.io/apiextensions-apiserver/pkg/controller/finalizer/crd_finalizer.go:287}","4","4"
"f60f5b24605d98fe5976dd3a7dc554333bb85e07","CHANGE_SIGNATURE","{method_declaration deleteInstances(crd *apiextensionsv1.CustomResourceDefinition) at staging/src/k8s.io/apiextensions-apiserver/pkg/controller/finalizer/crd_finalizer.go:181}","{method_declaration deleteInstances(ctx context.Context, crd *apiextensionsv1.CustomResourceDefinition) at staging/src/k8s.io/apiextensions-apiserver/pkg/controller/finalizer/crd_finalizer.go:181}","83","82"
"f60f5b24605d98fe5976dd3a7dc554333bb85e07","CHANGE_SIGNATURE","{method_declaration sync(key string) at staging/src/k8s.io/apiextensions-apiserver/pkg/controller/finalizer/crd_finalizer.go:112}","{method_declaration sync(ctx context.Context, key string) at staging/src/k8s.io/apiextensions-apiserver/pkg/controller/finalizer/crd_finalizer.go:112}","68","68"
"f60f5b24605d98fe5976dd3a7dc554333bb85e07","CHANGE_SIGNATURE","{method_declaration processNextWorkItem() at staging/src/k8s.io/apiextensions-apiserver/pkg/controller/finalizer/crd_finalizer.go:289}","{method_declaration processNextWorkItem(ctx context.Context) at staging/src/k8s.io/apiextensions-apiserver/pkg/controller/finalizer/crd_finalizer.go:293}","18","18"
"f60f5b24605d98fe5976dd3a7dc554333bb85e07","EXTRACT","{method_declaration Run(workers int, stopCh <-chan struct{}) at staging/src/k8s.io/apiextensions-apiserver/pkg/controller/finalizer/crd_finalizer.go:265}","{method_declaration RunWithContext(workers int, ctx context.Context) at staging/src/k8s.io/apiextensions-apiserver/pkg/controller/finalizer/crd_finalizer.go:269}","17","17"
"e08c1e4ce35934d127644efd3814675cc0865f14"
"a66c025dc9e5a454ba65ea3ce354e36c96883dd3"
"f76d0e5aa48f23850314060c8866b63662794880"
"216aaf76cba4b0cba05f0901d759dc017f833cd3"
"cee5b837da96f16536e048905bfe5be7103b21d2"
"854e67bb51e177b4b9c012928d8271704e9cb80d","EXTRACT","{method_declaration Pop() at pkg/scheduler/schedule_one.go:949}","{method_declaration Pop() at pkg/scheduler/schedule_one.go:946}","7","7"
"854e67bb51e177b4b9c012928d8271704e9cb80d","EXTRACT","{method_declaration Len() at pkg/scheduler/schedule_one.go:941}","{method_declaration Len() at pkg/scheduler/schedule_one.go:935}","1","1"
"854e67bb51e177b4b9c012928d8271704e9cb80d","CHANGE_SIGNATURE","{method_declaration evaluateNominatedNode(ctx context.Context, pod *v1.Pod, schedFramework framework.Framework, state fwk.CycleState, diagnosis framework.Diagnosis) at pkg/scheduler/schedule_one.go:558}","{method_declaration evaluateNominatedNode(ctx context.Context, pod *v1.Pod, schedFramework framework.Framework, state fwk.CycleState, nodeHint string, diagnosis framework.Diagnosis) at pkg/scheduler/schedule_one.go:575}","19","25"
"c68b35c4c75cb5d4c016799a966808dff3d9a9a5"
"1ce140d1055a7bb93503b7919cc073a5073cc170","MOVE","{function_declaration OpenatInRoot(root *os.File, unsafePath string) at vendor/github.com/cyphar/filepath-securejoin/open_linux.go:19}","{function_declaration OpenatInRoot(root *os.File, unsafePath string) at vendor/github.com/cyphar/filepath-securejoin/pathrs-lite/internal/gopathrs/open_linux.go:20}","7","7"
"1ce140d1055a7bb93503b7919cc073a5073cc170","MOVE_RENAME","{function_declaration slices_DeleteFunc(s S, del func(E) bool) at vendor/github.com/cyphar/filepath-securejoin/gocompat_generics_unsupported.go:38}","{function_declaration SlicesDeleteFunc(s S, del func(E) bool) at vendor/github.com/cyphar/filepath-securejoin/pathrs-lite/internal/gocompat/gocompat_generics_unsupported.go:43}","15","15"
"1ce140d1055a7bb93503b7919cc073a5073cc170","MOVE_RENAME","{function_declaration slices_Contains(s S, v E) at vendor/github.com/cyphar/filepath-securejoin/gocompat_generics_unsupported.go:56}","{function_declaration SlicesContains(s S, v E) at vendor/github.com/cyphar/filepath-securejoin/pathrs-lite/internal/gocompat/gocompat_generics_unsupported.go:62}","3","3"
"1ce140d1055a7bb93503b7919cc073a5073cc170","MOVE","{method_declaration SwapLink(linkPart string, dir *os.File, remainingPath, linkTarget string) at vendor/github.com/cyphar/filepath-securejoin/lookup_linux.go:134}","{method_declaration SwapLink(linkPart string, dir *os.File, remainingPath, linkTarget string) at vendor/github.com/cyphar/filepath-securejoin/pathrs-lite/internal/gopathrs/lookup_linux.go:145}","14","14"
"1ce140d1055a7bb93503b7919cc073a5073cc170","INLINE","{function_declaration readCon(string) at vendor/github.com/opencontainers/selinux/go-selinux/selinux_stub.go:10}","{function_declaration pidLabel(pid int) at vendor/github.com/opencontainers/selinux/go-selinux/selinux_linux.go:545}","3","8"
"1ce140d1055a7bb93503b7919cc073a5073cc170","MOVE","{method_declaration popPart(part string) at vendor/github.com/cyphar/filepath-securejoin/lookup_linux.go:61}","{method_declaration popPart(part string) at vendor/github.com/cyphar/filepath-securejoin/pathrs-lite/internal/gopathrs/lookup_linux.go:72}","27","27"
"1ce140d1055a7bb93503b7919cc073a5073cc170","MOVE","{function_declaration clearSlice(slice S) at vendor/github.com/cyphar/filepath-securejoin/gocompat_generics_unsupported.go:20}","{function_declaration clearSlice(slice S) at vendor/github.com/cyphar/filepath-securejoin/pathrs-lite/internal/gocompat/gocompat_generics_unsupported.go:23}","6","6"
"1ce140d1055a7bb93503b7919cc073a5073cc170","MOVE_RENAME","{function_declaration checkProcSelfFdPath(path string, file *os.File) at vendor/github.com/cyphar/filepath-securejoin/procfs_linux.go:426}","{function_declaration CheckProcSelfFdPath(path string, file fd.Fd) at vendor/github.com/cyphar/filepath-securejoin/pathrs-lite/internal/procfs/procfs_linux.go:472}","13","13"
"1ce140d1055a7bb93503b7919cc073a5073cc170","EXTRACT","{function_declaration KeyLabel() at vendor/github.com/opencontainers/selinux/go-selinux/selinux.go:192}","{function_declaration keyLabel() at vendor/github.com/opencontainers/selinux/go-selinux/selinux_stub.go:80}","3","3"
"1ce140d1055a7bb93503b7919cc073a5073cc170","MOVE","{method_declaration PopPart(part string) at vendor/github.com/cyphar/filepath-securejoin/lookup_linux.go:89}","{method_declaration PopPart(part string) at vendor/github.com/cyphar/filepath-securejoin/pathrs-lite/internal/gopathrs/lookup_linux.go:100}","20","20"
"1ce140d1055a7bb93503b7919cc073a5073cc170","MOVE_RENAME","{function_declaration readlinkatFile(dir *os.File, path string) at vendor/github.com/cyphar/filepath-securejoin/openat_linux.go:45}","{function_declaration Readlinkat(dir Fd, path string) at vendor/github.com/cyphar/filepath-securejoin/pathrs-lite/internal/fd/at_linux.go:87}","15","17"
"1ce140d1055a7bb93503b7919cc073a5073cc170","MOVE_RENAME","{function_declaration fsopen(fsName string, flags int) at vendor/github.com/cyphar/filepath-securejoin/procfs_linux.go:77}","{function_declaration Fsopen(fsName string, flags int) at vendor/github.com/cyphar/filepath-securejoin/pathrs-lite/internal/fd/mount_linux.go:22}","9","9"
"1ce140d1055a7bb93503b7919cc073a5073cc170","MOVE","{function_declaration partialLookupOpenat2(root *os.File, unsafePath string) at vendor/github.com/cyphar/filepath-securejoin/openat2_linux.go:90}","{function_declaration partialLookupOpenat2(root fd.Fd, unsafePath string) at vendor/github.com/cyphar/filepath-securejoin/pathrs-lite/internal/gopathrs/openat2_linux.go:64}","38","38"
"1ce140d1055a7bb93503b7919cc073a5073cc170","MOVE","{method_declaration Unwrap() at vendor/github.com/cyphar/filepath-securejoin/gocompat_errors_unsupported.go:22}","{method_declaration Unwrap() at vendor/github.com/cyphar/filepath-securejoin/pathrs-lite/internal/gocompat/gocompat_errors_unsupported.go:24}","3","3"
"1ce140d1055a7bb93503b7919cc073a5073cc170","MOVE_RENAME","{function_declaration slices_Clone(s S) at vendor/github.com/cyphar/filepath-securejoin/gocompat_generics_unsupported.go:61}","{function_declaration SlicesClone(s S) at vendor/github.com/cyphar/filepath-securejoin/pathrs-lite/internal/gocompat/gocompat_generics_unsupported.go:68}","7","7"
"1ce140d1055a7bb93503b7919cc073a5073cc170","MOVE_RENAME","{function_declaration fstat(f *os.File) at vendor/github.com/cyphar/filepath-securejoin/procfs_linux.go:19}","{function_declaration Fstat(fd Fd) at vendor/github.com/cyphar/filepath-securejoin/pathrs-lite/internal/fd/fd_linux.go:41}","7","8"
"1ce140d1055a7bb93503b7919cc073a5073cc170","MOVE_RENAME","{function_declaration sync_OnceValue(f func() T) at vendor/github.com/cyphar/filepath-securejoin/gocompat_generics_unsupported.go:70}","{function_declaration SyncOnceValue(f func() T) at vendor/github.com/cyphar/filepath-securejoin/pathrs-lite/internal/gocompat/gocompat_generics_unsupported.go:78}","26","29"
"1ce140d1055a7bb93503b7919cc073a5073cc170","MOVE","{function_declaration OpenInRoot(root, unsafePath string) at vendor/github.com/cyphar/filepath-securejoin/open_linux.go:43}","{function_declaration OpenInRoot(root, unsafePath string) at vendor/github.com/cyphar/filepath-securejoin/pathrs-lite/open.go:38}","8","8"
"1ce140d1055a7bb93503b7919cc073a5073cc170","MOVE_RENAME","{function_declaration Reopen(handle *os.File, flags int) at vendor/github.com/cyphar/filepath-securejoin/open_linux.go:65}","{function_declaration ReopenFd(handle fd.Fd, flags int) at vendor/github.com/cyphar/filepath-securejoin/pathrs-lite/internal/procfs/procfs_linux.go:491}","39","40"
"1ce140d1055a7bb93503b7919cc073a5073cc170","RENAME","{function_declaration max(a, b uint) at vendor/github.com/opencontainers/selinux/go-selinux/selinux_linux.go:643}","{function_declaration maxInt(a, b int) at vendor/github.com/opencontainers/selinux/go-selinux/selinux_linux.go:737}","6","6"
"1ce140d1055a7bb93503b7919cc073a5073cc170","MOVE","{method_declaration Error() at vendor/github.com/cyphar/filepath-securejoin/gocompat_errors_unsupported.go:26}","{method_declaration Error() at vendor/github.com/cyphar/filepath-securejoin/pathrs-lite/internal/gocompat/gocompat_errors_unsupported.go:28}","3","3"
"1ce140d1055a7bb93503b7919cc073a5073cc170","MOVE","{function_declaration lookupOpenat2(root *os.File, unsafePath string, partial bool) at vendor/github.com/cyphar/filepath-securejoin/openat2_linux.go:76}","{function_declaration lookupOpenat2(root fd.Fd, unsafePath string, partial bool) at vendor/github.com/cyphar/filepath-securejoin/pathrs-lite/internal/gopathrs/openat2_linux.go:50}","10","10"
"1ce140d1055a7bb93503b7919cc073a5073cc170","MOVE","{function_declaration lookupInRoot(root *os.File, unsafePath string, partial bool) at vendor/github.com/cyphar/filepath-securejoin/lookup_linux.go:177}","{function_declaration lookupInRoot(root fd.Fd, unsafePath string, partial bool) at vendor/github.com/cyphar/filepath-securejoin/pathrs-lite/internal/gopathrs/lookup_linux.go:188}","212","212"
"1ce140d1055a7bb93503b7919cc073a5073cc170","MOVE_RENAME","{function_declaration openat2File(dir *os.File, path string, how *unix.OpenHow) at vendor/github.com/cyphar/filepath-securejoin/openat2_linux.go:46}","{function_declaration Openat2(dir Fd, path string, how *unix.OpenHow) at vendor/github.com/cyphar/filepath-securejoin/pathrs-lite/internal/fd/openat2_linux.go:42}","29","21"
"1ce140d1055a7bb93503b7919cc073a5073cc170","MOVE_RENAME","{function_declaration fstatatFile(dir *os.File, path string, flags int) at vendor/github.com/cyphar/filepath-securejoin/openat_linux.go:37}","{function_declaration Fstatat(dir Fd, path string, flags int) at vendor/github.com/cyphar/filepath-securejoin/pathrs-lite/internal/fd/at_linux.go:65}","7","9"
"1ce140d1055a7bb93503b7919cc073a5073cc170","MOVE_RENAME","{function_declaration sync_OnceValues(f func() (T1, T2)) at vendor/github.com/cyphar/filepath-securejoin/gocompat_generics_go121.go:30}","{function_declaration SyncOnceValues(f func() (T1, T2)) at vendor/github.com/cyphar/filepath-securejoin/pathrs-lite/internal/gocompat/gocompat_generics_go121.go:38}","3","3"
"1ce140d1055a7bb93503b7919cc073a5073cc170","MOVE","{method_declaration PopTopSymlink() at vendor/github.com/cyphar/filepath-securejoin/lookup_linux.go:149}","{method_declaration PopTopSymlink() at vendor/github.com/cyphar/filepath-securejoin/pathrs-lite/internal/gopathrs/lookup_linux.go:160}","8","8"
"1ce140d1055a7bb93503b7919cc073a5073cc170","MOVE_RENAME","{function_declaration isDeadInode(file *os.File) at vendor/github.com/cyphar/filepath-securejoin/procfs_linux.go:408}","{function_declaration IsDeadInode(file Fd) at vendor/github.com/cyphar/filepath-securejoin/pathrs-lite/internal/fd/fd_linux.go:62}","17","17"
"1ce140d1055a7bb93503b7919cc073a5073cc170","MOVE","{function_declaration privateProcRoot() at vendor/github.com/cyphar/filepath-securejoin/procfs_linux.go:153}","{function_declaration privateProcRoot(subset bool) at vendor/github.com/cyphar/filepath-securejoin/pathrs-lite/internal/procfs/procfs_linux.go:149}","13","13"
"1ce140d1055a7bb93503b7919cc073a5073cc170","EXTRACT_MOVE","{function_declaration MkdirAll(root, unsafePath string, mode os.FileMode) at vendor/github.com/cyphar/filepath-securejoin/mkdir_linux.go:223}","{function_declaration MkdirAllHandle(root *os.File, unsafePath string, mode os.FileMode) at vendor/github.com/cyphar/filepath-securejoin/pathrs-lite/mkdir_purego.go:40}","14","3"
"1ce140d1055a7bb93503b7919cc073a5073cc170","MOVE_RENAME","{function_declaration slices_DeleteFunc(slice S, delFn func(E) bool) at vendor/github.com/cyphar/filepath-securejoin/gocompat_generics_go121.go:14}","{function_declaration SlicesDeleteFunc(slice S, delFn func(E) bool) at vendor/github.com/cyphar/filepath-securejoin/pathrs-lite/internal/gocompat/gocompat_generics_go121.go:18}","3","3"
"1ce140d1055a7bb93503b7919cc073a5073cc170","MOVE","{method_declaration push(dir *os.File, remainingPath, linkTarget string) at vendor/github.com/cyphar/filepath-securejoin/lookup_linux.go:110}","{method_declaration push(dir *os.File, remainingPath, linkTarget string) at vendor/github.com/cyphar/filepath-securejoin/pathrs-lite/internal/gopathrs/lookup_linux.go:121}","23","23"
"1ce140d1055a7bb93503b7919cc073a5073cc170","MOVE_RENAME","{function_declaration fstatfs(f *os.File) at vendor/github.com/cyphar/filepath-securejoin/procfs_linux.go:27}","{function_declaration Fstatfs(fd Fd) at vendor/github.com/cyphar/filepath-securejoin/pathrs-lite/internal/fd/fd_linux.go:51}","7","8"
"1ce140d1055a7bb93503b7919cc073a5073cc170","MOVE_RENAME","{function_declaration openTree(dir *os.File, path string, flags uint) at vendor/github.com/cyphar/filepath-securejoin/procfs_linux.go:115}","{function_declaration OpenTree(dir Fd, path string, flags uint) at vendor/github.com/cyphar/filepath-securejoin/pathrs-lite/internal/fd/mount_linux.go:44}","15","11"
"1ce140d1055a7bb93503b7919cc073a5073cc170","MOVE","{method_declaration Is(target error) at vendor/github.com/cyphar/filepath-securejoin/gocompat_errors_unsupported.go:18}","{method_declaration Is(target error) at vendor/github.com/cyphar/filepath-securejoin/pathrs-lite/internal/gocompat/gocompat_errors_unsupported.go:20}","3","3"
"1ce140d1055a7bb93503b7919cc073a5073cc170","MOVE","{function_declaration scopedLookupShouldRetry(how *unix.OpenHow, err error) at vendor/github.com/cyphar/filepath-securejoin/openat2_linux.go:31}","{function_declaration scopedLookupShouldRetry(how *unix.OpenHow, err error) at vendor/github.com/cyphar/filepath-securejoin/pathrs-lite/internal/fd/openat2_linux.go:22}","12","12"
"1ce140d1055a7bb93503b7919cc073a5073cc170","MOVE","{function_declaration clonePrivateProcMount() at vendor/github.com/cyphar/filepath-securejoin/procfs_linux.go:131}","{function_declaration clonePrivateProcMount() at vendor/github.com/cyphar/filepath-securejoin/pathrs-lite/internal/procfs/procfs_linux.go:130}","21","18"
"1ce140d1055a7bb93503b7919cc073a5073cc170","MOVE","{method_declaration Close() at vendor/github.com/cyphar/filepath-securejoin/lookup_linux.go:36}","{method_declaration Close() at vendor/github.com/cyphar/filepath-securejoin/pathrs-lite/internal/gopathrs/lookup_linux.go:47}","3","3"
"1ce140d1055a7bb93503b7919cc073a5073cc170","MOVE_RENAME","{function_declaration wrapBaseError(baseErr, extraErr error) at vendor/github.com/cyphar/filepath-securejoin/gocompat_errors_go120.go:16}","{function_declaration WrapBaseError(baseErr, extraErr error) at vendor/github.com/cyphar/filepath-securejoin/pathrs-lite/internal/gocompat/gocompat_errors_go120.go:17}","3","3"
"1ce140d1055a7bb93503b7919cc073a5073cc170","MOVE","{function_declaration MkdirAllHandle(root *os.File, unsafePath string, mode os.FileMode) at vendor/github.com/cyphar/filepath-securejoin/mkdir_linux.go:69}","{function_declaration MkdirAllHandle(root *os.File, unsafePath string, mode os.FileMode) at vendor/github.com/cyphar/filepath-securejoin/pathrs-lite/internal/gopathrs/mkdir_linux.go:80}","133","133"
"1ce140d1055a7bb93503b7919cc073a5073cc170","MOVE_RENAME","{function_declaration slices_IndexFunc(s S, f func(E) bool) at vendor/github.com/cyphar/filepath-securejoin/gocompat_generics_unsupported.go:28}","{function_declaration slicesIndexFunc(s S, f func(E) bool) at vendor/github.com/cyphar/filepath-securejoin/pathrs-lite/internal/gocompat/gocompat_generics_unsupported.go:32}","8","8"
"1ce140d1055a7bb93503b7919cc073a5073cc170","RENAME","{function_declaration min(a, b uint) at vendor/github.com/opencontainers/selinux/go-selinux/selinux_linux.go:650}","{function_declaration minInt(a, b int) at vendor/github.com/opencontainers/selinux/go-selinux/selinux_linux.go:744}","6","6"
"1ce140d1055a7bb93503b7919cc073a5073cc170","MOVE_RENAME","{function_declaration sync_OnceValues(f func() (T1, T2)) at vendor/github.com/cyphar/filepath-securejoin/gocompat_generics_unsupported.go:98}","{function_declaration SyncOnceValues(f func() (T1, T2)) at vendor/github.com/cyphar/filepath-securejoin/pathrs-lite/internal/gocompat/gocompat_generics_unsupported.go:110}","27","30"
"1ce140d1055a7bb93503b7919cc073a5073cc170","MOVE","{function_declaration MkdirAll(root, unsafePath string, mode os.FileMode) at vendor/github.com/cyphar/filepath-securejoin/mkdir_linux.go:223}","{function_declaration MkdirAll(root, unsafePath string, mode os.FileMode) at vendor/github.com/cyphar/filepath-securejoin/pathrs-lite/mkdir.go:42}","14","14"
"1ce140d1055a7bb93503b7919cc073a5073cc170","MOVE_RENAME","{function_declaration wrapBaseError(baseErr, extraErr error) at vendor/github.com/cyphar/filepath-securejoin/gocompat_errors_unsupported.go:33}","{function_declaration WrapBaseError(baseErr, extraErr error) at vendor/github.com/cyphar/filepath-securejoin/pathrs-lite/internal/gocompat/gocompat_errors_unsupported.go:35}","6","6"
"1ce140d1055a7bb93503b7919cc073a5073cc170","MOVE_RENAME","{function_declaration fsmount(ctx *os.File, flags, mountAttrs int) at vendor/github.com/cyphar/filepath-securejoin/procfs_linux.go:87}","{function_declaration Fsmount(ctx Fd, flags, mountAttrs int) at vendor/github.com/cyphar/filepath-securejoin/pathrs-lite/internal/fd/mount_linux.go:33}","9","9"
"1ce140d1055a7bb93503b7919cc073a5073cc170","MOVE","{method_declaration IsEmpty() at vendor/github.com/cyphar/filepath-securejoin/lookup_linux.go:42}","{method_declaration IsEmpty() at vendor/github.com/cyphar/filepath-securejoin/pathrs-lite/internal/gopathrs/lookup_linux.go:53}","3","3"
"1ce140d1055a7bb93503b7919cc073a5073cc170","EXTRACT_MOVE","{function_declaration OpenInRoot(root, unsafePath string) at vendor/github.com/cyphar/filepath-securejoin/open_linux.go:43}","{function_declaration OpenatInRoot(root *os.File, unsafePath string) at vendor/github.com/cyphar/filepath-securejoin/pathrs-lite/open_purego.go:23}","8","3"
"1ce140d1055a7bb93503b7919cc073a5073cc170","MOVE","{method_declaration String() at vendor/github.com/cyphar/filepath-securejoin/lookup_linux.go:32}","{method_declaration String() at vendor/github.com/cyphar/filepath-securejoin/pathrs-lite/internal/gopathrs/lookup_linux.go:43}","3","3"
"1ce140d1055a7bb93503b7919cc073a5073cc170","MOVE","{method_declaration Close() at vendor/github.com/cyphar/filepath-securejoin/lookup_linux.go:46}","{method_declaration Close() at vendor/github.com/cyphar/filepath-securejoin/pathrs-lite/internal/gopathrs/lookup_linux.go:57}","9","9"
"1ce140d1055a7bb93503b7919cc073a5073cc170","MOVE_RENAME","{function_declaration slices_Contains(slice S, val E) at vendor/github.com/cyphar/filepath-securejoin/gocompat_generics_go121.go:18}","{function_declaration SlicesContains(slice S, val E) at vendor/github.com/cyphar/filepath-securejoin/pathrs-lite/internal/gocompat/gocompat_generics_go121.go:23}","3","3"
"1ce140d1055a7bb93503b7919cc073a5073cc170","MOVE","{function_declaration newPrivateProcMount() at vendor/github.com/cyphar/filepath-securejoin/procfs_linux.go:97}","{function_declaration newPrivateProcMount(subset bool) at vendor/github.com/cyphar/filepath-securejoin/pathrs-lite/internal/procfs/procfs_linux.go:99}","17","30"
"1ce140d1055a7bb93503b7919cc073a5073cc170","MOVE","{function_declaration toUnixMode(mode os.FileMode) at vendor/github.com/cyphar/filepath-securejoin/mkdir_linux.go:29}","{function_declaration toUnixMode(mode os.FileMode) at vendor/github.com/cyphar/filepath-securejoin/pathrs-lite/internal/gopathrs/mkdir_linux.go:38}","21","21"
"1ce140d1055a7bb93503b7919cc073a5073cc170","MOVE_RENAME","{function_declaration slices_Clone(slice S) at vendor/github.com/cyphar/filepath-securejoin/gocompat_generics_go121.go:22}","{function_declaration SlicesClone(slice S) at vendor/github.com/cyphar/filepath-securejoin/pathrs-lite/internal/gocompat/gocompat_generics_go121.go:28}","3","3"
"1ce140d1055a7bb93503b7919cc073a5073cc170","MOVE","{function_declaration unsafeHostProcRoot() at vendor/github.com/cyphar/filepath-securejoin/procfs_linux.go:167}","{function_declaration unsafeHostProcRoot() at vendor/github.com/cyphar/filepath-securejoin/pathrs-lite/internal/procfs/procfs_linux.go:163}","15","12"
"1ce140d1055a7bb93503b7919cc073a5073cc170","MOVE","{function_declaration completeLookupInRoot(root *os.File, unsafePath string) at vendor/github.com/cyphar/filepath-securejoin/lookup_linux.go:166}","{function_declaration completeLookupInRoot(root fd.Fd, unsafePath string) at vendor/github.com/cyphar/filepath-securejoin/pathrs-lite/internal/gopathrs/lookup_linux.go:177}","10","10"
"1ce140d1055a7bb93503b7919cc073a5073cc170","MOVE_RENAME","{function_declaration sync_OnceValue(f func() T) at vendor/github.com/cyphar/filepath-securejoin/gocompat_generics_go121.go:26}","{function_declaration SyncOnceValue(f func() T) at vendor/github.com/cyphar/filepath-securejoin/pathrs-lite/internal/gocompat/gocompat_generics_go121.go:33}","3","3"
"f33a6e5a92594a84193129635e0a9e5ac5824d69"
"ea83385231f1f35d12c8a7d62c3e0626cf3df336"
"b6e83d29fc65a45424f72a347ab99e6a86fa1f80"
"4b20e5c3fe37533984fbf60bc1acfa01380a2bb0"
"71ddb98ae4dabacae8887f29fb9a3d919f60f5a2"
"5ac2ffcc1e3f6ab1b4c53697a0214f0634f9a5de"
"0e883083bf9c85cb35fd1dc1888294bccfcd4caa"
"10b73f8ef9fa92d5494ebc1999b52e0053876661"
"21920bb37e99ef6f3778c87224d8218327d8df4b"
"0f88a9a17e48b14b2101d59c2ead538b7b943c25"
"8920eb91077a9ecc03e66319e5515c201a2ea632"
"66248c262c3e9c98f8f4f99ec55046268970761a"
"1733d8fc8c8916e426b19a3bf22fe1f763606471","CHANGE_SIGNATURE","{function_declaration MakePodWithResizableContainers(ns, name, timeStamp string, tcInfo []ResizableContainerInfo) at test/e2e/common/node/framework/podresize/resize.go:80}","{function_declaration MakePodWithResizableContainers(ns, name, timeStamp string, tcInfo []ResizableContainerInfo, podResources *v1.ResourceRequirements) at test/e2e/common/node/framework/podresize/resize.go:80}","22","27"
"1733d8fc8c8916e426b19a3bf22fe1f763606471","CHANGE_SIGNATURE","{function_declaration createAndVerifyPod(ctx context.Context, f *framework.Framework, podClient *e2epod.PodClient, originalContainers []podresize.ResizableContainerInfo) at test/e2e/common/node/pod_resize.go:848}","{function_declaration createAndVerifyPod(ctx context.Context, f *framework.Framework, podClient *e2epod.PodClient, originalContainers []podresize.ResizableContainerInfo, podResources *v1.ResourceRequirements, mountPodCgroup bool) at test/e2e/common/node/pod_resize.go:890}","14","24"
"1733d8fc8c8916e426b19a3bf22fe1f763606471","CHANGE_SIGNATURE","{function_declaration getExpectedMemLimitString(rr *v1.ResourceRequirements, podOnCgroupv2 bool) at test/e2e/common/node/framework/cgroups/cgroups.go:210}","{function_declaration getExpectedMemLimitString(memLimit *resource.Quantity, podOnCgroupv2 bool) at test/e2e/common/node/framework/cgroups/cgroups.go:210}","8","8"
"1733d8fc8c8916e426b19a3bf22fe1f763606471","CHANGE_SIGNATURE","{function_declaration getExpectedCPUShares(rr *v1.ResourceRequirements, podOnCgroupv2 bool) at test/e2e/common/node/framework/cgroups/cgroups_linux.go:27}","{function_declaration getExpectedCPUShares(cpuRequest, cpuLimit *resource.Quantity, podOnCgroupv2 bool) at test/e2e/common/node/framework/cgroups/cgroups_linux.go:27}","24","22"
"1733d8fc8c8916e426b19a3bf22fe1f763606471","CHANGE_SIGNATURE","{function_declaration getExpectedCPUShares(rr *v1.ResourceRequirements, podOnCgroupv2 bool) at test/e2e/common/node/framework/cgroups/cgroups_unsupported.go:23}","{function_declaration getExpectedCPUShares(cpuRequest, cpuLimit *resource.Quantity, podOnCgroupv2 bool) at test/e2e/common/node/framework/cgroups/cgroups_unsupported.go:23}","4","4"
"1733d8fc8c8916e426b19a3bf22fe1f763606471","CHANGE_SIGNATURE","{function_declaration VerifyPodResources(gotPod *v1.Pod, wantInfo []ResizableContainerInfo) at test/e2e/common/node/framework/podresize/resize.go:157}","{function_declaration VerifyPodResources(gotPod *v1.Pod, wantInfo []ResizableContainerInfo, wantPodResources *v1.ResourceRequirements) at test/e2e/common/node/framework/podresize/resize.go:162}","18","20"
"1733d8fc8c8916e426b19a3bf22fe1f763606471","CHANGE_SIGNATURE","{function_declaration doPatchAndRollback(ctx context.Context, f *framework.Framework, originalContainers, expectedContainers []podresize.ResizableContainerInfo, doRollback bool) at test/e2e/common/node/pod_resize.go:816}","{function_declaration doPatchAndRollback(ctx context.Context, f *framework.Framework, originalContainers, expectedContainers []podresize.ResizableContainerInfo, originalPodResources, expectedPodResources *v1.ResourceRequirements, doRollback bool, mountPodCgroup bool) at test/e2e/common/node/pod_resize.go:828}","18","18"
"1733d8fc8c8916e426b19a3bf22fe1f763606471","CHANGE_SIGNATURE","{function_declaration MakeResizePatch(originalContainers, desiredContainers []ResizableContainerInfo) at test/e2e/common/node/framework/podresize/resize.go:356}","{function_declaration MakeResizePatch(originalContainers, desiredContainers []ResizableContainerInfo, originPodResources, desiredPodResources *v1.ResourceRequirements) at test/e2e/common/node/framework/podresize/resize.go:421}","12","12"
"edc3b77cf8a22cf819c5cd54265366f5e2570f3a"
"11ff4efcdebfd65f72c99aec8c60a1a8cface35c","EXTRACT","{method_declaration IsPodResizeInProgress(allocatedPod *v1.Pod, podStatus *kubecontainer.PodStatus) at pkg/kubelet/kuberuntime/kuberuntime_manager.go:1971}","{method_declaration isContainerResourceResizeInProgress(allocatedPod *v1.Pod, podStatus *kubecontainer.PodStatus) at pkg/kubelet/kuberuntime/kuberuntime_manager.go:2103}","22","22"
"7645eb70e92aab318aa20c5f3f8c344bf945f7ac","INLINE","{function_declaration determineContainerReqs(pod *v1.Pod, container *v1.Container, cs *v1.ContainerStatus) at staging/src/k8s.io/component-helpers/resource/helpers.go:253}","{function_declaration AggregateContainerRequests(pod *v1.Pod, opts PodResourcesOptions) at staging/src/k8s.io/component-helpers/resource/helpers.go:191}","6","89"
"84776abaff4ed2487515f0ebd94e290e7c66065f","EXTRACT","{function_declaration dropCPUMemoryResourcesFromContainer(container *core.Container, oldPodSpecContainer *core.Container) at pkg/apis/core/validation/validation.go:6355}","{function_declaration dropCPUMemoryUpdates(resourceList, oldResourceList core.ResourceList) at pkg/apis/core/validation/validation.go:6417}","25","20"
"b8777c32633ecfb214b02073369edadd23e8e9ec"
"efc3126b76833fb60ff92de47bfeaf4e15a108f6"
"69c1fd72aa0cbf7de8c443164585a279bf0e3bfc"
"6d3013425695862ef8923415cb2540fcab5680f2"
"d26b44540e332528365e3812386b0a5bcdc3ba48"
"805eb885e3e91e50d8af8e5b9485775eaa3a6d40"
"0b47a378611e4aaf3cab9ce87a6f52dcf92d132e","RENAME","{method_declaration getContainersToRemove(ctx context.Context, containers []v1.Container, podStatus *kubecontainer.PodStatus) at pkg/kubelet/kuberuntime/kuberuntime_manager.go:1237}","{method_declaration getContainersToReset(containers []v1.Container, podStatus *kubecontainer.PodStatus) at pkg/kubelet/kuberuntime/kuberuntime_manager.go:1238}","26","28"
"2f55207dffd20173c3dd42ab3ad642d49e95429b"
"094b1bf01882c363023dc73c863846687f1e0244"
"2c81b6e8adc3a6dbb5d282a90c4960f7d54d0737"
"bb822259984241fe5d84d59ef9ac31406dfd727e"
"99ceb20173826b77a0c2276628929c93376b5f34","RENAME","{function_declaration copyTestData(t *testing.T, dstDir string, testdataDir string, src []string) at pkg/kubelet/images/pullmanager/image_pull_manager_test.go:1490}","{function_declaration teeTestData(t *testing.T, dstDir string, testdataDir string, src []string) at pkg/kubelet/images/pullmanager/image_pull_manager_test.go:1490}","11","15"
"99ceb20173826b77a0c2276628929c93376b5f34","EXTRACT","{function_declaration createKubeletConfigSchemeEncoderDecoder() at pkg/kubelet/images/pullmanager/fs_pullrecords.go:313}","{function_declaration getKubeletConfigSerializerInfo() at pkg/kubelet/images/pullmanager/fs_pullrecords.go:362}","20","23"
"6fd9878056c0fd08905a27cddf30fb758c1f25d0"
"aceb89debc2632c5c9956c8b7ef591426a485447","CHANGE_SIGNATURE","{method_declaration matchNodeInclusionPolicies(pod *v1.Pod, node *v1.Node, require nodeaffinity.RequiredNodeAffinity) at pkg/scheduler/framework/plugins/podtopologyspread/common.go:42}","{method_declaration matchNodeInclusionPolicies(logger klog.Logger, pod *v1.Pod, node *v1.Node, require nodeaffinity.RequiredNodeAffinity, enableComparisonOperators bool) at pkg/scheduler/framework/plugins/podtopologyspread/common.go:43}","15","15"
"aceb89debc2632c5c9956c8b7ef591426a485447","CHANGE_SIGNATURE","{function_declaration readyForTests(node *v1.Node, nonblockingTaints string) at test/e2e/framework/node/wait.go:300}","{function_declaration readyForTests(logger klog.Logger, node *v1.Node, nonblockingTaints string) at test/e2e/framework/node/wait.go:304}","14","14"
"aceb89debc2632c5c9956c8b7ef591426a485447","CHANGE_SIGNATURE","{function_declaration toleratesTaintsWithNoScheduleNoExecuteEffects(taints []v1.Taint, tolerations []v1.Toleration) at test/e2e/framework/node/resource.go:419}","{function_declaration toleratesTaintsWithNoScheduleNoExecuteEffects(logger klog.Logger, taints []v1.Taint, tolerations []v1.Toleration) at test/e2e/framework/node/resource.go:422}","26","27"
"aceb89debc2632c5c9956c8b7ef591426a485447","CHANGE_SIGNATURE","{function_declaration ValidateTolerationsInPodAnnotations(annotations map[string]string, fldPath *field.Path) at pkg/apis/core/validation/validation.go:217}","{function_declaration ValidateTolerationsInPodAnnotations(annotations map[string]string, fldPath *field.Path, opts PodValidationOptions) at pkg/apis/core/validation/validation.go:219}","15","15"
"aceb89debc2632c5c9956c8b7ef591426a485447","CHANGE_SIGNATURE","{function_declaration TolerationsTolerateTaint(tolerations []v1.Toleration, taint *v1.Taint) at staging/src/k8s.io/component-helpers/scheduling/corev1/helpers.go:63}","{function_declaration TolerationsTolerateTaint(logger klog.Logger, tolerations []v1.Toleration, taint *v1.Taint, enableComparisonOperators bool) at staging/src/k8s.io/component-helpers/scheduling/corev1/helpers.go:64}","8","8"
"aceb89debc2632c5c9956c8b7ef591426a485447","CHANGE_SIGNATURE","{function_declaration isNodeUntainted(node *v1.Node) at test/e2e/framework/node/resource.go:389}","{function_declaration isNodeUntainted(logger klog.Logger, node *v1.Node) at test/e2e/framework/node/resource.go:392}","3","3"
"aceb89debc2632c5c9956c8b7ef591426a485447","CHANGE_SIGNATURE","{function_declaration IsNodeReady(node *v1.Node) at test/e2e/framework/node/resource.go:459}","{function_declaration IsNodeReady(logger klog.Logger, node *v1.Node) at test/e2e/framework/node/resource.go:464}","6","6"
"aceb89debc2632c5c9956c8b7ef591426a485447","CHANGE_SIGNATURE","{function_declaration ValidateTolerations(tolerations []core.Toleration, fldPath *field.Path) at pkg/apis/core/validation/validation.go:4344}","{function_declaration ValidateTolerations(tolerations []core.Toleration, fldPath *field.Path, opts PodValidationOptions) at pkg/apis/core/validation/validation.go:4346}","43","60"
"aceb89debc2632c5c9956c8b7ef591426a485447","CHANGE_SIGNATURE","{method_declaration ToleratesTaint(taint *Taint) at staging/src/k8s.io/api/core/v1/toleration.go:38}","{method_declaration ToleratesTaint(logger klog.Logger, taint *Taint, enableComparisonOperators bool) at staging/src/k8s.io/api/core/v1/toleration.go:52}","20","26"
"aceb89debc2632c5c9956c8b7ef591426a485447","CHANGE_SIGNATURE","{function_declaration isNodeUntaintedWithNonblocking(node *v1.Node, nonblockingTaints string) at test/e2e/framework/node/resource.go:395}","{function_declaration isNodeUntaintedWithNonblocking(logger klog.Logger, node *v1.Node, nonblockingTaints string) at test/e2e/framework/node/resource.go:398}","23","23"
"aceb89debc2632c5c9956c8b7ef591426a485447","CHANGE_SIGNATURE","{method_declaration updateWithPod(s *preFilterState, updatedPod, preemptorPod *v1.Pod, node *v1.Node, delta int) at pkg/scheduler/framework/plugins/podtopologyspread/filtering.go:178}","{method_declaration updateWithPod(logger klog.Logger, s *preFilterState, updatedPod, preemptorPod *v1.Pod, node *v1.Node, delta int) at pkg/scheduler/framework/plugins/podtopologyspread/filtering.go:181}","33","33"
"aceb89debc2632c5c9956c8b7ef591426a485447","CHANGE_SIGNATURE","{function_declaration IsNodeSchedulable(node *v1.Node) at test/e2e/framework/node/resource.go:449}","{function_declaration IsNodeSchedulable(logger klog.Logger, node *v1.Node) at test/e2e/framework/node/resource.go:453}","6","7"
"aceb89debc2632c5c9956c8b7ef591426a485447","CHANGE_SIGNATURE","{function_declaration predicates(pod *v1.Pod, node *v1.Node, taints []v1.Taint) at pkg/controller/daemon/daemon_controller.go:1317}","{function_declaration predicates(logger klog.Logger, pod *v1.Pod, node *v1.Node, taints []v1.Taint) at pkg/controller/daemon/daemon_controller.go:1319}","10","10"
"aceb89debc2632c5c9956c8b7ef591426a485447","CHANGE_SIGNATURE","{function_declaration GetMatchingTolerations(taints []v1.Taint, tolerations []v1.Toleration) at pkg/apis/core/v1/helper/helpers.go:290}","{function_declaration GetMatchingTolerations(logger klog.Logger, taints []v1.Taint, tolerations []v1.Toleration) at pkg/apis/core/v1/helper/helpers.go:293}","23","24"
"aceb89debc2632c5c9956c8b7ef591426a485447","CHANGE_SIGNATURE","{function_declaration preCheckForNode(nodeInfo *framework.NodeInfo) at pkg/scheduler/eventhandlers.go:727}","{function_declaration preCheckForNode(logger klog.Logger, nodeInfo *framework.NodeInfo) at pkg/scheduler/eventhandlers.go:727}","20","22"
"aceb89debc2632c5c9956c8b7ef591426a485447","CHANGE_SIGNATURE","{function_declaration isNodeSchedulableWithoutTaints(node *v1.Node) at test/e2e/framework/node/resource.go:470}","{function_declaration isNodeSchedulableWithoutTaints(logger klog.Logger, node *v1.Node) at test/e2e/framework/node/resource.go:475}","3","3"
"aceb89debc2632c5c9956c8b7ef591426a485447","CHANGE_SIGNATURE","{function_declaration FindMatchingUntoleratedTaint(taints []v1.Taint, tolerations []v1.Toleration, inclusionFilter taintsFilterFunc) at staging/src/k8s.io/component-helpers/scheduling/corev1/helpers.go:78}","{function_declaration FindMatchingUntoleratedTaint(logger klog.Logger, taints []v1.Taint, tolerations []v1.Toleration, inclusionFilter taintsFilterFunc, enableComparisonOperators bool) at staging/src/k8s.io/component-helpers/scheduling/corev1/helpers.go:79}","9","9"
"aceb89debc2632c5c9956c8b7ef591426a485447","CHANGE_SIGNATURE","{function_declaration NodeShouldRunDaemonPod(node *v1.Node, ds *apps.DaemonSet) at pkg/controller/daemon/daemon_controller.go:1291}","{function_declaration NodeShouldRunDaemonPod(logger klog.Logger, node *v1.Node, ds *apps.DaemonSet) at pkg/controller/daemon/daemon_controller.go:1293}","24","24"
"aceb89debc2632c5c9956c8b7ef591426a485447","CHANGE_SIGNATURE","{function_declaration validateOnlyAddedTolerations(newTolerations []core.Toleration, oldTolerations []core.Toleration, fldPath *field.Path) at pkg/apis/core/validation/validation.go:4287}","{function_declaration validateOnlyAddedTolerations(newTolerations []core.Toleration, oldTolerations []core.Toleration, fldPath *field.Path, opts PodValidationOptions) at pkg/apis/core/validation/validation.go:4289}","22","22"
"aceb89debc2632c5c9956c8b7ef591426a485447","CHANGE_SIGNATURE","{function_declaration generalFilter(pod *v1.Pod, nodeInfo *schedulerframework.NodeInfo) at pkg/kubelet/lifecycle/predicate.go:415}","{function_declaration generalFilter(logger klog.Logger, pod *v1.Pod, nodeInfo *schedulerframework.NodeInfo) at pkg/kubelet/lifecycle/predicate.go:417}","29","29"
"aac951d902224fadeeb5a8da32363dc2ee559db3","CHANGE_SIGNATURE","{method_declaration SyncPod(_ context.Context, pod *v1.Pod, _ *kubecontainer.PodStatus, _ []v1.Secret, backOff *flowcontrol.Backoff, _ *v1.PodStatus) at pkg/kubelet/container/testing/fake_runtime.go:240}","{method_declaration SyncPod(_ context.Context, pod *v1.Pod, _ *kubecontainer.PodStatus, _ []v1.Secret, backOff *flowcontrol.Backoff, _ bool) at pkg/kubelet/container/testing/fake_runtime.go:240}","18","18"
"aac951d902224fadeeb5a8da32363dc2ee559db3","CHANGE_SIGNATURE","{method_declaration SyncPod(ctx context.Context, pod *v1.Pod, podStatus *kubecontainer.PodStatus, pullSecrets []v1.Secret, backOff *flowcontrol.Backoff, apiPodStatus *v1.PodStatus) at pkg/kubelet/kuberuntime/kuberuntime_manager.go:1285}","{method_declaration SyncPod(ctx context.Context, pod *v1.Pod, podStatus *kubecontainer.PodStatus, pullSecrets []v1.Secret, backOff *flowcontrol.Backoff, restartAllContainers bool) at pkg/kubelet/kuberuntime/kuberuntime_manager.go:1274}","315","315"
"aac951d902224fadeeb5a8da32363dc2ee559db3","CHANGE_SIGNATURE","{method_declaration computePodActions(ctx context.Context, pod *v1.Pod, podStatus *kubecontainer.PodStatus, apiPodStatus *v1.PodStatus) at pkg/kubelet/kuberuntime/kuberuntime_manager.go:1023}","{method_declaration computePodActions(ctx context.Context, pod *v1.Pod, podStatus *kubecontainer.PodStatus, restartAllContainers bool) at pkg/kubelet/kuberuntime/kuberuntime_manager.go:1023}","224","213"
"aac951d902224fadeeb5a8da32363dc2ee559db3","CHANGE_SIGNATURE","{method_declaration Run(run func(ctx context.Context, pod *v10.Pod, podStatus *container.PodStatus, pullSecrets []v10.Secret, backOff *flowcontrol.Backoff, apiPodStatus *v10.PodStatus)) at pkg/kubelet/container/testing/mocks.go:1522}","{method_declaration Run(run func(ctx context.Context, pod *v10.Pod, podStatus *container.PodStatus, pullSecrets []v10.Secret, backOff *flowcontrol.Backoff, restartAllContainers bool)) at pkg/kubelet/container/testing/mocks.go:1522}","37","37"
"aac951d902224fadeeb5a8da32363dc2ee559db3","CHANGE_SIGNATURE","{method_declaration SyncPod(ctx interface{}, pod interface{}, podStatus interface{}, pullSecrets interface{}, backOff interface{}, apiPodStatus interface{}) at pkg/kubelet/container/testing/mocks.go:1518}","{method_declaration SyncPod(ctx interface{}, pod interface{}, podStatus interface{}, pullSecrets interface{}, backOff interface{}, restartAllContainers interface{}) at pkg/kubelet/container/testing/mocks.go:1518}","3","3"
"aac951d902224fadeeb5a8da32363dc2ee559db3","CHANGE_SIGNATURE","{method_declaration SyncPod(ctx context.Context, pod *v10.Pod, podStatus *container.PodStatus, pullSecrets []v10.Secret, backOff *flowcontrol.Backoff, apiPodStatus *v10.PodStatus) at pkg/kubelet/container/testing/mocks.go:1490}","{method_declaration SyncPod(ctx context.Context, pod *v10.Pod, podStatus *container.PodStatus, pullSecrets []v10.Secret, backOff *flowcontrol.Backoff, restartAllContainers bool) at pkg/kubelet/container/testing/mocks.go:1490}","15","15"
"aac951d902224fadeeb5a8da32363dc2ee559db3","RENAME","{function_declaration TestValidateContainerRestartRulesOnSidecarOption(t *testing.T) at pkg/api/pod/util_test.go:6317}","{function_declaration TestValidateRestartAllContainersOption(t *testing.T) at pkg/api/pod/util_test.go:6317}","58","79"
"aac951d902224fadeeb5a8da32363dc2ee559db3","CHANGE_SIGNATURE","{method_declaration RunAndReturn(run func(ctx context.Context, pod *v10.Pod, podStatus *container.PodStatus, pullSecrets []v10.Secret, backOff *flowcontrol.Backoff, apiPodStatus *v10.PodStatus) container.PodSyncResult) at pkg/kubelet/container/testing/mocks.go:1565}","{method_declaration RunAndReturn(run func(ctx context.Context, pod *v10.Pod, podStatus *container.PodStatus, pullSecrets []v10.Secret, backOff *flowcontrol.Backoff, restartAllContainers bool) container.PodSyncResult) at pkg/kubelet/container/testing/mocks.go:1565}","4","4"
"97c3f575b98c29ecaf5d4b96a9139e12e21ae20f","CHANGE_SIGNATURE","{function_declaration ValidateContainerStateTransition(newStatuses, oldStatuses []core.ContainerStatus, fldPath *field.Path, podSpec core.PodSpec) at pkg/apis/core/validation/validation.go:5807}","{function_declaration ValidateContainerStateTransition(newStatuses, oldStatuses []core.ContainerStatus, fldPath *field.Path, podSpec core.PodSpec, opts PodValidationOptions) at pkg/apis/core/validation/validation.go:5806}","58","63"
"97c3f575b98c29ecaf5d4b96a9139e12e21ae20f","CHANGE_SIGNATURE","{function_declaration ValidateInitContainerStateTransition(newStatuses, oldStatuses []core.ContainerStatus, fldpath *field.Path, podSpec core.PodSpec) at pkg/apis/core/validation/validation.go:5867}","{function_declaration ValidateInitContainerStateTransition(newStatuses, oldStatuses []core.ContainerStatus, fldpath *field.Path, podSpec core.PodSpec, opts PodValidationOptions) at pkg/apis/core/validation/validation.go:5871}","72","77"
"97c3f575b98c29ecaf5d4b96a9139e12e21ae20f","CHANGE_SIGNATURE","{function_declaration validateContainerRestartPolicy(policy *core.ContainerRestartPolicy, rules []core.ContainerRestartRule, fldPath *field.Path) at pkg/apis/core/validation/validation.go:3675}","{function_declaration validateContainerRestartPolicy(policy *core.ContainerRestartPolicy, rules []core.ContainerRestartRule, fldPath *field.Path, opts PodValidationOptions) at pkg/apis/core/validation/validation.go:3670}","37","41"
"2eb1eeeabf00b29814a5268bdd7c96d62d915934","CHANGE_SIGNATURE","{function_declaration ValidateContainerStateTransition(newStatuses, oldStatuses []core.ContainerStatus, fldPath *field.Path, pod core.Pod) at pkg/apis/core/validation/validation.go:5807}","{function_declaration ValidateContainerStateTransition(newStatuses, oldStatuses []core.ContainerStatus, fldPath *field.Path, podSpec core.PodSpec) at pkg/apis/core/validation/validation.go:5807}","58","58"
"2eb1eeeabf00b29814a5268bdd7c96d62d915934","CHANGE_SIGNATURE","{function_declaration ValidateInitContainerStateTransition(newStatuses, oldStatuses []core.ContainerStatus, fldpath *field.Path, pod core.Pod) at pkg/apis/core/validation/validation.go:5867}","{function_declaration ValidateInitContainerStateTransition(newStatuses, oldStatuses []core.ContainerStatus, fldpath *field.Path, podSpec core.PodSpec) at pkg/apis/core/validation/validation.go:5867}","73","72"
"83c5cd5526fd0dbbaadbd530cabf38e5df578102","CHANGE_SIGNATURE","{method_declaration Run(run func(ctx context.Context, pod *v10.Pod, podStatus *container.PodStatus, pullSecrets []v10.Secret, backOff *flowcontrol.Backoff)) at pkg/kubelet/container/testing/mocks.go:1521}","{method_declaration Run(run func(ctx context.Context, pod *v10.Pod, podStatus *container.PodStatus, pullSecrets []v10.Secret, backOff *flowcontrol.Backoff, apiPodStatus *v10.PodStatus)) at pkg/kubelet/container/testing/mocks.go:1522}","32","37"
"83c5cd5526fd0dbbaadbd530cabf38e5df578102","CHANGE_SIGNATURE","{method_declaration SyncPod(ctx context.Context, pod *v10.Pod, podStatus *container.PodStatus, pullSecrets []v10.Secret, backOff *flowcontrol.Backoff) at pkg/kubelet/container/testing/mocks.go:1490}","{method_declaration SyncPod(ctx context.Context, pod *v10.Pod, podStatus *container.PodStatus, pullSecrets []v10.Secret, backOff *flowcontrol.Backoff, apiPodStatus *v10.PodStatus) at pkg/kubelet/container/testing/mocks.go:1490}","15","15"
"83c5cd5526fd0dbbaadbd530cabf38e5df578102","CHANGE_SIGNATURE","{method_declaration SyncPod(_ context.Context, pod *v1.Pod, _ *kubecontainer.PodStatus, _ []v1.Secret, backOff *flowcontrol.Backoff) at pkg/kubelet/container/testing/fake_runtime.go:240}","{method_declaration SyncPod(_ context.Context, pod *v1.Pod, _ *kubecontainer.PodStatus, _ []v1.Secret, backOff *flowcontrol.Backoff, _ *v1.PodStatus) at pkg/kubelet/container/testing/fake_runtime.go:240}","18","18"
"83c5cd5526fd0dbbaadbd530cabf38e5df578102","CHANGE_SIGNATURE","{method_declaration computePodActions(ctx context.Context, pod *v1.Pod, podStatus *kubecontainer.PodStatus) at pkg/kubelet/kuberuntime/kuberuntime_manager.go:1008}","{method_declaration computePodActions(ctx context.Context, pod *v1.Pod, podStatus *kubecontainer.PodStatus, apiPodStatus *v1.PodStatus) at pkg/kubelet/kuberuntime/kuberuntime_manager.go:1023}","197","224"
"83c5cd5526fd0dbbaadbd530cabf38e5df578102","CHANGE_SIGNATURE","{method_declaration RunAndReturn(run func(ctx context.Context, pod *v10.Pod, podStatus *container.PodStatus, pullSecrets []v10.Secret, backOff *flowcontrol.Backoff) container.PodSyncResult) at pkg/kubelet/container/testing/mocks.go:1559}","{method_declaration RunAndReturn(run func(ctx context.Context, pod *v10.Pod, podStatus *container.PodStatus, pullSecrets []v10.Secret, backOff *flowcontrol.Backoff, apiPodStatus *v10.PodStatus) container.PodSyncResult) at pkg/kubelet/container/testing/mocks.go:1565}","4","4"
"83c5cd5526fd0dbbaadbd530cabf38e5df578102","CHANGE_SIGNATURE","{function_declaration ValidateContainerStateTransition(newStatuses, oldStatuses []core.ContainerStatus, fldPath *field.Path, podSpec core.PodSpec) at pkg/apis/core/validation/validation.go:5801}","{function_declaration ValidateContainerStateTransition(newStatuses, oldStatuses []core.ContainerStatus, fldPath *field.Path, pod core.Pod) at pkg/apis/core/validation/validation.go:5807}","53","58"
"83c5cd5526fd0dbbaadbd530cabf38e5df578102","RENAME","{function_declaration findMatchingContainerRestartRule(container v1.Container, exitCode int32) at pkg/api/v1/pod/util.go:460}","{function_declaration FindMatchingContainerRestartRule(container v1.Container, exitCode int32) at pkg/api/v1/pod/util.go:465}","25","25"
"83c5cd5526fd0dbbaadbd530cabf38e5df578102","CHANGE_SIGNATURE","{method_declaration SyncPod(ctx interface{}, pod interface{}, podStatus interface{}, pullSecrets interface{}, backOff interface{}) at pkg/kubelet/container/testing/mocks.go:1517}","{method_declaration SyncPod(ctx interface{}, pod interface{}, podStatus interface{}, pullSecrets interface{}, backOff interface{}, apiPodStatus interface{}) at pkg/kubelet/container/testing/mocks.go:1518}","3","3"
"83c5cd5526fd0dbbaadbd530cabf38e5df578102","CHANGE_SIGNATURE","{method_declaration SyncPod(ctx context.Context, pod *v1.Pod, podStatus *kubecontainer.PodStatus, pullSecrets []v1.Secret, backOff *flowcontrol.Backoff) at pkg/kubelet/kuberuntime/kuberuntime_manager.go:1216}","{method_declaration SyncPod(ctx context.Context, pod *v1.Pod, podStatus *kubecontainer.PodStatus, pullSecrets []v1.Secret, backOff *flowcontrol.Backoff, apiPodStatus *v1.PodStatus) at pkg/kubelet/kuberuntime/kuberuntime_manager.go:1285}","291","315"
"83c5cd5526fd0dbbaadbd530cabf38e5df578102","CHANGE_SIGNATURE","{method_declaration convertToAPIContainerStatuses(pod *v1.Pod, podStatus *kubecontainer.PodStatus, previousStatus []v1.ContainerStatus, containers []v1.Container, hasInitContainers, isInitContainer bool) at pkg/kubelet/kubelet_pods.go:2103}","{method_declaration convertToAPIContainerStatuses(pod *v1.Pod, podStatus *kubecontainer.PodStatus, previousStatus []v1.ContainerStatus, containers []v1.Container, hasInitContainers, isInitContainer, podRestarting bool) at pkg/kubelet/kubelet_pods.go:2114}","377","416"
"fab280950dabfefabe6a8578b7a76372a9b21874","CHANGE_SIGNATURE","{method_declaration Apply(rootCmd *cobra.Command, args []string, errOut io.Writer) at staging/src/k8s.io/kubectl/pkg/kuberc/kuberc.go:88}","{method_declaration Apply(rootCmd *cobra.Command, kubeConfigFlags *genericclioptions.ConfigFlags, args []string, errOut io.Writer) at staging/src/k8s.io/kubectl/pkg/kuberc/kuberc.go:96}","33","37"
"fab280950dabfefabe6a8578b7a76372a9b21874","CHANGE_SIGNATURE","{function_declaration addCmdHeaderHooks(cmds *cobra.Command, kubeConfigFlags *genericclioptions.ConfigFlags) at staging/src/k8s.io/kubectl/pkg/cmd/cmd.go:390}","{function_declaration addCmdHeaderHooks(cmds *cobra.Command, kubeConfigFlags *genericclioptions.ConfigFlags, isProxyCmd *atomic.Bool) at staging/src/k8s.io/kubectl/pkg/cmd/cmd.go:393}","25","26"
"d979816a40dc827ddfa94f1df03e2473ba60a2de"
"d82fa1eb98cc5da857b7a9dd45212c942c9c971e"
"8d0fb17a18f057812f5b65350d9c750bbf71def3"
"ad0a3de152ccbe47da58e7a2aa9ec9106544e0e9"
"1225ce509e6f14d09050e91efe4d9c2443e8f66d","EXTRACT","{function_declaration testDeviceBindingConditions(tCtx ktesting.TContext, enabled bool) at test/integration/dra/binding_conditions_test.go:35}","{function_declaration testDeviceBindingConditionsTimeoutReached(tCtx ktesting.TContext) at test/integration/dra/binding_conditions_test.go:382}","198","100"
"1225ce509e6f14d09050e91efe4d9c2443e8f66d","EXTRACT","{function_declaration testDeviceBindingConditions(tCtx ktesting.TContext, enabled bool) at test/integration/dra/binding_conditions_test.go:35}","{function_declaration testDeviceBindingFailureConditionsReschedule(tCtx ktesting.TContext, useTaints bool) at test/integration/dra/binding_conditions_test.go:229}","198","150"
"1225ce509e6f14d09050e91efe4d9c2443e8f66d","EXTRACT","{function_declaration testDeviceBindingConditions(tCtx ktesting.TContext, enabled bool) at test/integration/dra/binding_conditions_test.go:35}","{function_declaration testDeviceBindingConditionsTimeoutRecovery(tCtx ktesting.TContext) at test/integration/dra/binding_conditions_test.go:486}","198","123"
"1225ce509e6f14d09050e91efe4d9c2443e8f66d","EXTRACT","{function_declaration testDeviceBindingConditions(tCtx ktesting.TContext, enabled bool) at test/integration/dra/binding_conditions_test.go:35}","{function_declaration testDeviceBindingConditionsBasicFlow(tCtx ktesting.TContext, enabled bool) at test/integration/dra/binding_conditions_test.go:58}","198","165"
"368e699ed2e8d23d14a087221d94ceb46e86b1b3"
"e88aa1e04d73dabee6f9a64a5728bb3d8535a1ba","RENAME","{function_declaration Test_PutNominatedNodeNameInBindingCycle(t *testing.T) at test/integration/scheduler/nominated_node_name/nominated_node_name_test.go:94}","{function_declaration TestNominatedNodeNameIsSetBeforePreBindAndWaitOnPermit(t *testing.T) at test/integration/scheduler/nominated_node_name/nominated_node_name_test.go:110}","80","94"
"9c5959e9de8ed006499c10320c72f63b314f0383"
"3b3e4dd2c484f419e57aaef3403393dc998c8c8c"
"e6d95a7b381c1b2cdf5780298a267e1f8a79e823"
"b5dae0ffaa03381a2a5d73fbb1053221796fa6cf"
"4d29f88c8865fbf57947b52e0ff60a07ace1fd87"
"7861714e6cc068b5fe1a5885ed3935a9ef9f9b9a","EXTRACT","{function_declaration formatErrors(errs []error) at staging/src/k8s.io/dynamic-resource-allocation/resourceslice/resourceslicecontroller_test.go:1133}","{function_declaration formatError(err error) at staging/src/k8s.io/dynamic-resource-allocation/resourceslice/resourceslicecontroller_test.go:1320}","14","8"
"7861714e6cc068b5fe1a5885ed3935a9ef9f9b9a","EXTRACT","{function_declaration TestControllerSyncPool(t *testing.T) at staging/src/k8s.io/dynamic-resource-allocation/resourceslice/resourceslicecontroller_test.go:55}","{function_declaration joinErrors(errors []string) at staging/src/k8s.io/dynamic-resource-allocation/resourceslice/resourceslicecontroller_test.go:1308}","1077","3"
"38b5750e33ae0acf7dc8cee6173531e215179b00","CHANGE_SIGNATURE","{function_declaration addSlice(pools map[PoolID]*Pool, s *resourceapi.ResourceSlice) at staging/src/k8s.io/dynamic-resource-allocation/structured/internal/experimental/pools_experimental.go:162}","{function_declaration addSlice(pools map[PoolID][]*draapi.ResourceSlice, s *resourceapi.ResourceSlice) at staging/src/k8s.io/dynamic-resource-allocation/structured/internal/experimental/pools_experimental.go:198}","32","30"
"38b5750e33ae0acf7dc8cee6173531e215179b00","CHANGE_SIGNATURE","{function_declaration addSlice(pools map[PoolID]*Pool, s *resourceapi.ResourceSlice) at staging/src/k8s.io/dynamic-resource-allocation/structured/internal/incubating/pools_incubating.go:138}","{function_declaration addSlice(pools map[PoolID][]*draapi.ResourceSlice, s *resourceapi.ResourceSlice) at staging/src/k8s.io/dynamic-resource-allocation/structured/internal/incubating/pools_incubating.go:164}","32","30"
"38b5750e33ae0acf7dc8cee6173531e215179b00","CHANGE_SIGNATURE","{function_declaration sliceWithOneDevice(name string, nodeSelection any, pool, driver string) at staging/src/k8s.io/dynamic-resource-allocation/structured/internal/allocatortesting/allocator_testing.go:801}","{function_declaration sliceWithOneDevice(name string, nodeSelection, pool any, driver string) at staging/src/k8s.io/dynamic-resource-allocation/structured/internal/allocatortesting/allocator_testing.go:847}","3","3"
"38b5750e33ae0acf7dc8cee6173531e215179b00","CHANGE_SIGNATURE","{function_declaration sliceWithMultipleDevices(name string, nodeSelection any, pool, driver string, count int) at staging/src/k8s.io/dynamic-resource-allocation/structured/internal/allocatortesting/allocator_testing.go:806}","{function_declaration sliceWithMultipleDevices(name string, nodeSelection, pool any, driver string, count int) at staging/src/k8s.io/dynamic-resource-allocation/structured/internal/allocatortesting/allocator_testing.go:852}","7","7"
"38b5750e33ae0acf7dc8cee6173531e215179b00","CHANGE_SIGNATURE","{function_declaration slice(name string, nodeSelection any, pool, driver string, devices ...wrapDevice) at staging/src/k8s.io/dynamic-resource-allocation/structured/internal/allocatortesting/allocator_testing.go:562}","{function_declaration slice(name string, nodeSelection, pool any, driver string) at staging/src/k8s.io/dynamic-resource-allocation/structured/internal/allocatortesting/allocator_testing.go:564}","37","44"
"38b5750e33ae0acf7dc8cee6173531e215179b00","CHANGE_SIGNATURE","{function_declaration sliceWithNoDevices(name string, nodeSelection any, pool, driver string) at staging/src/k8s.io/dynamic-resource-allocation/structured/internal/allocatortesting/allocator_testing.go:796}","{function_declaration sliceWithNoDevices(name string, nodeSelection, pool any, driver string) at staging/src/k8s.io/dynamic-resource-allocation/structured/internal/allocatortesting/allocator_testing.go:842}","3","3"
"c7b277a32e10adf507e27bd0e9073452502705cd","CHANGE_SIGNATURE","{function_declaration makeAndSetFakePod(t *testing.T, m *kubeGenericRuntimeManager, fakeRuntime *apitest.FakeRuntimeService,
	pod *v1.Pod) at pkg/kubelet/kuberuntime/kuberuntime_manager_test.go:118}","{function_declaration makeAndSetFakePod(t *testing.T, m *kubeGenericRuntimeManager, fakeRuntime *apitest.FakeRuntimeService,
	pod *v1.Pod,
) at pkg/kubelet/kuberuntime/kuberuntime_manager_test.go:119}","25","25"
"6689fa7b006768ecd0feb49e78123ea65dbe8b2a","EXTRACT","{function_declaration newBasicResourceSlice(numDevices int) at test/integration/dra/objects.go:58}","{function_declaration commonResourceSlice() at test/integration/dra/objects.go:123}","76","21"
"93fc7422ee80f6a93225391e81058395c7cd151d","EXTRACT","{function_declaration validateResourceSliceSpec(spec, oldSpec *resource.ResourceSliceSpec, fldPath *field.Path) at pkg/apis/resource/validation/validation.go:649}","{function_declaration haveConsumesCounters(spec *resource.ResourceSliceSpec) at pkg/apis/resource/validation/validation.go:745}","98","12"
"93fc7422ee80f6a93225391e81058395c7cd151d","CHANGE_SIGNATURE","{function_declaration validateDevice(device resource.Device, oldDevice *resource.Device, fldPath *field.Path, sharedCounterToCounterNames map[string]sets.Set[string], perDeviceNodeSelection *bool) at pkg/apis/resource/validation/validation.go:816}","{function_declaration validateDevice(device resource.Device, oldDevice *resource.Device, fldPath *field.Path, perDeviceNodeSelection *bool) at pkg/apis/resource/validation/validation.go:801}","91","69"
"93fc7422ee80f6a93225391e81058395c7cd151d","RENAME","{function_declaration mkResourceSlice(mutators ...func(*resource.ResourceSlice)) at pkg/registry/resource/resourceslice/declarative_validation_test.go:227}","{function_declaration mkResourceSliceWithDevices(mutators ...func(*resource.ResourceSlice)) at pkg/registry/resource/resourceslice/declarative_validation_test.go:385}","31","31"
"ef3f6a250754318d7d9d94a518acccd676a47fca"
"e73fd4204d8906a4b0dcccaac4d66ff22e5a88a5"
"f8ccc4c4d788adbfed017e7e82b91c78efe458b3","EXTRACT","{method_declaration Unreserve(ctx context.Context, cs fwk.CycleState, pod *v1.Pod, nodeName string) at pkg/scheduler/framework/plugins/dynamicresources/dynamicresources.go:969}","{method_declaration unreserveExtendedResourceClaim(ctx context.Context, logger klog.Logger, pod *v1.Pod, state *stateData) at pkg/scheduler/framework/plugins/dynamicresources/extendeddynamicresources.go:594}","59","23"
"f8ccc4c4d788adbfed017e7e82b91c78efe458b3","EXTRACT","{method_declaration bindClaim(ctx context.Context, state *stateData, index int, pod *v1.Pod, nodeName string) at pkg/scheduler/framework/plugins/dynamicresources/dynamicresources.go:1116}","{method_declaration waitForExtendedClaimInAssumeCache(
	ctx context.Context,
	logger klog.Logger,
	claim *resourceapi.ResourceClaim,
) at pkg/scheduler/framework/plugins/dynamicresources/extendeddynamicresources.go:505}","174","23"
"f8ccc4c4d788adbfed017e7e82b91c78efe458b3","EXTRACT","{method_declaration bindClaim(ctx context.Context, state *stateData, index int, pod *v1.Pod, nodeName string) at pkg/scheduler/framework/plugins/dynamicresources/dynamicresources.go:1116}","{method_declaration createExtendedResourceClaimInAPI(
	ctx context.Context,
	logger klog.Logger,
	pod *v1.Pod,
	nodeName string,
	state *stateData,
) at pkg/scheduler/framework/plugins/dynamicresources/extendeddynamicresources.go:536}","174","25"
"f8ccc4c4d788adbfed017e7e82b91c78efe458b3","EXTRACT","{method_declaration bindClaim(ctx context.Context, state *stateData, index int, pod *v1.Pod, nodeName string) at pkg/scheduler/framework/plugins/dynamicresources/dynamicresources.go:1116}","{method_declaration patchPodExtendedResourceClaimStatus(
	ctx context.Context,
	pod *v1.Pod,
	claim *resourceapi.ResourceClaim,
	nodeName string,
	state *stateData,
) at pkg/scheduler/framework/plugins/dynamicresources/extendeddynamicresources.go:570}","174","20"
"b9e59e8ea9ac26482f16a05422fcead34def3a31"
"8f2c0a9a60fece7326aa750ca0fa63a0d9287a93"
"2f5f1749e5d49d3b5aec8aa95872333064da5677"
"c72f9f73d92ff5e7a28f06c110acbc9626e4252d"
"6b8f793888900c472fd700b9d1029510c9e53447","CHANGE_SIGNATURE","{function_declaration WrapAggregatedDiscoveryToHandler(handler http.Handler, aggHandler http.Handler) at staging/src/k8s.io/apiserver/pkg/endpoints/discovery/aggregated/wrapper.go:71}","{function_declaration WrapAggregatedDiscoveryToHandler(handler, aggHandler, peerAggregatedHandler http.Handler) at staging/src/k8s.io/apiserver/pkg/endpoints/discovery/aggregated/wrapper.go:91}","7","7"
"d6907457723a8f9a6eb5a9789424c34286d99528","CHANGE_SIGNATURE","{function_declaration newFakePeerProxyHandler(informerFinishedSync bool,
	reconciler reconcilers.PeerEndpointLeaseReconciler, id string, s runtime.NegotiatedSerializer,
	localCache map[schema.GroupVersionResource]bool, peerCache map[string]map[schema.GroupVersionResource]bool) at staging/src/k8s.io/apiserver/pkg/util/peerproxy/peerproxy_handler_test.go:276}","{function_declaration newFakePeerProxyHandler(informerFinishedSync bool,
	reconciler reconcilers.PeerEndpointLeaseReconciler, id string, s runtime.NegotiatedSerializer,
	localCache map[schema.GroupVersionResource]bool, peerCache map[string]PeerDiscoveryCacheEntry) at staging/src/k8s.io/apiserver/pkg/util/peerproxy/peerproxy_handler_test.go:374}","21","21"
"d6907457723a8f9a6eb5a9789424c34286d99528","EXTRACT","{function_declaration TestRunPeerDiscoveryCacheSync(t *testing.T) at staging/src/k8s.io/apiserver/pkg/util/peerproxy/peer_discovery_test.go:46}","{function_declaration makePeerDiscoveryCacheEntry(group, version, resource string) at staging/src/k8s.io/apiserver/pkg/util/peerproxy/peer_discovery_test.go:337}","228","22"
"d6907457723a8f9a6eb5a9789424c34286d99528","CHANGE_SIGNATURE","{method_declaration fetchNewDiscoveryFor(ctx context.Context, serverID string, holderIdentity string) at staging/src/k8s.io/apiserver/pkg/util/peerproxy/peer_discovery.go:114}","{method_declaration fetchNewDiscoveryFor(ctx context.Context, serverID string) at staging/src/k8s.io/apiserver/pkg/util/peerproxy/peer_discovery.go:137}","36","54"
"d6907457723a8f9a6eb5a9789424c34286d99528","CHANGE_SIGNATURE","{function_declaration newHandlerChain(t *testing.T, informerFinishedSync bool, handler http.Handler,
	reconciler reconcilers.PeerEndpointLeaseReconciler,
	localCache map[schema.GroupVersionResource]bool, peerCache map[string]map[schema.GroupVersionResource]bool) at staging/src/k8s.io/apiserver/pkg/util/peerproxy/peerproxy_handler_test.go:255}","{function_declaration newHandlerChain(t *testing.T, informerFinishedSync bool, handler http.Handler,
	reconciler reconcilers.PeerEndpointLeaseReconciler,
	localCache map[schema.GroupVersionResource]bool, peerCache map[string]PeerDiscoveryCacheEntry) at staging/src/k8s.io/apiserver/pkg/util/peerproxy/peerproxy_handler_test.go:353}","18","18"
"d6907457723a8f9a6eb5a9789424c34286d99528","RENAME","{method_declaration handleErr(err error, key string) at staging/src/k8s.io/apiserver/pkg/util/peerproxy/peer_discovery.go:183}","{method_declaration handleSyncPeerDiscoveryCacheErr(err error, key string) at staging/src/k8s.io/apiserver/pkg/util/peerproxy/peer_discovery.go:225}","16","16"
"6a07342d37a762230209e362d383e1fbfc325b51"
"3b89deb6b3734c7ce1ea14c41c6e8bd568fbbcb4"
"3be9af427fafe7913dbd2cec87a37f3cf22b8c03","CHANGE_SIGNATURE","{function_declaration emulatedStorageVersion(binaryVersionOfResource schema.GroupVersion, example runtime.Object, effectiveVersion version.EffectiveVersion, scheme *runtime.Scheme) at staging/src/k8s.io/apiserver/pkg/server/storage/resource_encoding_config.go:125}","{function_declaration emulatedStorageVersion(binaryVersionOfResource schema.GroupVersion, example runtime.Object, effectiveVersion basecompatibility.EffectiveVersion, scheme *runtime.Scheme) at staging/src/k8s.io/apiserver/pkg/server/storage/resource_encoding_config.go:125}","81","81"
"e6574b416fdcafda33fcf480c486e847afd63ad1"
"e8176f6f9f46ef84043057cbfbd21d467d038626","CHANGE_SIGNATURE","{function_declaration emulatedStorageVersion(binaryVersionOfResource schema.GroupVersion, example runtime.Object, effectiveVersion basecompatibility.EffectiveVersion, scheme *runtime.Scheme) at staging/src/k8s.io/apiserver/pkg/server/storage/resource_encoding_config.go:129}","{function_declaration emulatedStorageVersion(binaryVersionOfResource schema.GroupVersion, example runtime.Object, effectiveVersion version.EffectiveVersion, scheme *runtime.Scheme) at staging/src/k8s.io/apiserver/pkg/server/storage/resource_encoding_config.go:125}","89","81"
"2d3e06392300aa5a1a3baccb892dbcf457387e5d"
"da9f1d8eed730dbcbba7bc7c6ab28448c8b45505"
"b07c8698b9fcc01793a001aee21cee765540f7fd"
"fbe8d4c63cf78fa0c7f32c62f8c806d80b7b8fe3"
"1c4cab9dda88bf4c944f966555d96aaba4c82cd7"
"789f06544de4b26c79287b9bf16605af14f94949"
"fc404b6a3d898d7778131004e34ae8fa63ab33c0","CHANGE_SIGNATURE","{method_declaration calculateDRAExtendedResourceAllocatableRequest(ctx context.Context, node *v1.Node, resource v1.ResourceName) at pkg/scheduler/framework/plugins/noderesources/resource_allocation.go:179}","{method_declaration calculateDRAExtendedResourceAllocatableRequest(
	ctx context.Context,
	node *v1.Node,
	resource v1.ResourceName,
	draPreScoreState *draPreScoreState,
) at pkg/scheduler/framework/plugins/noderesources/resource_allocation.go:306}","30","18"
"fc404b6a3d898d7778131004e34ae8fa63ab33c0","CHANGE_SIGNATURE","{method_declaration calculateDRAResourceTotals(ctx context.Context, node *v1.Node, deviceClass *resourceapi.DeviceClass) at pkg/scheduler/framework/plugins/noderesources/resource_allocation.go:226}","{method_declaration calculateDRAResourceTotals(ctx context.Context, node *v1.Node, deviceClass *resourceapi.DeviceClass, allocatedState *structured.AllocatedState, resourceSlices []*resourceapi.ResourceSlice,
) at pkg/scheduler/framework/plugins/noderesources/resource_allocation.go:342}","61","90"
"fc404b6a3d898d7778131004e34ae8fa63ab33c0","CHANGE_SIGNATURE","{method_declaration calculateResourceAllocatableRequest(ctx context.Context, nodeInfo fwk.NodeInfo, resource v1.ResourceName, podRequest int64) at pkg/scheduler/framework/plugins/noderesources/resource_allocation.go:98}","{method_declaration calculateResourceAllocatableRequest(
	ctx context.Context,
	nodeInfo fwk.NodeInfo,
	resource v1.ResourceName,
	podRequest int64,
	draPreScoreState *draPreScoreState,
) at pkg/scheduler/framework/plugins/noderesources/resource_allocation.go:186}","35","35"
"fc404b6a3d898d7778131004e34ae8fa63ab33c0","CHANGE_SIGNATURE","{method_declaration deviceMatchesClass(ctx context.Context, device resourceapi.Device, deviceClass *resourceapi.DeviceClass, driver string) at pkg/scheduler/framework/plugins/noderesources/resource_allocation.go:292}","{method_declaration deviceMatchesClass(ctx context.Context, device resourceapi.Device, deviceClass *resourceapi.DeviceClass, driver string, poolName string) at pkg/scheduler/framework/plugins/noderesources/resource_allocation.go:437}","33","54"
"fc404b6a3d898d7778131004e34ae8fa63ab33c0","CHANGE_SIGNATURE","{method_declaration score(
	ctx context.Context,
	pod *v1.Pod,
	nodeInfo fwk.NodeInfo,
	podRequests []int64) at pkg/scheduler/framework/plugins/noderesources/resource_allocation.go:61}","{method_declaration score(
	ctx context.Context,
	pod *v1.Pod,
	nodeInfo fwk.NodeInfo,
	podRequests []int64,
	draPreScoreState *draPreScoreState,
) at pkg/scheduler/framework/plugins/noderesources/resource_allocation.go:143}","32","32"
"f86a456ea3d05af7a32e9f439e0afa8d6fa54ba6"
"e986000e6a7e601a82067ebab5f3b5950c83ac14"
"54702182c2d600089de2834a9cb226787acf6faa"
"d25c5251f945d26e42400ed55ab204f3c290e248"
"bf7dbb129fbd9f2ab8baf0b96d6aa8329816af21"
"a9dcc8e2c94f768c1b2ddf4fd4e1e9057b086678"
"6b764d555f19732844fb2023a0fc1b21628cc1ec"
"da1981248e31927c3bee59be918e60b40622e5af"
"049cb8558e813b04b6933c52091520bd25445ada"
"4a067cc022e29ccea901ddcf9e911a0797e69743"
"c086bdeaa227564a1edcc8b05630d7c1336cd2df"
"8d67173de0d24ba1144e928035fd4edad538995b","EXTRACT_MOVE","{method_declaration runPreFilterPlugin(ctx context.Context, pl fwk.PreFilterPlugin, state fwk.CycleState, pod *v1.Pod, nodes []fwk.NodeInfo) at pkg/scheduler/framework/runtime/framework.go:800}","{method_declaration Name() at pkg/scheduler/framework/plugins/gangscheduling/gangscheduling.go:63}","9","3"
"8d67173de0d24ba1144e928035fd4edad538995b","EXTRACT_MOVE","{method_declaration InitContainerPort(sidecar bool, ports []v1.ContainerPort) at pkg/scheduler/testing/wrappers.go:528}","{method_declaration Name() at pkg/scheduler/framework/plugins/gangscheduling/gangscheduling.go:63}","11","3"
"8d67173de0d24ba1144e928035fd4edad538995b","EXTRACT_MOVE","{method_declaration runBindPlugin(ctx context.Context, bp fwk.BindPlugin, state fwk.CycleState, pod *v1.Pod, nodeName string) at pkg/scheduler/framework/runtime/framework.go:1419}","{method_declaration Name() at pkg/scheduler/framework/plugins/gangscheduling/gangscheduling.go:63}","9","3"
"8d67173de0d24ba1144e928035fd4edad538995b","EXTRACT_MOVE","{method_declaration RunPreBindPlugins(ctx context.Context, state fwk.CycleState, pod *v1.Pod, nodeName string) at pkg/scheduler/framework/runtime/framework.go:1280}","{method_declaration Name() at pkg/scheduler/framework/plugins/gangscheduling/gangscheduling.go:63}","35","3"
"8d67173de0d24ba1144e928035fd4edad538995b","EXTRACT_MOVE","{method_declaration RemovePod(logger klog.Logger, pod *v1.Pod) at pkg/scheduler/framework/types.go:396}","{method_declaration Name() at pkg/scheduler/framework/plugins/gangscheduling/gangscheduling.go:63}","19","3"
"8d67173de0d24ba1144e928035fd4edad538995b","EXTRACT_MOVE","{method_declaration String() at pkg/scheduler/framework/types.go:331}","{method_declaration Name() at pkg/scheduler/framework/plugins/gangscheduling/gangscheduling.go:63}","8","3"
"8d67173de0d24ba1144e928035fd4edad538995b","EXTRACT_MOVE","{method_declaration runPreBindPlugin(ctx context.Context, pl fwk.PreBindPlugin, state fwk.CycleState, pod *v1.Pod, nodeName string) at pkg/scheduler/framework/runtime/framework.go:1316}","{method_declaration Name() at pkg/scheduler/framework/plugins/gangscheduling/gangscheduling.go:63}","9","3"
"8d67173de0d24ba1144e928035fd4edad538995b","EXTRACT_MOVE","{method_declaration runPreFilterExtensionRemovePod(ctx context.Context, pl fwk.PreFilterPlugin, state fwk.CycleState, podToSchedule *v1.Pod, podInfoToRemove fwk.PodInfo, nodeInfo fwk.NodeInfo) at pkg/scheduler/framework/runtime/framework.go:894}","{method_declaration Name() at pkg/scheduler/framework/plugins/gangscheduling/gangscheduling.go:63}","9","3"
"8d67173de0d24ba1144e928035fd4edad538995b","EXTRACT_MOVE","{method_declaration RunPermitPlugins(ctx context.Context, state fwk.CycleState, pod *v1.Pod, nodeName string) at pkg/scheduler/framework/runtime/framework.go:1549}","{method_declaration Name() at pkg/scheduler/framework/plugins/gangscheduling/gangscheduling.go:63}","48","3"
"8d67173de0d24ba1144e928035fd4edad538995b","EXTRACT_MOVE","{method_declaration InitReq(resMap map[v1.ResourceName]string) at pkg/scheduler/testing/wrappers.go:819}","{method_declaration Name() at pkg/scheduler/framework/plugins/gangscheduling/gangscheduling.go:63}","9","3"
"8d67173de0d24ba1144e928035fd4edad538995b","EXTRACT_MOVE","{method_declaration GetName() at pkg/scheduler/framework/types.go:256}","{method_declaration Name() at pkg/scheduler/framework/plugins/gangscheduling/gangscheduling.go:63}","9","3"
"8d67173de0d24ba1144e928035fd4edad538995b","EXTRACT_MOVE","{method_declaration runPreFilterExtensionAddPod(ctx context.Context, pl fwk.PreFilterPlugin, state fwk.CycleState, podToSchedule *v1.Pod, podInfoToAdd fwk.PodInfo, nodeInfo fwk.NodeInfo) at pkg/scheduler/framework/runtime/framework.go:845}","{method_declaration Name() at pkg/scheduler/framework/plugins/gangscheduling/gangscheduling.go:63}","9","3"
"8d67173de0d24ba1144e928035fd4edad538995b","EXTRACT_MOVE","{method_declaration runReservePluginReserve(ctx context.Context, pl fwk.ReservePlugin, state fwk.CycleState, pod *v1.Pod, nodeName string) at pkg/scheduler/framework/runtime/framework.go:1497}","{method_declaration Name() at pkg/scheduler/framework/plugins/gangscheduling/gangscheduling.go:63}","9","3"
"8d67173de0d24ba1144e928035fd4edad538995b","EXTRACT_MOVE","{method_declaration RunScorePlugins(ctx context.Context, state fwk.CycleState, pod *v1.Pod, nodes []fwk.NodeInfo) at pkg/scheduler/framework/runtime/framework.go:1148}","{method_declaration Name() at pkg/scheduler/framework/plugins/gangscheduling/gangscheduling.go:63}","108","3"
"8d67173de0d24ba1144e928035fd4edad538995b","EXTRACT_MOVE","{method_declaration SidecarReq(resMap map[v1.ResourceName]string) at pkg/scheduler/testing/wrappers.go:830}","{method_declaration Name() at pkg/scheduler/framework/plugins/gangscheduling/gangscheduling.go:63}","9","3"
"8d67173de0d24ba1144e928035fd4edad538995b","EXTRACT_MOVE","{method_declaration Device(name string, otherFields ...any) at pkg/scheduler/testing/wrappers.go:1335}","{method_declaration Name() at pkg/scheduler/framework/plugins/gangscheduling/gangscheduling.go:63}","17","3"
"8d67173de0d24ba1144e928035fd4edad538995b","EXTRACT_MOVE","{method_declaration RunPreScorePlugins(
	ctx context.Context,
	state fwk.CycleState,
	pod *v1.Pod,
	nodes []fwk.NodeInfo,
) at pkg/scheduler/framework/runtime/framework.go:1104}","{method_declaration Name() at pkg/scheduler/framework/plugins/gangscheduling/gangscheduling.go:63}","29","3"
"8d67173de0d24ba1144e928035fd4edad538995b","EXTRACT_MOVE","{method_declaration SchedulingGates(gates []string) at pkg/scheduler/testing/wrappers.go:564}","{method_declaration Name() at pkg/scheduler/framework/plugins/gangscheduling/gangscheduling.go:63}","6","3"
"8d67173de0d24ba1144e928035fd4edad538995b","EXTRACT_MOVE","{method_declaration RequestWithPrioritizedListFromDeviceClasses(deviceClassNames ...string) at pkg/scheduler/testing/wrappers.go:1211}","{method_declaration Name() at pkg/scheduler/framework/plugins/gangscheduling/gangscheduling.go:63}","19","3"
"8d67173de0d24ba1144e928035fd4edad538995b","EXTRACT_MOVE","{method_declaration Devices(names ...string) at pkg/scheduler/testing/wrappers.go:1326}","{method_declaration Name() at pkg/scheduler/framework/plugins/gangscheduling/gangscheduling.go:63}","6","3"
"8d67173de0d24ba1144e928035fd4edad538995b","EXTRACT_MOVE","{method_declaration ContainerPort(ports []v1.ContainerPort) at pkg/scheduler/testing/wrappers.go:521}","{method_declaration Name() at pkg/scheduler/framework/plugins/gangscheduling/gangscheduling.go:63}","4","3"
"8d67173de0d24ba1144e928035fd4edad538995b","EXTRACT_MOVE","{method_declaration expandMultiPointPlugins(logger klog.Logger, profile *config.KubeSchedulerProfile) at pkg/scheduler/framework/runtime/framework.go:550}","{method_declaration Name() at pkg/scheduler/framework/plugins/gangscheduling/gangscheduling.go:63}","86","3"
"8d67173de0d24ba1144e928035fd4edad538995b","EXTRACT_MOVE","{method_declaration runPostFilterPlugin(ctx context.Context, pl fwk.PostFilterPlugin, state fwk.CycleState, pod *v1.Pod, filteredNodeStatusMap fwk.NodeToStatusReader) at pkg/scheduler/framework/runtime/framework.go:1000}","{method_declaration Name() at pkg/scheduler/framework/plugins/gangscheduling/gangscheduling.go:63}","9","3"
"8d67173de0d24ba1144e928035fd4edad538995b","EXTRACT_MOVE","{method_declaration PVC(name string) at pkg/scheduler/testing/wrappers.go:541}","{method_declaration Name() at pkg/scheduler/framework/plugins/gangscheduling/gangscheduling.go:63}","9","3"
"8d67173de0d24ba1144e928035fd4edad538995b","EXTRACT_MOVE","{method_declaration runFilterPlugin(ctx context.Context, pl fwk.FilterPlugin, state fwk.CycleState, pod *v1.Pod, nodeInfo fwk.NodeInfo) at pkg/scheduler/framework/runtime/framework.go:943}","{method_declaration Name() at pkg/scheduler/framework/plugins/gangscheduling/gangscheduling.go:63}","9","3"
"8d67173de0d24ba1144e928035fd4edad538995b","EXTRACT_MOVE","{method_declaration ReservedForPod(podName string, podUID types.UID) at pkg/scheduler/testing/wrappers.go:1298}","{method_declaration Name() at pkg/scheduler/framework/plugins/gangscheduling/gangscheduling.go:63}","3","3"
"8d67173de0d24ba1144e928035fd4edad538995b","EXTRACT_MOVE","{method_declaration RunReservePluginsUnreserve(ctx context.Context, state fwk.CycleState, pod *v1.Pod, nodeName string) at pkg/scheduler/framework/runtime/framework.go:1509}","{method_declaration Name() at pkg/scheduler/framework/plugins/gangscheduling/gangscheduling.go:63}","23","3"
"8d67173de0d24ba1144e928035fd4edad538995b","EXTRACT_MOVE","{method_declaration HostPort(port int32) at pkg/scheduler/testing/wrappers.go:514}","{method_declaration Name() at pkg/scheduler/framework/plugins/gangscheduling/gangscheduling.go:63}","4","3"
"8d67173de0d24ba1144e928035fd4edad538995b","EXTRACT_MOVE","{method_declaration RunPreFilterPlugins(ctx context.Context, state fwk.CycleState, pod *v1.Pod) at pkg/scheduler/framework/runtime/framework.go:737}","{method_declaration Name() at pkg/scheduler/framework/plugins/gangscheduling/gangscheduling.go:63}","62","3"
"8d67173de0d24ba1144e928035fd4edad538995b","EXTRACT_MOVE","{method_declaration RunPreFilterExtensionAddPod(
	ctx context.Context,
	state fwk.CycleState,
	podToSchedule *v1.Pod,
	podInfoToAdd fwk.PodInfo,
	nodeInfo fwk.NodeInfo,
) at pkg/scheduler/framework/runtime/framework.go:819}","{method_declaration Name() at pkg/scheduler/framework/plugins/gangscheduling/gangscheduling.go:63}","25","3"
"8d67173de0d24ba1144e928035fd4edad538995b","EXTRACT_MOVE","{method_declaration ListPlugins() at pkg/scheduler/framework/runtime/framework.go:1687}","{method_declaration Name() at pkg/scheduler/framework/plugins/gangscheduling/gangscheduling.go:63}","22","3"
"8d67173de0d24ba1144e928035fd4edad538995b","EXTRACT_MOVE","{method_declaration setInstrumentedPlugins() at pkg/scheduler/framework/runtime/framework.go:429}","{method_declaration Name() at pkg/scheduler/framework/plugins/gangscheduling/gangscheduling.go:63}","29","3"
"8d67173de0d24ba1144e928035fd4edad538995b","EXTRACT_MOVE","{method_declaration runReservePluginUnreserve(ctx context.Context, pl fwk.ReservePlugin, state fwk.CycleState, pod *v1.Pod, nodeName string) at pkg/scheduler/framework/runtime/framework.go:1533}","{method_declaration Name() at pkg/scheduler/framework/plugins/gangscheduling/gangscheduling.go:63}","9","3"
"8d67173de0d24ba1144e928035fd4edad538995b","EXTRACT_MOVE","{method_declaration RunPostFilterPlugins(ctx context.Context, state fwk.CycleState, pod *v1.Pod, filteredNodeStatusMap fwk.NodeToStatusReader) at pkg/scheduler/framework/runtime/framework.go:955}","{method_declaration Name() at pkg/scheduler/framework/plugins/gangscheduling/gangscheduling.go:63}","44","3"
"8d67173de0d24ba1144e928035fd4edad538995b","EXTRACT_MOVE","{method_declaration RequestWithName(name, deviceClassName string) at pkg/scheduler/testing/wrappers.go:1180}","{method_declaration Name() at pkg/scheduler/framework/plugins/gangscheduling/gangscheduling.go:63}","13","3"
"8d67173de0d24ba1144e928035fd4edad538995b","EXTRACT_MOVE","{method_declaration Container(s string) at pkg/scheduler/testing/wrappers.go:365}","{method_declaration Name() at pkg/scheduler/framework/plugins/gangscheduling/gangscheduling.go:63}","5","3"
"8d67173de0d24ba1144e928035fd4edad538995b","EXTRACT_MOVE","{method_declaration runPreBindPreFlight(ctx context.Context, pl fwk.PreBindPlugin, state fwk.CycleState, pod *v1.Pod, nodeName string) at pkg/scheduler/framework/runtime/framework.go:1370}","{method_declaration Name() at pkg/scheduler/framework/plugins/gangscheduling/gangscheduling.go:63}","9","3"
"8d67173de0d24ba1144e928035fd4edad538995b","EXTRACT_MOVE","{method_declaration Res(resMap map[v1.ResourceName]string) at pkg/scheduler/testing/wrappers.go:786}","{method_declaration Name() at pkg/scheduler/framework/plugins/gangscheduling/gangscheduling.go:63}","9","3"
"8d67173de0d24ba1144e928035fd4edad538995b","EXTRACT_MOVE","{method_declaration runPermitPlugin(ctx context.Context, pl fwk.PermitPlugin, state fwk.CycleState, pod *v1.Pod, nodeName string) at pkg/scheduler/framework/runtime/framework.go:1598}","{method_declaration Name() at pkg/scheduler/framework/plugins/gangscheduling/gangscheduling.go:63}","9","3"
"8d67173de0d24ba1144e928035fd4edad538995b","EXTRACT_MOVE","{method_declaration runPreScorePlugin(ctx context.Context, pl fwk.PreScorePlugin, state fwk.CycleState, pod *v1.Pod, nodes []fwk.NodeInfo) at pkg/scheduler/framework/runtime/framework.go:1134}","{method_declaration Name() at pkg/scheduler/framework/plugins/gangscheduling/gangscheduling.go:63}","9","3"
"8d67173de0d24ba1144e928035fd4edad538995b","EXTRACT_MOVE","{method_declaration RunPreFilterExtensionRemovePod(
	ctx context.Context,
	state fwk.CycleState,
	podToSchedule *v1.Pod,
	podInfoToRemove fwk.PodInfo,
	nodeInfo fwk.NodeInfo,
) at pkg/scheduler/framework/runtime/framework.go:864}","{method_declaration Name() at pkg/scheduler/framework/plugins/gangscheduling/gangscheduling.go:63}","29","3"
"8d67173de0d24ba1144e928035fd4edad538995b","EXTRACT_MOVE","{method_declaration pluginsNeeded(plugins *config.Plugins) at pkg/scheduler/framework/runtime/framework.go:1740}","{method_declaration Name() at pkg/scheduler/framework/plugins/gangscheduling/gangscheduling.go:63}","21","3"
"8d67173de0d24ba1144e928035fd4edad538995b","EXTRACT_MOVE","{method_declaration RunReservePluginsReserve(ctx context.Context, state fwk.CycleState, pod *v1.Pod, nodeName string) at pkg/scheduler/framework/runtime/framework.go:1465}","{method_declaration Name() at pkg/scheduler/framework/plugins/gangscheduling/gangscheduling.go:63}","31","3"
"8d67173de0d24ba1144e928035fd4edad538995b","EXTRACT_MOVE","{method_declaration runScoreExtension(ctx context.Context, pl fwk.ScorePlugin, state fwk.CycleState, pod *v1.Pod, nodeScoreList fwk.NodeScoreList) at pkg/scheduler/framework/runtime/framework.go:1267}","{method_declaration Name() at pkg/scheduler/framework/plugins/gangscheduling/gangscheduling.go:63}","9","3"
"8d67173de0d24ba1144e928035fd4edad538995b","EXTRACT_MOVE","{method_declaration RequestWithNameCount(name, deviceClassName string, count int64) at pkg/scheduler/testing/wrappers.go:1195}","{method_declaration Name() at pkg/scheduler/framework/plugins/gangscheduling/gangscheduling.go:63}","13","3"
"8d67173de0d24ba1144e928035fd4edad538995b","EXTRACT_MOVE","{method_declaration Name(n string) at pkg/scheduler/testing/wrappers.go:170}","{method_declaration Name() at pkg/scheduler/framework/plugins/gangscheduling/gangscheduling.go:63}","4","3"
"8d67173de0d24ba1144e928035fd4edad538995b","EXTRACT_MOVE","{method_declaration RunBindPlugins(ctx context.Context, state fwk.CycleState, pod *v1.Pod, nodeName string) at pkg/scheduler/framework/runtime/framework.go:1381}","{method_declaration Name() at pkg/scheduler/framework/plugins/gangscheduling/gangscheduling.go:63}","37","3"
"8d67173de0d24ba1144e928035fd4edad538995b","EXTRACT_MOVE","{method_declaration Req(reqMap map[v1.ResourceName]string) at pkg/scheduler/testing/wrappers.go:797}","{method_declaration Name() at pkg/scheduler/framework/plugins/gangscheduling/gangscheduling.go:63}","9","3"
"8d67173de0d24ba1144e928035fd4edad538995b","EXTRACT_MOVE","{method_declaration RunPostBindPlugins(ctx context.Context, state fwk.CycleState, pod *v1.Pod, nodeName string) at pkg/scheduler/framework/runtime/framework.go:1430}","{method_declaration Name() at pkg/scheduler/framework/plugins/gangscheduling/gangscheduling.go:63}","19","3"
"8d67173de0d24ba1144e928035fd4edad538995b","EXTRACT_MOVE","{method_declaration syncPodWithDispatcher(pod *v1.Pod) at pkg/scheduler/eventhandlers.go:221}","{method_declaration Name() at pkg/scheduler/framework/plugins/gangscheduling/gangscheduling.go:63}","13","3"
"8d67173de0d24ba1144e928035fd4edad538995b","EXTRACT_MOVE","{method_declaration RunPreBindPreFlights(ctx context.Context, state fwk.CycleState, pod *v1.Pod, nodeName string) at pkg/scheduler/framework/runtime/framework.go:1331}","{method_declaration Name() at pkg/scheduler/framework/plugins/gangscheduling/gangscheduling.go:63}","38","3"
"8d67173de0d24ba1144e928035fd4edad538995b","EXTRACT_MOVE","{method_declaration runPostBindPlugin(ctx context.Context, pl fwk.PostBindPlugin, state fwk.CycleState, pod *v1.Pod, nodeName string) at pkg/scheduler/framework/runtime/framework.go:1450}","{method_declaration Name() at pkg/scheduler/framework/plugins/gangscheduling/gangscheduling.go:63}","9","3"
"8d67173de0d24ba1144e928035fd4edad538995b","EXTRACT_MOVE","{method_declaration Request(deviceClassName string) at pkg/scheduler/testing/wrappers.go:1164}","{method_declaration Name() at pkg/scheduler/framework/plugins/gangscheduling/gangscheduling.go:63}","14","3"
"8d67173de0d24ba1144e928035fd4edad538995b","EXTRACT_MOVE","{method_declaration runScorePlugin(ctx context.Context, pl fwk.ScorePlugin, state fwk.CycleState, pod *v1.Pod, nodeInfo fwk.NodeInfo) at pkg/scheduler/framework/runtime/framework.go:1257}","{method_declaration Name() at pkg/scheduler/framework/plugins/gangscheduling/gangscheduling.go:63}","9","3"
"8d67173de0d24ba1144e928035fd4edad538995b","EXTRACT_MOVE","{method_declaration Lim(limMap map[v1.ResourceName]string) at pkg/scheduler/testing/wrappers.go:808}","{method_declaration Name() at pkg/scheduler/framework/plugins/gangscheduling/gangscheduling.go:63}","9","3"
"8d67173de0d24ba1144e928035fd4edad538995b","EXTRACT_MOVE","{method_declaration fillEnqueueExtensions(p fwk.Plugin) at pkg/scheduler/framework/runtime/framework.go:647}","{method_declaration Name() at pkg/scheduler/framework/plugins/gangscheduling/gangscheduling.go:63}","17","3"
"8d67173de0d24ba1144e928035fd4edad538995b","EXTRACT_MOVE","{method_declaration RunFilterPlugins(
	ctx context.Context,
	state fwk.CycleState,
	pod *v1.Pod,
	nodeInfo fwk.NodeInfo,
) at pkg/scheduler/framework/runtime/framework.go:913}","{method_declaration Name() at pkg/scheduler/framework/plugins/gangscheduling/gangscheduling.go:63}","29","3"
"8d67173de0d24ba1144e928035fd4edad538995b","EXTRACT_MOVE","{method_declaration OwnerReference(name, uid string, gvk schema.GroupVersionKind) at pkg/scheduler/testing/wrappers.go:1144}","{method_declaration Name() at pkg/scheduler/framework/plugins/gangscheduling/gangscheduling.go:63}","12","3"
"8d67173de0d24ba1144e928035fd4edad538995b","EXTRACT_MOVE","{method_declaration OwnerReference(name string, gvk schema.GroupVersionKind) at pkg/scheduler/testing/wrappers.go:352}","{method_declaration Name() at pkg/scheduler/framework/plugins/gangscheduling/gangscheduling.go:63}","11","3"
"8d67173de0d24ba1144e928035fd4edad538995b","EXTRACT_MOVE","{method_declaration NamedRequestWithPrioritizedList(name string, subRequests ...resourceapi.DeviceSubRequest) at pkg/scheduler/testing/wrappers.go:1235}","{method_declaration Name() at pkg/scheduler/framework/plugins/gangscheduling/gangscheduling.go:63}","9","3"
"5d1f9107ef87292e0c18dd3a1820a209882c642d"
"a3093a95f261c16ff31e649b0580b21f1487f991"
"54b6ab674791f63af95c20c94268ef2d1b1dfb9a"
"02acdd605744afc9b93aa088a5814c1d40b036fb"
"078f462a955bb06cbf8de3e0d6fe2e190cf14e49"
"963927467697fe4defb99b5430fd3f743d989e5b"
"9677ac4c0be0a8d0600eabc4798b5de3c4076659"
"b6006528e1eeea6bdf6219d83168e7d770ed947a"
"dfaed0586f22463b94f76c7e2340b115bf29f034"
"6da8d6e94d48e44df843e9633ecfb515cdadbf1e"
"edbc32fa602c367d92a49fcbd9e904c0e04533db","RENAME","{function_declaration allocatorFeatures(fts feature.Features) at pkg/scheduler/framework/plugins/dynamicresources/dynamicresources.go:683}","{function_declaration AllocatorFeatures(fts feature.Features) at pkg/scheduler/framework/plugins/dynamicresources/dynamicresources.go:683}","10","10"
"edbc32fa602c367d92a49fcbd9e904c0e04533db","RENAME","{function_declaration nodeMatches(node *v1.Node, nodeNameToMatch string, allNodesMatch bool, nodeSelector *v1.NodeSelector) at staging/src/k8s.io/dynamic-resource-allocation/structured/internal/experimental/pools_experimental.go:31}","{function_declaration NodeMatches(node *v1.Node, nodeNameToMatch string, allNodesMatch bool, nodeSelector *v1.NodeSelector) at staging/src/k8s.io/dynamic-resource-allocation/structured/internal/experimental/pools_experimental.go:31}","16","16"
"edbc32fa602c367d92a49fcbd9e904c0e04533db","CHANGE_SIGNATURE","{method_declaration calculateResourceAllocatableRequest(logger klog.Logger, nodeInfo fwk.NodeInfo, resource v1.ResourceName, podRequest int64) at pkg/scheduler/framework/plugins/noderesources/resource_allocation.go:89}","{method_declaration calculateResourceAllocatableRequest(ctx context.Context, nodeInfo fwk.NodeInfo, resource v1.ResourceName, podRequest int64) at pkg/scheduler/framework/plugins/noderesources/resource_allocation.go:98}","26","35"
"edbc32fa602c367d92a49fcbd9e904c0e04533db","RENAME","{function_declaration nodeMatches(node *v1.Node, nodeNameToMatch string, allNodesMatch bool, nodeSelector *v1.NodeSelector) at staging/src/k8s.io/dynamic-resource-allocation/structured/internal/incubating/pools_incubating.go:31}","{function_declaration NodeMatches(node *v1.Node, nodeNameToMatch string, allNodesMatch bool, nodeSelector *v1.NodeSelector) at staging/src/k8s.io/dynamic-resource-allocation/structured/internal/incubating/pools_incubating.go:31}","16","16"
"edbc32fa602c367d92a49fcbd9e904c0e04533db","RENAME","{function_declaration nodeMatches(node *v1.Node, nodeNameToMatch string, allNodesMatch bool, nodeSelector *v1.NodeSelector) at staging/src/k8s.io/dynamic-resource-allocation/structured/internal/stable/pools_stable.go:31}","{function_declaration NodeMatches(node *v1.Node, nodeNameToMatch string, allNodesMatch bool, nodeSelector *v1.NodeSelector) at staging/src/k8s.io/dynamic-resource-allocation/structured/internal/stable/pools_stable.go:31}","16","16"
"fc9f02e25415153dbbf7a9f846a97821cb50fe09"
"8be985d4fabaa4f0064639f8300d057afc250f3f"
"a02748c12433afa5f569f703fcfa6e76a2d8926b","CHANGE_SIGNATURE","{method_declaration MustAttemptImagePull(ctx context.Context, image, imageRef string, podSecrets []kubeletconfiginternal.ImagePullSecret, podServiceAccount *kubeletconfiginternal.ImagePullServiceAccount) at pkg/kubelet/images/pullmanager/image_pull_manager.go:185}","{method_declaration MustAttemptImagePull(ctx context.Context, image, imageRef string, getPodCredentials GetPodCredentials) at pkg/kubelet/images/pullmanager/image_pull_manager.go:185}","140","146"
"a02748c12433afa5f569f703fcfa6e76a2d8926b","EXTRACT","{method_declaration EnsureImageExists(ctx context.Context, objRef *v1.ObjectReference, pod *v1.Pod, requestedImage string, pullSecrets []v1.Secret, podSandboxConfig *runtimeapi.PodSandboxConfig, podRuntimeHandler string, pullPolicy v1.PullPolicy) at pkg/kubelet/images/image_manager.go:164}","{method_declaration makeLookupPullCredentialsFunc(image string, pod *v1.Pod, pullSecrets []v1.Secret, podSandboxConfig *runtimeapi.PodSandboxConfig) at pkg/kubelet/images/image_manager.go:284}","130","32"
"a02748c12433afa5f569f703fcfa6e76a2d8926b","CHANGE_SIGNATURE","{method_declaration MustAttemptImagePull(context.Context, string, string, []kubeletconfiginternal.ImagePullSecret, *kubeletconfiginternal.ImagePullServiceAccount) at pkg/kubelet/images/pullmanager/noop_pull_manager.go:34}","{method_declaration MustAttemptImagePull(context.Context, string, string, GetPodCredentials) at pkg/kubelet/images/pullmanager/noop_pull_manager.go:34}","3","3"
"a02748c12433afa5f569f703fcfa6e76a2d8926b","CHANGE_SIGNATURE","{method_declaration MustAttemptImagePull(ctx context.Context, image, _ string, podSecrets []kubeletconfiginternal.ImagePullSecret, podServiceAccount *kubeletconfiginternal.ImagePullServiceAccount) at pkg/kubelet/images/image_manager_test.go:737}","{method_declaration MustAttemptImagePull(ctx context.Context, image, _ string, getPodCredentials pullmanager.GetPodCredentials) at pkg/kubelet/images/image_manager_test.go:737}","27","32"
"a02748c12433afa5f569f703fcfa6e76a2d8926b","CHANGE_SIGNATURE","{method_declaration MustAttemptImagePull(ctx context.Context, image, imageRef string, podSecrets []kubeletconfiginternal.ImagePullSecret, podServiceAccount *kubeletconfiginternal.ImagePullServiceAccount) at pkg/kubelet/images/image_manager_test.go:779}","{method_declaration MustAttemptImagePull(ctx context.Context, image, imageRef string, getPodCredentials pullmanager.GetPodCredentials) at pkg/kubelet/images/image_manager_test.go:784}","14","20"
"95a59d0cfb5f335d79f325bdd95ca5c9e3225dd7"
"1499524e8e97c0fbb8d9315eb8c16ff7ae2dbbae"
"78a8c2e6a35b5621a7afa9066770a819d417f707"
"3882f0cf177984e941e6b7ae49eba0cd2e9bb623"
"b622363659b8f0ee7368557d7f9e7f73cad96aa6"
"ee481b97e0b2f458f814d329789cf14339d8556c"
"71c02338df3922f03ada7cc63c764517c37c8bd2"
"a2dfa0fd7314e5c0c42a64c1855c78c74daeb4b8"
"6b949e799317d8f0ae6c8a6f4f01ce0304cc1dc7"
"c06297b3298e32523e7ac76fcc6610dca870d56d"
"540ffbd7230a3e17f8a88980f31cc4d32a0113e9"
"e7a42e8e8e0364561165d2a5e2745addde554c21"
"649d9c532a54f577e485053db73de97c0cda1399","EXTRACT_MOVE","{method_declaration Request(deviceClassName string) at pkg/scheduler/testing/wrappers.go:1158}","{method_declaration Name() at pkg/scheduler/framework/plugins/nodedeclaredfeatures/nodedeclaredfeatures.go:67}","14","3"
"649d9c532a54f577e485053db73de97c0cda1399","EXTRACT_MOVE","{method_declaration RemovePod(logger klog.Logger, pod *v1.Pod) at pkg/scheduler/framework/types.go:386}","{method_declaration Name() at pkg/scheduler/framework/plugins/nodedeclaredfeatures/nodedeclaredfeatures.go:67}","19","3"
"649d9c532a54f577e485053db73de97c0cda1399","EXTRACT_MOVE","{method_declaration OwnerReference(name, uid string, gvk schema.GroupVersionKind) at pkg/scheduler/testing/wrappers.go:1138}","{method_declaration Name() at pkg/scheduler/framework/plugins/nodedeclaredfeatures/nodedeclaredfeatures.go:67}","12","3"
"649d9c532a54f577e485053db73de97c0cda1399","EXTRACT_MOVE","{method_declaration ReservedForPod(podName string, podUID types.UID) at pkg/scheduler/testing/wrappers.go:1292}","{method_declaration Name() at pkg/scheduler/framework/plugins/nodedeclaredfeatures/nodedeclaredfeatures.go:67}","3","3"
"649d9c532a54f577e485053db73de97c0cda1399","EXTRACT_MOVE","{method_declaration HostPort(port int32) at pkg/scheduler/testing/wrappers.go:514}","{method_declaration Name() at pkg/scheduler/framework/plugins/nodedeclaredfeatures/nodedeclaredfeatures.go:67}","4","3"
"649d9c532a54f577e485053db73de97c0cda1399","EXTRACT_MOVE","{method_declaration RequestWithName(name, deviceClassName string) at pkg/scheduler/testing/wrappers.go:1174}","{method_declaration Name() at pkg/scheduler/framework/plugins/nodedeclaredfeatures/nodedeclaredfeatures.go:67}","13","3"
"649d9c532a54f577e485053db73de97c0cda1399","EXTRACT_MOVE","{method_declaration RequestWithPrioritizedListFromDeviceClasses(deviceClassNames ...string) at pkg/scheduler/testing/wrappers.go:1205}","{method_declaration Name() at pkg/scheduler/framework/plugins/nodedeclaredfeatures/nodedeclaredfeatures.go:67}","19","3"
"649d9c532a54f577e485053db73de97c0cda1399","EXTRACT_MOVE","{method_declaration Lim(limMap map[v1.ResourceName]string) at pkg/scheduler/testing/wrappers.go:808}","{method_declaration Name() at pkg/scheduler/framework/plugins/nodedeclaredfeatures/nodedeclaredfeatures.go:67}","9","3"
"649d9c532a54f577e485053db73de97c0cda1399","EXTRACT_MOVE","{method_declaration Req(reqMap map[v1.ResourceName]string) at pkg/scheduler/testing/wrappers.go:797}","{method_declaration Name() at pkg/scheduler/framework/plugins/nodedeclaredfeatures/nodedeclaredfeatures.go:67}","9","3"
"649d9c532a54f577e485053db73de97c0cda1399","EXTRACT_MOVE","{method_declaration PVC(name string) at pkg/scheduler/testing/wrappers.go:541}","{method_declaration Name() at pkg/scheduler/framework/plugins/nodedeclaredfeatures/nodedeclaredfeatures.go:67}","9","3"
"649d9c532a54f577e485053db73de97c0cda1399","EXTRACT_MOVE","{method_declaration Name(n string) at pkg/scheduler/testing/wrappers.go:170}","{method_declaration Name() at pkg/scheduler/framework/plugins/nodedeclaredfeatures/nodedeclaredfeatures.go:67}","4","3"
"649d9c532a54f577e485053db73de97c0cda1399","EXTRACT_MOVE","{method_declaration InitContainerPort(sidecar bool, ports []v1.ContainerPort) at pkg/scheduler/testing/wrappers.go:528}","{method_declaration Name() at pkg/scheduler/framework/plugins/nodedeclaredfeatures/nodedeclaredfeatures.go:67}","11","3"
"649d9c532a54f577e485053db73de97c0cda1399","EXTRACT_MOVE","{method_declaration ContainerPort(ports []v1.ContainerPort) at pkg/scheduler/testing/wrappers.go:521}","{method_declaration Name() at pkg/scheduler/framework/plugins/nodedeclaredfeatures/nodedeclaredfeatures.go:67}","4","3"
"649d9c532a54f577e485053db73de97c0cda1399","EXTRACT_MOVE","{method_declaration SchedulingGates(gates []string) at pkg/scheduler/testing/wrappers.go:564}","{method_declaration Name() at pkg/scheduler/framework/plugins/nodedeclaredfeatures/nodedeclaredfeatures.go:67}","6","3"
"649d9c532a54f577e485053db73de97c0cda1399","EXTRACT_MOVE","{method_declaration InitReq(resMap map[v1.ResourceName]string) at pkg/scheduler/testing/wrappers.go:819}","{method_declaration Name() at pkg/scheduler/framework/plugins/nodedeclaredfeatures/nodedeclaredfeatures.go:67}","9","3"
"649d9c532a54f577e485053db73de97c0cda1399","EXTRACT_MOVE","{method_declaration NamedRequestWithPrioritizedList(name string, subRequests ...resourceapi.DeviceSubRequest) at pkg/scheduler/testing/wrappers.go:1229}","{method_declaration Name() at pkg/scheduler/framework/plugins/nodedeclaredfeatures/nodedeclaredfeatures.go:67}","9","3"
"649d9c532a54f577e485053db73de97c0cda1399","EXTRACT_MOVE","{method_declaration GetName() at pkg/scheduler/framework/types.go:247}","{method_declaration Name() at pkg/scheduler/framework/plugins/nodedeclaredfeatures/nodedeclaredfeatures.go:67}","9","3"
"649d9c532a54f577e485053db73de97c0cda1399","EXTRACT_MOVE","{method_declaration Res(resMap map[v1.ResourceName]string) at pkg/scheduler/testing/wrappers.go:786}","{method_declaration Name() at pkg/scheduler/framework/plugins/nodedeclaredfeatures/nodedeclaredfeatures.go:67}","9","3"
"649d9c532a54f577e485053db73de97c0cda1399","EXTRACT_MOVE","{method_declaration Device(name string, otherFields ...any) at pkg/scheduler/testing/wrappers.go:1329}","{method_declaration Name() at pkg/scheduler/framework/plugins/nodedeclaredfeatures/nodedeclaredfeatures.go:67}","17","3"
"649d9c532a54f577e485053db73de97c0cda1399","EXTRACT_MOVE","{method_declaration SidecarReq(resMap map[v1.ResourceName]string) at pkg/scheduler/testing/wrappers.go:830}","{method_declaration Name() at pkg/scheduler/framework/plugins/nodedeclaredfeatures/nodedeclaredfeatures.go:67}","9","3"
"649d9c532a54f577e485053db73de97c0cda1399","EXTRACT_MOVE","{method_declaration Devices(names ...string) at pkg/scheduler/testing/wrappers.go:1320}","{method_declaration Name() at pkg/scheduler/framework/plugins/nodedeclaredfeatures/nodedeclaredfeatures.go:67}","6","3"
"649d9c532a54f577e485053db73de97c0cda1399","EXTRACT_MOVE","{method_declaration RequestWithNameCount(name, deviceClassName string, count int64) at pkg/scheduler/testing/wrappers.go:1189}","{method_declaration Name() at pkg/scheduler/framework/plugins/nodedeclaredfeatures/nodedeclaredfeatures.go:67}","13","3"
"649d9c532a54f577e485053db73de97c0cda1399","EXTRACT_MOVE","{method_declaration Container(s string) at pkg/scheduler/testing/wrappers.go:365}","{method_declaration Name() at pkg/scheduler/framework/plugins/nodedeclaredfeatures/nodedeclaredfeatures.go:67}","5","3"
"649d9c532a54f577e485053db73de97c0cda1399","EXTRACT_MOVE","{method_declaration String() at pkg/scheduler/framework/types.go:321}","{method_declaration Name() at pkg/scheduler/framework/plugins/nodedeclaredfeatures/nodedeclaredfeatures.go:67}","8","3"
"649d9c532a54f577e485053db73de97c0cda1399","EXTRACT_MOVE","{method_declaration OwnerReference(name string, gvk schema.GroupVersionKind) at pkg/scheduler/testing/wrappers.go:352}","{method_declaration Name() at pkg/scheduler/framework/plugins/nodedeclaredfeatures/nodedeclaredfeatures.go:67}","11","3"
"192d93f7cb937f0c8fb35de11b790919e612f041"
"879d81ff062a89070ded2e2c40d5bb0b069ab680"
"0976b6ada3753543c924943f0d0093adb14f6508"
"47fb373c31771fc489663e1d37962ed42ba94e5f"
"a5a2cfdb3535f65579aad6bbbbbe344fcce85bf3"
"c30b75b008579886cdb5032ff66a0bd78a9918a5"
"3c22291a4b0bb2407630d4fa112256aae16398a6"
"e1f181e36320575665ec439b8ffa3b3faf7d2ba5"
"c9327d00b11f50b663e52e32420a71dc1f151b58"
"801de96635b7a1e27f984aa414a42205b236e07b"
"870062df4f15b4c0d74bec20ff2ce339a12b1e44","RENAME","{method_declaration removeMapping(deviceClass *resourceapi.DeviceClass) at staging/src/k8s.io/dynamic-resource-allocation/deviceclass/extendedresourcecache/extendedresourcecache.go:197}","{method_declaration removeResourceName2class(deviceClass *resourceapi.DeviceClass) at staging/src/k8s.io/dynamic-resource-allocation/deviceclass/extendedresourcecache/extendedresourcecache.go:226}","16","13"
"870062df4f15b4c0d74bec20ff2ce339a12b1e44","INLINE","{function_declaration testResourceClaim(name string, namespace string, spec api.ResourceClaimSpec) at pkg/quota/v1/evaluator/core/resource_claims_test.go:33}","{function_declaration TestResourceClaimEvaluatorUsage(t *testing.T) at pkg/quota/v1/evaluator/core/resource_claims_test.go:64}","6","540"
"870062df4f15b4c0d74bec20ff2ce339a12b1e44","CHANGE_SIGNATURE","{function_declaration NewQuotaConfigurationForAdmission() at pkg/quota/v1/install/registry.go:30}","{function_declaration NewQuotaConfigurationForAdmission(i informers.SharedInformerFactory) at pkg/quota/v1/install/registry.go:31}","4","4"
"870062df4f15b4c0d74bec20ff2ce339a12b1e44","CHANGE_SIGNATURE","{function_declaration NewQuotaConfigurationForControllers(f quota.ListerForResourceFunc) at pkg/quota/v1/install/registry.go:36}","{function_declaration NewQuotaConfigurationForControllers(f quota.ListerForResourceFunc, i informers.SharedInformerFactory) at pkg/quota/v1/install/registry.go:37}","4","4"
"870062df4f15b4c0d74bec20ff2ce339a12b1e44","CHANGE_SIGNATURE","{function_declaration NewResourceClaimEvaluator(f quota.ListerForResourceFunc) at pkg/quota/v1/evaluator/core/resource_claims.go:46}","{function_declaration NewResourceClaimEvaluator(f quota.ListerForResourceFunc, m *extendedresourcecache.ExtendedResourceCache, podsGetter corev1listers.PodLister) at pkg/quota/v1/evaluator/core/resource_claims.go:53}","5","5"
"870062df4f15b4c0d74bec20ff2ce339a12b1e44","RENAME","{method_declaration updateMapping(newDeviceClass, oldDeviceClass *resourceapi.DeviceClass) at staging/src/k8s.io/dynamic-resource-allocation/deviceclass/extendedresourcecache/extendedresourcecache.go:136}","{method_declaration updateResourceName2class(newDeviceClass, oldDeviceClass *resourceapi.DeviceClass) at staging/src/k8s.io/dynamic-resource-allocation/deviceclass/extendedresourcecache/extendedresourcecache.go:154}","57","54"
"870062df4f15b4c0d74bec20ff2ce339a12b1e44","CHANGE_SIGNATURE","{function_declaration NewEvaluators(f quota.ListerForResourceFunc) at pkg/quota/v1/evaluator/core/registry.go:38}","{function_declaration NewEvaluators(f quota.ListerForResourceFunc, i informers.SharedInformerFactory) at pkg/quota/v1/evaluator/core/registry.go:44}","18","28"
"66769823160fed2a1965e7ca8b3f6ea8ede2795c","RENAME","{function_declaration Test_createDeviceRequests(t *testing.T) at pkg/scheduler/framework/plugins/dynamicresources/dynamicresources_test.go:3161}","{function_declaration Test_createRequestsAndMappings_requests(t *testing.T) at pkg/scheduler/framework/plugins/dynamicresources/dynamicresources_test.go:3242}","177","257"
"4eb0d39bf5191d118e46b4ac5bcddca4c8f4ef3b","RENAME","{function_declaration TestHandlePodResourcesResizeWithSwap(t *testing.T) at pkg/kubelet/allocation/allocation_manager_test.go:913}","{function_declaration TestRetryPendingResizesWithSwap(t *testing.T) at pkg/kubelet/allocation/allocation_manager_test.go:914}","173","173"
"4eb0d39bf5191d118e46b4ac5bcddca4c8f4ef3b","RENAME","{function_declaration TestHandlePodResourcesResizeForGuanteedQOSPods(t *testing.T) at pkg/kubelet/allocation/allocation_manager_test.go:665}","{function_declaration TestRetryPendingResizesGuanteedQOSPods(t *testing.T) at pkg/kubelet/allocation/allocation_manager_test.go:666}","247","247"
"4eb0d39bf5191d118e46b4ac5bcddca4c8f4ef3b","EXTRACT","{function_declaration TestPodResizeCompletedMsg(t *testing.T) at pkg/kubelet/events/resize_test.go:30}","{function_declaration mkContainer(index int, resources testResources, sidecar bool) at pkg/kubelet/events/resize_test.go:336}","99","10"
"4eb0d39bf5191d118e46b4ac5bcddca4c8f4ef3b","CHANGE_SIGNATURE","{function_declaration NewInMemoryManager(nodeConfig cm.NodeConfig,
	nodeAllocatableAbsolute v1.ResourceList,
	statusManager status.Manager,
	triggerPodSync func(pod *v1.Pod),
	getActivePods func() []*v1.Pod,
	getPodByUID func(types.UID) (*v1.Pod, bool),
	sourcesReady config.SourcesReady,
) at pkg/kubelet/allocation/allocation_manager.go:190}","{function_declaration NewInMemoryManager(nodeConfig cm.NodeConfig,
	nodeAllocatableAbsolute v1.ResourceList,
	statusManager status.Manager,
	triggerPodSync func(pod *v1.Pod),
	getActivePods func() []*v1.Pod,
	getPodByUID func(types.UID) (*v1.Pod, bool),
	sourcesReady config.SourcesReady,
	recorder record.EventRecorder,
) at pkg/kubelet/allocation/allocation_manager.go:192}","16","17"
"4eb0d39bf5191d118e46b4ac5bcddca4c8f4ef3b","RENAME","{function_declaration TestHandlePodResourcesResizeMultipleConditions(t *testing.T) at pkg/kubelet/allocation/allocation_manager_test.go:1087}","{function_declaration TestRetryPendingResizesMultipleConditions(t *testing.T) at pkg/kubelet/allocation/allocation_manager_test.go:1088}","163","196"
"481f30bd6459b2c51dec7eb7bd612807af946c8c"
"30965ea3ce6be2a910255f393860ba6dce3a730e"
"da6d15adf6b3ee7c1e226be3e1dafc01e9bdce2e"
"030d72959e8911acfebc37a365d31d367ebc5e9b"
"499bff4ca463e7558fe05ab05ce53e9e131850ce"
"5a7c90fb7679071d3d4d6708ae56048795791aaa"
"60744fc8b9c3d368f29341fea8e6da567997c181"
"9527987293659b005b51f9fd2be9e2fa7e699d58"
"eaee6b6bce0155bce1b7be00e704a23dd2ace54e","CHANGE_SIGNATURE","{function_declaration testEvictCluster(tCtx ktesting.TContext) at test/integration/dra/device_taints_test.go:44}","{function_declaration testEvictCluster(tCtx ktesting.TContext, useRule bool) at test/integration/dra/device_taints_test.go:47}","180","204"
"eaee6b6bce0155bce1b7be00e704a23dd2ace54e","CHANGE_SIGNATURE","{function_declaration New(c clientset.Interface, podInformer coreinformers.PodInformer, claimInformer resourceinformers.ResourceClaimInformer, sliceInformer resourceinformers.ResourceSliceInformer, taintInformer resourcealphainformers.DeviceTaintRuleInformer, classInformer resourceinformers.DeviceClassInformer, controllerName string) at pkg/controller/devicetainteviction/device_taint_eviction.go:716}","{function_declaration New(c clientset.Interface, podInformer coreinformers.PodInformer, claimInformer resourceinformers.ResourceClaimInformer, sliceInformer resourceinformers.ResourceSliceInformer, ruleInformer resourcealphainformers.DeviceTaintRuleInformer, classInformer resourceinformers.DeviceClassInformer, controllerName string) at pkg/controller/devicetainteviction/device_taint_eviction.go:718}","31","37"
"8d823b65236670b6a5f868bb17a17767d92456a0"
"eea7c1403fa88de3f01666c40f19172285548960","CHANGE_SIGNATURE","{function_declaration createTestObjects(ctx context.Context, clientSet kubernetes.Interface, nodename, namespace, className, claimName, podName string, deferPodDeletion bool, driverNames []string) at test/e2e_node/dra_test.go:1298}","{function_declaration createTestObjects(ctx context.Context, clientSet kubernetes.Interface, nodename, namespace, className, claimName, podName string, deferPodDeletion bool, driverNames []string,
	deviceRequestResults ...resourceapi.DeviceRequestAllocationResult) at test/e2e_node/dra_test.go:1367}","126","137"
"3f8444210cb7ff01e6c279716f6a2f4836d6f995","CHANGE_SIGNATURE","{function_declaration NewIssuingManager(kc kubernetes.Interface, podManager PodManager, pcrInformer certinformersv1beta1.PodCertificateRequestInformer, nodeInformer coreinformersv1.NodeInformer, nodeName types.NodeName, clock clock.WithTicker) at pkg/kubelet/podcertificate/podcertificatemanager.go:206}","{function_declaration NewIssuingManager(kc kubernetes.Interface, podManager PodManager, recorder record.EventRecorder, pcrInformer certinformersv1beta1.PodCertificateRequestInformer, nodeInformer coreinformersv1.NodeInformer, nodeName types.NodeName, clock clock.WithTicker) at pkg/kubelet/podcertificate/podcertificatemanager.go:270}","39","40"
"53df4f9be696180df04fe9a34b3ac13c04695cb0"
"fbfeb33231faf5641cc1d43f266585c0fbaa2f01","RENAME","{method_declaration RequestWithPrioritizedList(deviceClassNames ...string) at pkg/scheduler/testing/wrappers.go:1205}","{method_declaration RequestWithPrioritizedListFromDeviceClasses(deviceClassNames ...string) at pkg/scheduler/testing/wrappers.go:1205}","19","19"
"fbfeb33231faf5641cc1d43f266585c0fbaa2f01","CHANGE_SIGNATURE","{function_declaration createPod(tCtx ktesting.TContext, namespace string, suffix string, claim *resourceapi.ResourceClaim, pod *v1.Pod) at test/integration/dra/helpers_test.go:132}","{function_declaration createPod(tCtx ktesting.TContext, namespace string, suffix string, pod *v1.Pod, claims ...*resourceapi.ResourceClaim) at test/integration/dra/helpers_test.go:132}","17","24"
"374baacf92c0949fc8e50fb9b16823c72530d24d"
"a49bc6f2fbbd9b1a634d9224dac9828e2012b4ab"
"79dc7908ff34217e6d2f8cc0031e81dda70069fa","CHANGE_SIGNATURE","{function_declaration GetNodeRegistration(kubeconfigFile string, client clientset.Interface, nodeRegistration *kubeadmapi.NodeRegistrationOptions, clusterCfg *kubeadmapi.ClusterConfiguration) at cmd/kubeadm/app/util/config/cluster.go:165}","{function_declaration GetNodeRegistration(kubeconfigFile string, client clientset.Interface, nodeRegistration *kubeadmapi.NodeRegistrationOptions) at cmd/kubeadm/app/util/config/cluster.go:166}","36","44"
"7db53119521a33d9a094c417213c7e104f6b69b2"
"949be1d132ba05cb3ad9833a3d7de30a1959f642"
"c77a39c06fe245bce36a81e587f0951325367b7b","CHANGE_SIGNATURE","{function_declaration NewCSINodeLister(csinodeLister storagelisters.CSINodeLister) at pkg/scheduler/framework/plugins/nodevolumelimits/csi_manager.go:47}","{function_declaration NewCSINodeLister(csiNodeLister storagelisters.CSINodeLister) at pkg/scheduler/framework/plugins/nodevolumelimits/csi_manager.go:47}","3","3"
"320987ead3a7dce1136558b1325b1baecda4d24d","CHANGE_SIGNATURE","{method_declaration withUpdates(label resourceclaimmetrics.NumResourceClaimLabels, n float64) at pkg/controller/resourceclaim/controller_test.go:1180}","{method_declaration withUpdates(rcLabels resourceclaimmetrics.NumResourceClaimLabels, n float64) at pkg/controller/resourceclaim/controller_test.go:1180}","7","7"
"902c2e0c1509ba51d2c703a0de66a838c38dc972"
"396a7c1a12af038696506c38c160534e42298496"
"c5b14939253a4763a2827d2ee184cf74149a56ad","CHANGE_SIGNATURE","{function_declaration setup(t *testing.T, args *config.DynamicResourcesArgs, nodes []*v1.Node, claims []*resourceapi.ResourceClaim, classes []*resourceapi.DeviceClass, objs []apiruntime.Object, features feature.Features, failPatch bool) at pkg/scheduler/framework/plugins/dynamicresources/dynamicresources_test.go:2374}","{function_declaration setup(t *testing.T, args *config.DynamicResourcesArgs, nodes []*v1.Node, claims []*resourceapi.ResourceClaim, classes []*resourceapi.DeviceClass, objs []apiruntime.Object, features feature.Features, failPatch bool, apiReactors []cgotesting.Reactor) at pkg/scheduler/framework/plugins/dynamicresources/dynamicresources_test.go:2407}","98","100"
"ea7561b243a4932babb8daba0261268814bba8cf"
"5102591a6b9d12b005ad7313f4fa3c46960a5f5f","RENAME","{function_declaration makeGeneratedClaim(podClaimName, generateName, namespace, classname string, createCounter int, owner *metav1.OwnerReference, adminAccess *bool) at pkg/controller/resourceclaim/controller_test.go:826}","{function_declaration makeTemplatedClaim(podClaimName, generateName, namespace, classname string, createCounter int, owner *metav1.OwnerReference, adminAccess *bool) at pkg/controller/resourceclaim/controller_test.go:863}","30","30"
"9cad3f8787606d711ea8890398877fdfab011474","EXTRACT","{function_declaration DefaultGetPreferences(kuberc string, errOut io.Writer) at staging/src/k8s.io/kubectl/pkg/kuberc/kuberc.go:316}","{function_declaration LoadKuberc(kuberc string) at staging/src/k8s.io/kubectl/pkg/kuberc/kuberc.go:313}","43","21"
"326b7eaa52676b781740c2f332e85985ec6f6045","CHANGE_SIGNATURE","{function_declaration validateQuotaUsage(ctx context.Context, m *mockDriverSetup, currentQuota, expectedQuota *v1.ResourceQuota) at test/e2e/storage/csimock/csi_volume_expansion.go:592}","{function_declaration validateQuotaUsage(ctx context.Context, m *mockDriverSetup, currentQuota, expectedQuota *v1.ResourceQuota, uncachedClient corev1client.CoreV1Interface) at test/e2e/storage/csimock/csi_volume_expansion.go:596}","30","24"
"18967f53ddd7c73dcf2ce62216d0e1022626d8ea"
"3b0913c8666136a72207a3ca90f69ef04340a64d"
"693f42bfc16618288b607b719a6d4158964d058a"
"120bcee05787c24fbf8802c68547a0d815411484"
"d12663248d50a7d5632dc05a29cb7ec80ddd7c95"
"0aea256ef96bf7e8b37350e6549b54325d442e02","CHANGE_SIGNATURE","{function_declaration validateMap(m map[K]T, maxSize, truncateKeyLen int, validateKey func(K, *field.Path) field.ErrorList, validateItem func(T, *field.Path) field.ErrorList, fldPath *field.Path, opts ...validationOption) at pkg/apis/resource/validation/validation.go:1281}","{function_declaration validateMap(m map[K]T, maxSize, truncateKeyLen int, validateKey func(K, *field.Path) field.ErrorList, validateItem func(T, *field.Path) field.ErrorList, fldPath *field.Path) at pkg/apis/resource/validation/validation.go:1279}","19","14"
"4acafd92452c3ed75b30839c5b38d4c0a800c61a"
"9ca74a3359586b2d60aa929c8b9a5f74995da9bb"
"024382658b680b99dc7c05323789b3173f3bd1b2"
"e08d03b1b5ce0889d21a85131d068ad03dffa238"
"1e6ad423bf1fe183b2d49d16696c6006c7b8b32a"
"0caae6f704165fdb8efa89af97cbd55c44756fe7"
"ed74779a0f945d1d24183276d192cd50693cc041"
"8eab454e38e5415caab70f9be0719e8667efd50f"
"27774052abdf27abe4cd5e2da9a92adaa8e97104"
"12205df76deda610f32a1c0289aaf4f3f1fbcdc1"
"9d4ff6ecf2b795233f8b8cb338eb64a57b514ef1","CHANGE_SIGNATURE","{function_declaration createWorker(ctx context.Context, args *WorkArgs, createdAt time.Time, fireAt time.Time, f func(ctx context.Context, fireAt time.Time, args *WorkArgs) error, clock clock.WithDelayedExecution) at pkg/controller/tainteviction/timed_workers.go:61}","{function_declaration createWorker(ctx context.Context, wg *sync.WaitGroup, args *WorkArgs, createdAt time.Time, fireAt time.Time, f func(ctx context.Context, fireAt time.Time, args *WorkArgs) error, clock clock.WithDelayedExecution) at pkg/controller/tainteviction/timed_workers.go:63}","21","36"
"9d4ff6ecf2b795233f8b8cb338eb64a57b514ef1","CHANGE_SIGNATURE","{method_declaration worker(ctx context.Context, worker int, done func(), stopCh <-chan struct{}) at pkg/controller/tainteviction/taint_eviction.go:356}","{method_declaration worker(ctx context.Context, worker int) at pkg/controller/tainteviction/taint_eviction.go:357}","32","30"
"9d4ff6ecf2b795233f8b8cb338eb64a57b514ef1","RENAME","{function_declaration TestCancelAndReadd(t *testing.T) at pkg/controller/tainteviction/timed_workers_test.go:119}","{function_declaration TestCancelAndRead(t *testing.T) at pkg/controller/tainteviction/timed_workers_test.go:119}","34","34"
"d2a443db75e256d8d991e628787a81a9a9c279f2"
"c641df792b61073304589d99f01fd6f541c9dc70"
"d908a470a5578953f67cc032f759c57f37d866e3","EXTRACT","{method_declaration Run(ctx context.Context) at pkg/controller/garbagecollector/graph_builder.go:349}","{method_declaration stopMonitors(logger klog.Logger) at pkg/controller/garbagecollector/graph_builder.go:322}","32","26"
"90f0fd09f202206c3e5bd0fe0de687e580604fa9"
"90d32919ee5c78ee1830c1deec2504f483a4dabf"
"2a3f66d3f6b3e27731eab779c69ab9993d6c8abf","MOVE","{function_declaration TestImpersonationFilter(t *testing.T) at staging/src/k8s.io/apiserver/pkg/endpoints/filters/impersonation_test.go:105}","{function_declaration TestImpersonationFilter(t *testing.T) at staging/src/k8s.io/apiserver/pkg/endpoints/filters/impersonation/impersonation_test.go:105}","467","480"
"2a3f66d3f6b3e27731eab779c69ab9993d6c8abf","MOVE","{function_declaration unescapeExtraKey(encodedKey string) at staging/src/k8s.io/apiserver/pkg/endpoints/filters/impersonation.go:203}","{function_declaration unescapeExtraKey(encodedKey string) at staging/src/k8s.io/apiserver/pkg/endpoints/filters/impersonation/impersonation.go:204}","7","7"
"2a3f66d3f6b3e27731eab779c69ab9993d6c8abf","MOVE","{method_declaration Authorize(ctx context.Context, a authorizer.Attributes) at staging/src/k8s.io/apiserver/pkg/endpoints/filters/impersonation_test.go:39}","{method_declaration Authorize(ctx context.Context, a authorizer.Attributes) at staging/src/k8s.io/apiserver/pkg/endpoints/filters/impersonation/impersonation_test.go:39}","65","65"
"2a3f66d3f6b3e27731eab779c69ab9993d6c8abf","EXTRACT","{method_declaration MarshalToSizedBuffer(dAtA []byte) at staging/src/k8s.io/apiserver/pkg/apis/audit/v1/generated.pb.go:513}","{method_declaration MarshalToSizedBuffer(dAtA []byte) at staging/src/k8s.io/apiserver/pkg/apis/audit/v1/generated.pb.go:557}","90","90"
"2a3f66d3f6b3e27731eab779c69ab9993d6c8abf","CHANGE_SIGNATURE","{function_declaration LogImpersonatedUser(ctx context.Context, user user.Info) at staging/src/k8s.io/apiserver/pkg/audit/request.go:85}","{function_declaration LogImpersonatedUser(ctx context.Context, user user.Info, constraint string) at staging/src/k8s.io/apiserver/pkg/audit/request.go:85}","7","7"
"2a3f66d3f6b3e27731eab779c69ab9993d6c8abf","EXTRACT","{method_declaration Unmarshal(dAtA []byte) at staging/src/k8s.io/apiserver/pkg/apis/audit/v1/generated.pb.go:2524}","{method_declaration Unmarshal(dAtA []byte) at staging/src/k8s.io/apiserver/pkg/apis/audit/v1/generated.pb.go:2712}","329","329"
"2a3f66d3f6b3e27731eab779c69ab9993d6c8abf","EXTRACT","{method_declaration Size() at staging/src/k8s.io/apiserver/pkg/apis/audit/v1/generated.pb.go:782}","{method_declaration Size() at staging/src/k8s.io/apiserver/pkg/apis/audit/v1/generated.pb.go:841}","55","55"
"2a3f66d3f6b3e27731eab779c69ab9993d6c8abf","EXTRACT","{method_declaration String() at staging/src/k8s.io/apiserver/pkg/apis/audit/v1/generated.pb.go:958}","{method_declaration String() at staging/src/k8s.io/apiserver/pkg/apis/audit/v1/generated.pb.go:1028}","23","23"
"2a3f66d3f6b3e27731eab779c69ab9993d6c8abf","MOVE","{function_declaration buildImpersonationRequests(headers http.Header) at staging/src/k8s.io/apiserver/pkg/endpoints/filters/impersonation.go:214}","{function_declaration buildImpersonationRequests(headers http.Header) at staging/src/k8s.io/apiserver/pkg/endpoints/filters/impersonation/impersonation.go:215}","60","60"
"2a3f66d3f6b3e27731eab779c69ab9993d6c8abf","CHANGE_SIGNATURE","{method_declaration LogImpersonatedUser(user user.Info) at staging/src/k8s.io/apiserver/pkg/audit/context.go:135}","{method_declaration LogImpersonatedUser(user user.Info, constraint string) at staging/src/k8s.io/apiserver/pkg/audit/context.go:135}","16","22"
"2a3f66d3f6b3e27731eab779c69ab9993d6c8abf","MOVE","{function_declaration userString(u user.Info) at staging/src/k8s.io/apiserver/pkg/endpoints/filters/impersonation.go:185}","{function_declaration userString(u user.Info) at staging/src/k8s.io/apiserver/pkg/endpoints/filters/impersonation/impersonation.go:186}","17","17"
"2a3f66d3f6b3e27731eab779c69ab9993d6c8abf","MOVE","{function_declaration WithImpersonation(handler http.Handler, a authorizer.Authorizer, s runtime.NegotiatedSerializer) at staging/src/k8s.io/apiserver/pkg/endpoints/filters/impersonation.go:41}","{function_declaration WithImpersonation(handler http.Handler, a authorizer.Authorizer, s runtime.NegotiatedSerializer) at staging/src/k8s.io/apiserver/pkg/endpoints/filters/impersonation/impersonation.go:42}","143","143"
"8200f9a22c7215a13b78e9e241cd291a0b6f9fde"
"3f45a675fc71e6be06568d8252068c4ac9d8ceba"
"bbf8bc766e304c51ce5e26e20704b27ffb651017","RENAME","{method_declaration evictionTime(claim *resourceapi.ResourceClaim) at pkg/controller/devicetainteviction/device_taint_eviction.go:775}","{method_declaration claimEvictionTime(claim *resourceapi.ResourceClaim) at pkg/controller/devicetainteviction/device_taint_eviction.go:1155}","48","57"
"bbf8bc766e304c51ce5e26e20704b27ffb651017","EXTRACT","{method_declaration handlePod(pod *v1.Pod) at pkg/controller/devicetainteviction/device_taint_eviction.go:1059}","{method_declaration podEvictionTime(pod *v1.Pod) at pkg/controller/devicetainteviction/device_taint_eviction.go:1488}","50","66"
"bbf8bc766e304c51ce5e26e20704b27ffb651017","EXTRACT","{function_declaration testCancelEviction(tCtx ktesting.TContext, deletePod bool) at pkg/controller/devicetainteviction/device_taint_eviction_test.go:1589}","{function_declaration metav1Time(time time.Time) at pkg/controller/devicetainteviction/device_taint_eviction_test.go:63}","129","3"
"bbf8bc766e304c51ce5e26e20704b27ffb651017","EXTRACT","{method_declaration worker(ctx context.Context) at pkg/controller/devicetainteviction/device_taint_eviction.go:659}","{method_declaration handleWork(ctx context.Context, item workItem) at pkg/controller/devicetainteviction/device_taint_eviction.go:1064}","31","6"
"0689b628c7da93bae8cea786f6b69330ef661290"
"f4a453389d25974b62ec2e45508b2150a9192b30","CHANGE_SIGNATURE","{method_declaration Run(ctx context.Context) at pkg/controller/devicetainteviction/device_taint_eviction.go:386}","{method_declaration Run(ctx context.Context, numWorkers int) at pkg/controller/devicetainteviction/device_taint_eviction.go:377}","279","279"
"256591520a552cda01b75eca08b1715a5f35e398"
"09dfeeb9881ec46400c48ed6e6dc0001112840ac","RENAME","{function_declaration TestSchedulerStatusz(t *testing.T) at test/integration/scheduler/serving/endpoints_test.go:220}","{function_declaration TestSchedulerZPages(t *testing.T) at test/integration/scheduler/serving/endpoints_test.go:207}","155","272"
"ba059168c356451962a9140bae58d554033b7477","RENAME","{function_declaration TestKubeControllerManagerServingStatusz(t *testing.T) at test/integration/serving/serving_test.go:302}","{function_declaration TestKubeControllerManagerServingZPages(t *testing.T) at test/integration/serving/serving_test.go:303}","213","330"
"16db8e2375fa2019ffbabb76a261cebb92e7b287"
"2422bc0bb8cb241a4026f86ee3b7d89b26f5809b"
"b3222498fdbe7b9927ae80ba7a88d5e243cbd8db"
"a181fd2eb81e628de09b8090bbf040f02d7f8801"
"336a3e927579c34af60c030eaf39a68a77d47054"
"611b4c1408f529de4d4e94e6dd33be2ed1df9276","EXTRACT","{method_declaration Update(key string, obj interface{}) at staging/src/k8s.io/client-go/tools/cache/thread_safe_store.go:236}","{method_declaration updateLocked(key string, obj interface{}) at staging/src/k8s.io/client-go/tools/cache/thread_safe_store.go:281}","7","5"
"611b4c1408f529de4d4e94e6dd33be2ed1df9276","EXTRACT","{method_declaration Delete(key string) at staging/src/k8s.io/client-go/tools/cache/thread_safe_store.go:244}","{method_declaration deleteLocked(key string) at staging/src/k8s.io/client-go/tools/cache/thread_safe_store.go:293}","8","6"
"c67937dd352602900df8b5606b276d0eff3f9d83","CHANGE_SIGNATURE","{function_declaration NewExtendedResourceCache(deviceClassLister resourcelisters.DeviceClassLister, logger klog.Logger, handlers ...cache.ResourceEventHandler) at staging/src/k8s.io/dynamic-resource-allocation/deviceclass/extendedresourcecache/extendedresourcecache.go:49}","{function_declaration NewExtendedResourceCache(logger klog.Logger, handlers ...cache.ResourceEventHandler) at staging/src/k8s.io/dynamic-resource-allocation/deviceclass/extendedresourcecache/extendedresourcecache.go:47}","10","9"
"c438f8a983c7437dba9f42cd7b55eaf3b472ef65"
"a9ff1b19c1896a456abca8088be73c7f2d37e65b"
"372328f281422df128e2e5c487ee907ab30e3ca1"
"2e479e00f4e81f2c7121f01a33cb1abd4ba16f51"
"ed62db7acf382ba58d42827a3631feaa60bbb23b"
"a275785bd4f1bcc051d1d57c959174f7d306c2e8"
"fba24a8e7157d8832c94481d58e02c88678073ca"
"5cdb983c2e3ea82b7a9197ee22d3a0c1f4783803"
"27a81144b223aa964a965997b80faff326b53992","CHANGE_SIGNATURE","{function_declaration CreateVolumeGroupSnapshot(ctx context.Context, sDriver VoulmeGroupSnapshottableTestDriver, config *PerTestConfig, pattern TestPattern, groupName string, pvcNamespace string, timeouts *framework.TimeoutContext, parameters map[string]string) at test/e2e/storage/framework/volume_group_snapshot_resource.go:67}","{function_declaration CreateVolumeGroupSnapshot(ctx context.Context, sDriver VolumeGroupSnapshottableTestDriver, config *PerTestConfig, pattern TestPattern, groupName string, pvcNamespace string, timeouts *framework.TimeoutContext, parameters map[string]string) at test/e2e/storage/framework/volume_group_snapshot_resource.go:67}","45","45"
"27a81144b223aa964a965997b80faff326b53992","CHANGE_SIGNATURE","{function_declaration CreateVolumeGroupSnapshotResource(ctx context.Context, sDriver VoulmeGroupSnapshottableTestDriver, config *PerTestConfig, pattern TestPattern, pvcName string, pvcNamespace string, timeouts *framework.TimeoutContext, parameters map[string]string) at test/e2e/storage/framework/volume_group_snapshot_resource.go:123}","{function_declaration CreateVolumeGroupSnapshotResource(ctx context.Context, sDriver VolumeGroupSnapshottableTestDriver, config *PerTestConfig, pattern TestPattern, pvcName string, pvcNamespace string, timeouts *framework.TimeoutContext, parameters map[string]string) at test/e2e/storage/framework/volume_group_snapshot_resource.go:123}","11","11"
"002774c31572cc25cbf613f864feff62410ae687","RENAME","{function_declaration NewCsiNodeLister(csinodeLister storagelisters.CSINodeLister) at pkg/scheduler/framework/plugins/nodevolumelimits/csi_manager.go:47}","{function_declaration NewCSINodeLister(csinodeLister storagelisters.CSINodeLister) at pkg/scheduler/framework/plugins/nodevolumelimits/csi_manager.go:47}","3","3"
"002774c31572cc25cbf613f864feff62410ae687","CHANGE_SIGNATURE","{function_declaration NewCSIManager(csinodeLister storagelisters.CSINodeLister) at pkg/scheduler/framework/plugins/nodevolumelimits/csi_manager.go:33}","{function_declaration NewCSIManager(csiNodeLister storagelisters.CSINodeLister) at pkg/scheduler/framework/plugins/nodevolumelimits/csi_manager.go:33}","3","3"
"bbbe23dac7cd2dec18359fa32220676dbd6d0350"
"f1bd4f509ebb2f9d02971c2dff85d5933eb074df","EXTRACT","{method_declaration updateUnfinishedWorkLoop() at staging/src/k8s.io/client-go/util/workqueue/queue.go:351}","{method_declaration updateUnfinishedWork() at staging/src/k8s.io/client-go/util/workqueue/queue.go:351}","16","7"
"9113013eb89bd3d8f320cc1e0e8c09637292c8ad"
"82d3c07f0ede8e0a6b7545e4846460211fe1a197"
"ca8847149e3e19444ffec878f0002f5f9edef566"
"0639f7f40e044c2e14f3b91eca1e70fe4f36ab4e"
"a079e1ed256a1fd7d2dfbad47ca7a0e5bdb2fafb"
"a92b987b3dc355014652ecb82a1bd3c8f518dea9"
"d132afc87ee34fe865f00cb85687d98aee27c61b","CHANGE_SIGNATURE","{function_declaration runWorkload(tCtx ktesting.TContext, tc *testCase, w *workload, scheduler *scheduler.Scheduler, informerFactory informers.SharedInformerFactory) at test/integration/scheduler_perf/scheduler_perf.go:1528}","{function_declaration runWorkload(tCtx ktesting.TContext, tc *testCase, w *workload, topicName string, scheduler *scheduler.Scheduler, informerFactory informers.SharedInformerFactory) at test/integration/scheduler_perf/scheduler_perf.go:1562}","74","75"
"191ab8d78d8216160eaa771e9feaf63b2adae5b0"
"9640da54524fffbf9060b4c0800706a053e5808a"
"3dabd4417d941d28e63c96c80d03ae2db1895838"
"c98804b77f3bf5ef2c9df7b956e8fbd7f6670027"
"81448febcf409d349a2f3143d90231b5f6fd5375"
"257ff6edcd6c43246557aede1521d0881c313a62"
"1fc389c43f875d00be9ca9432ed9b10fe01cde39"
"cdbe340143134465e22c24b7cee959a26794df45"
"b3aeead3e225550628e3dd231446346a41db4e78"
"9b95eaf593732dee4678667cc9eeeaa08f68c9b0"
"0631a66d528bd6a7cdbd5c14da1df45d68eca738","EXTRACT","{function_declaration validateSlice(slice []T, maxSize int, validateItem func(T, *field.Path) field.ErrorList, fldPath *field.Path, opts ...validationOption) at pkg/apis/resource/validation/validation.go:1161}","{function_declaration validateItems(slice []T, validateItem func(T, *field.Path) field.ErrorList, fldPath *field.Path, opts ...validationOption) at pkg/apis/resource/validation/validation.go:1159}","24","12"
"1e8fc543cc7db8433ae0a5e5d48b5198b8cf7b91"
"14f17a3809a3370be7d0e1e1476c2669ce1486a7"
"713b7231d82c46e95ae1734b13491ae02267a15f"
"fa31a593b9f64f01be8fb2acfbfe56923b0f3dc7"
"979c44277498fefabd0b1031a11e3e85351c74b8"
"7d186d870f91462eee22d828a470fe17b906294e"
"94e085e15ca8a3aa18d0b85fc9bb887961dea899"
"a22b3d031fefa2881139b075028808139c0ae7d8"
"b609d4713c26d24e1513a3288bd002f24631df2a"
"7aa849160a860251696204e499b048f5f1830825"
"3b905ae4b5cd9bae2030b5f22a7f0d984bea4733"
"fe3722dfa9a9015f2167149d77b1ccec16676db8"
"4bbe8f0cfb13823051f0ecfebb63295eec5a279d"
"b9118183cf13fdc0a566c1f8104f9928aca763c3"
"39ad8278e2361f994dac4b8c2cd7bc866561f236"
"eb1a5b6ddfbdd1fe6b7f8bce8a7b1a3ec386c619"
"bdb2e37781aec3bfec477a7beddd9fa5ac4eab1b"
"b83a6a83f0f93e93635d21e539f88b8e3571f695","CHANGE_SIGNATURE","{function_declaration NewExtendedResourceCache(logger klog.Logger, handlers ...cache.ResourceEventHandler) at staging/src/k8s.io/dynamic-resource-allocation/deviceclass/extendedresourcecache/extendedresourcecache.go:47}","{function_declaration NewExtendedResourceCache(deviceClassLister resourcelisters.DeviceClassLister, logger klog.Logger, handlers ...cache.ResourceEventHandler) at staging/src/k8s.io/dynamic-resource-allocation/deviceclass/extendedresourcecache/extendedresourcecache.go:49}","9","10"
"96edaa43d2eabeaef6961dd4e17fab1fda461da1"
"a3bf2abddb2b76e38727df505caa5962127706b2"
"3e33e61968ee9f6667ca46c36808d39d550bb497"
"f9ef00491607a01a3ea35169f62bfa56fe423a73"
"321c1e37c0699b85a3f702b34103b18befc325ca"
"de9138f4fa9a615fb5b942fb963f53392c0031d1"
"c13c5814597659f84e4af61c642423d37522aec1"
"762b458700be90cd277dcde0a6557df1b86de4f8"
"3eab698884a4abd3b14173eef68e3225e49140b0"
"363407c500dc82216d6473b4358eef4a3f9c8d16"
"6dd086536ff3bd9fac6cded301a7881313250479"
"5e0d06082d6e8e431f32960a77bcf1fd49e6bd2c"
"a0e500ace39ec06de58279a3ca877899d5512709"
"30de423597010ef70412d44acc3b99b78126a2b1"
"d3c2115441e47a5168a1d5f5dd1207678d71aca8"
"ac9120f6076217a6a033cf9a32dd89a61713c59f","RENAME","{function_declaration Command(name string, arg ...string) at staging/src/k8s.io/kubectl/pkg/cmd/cmd.go:218}","{function_declaration command(name string, arg ...string) at staging/src/k8s.io/kubectl/pkg/cmd/plugin.go:90}","16","16"
"c832203707d1f02cb5804e26eaeb1984708ffab3"
"36510ccf56ff0b9e9b4065a8aa3c4ace22679356"
"12a0c8ce17f8031cba43860ca3b5338d931598ac","CHANGE_SIGNATURE","{function_declaration addAllEventHandlers(
	sched *Scheduler,
	informerFactory informers.SharedInformerFactory,
	dynInformerFactory dynamicinformer.DynamicSharedInformerFactory,
	resourceClaimCache *assumecache.AssumeCache,
	resourceSliceTracker *resourceslicetracker.Tracker,
	gvkMap map[fwk.EventResource]fwk.ActionType,
) at pkg/scheduler/eventhandlers.go:486}","{function_declaration addAllEventHandlers(
	sched *Scheduler,
	informerFactory informers.SharedInformerFactory,
	dynInformerFactory dynamicinformer.DynamicSharedInformerFactory,
	resourceClaimCache *assumecache.AssumeCache,
	resourceSliceTracker *resourceslicetracker.Tracker,
	draManager fwk.SharedDRAManager,
	gvkMap map[fwk.EventResource]fwk.ActionType,
) at pkg/scheduler/eventhandlers.go:488}","198","210"
"12a0c8ce17f8031cba43860ca3b5338d931598ac","MOVE","{method_declaration updateMapping(newDeviceClass, oldDeviceClass *resourceapi.DeviceClass) at staging/src/k8s.io/dynamic-resource-allocation/deviceclass/cache/cache.go:130}","{method_declaration updateMapping(newDeviceClass, oldDeviceClass *resourceapi.DeviceClass) at staging/src/k8s.io/dynamic-resource-allocation/deviceclass/extendedresourcecache/extendedresourcecache.go:135}","29","29"
"12a0c8ce17f8031cba43860ca3b5338d931598ac","MOVE","{method_declaration removeMapping(deviceClass *resourceapi.DeviceClass) at staging/src/k8s.io/dynamic-resource-allocation/deviceclass/cache/cache.go:163}","{method_declaration removeMapping(deviceClass *resourceapi.DeviceClass) at staging/src/k8s.io/dynamic-resource-allocation/deviceclass/extendedresourcecache/extendedresourcecache.go:168}","16","16"
"12a0c8ce17f8031cba43860ca3b5338d931598ac","MOVE","{method_declaration GetDeviceClass(resourceName v1.ResourceName) at staging/src/k8s.io/dynamic-resource-allocation/deviceclass/cache/cache.go:75}","{method_declaration GetDeviceClass(resourceName v1.ResourceName) at staging/src/k8s.io/dynamic-resource-allocation/deviceclass/extendedresourcecache/extendedresourcecache.go:73}","8","8"
"12a0c8ce17f8031cba43860ca3b5338d931598ac","MOVE","{function_declaration TestExtendedResourceCache(t *testing.T) at staging/src/k8s.io/dynamic-resource-allocation/deviceclass/cache/cache_test.go:29}","{function_declaration TestExtendedResourceCache(t *testing.T) at staging/src/k8s.io/dynamic-resource-allocation/deviceclass/extendedresourcecache/extendedresourcecache_test.go:142}","72","71"
"d8c66ffb63c220435241fb27604307263b50d091","CHANGE_SIGNATURE","{function_declaration isFit(pod *v1.Pod, node *v1.Node, opts ResourceRequestsOptions) at pkg/scheduler/framework/plugins/noderesources/fit.go:498}","{function_declaration isFit(pod *v1.Pod, node *v1.Node, draManager fwk.SharedDRAManager, opts ResourceRequestsOptions) at pkg/scheduler/framework/plugins/noderesources/fit.go:492}","8","9"
"d8c66ffb63c220435241fb27604307263b50d091","EXTRACT_MOVE","{method_declaration preFilterExtendedResources(pod *v1.Pod, logger klog.Logger, s *stateData) at pkg/scheduler/framework/plugins/dynamicresources/dynamicresources.go:459}","{method_declaration DeviceClassResolver() at pkg/scheduler/framework/autoscaler_contract/lister_contract_test.go:142}","66","3"
"d8c66ffb63c220435241fb27604307263b50d091","CHANGE_SIGNATURE","{function_declaration haveAnyRequestedResourcesIncreased(pod *v1.Pod, originalNode, modifiedNode *v1.Node, opts ResourceRequestsOptions) at pkg/scheduler/framework/plugins/noderesources/fit.go:445}","{function_declaration haveAnyRequestedResourcesIncreased(pod *v1.Pod, originalNode, modifiedNode *v1.Node, draManager fwk.SharedDRAManager, opts ResourceRequestsOptions) at pkg/scheduler/framework/plugins/noderesources/fit.go:449}","50","40"
"d8c66ffb63c220435241fb27604307263b50d091","CHANGE_SIGNATURE","{function_declaration createDeviceRequests(pod *v1.Pod, extendedResources map[v1.ResourceName]int64, deviceClassMapping map[v1.ResourceName]string) at pkg/scheduler/framework/plugins/dynamicresources/dynamicresources.go:810}","{function_declaration createDeviceRequests(pod *v1.Pod, extendedResources map[v1.ResourceName]int64, cache fwk.DeviceClassResolver) at pkg/scheduler/framework/plugins/dynamicresources/dynamicresources.go:802}","64","64"
"d8c66ffb63c220435241fb27604307263b50d091","CHANGE_SIGNATURE","{function_declaration fitsRequest(podRequest *preFilterState, nodeInfo fwk.NodeInfo, ignoredExtendedResources, ignoredResourceGroups sets.Set[string], opts ResourceRequestsOptions) at pkg/scheduler/framework/plugins/noderesources/fit.go:565}","{function_declaration fitsRequest(podRequest *preFilterState, nodeInfo fwk.NodeInfo, ignoredExtendedResources, ignoredResourceGroups sets.Set[string], draManager fwk.SharedDRAManager, opts ResourceRequestsOptions) at pkg/scheduler/framework/plugins/noderesources/fit.go:568}","98","88"
"d8c66ffb63c220435241fb27604307263b50d091","CHANGE_SIGNATURE","{function_declaration Fits(pod *v1.Pod, nodeInfo fwk.NodeInfo, opts ResourceRequestsOptions) at pkg/scheduler/framework/plugins/noderesources/fit.go:561}","{function_declaration Fits(pod *v1.Pod, nodeInfo fwk.NodeInfo, draManager fwk.SharedDRAManager, opts ResourceRequestsOptions) at pkg/scheduler/framework/plugins/noderesources/fit.go:564}","3","3"
"d8c66ffb63c220435241fb27604307263b50d091","CHANGE_SIGNATURE","{function_declaration hasDeviceClassMappedExtendedResource(reqs v1.ResourceList, deviceClassMapping map[v1.ResourceName]string) at pkg/scheduler/framework/plugins/dynamicresources/dynamicresources.go:413}","{function_declaration hasDeviceClassMappedExtendedResource(reqs v1.ResourceList, cache fwk.DeviceClassResolver) at pkg/scheduler/framework/plugins/dynamicresources/dynamicresources.go:410}","15","14"
"34021d451d351259d3c51ffcdd31e5f28898fb8f"
"59e075e8d35dbc16c5db7c302f3836f3f9a144f8","MOVE","{method_declaration SwaggerDoc() at staging/src/k8s.io/api/certificates/v1alpha1/types_swagger_doc_generated.go:67}","{method_declaration SwaggerDoc() at staging/src/k8s.io/api/certificates/v1beta1/types_swagger_doc_generated.go:115}","3","3"
"59e075e8d35dbc16c5db7c302f3836f3f9a144f8","RENAME","{function_declaration schema_k8sio_api_certificates_v1alpha1_PodCertificateRequestSpec(ref common.ReferenceCallback) at pkg/generated/openapi/zz_generated.openapi.go:19632}","{function_declaration schema_k8sio_api_certificates_v1beta1_PodCertificateRequestSpec(ref common.ReferenceCallback) at pkg/generated/openapi/zz_generated.openapi.go:20066}","91","107"
"59e075e8d35dbc16c5db7c302f3836f3f9a144f8","MOVE","{method_declaration PodCertificateRequests() at staging/src/k8s.io/client-go/informers/certificates/v1alpha1/interface.go:50}","{method_declaration PodCertificateRequests() at staging/src/k8s.io/client-go/informers/certificates/v1beta1/interface.go:57}","3","3"
"59e075e8d35dbc16c5db7c302f3836f3f9a144f8","CHANGE_SIGNATURE","{function_declaration AddGraphEventHandlers(
	graph *Graph,
	nodes corev1informers.NodeInformer,
	pods corev1informers.PodInformer,
	pvs corev1informers.PersistentVolumeInformer,
	attachments storageinformers.VolumeAttachmentInformer,
	slices resourceinformers.ResourceSliceInformer,
	pcrs certsv1alpha1informers.PodCertificateRequestInformer,
) at plugin/pkg/auth/authorizer/node/graph_populator.go:50}","{function_declaration AddGraphEventHandlers(
	graph *Graph,
	nodes corev1informers.NodeInformer,
	pods corev1informers.PodInformer,
	pvs corev1informers.PersistentVolumeInformer,
	attachments storageinformers.VolumeAttachmentInformer,
	slices resourceinformers.ResourceSliceInformer,
	pcrs certsv1beta1informers.PodCertificateRequestInformer,
) at plugin/pkg/auth/authorizer/node/graph_populator.go:50}","47","47"
"59e075e8d35dbc16c5db7c302f3836f3f9a144f8","MOVE","{method_declaration MarshalTo(dAtA []byte) at staging/src/k8s.io/api/certificates/v1alpha1/generated.pb.go:236}","{method_declaration MarshalTo(dAtA []byte) at staging/src/k8s.io/api/certificates/v1beta1/generated.pb.go:588}","4","4"
"59e075e8d35dbc16c5db7c302f3836f3f9a144f8","MOVE","{function_declaration PodCertificateRequestStatus() at staging/src/k8s.io/client-go/applyconfigurations/certificates/v1alpha1/podcertificaterequeststatus.go:86}","{function_declaration PodCertificateRequestStatus() at staging/src/k8s.io/client-go/applyconfigurations/certificates/v1beta1/podcertificaterequeststatus.go:86}","3","3"
"59e075e8d35dbc16c5db7c302f3836f3f9a144f8","MOVE","{method_declaration Reset() at staging/src/k8s.io/api/certificates/v1alpha1/generated.pb.go:46}","{method_declaration Reset() at staging/src/k8s.io/api/certificates/v1beta1/generated.pb.go:60}","1","1"
"59e075e8d35dbc16c5db7c302f3836f3f9a144f8","MOVE","{method_declaration WithUID(value types.UID) at staging/src/k8s.io/client-go/applyconfigurations/certificates/v1alpha1/podcertificaterequest.go:147}","{method_declaration WithUID(value types.UID) at staging/src/k8s.io/client-go/applyconfigurations/certificates/v1beta1/podcertificaterequest.go:147}","5","5"
"59e075e8d35dbc16c5db7c302f3836f3f9a144f8","MOVE","{method_declaration SwaggerDoc() at staging/src/k8s.io/api/certificates/v1alpha1/types_swagger_doc_generated.go:77}","{method_declaration SwaggerDoc() at staging/src/k8s.io/api/certificates/v1beta1/types_swagger_doc_generated.go:125}","3","3"
"59e075e8d35dbc16c5db7c302f3836f3f9a144f8","MOVE","{method_declaration WithServiceAccountName(value string) at staging/src/k8s.io/client-go/applyconfigurations/certificates/v1alpha1/podcertificaterequestspec.go:134}","{method_declaration WithServiceAccountName(value string) at staging/src/k8s.io/client-go/applyconfigurations/certificates/v1beta1/podcertificaterequestspec.go:145}","4","4"
"59e075e8d35dbc16c5db7c302f3836f3f9a144f8","MOVE","{method_declaration WithStatus(value *PodCertificateRequestStatusApplyConfiguration) at staging/src/k8s.io/client-go/applyconfigurations/certificates/v1alpha1/podcertificaterequest.go:270}","{method_declaration WithStatus(value *PodCertificateRequestStatusApplyConfiguration) at staging/src/k8s.io/client-go/applyconfigurations/certificates/v1beta1/podcertificaterequest.go:270}","4","4"
"59e075e8d35dbc16c5db7c302f3836f3f9a144f8","MOVE","{method_declaration SwaggerDoc() at staging/src/k8s.io/api/certificates/v1alpha1/types_swagger_doc_generated.go:95}","{method_declaration SwaggerDoc() at staging/src/k8s.io/api/certificates/v1beta1/types_swagger_doc_generated.go:144}","3","3"
"59e075e8d35dbc16c5db7c302f3836f3f9a144f8","MOVE","{method_declaration WithSignerName(value string) at staging/src/k8s.io/client-go/applyconfigurations/certificates/v1alpha1/podcertificaterequestspec.go:110}","{method_declaration WithSignerName(value string) at staging/src/k8s.io/client-go/applyconfigurations/certificates/v1beta1/podcertificaterequestspec.go:121}","4","4"
"59e075e8d35dbc16c5db7c302f3836f3f9a144f8","MOVE","{method_declaration DeepCopy() at staging/src/k8s.io/api/certificates/v1alpha1/zz_generated.deepcopy.go:223}","{method_declaration DeepCopy() at staging/src/k8s.io/api/certificates/v1beta1/zz_generated.deepcopy.go:413}","8","8"
"59e075e8d35dbc16c5db7c302f3836f3f9a144f8","MOVE","{method_declaration ProtoMessage() at staging/src/k8s.io/api/certificates/v1alpha1/generated.protomessage.pb.go:32}","{method_declaration ProtoMessage() at staging/src/k8s.io/api/certificates/v1beta1/generated.protomessage.pb.go:44}","1","1"
"59e075e8d35dbc16c5db7c302f3836f3f9a144f8","MOVE_RENAME","{function_declaration autoConvert_certificates_PodCertificateRequest_To_v1alpha1_PodCertificateRequest(in *certificates.PodCertificateRequest, out *certificatesv1alpha1.PodCertificateRequest, s conversion.Scope) at pkg/apis/certificates/v1alpha1/zz_generated.conversion.go:201}","{function_declaration autoConvert_v1beta1_PodCertificateRequest_To_certificates_PodCertificateRequest(in *certificatesv1beta1.PodCertificateRequest, out *certificates.PodCertificateRequest, s conversion.Scope) at pkg/apis/certificates/v1beta1/zz_generated.conversion.go:401}","10","10"
"59e075e8d35dbc16c5db7c302f3836f3f9a144f8","MOVE","{method_declaration Marshal() at staging/src/k8s.io/api/certificates/v1alpha1/generated.pb.go:350}","{method_declaration Marshal() at staging/src/k8s.io/api/certificates/v1beta1/generated.pb.go:726}","9","9"
"59e075e8d35dbc16c5db7c302f3836f3f9a144f8","MOVE","{method_declaration MarshalToSizedBuffer(dAtA []byte) at staging/src/k8s.io/api/certificates/v1alpha1/generated.pb.go:188}","{method_declaration MarshalToSizedBuffer(dAtA []byte) at staging/src/k8s.io/api/certificates/v1beta1/generated.pb.go:540}","37","37"
"59e075e8d35dbc16c5db7c302f3836f3f9a144f8","MOVE","{method_declaration MarshalTo(dAtA []byte) at staging/src/k8s.io/api/certificates/v1alpha1/generated.pb.go:183}","{method_declaration MarshalTo(dAtA []byte) at staging/src/k8s.io/api/certificates/v1beta1/generated.pb.go:535}","4","4"
"59e075e8d35dbc16c5db7c302f3836f3f9a144f8","MOVE","{method_declaration WithSpec(value *PodCertificateRequestSpecApplyConfiguration) at staging/src/k8s.io/client-go/applyconfigurations/certificates/v1alpha1/podcertificaterequest.go:262}","{method_declaration WithSpec(value *PodCertificateRequestSpecApplyConfiguration) at staging/src/k8s.io/client-go/applyconfigurations/certificates/v1beta1/podcertificaterequest.go:262}","4","4"
"59e075e8d35dbc16c5db7c302f3836f3f9a144f8","MOVE","{method_declaration Unmarshal(dAtA []byte) at staging/src/k8s.io/api/certificates/v1alpha1/generated.pb.go:1670}","{method_declaration Unmarshal(dAtA []byte) at staging/src/k8s.io/api/certificates/v1beta1/generated.pb.go:3514}","224","224"
"59e075e8d35dbc16c5db7c302f3836f3f9a144f8","MOVE","{function_declaration NewPodCertificateRequestLister(indexer cache.Indexer) at staging/src/k8s.io/client-go/listers/certificates/v1alpha1/podcertificaterequest.go:45}","{function_declaration NewPodCertificateRequestLister(indexer cache.Indexer) at staging/src/k8s.io/client-go/listers/certificates/v1beta1/podcertificaterequest.go:45}","3","3"
"59e075e8d35dbc16c5db7c302f3836f3f9a144f8","MOVE","{function_declaration PodCertificateRequest(name, namespace string) at staging/src/k8s.io/client-go/applyconfigurations/certificates/v1alpha1/podcertificaterequest.go:49}","{function_declaration PodCertificateRequest(name, namespace string) at staging/src/k8s.io/client-go/applyconfigurations/certificates/v1beta1/podcertificaterequest.go:49}","8","8"
"59e075e8d35dbc16c5db7c302f3836f3f9a144f8","MOVE","{method_declaration Size() at staging/src/k8s.io/api/certificates/v1alpha1/generated.pb.go:514}","{method_declaration Size() at staging/src/k8s.io/api/certificates/v1beta1/generated.pb.go:1022}","33","41"
"59e075e8d35dbc16c5db7c302f3836f3f9a144f8","MOVE","{method_declaration WithNamespace(value string) at staging/src/k8s.io/client-go/applyconfigurations/certificates/v1alpha1/podcertificaterequest.go:138}","{method_declaration WithNamespace(value string) at staging/src/k8s.io/client-go/applyconfigurations/certificates/v1beta1/podcertificaterequest.go:138}","5","5"
"59e075e8d35dbc16c5db7c302f3836f3f9a144f8","MOVE","{method_declaration PodCertificateRequests(namespace string) at staging/src/k8s.io/client-go/kubernetes/typed/certificates/v1alpha1/certificates_client.go:44}","{method_declaration PodCertificateRequests(namespace string) at staging/src/k8s.io/client-go/kubernetes/typed/certificates/v1beta1/certificates_client.go:49}","3","3"
"59e075e8d35dbc16c5db7c302f3836f3f9a144f8","MOVE","{method_declaration Reset() at staging/src/k8s.io/api/certificates/v1alpha1/generated.pb.go:42}","{method_declaration Reset() at staging/src/k8s.io/api/certificates/v1beta1/generated.pb.go:56}","1","1"
"59e075e8d35dbc16c5db7c302f3836f3f9a144f8","MOVE_RENAME","{function_declaration autoConvert_certificates_PodCertificateRequestList_To_v1alpha1_PodCertificateRequestList(in *certificates.PodCertificateRequestList, out *certificatesv1alpha1.PodCertificateRequestList, s conversion.Scope) at pkg/apis/certificates/v1alpha1/zz_generated.conversion.go:228}","{function_declaration autoConvert_certificates_PodCertificateRequestList_To_v1beta1_PodCertificateRequestList(in *certificates.PodCertificateRequestList, out *certificatesv1beta1.PodCertificateRequestList, s conversion.Scope) at pkg/apis/certificates/v1beta1/zz_generated.conversion.go:444}","5","5"
"59e075e8d35dbc16c5db7c302f3836f3f9a144f8","MOVE","{method_declaration WithFinalizers(values ...string) at staging/src/k8s.io/client-go/applyconfigurations/certificates/v1alpha1/podcertificaterequest.go:245}","{method_declaration WithFinalizers(values ...string) at staging/src/k8s.io/client-go/applyconfigurations/certificates/v1beta1/podcertificaterequest.go:245}","7","7"
"59e075e8d35dbc16c5db7c302f3836f3f9a144f8","MOVE","{method_declaration SwaggerDoc() at staging/src/k8s.io/api/certificates/v1alpha1/types_swagger_doc_generated.go:108}","{method_declaration SwaggerDoc() at staging/src/k8s.io/api/certificates/v1beta1/types_swagger_doc_generated.go:157}","3","3"
"59e075e8d35dbc16c5db7c302f3836f3f9a144f8","MOVE","{method_declaration Informer() at staging/src/k8s.io/client-go/informers/certificates/v1alpha1/podcertificaterequest.go:96}","{method_declaration Informer() at staging/src/k8s.io/client-go/informers/certificates/v1beta1/podcertificaterequest.go:96}","3","3"
"59e075e8d35dbc16c5db7c302f3836f3f9a144f8","MOVE","{method_declaration DeepCopyObject() at staging/src/k8s.io/api/certificates/v1alpha1/zz_generated.deepcopy.go:126}","{method_declaration DeepCopyObject() at staging/src/k8s.io/api/certificates/v1beta1/zz_generated.deepcopy.go:309}","6","6"
"59e075e8d35dbc16c5db7c302f3836f3f9a144f8","MOVE_RENAME","{function_declaration autoConvert_v1alpha1_PodCertificateRequest_To_certificates_PodCertificateRequest(in *certificatesv1alpha1.PodCertificateRequest, out *certificates.PodCertificateRequest, s conversion.Scope) at pkg/apis/certificates/v1alpha1/zz_generated.conversion.go:185}","{function_declaration autoConvert_certificates_PodCertificateRequest_To_v1beta1_PodCertificateRequest(in *certificates.PodCertificateRequest, out *certificatesv1beta1.PodCertificateRequest, s conversion.Scope) at pkg/apis/certificates/v1beta1/zz_generated.conversion.go:417}","10","10"
"59e075e8d35dbc16c5db7c302f3836f3f9a144f8","MOVE","{method_declaration ensureObjectMetaApplyConfigurationExists() at staging/src/k8s.io/client-go/applyconfigurations/certificates/v1alpha1/podcertificaterequest.go:253}","{method_declaration ensureObjectMetaApplyConfigurationExists() at staging/src/k8s.io/client-go/applyconfigurations/certificates/v1beta1/podcertificaterequest.go:253}","5","5"
"59e075e8d35dbc16c5db7c302f3836f3f9a144f8","CHANGE_SIGNATURE","{function_declaration newFakePodCertificateRequests(fake *FakeCertificatesV1alpha1, namespace string) at staging/src/k8s.io/client-go/kubernetes/typed/certificates/v1alpha1/fake/fake_podcertificaterequest.go:34}","{function_declaration newFakePodCertificateRequests(fake *FakeCertificatesV1beta1, namespace string) at staging/src/k8s.io/client-go/kubernetes/typed/certificates/v1beta1/fake/fake_podcertificaterequest.go:34}","20","20"
"59e075e8d35dbc16c5db7c302f3836f3f9a144f8","MOVE","{function_declaration ExtractPodCertificateRequest(podCertificateRequest *certificatesv1alpha1.PodCertificateRequest, fieldManager string) at staging/src/k8s.io/client-go/applyconfigurations/certificates/v1alpha1/podcertificaterequest.go:89}","{function_declaration ExtractPodCertificateRequest(podCertificateRequest *certificatesv1beta1.PodCertificateRequest, fieldManager string) at staging/src/k8s.io/client-go/applyconfigurations/certificates/v1beta1/podcertificaterequest.go:89}","3","3"
"59e075e8d35dbc16c5db7c302f3836f3f9a144f8","MOVE","{method_declaration defaultInformer(client kubernetes.Interface, resyncPeriod time.Duration) at staging/src/k8s.io/client-go/informers/certificates/v1alpha1/podcertificaterequest.go:92}","{method_declaration defaultInformer(client kubernetes.Interface, resyncPeriod time.Duration) at staging/src/k8s.io/client-go/informers/certificates/v1beta1/podcertificaterequest.go:92}","3","3"
"59e075e8d35dbc16c5db7c302f3836f3f9a144f8","CHANGE_SIGNATURE","{function_declaration populate(graph *Graph, nodes []*corev1.Node, pods []*corev1.Pod, pvs []*corev1.PersistentVolume, attachments []*storagev1.VolumeAttachment, slices []*resourceapi.ResourceSlice, pcrs []*certsv1alpha1.PodCertificateRequest) at plugin/pkg/auth/authorizer/node/node_authorizer_test.go:1490}","{function_declaration populate(graph *Graph, nodes []*corev1.Node, pods []*corev1.Pod, pvs []*corev1.PersistentVolume, attachments []*storagev1.VolumeAttachment, slices []*resourceapi.ResourceSlice, pcrs []*certsv1beta1.PodCertificateRequest) at plugin/pkg/auth/authorizer/node/node_authorizer_test.go:1503}","19","19"
"59e075e8d35dbc16c5db7c302f3836f3f9a144f8","MOVE","{method_declaration WithCreationTimestamp(value metav1.Time) at staging/src/k8s.io/client-go/applyconfigurations/certificates/v1alpha1/podcertificaterequest.go:174}","{method_declaration WithCreationTimestamp(value metav1.Time) at staging/src/k8s.io/client-go/applyconfigurations/certificates/v1beta1/podcertificaterequest.go:174}","5","5"
"59e075e8d35dbc16c5db7c302f3836f3f9a144f8","MOVE","{function_declaration newPodCertificateRequests(c *CertificatesV1alpha1Client, namespace string) at staging/src/k8s.io/client-go/kubernetes/typed/certificates/v1alpha1/podcertificaterequest.go:63}","{function_declaration newPodCertificateRequests(c *CertificatesV1beta1Client, namespace string) at staging/src/k8s.io/client-go/kubernetes/typed/certificates/v1beta1/podcertificaterequest.go:63}","17","15"
"59e075e8d35dbc16c5db7c302f3836f3f9a144f8","MOVE","{method_declaration WithGeneration(value int64) at staging/src/k8s.io/client-go/applyconfigurations/certificates/v1alpha1/podcertificaterequest.go:165}","{method_declaration WithGeneration(value int64) at staging/src/k8s.io/client-go/applyconfigurations/certificates/v1beta1/podcertificaterequest.go:165}","5","5"
"59e075e8d35dbc16c5db7c302f3836f3f9a144f8","MOVE","{method_declaration MarshalToSizedBuffer(dAtA []byte) at staging/src/k8s.io/api/certificates/v1alpha1/generated.pb.go:241}","{method_declaration MarshalToSizedBuffer(dAtA []byte) at staging/src/k8s.io/api/certificates/v1beta1/generated.pb.go:593}","31","31"
"59e075e8d35dbc16c5db7c302f3836f3f9a144f8","CHANGE_SIGNATURE","{function_declaration NewIssuingManager(kc kubernetes.Interface, podManager PodManager, pcrInformer certinformersv1alpha1.PodCertificateRequestInformer, nodeInformer coreinformersv1.NodeInformer, nodeName types.NodeName, clock clock.WithTicker) at pkg/kubelet/podcertificate/podcertificatemanager.go:206}","{function_declaration NewIssuingManager(kc kubernetes.Interface, podManager PodManager, pcrInformer certinformersv1beta1.PodCertificateRequestInformer, nodeInformer coreinformersv1.NodeInformer, nodeName types.NodeName, clock clock.WithTicker) at pkg/kubelet/podcertificate/podcertificatemanager.go:206}","39","39"
"59e075e8d35dbc16c5db7c302f3836f3f9a144f8","MOVE","{method_declaration Unmarshal(dAtA []byte) at staging/src/k8s.io/api/certificates/v1alpha1/generated.pb.go:1191}","{method_declaration Unmarshal(dAtA []byte) at staging/src/k8s.io/api/certificates/v1beta1/generated.pb.go:2908}","117","117"
"59e075e8d35dbc16c5db7c302f3836f3f9a144f8","MOVE","{method_declaration Size() at staging/src/k8s.io/api/certificates/v1alpha1/generated.pb.go:548}","{method_declaration Size() at staging/src/k8s.io/api/certificates/v1beta1/generated.pb.go:1064}","28","28"
"59e075e8d35dbc16c5db7c302f3836f3f9a144f8","MOVE","{method_declaration String() at staging/src/k8s.io/api/certificates/v1alpha1/generated.pb.go:633}","{method_declaration String() at staging/src/k8s.io/api/certificates/v1beta1/generated.pb.go:1235}","16","16"
"59e075e8d35dbc16c5db7c302f3836f3f9a144f8","CHANGE_SIGNATURE","{method_declaration createPodCertificateRequest(
	ctx context.Context,
	namespace string,
	podName string, podUID types.UID,
	serviceAccountName string, serviceAccountUID types.UID,
	nodeName types.NodeName, nodeUID types.UID,
	signerName, keyType string, maxExpirationSeconds *int32) at pkg/kubelet/podcertificate/podcertificatemanager.go:632}","{method_declaration createPodCertificateRequest(
	ctx context.Context,
	namespace string,
	podName string, podUID types.UID,
	serviceAccountName string, serviceAccountUID types.UID,
	nodeName types.NodeName, nodeUID types.UID,
	signerName, keyType string, maxExpirationSeconds *int32, userAnnotations map[string]string) at pkg/kubelet/podcertificate/podcertificatemanager.go:632}","51","52"
"59e075e8d35dbc16c5db7c302f3836f3f9a144f8","MOVE","{method_declaration GetKind() at staging/src/k8s.io/client-go/applyconfigurations/certificates/v1alpha1/podcertificaterequest.go:276}","{method_declaration GetKind() at staging/src/k8s.io/client-go/applyconfigurations/certificates/v1beta1/podcertificaterequest.go:276}","3","3"
"59e075e8d35dbc16c5db7c302f3836f3f9a144f8","MOVE","{method_declaration GetName() at staging/src/k8s.io/client-go/applyconfigurations/certificates/v1alpha1/podcertificaterequest.go:286}","{method_declaration GetName() at staging/src/k8s.io/client-go/applyconfigurations/certificates/v1beta1/podcertificaterequest.go:286}","4","4"
"59e075e8d35dbc16c5db7c302f3836f3f9a144f8","MOVE","{function_declaration SetObjectDefaults_PodCertificateRequest(in *certificatesv1alpha1.PodCertificateRequest) at pkg/apis/certificates/v1alpha1/zz_generated.defaults.go:42}","{function_declaration SetObjectDefaults_PodCertificateRequest(in *certificatesv1beta1.PodCertificateRequest) at pkg/apis/certificates/v1beta1/zz_generated.defaults.go:63}","6","6"
"59e075e8d35dbc16c5db7c302f3836f3f9a144f8","MOVE","{method_declaration WithAnnotations(entries map[string]string) at staging/src/k8s.io/client-go/applyconfigurations/certificates/v1alpha1/podcertificaterequest.go:217}","{method_declaration WithAnnotations(entries map[string]string) at staging/src/k8s.io/client-go/applyconfigurations/certificates/v1beta1/podcertificaterequest.go:217}","10","10"
"59e075e8d35dbc16c5db7c302f3836f3f9a144f8","MOVE","{method_declaration ProtoMessage() at staging/src/k8s.io/api/certificates/v1alpha1/generated.protomessage.pb.go:34}","{method_declaration ProtoMessage() at staging/src/k8s.io/api/certificates/v1beta1/generated.protomessage.pb.go:46}","1","1"
"59e075e8d35dbc16c5db7c302f3836f3f9a144f8","MOVE","{function_declaration PodCertificateRequestSpec() at staging/src/k8s.io/client-go/applyconfigurations/certificates/v1alpha1/podcertificaterequestspec.go:103}","{function_declaration PodCertificateRequestSpec() at staging/src/k8s.io/client-go/applyconfigurations/certificates/v1beta1/podcertificaterequestspec.go:114}","3","3"
"59e075e8d35dbc16c5db7c302f3836f3f9a144f8","MOVE","{method_declaration WithDeletionTimestamp(value metav1.Time) at staging/src/k8s.io/client-go/applyconfigurations/certificates/v1alpha1/podcertificaterequest.go:183}","{method_declaration WithDeletionTimestamp(value metav1.Time) at staging/src/k8s.io/client-go/applyconfigurations/certificates/v1beta1/podcertificaterequest.go:183}","5","5"
"59e075e8d35dbc16c5db7c302f3836f3f9a144f8","MOVE","{method_declaration MarshalTo(dAtA []byte) at staging/src/k8s.io/api/certificates/v1alpha1/generated.pb.go:360}","{method_declaration MarshalTo(dAtA []byte) at staging/src/k8s.io/api/certificates/v1beta1/generated.pb.go:736}","4","4"
"59e075e8d35dbc16c5db7c302f3836f3f9a144f8","MOVE","{method_declaration ProtoMessage() at staging/src/k8s.io/api/certificates/v1alpha1/generated.protomessage.pb.go:30}","{method_declaration ProtoMessage() at staging/src/k8s.io/api/certificates/v1beta1/generated.protomessage.pb.go:42}","1","1"
"59e075e8d35dbc16c5db7c302f3836f3f9a144f8","MOVE","{function_declaration NewFilteredPodCertificateRequestInformer(client kubernetes.Interface, namespace string, resyncPeriod time.Duration, indexers cache.Indexers, tweakListOptions internalinterfaces.TweakListOptionsFunc) at staging/src/k8s.io/client-go/informers/certificates/v1alpha1/podcertificaterequest.go:58}","{function_declaration NewFilteredPodCertificateRequestInformer(client kubernetes.Interface, namespace string, resyncPeriod time.Duration, indexers cache.Indexers, tweakListOptions internalinterfaces.TweakListOptionsFunc) at staging/src/k8s.io/client-go/informers/certificates/v1beta1/podcertificaterequest.go:58}","33","33"
"59e075e8d35dbc16c5db7c302f3836f3f9a144f8","RENAME","{function_declaration schema_k8sio_api_certificates_v1alpha1_PodCertificateRequestList(ref common.ReferenceCallback) at pkg/generated/openapi/zz_generated.openapi.go:19581}","{function_declaration schema_k8sio_api_certificates_v1beta1_PodCertificateRequestList(ref common.ReferenceCallback) at pkg/generated/openapi/zz_generated.openapi.go:20015}","50","50"
"59e075e8d35dbc16c5db7c302f3836f3f9a144f8","MOVE","{method_declaration String() at staging/src/k8s.io/api/certificates/v1alpha1/generated.pb.go:668}","{method_declaration String() at staging/src/k8s.io/api/certificates/v1beta1/generated.pb.go:1281}","19","19"
"59e075e8d35dbc16c5db7c302f3836f3f9a144f8","MOVE","{method_declaration WithGenerateName(value string) at staging/src/k8s.io/client-go/applyconfigurations/certificates/v1alpha1/podcertificaterequest.go:129}","{method_declaration WithGenerateName(value string) at staging/src/k8s.io/client-go/applyconfigurations/certificates/v1beta1/podcertificaterequest.go:129}","5","5"
"59e075e8d35dbc16c5db7c302f3836f3f9a144f8","RENAME","{function_declaration schema_k8sio_api_certificates_v1alpha1_PodCertificateRequestStatus(ref common.ReferenceCallback) at pkg/generated/openapi/zz_generated.openapi.go:19724}","{function_declaration schema_k8sio_api_certificates_v1beta1_PodCertificateRequestStatus(ref common.ReferenceCallback) at pkg/generated/openapi/zz_generated.openapi.go:20174}","63","63"
"59e075e8d35dbc16c5db7c302f3836f3f9a144f8","MOVE","{method_declaration PodCertificateRequests(namespace string) at staging/src/k8s.io/client-go/listers/certificates/v1alpha1/podcertificaterequest.go:50}","{method_declaration PodCertificateRequests(namespace string) at staging/src/k8s.io/client-go/listers/certificates/v1beta1/podcertificaterequest.go:50}","3","3"
"59e075e8d35dbc16c5db7c302f3836f3f9a144f8","MOVE","{method_declaration ProtoMessage() at staging/src/k8s.io/api/certificates/v1alpha1/generated.protomessage.pb.go:36}","{method_declaration ProtoMessage() at staging/src/k8s.io/api/certificates/v1beta1/generated.protomessage.pb.go:48}","1","1"
"59e075e8d35dbc16c5db7c302f3836f3f9a144f8","MOVE","{method_declaration Marshal() at staging/src/k8s.io/api/certificates/v1alpha1/generated.pb.go:273}","{method_declaration Marshal() at staging/src/k8s.io/api/certificates/v1beta1/generated.pb.go:625}","9","9"
"59e075e8d35dbc16c5db7c302f3836f3f9a144f8","MOVE","{method_declaration WithNotAfter(value metav1.Time) at staging/src/k8s.io/client-go/applyconfigurations/certificates/v1alpha1/podcertificaterequeststatus.go:130}","{method_declaration WithNotAfter(value metav1.Time) at staging/src/k8s.io/client-go/applyconfigurations/certificates/v1beta1/podcertificaterequeststatus.go:130}","4","4"
"59e075e8d35dbc16c5db7c302f3836f3f9a144f8","MOVE","{method_declaration Reset() at staging/src/k8s.io/api/certificates/v1alpha1/generated.pb.go:44}","{method_declaration Reset() at staging/src/k8s.io/api/certificates/v1beta1/generated.pb.go:58}","1","1"
"59e075e8d35dbc16c5db7c302f3836f3f9a144f8","MOVE","{method_declaration WithDeletionGracePeriodSeconds(value int64) at staging/src/k8s.io/client-go/applyconfigurations/certificates/v1alpha1/podcertificaterequest.go:192}","{method_declaration WithDeletionGracePeriodSeconds(value int64) at staging/src/k8s.io/client-go/applyconfigurations/certificates/v1beta1/podcertificaterequest.go:192}","5","5"
"59e075e8d35dbc16c5db7c302f3836f3f9a144f8","MOVE","{method_declaration WithKind(value string) at staging/src/k8s.io/client-go/applyconfigurations/certificates/v1alpha1/podcertificaterequest.go:104}","{method_declaration WithKind(value string) at staging/src/k8s.io/client-go/applyconfigurations/certificates/v1beta1/podcertificaterequest.go:104}","4","4"
"59e075e8d35dbc16c5db7c302f3836f3f9a144f8","MOVE","{function_declaration NewPodCertificateRequestInformer(client kubernetes.Interface, namespace string, resyncPeriod time.Duration, indexers cache.Indexers) at staging/src/k8s.io/client-go/informers/certificates/v1alpha1/podcertificaterequest.go:51}","{function_declaration NewPodCertificateRequestInformer(client kubernetes.Interface, namespace string, resyncPeriod time.Duration, indexers cache.Indexers) at staging/src/k8s.io/client-go/informers/certificates/v1beta1/podcertificaterequest.go:51}","3","3"
"59e075e8d35dbc16c5db7c302f3836f3f9a144f8","CHANGE_SIGNATURE","{function_declaration NewPCRCleanerController(
	client kubernetes.Interface,
	pcrLister certinformersv1alpha1.PodCertificateRequestInformer,
	clock clock.PassiveClock,
	threshold time.Duration,
	pollingInterval time.Duration,
) at pkg/controller/certificates/cleaner/pcrcleaner.go:55}","{function_declaration NewPCRCleanerController(
	client kubernetes.Interface,
	pcrLister certinformersv1beta1.PodCertificateRequestInformer,
	clock clock.PassiveClock,
	threshold time.Duration,
	pollingInterval time.Duration,
) at pkg/controller/certificates/cleaner/pcrcleaner.go:55}","9","9"
"59e075e8d35dbc16c5db7c302f3836f3f9a144f8","MOVE","{method_declaration MarshalToSizedBuffer(dAtA []byte) at staging/src/k8s.io/api/certificates/v1alpha1/generated.pb.go:365}","{method_declaration MarshalToSizedBuffer(dAtA []byte) at staging/src/k8s.io/api/certificates/v1beta1/generated.pb.go:741}","62","62"
"59e075e8d35dbc16c5db7c302f3836f3f9a144f8","CHANGE_SIGNATURE","{method_declaration handlePCR(ctx context.Context, pcr *certsv1alpha1.PodCertificateRequest) at test/utils/hermeticpodcertificatesigner/hermeticpodcertificatesigner.go:157}","{method_declaration handlePCR(ctx context.Context, pcr *certsv1beta1.PodCertificateRequest) at test/utils/hermeticpodcertificatesigner/hermeticpodcertificatesigner.go:159}","103","108"
"59e075e8d35dbc16c5db7c302f3836f3f9a144f8","MOVE_RENAME","{function_declaration autoConvert_v1alpha1_PodCertificateRequestList_To_certificates_PodCertificateRequestList(in *certificatesv1alpha1.PodCertificateRequestList, out *certificates.PodCertificateRequestList, s conversion.Scope) at pkg/apis/certificates/v1alpha1/zz_generated.conversion.go:217}","{function_declaration autoConvert_v1beta1_PodCertificateRequestList_To_certificates_PodCertificateRequestList(in *certificatesv1beta1.PodCertificateRequestList, out *certificates.PodCertificateRequestList, s conversion.Scope) at pkg/apis/certificates/v1beta1/zz_generated.conversion.go:433}","5","5"
"59e075e8d35dbc16c5db7c302f3836f3f9a144f8","MOVE","{method_declaration GetAPIVersion() at staging/src/k8s.io/client-go/applyconfigurations/certificates/v1alpha1/podcertificaterequest.go:281}","{method_declaration GetAPIVersion() at staging/src/k8s.io/client-go/applyconfigurations/certificates/v1beta1/podcertificaterequest.go:281}","3","3"
"59e075e8d35dbc16c5db7c302f3836f3f9a144f8","MOVE","{method_declaration DeepCopy() at staging/src/k8s.io/api/certificates/v1alpha1/zz_generated.deepcopy.go:188}","{method_declaration DeepCopy() at staging/src/k8s.io/api/certificates/v1beta1/zz_generated.deepcopy.go:378}","8","8"
"59e075e8d35dbc16c5db7c302f3836f3f9a144f8","MOVE","{method_declaration WithCertificateChain(value string) at staging/src/k8s.io/client-go/applyconfigurations/certificates/v1alpha1/podcertificaterequeststatus.go:106}","{method_declaration WithCertificateChain(value string) at staging/src/k8s.io/client-go/applyconfigurations/certificates/v1beta1/podcertificaterequeststatus.go:106}","4","4"
"59e075e8d35dbc16c5db7c302f3836f3f9a144f8","MOVE","{method_declaration MarshalTo(dAtA []byte) at staging/src/k8s.io/api/certificates/v1alpha1/generated.pb.go:283}","{method_declaration MarshalTo(dAtA []byte) at staging/src/k8s.io/api/certificates/v1beta1/generated.pb.go:635}","4","4"
"59e075e8d35dbc16c5db7c302f3836f3f9a144f8","MOVE","{method_declaration IsApplyConfiguration() at staging/src/k8s.io/client-go/applyconfigurations/certificates/v1alpha1/podcertificaterequest.go:99}","{method_declaration IsApplyConfiguration() at staging/src/k8s.io/client-go/applyconfigurations/certificates/v1beta1/podcertificaterequest.go:99}","1","1"
"59e075e8d35dbc16c5db7c302f3836f3f9a144f8","MOVE","{method_declaration WithConditions(values ...*v1.ConditionApplyConfiguration) at staging/src/k8s.io/client-go/applyconfigurations/certificates/v1alpha1/podcertificaterequeststatus.go:93}","{method_declaration WithConditions(values ...*v1.ConditionApplyConfiguration) at staging/src/k8s.io/client-go/applyconfigurations/certificates/v1beta1/podcertificaterequeststatus.go:93}","9","9"
"59e075e8d35dbc16c5db7c302f3836f3f9a144f8","MOVE","{method_declaration Marshal() at staging/src/k8s.io/api/certificates/v1alpha1/generated.pb.go:173}","{method_declaration Marshal() at staging/src/k8s.io/api/certificates/v1beta1/generated.pb.go:525}","9","9"
"59e075e8d35dbc16c5db7c302f3836f3f9a144f8","MOVE","{method_declaration WithMaxExpirationSeconds(value int32) at staging/src/k8s.io/client-go/applyconfigurations/certificates/v1alpha1/podcertificaterequestspec.go:166}","{method_declaration WithMaxExpirationSeconds(value int32) at staging/src/k8s.io/client-go/applyconfigurations/certificates/v1beta1/podcertificaterequestspec.go:177}","4","4"
"59e075e8d35dbc16c5db7c302f3836f3f9a144f8","MOVE","{method_declaration Unmarshal(dAtA []byte) at staging/src/k8s.io/api/certificates/v1alpha1/generated.pb.go:1308}","{method_declaration Unmarshal(dAtA []byte) at staging/src/k8s.io/api/certificates/v1beta1/generated.pb.go:3025}","362","489"
"59e075e8d35dbc16c5db7c302f3836f3f9a144f8","MOVE","{method_declaration APILifecycleRemoved() at staging/src/k8s.io/api/certificates/v1alpha1/zz_generated.prerelease-lifecycle.go:74}","{method_declaration APILifecycleRemoved() at staging/src/k8s.io/api/certificates/v1beta1/zz_generated.prerelease-lifecycle.go:126}","3","3"
"59e075e8d35dbc16c5db7c302f3836f3f9a144f8","MOVE","{method_declaration WithNodeName(value types.NodeName) at staging/src/k8s.io/client-go/applyconfigurations/certificates/v1alpha1/podcertificaterequestspec.go:150}","{method_declaration WithNodeName(value types.NodeName) at staging/src/k8s.io/client-go/applyconfigurations/certificates/v1beta1/podcertificaterequestspec.go:161}","4","4"
"59e075e8d35dbc16c5db7c302f3836f3f9a144f8","MOVE","{method_declaration DeepCopyInto(out *PodCertificateRequestList) at staging/src/k8s.io/api/certificates/v1alpha1/zz_generated.deepcopy.go:134}","{method_declaration DeepCopyInto(out *PodCertificateRequestList) at staging/src/k8s.io/api/certificates/v1beta1/zz_generated.deepcopy.go:317}","13","13"
"59e075e8d35dbc16c5db7c302f3836f3f9a144f8","MOVE","{method_declaration WithName(value string) at staging/src/k8s.io/client-go/applyconfigurations/certificates/v1alpha1/podcertificaterequest.go:120}","{method_declaration WithName(value string) at staging/src/k8s.io/client-go/applyconfigurations/certificates/v1beta1/podcertificaterequest.go:120}","5","5"
"59e075e8d35dbc16c5db7c302f3836f3f9a144f8","MOVE_RENAME","{function_declaration autoConvert_certificates_PodCertificateRequestSpec_To_v1alpha1_PodCertificateRequestSpec(in *certificates.PodCertificateRequestSpec, out *certificatesv1alpha1.PodCertificateRequestSpec, s conversion.Scope) at pkg/apis/certificates/v1alpha1/zz_generated.conversion.go:258}","{function_declaration autoConvert_certificates_PodCertificateRequestSpec_To_v1beta1_PodCertificateRequestSpec(in *certificates.PodCertificateRequestSpec, out *certificatesv1beta1.PodCertificateRequestSpec, s conversion.Scope) at pkg/apis/certificates/v1beta1/zz_generated.conversion.go:475}","13","14"
"59e075e8d35dbc16c5db7c302f3836f3f9a144f8","MOVE","{method_declaration WithNotBefore(value metav1.Time) at staging/src/k8s.io/client-go/applyconfigurations/certificates/v1alpha1/podcertificaterequeststatus.go:114}","{method_declaration WithNotBefore(value metav1.Time) at staging/src/k8s.io/client-go/applyconfigurations/certificates/v1beta1/podcertificaterequeststatus.go:114}","4","4"
"59e075e8d35dbc16c5db7c302f3836f3f9a144f8","MOVE","{method_declaration WithPodName(value string) at staging/src/k8s.io/client-go/applyconfigurations/certificates/v1alpha1/podcertificaterequestspec.go:118}","{method_declaration WithPodName(value string) at staging/src/k8s.io/client-go/applyconfigurations/certificates/v1beta1/podcertificaterequestspec.go:129}","4","4"
"59e075e8d35dbc16c5db7c302f3836f3f9a144f8","MOVE","{method_declaration APILifecycleIntroduced() at staging/src/k8s.io/api/certificates/v1alpha1/zz_generated.prerelease-lifecycle.go:80}","{method_declaration APILifecycleIntroduced() at staging/src/k8s.io/api/certificates/v1beta1/zz_generated.prerelease-lifecycle.go:132}","3","3"
"59e075e8d35dbc16c5db7c302f3836f3f9a144f8","MOVE_RENAME","{function_declaration autoConvert_certificates_PodCertificateRequestStatus_To_v1alpha1_PodCertificateRequestStatus(in *certificates.PodCertificateRequestStatus, out *certificatesv1alpha1.PodCertificateRequestStatus, s conversion.Scope) at pkg/apis/certificates/v1alpha1/zz_generated.conversion.go:291}","{function_declaration autoConvert_certificates_PodCertificateRequestStatus_To_v1beta1_PodCertificateRequestStatus(in *certificates.PodCertificateRequestStatus, out *certificatesv1beta1.PodCertificateRequestStatus, s conversion.Scope) at pkg/apis/certificates/v1beta1/zz_generated.conversion.go:509}","8","8"
"59e075e8d35dbc16c5db7c302f3836f3f9a144f8","MOVE","{method_declaration APILifecycleDeprecated() at staging/src/k8s.io/api/certificates/v1alpha1/zz_generated.prerelease-lifecycle.go:68}","{method_declaration APILifecycleDeprecated() at staging/src/k8s.io/api/certificates/v1beta1/zz_generated.prerelease-lifecycle.go:120}","3","3"
"59e075e8d35dbc16c5db7c302f3836f3f9a144f8","MOVE","{function_declaration ExtractPodCertificateRequestFrom(podCertificateRequest *certificatesv1alpha1.PodCertificateRequest, fieldManager string, subresource string) at staging/src/k8s.io/client-go/applyconfigurations/certificates/v1alpha1/podcertificaterequest.go:65}","{function_declaration ExtractPodCertificateRequestFrom(podCertificateRequest *certificatesv1beta1.PodCertificateRequest, fieldManager string, subresource string) at staging/src/k8s.io/client-go/applyconfigurations/certificates/v1beta1/podcertificaterequest.go:65}","13","13"
"59e075e8d35dbc16c5db7c302f3836f3f9a144f8","MOVE","{method_declaration APILifecycleDeprecated() at staging/src/k8s.io/api/certificates/v1alpha1/zz_generated.prerelease-lifecycle.go:86}","{method_declaration APILifecycleDeprecated() at staging/src/k8s.io/api/certificates/v1beta1/zz_generated.prerelease-lifecycle.go:138}","3","3"
"59e075e8d35dbc16c5db7c302f3836f3f9a144f8","MOVE","{method_declaration DeepCopy() at staging/src/k8s.io/api/certificates/v1alpha1/zz_generated.deepcopy.go:116}","{method_declaration DeepCopy() at staging/src/k8s.io/api/certificates/v1beta1/zz_generated.deepcopy.go:299}","8","8"
"59e075e8d35dbc16c5db7c302f3836f3f9a144f8","MOVE","{method_declaration WithServiceAccountUID(value types.UID) at staging/src/k8s.io/client-go/applyconfigurations/certificates/v1alpha1/podcertificaterequestspec.go:142}","{method_declaration WithServiceAccountUID(value types.UID) at staging/src/k8s.io/client-go/applyconfigurations/certificates/v1beta1/podcertificaterequestspec.go:153}","4","4"
"59e075e8d35dbc16c5db7c302f3836f3f9a144f8","MOVE","{method_declaration DeepCopy() at staging/src/k8s.io/api/certificates/v1alpha1/zz_generated.deepcopy.go:149}","{method_declaration DeepCopy() at staging/src/k8s.io/api/certificates/v1beta1/zz_generated.deepcopy.go:332}","8","8"
"59e075e8d35dbc16c5db7c302f3836f3f9a144f8","MOVE","{method_declaration WithLabels(entries map[string]string) at staging/src/k8s.io/client-go/applyconfigurations/certificates/v1alpha1/podcertificaterequest.go:202}","{method_declaration WithLabels(entries map[string]string) at staging/src/k8s.io/client-go/applyconfigurations/certificates/v1beta1/podcertificaterequest.go:202}","10","10"
"59e075e8d35dbc16c5db7c302f3836f3f9a144f8","MOVE","{method_declaration Size() at staging/src/k8s.io/api/certificates/v1alpha1/generated.pb.go:497}","{method_declaration Size() at staging/src/k8s.io/api/certificates/v1beta1/generated.pb.go:1005}","16","16"
"59e075e8d35dbc16c5db7c302f3836f3f9a144f8","MOVE","{method_declaration APILifecycleRemoved() at staging/src/k8s.io/api/certificates/v1alpha1/zz_generated.prerelease-lifecycle.go:92}","{method_declaration APILifecycleRemoved() at staging/src/k8s.io/api/certificates/v1beta1/zz_generated.prerelease-lifecycle.go:144}","3","3"
"59e075e8d35dbc16c5db7c302f3836f3f9a144f8","MOVE","{method_declaration APILifecycleIntroduced() at staging/src/k8s.io/api/certificates/v1alpha1/zz_generated.prerelease-lifecycle.go:62}","{method_declaration APILifecycleIntroduced() at staging/src/k8s.io/api/certificates/v1beta1/zz_generated.prerelease-lifecycle.go:114}","3","3"
"59e075e8d35dbc16c5db7c302f3836f3f9a144f8","MOVE","{method_declaration WithPodUID(value types.UID) at staging/src/k8s.io/client-go/applyconfigurations/certificates/v1alpha1/podcertificaterequestspec.go:126}","{method_declaration WithPodUID(value types.UID) at staging/src/k8s.io/client-go/applyconfigurations/certificates/v1beta1/podcertificaterequestspec.go:137}","4","4"
"59e075e8d35dbc16c5db7c302f3836f3f9a144f8","MOVE","{method_declaration Size() at staging/src/k8s.io/api/certificates/v1alpha1/generated.pb.go:482}","{method_declaration Size() at staging/src/k8s.io/api/certificates/v1beta1/generated.pb.go:990}","14","14"
"59e075e8d35dbc16c5db7c302f3836f3f9a144f8","CHANGE_SIGNATURE","{function_declaration mustSignCertForPublicKey(t *testing.T, validity time.Duration, subjectPublicKey crypto.PublicKey, caCertDER []byte, caPrivateKey crypto.PrivateKey) at pkg/apis/certificates/validation/validation_test.go:4117}","{function_declaration mustSignCertForPublicKey(t *testing.T, validity time.Duration, subjectPublicKey crypto.PublicKey, caCertDER []byte, caPrivateKey crypto.PrivateKey, usebadDNSName bool, badDNSName, badEmailAddress string) at pkg/apis/certificates/validation/validation_test.go:4486}","28","34"
"59e075e8d35dbc16c5db7c302f3836f3f9a144f8","MOVE","{method_declaration DeepCopyInto(out *PodCertificateRequestStatus) at staging/src/k8s.io/api/certificates/v1alpha1/zz_generated.deepcopy.go:198}","{method_declaration DeepCopyInto(out *PodCertificateRequestStatus) at staging/src/k8s.io/api/certificates/v1beta1/zz_generated.deepcopy.go:388}","23","23"
"59e075e8d35dbc16c5db7c302f3836f3f9a144f8","CHANGE_SIGNATURE","{method_declaration handle(ctx context.Context, pcr *certsv1alpha1.PodCertificateRequest) at pkg/controller/certificates/cleaner/pcrcleaner.go:90}","{method_declaration handle(ctx context.Context, pcr *certsv1beta1.PodCertificateRequest) at pkg/controller/certificates/cleaner/pcrcleaner.go:90}","21","21"
"59e075e8d35dbc16c5db7c302f3836f3f9a144f8","MOVE","{method_declaration WithNodeUID(value types.UID) at staging/src/k8s.io/client-go/applyconfigurations/certificates/v1alpha1/podcertificaterequestspec.go:158}","{method_declaration WithNodeUID(value types.UID) at staging/src/k8s.io/client-go/applyconfigurations/certificates/v1beta1/podcertificaterequestspec.go:169}","4","4"
"59e075e8d35dbc16c5db7c302f3836f3f9a144f8","MOVE","{method_declaration Lister() at staging/src/k8s.io/client-go/informers/certificates/v1alpha1/podcertificaterequest.go:100}","{method_declaration Lister() at staging/src/k8s.io/client-go/informers/certificates/v1beta1/podcertificaterequest.go:100}","3","3"
"59e075e8d35dbc16c5db7c302f3836f3f9a144f8","CHANGE_SIGNATURE","{method_declaration DeletePodCertificateRequest(pcr *certsv1alpha1.PodCertificateRequest) at plugin/pkg/auth/authorizer/node/graph.go:497}","{method_declaration DeletePodCertificateRequest(pcr *certsv1beta1.PodCertificateRequest) at plugin/pkg/auth/authorizer/node/graph.go:497}","9","9"
"59e075e8d35dbc16c5db7c302f3836f3f9a144f8","MOVE","{method_declaration String() at staging/src/k8s.io/api/certificates/v1alpha1/generated.pb.go:649}","{method_declaration String() at staging/src/k8s.io/api/certificates/v1beta1/generated.pb.go:1251}","19","30"
"59e075e8d35dbc16c5db7c302f3836f3f9a144f8","MOVE","{method_declaration DeepCopyInto(out *PodCertificateRequest) at staging/src/k8s.io/api/certificates/v1alpha1/zz_generated.deepcopy.go:106}","{method_declaration DeepCopyInto(out *PodCertificateRequest) at staging/src/k8s.io/api/certificates/v1beta1/zz_generated.deepcopy.go:289}","8","8"
"59e075e8d35dbc16c5db7c302f3836f3f9a144f8","MOVE","{method_declaration WithPKIXPublicKey(values ...byte) at staging/src/k8s.io/client-go/applyconfigurations/certificates/v1alpha1/podcertificaterequestspec.go:174}","{method_declaration WithPKIXPublicKey(values ...byte) at staging/src/k8s.io/client-go/applyconfigurations/certificates/v1beta1/podcertificaterequestspec.go:185}","6","6"
"59e075e8d35dbc16c5db7c302f3836f3f9a144f8","CHANGE_SIGNATURE","{method_declaration AddPodCertificateRequest(pcr *certsv1alpha1.PodCertificateRequest) at plugin/pkg/auth/authorizer/node/graph.go:482}","{method_declaration AddPodCertificateRequest(pcr *certsv1beta1.PodCertificateRequest) at plugin/pkg/auth/authorizer/node/graph.go:482}","13","13"
"59e075e8d35dbc16c5db7c302f3836f3f9a144f8","MOVE","{method_declaration WithOwnerReferences(values ...*v1.OwnerReferenceApplyConfiguration) at staging/src/k8s.io/client-go/applyconfigurations/certificates/v1alpha1/podcertificaterequest.go:231}","{method_declaration WithOwnerReferences(values ...*v1.OwnerReferenceApplyConfiguration) at staging/src/k8s.io/client-go/applyconfigurations/certificates/v1beta1/podcertificaterequest.go:231}","10","10"
"59e075e8d35dbc16c5db7c302f3836f3f9a144f8","MOVE","{method_declaration GetNamespace() at staging/src/k8s.io/client-go/applyconfigurations/certificates/v1alpha1/podcertificaterequest.go:292}","{method_declaration GetNamespace() at staging/src/k8s.io/client-go/applyconfigurations/certificates/v1beta1/podcertificaterequest.go:292}","4","4"
"59e075e8d35dbc16c5db7c302f3836f3f9a144f8","MOVE_RENAME","{function_declaration autoConvert_v1alpha1_PodCertificateRequestStatus_To_certificates_PodCertificateRequestStatus(in *certificatesv1alpha1.PodCertificateRequestStatus, out *certificates.PodCertificateRequestStatus, s conversion.Scope) at pkg/apis/certificates/v1alpha1/zz_generated.conversion.go:277}","{function_declaration autoConvert_v1beta1_PodCertificateRequestStatus_To_certificates_PodCertificateRequestStatus(in *certificatesv1beta1.PodCertificateRequestStatus, out *certificates.PodCertificateRequestStatus, s conversion.Scope) at pkg/apis/certificates/v1beta1/zz_generated.conversion.go:495}","8","8"
"59e075e8d35dbc16c5db7c302f3836f3f9a144f8","MOVE","{method_declaration Marshal() at staging/src/k8s.io/api/certificates/v1alpha1/generated.pb.go:226}","{method_declaration Marshal() at staging/src/k8s.io/api/certificates/v1beta1/generated.pb.go:578}","9","9"
"59e075e8d35dbc16c5db7c302f3836f3f9a144f8","MOVE","{method_declaration WithBeginRefreshAt(value metav1.Time) at staging/src/k8s.io/client-go/applyconfigurations/certificates/v1alpha1/podcertificaterequeststatus.go:122}","{method_declaration WithBeginRefreshAt(value metav1.Time) at staging/src/k8s.io/client-go/applyconfigurations/certificates/v1beta1/podcertificaterequeststatus.go:122}","4","4"
"59e075e8d35dbc16c5db7c302f3836f3f9a144f8","MOVE","{method_declaration DeepCopyInto(out *PodCertificateRequestSpec) at staging/src/k8s.io/api/certificates/v1alpha1/zz_generated.deepcopy.go:167}","{method_declaration DeepCopyInto(out *PodCertificateRequestSpec) at staging/src/k8s.io/api/certificates/v1beta1/zz_generated.deepcopy.go:350}","19","26"
"59e075e8d35dbc16c5db7c302f3836f3f9a144f8","MOVE","{function_declaration ExtractPodCertificateRequestStatus(podCertificateRequest *certificatesv1alpha1.PodCertificateRequest, fieldManager string) at staging/src/k8s.io/client-go/applyconfigurations/certificates/v1alpha1/podcertificaterequest.go:95}","{function_declaration ExtractPodCertificateRequestStatus(podCertificateRequest *certificatesv1beta1.PodCertificateRequest, fieldManager string) at staging/src/k8s.io/client-go/applyconfigurations/certificates/v1beta1/podcertificaterequest.go:95}","3","3"
"59e075e8d35dbc16c5db7c302f3836f3f9a144f8","MOVE","{method_declaration WithAPIVersion(value string) at staging/src/k8s.io/client-go/applyconfigurations/certificates/v1alpha1/podcertificaterequest.go:112}","{method_declaration WithAPIVersion(value string) at staging/src/k8s.io/client-go/applyconfigurations/certificates/v1beta1/podcertificaterequest.go:112}","4","4"
"59e075e8d35dbc16c5db7c302f3836f3f9a144f8","MOVE","{method_declaration DeepCopyObject() at staging/src/k8s.io/api/certificates/v1alpha1/zz_generated.deepcopy.go:159}","{method_declaration DeepCopyObject() at staging/src/k8s.io/api/certificates/v1beta1/zz_generated.deepcopy.go:342}","6","6"
"59e075e8d35dbc16c5db7c302f3836f3f9a144f8","MOVE","{method_declaration MarshalToSizedBuffer(dAtA []byte) at staging/src/k8s.io/api/certificates/v1alpha1/generated.pb.go:288}","{method_declaration MarshalToSizedBuffer(dAtA []byte) at staging/src/k8s.io/api/certificates/v1beta1/generated.pb.go:640}","61","85"
"59e075e8d35dbc16c5db7c302f3836f3f9a144f8","MOVE","{function_declaration SetObjectDefaults_PodCertificateRequestList(in *certificatesv1alpha1.PodCertificateRequestList) at pkg/apis/certificates/v1alpha1/zz_generated.defaults.go:49}","{function_declaration SetObjectDefaults_PodCertificateRequestList(in *certificatesv1beta1.PodCertificateRequestList) at pkg/apis/certificates/v1beta1/zz_generated.defaults.go:70}","6","6"
"59e075e8d35dbc16c5db7c302f3836f3f9a144f8","MOVE","{method_declaration WithResourceVersion(value string) at staging/src/k8s.io/client-go/applyconfigurations/certificates/v1alpha1/podcertificaterequest.go:156}","{method_declaration WithResourceVersion(value string) at staging/src/k8s.io/client-go/applyconfigurations/certificates/v1beta1/podcertificaterequest.go:156}","5","5"
"59e075e8d35dbc16c5db7c302f3836f3f9a144f8","RENAME","{function_declaration schema_k8sio_api_certificates_v1alpha1_PodCertificateRequest(ref common.ReferenceCallback) at pkg/generated/openapi/zz_generated.openapi.go:19530}","{function_declaration schema_k8sio_api_certificates_v1beta1_PodCertificateRequest(ref common.ReferenceCallback) at pkg/generated/openapi/zz_generated.openapi.go:19964}","50","50"
"59e075e8d35dbc16c5db7c302f3836f3f9a144f8","MOVE","{method_declaration Unmarshal(dAtA []byte) at staging/src/k8s.io/api/certificates/v1alpha1/generated.pb.go:1042}","{method_declaration Unmarshal(dAtA []byte) at staging/src/k8s.io/api/certificates/v1beta1/generated.pb.go:2759}","149","149"
"59e075e8d35dbc16c5db7c302f3836f3f9a144f8","MOVE","{method_declaration Reset() at staging/src/k8s.io/api/certificates/v1alpha1/generated.pb.go:48}","{method_declaration Reset() at staging/src/k8s.io/api/certificates/v1beta1/generated.pb.go:62}","1","1"
"59e075e8d35dbc16c5db7c302f3836f3f9a144f8","MOVE","{method_declaration WithProofOfPossession(values ...byte) at staging/src/k8s.io/client-go/applyconfigurations/certificates/v1alpha1/podcertificaterequestspec.go:184}","{method_declaration WithProofOfPossession(values ...byte) at staging/src/k8s.io/client-go/applyconfigurations/certificates/v1beta1/podcertificaterequestspec.go:195}","6","6"
"59e075e8d35dbc16c5db7c302f3836f3f9a144f8","MOVE_RENAME","{function_declaration autoConvert_v1alpha1_PodCertificateRequestSpec_To_certificates_PodCertificateRequestSpec(in *certificatesv1alpha1.PodCertificateRequestSpec, out *certificates.PodCertificateRequestSpec, s conversion.Scope) at pkg/apis/certificates/v1alpha1/zz_generated.conversion.go:239}","{function_declaration autoConvert_v1beta1_PodCertificateRequestSpec_To_certificates_PodCertificateRequestSpec(in *certificatesv1beta1.PodCertificateRequestSpec, out *certificates.PodCertificateRequestSpec, s conversion.Scope) at pkg/apis/certificates/v1beta1/zz_generated.conversion.go:455}","13","14"
"7c47b91ed2c493991ede62b3a941e03c05423f9c"
"2be8c36dba5dcd5e63270dc1ae23837397322433"
"ecbda22ea54c58c7155207d96892d821a65069c3"
"a85a9e13aa7dda62e962669cae5cf443ebe6f6b9"
"956964d6e582661ef9c0a53a3501f5a9364ebac2"
"36e6b9075e5bb8cbf96724cf65987e2cb23f4438"
"806cf9ef51212260d3b7564ab598a9e5e49344cc"
"b68fd5e5336311cb520d7b558fd6c38c4298544e"
"abf60333adb3a0ab41eacbd722b2d7061f3f6e67"
"c2044c8d390447cf6addff4ed636574e5e48f244"
"0c775eec7cedf3ff7d37d3d1dc95eb501ef95646"
"9af329151a490573bfef1fa4ef890ce5253ee51b"
"9e612f107a11c21a5060dfe4089718da3390ce51"
"0b41218ed4fe68b332e5ecb9fa4399ed961c9ddc"
"be7e0ddb74baac9059398a40b9a603ecb2b322ce"
"8ef9e53ce5dd82b396b675d1b8ae6f8339cd6546","CHANGE_SIGNATURE","{function_declaration New(routes cloudprovider.Routes, kubeClient clientset.Interface, nodeInformer coreinformers.NodeInformer, clusterName string, clusterCIDRs []*net.IPNet) at staging/src/k8s.io/cloud-provider/controllers/route/route_controller.go:78}","{function_declaration New(
	routes cloudprovider.Routes,
	kubeClient clientset.Interface,
	nodeInformer coreinformers.NodeInformer,
	clusterName string,
	clusterCIDRs []*net.IPNet,
) at staging/src/k8s.io/cloud-provider/controllers/route/route_controller.go:84}","38","41"
"a5055cc407b721440685d017865ac982de6a470b"
"cff07e75519cbf09e3499976adb1d90b2f890db7"
"6034321603be95409028f0173e0c372515008dbb","CHANGE_SIGNATURE","{method_declaration NegatedFailureMessage(actual interface{}) at vendor/github.com/onsi/gomega/matchers/be_nil_matcher.go:18}","{method_declaration NegatedFailureMessage(actual any) at vendor/github.com/onsi/gomega/matchers/be_nil_matcher.go:18}","3","3"
"6034321603be95409028f0173e0c372515008dbb","CHANGE_SIGNATURE","{function_declaration PanicWith(expected interface{}) at vendor/github.com/onsi/gomega/matchers.go:584}","{function_declaration PanicWith(expected any) at vendor/github.com/onsi/gomega/matchers.go:584}","3","3"
"6034321603be95409028f0173e0c372515008dbb","CHANGE_SIGNATURE","{method_declaration Consistently(actualOrCtx interface{}, args ...interface{}) at vendor/github.com/onsi/gomega/internal/gomega.go:63}","{method_declaration Consistently(actualOrCtx any, args ...any) at vendor/github.com/onsi/gomega/internal/gomega.go:63}","3","3"
"6034321603be95409028f0173e0c372515008dbb","CHANGE_SIGNATURE","{function_declaration HaveHTTPBody(expected interface{}) at vendor/github.com/onsi/gomega/matchers.go:631}","{function_declaration HaveHTTPBody(expected any) at vendor/github.com/onsi/gomega/matchers.go:631}","3","3"
"6034321603be95409028f0173e0c372515008dbb","CHANGE_SIGNATURE","{method_declaration FailureMessage(_ interface{}) at vendor/github.com/onsi/gomega/matchers/with_transform.go:75}","{method_declaration FailureMessage(_ any) at vendor/github.com/onsi/gomega/matchers/with_transform.go:75}","3","3"
"6034321603be95409028f0173e0c372515008dbb","CHANGE_SIGNATURE","{method_declaration NegatedFailureMessage(actual interface{}) at vendor/github.com/onsi/gomega/matchers/be_a_regular_file.go:54}","{method_declaration NegatedFailureMessage(actual any) at vendor/github.com/onsi/gomega/matchers/be_a_regular_file.go:54}","3","3"
"6034321603be95409028f0173e0c372515008dbb","CHANGE_SIGNATURE","{method_declaration Match(actual interface{}) at vendor/github.com/onsi/gomega/matchers/have_key_matcher.go:16}","{method_declaration Match(actual any) at vendor/github.com/onsi/gomega/matchers/have_key_matcher.go:17}","23","37"
"6034321603be95409028f0173e0c372515008dbb","CHANGE_SIGNATURE","{method_declaration Print(a ...interface{}) at vendor/github.com/onsi/ginkgo/v2/internal/writer.go:124}","{method_declaration Print(a ...any) at vendor/github.com/onsi/ginkgo/v2/internal/writer.go:124}","3","3"
"6034321603be95409028f0173e0c372515008dbb","CHANGE_SIGNATURE","{method_declaration pollMatcher(matcher types.GomegaMatcher, value interface{}) at vendor/github.com/onsi/gomega/internal/async_assertion.go:364}","{method_declaration pollMatcher(matcher types.GomegaMatcher, value any) at vendor/github.com/onsi/gomega/internal/async_assertion.go:376}","15","15"
"6034321603be95409028f0173e0c372515008dbb","RENAME","{function_declaration unrollInterfaceSlice(args interface{}) at vendor/github.com/onsi/ginkgo/v2/internal/node.go:920}","{function_declaration UnrollInterfaceSlice(args any) at vendor/github.com/onsi/ginkgo/v2/internal/node.go:1007}","16","16"
"6034321603be95409028f0173e0c372515008dbb","CHANGE_SIGNATURE","{function_declaration MatchYAML(yaml interface{}) at vendor/github.com/onsi/gomega/matchers.go:294}","{function_declaration MatchYAML(yaml any) at vendor/github.com/onsi/gomega/matchers.go:294}","5","5"
"6034321603be95409028f0173e0c372515008dbb","CHANGE_SIGNATURE","{method_declaration NegatedFailureMessage(actual interface{}) at vendor/github.com/onsi/gomega/matchers/match_yaml_matcher.go:42}","{method_declaration NegatedFailureMessage(actual any) at vendor/github.com/onsi/gomega/matchers/match_yaml_matcher.go:42}","4","4"
"6034321603be95409028f0173e0c372515008dbb","CHANGE_SIGNATURE","{method_declaration NegatedFailureMessage(actual interface{}) at vendor/github.com/onsi/gomega/matchers/have_each_matcher.go:63}","{method_declaration NegatedFailureMessage(actual any) at vendor/github.com/onsi/gomega/matchers/have_each_matcher.go:97}","3","3"
"6034321603be95409028f0173e0c372515008dbb","CHANGE_SIGNATURE","{function_declaration DescribeTableSubtree(description string, args ...interface{}) at vendor/github.com/onsi/ginkgo/v2/table_dsl.go:112}","{function_declaration DescribeTableSubtree(description string, args ...any) at vendor/github.com/onsi/ginkgo/v2/table_dsl.go:112}","5","5"
"6034321603be95409028f0173e0c372515008dbb","CHANGE_SIGNATURE","{method_declaration buildDescription(optionalDescription ...interface{}) at vendor/github.com/onsi/gomega/internal/assertion.go:77}","{method_declaration buildDescription(optionalDescription ...any) at vendor/github.com/onsi/gomega/internal/assertion.go:77}","11","11"
"6034321603be95409028f0173e0c372515008dbb","CHANGE_SIGNATURE","{function_declaration MatchMayChangeInTheFuture(matcher GomegaMatcher, value interface{}) at vendor/github.com/onsi/gomega/types/types.go:58}","{function_declaration MatchMayChangeInTheFuture(matcher GomegaMatcher, value any) at vendor/github.com/onsi/gomega/types/types.go:58}","8","8"
"6034321603be95409028f0173e0c372515008dbb","CHANGE_SIGNATURE","{function_declaration AfterSuite(body interface{}, args ...interface{}) at vendor/github.com/onsi/ginkgo/v2/core_dsl.go:633}","{function_declaration AfterSuite(body any, args ...any) at vendor/github.com/onsi/ginkgo/v2/core_dsl.go:685}","5","5"
"6034321603be95409028f0173e0c372515008dbb","INLINE","{method_declaration Match(actual interface{}) at vendor/github.com/onsi/gomega/matchers/be_element_of_matcher.go:16}","{method_declaration Match(actual any) at vendor/github.com/onsi/gomega/matchers/contain_element_matcher.go:19}","20","267"
"6034321603be95409028f0173e0c372515008dbb","CHANGE_SIGNATURE","{function_declaration BeforeEach(args ...interface{}) at vendor/github.com/onsi/ginkgo/v2/core_dsl.go:706}","{function_declaration BeforeEach(args ...any) at vendor/github.com/onsi/ginkgo/v2/core_dsl.go:758}","3","3"
"6034321603be95409028f0173e0c372515008dbb","CHANGE_SIGNATURE","{function_declaration When(text string, args ...interface{}) at vendor/github.com/onsi/ginkgo/v2/core_dsl.go:525}","{function_declaration When(text string, args ...any) at vendor/github.com/onsi/ginkgo/v2/core_dsl.go:577}","3","3"
"6034321603be95409028f0173e0c372515008dbb","CHANGE_SIGNATURE","{function_declaration Measure(_ ...interface{}) at vendor/github.com/onsi/ginkgo/v2/deprecated_dsl.go:132}","{function_declaration Measure(_ ...any) at vendor/github.com/onsi/ginkgo/v2/deprecated_dsl.go:132}","4","4"
"6034321603be95409028f0173e0c372515008dbb","CHANGE_SIGNATURE","{method_declaration FailureMessage(actual interface{}) at vendor/github.com/onsi/gomega/matchers/equal_matcher.go:30}","{method_declaration FailureMessage(actual any) at vendor/github.com/onsi/gomega/matchers/equal_matcher.go:30}","9","9"
"6034321603be95409028f0173e0c372515008dbb","CHANGE_SIGNATURE","{method_declaration NegatedFailureMessage(actual interface{}) at vendor/github.com/onsi/gomega/matchers/or.go:37}","{method_declaration NegatedFailureMessage(actual any) at vendor/github.com/onsi/gomega/matchers/or.go:37}","3","3"
"6034321603be95409028f0173e0c372515008dbb","CHANGE_SIGNATURE","{function_declaration computeValue(parameter interface{}, t reflect.Type) at vendor/github.com/onsi/ginkgo/v2/table_dsl.go:380}","{function_declaration computeValue(parameter any, t reflect.Type) at vendor/github.com/onsi/ginkgo/v2/table_dsl.go:380}","7","7"
"6034321603be95409028f0173e0c372515008dbb","CHANGE_SIGNATURE","{function_declaration R(args ...interface{}) at vendor/github.com/onsi/gomega/gmeasure/table/table.go:27}","{function_declaration R(args ...any) at vendor/github.com/onsi/gomega/gmeasure/table/table.go:27}","16","16"
"6034321603be95409028f0173e0c372515008dbb","CHANGE_SIGNATURE","{method_declaration Match(actual interface{}) at vendor/github.com/onsi/gomega/matchers/panic_matcher.go:15}","{method_declaration Match(actual any) at vendor/github.com/onsi/gomega/matchers/panic_matcher.go:15}","39","39"
"6034321603be95409028f0173e0c372515008dbb","CHANGE_SIGNATURE","{method_declaration NegatedFailureMessage(actual interface{}) at vendor/github.com/onsi/gomega/matchers/satisfy_matcher.go:64}","{method_declaration NegatedFailureMessage(actual any) at vendor/github.com/onsi/gomega/matchers/satisfy_matcher.go:64}","3","3"
"6034321603be95409028f0173e0c372515008dbb","CHANGE_SIGNATURE","{function_declaration matchers(expectedElems []interface{}) at vendor/github.com/onsi/gomega/matchers/consist_of.go:75}","{function_declaration matchers(expectedElems []any) at vendor/github.com/onsi/gomega/matchers/consist_of.go:87}","12","12"
"6034321603be95409028f0173e0c372515008dbb","CHANGE_SIGNATURE","{method_declaration FailureMessage(actual interface{}) at vendor/github.com/onsi/gomega/matchers/be_key_of_matcher.go:39}","{method_declaration FailureMessage(actual any) at vendor/github.com/onsi/gomega/matchers/be_key_of_matcher.go:39}","3","3"
"6034321603be95409028f0173e0c372515008dbb","CHANGE_SIGNATURE","{method_declaration Should(matcher types.GomegaMatcher, optionalDescription ...interface{}) at vendor/github.com/onsi/gomega/internal/async_assertion.go:142}","{method_declaration Should(matcher types.GomegaMatcher, optionalDescription ...any) at vendor/github.com/onsi/gomega/internal/async_assertion.go:142}","5","5"
"6034321603be95409028f0173e0c372515008dbb","CHANGE_SIGNATURE","{method_declaration FailureMessage(_ interface{}) at vendor/github.com/onsi/gomega/gstruct/pointer.go:52}","{method_declaration FailureMessage(_ any) at vendor/github.com/onsi/gomega/gstruct/pointer.go:53}","3","3"
"6034321603be95409028f0173e0c372515008dbb","CHANGE_SIGNATURE","{method_declaration MatchMayChangeInTheFuture(actual interface{}) at vendor/github.com/onsi/gomega/matchers/not.go:27}","{method_declaration MatchMayChangeInTheFuture(actual any) at vendor/github.com/onsi/gomega/matchers/not.go:27}","3","3"
"6034321603be95409028f0173e0c372515008dbb","CHANGE_SIGNATURE","{method_declaration Match(actual interface{}) at vendor/github.com/onsi/gomega/matchers/be_equivalent_to_matcher.go:16}","{method_declaration Match(actual any) at vendor/github.com/onsi/gomega/matchers/be_equivalent_to_matcher.go:16}","13","13"
"6034321603be95409028f0173e0c372515008dbb","CHANGE_SIGNATURE","{method_declaration NegatedFailureMessage(_ interface{}) at vendor/github.com/onsi/gomega/gstruct/ignore.go:37}","{method_declaration NegatedFailureMessage(_ any) at vendor/github.com/onsi/gomega/gstruct/ignore.go:39}","3","3"
"6034321603be95409028f0173e0c372515008dbb","CHANGE_SIGNATURE","{method_declaration UnknownTypePassedToRunSpecs(value interface{}) at vendor/github.com/onsi/ginkgo/v2/types/errors.go:542}","{method_declaration UnknownTypePassedToRunSpecs(value any) at vendor/github.com/onsi/ginkgo/v2/types/errors.go:560}","6","6"
"6034321603be95409028f0173e0c372515008dbb","CHANGE_SIGNATURE","{method_declaration FailureMessage(actual interface{}) at vendor/github.com/onsi/gomega/matchers/be_sent_matcher.go:59}","{method_declaration FailureMessage(actual any) at vendor/github.com/onsi/gomega/matchers/be_sent_matcher.go:59}","3","3"
"6034321603be95409028f0173e0c372515008dbb","CHANGE_SIGNATURE","{function_declaration Object(object interface{}, indentation uint) at vendor/github.com/onsi/gomega/format/format.go:258}","{function_declaration Object(object any, indentation uint) at vendor/github.com/onsi/gomega/format/format.go:258}","9","9"
"6034321603be95409028f0173e0c372515008dbb","CHANGE_SIGNATURE","{function_declaration isNil(a interface{}) at vendor/github.com/onsi/gomega/matchers/type_support.go:171}","{function_declaration isNil(a any) at vendor/github.com/onsi/gomega/matchers/type_support.go:184}","12","12"
"6034321603be95409028f0173e0c372515008dbb","CHANGE_SIGNATURE","{method_declaration poll(method string, data interface{}) at vendor/github.com/onsi/ginkgo/v2/internal/parallel_support/rpc_client.go:38}","{method_declaration poll(method string, data any) at vendor/github.com/onsi/ginkgo/v2/internal/parallel_support/rpc_client.go:38}","18","18"
"6034321603be95409028f0173e0c372515008dbb","CHANGE_SIGNATURE","{method_declaration Match(actual interface{}) at vendor/github.com/onsi/gomega/matchers/equal_matcher.go:15}","{method_declaration Match(actual any) at vendor/github.com/onsi/gomega/matchers/equal_matcher.go:15}","14","14"
"6034321603be95409028f0173e0c372515008dbb","CHANGE_SIGNATURE","{function_declaration AddReportEntry(name string, args ...interface{}) at vendor/github.com/onsi/ginkgo/v2/reporting_dsl.go:63}","{function_declaration AddReportEntry(name string, args ...any) at vendor/github.com/onsi/ginkgo/v2/reporting_dsl.go:90}","11","11"
"6034321603be95409028f0173e0c372515008dbb","CHANGE_SIGNATURE","{method_declaration RecordNote(note string, args ...interface{}) at vendor/github.com/onsi/gomega/gmeasure/experiment.go:251}","{method_declaration RecordNote(note string, args ...any) at vendor/github.com/onsi/gomega/gmeasure/experiment.go:251}","12","12"
"6034321603be95409028f0173e0c372515008dbb","CHANGE_SIGNATURE","{method_declaration Match(actual interface{}) at vendor/github.com/onsi/gomega/matchers/be_true_matcher.go:15}","{method_declaration Match(actual any) at vendor/github.com/onsi/gomega/matchers/be_true_matcher.go:15}","7","7"
"6034321603be95409028f0173e0c372515008dbb","CHANGE_SIGNATURE","{function_declaration MatchXML(xml interface{}) at vendor/github.com/onsi/gomega/matchers.go:285}","{function_declaration MatchXML(xml any) at vendor/github.com/onsi/gomega/matchers.go:285}","5","5"
"6034321603be95409028f0173e0c372515008dbb","CHANGE_SIGNATURE","{function_declaration Ω(actual interface{}, extra ...interface{}) at vendor/github.com/onsi/gomega/gomega_dsl.go:194}","{function_declaration Ω(actual any, extra ...any) at vendor/github.com/onsi/gomega/gomega_dsl.go:194}","4","4"
"6034321603be95409028f0173e0c372515008dbb","CHANGE_SIGNATURE","{method_declaration NegatedFailureMessage(actual interface{}) at vendor/github.com/onsi/gomega/matchers/assignable_to_type_of_matcher.go:35}","{method_declaration NegatedFailureMessage(actual any) at vendor/github.com/onsi/gomega/matchers/assignable_to_type_of_matcher.go:35}","3","3"
"6034321603be95409028f0173e0c372515008dbb","CHANGE_SIGNATURE","{method_declaration MatchMayChangeInTheFuture(actual interface{}) at vendor/github.com/onsi/gomega/matchers/and.go:38}","{method_declaration MatchMayChangeInTheFuture(actual any) at vendor/github.com/onsi/gomega/matchers/and.go:38}","25","25"
"6034321603be95409028f0173e0c372515008dbb","CHANGE_SIGNATURE","{method_declaration NotTo(matcher types.GomegaMatcher, optionalDescription ...interface{}) at vendor/github.com/onsi/gomega/internal/assertion.go:71}","{method_declaration NotTo(matcher types.GomegaMatcher, optionalDescription ...any) at vendor/github.com/onsi/gomega/internal/assertion.go:71}","5","5"
"6034321603be95409028f0173e0c372515008dbb","CHANGE_SIGNATURE","{function_declaration extractSuiteConfiguration(args []interface{}) at vendor/github.com/onsi/ginkgo/v2/core_dsl.go:319}","{function_declaration extractSuiteConfiguration(args []any) at vendor/github.com/onsi/ginkgo/v2/core_dsl.go:333}","28","34"
"6034321603be95409028f0173e0c372515008dbb","CHANGE_SIGNATURE","{method_declaration SampleAnnotatedDuration(name string, callback func(idx int) Annotation, samplingConfig SamplingConfig, args ...interface{}) at vendor/github.com/onsi/gomega/gmeasure/experiment.go:315}","{method_declaration SampleAnnotatedDuration(name string, callback func(idx int) Annotation, samplingConfig SamplingConfig, args ...any) at vendor/github.com/onsi/gomega/gmeasure/experiment.go:315}","9","9"
"6034321603be95409028f0173e0c372515008dbb","CHANGE_SIGNATURE","{method_declaration f(format string, args ...interface{}) at vendor/github.com/onsi/ginkgo/v2/reporters/default_reporter.go:688}","{method_declaration f(format string, args ...any) at vendor/github.com/onsi/ginkgo/v2/reporters/default_reporter.go:715}","3","3"
"6034321603be95409028f0173e0c372515008dbb","CHANGE_SIGNATURE","{method_declaration SampleValue(name string, callback func(idx int) float64, samplingConfig SamplingConfig, args ...interface{}) at vendor/github.com/onsi/gomega/gmeasure/experiment.go:385}","{method_declaration SampleValue(name string, callback func(idx int) float64, samplingConfig SamplingConfig, args ...any) at vendor/github.com/onsi/gomega/gmeasure/experiment.go:385}","7","7"
"6034321603be95409028f0173e0c372515008dbb","CHANGE_SIGNATURE","{function_declaration HaveExactElements(elements ...interface{}) at vendor/github.com/onsi/gomega/matchers.go:406}","{function_declaration HaveExactElements(elements ...any) at vendor/github.com/onsi/gomega/matchers.go:406}","5","5"
"6034321603be95409028f0173e0c372515008dbb","CHANGE_SIGNATURE","{method_declaration Match(actual interface{}) at vendor/github.com/onsi/gomega/matchers/match_xml_matcher.go:21}","{method_declaration Match(actual any) at vendor/github.com/onsi/gomega/matchers/match_xml_matcher.go:21}","18","18"
"6034321603be95409028f0173e0c372515008dbb","CHANGE_SIGNATURE","{function_declaration F(format string, args ...interface{}) at vendor/github.com/onsi/ginkgo/v2/formatter/formatter.go:27}","{function_declaration F(format string, args ...any) at vendor/github.com/onsi/ginkgo/v2/formatter/formatter.go:27}","3","3"
"6034321603be95409028f0173e0c372515008dbb","CHANGE_SIGNATURE","{function_declaration NewGinkgoFlagSet(flags GinkgoFlags, bindings interface{}, sections GinkgoFlagSections) at vendor/github.com/onsi/ginkgo/v2/types/flags.go:104}","{function_declaration NewGinkgoFlagSet(flags GinkgoFlags, bindings any, sections GinkgoFlagSections) at vendor/github.com/onsi/ginkgo/v2/types/flags.go:104}","7","7"
"6034321603be95409028f0173e0c372515008dbb","CHANGE_SIGNATURE","{method_declaration Match(actual interface{}) at vendor/github.com/onsi/gomega/matchers/have_field.go:78}","{method_declaration Match(actual any) at vendor/github.com/onsi/gomega/matchers/have_field.go:83}","8","8"
"6034321603be95409028f0173e0c372515008dbb","CHANGE_SIGNATURE","{method_declaration FailureMessage(actual interface{}) at vendor/github.com/onsi/gomega/matchers/match_xml_matcher.go:40}","{method_declaration FailureMessage(actual any) at vendor/github.com/onsi/gomega/matchers/match_xml_matcher.go:40}","4","4"
"6034321603be95409028f0173e0c372515008dbb","CHANGE_SIGNATURE","{function_declaration Fiw(indentation uint, maxWidth uint, format string, args ...interface{}) at vendor/github.com/onsi/ginkgo/v2/formatter/formatter.go:35}","{function_declaration Fiw(indentation uint, maxWidth uint, format string, args ...any) at vendor/github.com/onsi/ginkgo/v2/formatter/formatter.go:35}","3","3"
"6034321603be95409028f0173e0c372515008dbb","CHANGE_SIGNATURE","{function_declaration equalMatchersToElements(matchers []interface{}) at vendor/github.com/onsi/gomega/matchers/consist_of.go:49}","{function_declaration equalMatchersToElements(matchers []any) at vendor/github.com/onsi/gomega/matchers/consist_of.go:50}","12","12"
"6034321603be95409028f0173e0c372515008dbb","CHANGE_SIGNATURE","{method_declaration FailureMessage(actual interface{}) at vendor/github.com/onsi/gomega/matchers/be_temporally_matcher.go:18}","{method_declaration FailureMessage(actual any) at vendor/github.com/onsi/gomega/matchers/be_temporally_matcher.go:18}","3","3"
"6034321603be95409028f0173e0c372515008dbb","CHANGE_SIGNATURE","{method_declaration Ω(actual interface{}, extra ...interface{}) at vendor/github.com/onsi/gomega/internal/gomega.go:43}","{method_declaration Ω(actual any, extra ...any) at vendor/github.com/onsi/gomega/internal/gomega.go:43}","3","3"
"6034321603be95409028f0173e0c372515008dbb","CHANGE_SIGNATURE","{function_declaration isString(a interface{}) at vendor/github.com/onsi/gomega/matchers/type_support.go:117}","{function_declaration isString(a any) at vendor/github.com/onsi/gomega/matchers/type_support.go:119}","6","6"
"6034321603be95409028f0173e0c372515008dbb","CHANGE_SIGNATURE","{function_declaration MatchRegexp(regexp string, args ...interface{}) at vendor/github.com/onsi/gomega/matchers.go:236}","{function_declaration MatchRegexp(regexp string, args ...any) at vendor/github.com/onsi/gomega/matchers.go:236}","6","6"
"6034321603be95409028f0173e0c372515008dbb","CHANGE_SIGNATURE","{function_declaration BeKeyOf(element interface{}) at vendor/github.com/onsi/gomega/matchers.go:371}","{function_declaration BeKeyOf(element any) at vendor/github.com/onsi/gomega/matchers.go:371}","5","5"
"6034321603be95409028f0173e0c372515008dbb","CHANGE_SIGNATURE","{method_declaration F(format string, args ...interface{}) at vendor/github.com/onsi/ginkgo/v2/formatter/formatter.go:118}","{method_declaration F(format string, args ...any) at vendor/github.com/onsi/ginkgo/v2/formatter/formatter.go:118}","3","3"
"6034321603be95409028f0173e0c372515008dbb","CHANGE_SIGNATURE","{method_declaration Println(a ...interface{}) at vendor/github.com/onsi/ginkgo/v2/internal/writer.go:132}","{method_declaration Println(a ...any) at vendor/github.com/onsi/ginkgo/v2/internal/writer.go:132}","3","3"
"6034321603be95409028f0173e0c372515008dbb","CHANGE_SIGNATURE","{method_declaration WithIndexAndElement(index int, element interface{}) at vendor/github.com/onsi/gomega/gstruct/elements.go:131}","{method_declaration WithIndexAndElement(index int, element any) at vendor/github.com/onsi/gomega/gstruct/elements.go:135}","3","3"
"6034321603be95409028f0173e0c372515008dbb","CHANGE_SIGNATURE","{method_declaration NegatedFailureMessage(actual interface{}) at vendor/github.com/onsi/gomega/gstruct/keys.go:120}","{method_declaration NegatedFailureMessage(actual any) at vendor/github.com/onsi/gomega/gstruct/keys.go:120}","3","3"
"6034321603be95409028f0173e0c372515008dbb","CHANGE_SIGNATURE","{method_declaration FailureMessage(actual interface{}) at vendor/github.com/onsi/gomega/matchers/have_prefix_matcher.go:30}","{method_declaration FailureMessage(actual any) at vendor/github.com/onsi/gomega/matchers/have_prefix_matcher.go:30}","3","3"
"6034321603be95409028f0173e0c372515008dbb","CHANGE_SIGNATURE","{method_declaration Match(actual interface{}) at vendor/github.com/onsi/gomega/matchers/be_numerically_matcher.go:37}","{method_declaration Match(actual any) at vendor/github.com/onsi/gomega/matchers/be_numerically_matcher.go:37}","44","44"
"6034321603be95409028f0173e0c372515008dbb","CHANGE_SIGNATURE","{method_declaration matchFields(actual interface{}) at vendor/github.com/onsi/gomega/gstruct/fields.go:98}","{method_declaration matchFields(actual any) at vendor/github.com/onsi/gomega/gstruct/fields.go:112}","51","59"
"6034321603be95409028f0173e0c372515008dbb","CHANGE_SIGNATURE","{function_declaration isBool(a interface{}) at vendor/github.com/onsi/gomega/matchers/type_support.go:26}","{function_declaration isBool(a any) at vendor/github.com/onsi/gomega/matchers/type_support.go:28}","3","3"
"6034321603be95409028f0173e0c372515008dbb","INLINE","{method_declaration Match(actual interface{}) at vendor/github.com/onsi/gomega/matchers/be_element_of_matcher.go:16}","{method_declaration Match(actual any) at vendor/github.com/onsi/gomega/matchers/be_element_of_matcher.go:16}","20","20"
"6034321603be95409028f0173e0c372515008dbb","CHANGE_SIGNATURE","{function_declaration invokeFunction(function interface{}, parameters []interface{}) at vendor/github.com/onsi/ginkgo/v2/table_dsl.go:319}","{function_declaration invokeFunction(function any, parameters []any) at vendor/github.com/onsi/ginkgo/v2/table_dsl.go:319}","22","22"
"6034321603be95409028f0173e0c372515008dbb","CHANGE_SIGNATURE","{method_declaration formattedPrint(actual interface{}) at vendor/github.com/onsi/gomega/matchers/match_xml_matcher.go:50}","{method_declaration formattedPrint(actual any) at vendor/github.com/onsi/gomega/matchers/match_xml_matcher.go:50}","12","12"
"6034321603be95409028f0173e0c372515008dbb","CHANGE_SIGNATURE","{method_declaration Fatalf(format string, args ...interface{}) at vendor/github.com/onsi/ginkgo/v2/internal/testingtproxy/testing_t_proxy.go:107}","{method_declaration Fatalf(format string, args ...any) at vendor/github.com/onsi/ginkgo/v2/internal/testingtproxy/testing_t_proxy.go:128}","3","3"
"6034321603be95409028f0173e0c372515008dbb","CHANGE_SIGNATURE","{function_declaration ConsistentlyWithOffset(offset int, actualOrCtx interface{}, args ...interface{}) at vendor/github.com/onsi/gomega/gomega_dsl.go:438}","{function_declaration ConsistentlyWithOffset(offset int, actualOrCtx any, args ...any) at vendor/github.com/onsi/gomega/gomega_dsl.go:438}","4","4"
"6034321603be95409028f0173e0c372515008dbb","CHANGE_SIGNATURE","{function_declaration Receive(args ...interface{}) at vendor/github.com/onsi/gomega/matchers.go:209}","{function_declaration Receive(args ...any) at vendor/github.com/onsi/gomega/matchers.go:209}","5","5"
"6034321603be95409028f0173e0c372515008dbb","CHANGE_SIGNATURE","{function_declaration DeferCleanup(args ...interface{}) at vendor/github.com/onsi/ginkgo/v2/core_dsl.go:821}","{function_declaration DeferCleanup(args ...any) at vendor/github.com/onsi/ginkgo/v2/core_dsl.go:873}","6","6"
"6034321603be95409028f0173e0c372515008dbb","CHANGE_SIGNATURE","{method_declaration Logf(format string, args ...interface{}) at vendor/github.com/onsi/ginkgo/v2/internal/testingtproxy/testing_t_proxy.go:119}","{method_declaration Logf(format string, args ...any) at vendor/github.com/onsi/ginkgo/v2/internal/testingtproxy/testing_t_proxy.go:140}","3","3"
"6034321603be95409028f0173e0c372515008dbb","CHANGE_SIGNATURE","{function_declaration JustAfterEach(args ...interface{}) at vendor/github.com/onsi/ginkgo/v2/core_dsl.go:746}","{function_declaration JustAfterEach(args ...any) at vendor/github.com/onsi/ginkgo/v2/core_dsl.go:798}","3","3"
"6034321603be95409028f0173e0c372515008dbb","CHANGE_SIGNATURE","{method_declaration match(matcher types.GomegaMatcher, desiredMatch bool, optionalDescription ...interface{}) at vendor/github.com/onsi/gomega/internal/async_assertion.go:380}","{method_declaration match(matcher types.GomegaMatcher, desiredMatch bool, optionalDescription ...any) at vendor/github.com/onsi/gomega/internal/async_assertion.go:392}","205","205"
"6034321603be95409028f0173e0c372515008dbb","CHANGE_SIGNATURE","{function_declaration neighbours(value, matcher interface{}) at vendor/github.com/onsi/gomega/matchers/consist_of.go:44}","{function_declaration neighbours(value, matcher any) at vendor/github.com/onsi/gomega/matchers/consist_of.go:45}","4","4"
"6034321603be95409028f0173e0c372515008dbb","EXTRACT","{method_declaration Match(actual any) at vendor/github.com/onsi/gomega/matchers/match_error_matcher.go:17}","{method_declaration Match(actual any) at vendor/github.com/onsi/gomega/matchers/match_error_matcher.go:17}","56","56"
"6034321603be95409028f0173e0c372515008dbb","CHANGE_SIGNATURE","{function_declaration appendMissingElements(message string, missingElements []interface{}) at vendor/github.com/onsi/gomega/matchers/consist_of.go:143}","{function_declaration appendMissingElements(message string, missingElements []any) at vendor/github.com/onsi/gomega/matchers/consist_of.go:167}","7","7"
"6034321603be95409028f0173e0c372515008dbb","CHANGE_SIGNATURE","{method_declaration NegatedFailureMessage(actual interface{}) at vendor/github.com/onsi/gomega/matchers/have_field.go:99}","{method_declaration NegatedFailureMessage(actual any) at vendor/github.com/onsi/gomega/matchers/have_field.go:104}","11","11"
"6034321603be95409028f0173e0c372515008dbb","CHANGE_SIGNATURE","{function_declaration extractDecorations(args []interface{}) at vendor/github.com/onsi/gomega/gmeasure/experiment.go:146}","{function_declaration extractDecorations(args []any) at vendor/github.com/onsi/gomega/gmeasure/experiment.go:146}","21","21"
"6034321603be95409028f0173e0c372515008dbb","CHANGE_SIGNATURE","{method_declaration MeasureDuration(name string, callback func(), args ...interface{}) at vendor/github.com/onsi/gomega/gmeasure/experiment.go:279}","{method_declaration MeasureDuration(name string, callback func(), args ...any) at vendor/github.com/onsi/gomega/gmeasure/experiment.go:279}","7","7"
"6034321603be95409028f0173e0c372515008dbb","CHANGE_SIGNATURE","{method_declaration Fiw(indentation uint, maxWidth uint, format string, args ...interface{}) at vendor/github.com/onsi/ginkgo/v2/formatter/formatter.go:126}","{method_declaration Fiw(indentation uint, maxWidth uint, format string, args ...any) at vendor/github.com/onsi/ginkgo/v2/formatter/formatter.go:126}","56","56"
"6034321603be95409028f0173e0c372515008dbb","CHANGE_SIGNATURE","{method_declaration FailureMessage(actual interface{}) at vendor/github.com/onsi/gomega/matchers/be_equivalent_to_matcher.go:30}","{method_declaration FailureMessage(actual any) at vendor/github.com/onsi/gomega/matchers/be_equivalent_to_matcher.go:30}","3","3"
"6034321603be95409028f0173e0c372515008dbb","CHANGE_SIGNATURE","{function_declaration FWhen(text string, args ...interface{}) at vendor/github.com/onsi/ginkgo/v2/core_dsl.go:530}","{function_declaration FWhen(text string, args ...any) at vendor/github.com/onsi/ginkgo/v2/core_dsl.go:582}","4","4"
"6034321603be95409028f0173e0c372515008dbb","CHANGE_SIGNATURE","{method_declaration Match(actual interface{}) at vendor/github.com/onsi/gomega/matchers/be_key_of_matcher.go:14}","{method_declaration Match(actual any) at vendor/github.com/onsi/gomega/matchers/be_key_of_matcher.go:14}","24","24"
"6034321603be95409028f0173e0c372515008dbb","CHANGE_SIGNATURE","{method_declaration Match(actual interface{}) at vendor/github.com/onsi/gomega/matchers/consist_of.go:19}","{method_declaration Match(actual any) at vendor/github.com/onsi/gomega/matchers/consist_of.go:20}","24","24"
"6034321603be95409028f0173e0c372515008dbb","CHANGE_SIGNATURE","{method_declaration ToNot(matcher types.GomegaMatcher, optionalDescription ...interface{}) at vendor/github.com/onsi/gomega/internal/assertion.go:65}","{method_declaration ToNot(matcher types.GomegaMatcher, optionalDescription ...any) at vendor/github.com/onsi/gomega/internal/assertion.go:65}","5","5"
"6034321603be95409028f0173e0c372515008dbb","CHANGE_SIGNATURE","{method_declaration Match(actual interface{}) at vendor/github.com/onsi/gomega/matchers/have_occurred_matcher.go:14}","{method_declaration Match(actual any) at vendor/github.com/onsi/gomega/matchers/have_occurred_matcher.go:14}","14","14"
"6034321603be95409028f0173e0c372515008dbb","CHANGE_SIGNATURE","{function_declaration isChan(a interface{}) at vendor/github.com/onsi/gomega/matchers/type_support.go:91}","{function_declaration isChan(a any) at vendor/github.com/onsi/gomega/matchers/type_support.go:93}","6","6"
"6034321603be95409028f0173e0c372515008dbb","CHANGE_SIGNATURE","{method_declaration NegatedFailureMessage(actual interface{}) at vendor/github.com/onsi/gomega/gstruct/pointer.go:56}","{method_declaration NegatedFailureMessage(actual any) at vendor/github.com/onsi/gomega/gstruct/pointer.go:57}","3","3"
"6034321603be95409028f0173e0c372515008dbb","CHANGE_SIGNATURE","{method_declaration NegatedFailureMessage(actual interface{}) at vendor/github.com/onsi/gomega/matchers/panic_matcher.go:94}","{method_declaration NegatedFailureMessage(actual any) at vendor/github.com/onsi/gomega/matchers/panic_matcher.go:94}","21","21"
"6034321603be95409028f0173e0c372515008dbb","CHANGE_SIGNATURE","{function_declaration NewWithTransformMatcher(transform interface{}, matcher types.GomegaMatcher) at vendor/github.com/onsi/gomega/matchers/with_transform.go:25}","{function_declaration NewWithTransformMatcher(transform any, matcher types.GomegaMatcher) at vendor/github.com/onsi/gomega/matchers/with_transform.go:25}","20","20"
"6034321603be95409028f0173e0c372515008dbb","CHANGE_SIGNATURE","{function_declaration isInteger(a interface{}) at vendor/github.com/onsi/gomega/matchers/type_support.go:38}","{function_declaration isInteger(a any) at vendor/github.com/onsi/gomega/matchers/type_support.go:40}","4","4"
"6034321603be95409028f0173e0c372515008dbb","CHANGE_SIGNATURE","{method_declaration SampleDuration(name string, callback func(idx int), samplingConfig SamplingConfig, args ...interface{}) at vendor/github.com/onsi/gomega/gmeasure/experiment.go:295}","{method_declaration SampleDuration(name string, callback func(idx int), samplingConfig SamplingConfig, args ...any) at vendor/github.com/onsi/gomega/gmeasure/experiment.go:295}","9","9"
"6034321603be95409028f0173e0c372515008dbb","CHANGE_SIGNATURE","{method_declaration FailureMessage(actual interface{}) at vendor/github.com/onsi/gomega/matchers/have_len_matcher.go:22}","{method_declaration FailureMessage(actual any) at vendor/github.com/onsi/gomega/matchers/have_len_matcher.go:22}","3","3"
"6034321603be95409028f0173e0c372515008dbb","CHANGE_SIGNATURE","{method_declaration RecordValue(name string, value float64, args ...interface{}) at vendor/github.com/onsi/gomega/gmeasure/experiment.go:362}","{method_declaration RecordValue(name string, value float64, args ...any) at vendor/github.com/onsi/gomega/gmeasure/experiment.go:362}","4","4"
"6034321603be95409028f0173e0c372515008dbb","CHANGE_SIGNATURE","{method_declaration NegatedFailureMessage(actual interface{}) at vendor/github.com/onsi/gomega/matchers/be_empty_matcher.go:27}","{method_declaration NegatedFailureMessage(actual any) at vendor/github.com/onsi/gomega/matchers/be_empty_matcher.go:41}","3","3"
"6034321603be95409028f0173e0c372515008dbb","CHANGE_SIGNATURE","{method_declaration FailureMessage(_ interface{}) at vendor/github.com/onsi/gomega/matchers/have_value.go:48}","{method_declaration FailureMessage(_ any) at vendor/github.com/onsi/gomega/matchers/have_value.go:48}","3","3"
"6034321603be95409028f0173e0c372515008dbb","CHANGE_SIGNATURE","{function_declaration formattedMessage(comparisonMessage string, failurePath []interface{}) at vendor/github.com/onsi/gomega/matchers/semi_structured_data_support.go:11}","{function_declaration formattedMessage(comparisonMessage string, failurePath []any) at vendor/github.com/onsi/gomega/matchers/semi_structured_data_support.go:11}","9","9"
"6034321603be95409028f0173e0c372515008dbb","CHANGE_SIGNATURE","{function_declaration BeAssignableToTypeOf(expected interface{}) at vendor/github.com/onsi/gomega/matchers.go:565}","{function_declaration BeAssignableToTypeOf(expected any) at vendor/github.com/onsi/gomega/matchers.go:565}","5","5"
"6034321603be95409028f0173e0c372515008dbb","CHANGE_SIGNATURE","{function_declaration Describe(text string, args ...interface{}) at vendor/github.com/onsi/ginkgo/v2/core_dsl.go:494}","{function_declaration Describe(text string, args ...any) at vendor/github.com/onsi/ginkgo/v2/core_dsl.go:546}","3","3"
"6034321603be95409028f0173e0c372515008dbb","CHANGE_SIGNATURE","{function_declaration HaveHTTPStatus(expected ...interface{}) at vendor/github.com/onsi/gomega/matchers.go:613}","{function_declaration HaveHTTPStatus(expected ...any) at vendor/github.com/onsi/gomega/matchers.go:613}","3","3"
"6034321603be95409028f0173e0c372515008dbb","CHANGE_SIGNATURE","{method_declaration FailureMessage(actual interface{}) at vendor/github.com/onsi/gomega/matchers/match_json_matcher.go:33}","{method_declaration FailureMessage(actual any) at vendor/github.com/onsi/gomega/matchers/match_json_matcher.go:33}","4","4"
"6034321603be95409028f0173e0c372515008dbb","CHANGE_SIGNATURE","{method_declaration NegatedFailureMessage(actual interface{}) at vendor/github.com/onsi/gomega/matchers/be_element_of_matcher.go:41}","{method_declaration NegatedFailureMessage(actual any) at vendor/github.com/onsi/gomega/matchers/be_element_of_matcher.go:41}","3","3"
"6034321603be95409028f0173e0c372515008dbb","CHANGE_SIGNATURE","{function_declaration vetOptionalDescription(assertion string, optionalDescription ...interface{}) at vendor/github.com/onsi/gomega/internal/vetoptdesc.go:13}","{function_declaration vetOptionalDescription(assertion string, optionalDescription ...any) at vendor/github.com/onsi/gomega/internal/vetoptdesc.go:13}","10","10"
"6034321603be95409028f0173e0c372515008dbb","CHANGE_SIGNATURE","{method_declaration Match(actual interface{}) at vendor/github.com/onsi/gomega/matchers/contain_substring_matcher.go:17}","{method_declaration Match(actual any) at vendor/github.com/onsi/gomega/matchers/contain_substring_matcher.go:17}","8","8"
"6034321603be95409028f0173e0c372515008dbb","CHANGE_SIGNATURE","{method_declaration Match(actual interface{}) at vendor/github.com/onsi/gomega/matchers/have_http_body_matcher.go:19}","{method_declaration Match(actual any) at vendor/github.com/onsi/gomega/matchers/have_http_body_matcher.go:19}","17","17"
"6034321603be95409028f0173e0c372515008dbb","CHANGE_SIGNATURE","{method_declaration FailureMessage(actual interface{}) at vendor/github.com/onsi/gomega/matchers/be_comparable_to_matcher.go:43}","{method_declaration FailureMessage(actual any) at vendor/github.com/onsi/gomega/matchers/be_comparable_to_matcher.go:44}","3","3"
"6034321603be95409028f0173e0c372515008dbb","CHANGE_SIGNATURE","{method_declaration Match(actual interface{}) at vendor/github.com/onsi/gomega/matchers/satisfy_matcher.go:38}","{method_declaration Match(actual any) at vendor/github.com/onsi/gomega/matchers/satisfy_matcher.go:38}","21","21"
"6034321603be95409028f0173e0c372515008dbb","CHANGE_SIGNATURE","{function_declaration WrapEntryValue(value interface{}) at vendor/github.com/onsi/ginkgo/v2/types/report_entry.go:17}","{function_declaration WrapEntryValue(value any) at vendor/github.com/onsi/ginkgo/v2/types/report_entry.go:17}","5","5"
"6034321603be95409028f0173e0c372515008dbb","CHANGE_SIGNATURE","{function_declaration PartitionDecorations(args ...interface{}) at vendor/github.com/onsi/ginkgo/v2/internal/node.go:113}","{function_declaration PartitionDecorations(args ...any) at vendor/github.com/onsi/ginkgo/v2/internal/node.go:134}","12","12"
"6034321603be95409028f0173e0c372515008dbb","CHANGE_SIGNATURE","{method_declaration Match(actual interface{}) at vendor/github.com/onsi/gomega/matchers/have_prefix_matcher.go:14}","{method_declaration Match(actual any) at vendor/github.com/onsi/gomega/matchers/have_prefix_matcher.go:14}","8","8"
"6034321603be95409028f0173e0c372515008dbb","CHANGE_SIGNATURE","{method_declaration NegatedFailureMessage(actual interface{}) at vendor/github.com/onsi/gomega/matchers/be_identical_to.go:37}","{method_declaration NegatedFailureMessage(actual any) at vendor/github.com/onsi/gomega/matchers/be_identical_to.go:37}","3","3"
"6034321603be95409028f0173e0c372515008dbb","CHANGE_SIGNATURE","{method_declaration body(actual interface{}) at vendor/github.com/onsi/gomega/matchers/have_http_body_matcher.go:76}","{method_declaration body(actual any) at vendor/github.com/onsi/gomega/matchers/have_http_body_matcher.go:76}","29","29"
"6034321603be95409028f0173e0c372515008dbb","CHANGE_SIGNATURE","{function_declaration FIt(text string, args ...interface{}) at vendor/github.com/onsi/ginkgo/v2/core_dsl.go:560}","{function_declaration FIt(text string, args ...any) at vendor/github.com/onsi/ginkgo/v2/core_dsl.go:612}","4","4"
"6034321603be95409028f0173e0c372515008dbb","CHANGE_SIGNATURE","{method_declaration emitProgressReport(indent uint, emitGinkgoWriterOutput bool, report types.ProgressReport) at vendor/github.com/onsi/ginkgo/v2/reporters/default_reporter.go:471}","{method_declaration emitProgressReport(indent uint, emitGinkgoWriterOutput, emitGroup bool, report types.ProgressReport) at vendor/github.com/onsi/ginkgo/v2/reporters/default_reporter.go:490}","83","91"
"6034321603be95409028f0173e0c372515008dbb","CHANGE_SIGNATURE","{function_declaration NewBipartiteGraph(leftValues, rightValues []interface{}, neighbours func(interface{}, interface{}) (bool, error)) at vendor/github.com/onsi/gomega/matchers/support/goraph/bipartitegraph/bipartitegraph.go:14}","{function_declaration NewBipartiteGraph(leftValues, rightValues []any, neighbours func(any, any) (bool, error)) at vendor/github.com/onsi/gomega/matchers/support/goraph/bipartitegraph/bipartitegraph.go:14}","27","27"
"6034321603be95409028f0173e0c372515008dbb","CHANGE_SIGNATURE","{method_declaration Match(actual interface{}) at vendor/github.com/onsi/gomega/matchers/and.go:17}","{method_declaration Match(actual any) at vendor/github.com/onsi/gomega/matchers/and.go:17}","11","11"
"6034321603be95409028f0173e0c372515008dbb","CHANGE_SIGNATURE","{method_declaration FailureMessage(actual interface{}) at vendor/github.com/onsi/gomega/matchers/have_key_with_value_matcher.go:51}","{method_declaration FailureMessage(actual any) at vendor/github.com/onsi/gomega/matchers/have_key_with_value_matcher.go:73}","12","12"
"6034321603be95409028f0173e0c372515008dbb","CHANGE_SIGNATURE","{function_declaration presentable(elems []interface{}) at vendor/github.com/onsi/gomega/matchers/consist_of.go:88}","{function_declaration presentable(elems []any) at vendor/github.com/onsi/gomega/matchers/consist_of.go:100}","27","27"
"6034321603be95409028f0173e0c372515008dbb","CHANGE_SIGNATURE","{method_declaration FailureMessage(actual interface{}) at vendor/github.com/onsi/gomega/matchers/match_yaml_matcher.go:37}","{method_declaration FailureMessage(actual any) at vendor/github.com/onsi/gomega/matchers/match_yaml_matcher.go:37}","4","4"
"6034321603be95409028f0173e0c372515008dbb","CHANGE_SIGNATURE","{function_declaration isArrayOrSlice(a interface{}) at vendor/github.com/onsi/gomega/matchers/type_support.go:105}","{function_declaration isArrayOrSlice(a any) at vendor/github.com/onsi/gomega/matchers/type_support.go:107}","11","11"
"6034321603be95409028f0173e0c372515008dbb","CHANGE_SIGNATURE","{method_declaration FailureMessage(actual interface{}) at vendor/github.com/onsi/gomega/matchers/have_existing_field_matcher.go:30}","{method_declaration FailureMessage(actual any) at vendor/github.com/onsi/gomega/matchers/have_existing_field_matcher.go:30}","3","3"
"6034321603be95409028f0173e0c372515008dbb","CHANGE_SIGNATURE","{method_declaration Record(name string, args ...interface{}) at vendor/github.com/onsi/gomega/gmeasure/stopwatch.go:57}","{method_declaration Record(name string, args ...any) at vendor/github.com/onsi/gomega/gmeasure/stopwatch.go:57}","8","8"
"6034321603be95409028f0173e0c372515008dbb","CHANGE_SIGNATURE","{method_declaration NegatedFailureMessage(actual interface{}) at vendor/github.com/onsi/gomega/matchers/and.go:33}","{method_declaration NegatedFailureMessage(actual any) at vendor/github.com/onsi/gomega/matchers/and.go:33}","4","4"
"6034321603be95409028f0173e0c372515008dbb","CHANGE_SIGNATURE","{method_declaration Errorf(format string, args ...interface{}) at vendor/github.com/onsi/ginkgo/v2/internal/testingtproxy/testing_t_proxy.go:87}","{method_declaration Errorf(format string, args ...any) at vendor/github.com/onsi/ginkgo/v2/internal/testingtproxy/testing_t_proxy.go:108}","3","3"
"6034321603be95409028f0173e0c372515008dbb","CHANGE_SIGNATURE","{method_declaration NegatedFailureMessage(actual interface{}) at vendor/github.com/onsi/gomega/matchers/have_key_with_value_matcher.go:64}","{method_declaration NegatedFailureMessage(actual any) at vendor/github.com/onsi/gomega/matchers/have_key_with_value_matcher.go:86}","13","13"
"6034321603be95409028f0173e0c372515008dbb","CHANGE_SIGNATURE","{method_declaration FailureMessage(actual interface{}) at vendor/github.com/onsi/gomega/matchers/consist_of.go:133}","{method_declaration FailureMessage(actual any) at vendor/github.com/onsi/gomega/matchers/consist_of.go:157}","9","9"
"6034321603be95409028f0173e0c372515008dbb","CHANGE_SIGNATURE","{method_declaration Fatal(args ...interface{}) at vendor/github.com/onsi/ginkgo/v2/internal/testingtproxy/testing_t_proxy.go:103}","{method_declaration Fatal(args ...any) at vendor/github.com/onsi/ginkgo/v2/internal/testingtproxy/testing_t_proxy.go:124}","3","3"
"6034321603be95409028f0173e0c372515008dbb","CHANGE_SIGNATURE","{function_declaration FDescribeTableSubtree(description string, args ...interface{}) at vendor/github.com/onsi/ginkgo/v2/table_dsl.go:121}","{function_declaration FDescribeTableSubtree(description string, args ...any) at vendor/github.com/onsi/ginkgo/v2/table_dsl.go:121}","6","6"
"6034321603be95409028f0173e0c372515008dbb","CHANGE_SIGNATURE","{function_declaration toInteger(a interface{}) at vendor/github.com/onsi/gomega/matchers/type_support.go:53}","{function_declaration toInteger(a any) at vendor/github.com/onsi/gomega/matchers/type_support.go:55}","10","10"
"6034321603be95409028f0173e0c372515008dbb","CHANGE_SIGNATURE","{method_declaration Should(matcher types.GomegaMatcher, optionalDescription ...interface{}) at vendor/github.com/onsi/gomega/internal/assertion.go:47}","{method_declaration Should(matcher types.GomegaMatcher, optionalDescription ...any) at vendor/github.com/onsi/gomega/internal/assertion.go:47}","5","5"
"6034321603be95409028f0173e0c372515008dbb","CHANGE_SIGNATURE","{method_declaration Match(actual interface{}) at vendor/github.com/onsi/gomega/matchers/be_sent_matcher.go:17}","{method_declaration Match(actual any) at vendor/github.com/onsi/gomega/matchers/be_sent_matcher.go:17}","41","41"
"6034321603be95409028f0173e0c372515008dbb","CHANGE_SIGNATURE","{method_declaration WithIndexAndElement(index int, element interface{}) at vendor/github.com/onsi/gomega/gstruct/elements.go:140}","{method_declaration WithIndexAndElement(index int, element any) at vendor/github.com/onsi/gomega/gstruct/elements.go:144}","3","3"
"6034321603be95409028f0173e0c372515008dbb","CHANGE_SIGNATURE","{function_declaration vetActuals(actuals []interface{}, skipIndex int) at vendor/github.com/onsi/gomega/internal/assertion.go:142}","{function_declaration vetActuals(actuals []any, skipIndex int) at vendor/github.com/onsi/gomega/internal/assertion.go:142}","20","20"
"6034321603be95409028f0173e0c372515008dbb","CHANGE_SIGNATURE","{method_declaration FailureMessage(actual interface{}) at vendor/github.com/onsi/gomega/matchers/match_error_matcher.go:74}","{method_declaration FailureMessage(actual any) at vendor/github.com/onsi/gomega/matchers/match_error_matcher.go:74}","6","6"
"6034321603be95409028f0173e0c372515008dbb","CHANGE_SIGNATURE","{method_declaration Match(actual interface{}) at vendor/github.com/onsi/gomega/matchers/be_zero_matcher.go:12}","{method_declaration Match(actual any) at vendor/github.com/onsi/gomega/matchers/be_zero_matcher.go:12}","9","9"
"6034321603be95409028f0173e0c372515008dbb","CHANGE_SIGNATURE","{method_declaration Match(actual interface{}) at vendor/github.com/onsi/gomega/matchers/be_closed_matcher.go:15}","{method_declaration Match(actual any) at vendor/github.com/onsi/gomega/matchers/be_closed_matcher.go:15}","26","26"
"6034321603be95409028f0173e0c372515008dbb","CHANGE_SIGNATURE","{method_declaration FailureMessage(actual interface{}) at vendor/github.com/onsi/gomega/matchers/succeed_matcher.go:32}","{method_declaration FailureMessage(actual any) at vendor/github.com/onsi/gomega/matchers/succeed_matcher.go:32}","7","7"
"6034321603be95409028f0173e0c372515008dbb","CHANGE_SIGNATURE","{function_declaration isMap(a interface{}) at vendor/github.com/onsi/gomega/matchers/type_support.go:98}","{function_declaration isMap(a any) at vendor/github.com/onsi/gomega/matchers/type_support.go:100}","6","6"
"6034321603be95409028f0173e0c372515008dbb","CHANGE_SIGNATURE","{method_declaration NegatedFailureMessage(actual interface{}) at vendor/github.com/onsi/gomega/matchers/be_false_matcher.go:31}","{method_declaration NegatedFailureMessage(actual any) at vendor/github.com/onsi/gomega/matchers/be_false_matcher.go:31}","7","7"
"6034321603be95409028f0173e0c372515008dbb","CHANGE_SIGNATURE","{function_declaration PDescribeTableSubtree(description string, args ...interface{}) at vendor/github.com/onsi/ginkgo/v2/table_dsl.go:131}","{function_declaration PDescribeTableSubtree(description string, args ...any) at vendor/github.com/onsi/ginkgo/v2/table_dsl.go:131}","6","6"
"6034321603be95409028f0173e0c372515008dbb","CHANGE_SIGNATURE","{function_declaration PDescribeTable(description string, args ...interface{}) at vendor/github.com/onsi/ginkgo/v2/table_dsl.go:66}","{function_declaration PDescribeTable(description string, args ...any) at vendor/github.com/onsi/ginkgo/v2/table_dsl.go:66}","6","6"
"6034321603be95409028f0173e0c372515008dbb","CHANGE_SIGNATURE","{method_declaration NegatedFailureMessage(actual interface{}) at vendor/github.com/onsi/gomega/matchers/have_len_matcher.go:26}","{method_declaration NegatedFailureMessage(actual any) at vendor/github.com/onsi/gomega/matchers/have_len_matcher.go:26}","3","3"
"6034321603be95409028f0173e0c372515008dbb","CHANGE_SIGNATURE","{method_declaration MatchMayChangeInTheFuture(_ interface{}) at vendor/github.com/onsi/gomega/matchers/with_transform.go:83}","{method_declaration MatchMayChangeInTheFuture(_ any) at vendor/github.com/onsi/gomega/matchers/with_transform.go:83}","8","8"
"6034321603be95409028f0173e0c372515008dbb","CHANGE_SIGNATURE","{function_declaration NewSatisfyMatcher(predicate interface{}) at vendor/github.com/onsi/gomega/matchers/satisfy_matcher.go:17}","{function_declaration NewSatisfyMatcher(predicate any) at vendor/github.com/onsi/gomega/matchers/satisfy_matcher.go:17}","20","20"
"6034321603be95409028f0173e0c372515008dbb","CHANGE_SIGNATURE","{method_declaration NegatedFailureMessage(actual interface{}) at vendor/github.com/onsi/gomega/matchers/be_zero_matcher.go:26}","{method_declaration NegatedFailureMessage(actual any) at vendor/github.com/onsi/gomega/matchers/be_zero_matcher.go:26}","3","3"
"6034321603be95409028f0173e0c372515008dbb","CHANGE_SIGNATURE","{method_declaration Fi(indentation uint, format string, args ...interface{}) at vendor/github.com/onsi/ginkgo/v2/formatter/formatter.go:122}","{method_declaration Fi(indentation uint, format string, args ...any) at vendor/github.com/onsi/ginkgo/v2/formatter/formatter.go:122}","3","3"
"6034321603be95409028f0173e0c372515008dbb","CHANGE_SIGNATURE","{method_declaration FailureMessage(actual interface{}) at vendor/github.com/onsi/gomega/matchers/have_suffix_matcher.go:30}","{method_declaration FailureMessage(actual any) at vendor/github.com/onsi/gomega/matchers/have_suffix_matcher.go:30}","3","3"
"6034321603be95409028f0173e0c372515008dbb","CHANGE_SIGNATURE","{method_declaration matchKeys(actual interface{}) at vendor/github.com/onsi/gomega/gstruct/keys.go:58}","{method_declaration matchKeys(actual any) at vendor/github.com/onsi/gomega/gstruct/keys.go:58}","52","52"
"6034321603be95409028f0173e0c372515008dbb","CHANGE_SIGNATURE","{method_declaration NegatedFailureMessage(actual interface{}) at vendor/github.com/onsi/gomega/matchers/have_http_header_with_value_matcher.go:46}","{method_declaration NegatedFailureMessage(actual any) at vendor/github.com/onsi/gomega/matchers/have_http_header_with_value_matcher.go:46}","14","14"
"6034321603be95409028f0173e0c372515008dbb","CHANGE_SIGNATURE","{method_declaration FormatFailureMessage(actual interface{}, negated bool) at vendor/github.com/onsi/gomega/matchers/be_numerically_matcher.go:25}","{method_declaration FormatFailureMessage(actual any, negated bool) at vendor/github.com/onsi/gomega/matchers/be_numerically_matcher.go:25}","11","11"
"6034321603be95409028f0173e0c372515008dbb","CHANGE_SIGNATURE","{function_declaration BeElementOf(elements ...interface{}) at vendor/github.com/onsi/gomega/matchers.go:361}","{function_declaration BeElementOf(elements ...any) at vendor/github.com/onsi/gomega/matchers.go:361}","5","5"
"6034321603be95409028f0173e0c372515008dbb","CHANGE_SIGNATURE","{method_declaration runSpecs(description string, suiteLabels Labels, suitePath string, hasProgrammaticFocus bool, specs Specs) at vendor/github.com/onsi/ginkgo/v2/internal/suite.go:431}","{method_declaration runSpecs(description string, suiteLabels Labels, suiteSemVerConstraints SemVerConstraints, suitePath string, hasProgrammaticFocus bool, specs Specs) at vendor/github.com/onsi/ginkgo/v2/internal/suite.go:456}","96","97"
"6034321603be95409028f0173e0c372515008dbb","CHANGE_SIGNATURE","{function_declaration PIt(text string, args ...interface{}) at vendor/github.com/onsi/ginkgo/v2/core_dsl.go:568}","{function_declaration PIt(text string, args ...any) at vendor/github.com/onsi/ginkgo/v2/core_dsl.go:620}","4","4"
"6034321603be95409028f0173e0c372515008dbb","CHANGE_SIGNATURE","{function_declaration ApplyFocusToSpecs(specs Specs, description string, suiteLabels Labels, suiteConfig types.SuiteConfig) at vendor/github.com/onsi/ginkgo/v2/internal/focus.go:59}","{function_declaration ApplyFocusToSpecs(specs Specs, description string, suiteLabels Labels, suiteSemVerConstraints SemVerConstraints, suiteConfig types.SuiteConfig) at vendor/github.com/onsi/ginkgo/v2/internal/focus.go:59}","64","71"
"6034321603be95409028f0173e0c372515008dbb","CHANGE_SIGNATURE","{function_declaration HaveField(field string, expected interface{}) at vendor/github.com/onsi/gomega/matchers.go:486}","{function_declaration HaveField(field string, expected any) at vendor/github.com/onsi/gomega/matchers.go:486}","6","6"
"6034321603be95409028f0173e0c372515008dbb","CHANGE_SIGNATURE","{method_declaration Eventually(actualOrCtx interface{}, args ...interface{}) at vendor/github.com/onsi/gomega/internal/gomega.go:55}","{method_declaration Eventually(actualOrCtx any, args ...any) at vendor/github.com/onsi/gomega/internal/gomega.go:55}","3","3"
"6034321603be95409028f0173e0c372515008dbb","CHANGE_SIGNATURE","{method_declaration CaughtPanicDuringABuildPhase(caughtPanic interface{}, cl CodeLocation) at vendor/github.com/onsi/ginkgo/v2/types/errors.go:91}","{method_declaration CaughtPanicDuringABuildPhase(caughtPanic any, cl CodeLocation) at vendor/github.com/onsi/ginkgo/v2/types/errors.go:91}","17","17"
"6034321603be95409028f0173e0c372515008dbb","CHANGE_SIGNATURE","{method_declaration MatchMayChangeInTheFuture(actual interface{}) at vendor/github.com/onsi/gomega/matchers/or.go:41}","{method_declaration MatchMayChangeInTheFuture(actual any) at vendor/github.com/onsi/gomega/matchers/or.go:41}","26","26"
"6034321603be95409028f0173e0c372515008dbb","CHANGE_SIGNATURE","{method_declaration NegatedFailureMessage(actual interface{}) at vendor/github.com/onsi/gomega/matchers/contain_element_matcher.go:172}","{method_declaration NegatedFailureMessage(actual any) at vendor/github.com/onsi/gomega/matchers/contain_element_matcher.go:291}","3","3"
"6034321603be95409028f0173e0c372515008dbb","CHANGE_SIGNATURE","{function_declaration It(text string, args ...interface{}) at vendor/github.com/onsi/ginkgo/v2/core_dsl.go:553}","{function_declaration It(text string, args ...any) at vendor/github.com/onsi/ginkgo/v2/core_dsl.go:605}","3","3"
"6034321603be95409028f0173e0c372515008dbb","CHANGE_SIGNATURE","{method_declaration NegatedFailureMessage(actual interface{}) at vendor/github.com/onsi/gomega/matchers/have_suffix_matcher.go:34}","{method_declaration NegatedFailureMessage(actual any) at vendor/github.com/onsi/gomega/matchers/have_suffix_matcher.go:34}","3","3"
"6034321603be95409028f0173e0c372515008dbb","CHANGE_SIGNATURE","{method_declaration Match(actual interface{}) at vendor/github.com/onsi/gomega/gstruct/pointer.go:30}","{method_declaration Match(actual any) at vendor/github.com/onsi/gomega/gstruct/pointer.go:31}","21","21"
"6034321603be95409028f0173e0c372515008dbb","CHANGE_SIGNATURE","{function_declaration C(contents string, args ...interface{}) at vendor/github.com/onsi/gomega/gmeasure/table/table.go:97}","{function_declaration C(contents string, args ...any) at vendor/github.com/onsi/gomega/gmeasure/table/table.go:97}","14","14"
"6034321603be95409028f0173e0c372515008dbb","CHANGE_SIGNATURE","{method_declaration poll(path string, data interface{}) at vendor/github.com/onsi/ginkgo/v2/internal/parallel_support/http_client.go:57}","{method_declaration poll(path string, data any) at vendor/github.com/onsi/ginkgo/v2/internal/parallel_support/http_client.go:57}","27","27"
"6034321603be95409028f0173e0c372515008dbb","CHANGE_SIGNATURE","{function_declaration valueAtKeyPath(root interface{}, keyPath string) at vendor/github.com/onsi/ginkgo/v2/types/flags.go:338}","{function_declaration valueAtKeyPath(root any, keyPath string) at vendor/github.com/onsi/ginkgo/v2/types/flags.go:338}","27","27"
"6034321603be95409028f0173e0c372515008dbb","CHANGE_SIGNATURE","{method_declaration NegatedFailureMessage(actual interface{}) at vendor/github.com/onsi/gomega/matchers/match_json_matcher.go:38}","{method_declaration NegatedFailureMessage(actual any) at vendor/github.com/onsi/gomega/matchers/match_json_matcher.go:38}","4","4"
"6034321603be95409028f0173e0c372515008dbb","CHANGE_SIGNATURE","{function_declaration PDescribe(text string, args ...interface{}) at vendor/github.com/onsi/ginkgo/v2/core_dsl.go:509}","{function_declaration PDescribe(text string, args ...any) at vendor/github.com/onsi/ginkgo/v2/core_dsl.go:561}","4","4"
"6034321603be95409028f0173e0c372515008dbb","CHANGE_SIGNATURE","{method_declaration FailureMessage(actual interface{}) at vendor/github.com/onsi/gomega/gstruct/elements.go:220}","{method_declaration FailureMessage(actual any) at vendor/github.com/onsi/gomega/gstruct/elements.go:224}","4","4"
"6034321603be95409028f0173e0c372515008dbb","CHANGE_SIGNATURE","{method_declaration FailureMessage(actual interface{}) at vendor/github.com/onsi/gomega/matchers/contain_element_matcher.go:168}","{method_declaration FailureMessage(actual any) at vendor/github.com/onsi/gomega/matchers/contain_element_matcher.go:287}","3","3"
"6034321603be95409028f0173e0c372515008dbb","CHANGE_SIGNATURE","{method_declaration FailureMessage(actual interface{}) at vendor/github.com/onsi/gomega/matchers/assignable_to_type_of_matcher.go:31}","{method_declaration FailureMessage(actual any) at vendor/github.com/onsi/gomega/matchers/assignable_to_type_of_matcher.go:31}","3","3"
"6034321603be95409028f0173e0c372515008dbb","CHANGE_SIGNATURE","{method_declaration FailureMessage(actual interface{}) at vendor/github.com/onsi/gomega/matchers/be_false_matcher.go:23}","{method_declaration FailureMessage(actual any) at vendor/github.com/onsi/gomega/matchers/be_false_matcher.go:23}","7","7"
"6034321603be95409028f0173e0c372515008dbb","CHANGE_SIGNATURE","{method_declaration NegatedFailureMessage(actual interface{}) at vendor/github.com/onsi/gomega/matchers/have_prefix_matcher.go:34}","{method_declaration NegatedFailureMessage(actual any) at vendor/github.com/onsi/gomega/matchers/have_prefix_matcher.go:34}","3","3"
"6034321603be95409028f0173e0c372515008dbb","CHANGE_SIGNATURE","{method_declaration FailureMessage(_ interface{}) at vendor/github.com/onsi/gomega/gstruct/ignore.go:33}","{method_declaration FailureMessage(_ any) at vendor/github.com/onsi/gomega/gstruct/ignore.go:35}","3","3"
"6034321603be95409028f0173e0c372515008dbb","CHANGE_SIGNATURE","{method_declaration Match(actual interface{}) at vendor/github.com/onsi/gomega/matchers/have_value.go:18}","{method_declaration Match(actual any) at vendor/github.com/onsi/gomega/matchers/have_value.go:18}","29","29"
"6034321603be95409028f0173e0c372515008dbb","CHANGE_SIGNATURE","{method_declaration MatchMayChangeInTheFuture(actual interface{}) at vendor/github.com/onsi/gomega/matchers/receive_matcher.go:160}","{method_declaration MatchMayChangeInTheFuture(actual any) at vendor/github.com/onsi/gomega/matchers/receive_matcher.go:160}","7","7"
"6034321603be95409028f0173e0c372515008dbb","CHANGE_SIGNATURE","{function_declaration Satisfy(predicate interface{}) at vendor/github.com/onsi/gomega/matchers.go:699}","{function_declaration Satisfy(predicate any) at vendor/github.com/onsi/gomega/matchers.go:699}","3","3"
"6034321603be95409028f0173e0c372515008dbb","CHANGE_SIGNATURE","{function_declaration ContainSubstring(substr string, args ...interface{}) at vendor/github.com/onsi/gomega/matchers.go:246}","{function_declaration ContainSubstring(substr string, args ...any) at vendor/github.com/onsi/gomega/matchers.go:246}","6","6"
"6034321603be95409028f0173e0c372515008dbb","CHANGE_SIGNATURE","{method_declaration Match(actual interface{}) at vendor/github.com/onsi/gomega/matchers/contain_elements_matcher.go:15}","{method_declaration Match(actual any) at vendor/github.com/onsi/gomega/matchers/contain_elements_matcher.go:16}","21","21"
"6034321603be95409028f0173e0c372515008dbb","CHANGE_SIGNATURE","{method_declaration extractHeader(actual interface{}) at vendor/github.com/onsi/gomega/matchers/have_http_header_with_value_matcher.go:72}","{method_declaration extractHeader(actual any) at vendor/github.com/onsi/gomega/matchers/have_http_header_with_value_matcher.go:72}","10","10"
"6034321603be95409028f0173e0c372515008dbb","CHANGE_SIGNATURE","{function_declaration extractField(actual interface{}, field string, matchername string) at vendor/github.com/onsi/gomega/matchers/have_field.go:20}","{function_declaration extractField(actual any, field string, matchername string) at vendor/github.com/onsi/gomega/matchers/have_field.go:20}","43","48"
"6034321603be95409028f0173e0c372515008dbb","CHANGE_SIGNATURE","{function_declaration Consistently(actualOrCtx interface{}, args ...interface{}) at vendor/github.com/onsi/gomega/gomega_dsl.go:427}","{function_declaration Consistently(actualOrCtx any, args ...any) at vendor/github.com/onsi/gomega/gomega_dsl.go:427}","4","4"
"6034321603be95409028f0173e0c372515008dbb","CHANGE_SIGNATURE","{method_declaration render(args ...interface{}) at vendor/github.com/onsi/ginkgo/v2/table_dsl.go:26}","{method_declaration render(args ...any) at vendor/github.com/onsi/ginkgo/v2/table_dsl.go:26}","3","3"
"6034321603be95409028f0173e0c372515008dbb","CHANGE_SIGNATURE","{method_declaration Match(actual interface{}) at vendor/github.com/onsi/gomega/matchers/have_existing_field_matcher.go:14}","{method_declaration Match(actual any) at vendor/github.com/onsi/gomega/matchers/have_existing_field_matcher.go:14}","15","15"
"6034321603be95409028f0173e0c372515008dbb","CHANGE_SIGNATURE","{method_declaration ShouldNot(matcher types.GomegaMatcher, optionalDescription ...interface{}) at vendor/github.com/onsi/gomega/internal/assertion.go:53}","{method_declaration ShouldNot(matcher types.GomegaMatcher, optionalDescription ...any) at vendor/github.com/onsi/gomega/internal/assertion.go:53}","5","5"
"6034321603be95409028f0173e0c372515008dbb","CHANGE_SIGNATURE","{function_declaration GenerateFlagArgs(flags GinkgoFlags, bindings interface{}) at vendor/github.com/onsi/ginkgo/v2/types/flags.go:436}","{function_declaration GenerateFlagArgs(flags GinkgoFlags, bindings any) at vendor/github.com/onsi/ginkgo/v2/types/flags.go:436}","55","55"
"6034321603be95409028f0173e0c372515008dbb","CHANGE_SIGNATURE","{method_declaration FailureMessage(actual interface{}) at vendor/github.com/onsi/gomega/matchers/have_exact_elements.go:68}","{method_declaration FailureMessage(actual any) at vendor/github.com/onsi/gomega/matchers/have_exact_elements.go:111}","16","16"
"6034321603be95409028f0173e0c372515008dbb","CHANGE_SIGNATURE","{method_declaration Match(actual interface{}) at vendor/github.com/onsi/gomega/matchers/contain_element_matcher.go:18}","{method_declaration Match(actual any) at vendor/github.com/onsi/gomega/matchers/contain_element_matcher.go:19}","149","267"
"6034321603be95409028f0173e0c372515008dbb","CHANGE_SIGNATURE","{method_declaration FailureMessage(actual interface{}) at vendor/github.com/onsi/gomega/matchers/have_http_status_matcher.go:51}","{method_declaration FailureMessage(actual any) at vendor/github.com/onsi/gomega/matchers/have_http_status_matcher.go:51}","3","3"
"6034321603be95409028f0173e0c372515008dbb","CHANGE_SIGNATURE","{method_declaration NegatedFailureMessage(actual interface{}) at vendor/github.com/onsi/gomega/matchers/have_key_matcher.go:49}","{method_declaration NegatedFailureMessage(actual any) at vendor/github.com/onsi/gomega/matchers/have_key_matcher.go:64}","8","8"
"6034321603be95409028f0173e0c372515008dbb","CHANGE_SIGNATURE","{function_declaration FDescribe(text string, args ...interface{}) at vendor/github.com/onsi/ginkgo/v2/core_dsl.go:501}","{function_declaration FDescribe(text string, args ...any) at vendor/github.com/onsi/ginkgo/v2/core_dsl.go:553}","4","4"
"6034321603be95409028f0173e0c372515008dbb","CHANGE_SIGNATURE","{function_declaration AbortWithUsage(format string, args ...interface{}) at vendor/github.com/onsi/ginkgo/v2/ginkgo/command/abort.go:31}","{function_declaration AbortWithUsage(format string, args ...any) at vendor/github.com/onsi/ginkgo/v2/ginkgo/command/abort.go:31}","7","7"
"6034321603be95409028f0173e0c372515008dbb","CHANGE_SIGNATURE","{method_declaration MatchMayChangeInTheFuture(actual interface{}) at vendor/github.com/onsi/gomega/matchers/be_sent_matcher.go:67}","{method_declaration MatchMayChangeInTheFuture(actual any) at vendor/github.com/onsi/gomega/matchers/be_sent_matcher.go:67}","7","7"
"6034321603be95409028f0173e0c372515008dbb","CHANGE_SIGNATURE","{method_declaration FailureMessage(actual interface{}) at vendor/github.com/onsi/gomega/gstruct/keys.go:111}","{method_declaration FailureMessage(actual any) at vendor/github.com/onsi/gomega/gstruct/keys.go:111}","8","8"
"6034321603be95409028f0173e0c372515008dbb","CHANGE_SIGNATURE","{method_declaration Match(actual interface{}) at vendor/github.com/onsi/gomega/matchers/have_len_matcher.go:13}","{method_declaration Match(actual any) at vendor/github.com/onsi/gomega/matchers/have_len_matcher.go:13}","8","8"
"6034321603be95409028f0173e0c372515008dbb","CHANGE_SIGNATURE","{method_declaration prettyPrint(actual interface{}) at vendor/github.com/onsi/gomega/matchers/match_json_matcher.go:43}","{method_declaration prettyPrint(actual any) at vendor/github.com/onsi/gomega/matchers/match_json_matcher.go:43}","23","23"
"6034321603be95409028f0173e0c372515008dbb","CHANGE_SIGNATURE","{method_declaration Match(actual interface{}) at vendor/github.com/onsi/gomega/matchers/be_nil_matcher.go:10}","{method_declaration Match(actual any) at vendor/github.com/onsi/gomega/matchers/be_nil_matcher.go:10}","3","3"
"6034321603be95409028f0173e0c372515008dbb","CHANGE_SIGNATURE","{method_declaration fi(indentation uint, format string, args ...interface{}) at vendor/github.com/onsi/ginkgo/v2/reporters/default_reporter.go:692}","{method_declaration fi(indentation uint, format string, args ...any) at vendor/github.com/onsi/ginkgo/v2/reporters/default_reporter.go:719}","3","3"
"6034321603be95409028f0173e0c372515008dbb","CHANGE_SIGNATURE","{function_declaration BeforeSuite(body interface{}, args ...interface{}) at vendor/github.com/onsi/ginkgo/v2/core_dsl.go:614}","{function_declaration BeforeSuite(body any, args ...any) at vendor/github.com/onsi/ginkgo/v2/core_dsl.go:666}","5","5"
"6034321603be95409028f0173e0c372515008dbb","CHANGE_SIGNATURE","{function_declaration toUnsignedInteger(a interface{}) at vendor/github.com/onsi/gomega/matchers/type_support.go:64}","{function_declaration toUnsignedInteger(a any) at vendor/github.com/onsi/gomega/matchers/type_support.go:66}","10","10"
"6034321603be95409028f0173e0c372515008dbb","CHANGE_SIGNATURE","{function_declaration isNumber(a interface{}) at vendor/github.com/onsi/gomega/matchers/type_support.go:30}","{function_declaration isNumber(a any) at vendor/github.com/onsi/gomega/matchers/type_support.go:32}","7","7"
"6034321603be95409028f0173e0c372515008dbb","CHANGE_SIGNATURE","{function_declaration Message(actual interface{}, message string, expected ...interface{}) at vendor/github.com/onsi/gomega/format/format.go:128}","{function_declaration Message(actual any, message string, expected ...any) at vendor/github.com/onsi/gomega/format/format.go:128}","6","6"
"6034321603be95409028f0173e0c372515008dbb","CHANGE_SIGNATURE","{function_declaration NewCleanupNode(deprecationTracker *types.DeprecationTracker, fail func(string, types.CodeLocation), args ...interface{}) at vendor/github.com/onsi/ginkgo/v2/internal/node.go:536}","{function_declaration NewCleanupNode(deprecationTracker *types.DeprecationTracker, fail func(string, types.CodeLocation), args ...any) at vendor/github.com/onsi/ginkgo/v2/internal/node.go:588}","65","65"
"6034321603be95409028f0173e0c372515008dbb","CHANGE_SIGNATURE","{function_declaration Fi(indentation uint, format string, args ...interface{}) at vendor/github.com/onsi/ginkgo/v2/formatter/formatter.go:31}","{function_declaration Fi(indentation uint, format string, args ...any) at vendor/github.com/onsi/ginkgo/v2/formatter/formatter.go:31}","3","3"
"6034321603be95409028f0173e0c372515008dbb","CHANGE_SIGNATURE","{method_declaration vetError(optionalDescription ...interface{}) at vendor/github.com/onsi/gomega/internal/assertion.go:132}","{method_declaration vetError(optionalDescription ...any) at vendor/github.com/onsi/gomega/internal/assertion.go:132}","7","7"
"6034321603be95409028f0173e0c372515008dbb","CHANGE_SIGNATURE","{function_declaration isUnsignedInteger(a interface{}) at vendor/github.com/onsi/gomega/matchers/type_support.go:43}","{function_declaration isUnsignedInteger(a any) at vendor/github.com/onsi/gomega/matchers/type_support.go:45}","4","4"
"6034321603be95409028f0173e0c372515008dbb","CHANGE_SIGNATURE","{function_declaration generateTable(description string, isSubtree bool, args ...interface{}) at vendor/github.com/onsi/ginkgo/v2/table_dsl.go:199}","{function_declaration generateTable(description string, isSubtree bool, args ...any) at vendor/github.com/onsi/ginkgo/v2/table_dsl.go:199}","119","119"
"6034321603be95409028f0173e0c372515008dbb","CHANGE_SIGNATURE","{method_declaration NegatedFailureMessage(actual interface{}) at vendor/github.com/onsi/gomega/matchers/be_key_of_matcher.go:43}","{method_declaration NegatedFailureMessage(actual any) at vendor/github.com/onsi/gomega/matchers/be_key_of_matcher.go:43}","3","3"
"6034321603be95409028f0173e0c372515008dbb","CHANGE_SIGNATURE","{method_declaration To(matcher types.GomegaMatcher, optionalDescription ...interface{}) at vendor/github.com/onsi/gomega/internal/assertion.go:59}","{method_declaration To(matcher types.GomegaMatcher, optionalDescription ...any) at vendor/github.com/onsi/gomega/internal/assertion.go:59}","5","5"
"6034321603be95409028f0173e0c372515008dbb","CHANGE_SIGNATURE","{method_declaration FailureMessage(actual interface{}) at vendor/github.com/onsi/gomega/matchers/be_closed_matcher.go:42}","{method_declaration FailureMessage(actual any) at vendor/github.com/onsi/gomega/matchers/be_closed_matcher.go:42}","3","3"
"6034321603be95409028f0173e0c372515008dbb","CHANGE_SIGNATURE","{function_declaration NewAttachedGinkgoFlagSet(flagSet *flag.FlagSet, flags GinkgoFlags, bindings interface{}, sections GinkgoFlagSections, extraGoFlagsSection GinkgoFlagSection) at vendor/github.com/onsi/ginkgo/v2/types/flags.go:113}","{function_declaration NewAttachedGinkgoFlagSet(flagSet *flag.FlagSet, flags GinkgoFlags, bindings any, sections GinkgoFlagSections, extraGoFlagsSection GinkgoFlagSection) at vendor/github.com/onsi/ginkgo/v2/types/flags.go:113}","8","8"
"6034321603be95409028f0173e0c372515008dbb","CHANGE_SIGNATURE","{method_declaration Match(actual interface{}) at vendor/github.com/onsi/gomega/matchers/with_transform.go:46}","{method_declaration Match(actual any) at vendor/github.com/onsi/gomega/matchers/with_transform.go:46}","28","28"
"6034321603be95409028f0173e0c372515008dbb","CHANGE_SIGNATURE","{method_declaration NegatedFailureMessage(actual interface{}) at vendor/github.com/onsi/gomega/matchers/consist_of.go:151}","{method_declaration NegatedFailureMessage(actual any) at vendor/github.com/onsi/gomega/matchers/consist_of.go:175}","3","3"
"6034321603be95409028f0173e0c372515008dbb","CHANGE_SIGNATURE","{method_declaration Match(actual interface{}) at vendor/github.com/onsi/gomega/matchers/have_http_header_with_value_matcher.go:17}","{method_declaration Match(actual any) at vendor/github.com/onsi/gomega/matchers/have_http_header_with_value_matcher.go:17}","13","13"
"6034321603be95409028f0173e0c372515008dbb","CHANGE_SIGNATURE","{function_declaration toString(a interface{}) at vendor/github.com/onsi/gomega/matchers/type_support.go:124}","{function_declaration toString(a any) at vendor/github.com/onsi/gomega/matchers/type_support.go:126}","23","23"
"6034321603be95409028f0173e0c372515008dbb","CHANGE_SIGNATURE","{method_declaration Match(actual interface{}) at vendor/github.com/onsi/gomega/matchers/have_exact_elements.go:21}","{method_declaration Match(actual any) at vendor/github.com/onsi/gomega/matchers/have_exact_elements.go:23}","46","87"
"6034321603be95409028f0173e0c372515008dbb","CHANGE_SIGNATURE","{method_declaration post(path string, data interface{}) at vendor/github.com/onsi/ginkgo/v2/internal/parallel_support/http_client.go:37}","{method_declaration post(path string, data any) at vendor/github.com/onsi/ginkgo/v2/internal/parallel_support/http_client.go:37}","19","19"
"6034321603be95409028f0173e0c372515008dbb","CHANGE_SIGNATURE","{method_declaration NegatedFailureMessage(actual interface{}) at vendor/github.com/onsi/gomega/matchers/equal_matcher.go:40}","{method_declaration NegatedFailureMessage(actual any) at vendor/github.com/onsi/gomega/matchers/equal_matcher.go:40}","3","3"
"6034321603be95409028f0173e0c372515008dbb","CHANGE_SIGNATURE","{function_declaration BeSent(arg interface{}) at vendor/github.com/onsi/gomega/matchers.go:227}","{function_declaration BeSent(arg any) at vendor/github.com/onsi/gomega/matchers.go:227}","5","5"
"6034321603be95409028f0173e0c372515008dbb","CHANGE_SIGNATURE","{method_declaration NegatedFailureMessage(actual interface{}) at vendor/github.com/onsi/gomega/matchers/be_a_directory.go:54}","{method_declaration NegatedFailureMessage(actual any) at vendor/github.com/onsi/gomega/matchers/be_a_directory.go:54}","3","3"
"6034321603be95409028f0173e0c372515008dbb","CHANGE_SIGNATURE","{function_declaration IndexIdentity(index int, _ interface{}) at vendor/github.com/onsi/gomega/gstruct/elements.go:151}","{function_declaration IndexIdentity(index int, _ any) at vendor/github.com/onsi/gomega/gstruct/elements.go:155}","3","3"
"6034321603be95409028f0173e0c372515008dbb","CHANGE_SIGNATURE","{function_declaration NewAsyncAssertion(asyncType AsyncAssertionType, actualInput interface{}, g *Gomega, timeoutInterval time.Duration, pollingInterval time.Duration, mustPassRepeatedly int, ctx context.Context, offset int) at vendor/github.com/onsi/gomega/internal/async_assertion.go:83}","{function_declaration NewAsyncAssertion(asyncType AsyncAssertionType, actualInput any, g *Gomega, timeoutInterval time.Duration, pollingInterval time.Duration, mustPassRepeatedly int, ctx context.Context, offset int) at vendor/github.com/onsi/gomega/internal/async_assertion.go:83}","18","18"
"6034321603be95409028f0173e0c372515008dbb","CHANGE_SIGNATURE","{function_declaration AfterAll(args ...interface{}) at vendor/github.com/onsi/ginkgo/v2/core_dsl.go:778}","{function_declaration AfterAll(args ...any) at vendor/github.com/onsi/ginkgo/v2/core_dsl.go:830}","3","3"
"6034321603be95409028f0173e0c372515008dbb","CHANGE_SIGNATURE","{method_declaration Match(actual interface{}) at vendor/github.com/onsi/gomega/matchers/match_regexp_matcher.go:15}","{method_declaration Match(actual any) at vendor/github.com/onsi/gomega/matchers/match_regexp_matcher.go:15}","13","13"
"6034321603be95409028f0173e0c372515008dbb","CHANGE_SIGNATURE","{method_declaration FailureMessage(actual interface{}) at vendor/github.com/onsi/gomega/matchers/be_an_existing_file.go:34}","{method_declaration FailureMessage(actual any) at vendor/github.com/onsi/gomega/matchers/be_an_existing_file.go:34}","3","3"
"6034321603be95409028f0173e0c372515008dbb","CHANGE_SIGNATURE","{function_declaration flatten(elems []interface{}) at vendor/github.com/onsi/gomega/matchers/consist_of.go:62}","{function_declaration flatten(elems []any) at vendor/github.com/onsi/gomega/matchers/consist_of.go:63}","12","23"
"6034321603be95409028f0173e0c372515008dbb","CHANGE_SIGNATURE","{function_declaration HaveKey(key interface{}) at vendor/github.com/onsi/gomega/matchers.go:446}","{function_declaration HaveKey(key any) at vendor/github.com/onsi/gomega/matchers.go:446}","5","5"
"6034321603be95409028f0173e0c372515008dbb","CHANGE_SIGNATURE","{method_declaration SampleAnnotatedValue(name string, callback func(idx int) (float64, Annotation), samplingConfig SamplingConfig, args ...interface{}) at vendor/github.com/onsi/gomega/gmeasure/experiment.go:402}","{method_declaration SampleAnnotatedValue(name string, callback func(idx int) (float64, Annotation), samplingConfig SamplingConfig, args ...any) at vendor/github.com/onsi/gomega/gmeasure/experiment.go:402}","8","8"
"6034321603be95409028f0173e0c372515008dbb","CHANGE_SIGNATURE","{method_declaration FailureMessage(actual interface{}) at vendor/github.com/onsi/gomega/matchers/have_http_header_with_value_matcher.go:31}","{method_declaration FailureMessage(actual any) at vendor/github.com/onsi/gomega/matchers/have_http_header_with_value_matcher.go:31}","14","14"
"6034321603be95409028f0173e0c372515008dbb","CHANGE_SIGNATURE","{method_declaration UnknownDecorator(cl CodeLocation, nodeType NodeType, decorator interface{}) at vendor/github.com/onsi/ginkgo/v2/types/errors.go:192}","{method_declaration UnknownDecorator(cl CodeLocation, nodeType NodeType, decorator any) at vendor/github.com/onsi/ginkgo/v2/types/errors.go:192}","8","8"
"6034321603be95409028f0173e0c372515008dbb","CHANGE_SIGNATURE","{function_declaration formattedFailurePath(failurePath []interface{}) at vendor/github.com/onsi/gomega/matchers/semi_structured_data_support.go:21}","{function_declaration formattedFailurePath(failurePath []any) at vendor/github.com/onsi/gomega/matchers/semi_structured_data_support.go:21}","15","15"
"6034321603be95409028f0173e0c372515008dbb","CHANGE_SIGNATURE","{method_declaration Match(actual interface{}) at vendor/github.com/onsi/gomega/matchers/receive_matcher.go:19}","{method_declaration Match(actual any) at vendor/github.com/onsi/gomega/matchers/receive_matcher.go:19}","98","98"
"6034321603be95409028f0173e0c372515008dbb","CHANGE_SIGNATURE","{method_declaration FailureMessage(actual interface{}) at vendor/github.com/onsi/gomega/matchers/have_field.go:87}","{method_declaration FailureMessage(actual any) at vendor/github.com/onsi/gomega/matchers/have_field.go:92}","11","11"
"6034321603be95409028f0173e0c372515008dbb","CHANGE_SIGNATURE","{method_declaration StartCompiling(suites TestSuites, goFlagsConfig types.GoFlagsConfig) at vendor/github.com/onsi/ginkgo/v2/ginkgo/internal/compile.go:123}","{method_declaration StartCompiling(suites TestSuites, goFlagsConfig types.GoFlagsConfig, preserveSymbols bool) at vendor/github.com/onsi/ginkgo/v2/ginkgo/internal/compile.go:123}","33","33"
"6034321603be95409028f0173e0c372515008dbb","CHANGE_SIGNATURE","{method_declaration NegatedFailureMessage(_ interface{}) at vendor/github.com/onsi/gomega/matchers/with_transform.go:79}","{method_declaration NegatedFailureMessage(_ any) at vendor/github.com/onsi/gomega/matchers/with_transform.go:79}","3","3"
"6034321603be95409028f0173e0c372515008dbb","CHANGE_SIGNATURE","{method_declaration FailureMessage(actual interface{}) at vendor/github.com/onsi/gomega/matchers/be_empty_matcher.go:23}","{method_declaration FailureMessage(actual any) at vendor/github.com/onsi/gomega/matchers/be_empty_matcher.go:37}","3","3"
"6034321603be95409028f0173e0c372515008dbb","CHANGE_SIGNATURE","{method_declaration NegatedFailureMessage(actual interface{}) at vendor/github.com/onsi/gomega/matchers/have_exact_elements.go:85}","{method_declaration NegatedFailureMessage(actual any) at vendor/github.com/onsi/gomega/matchers/have_exact_elements.go:128}","3","3"
"6034321603be95409028f0173e0c372515008dbb","CHANGE_SIGNATURE","{method_declaration NegatedFailureMessage(actual interface{}) at vendor/github.com/onsi/gomega/matchers/not.go:23}","{method_declaration NegatedFailureMessage(actual any) at vendor/github.com/onsi/gomega/matchers/not.go:23}","3","3"
"6034321603be95409028f0173e0c372515008dbb","CHANGE_SIGNATURE","{method_declaration FailureMessage(actual interface{}) at vendor/github.com/onsi/gomega/gstruct/fields.go:150}","{method_declaration FailureMessage(actual any) at vendor/github.com/onsi/gomega/gstruct/fields.go:172}","8","8"
"6034321603be95409028f0173e0c372515008dbb","CHANGE_SIGNATURE","{method_declaration FailureMessage(actual interface{}) at vendor/github.com/onsi/gomega/matchers/panic_matcher.go:55}","{method_declaration FailureMessage(actual any) at vendor/github.com/onsi/gomega/matchers/panic_matcher.go:55}","38","38"
"6034321603be95409028f0173e0c372515008dbb","CHANGE_SIGNATURE","{method_declaration NegatedFailureMessage(actual interface{}) at vendor/github.com/onsi/gomega/matchers/contain_elements_matcher.go:42}","{method_declaration NegatedFailureMessage(actual any) at vendor/github.com/onsi/gomega/matchers/contain_elements_matcher.go:43}","3","3"
"6034321603be95409028f0173e0c372515008dbb","CHANGE_SIGNATURE","{method_declaration FailureMessage(actual interface{}) at vendor/github.com/onsi/gomega/matchers/receive_matcher.go:118}","{method_declaration FailureMessage(actual any) at vendor/github.com/onsi/gomega/matchers/receive_matcher.go:118}","20","20"
"6034321603be95409028f0173e0c372515008dbb","CHANGE_SIGNATURE","{method_declaration Match(actual interface{}) at vendor/github.com/onsi/gomega/matchers/be_a_regular_file.go:31}","{method_declaration Match(actual any) at vendor/github.com/onsi/gomega/matchers/be_a_regular_file.go:31}","18","18"
"6034321603be95409028f0173e0c372515008dbb","CHANGE_SIGNATURE","{function_declaration FEntry(description interface{}, args ...interface{}) at vendor/github.com/onsi/ginkgo/v2/table_dsl.go:174}","{function_declaration FEntry(description any, args ...any) at vendor/github.com/onsi/ginkgo/v2/table_dsl.go:174}","6","6"
"6034321603be95409028f0173e0c372515008dbb","CHANGE_SIGNATURE","{function_declaration GenerateGoTestCompileArgs(goFlagsConfig GoFlagsConfig, packageToBuild string, pathToInvocationPath string) at vendor/github.com/onsi/ginkgo/v2/types/config.go:623}","{function_declaration GenerateGoTestCompileArgs(goFlagsConfig GoFlagsConfig, packageToBuild string, pathToInvocationPath string, preserveSymbols bool) at vendor/github.com/onsi/ginkgo/v2/types/config.go:663}","37","41"
"6034321603be95409028f0173e0c372515008dbb","CHANGE_SIGNATURE","{method_declaration Match(actual interface{}) at vendor/github.com/onsi/gomega/gstruct/ignore.go:29}","{method_declaration Match(actual any) at vendor/github.com/onsi/gomega/gstruct/ignore.go:31}","3","3"
"6034321603be95409028f0173e0c372515008dbb","CHANGE_SIGNATURE","{method_declaration Panic(location types.CodeLocation, forwardedPanic interface{}) at vendor/github.com/onsi/ginkgo/v2/internal/failer.go:35}","{method_declaration Panic(location types.CodeLocation, forwardedPanic any) at vendor/github.com/onsi/ginkgo/v2/internal/failer.go:35}","13","13"
"6034321603be95409028f0173e0c372515008dbb","CHANGE_SIGNATURE","{function_declaration CompileSuite(suite TestSuite, goFlagsConfig types.GoFlagsConfig) at vendor/github.com/onsi/ginkgo/v2/ginkgo/internal/compile.go:14}","{function_declaration CompileSuite(suite TestSuite, goFlagsConfig types.GoFlagsConfig, preserveSymbols bool) at vendor/github.com/onsi/ginkgo/v2/ginkgo/internal/compile.go:14}","75","75"
"6034321603be95409028f0173e0c372515008dbb","CHANGE_SIGNATURE","{method_declaration Match(actual interface{}) at vendor/github.com/onsi/gomega/matchers/match_json_matcher.go:16}","{method_declaration Match(actual any) at vendor/github.com/onsi/gomega/matchers/match_json_matcher.go:16}","16","16"
"6034321603be95409028f0173e0c372515008dbb","CHANGE_SIGNATURE","{method_declaration NegatedFailureMessage(actual interface{}) at vendor/github.com/onsi/gomega/gstruct/fields.go:159}","{method_declaration NegatedFailureMessage(actual any) at vendor/github.com/onsi/gomega/gstruct/fields.go:181}","3","3"
"6034321603be95409028f0173e0c372515008dbb","CHANGE_SIGNATURE","{function_declaration NewReportEntry(name string, cl types.CodeLocation, args ...interface{}) at vendor/github.com/onsi/ginkgo/v2/internal/report_entry.go:11}","{function_declaration NewReportEntry(name string, cl types.CodeLocation, args ...any) at vendor/github.com/onsi/ginkgo/v2/internal/report_entry.go:11}","29","29"
"6034321603be95409028f0173e0c372515008dbb","CHANGE_SIGNATURE","{function_declaration HaveEach(element interface{}) at vendor/github.com/onsi/gomega/matchers.go:435}","{function_declaration HaveEach(element any) at vendor/github.com/onsi/gomega/matchers.go:435}","5","5"
"6034321603be95409028f0173e0c372515008dbb","CHANGE_SIGNATURE","{method_declaration Log(args ...interface{}) at vendor/github.com/onsi/ginkgo/v2/internal/testingtproxy/testing_t_proxy.go:115}","{method_declaration Log(args ...any) at vendor/github.com/onsi/ginkgo/v2/internal/testingtproxy/testing_t_proxy.go:136}","3","3"
"6034321603be95409028f0173e0c372515008dbb","CHANGE_SIGNATURE","{function_declaration isFloat(a interface{}) at vendor/github.com/onsi/gomega/matchers/type_support.go:48}","{function_declaration isFloat(a any) at vendor/github.com/onsi/gomega/matchers/type_support.go:50}","4","4"
"6034321603be95409028f0173e0c372515008dbb","CHANGE_SIGNATURE","{method_declaration Match(actual interface{}) at vendor/github.com/onsi/gomega/matchers/assignable_to_type_of_matcher.go:16}","{method_declaration Match(actual any) at vendor/github.com/onsi/gomega/matchers/assignable_to_type_of_matcher.go:16}","14","14"
"6034321603be95409028f0173e0c372515008dbb","CHANGE_SIGNATURE","{method_declaration ConsistentlyWithOffset(offset int, actualOrCtx interface{}, args ...interface{}) at vendor/github.com/onsi/gomega/internal/gomega.go:67}","{method_declaration ConsistentlyWithOffset(offset int, actualOrCtx any, args ...any) at vendor/github.com/onsi/gomega/internal/gomega.go:67}","3","3"
"6034321603be95409028f0173e0c372515008dbb","CHANGE_SIGNATURE","{function_declaration BeEquivalentTo(expected interface{}) at vendor/github.com/onsi/gomega/matchers.go:25}","{function_declaration BeEquivalentTo(expected any) at vendor/github.com/onsi/gomega/matchers.go:25}","5","5"
"6034321603be95409028f0173e0c372515008dbb","CHANGE_SIGNATURE","{method_declaration buildDescription(optionalDescription ...interface{}) at vendor/github.com/onsi/gomega/internal/async_assertion.go:154}","{method_declaration buildDescription(optionalDescription ...any) at vendor/github.com/onsi/gomega/internal/async_assertion.go:166}","11","11"
"6034321603be95409028f0173e0c372515008dbb","CHANGE_SIGNATURE","{method_declaration NegatedFailureMessage(actual interface{}) at vendor/github.com/onsi/gomega/matchers/have_http_status_matcher.go:55}","{method_declaration NegatedFailureMessage(actual any) at vendor/github.com/onsi/gomega/matchers/have_http_status_matcher.go:55}","3","3"
"6034321603be95409028f0173e0c372515008dbb","CHANGE_SIGNATURE","{function_declaration toDuration(input interface{}) at vendor/github.com/onsi/gomega/internal/duration_bundle.go:52}","{function_declaration toDuration(input any) at vendor/github.com/onsi/gomega/internal/duration_bundle.go:52}","25","25"
"6034321603be95409028f0173e0c372515008dbb","CHANGE_SIGNATURE","{function_declaration WithTransform(transform interface{}, matcher types.GomegaMatcher) at vendor/github.com/onsi/gomega/matchers.go:690}","{function_declaration WithTransform(transform any, matcher types.GomegaMatcher) at vendor/github.com/onsi/gomega/matchers.go:690}","3","3"
"6034321603be95409028f0173e0c372515008dbb","CHANGE_SIGNATURE","{function_declaration NewNode(deprecationTracker *types.DeprecationTracker, nodeType types.NodeType, text string, args ...interface{}) at vendor/github.com/onsi/ginkgo/v2/internal/node.go:187}","{function_declaration NewNode(deprecationTracker *types.DeprecationTracker, nodeType types.NodeType, text string, args ...any) at vendor/github.com/onsi/ginkgo/v2/internal/node.go:214}","261","286"
"6034321603be95409028f0173e0c372515008dbb","CHANGE_SIGNATURE","{function_declaration formatHttpResponse(input interface{}) at vendor/github.com/onsi/gomega/matchers/have_http_status_matcher.go:67}","{function_declaration formatHttpResponse(input any) at vendor/github.com/onsi/gomega/matchers/have_http_status_matcher.go:67}","30","30"
"6034321603be95409028f0173e0c372515008dbb","CHANGE_SIGNATURE","{method_declaration FailureMessage(actual interface{}) at vendor/github.com/onsi/gomega/matchers/be_nil_matcher.go:14}","{method_declaration FailureMessage(actual any) at vendor/github.com/onsi/gomega/matchers/be_nil_matcher.go:14}","3","3"
"6034321603be95409028f0173e0c372515008dbb","CHANGE_SIGNATURE","{method_declaration makeAsyncAssertion(asyncAssertionType AsyncAssertionType, offset int, actualOrCtx interface{}, args ...interface{}) at vendor/github.com/onsi/gomega/internal/gomega.go:71}","{method_declaration makeAsyncAssertion(asyncAssertionType AsyncAssertionType, offset int, actualOrCtx any, args ...any) at vendor/github.com/onsi/gomega/internal/gomega.go:71}","43","43"
"6034321603be95409028f0173e0c372515008dbb","CHANGE_SIGNATURE","{method_declaration EventuallyWithOffset(offset int, actualOrCtx interface{}, args ...interface{}) at vendor/github.com/onsi/gomega/internal/gomega.go:59}","{method_declaration EventuallyWithOffset(offset int, actualOrCtx any, args ...any) at vendor/github.com/onsi/gomega/internal/gomega.go:59}","3","3"
"6034321603be95409028f0173e0c372515008dbb","CHANGE_SIGNATURE","{function_declaration isError(a interface{}) at vendor/github.com/onsi/gomega/matchers/type_support.go:86}","{function_declaration isError(a any) at vendor/github.com/onsi/gomega/matchers/type_support.go:88}","4","4"
"6034321603be95409028f0173e0c372515008dbb","CHANGE_SIGNATURE","{function_declaration AbortGracefullyWith(format string, args ...interface{}) at vendor/github.com/onsi/ginkgo/v2/ginkgo/command/abort.go:15}","{function_declaration AbortGracefullyWith(format string, args ...any) at vendor/github.com/onsi/ginkgo/v2/ginkgo/command/abort.go:15}","7","7"
"6034321603be95409028f0173e0c372515008dbb","CHANGE_SIGNATURE","{method_declaration toNormalisedStrings(actual interface{}) at vendor/github.com/onsi/gomega/matchers/match_yaml_matcher.go:47}","{method_declaration toNormalisedStrings(actual any) at vendor/github.com/onsi/gomega/matchers/match_yaml_matcher.go:47}","4","4"
"6034321603be95409028f0173e0c372515008dbb","CHANGE_SIGNATURE","{method_declaration NegatedFailureMessage(actual interface{}) at vendor/github.com/onsi/gomega/matchers/match_error_matcher.go:81}","{method_declaration NegatedFailureMessage(actual any) at vendor/github.com/onsi/gomega/matchers/match_error_matcher.go:81}","6","6"
"6034321603be95409028f0173e0c372515008dbb","CHANGE_SIGNATURE","{function_declaration FDescribeTable(description string, args ...interface{}) at vendor/github.com/onsi/ginkgo/v2/table_dsl.go:56}","{function_declaration FDescribeTable(description string, args ...any) at vendor/github.com/onsi/ginkgo/v2/table_dsl.go:56}","6","6"
"6034321603be95409028f0173e0c372515008dbb","CHANGE_SIGNATURE","{function_declaration capOf(a interface{}) at vendor/github.com/onsi/gomega/matchers/type_support.go:159}","{function_declaration capOf(a any) at vendor/github.com/onsi/gomega/matchers/type_support.go:172}","11","11"
"6034321603be95409028f0173e0c372515008dbb","CHANGE_SIGNATURE","{method_declaration RecordDuration(name string, duration time.Duration, args ...interface{}) at vendor/github.com/onsi/gomega/gmeasure/experiment.go:269}","{method_declaration RecordDuration(name string, duration time.Duration, args ...any) at vendor/github.com/onsi/gomega/gmeasure/experiment.go:269}","4","4"
"6034321603be95409028f0173e0c372515008dbb","CHANGE_SIGNATURE","{function_declaration BeNumerically(comparator string, compareTo ...interface{}) at vendor/github.com/onsi/gomega/matchers.go:538}","{function_declaration BeNumerically(comparator string, compareTo ...any) at vendor/github.com/onsi/gomega/matchers.go:538}","6","6"
"6034321603be95409028f0173e0c372515008dbb","CHANGE_SIGNATURE","{method_declaration Error(args ...interface{}) at vendor/github.com/onsi/ginkgo/v2/internal/testingtproxy/testing_t_proxy.go:83}","{method_declaration Error(args ...any) at vendor/github.com/onsi/ginkgo/v2/internal/testingtproxy/testing_t_proxy.go:104}","3","3"
"6034321603be95409028f0173e0c372515008dbb","CHANGE_SIGNATURE","{method_declaration Match(actual interface{}) at vendor/github.com/onsi/gomega/matchers/have_suffix_matcher.go:14}","{method_declaration Match(actual any) at vendor/github.com/onsi/gomega/matchers/have_suffix_matcher.go:14}","8","8"
"6034321603be95409028f0173e0c372515008dbb","CHANGE_SIGNATURE","{method_declaration FailureMessage(actual interface{}) at vendor/github.com/onsi/gomega/matchers/have_http_body_matcher.go:37}","{method_declaration FailureMessage(actual any) at vendor/github.com/onsi/gomega/matchers/have_http_body_matcher.go:37}","17","17"
"6034321603be95409028f0173e0c372515008dbb","CHANGE_SIGNATURE","{method_declaration WithArguments(argsToForward ...interface{}) at vendor/github.com/onsi/gomega/internal/async_assertion.go:132}","{method_declaration WithArguments(argsToForward ...any) at vendor/github.com/onsi/gomega/internal/async_assertion.go:132}","4","4"
"6034321603be95409028f0173e0c372515008dbb","CHANGE_SIGNATURE","{function_declaration Entry(description interface{}, args ...interface{}) at vendor/github.com/onsi/ginkgo/v2/table_dsl.go:165}","{function_declaration Entry(description any, args ...any) at vendor/github.com/onsi/ginkgo/v2/table_dsl.go:165}","5","5"
"6034321603be95409028f0173e0c372515008dbb","CHANGE_SIGNATURE","{method_declaration FailureMessage(actual interface{}) at vendor/github.com/onsi/gomega/matchers/contain_substring_matcher.go:34}","{method_declaration FailureMessage(actual any) at vendor/github.com/onsi/gomega/matchers/contain_substring_matcher.go:34}","3","3"
"6034321603be95409028f0173e0c372515008dbb","CHANGE_SIGNATURE","{method_declaration matcherSaysStopTrying(matcher types.GomegaMatcher, value interface{}) at vendor/github.com/onsi/gomega/internal/async_assertion.go:357}","{method_declaration matcherSaysStopTrying(matcher types.GomegaMatcher, value any) at vendor/github.com/onsi/gomega/internal/async_assertion.go:369}","6","6"
"6034321603be95409028f0173e0c372515008dbb","CHANGE_SIGNATURE","{method_declaration Match(actual interface{}) at vendor/github.com/onsi/gomega/matchers/be_temporally_matcher.go:26}","{method_declaration Match(actual any) at vendor/github.com/onsi/gomega/matchers/be_temporally_matcher.go:26}","24","24"
"6034321603be95409028f0173e0c372515008dbb","CHANGE_SIGNATURE","{method_declaration Match(actual interface{}) at vendor/github.com/onsi/gomega/matchers/match_yaml_matcher.go:16}","{method_declaration Match(actual any) at vendor/github.com/onsi/gomega/matchers/match_yaml_matcher.go:16}","20","20"
"6034321603be95409028f0173e0c372515008dbb","CHANGE_SIGNATURE","{method_declaration Run(description string, suiteLabels Labels, suitePath string, failer *Failer, reporter reporters.Reporter, writer WriterInterface, outputInterceptor OutputInterceptor, interruptHandler interrupt_handler.InterruptHandlerInterface, client parallel_support.Client, progressSignalRegistrar ProgressSignalRegistrar, suiteConfig types.SuiteConfig) at vendor/github.com/onsi/ginkgo/v2/internal/suite.go:107}","{method_declaration Run(description string, suiteLabels Labels, suiteSemVerConstraints SemVerConstraints, suiteAroundNodes types.AroundNodes, suitePath string, failer *Failer, reporter reporters.Reporter, writer WriterInterface, outputInterceptor OutputInterceptor, interruptHandler interrupt_handler.InterruptHandlerInterface, client parallel_support.Client, progressSignalRegistrar ProgressSignalRegistrar, suiteConfig types.SuiteConfig) at vendor/github.com/onsi/ginkgo/v2/internal/suite.go:111}","29","31"
"6034321603be95409028f0173e0c372515008dbb","CHANGE_SIGNATURE","{method_declaration NegatedFailureMessage(actual interface{}) at vendor/github.com/onsi/gomega/matchers/receive_matcher.go:139}","{method_declaration NegatedFailureMessage(actual any) at vendor/github.com/onsi/gomega/matchers/receive_matcher.go:139}","20","20"
"6034321603be95409028f0173e0c372515008dbb","CHANGE_SIGNATURE","{method_declaration Match(actual interface{}) at vendor/github.com/onsi/gomega/gstruct/fields.go:86}","{method_declaration Match(actual any) at vendor/github.com/onsi/gomega/gstruct/fields.go:92}","11","11"
"6034321603be95409028f0173e0c372515008dbb","CHANGE_SIGNATURE","{function_declaration HaveHTTPHeaderWithValue(header string, value interface{}) at vendor/github.com/onsi/gomega/matchers.go:621}","{function_declaration HaveHTTPHeaderWithValue(header string, value any) at vendor/github.com/onsi/gomega/matchers.go:621}","6","6"
"6034321603be95409028f0173e0c372515008dbb","CHANGE_SIGNATURE","{method_declaration NegatedFailureMessage(actual interface{}) at vendor/github.com/onsi/gomega/matchers/have_existing_field_matcher.go:34}","{method_declaration NegatedFailureMessage(actual any) at vendor/github.com/onsi/gomega/matchers/have_existing_field_matcher.go:34}","3","3"
"6034321603be95409028f0173e0c372515008dbb","CHANGE_SIGNATURE","{function_declaration SynchronizedAfterSuite(allProcessBody interface{}, process1Body interface{}, args ...interface{}) at vendor/github.com/onsi/ginkgo/v2/core_dsl.go:690}","{function_declaration SynchronizedAfterSuite(allProcessBody any, process1Body any, args ...any) at vendor/github.com/onsi/ginkgo/v2/core_dsl.go:742}","6","6"
"6034321603be95409028f0173e0c372515008dbb","CHANGE_SIGNATURE","{function_declaration isDecoration(arg interface{}) at vendor/github.com/onsi/ginkgo/v2/internal/node.go:126}","{function_declaration isDecoration(arg any) at vendor/github.com/onsi/ginkgo/v2/internal/node.go:147}","44","50"
"6034321603be95409028f0173e0c372515008dbb","CHANGE_SIGNATURE","{method_declaration NegatedFailureMessage(actual interface{}) at vendor/github.com/onsi/gomega/matchers/have_http_body_matcher.go:55}","{method_declaration NegatedFailureMessage(actual any) at vendor/github.com/onsi/gomega/matchers/have_http_body_matcher.go:55}","17","17"
"6034321603be95409028f0173e0c372515008dbb","CHANGE_SIGNATURE","{function_declaration startPipeFactory(pipeChannel chan pipePair, shutdown chan interface{}) at vendor/github.com/onsi/ginkgo/v2/internal/output_interceptor.go:72}","{function_declaration startPipeFactory(pipeChannel chan pipePair, shutdown chan any) at vendor/github.com/onsi/ginkgo/v2/internal/output_interceptor.go:72}","17","17"
"6034321603be95409028f0173e0c372515008dbb","CHANGE_SIGNATURE","{method_declaration NegatedFailureMessage(actual interface{}) at vendor/github.com/onsi/gomega/matchers/have_cap_matcher.go:28}","{method_declaration NegatedFailureMessage(actual any) at vendor/github.com/onsi/gomega/matchers/have_cap_matcher.go:28}","3","3"
"6034321603be95409028f0173e0c372515008dbb","CHANGE_SIGNATURE","{method_declaration FailureMessage(actual interface{}) at vendor/github.com/onsi/gomega/matchers/be_a_directory.go:50}","{method_declaration FailureMessage(actual any) at vendor/github.com/onsi/gomega/matchers/be_a_directory.go:50}","3","3"
"6034321603be95409028f0173e0c372515008dbb","CHANGE_SIGNATURE","{function_declaration Expect(actual interface{}, extra ...interface{}) at vendor/github.com/onsi/gomega/gomega_dsl.go:220}","{function_declaration Expect(actual any, extra ...any) at vendor/github.com/onsi/gomega/gomega_dsl.go:220}","4","4"
"6034321603be95409028f0173e0c372515008dbb","CHANGE_SIGNATURE","{method_declaration NegatedFailureMessage(actual interface{}) at vendor/github.com/onsi/gomega/matchers/be_closed_matcher.go:46}","{method_declaration NegatedFailureMessage(actual any) at vendor/github.com/onsi/gomega/matchers/be_closed_matcher.go:46}","3","3"
"6034321603be95409028f0173e0c372515008dbb","CHANGE_SIGNATURE","{method_declaration Match(actual interface{}) at vendor/github.com/onsi/gomega/matchers/have_cap_matcher.go:15}","{method_declaration Match(actual any) at vendor/github.com/onsi/gomega/matchers/have_cap_matcher.go:15}","8","8"
"6034321603be95409028f0173e0c372515008dbb","CHANGE_SIGNATURE","{function_declaration PWhen(text string, args ...interface{}) at vendor/github.com/onsi/ginkgo/v2/core_dsl.go:536}","{function_declaration PWhen(text string, args ...any) at vendor/github.com/onsi/ginkgo/v2/core_dsl.go:588}","4","4"
"6034321603be95409028f0173e0c372515008dbb","CHANGE_SIGNATURE","{method_declaration Match(actual interface{}) at vendor/github.com/onsi/gomega/matchers/not.go:11}","{method_declaration Match(actual any) at vendor/github.com/onsi/gomega/matchers/not.go:11}","7","7"
"6034321603be95409028f0173e0c372515008dbb","CHANGE_SIGNATURE","{method_declaration Match(actual interface{}) at vendor/github.com/onsi/gomega/matchers/be_a_directory.go:31}","{method_declaration Match(actual any) at vendor/github.com/onsi/gomega/matchers/be_a_directory.go:31}","18","18"
"6034321603be95409028f0173e0c372515008dbb","CHANGE_SIGNATURE","{method_declaration NegatedFailureMessage(actual interface{}) at vendor/github.com/onsi/gomega/matchers/be_temporally_matcher.go:22}","{method_declaration NegatedFailureMessage(actual any) at vendor/github.com/onsi/gomega/matchers/be_temporally_matcher.go:22}","3","3"
"6034321603be95409028f0173e0c372515008dbb","CHANGE_SIGNATURE","{method_declaration Match(actual interface{}) at vendor/github.com/onsi/gomega/matchers/have_key_with_value_matcher.go:17}","{method_declaration Match(actual any) at vendor/github.com/onsi/gomega/matchers/have_key_with_value_matcher.go:18}","33","54"
"6034321603be95409028f0173e0c372515008dbb","CHANGE_SIGNATURE","{method_declaration toStrings(actual interface{}) at vendor/github.com/onsi/gomega/matchers/match_yaml_matcher.go:65}","{method_declaration toStrings(actual any) at vendor/github.com/onsi/gomega/matchers/match_yaml_matcher.go:65}","12","12"
"6034321603be95409028f0173e0c372515008dbb","CHANGE_SIGNATURE","{method_declaration decode(writer http.ResponseWriter, request *http.Request, object interface{}) at vendor/github.com/onsi/ginkgo/v2/internal/parallel_support/http_server.go:99}","{method_declaration decode(writer http.ResponseWriter, request *http.Request, object any) at vendor/github.com/onsi/ginkgo/v2/internal/parallel_support/http_server.go:99}","8","8"
"6034321603be95409028f0173e0c372515008dbb","CHANGE_SIGNATURE","{function_declaration ReportAfterSuite(text string, body any, args ...interface{}) at vendor/github.com/onsi/ginkgo/v2/reporting_dsl.go:177}","{function_declaration ReportAfterSuite(text string, body any, args ...any) at vendor/github.com/onsi/ginkgo/v2/reporting_dsl.go:204}","5","5"
"6034321603be95409028f0173e0c372515008dbb","CHANGE_SIGNATURE","{function_declaration BeComparableTo(expected interface{}, opts ...cmp.Option) at vendor/github.com/onsi/gomega/matchers.go:34}","{function_declaration BeComparableTo(expected any, opts ...cmp.Option) at vendor/github.com/onsi/gomega/matchers.go:34}","6","6"
"6034321603be95409028f0173e0c372515008dbb","CHANGE_SIGNATURE","{function_declaration Precision(p interface{}) at vendor/github.com/onsi/gomega/gmeasure/experiment.go:120}","{function_declaration Precision(p any) at vendor/github.com/onsi/gomega/gmeasure/experiment.go:120}","12","12"
"6034321603be95409028f0173e0c372515008dbb","CHANGE_SIGNATURE","{function_declaration AfterEach(args ...interface{}) at vendor/github.com/onsi/ginkgo/v2/core_dsl.go:734}","{function_declaration AfterEach(args ...any) at vendor/github.com/onsi/ginkgo/v2/core_dsl.go:786}","3","3"
"6034321603be95409028f0173e0c372515008dbb","CHANGE_SIGNATURE","{function_declaration toFloat(a interface{}) at vendor/github.com/onsi/gomega/matchers/type_support.go:75}","{function_declaration toFloat(a any) at vendor/github.com/onsi/gomega/matchers/type_support.go:77}","10","10"
"6034321603be95409028f0173e0c372515008dbb","CHANGE_SIGNATURE","{method_declaration FailureMessage(actual interface{}) at vendor/github.com/onsi/gomega/matchers/contain_elements_matcher.go:37}","{method_declaration FailureMessage(actual any) at vendor/github.com/onsi/gomega/matchers/contain_elements_matcher.go:38}","4","4"
"6034321603be95409028f0173e0c372515008dbb","CHANGE_SIGNATURE","{method_declaration FailureMessage(actual interface{}) at vendor/github.com/onsi/gomega/matchers/have_key_matcher.go:40}","{method_declaration FailureMessage(actual any) at vendor/github.com/onsi/gomega/matchers/have_key_matcher.go:55}","8","8"
"6034321603be95409028f0173e0c372515008dbb","CHANGE_SIGNATURE","{function_declaration JustBeforeEach(args ...interface{}) at vendor/github.com/onsi/ginkgo/v2/core_dsl.go:719}","{function_declaration JustBeforeEach(args ...any) at vendor/github.com/onsi/ginkgo/v2/core_dsl.go:771}","3","3"
"6034321603be95409028f0173e0c372515008dbb","CHANGE_SIGNATURE","{method_declaration ExpectWithOffset(offset int, actual interface{}, extra ...interface{}) at vendor/github.com/onsi/gomega/internal/gomega.go:51}","{method_declaration ExpectWithOffset(offset int, actual any, extra ...any) at vendor/github.com/onsi/gomega/internal/gomega.go:51}","3","3"
"6034321603be95409028f0173e0c372515008dbb","CHANGE_SIGNATURE","{method_declaration NegatedFailureMessage(_ interface{}) at vendor/github.com/onsi/gomega/matchers/have_value.go:52}","{method_declaration NegatedFailureMessage(_ any) at vendor/github.com/onsi/gomega/matchers/have_value.go:52}","3","3"
"6034321603be95409028f0173e0c372515008dbb","CHANGE_SIGNATURE","{function_declaration valuesOf(actual interface{}) at vendor/github.com/onsi/gomega/matchers/consist_of.go:116}","{function_declaration valuesOf(actual any) at vendor/github.com/onsi/gomega/matchers/consist_of.go:128}","16","28"
"6034321603be95409028f0173e0c372515008dbb","CHANGE_SIGNATURE","{method_declaration FailureMessage(actual interface{}) at vendor/github.com/onsi/gomega/matchers/be_identical_to.go:33}","{method_declaration FailureMessage(actual any) at vendor/github.com/onsi/gomega/matchers/be_identical_to.go:33}","3","3"
"6034321603be95409028f0173e0c372515008dbb","CHANGE_SIGNATURE","{method_declaration NegatedFailureMessage(actual interface{}) at vendor/github.com/onsi/gomega/matchers/be_true_matcher.go:31}","{method_declaration NegatedFailureMessage(actual any) at vendor/github.com/onsi/gomega/matchers/be_true_matcher.go:31}","7","7"
"6034321603be95409028f0173e0c372515008dbb","CHANGE_SIGNATURE","{method_declaration NegatedFailureMessage(actual interface{}) at vendor/github.com/onsi/gomega/matchers/be_sent_matcher.go:63}","{method_declaration NegatedFailureMessage(actual any) at vendor/github.com/onsi/gomega/matchers/be_sent_matcher.go:63}","3","3"
"6034321603be95409028f0173e0c372515008dbb","CHANGE_SIGNATURE","{function_declaration PEntry(description interface{}, args ...interface{}) at vendor/github.com/onsi/ginkgo/v2/table_dsl.go:184}","{function_declaration PEntry(description any, args ...any) at vendor/github.com/onsi/ginkgo/v2/table_dsl.go:184}","6","6"
"6034321603be95409028f0173e0c372515008dbb","CHANGE_SIGNATURE","{method_declaration FailureMessage(actual interface{}) at vendor/github.com/onsi/gomega/matchers/have_cap_matcher.go:24}","{method_declaration FailureMessage(actual any) at vendor/github.com/onsi/gomega/matchers/have_cap_matcher.go:24}","3","3"
"6034321603be95409028f0173e0c372515008dbb","CHANGE_SIGNATURE","{function_declaration MatchJSON(json interface{}) at vendor/github.com/onsi/gomega/matchers.go:276}","{function_declaration MatchJSON(json any) at vendor/github.com/onsi/gomega/matchers.go:276}","5","5"
"6034321603be95409028f0173e0c372515008dbb","CHANGE_SIGNATURE","{function_declaration RunSpecs(t GinkgoTestingT, description string, args ...interface{}) at vendor/github.com/onsi/ginkgo/v2/core_dsl.go:246}","{function_declaration RunSpecs(t GinkgoTestingT, description string, args ...any) at vendor/github.com/onsi/ginkgo/v2/core_dsl.go:260}","72","72"
"6034321603be95409028f0173e0c372515008dbb","CHANGE_SIGNATURE","{function_declaration MatchError(expected interface{}, functionErrorDescription ...any) at vendor/github.com/onsi/gomega/matchers.go:142}","{function_declaration MatchError(expected any, functionErrorDescription ...any) at vendor/github.com/onsi/gomega/matchers.go:142}","6","6"
"6034321603be95409028f0173e0c372515008dbb","CHANGE_SIGNATURE","{function_declaration NewAssertion(actualInput interface{}, g *Gomega, offset int, extra ...interface{}) at vendor/github.com/onsi/gomega/internal/assertion.go:22}","{function_declaration NewAssertion(actualInput any, g *Gomega, offset int, extra ...any) at vendor/github.com/onsi/gomega/internal/assertion.go:22}","9","9"
"6034321603be95409028f0173e0c372515008dbb","CHANGE_SIGNATURE","{method_declaration Match(actual interface{}) at vendor/github.com/onsi/gomega/matchers/be_comparable_to_matcher.go:16}","{method_declaration Match(actual any) at vendor/github.com/onsi/gomega/matchers/be_comparable_to_matcher.go:17}","26","26"
"6034321603be95409028f0173e0c372515008dbb","CHANGE_SIGNATURE","{method_declaration MeasureValue(name string, callback func() float64, args ...interface{}) at vendor/github.com/onsi/gomega/gmeasure/experiment.go:372}","{method_declaration MeasureValue(name string, callback func() float64, args ...any) at vendor/github.com/onsi/gomega/gmeasure/experiment.go:372}","5","5"
"6034321603be95409028f0173e0c372515008dbb","CHANGE_SIGNATURE","{method_declaration Match(actual interface{}) at vendor/github.com/onsi/gomega/gstruct/keys.go:46}","{method_declaration Match(actual any) at vendor/github.com/onsi/gomega/gstruct/keys.go:46}","11","11"
"6034321603be95409028f0173e0c372515008dbb","CHANGE_SIGNATURE","{method_declaration FailureMessage(actual interface{}) at vendor/github.com/onsi/gomega/matchers/be_true_matcher.go:23}","{method_declaration FailureMessage(actual any) at vendor/github.com/onsi/gomega/matchers/be_true_matcher.go:23}","7","7"
"6034321603be95409028f0173e0c372515008dbb","CHANGE_SIGNATURE","{function_declaration ContainElement(element interface{}, result ...interface{}) at vendor/github.com/onsi/gomega/matchers.go:341}","{function_declaration ContainElement(element any, result ...any) at vendor/github.com/onsi/gomega/matchers.go:341}","6","6"
"6034321603be95409028f0173e0c372515008dbb","CHANGE_SIGNATURE","{method_declaration FailureMessage(actual interface{}) at vendor/github.com/onsi/gomega/matchers/be_zero_matcher.go:22}","{method_declaration FailureMessage(actual any) at vendor/github.com/onsi/gomega/matchers/be_zero_matcher.go:22}","3","3"
"6034321603be95409028f0173e0c372515008dbb","CHANGE_SIGNATURE","{method_declaration NegatedFailureMessage(actual interface{}) at vendor/github.com/onsi/gomega/matchers/succeed_matcher.go:40}","{method_declaration NegatedFailureMessage(actual any) at vendor/github.com/onsi/gomega/matchers/succeed_matcher.go:40}","3","3"
"6034321603be95409028f0173e0c372515008dbb","CHANGE_SIGNATURE","{method_declaration FailureMessage(actual interface{}) at vendor/github.com/onsi/gomega/matchers/not.go:19}","{method_declaration FailureMessage(actual any) at vendor/github.com/onsi/gomega/matchers/not.go:19}","3","3"
"6034321603be95409028f0173e0c372515008dbb","CHANGE_SIGNATURE","{method_declaration NegatedFailureMessage(actual interface{}) at vendor/github.com/onsi/gomega/matchers/be_numerically_matcher.go:21}","{method_declaration NegatedFailureMessage(actual any) at vendor/github.com/onsi/gomega/matchers/be_numerically_matcher.go:21}","3","3"
"6034321603be95409028f0173e0c372515008dbb","CHANGE_SIGNATURE","{function_declaration extractSynchronizedBeforeSuiteProc1Body(arg interface{}) at vendor/github.com/onsi/ginkgo/v2/internal/node.go:477}","{function_declaration extractSynchronizedBeforeSuiteProc1Body(arg any) at vendor/github.com/onsi/ginkgo/v2/internal/node.go:529}","27","27"
"6034321603be95409028f0173e0c372515008dbb","CHANGE_SIGNATURE","{function_declaration HavePrefix(prefix string, args ...interface{}) at vendor/github.com/onsi/gomega/matchers.go:256}","{function_declaration HavePrefix(prefix string, args ...any) at vendor/github.com/onsi/gomega/matchers.go:256}","6","6"
"6034321603be95409028f0173e0c372515008dbb","CHANGE_SIGNATURE","{method_declaration Match(actual interface{}) at vendor/github.com/onsi/gomega/gstruct/elements.go:155}","{method_declaration Match(actual any) at vendor/github.com/onsi/gomega/gstruct/elements.go:159}","11","11"
"6034321603be95409028f0173e0c372515008dbb","CHANGE_SIGNATURE","{function_declaration DescribeTable(description string, args ...interface{}) at vendor/github.com/onsi/ginkgo/v2/table_dsl.go:47}","{function_declaration DescribeTable(description string, args ...any) at vendor/github.com/onsi/ginkgo/v2/table_dsl.go:47}","5","5"
"6034321603be95409028f0173e0c372515008dbb","CHANGE_SIGNATURE","{function_declaration BeIdenticalTo(expected interface{}) at vendor/github.com/onsi/gomega/matchers.go:44}","{function_declaration BeIdenticalTo(expected any) at vendor/github.com/onsi/gomega/matchers.go:44}","5","5"
"6034321603be95409028f0173e0c372515008dbb","CHANGE_SIGNATURE","{function_declaration isSliceOfDecorations(slice interface{}) at vendor/github.com/onsi/ginkgo/v2/internal/node.go:171}","{function_declaration isSliceOfDecorations(slice any) at vendor/github.com/onsi/ginkgo/v2/internal/node.go:198}","12","12"
"6034321603be95409028f0173e0c372515008dbb","CHANGE_SIGNATURE","{method_declaration NegatedFailureMessage(actual interface{}) at vendor/github.com/onsi/gomega/matchers/have_occurred_matcher.go:33}","{method_declaration NegatedFailureMessage(actual any) at vendor/github.com/onsi/gomega/matchers/have_occurred_matcher.go:33}","3","3"
"6034321603be95409028f0173e0c372515008dbb","CHANGE_SIGNATURE","{function_declaration EventuallyWithOffset(offset int, actualOrCtx interface{}, args ...interface{}) at vendor/github.com/onsi/gomega/gomega_dsl.go:407}","{function_declaration EventuallyWithOffset(offset int, actualOrCtx any, args ...any) at vendor/github.com/onsi/gomega/gomega_dsl.go:407}","4","4"
"6034321603be95409028f0173e0c372515008dbb","CHANGE_SIGNATURE","{method_declaration NegatedFailureMessage(actual interface{}) at vendor/github.com/onsi/gomega/matchers/match_regexp_matcher.go:33}","{method_declaration NegatedFailureMessage(actual any) at vendor/github.com/onsi/gomega/matchers/match_regexp_matcher.go:33}","3","3"
"6034321603be95409028f0173e0c372515008dbb","CHANGE_SIGNATURE","{function_declaration extractBodyFunction(deprecationTracker *types.DeprecationTracker, cl types.CodeLocation, arg interface{}) at vendor/github.com/onsi/ginkgo/v2/internal/node.go:451}","{function_declaration extractBodyFunction(deprecationTracker *types.DeprecationTracker, cl types.CodeLocation, arg any) at vendor/github.com/onsi/ginkgo/v2/internal/node.go:503}","23","23"
"6034321603be95409028f0173e0c372515008dbb","CHANGE_SIGNATURE","{function_declaration BeforeAll(args ...interface{}) at vendor/github.com/onsi/ginkgo/v2/core_dsl.go:761}","{function_declaration BeforeAll(args ...any) at vendor/github.com/onsi/ginkgo/v2/core_dsl.go:813}","3","3"
"6034321603be95409028f0173e0c372515008dbb","CHANGE_SIGNATURE","{method_declaration match(matcher types.GomegaMatcher, desiredMatch bool, optionalDescription ...interface{}) at vendor/github.com/onsi/gomega/internal/assertion.go:89}","{method_declaration match(matcher types.GomegaMatcher, desiredMatch bool, optionalDescription ...any) at vendor/github.com/onsi/gomega/internal/assertion.go:89}","23","23"
"6034321603be95409028f0173e0c372515008dbb","CHANGE_SIGNATURE","{method_declaration FailureMessage(actual interface{}) at vendor/github.com/onsi/gomega/matchers/be_numerically_matcher.go:17}","{method_declaration FailureMessage(actual any) at vendor/github.com/onsi/gomega/matchers/be_numerically_matcher.go:17}","3","3"
"6034321603be95409028f0173e0c372515008dbb","CHANGE_SIGNATURE","{method_declaration NegatedFailureMessage(actual interface{}) at vendor/github.com/onsi/gomega/gstruct/elements.go:225}","{method_declaration NegatedFailureMessage(actual any) at vendor/github.com/onsi/gomega/gstruct/elements.go:229}","3","3"
"6034321603be95409028f0173e0c372515008dbb","CHANGE_SIGNATURE","{method_declaration FailureMessage(actual interface{}) at vendor/github.com/onsi/gomega/matchers/match_regexp_matcher.go:29}","{method_declaration FailureMessage(actual any) at vendor/github.com/onsi/gomega/matchers/match_regexp_matcher.go:29}","3","3"
"6034321603be95409028f0173e0c372515008dbb","CHANGE_SIGNATURE","{method_declaration FailureMessage(actual interface{}) at vendor/github.com/onsi/gomega/matchers/have_each_matcher.go:58}","{method_declaration FailureMessage(actual any) at vendor/github.com/onsi/gomega/matchers/have_each_matcher.go:92}","3","3"
"6034321603be95409028f0173e0c372515008dbb","CHANGE_SIGNATURE","{function_declaration HaveKeyWithValue(key interface{}, value interface{}) at vendor/github.com/onsi/gomega/matchers.go:458}","{function_declaration HaveKeyWithValue(key any, value any) at vendor/github.com/onsi/gomega/matchers.go:458}","6","6"
"6034321603be95409028f0173e0c372515008dbb","CHANGE_SIGNATURE","{method_declaration FailureMessage(actual interface{}) at vendor/github.com/onsi/gomega/matchers/satisfy_matcher.go:60}","{method_declaration FailureMessage(actual any) at vendor/github.com/onsi/gomega/matchers/satisfy_matcher.go:60}","3","3"
"6034321603be95409028f0173e0c372515008dbb","CHANGE_SIGNATURE","{method_declaration matchElements(actual interface{}) at vendor/github.com/onsi/gomega/gstruct/elements.go:167}","{method_declaration matchElements(actual any) at vendor/github.com/onsi/gomega/gstruct/elements.go:171}","52","52"
"6034321603be95409028f0173e0c372515008dbb","CHANGE_SIGNATURE","{method_declaration FailureMessage(actual interface{}) at vendor/github.com/onsi/gomega/matchers/be_element_of_matcher.go:37}","{method_declaration FailureMessage(actual any) at vendor/github.com/onsi/gomega/matchers/be_element_of_matcher.go:37}","3","3"
"6034321603be95409028f0173e0c372515008dbb","CHANGE_SIGNATURE","{method_declaration Match(actual interface{}) at vendor/github.com/onsi/gomega/matchers/have_each_matcher.go:14}","{method_declaration Match(actual any) at vendor/github.com/onsi/gomega/matchers/have_each_matcher.go:15}","42","75"
"6034321603be95409028f0173e0c372515008dbb","CHANGE_SIGNATURE","{function_declaration validateParameters(function interface{}, parameters []interface{}, kind string, cl types.CodeLocation, hasContext bool) at vendor/github.com/onsi/ginkgo/v2/table_dsl.go:342}","{function_declaration validateParameters(function any, parameters []any, kind string, cl types.CodeLocation, hasContext bool) at vendor/github.com/onsi/ginkgo/v2/table_dsl.go:342}","37","37"
"6034321603be95409028f0173e0c372515008dbb","CHANGE_SIGNATURE","{method_declaration Match(actual interface{}) at vendor/github.com/onsi/gomega/matchers/or.go:17}","{method_declaration Match(actual any) at vendor/github.com/onsi/gomega/matchers/or.go:17}","14","14"
"6034321603be95409028f0173e0c372515008dbb","CHANGE_SIGNATURE","{method_declaration FailureMessage(actual interface{}) at vendor/github.com/onsi/gomega/matchers/be_a_regular_file.go:50}","{method_declaration FailureMessage(actual any) at vendor/github.com/onsi/gomega/matchers/be_a_regular_file.go:50}","3","3"
"6034321603be95409028f0173e0c372515008dbb","CHANGE_SIGNATURE","{method_declaration TooManyReportEntryValues(cl CodeLocation, arg interface{}) at vendor/github.com/onsi/ginkgo/v2/types/errors.go:348}","{method_declaration TooManyReportEntryValues(cl CodeLocation, arg any) at vendor/github.com/onsi/ginkgo/v2/types/errors.go:348}","8","8"
"6034321603be95409028f0173e0c372515008dbb","CHANGE_SIGNATURE","{function_declaration ContainElements(elements ...interface{}) at vendor/github.com/onsi/gomega/matchers.go:420}","{function_declaration ContainElements(elements ...any) at vendor/github.com/onsi/gomega/matchers.go:420}","5","5"
"6034321603be95409028f0173e0c372515008dbb","CHANGE_SIGNATURE","{method_declaration Skip(args ...interface{}) at vendor/github.com/onsi/ginkgo/v2/internal/testingtproxy/testing_t_proxy.go:131}","{method_declaration Skip(args ...any) at vendor/github.com/onsi/ginkgo/v2/internal/testingtproxy/testing_t_proxy.go:152}","3","3"
"6034321603be95409028f0173e0c372515008dbb","CHANGE_SIGNATURE","{method_declaration NegatedFailureMessage(actual interface{}) at vendor/github.com/onsi/gomega/matchers/be_an_existing_file.go:38}","{method_declaration NegatedFailureMessage(actual any) at vendor/github.com/onsi/gomega/matchers/be_an_existing_file.go:38}","3","3"
"6034321603be95409028f0173e0c372515008dbb","CHANGE_SIGNATURE","{method_declaration NegatedFailureMessage(actual interface{}) at vendor/github.com/onsi/gomega/matchers/contain_substring_matcher.go:38}","{method_declaration NegatedFailureMessage(actual any) at vendor/github.com/onsi/gomega/matchers/contain_substring_matcher.go:38}","3","3"
"6034321603be95409028f0173e0c372515008dbb","CHANGE_SIGNATURE","{method_declaration Printf(format string, a ...interface{}) at vendor/github.com/onsi/ginkgo/v2/internal/writer.go:128}","{method_declaration Printf(format string, a ...any) at vendor/github.com/onsi/ginkgo/v2/internal/writer.go:128}","3","3"
"6034321603be95409028f0173e0c372515008dbb","CHANGE_SIGNATURE","{method_declaration Match(actual interface{}) at vendor/github.com/onsi/gomega/matchers/be_false_matcher.go:15}","{method_declaration Match(actual any) at vendor/github.com/onsi/gomega/matchers/be_false_matcher.go:15}","7","7"
"6034321603be95409028f0173e0c372515008dbb","CHANGE_SIGNATURE","{function_declaration Eventually(actualOrCtx interface{}, args ...interface{}) at vendor/github.com/onsi/gomega/gomega_dsl.go:393}","{function_declaration Eventually(actualOrCtx any, args ...any) at vendor/github.com/onsi/gomega/gomega_dsl.go:393}","4","4"
"6034321603be95409028f0173e0c372515008dbb","CHANGE_SIGNATURE","{method_declaration NegatedFailureMessage(actual interface{}) at vendor/github.com/onsi/gomega/matchers/be_equivalent_to_matcher.go:34}","{method_declaration NegatedFailureMessage(actual any) at vendor/github.com/onsi/gomega/matchers/be_equivalent_to_matcher.go:34}","3","3"
"6034321603be95409028f0173e0c372515008dbb","CHANGE_SIGNATURE","{function_declaration HaveSuffix(suffix string, args ...interface{}) at vendor/github.com/onsi/gomega/matchers.go:266}","{function_declaration HaveSuffix(suffix string, args ...any) at vendor/github.com/onsi/gomega/matchers.go:266}","6","6"
"6034321603be95409028f0173e0c372515008dbb","CHANGE_SIGNATURE","{method_declaration FailureMessage(actual interface{}) at vendor/github.com/onsi/gomega/matchers/and.go:29}","{method_declaration FailureMessage(actual any) at vendor/github.com/onsi/gomega/matchers/and.go:29}","3","3"
"6034321603be95409028f0173e0c372515008dbb","CHANGE_SIGNATURE","{function_declaration AbortWith(format string, args ...interface{}) at vendor/github.com/onsi/ginkgo/v2/ginkgo/command/abort.go:23}","{function_declaration AbortWith(format string, args ...any) at vendor/github.com/onsi/ginkgo/v2/ginkgo/command/abort.go:23}","7","7"
"6034321603be95409028f0173e0c372515008dbb","CHANGE_SIGNATURE","{method_declaration Skipf(format string, args ...interface{}) at vendor/github.com/onsi/ginkgo/v2/internal/testingtproxy/testing_t_proxy.go:139}","{method_declaration Skipf(format string, args ...any) at vendor/github.com/onsi/ginkgo/v2/internal/testingtproxy/testing_t_proxy.go:160}","3","3"
"6034321603be95409028f0173e0c372515008dbb","CHANGE_SIGNATURE","{function_declaration Equal(expected interface{}) at vendor/github.com/onsi/gomega/matchers.go:15}","{function_declaration Equal(expected any) at vendor/github.com/onsi/gomega/matchers.go:15}","5","5"
"6034321603be95409028f0173e0c372515008dbb","CHANGE_SIGNATURE","{method_declaration FailureMessage(actual interface{}) at vendor/github.com/onsi/gomega/matchers/have_occurred_matcher.go:29}","{method_declaration FailureMessage(actual any) at vendor/github.com/onsi/gomega/matchers/have_occurred_matcher.go:29}","3","3"
"6034321603be95409028f0173e0c372515008dbb","CHANGE_SIGNATURE","{method_declaration ShouldNot(matcher types.GomegaMatcher, optionalDescription ...interface{}) at vendor/github.com/onsi/gomega/internal/async_assertion.go:148}","{method_declaration ShouldNot(matcher types.GomegaMatcher, optionalDescription ...any) at vendor/github.com/onsi/gomega/internal/async_assertion.go:152}","5","5"
"6034321603be95409028f0173e0c372515008dbb","CHANGE_SIGNATURE","{function_declaration deepEqual(a interface{}, b interface{}) at vendor/github.com/onsi/gomega/matchers/semi_structured_data_support.go:37}","{function_declaration deepEqual(a any, b any) at vendor/github.com/onsi/gomega/matchers/semi_structured_data_support.go:37}","58","58"
"6034321603be95409028f0173e0c372515008dbb","CHANGE_SIGNATURE","{method_declaration Match(actual interface{}) at vendor/github.com/onsi/gomega/matchers/be_an_existing_file.go:16}","{method_declaration Match(actual any) at vendor/github.com/onsi/gomega/matchers/be_an_existing_file.go:16}","17","17"
"6034321603be95409028f0173e0c372515008dbb","CHANGE_SIGNATURE","{method_declaration FailureMessage(actual interface{}) at vendor/github.com/onsi/gomega/matchers/or.go:32}","{method_declaration FailureMessage(actual any) at vendor/github.com/onsi/gomega/matchers/or.go:32}","4","4"
"6034321603be95409028f0173e0c372515008dbb","CHANGE_SIGNATURE","{function_declaration AsPollingSignalError(actual interface{}) at vendor/github.com/onsi/gomega/internal/polling_signal_error.go:103}","{function_declaration AsPollingSignalError(actual any) at vendor/github.com/onsi/gomega/internal/polling_signal_error.go:103}","15","15"
"6034321603be95409028f0173e0c372515008dbb","CHANGE_SIGNATURE","{function_declaration SynchronizedBeforeSuite(process1Body interface{}, allProcessBody interface{}, args ...interface{}) at vendor/github.com/onsi/ginkgo/v2/core_dsl.go:670}","{function_declaration SynchronizedBeforeSuite(process1Body any, allProcessBody any, args ...any) at vendor/github.com/onsi/ginkgo/v2/core_dsl.go:722}","6","6"
"6034321603be95409028f0173e0c372515008dbb","CHANGE_SIGNATURE","{method_declaration vetActuals(optionalDescription ...interface{}) at vendor/github.com/onsi/gomega/internal/assertion.go:116}","{method_declaration vetActuals(optionalDescription ...any) at vendor/github.com/onsi/gomega/internal/assertion.go:116}","11","11"
"6034321603be95409028f0173e0c372515008dbb","EXTRACT","{function_declaration UnionOfLabels(labels ...Labels) at vendor/github.com/onsi/ginkgo/v2/internal/node.go:99}","{function_declaration unionOf(slices ...S) at vendor/github.com/onsi/ginkgo/v2/internal/node.go:112}","13","13"
"6034321603be95409028f0173e0c372515008dbb","CHANGE_SIGNATURE","{method_declaration NegatedFailureMessage(actual interface{}) at vendor/github.com/onsi/gomega/matchers/match_xml_matcher.go:45}","{method_declaration NegatedFailureMessage(actual any) at vendor/github.com/onsi/gomega/matchers/match_xml_matcher.go:45}","4","4"
"6034321603be95409028f0173e0c372515008dbb","CHANGE_SIGNATURE","{method_declaration Match(actual interface{}) at vendor/github.com/onsi/gomega/matchers/be_identical_to.go:16}","{method_declaration Match(actual any) at vendor/github.com/onsi/gomega/matchers/be_identical_to.go:16}","16","16"
"6034321603be95409028f0173e0c372515008dbb","CHANGE_SIGNATURE","{method_declaration NegatedFailureMessage(actual interface{}) at vendor/github.com/onsi/gomega/matchers/be_comparable_to_matcher.go:47}","{method_declaration NegatedFailureMessage(actual any) at vendor/github.com/onsi/gomega/matchers/be_comparable_to_matcher.go:48}","3","3"
"6034321603be95409028f0173e0c372515008dbb","CHANGE_SIGNATURE","{function_declaration formatString(object interface{}, indentation uint) at vendor/github.com/onsi/gomega/format/format.go:395}","{function_declaration formatString(object any, indentation uint) at vendor/github.com/onsi/gomega/format/format.go:395}","21","21"
"6034321603be95409028f0173e0c372515008dbb","CHANGE_SIGNATURE","{function_declaration extractSynchronizedBeforeSuiteAllProcsBody(arg interface{}) at vendor/github.com/onsi/ginkgo/v2/internal/node.go:505}","{function_declaration extractSynchronizedBeforeSuiteAllProcsBody(arg any) at vendor/github.com/onsi/ginkgo/v2/internal/node.go:557}","28","28"
"6034321603be95409028f0173e0c372515008dbb","CHANGE_SIGNATURE","{method_declaration Match(actual interface{}) at vendor/github.com/onsi/gomega/matchers/succeed_matcher.go:17}","{method_declaration Match(actual any) at vendor/github.com/onsi/gomega/matchers/succeed_matcher.go:17}","14","14"
"6034321603be95409028f0173e0c372515008dbb","CHANGE_SIGNATURE","{function_declaration ConsistOf(elements ...interface{}) at vendor/github.com/onsi/gomega/matchers.go:392}","{function_declaration ConsistOf(elements ...any) at vendor/github.com/onsi/gomega/matchers.go:392}","5","5"
"6034321603be95409028f0173e0c372515008dbb","CHANGE_SIGNATURE","{method_declaration Expect(actual interface{}, extra ...interface{}) at vendor/github.com/onsi/gomega/internal/gomega.go:47}","{method_declaration Expect(actual any, extra ...any) at vendor/github.com/onsi/gomega/internal/gomega.go:47}","3","3"
"6034321603be95409028f0173e0c372515008dbb","CHANGE_SIGNATURE","{method_declaration Match(actual interface{}) at vendor/github.com/onsi/gomega/matchers/have_http_status_matcher.go:18}","{method_declaration Match(actual any) at vendor/github.com/onsi/gomega/matchers/have_http_status_matcher.go:18}","32","32"
"6034321603be95409028f0173e0c372515008dbb","CHANGE_SIGNATURE","{function_declaration ExpectWithOffset(offset int, actual interface{}, extra ...interface{}) at vendor/github.com/onsi/gomega/gomega_dsl.go:236}","{function_declaration ExpectWithOffset(offset int, actual any, extra ...any) at vendor/github.com/onsi/gomega/gomega_dsl.go:236}","4","4"
"308a53dfa6d88c771ab8b8a7d7667a0d64bb0742"
"264eab46db92413460a04e390fb17141ccc5583f"
"acdf891478ac9ef9170a082f5cc43bb9a336b159"
"c99145805f12398c63e4f1304df8c7aaae327c12"
"97587e951b015e6935001091748029471c2b4566"
"2b0bfbfb8e64b1c5227aa8c7b95b9fa7f2a7d1d2"
"a3ce49a11eade65dfc70e9162c82f4ce4816a938"
"a1ce4bb46869983e861d6187f852b56e4a0170e3"
"d17ed9be174ef8a6f0971196530f785fd1ab759f"
"2f0a84af1afc3ae5fb503894c8a08ff631f9b9f3"
"85d7626d2dc4543af07e2fb1a62ef01d45a248e5"
"8b2babcbff64ef7368d3187e83029f8100c661c4","RENAME","{function_declaration runAsUser_1_23(podMetadata *metav1.ObjectMeta, podSpec *corev1.PodSpec) at staging/src/k8s.io/pod-security-admission/policy/check_runAsUser.go:79}","{function_declaration runAsUser1_23(podMetadata *metav1.ObjectMeta, podSpec *corev1.PodSpec) at staging/src/k8s.io/pod-security-admission/policy/check_runAsUser.go:79}","38","38"
"8b2babcbff64ef7368d3187e83029f8100c661c4","RENAME","{function_declaration runAsNonRoot_1_0(podMetadata *metav1.ObjectMeta, podSpec *corev1.PodSpec) at staging/src/k8s.io/pod-security-admission/policy/check_runAsNonRoot.go:78}","{function_declaration runAsNonRoot1_0(podMetadata *metav1.ObjectMeta, podSpec *corev1.PodSpec) at staging/src/k8s.io/pod-security-admission/policy/check_runAsNonRoot.go:78}","68","68"
"d9ddd5c59b0b45a3259ae92826e2167cd1e2760d"
"e8bd3f629d435797c586726d3b76fd90d7b5bf08","RENAME","{function_declaration TestProcMount(t *testing.T) at staging/src/k8s.io/pod-security-admission/policy/check_procMount_test.go:25}","{function_declaration TestProcMountBaseline(t *testing.T) at staging/src/k8s.io/pod-security-admission/policy/check_procMount_baseline_test.go:26}","70","61"
"e8bd3f629d435797c586726d3b76fd90d7b5bf08","RENAME","{function_declaration CheckProcMount() at staging/src/k8s.io/pod-security-admission/policy/check_procMount.go:50}","{function_declaration CheckProcMountBaseline() at staging/src/k8s.io/pod-security-admission/policy/check_procMount_baseline.go:48}","12","16"
"f2d075ea65557d5471980eb02cf37e46c793b495","CHANGE_SIGNATURE","{function_declaration NewCgroupManager(ctx context.Context, cs *CgroupSubsystems, cgroupDriver string) at pkg/kubelet/cm/cgroup_manager_linux.go:156}","{function_declaration NewCgroupManager(logger klog.Logger, cs *CgroupSubsystems, cgroupDriver string) at pkg/kubelet/cm/cgroup_manager_linux.go:155}","7","6"
"f2d075ea65557d5471980eb02cf37e46c793b495","CHANGE_SIGNATURE","{function_declaration createTestQOSContainerManager(tCtx context.Context) at pkg/kubelet/cm/qos_container_manager_linux_test.go:111}","{function_declaration createTestQOSContainerManager(logger klog.Logger) at pkg/kubelet/cm/qos_container_manager_linux_test.go:111}","20","20"
"c69259cb7134d4e4ce7521c052ce5ff1729e2eca"
"e5fcd20a26452a465f22967679f9068d13d5f9ff"
"6ebd853f170f1378102a01ae62ddeefdfb49be37"
"75c9186792811a5b4bc38a5171283e2f58a718a0","EXTRACT","{method_declaration Size() at staging/src/k8s.io/api/resource/v1alpha3/generated.pb.go:460}","{method_declaration Size() at staging/src/k8s.io/api/resource/v1alpha3/generated.pb.go:505}","30","20"
"75c9186792811a5b4bc38a5171283e2f58a718a0","EXTRACT","{method_declaration MarshalToSizedBuffer(dAtA []byte) at staging/src/k8s.io/api/resource/v1alpha3/generated.pb.go:311}","{method_declaration MarshalToSizedBuffer(dAtA []byte) at staging/src/k8s.io/api/resource/v1alpha3/generated.pb.go:360}","49","28"
"75c9186792811a5b4bc38a5171283e2f58a718a0","EXTRACT","{method_declaration Unmarshal(dAtA []byte) at staging/src/k8s.io/api/resource/v1alpha3/generated.pb.go:1284}","{method_declaration Unmarshal(dAtA []byte) at staging/src/k8s.io/api/resource/v1alpha3/generated.pb.go:1445}","216","149"
"e4dda7b282e7bb781e43d17fb9e690d5bab39570"
"fee14ffca2099b2d7a0bfc5761691b363eac4de1","CHANGE_SIGNATURE","{function_declaration validateDevice(device resource.Device, fldPath *field.Path, sharedCounterToCounterNames map[string]sets.Set[string], perDeviceNodeSelection *bool) at pkg/apis/resource/validation/validation.go:785}","{function_declaration validateDevice(device resource.Device, oldDevice *resource.Device, fldPath *field.Path, sharedCounterToCounterNames map[string]sets.Set[string], perDeviceNodeSelection *bool) at pkg/apis/resource/validation/validation.go:816}","83","91"
"fee14ffca2099b2d7a0bfc5761691b363eac4de1","RENAME","{function_declaration NewMaxResourceSlice() at test/integration/dra/objects.go:33}","{function_declaration newBasicResourceSlice(numDevices int) at test/integration/dra/objects.go:58}","88","76"
"fee14ffca2099b2d7a0bfc5761691b363eac4de1","CHANGE_SIGNATURE","{function_declaration validateDeviceTaint(taint resource.DeviceTaint, fldPath *field.Path) at pkg/apis/resource/validation/validation.go:1387}","{function_declaration validateDeviceTaint(taint resource.DeviceTaint, oldTaint *resource.DeviceTaint, fldPath *field.Path) at pkg/apis/resource/validation/validation.go:1430}","16","18"
"11e3147fdd2a55b59902a8513ecf98a2260790a2"
"c71e45c7352311a4e5721ef098938d8d2f65a579"
"d4c6e0bfd04a9efb1ddb33afdcaa49eb8695d8e5"
"344df7835cdc0e5d1b9008dda4fa76ac223657bf","EXTRACT","{function_declaration setupFakeGRPCServer(service, addr string) at pkg/kubelet/cm/dra/plugin/dra_plugin_test.go:85}","{function_declaration setupGRPCServerWithFake(service, addr string, fakeGRPCServer fakeGRPCServerInterface) at pkg/kubelet/cm/dra/plugin/dra_plugin_test.go:93}","44","43"
"1951e8dd88767f93e36d5a099ccc25b78d42f16c"
"05f5051be3a6da3c9d0f21014c0746112f0d8b71"
"35423364e2faff5126527c253812b744e5a5bb0d"
"5993782d6537bab9edf95590c123f96ea39ca185"
"9e462123d6495f6f7ed6e0a7c40c2ddf04ba10fc"
"ae201951a8a39316d4154a07592f464293764a83"
"f2257059d7a813b661d41ee80c38a55131ba5984","RENAME","{method_declaration SetPodCgroupCpuLimit(_ klog.Logger, _ *v1.Pod, _ *int64, _, _ *uint64) at pkg/kubelet/cm/pod_container_manager_stub.go:74}","{method_declaration SetPodCgroupCPULimit(_ klog.Logger, _ *v1.Pod, _ *int64, _, _ *uint64) at pkg/kubelet/cm/pod_container_manager_stub.go:74}","3","3"
"1055d8541e62322dab37858fb8798a1881acdd2f"
"1ca34bd0d2db099298232d6ff1a217da2321677a"
"040516a6e762d435ebb68c91a1de60c1519023a7"
"67280d4df993e1bd2af703dbd5e2389f63b657a7","CHANGE_SIGNATURE","{method_declaration RunAndReturn(run func() error) at pkg/kubelet/cm/testing/mocks.go:1810}","{method_declaration RunAndReturn(run func(logger klog.Logger) error) at pkg/kubelet/cm/testing/mocks.go:1818}","4","4"
"67280d4df993e1bd2af703dbd5e2389f63b657a7","CHANGE_SIGNATURE","{method_declaration RunAndReturn(run func(name cm.CgroupName) error) at pkg/kubelet/cm/testing/mocks.go:1934}","{method_declaration RunAndReturn(run func(logger klog.Logger, name cm.CgroupName) error) at pkg/kubelet/cm/testing/mocks.go:1948}","4","4"
"67280d4df993e1bd2af703dbd5e2389f63b657a7","CHANGE_SIGNATURE","{method_declaration ReduceCPULimits(name cm.CgroupName) at pkg/kubelet/cm/testing/mocks.go:2347}","{method_declaration ReduceCPULimits(logger klog.Logger, name cm.CgroupName) at pkg/kubelet/cm/testing/mocks.go:2367}","15","15"
"67280d4df993e1bd2af703dbd5e2389f63b657a7","CHANGE_SIGNATURE","{method_declaration SetPodCgroupConfig(pod interface{}, resourceConfig interface{}) at pkg/kubelet/cm/testing/mocks.go:2422}","{method_declaration SetPodCgroupConfig(logger interface{}, pod interface{}, resourceConfig interface{}) at pkg/kubelet/cm/testing/mocks.go:2449}","3","3"
"67280d4df993e1bd2af703dbd5e2389f63b657a7","CHANGE_SIGNATURE","{method_declaration RunAndReturn(run func(name cm.CgroupName) error) at pkg/kubelet/cm/testing/mocks.go:2392}","{method_declaration RunAndReturn(run func(logger klog.Logger, name cm.CgroupName) error) at pkg/kubelet/cm/testing/mocks.go:2418}","4","4"
"67280d4df993e1bd2af703dbd5e2389f63b657a7","CHANGE_SIGNATURE","{method_declaration EnsureExists(pod *v1.Pod) at pkg/kubelet/cm/testing/mocks.go:1940}","{method_declaration EnsureExists(logger klog.Logger, pod *v1.Pod) at pkg/kubelet/cm/testing/mocks.go:1954}","15","15"
"67280d4df993e1bd2af703dbd5e2389f63b657a7","CHANGE_SIGNATURE","{method_declaration RunAndReturn(run func(pod *v1.Pod) error) at pkg/kubelet/cm/testing/mocks.go:1985}","{method_declaration RunAndReturn(run func(logger klog.Logger, pod *v1.Pod) error) at pkg/kubelet/cm/testing/mocks.go:2005}","4","4"
"67280d4df993e1bd2af703dbd5e2389f63b657a7","CHANGE_SIGNATURE","{method_declaration ReduceCPULimits(name interface{}) at pkg/kubelet/cm/testing/mocks.go:2370}","{method_declaration ReduceCPULimits(logger interface{}, name interface{}) at pkg/kubelet/cm/testing/mocks.go:2391}","3","3"
"67280d4df993e1bd2af703dbd5e2389f63b657a7","CHANGE_SIGNATURE","{method_declaration UpdateQOSCgroups() at pkg/kubelet/cm/testing/mocks.go:1772}","{method_declaration UpdateQOSCgroups(logger klog.Logger) at pkg/kubelet/cm/testing/mocks.go:1773}","15","15"
"67280d4df993e1bd2af703dbd5e2389f63b657a7","CHANGE_SIGNATURE","{method_declaration Run(run func(name cm.CgroupName)) at pkg/kubelet/cm/testing/mocks.go:1916}","{method_declaration Run(run func(logger klog.Logger, name cm.CgroupName)) at pkg/kubelet/cm/testing/mocks.go:1925}","12","17"
"67280d4df993e1bd2af703dbd5e2389f63b657a7","CHANGE_SIGNATURE","{method_declaration Destroy(name cm.CgroupName) at pkg/kubelet/cm/testing/mocks.go:1889}","{method_declaration Destroy(logger klog.Logger, name cm.CgroupName) at pkg/kubelet/cm/testing/mocks.go:1897}","15","15"
"67280d4df993e1bd2af703dbd5e2389f63b657a7","CHANGE_SIGNATURE","{method_declaration EnsureExists(pod interface{}) at pkg/kubelet/cm/testing/mocks.go:1963}","{method_declaration EnsureExists(logger interface{}, pod interface{}) at pkg/kubelet/cm/testing/mocks.go:1978}","3","3"
"67280d4df993e1bd2af703dbd5e2389f63b657a7","CHANGE_SIGNATURE","{method_declaration RunAndReturn(run func(pod *v1.Pod, resourceConfig *cm.ResourceConfig) error) at pkg/kubelet/cm/testing/mocks.go:2449}","{method_declaration RunAndReturn(run func(logger klog.Logger, pod *v1.Pod, resourceConfig *cm.ResourceConfig) error) at pkg/kubelet/cm/testing/mocks.go:2481}","4","4"
"67280d4df993e1bd2af703dbd5e2389f63b657a7","CHANGE_SIGNATURE","{method_declaration UpdateQOSCgroups() at pkg/kubelet/cm/testing/mocks.go:1794}","{method_declaration UpdateQOSCgroups(logger interface{}) at pkg/kubelet/cm/testing/mocks.go:1796}","3","3"
"67280d4df993e1bd2af703dbd5e2389f63b657a7","CHANGE_SIGNATURE","{method_declaration SetPodCgroupConfig(pod *v1.Pod, resourceConfig *cm.ResourceConfig) at pkg/kubelet/cm/testing/mocks.go:2398}","{method_declaration SetPodCgroupConfig(logger klog.Logger, pod *v1.Pod, resourceConfig *cm.ResourceConfig) at pkg/kubelet/cm/testing/mocks.go:2424}","15","15"
"67280d4df993e1bd2af703dbd5e2389f63b657a7","CHANGE_SIGNATURE","{method_declaration Run(run func(pod *v1.Pod, resourceConfig *cm.ResourceConfig)) at pkg/kubelet/cm/testing/mocks.go:2426}","{method_declaration Run(run func(logger klog.Logger, pod *v1.Pod, resourceConfig *cm.ResourceConfig)) at pkg/kubelet/cm/testing/mocks.go:2453}","17","22"
"67280d4df993e1bd2af703dbd5e2389f63b657a7","CHANGE_SIGNATURE","{method_declaration Destroy(name interface{}) at pkg/kubelet/cm/testing/mocks.go:1912}","{method_declaration Destroy(logger interface{}, name interface{}) at pkg/kubelet/cm/testing/mocks.go:1921}","3","3"
"67280d4df993e1bd2af703dbd5e2389f63b657a7","CHANGE_SIGNATURE","{method_declaration Run(run func(name cm.CgroupName)) at pkg/kubelet/cm/testing/mocks.go:2374}","{method_declaration Run(run func(logger klog.Logger, name cm.CgroupName)) at pkg/kubelet/cm/testing/mocks.go:2395}","12","17"
"bd11e52bfc10b9b08edbc43cd0c83458f38634f2","CHANGE_SIGNATURE","{function_declaration createCompiler(allowComposition, strictCost bool) at pkg/apis/admissionregistration/validation/validation.go:1342}","{function_declaration createCompiler(allowComposition bool) at pkg/apis/admissionregistration/validation/validation.go:1316}","16","12"
"bd11e52bfc10b9b08edbc43cd0c83458f38634f2","CHANGE_SIGNATURE","{function_declaration MustBaseEnvSet(ver *version.Version, strictCost bool) at staging/src/k8s.io/apiserver/pkg/cel/environment/base.go:239}","{function_declaration MustBaseEnvSet(ver *version.Version) at staging/src/k8s.io/apiserver/pkg/cel/environment/base.go:236}","35","22"
"b3415bfdfe2958e7015f0c880f1154df95aada63","CHANGE_SIGNATURE","{function_declaration RunUpgradeChecks(execer utilsexec.Interface, ignorePreflightErrors sets.Set[string]) at cmd/kubeadm/app/preflight/checks.go:1088}","{function_declaration RunUpgradeChecks(execer utilsexec.Interface, cfg *kubeadmapi.InitConfiguration, ignorePreflightErrors sets.Set[string]) at cmd/kubeadm/app/preflight/checks.go:1148}","7","8"
"b3415bfdfe2958e7015f0c880f1154df95aada63","CHANGE_SIGNATURE","{method_declaration SetImpl(impl impl) at cmd/kubeadm/app/util/runtime/runtime.go:76}","{method_declaration SetImpl(impl Impl) at cmd/kubeadm/app/util/runtime/runtime.go:80}","3","3"
"d80ac77d9858316211a5617ec0a5ef6c013f512a"
"cde15e6450c107bd24262a89458537f5150966e5"
"02289d08f6c03c89dea51b8ffce169288e42f13c"
"67143028e7843b2b93a37e9b14566dba7a7e2e2a","CHANGE_SIGNATURE","{function_declaration setUnsetAlphaGates(known map[Feature]VersionedSpecs, enabled map[Feature]bool, val bool, cVer *version.Version) at staging/src/k8s.io/component-base/featuregate/feature_gate.go:227}","{function_declaration setUnsetAlphaGates(known map[Feature]VersionedSpecs, enabled map[Feature]bool, val bool, emuVer, minCompatVer *version.Version) at staging/src/k8s.io/component-base/featuregate/feature_gate.go:270}","13","13"
"67143028e7843b2b93a37e9b14566dba7a7e2e2a","CHANGE_SIGNATURE","{function_declaration featureEnabled(key Feature, enabled map[Feature]bool, known map[Feature]VersionedSpecs, emulationVersion *version.Version) at staging/src/k8s.io/component-base/featuregate/feature_gate.go:749}","{function_declaration featureEnabled(key Feature, enabled map[Feature]bool, known map[Feature]VersionedSpecs, emulationVersion, minCompatibilityVersion *version.Version) at staging/src/k8s.io/component-base/featuregate/feature_gate.go:857}","11","12"
"67143028e7843b2b93a37e9b14566dba7a7e2e2a","EXTRACT","{function_declaration NewVersionedFeatureGate(emulationVersion *version.Version) at staging/src/k8s.io/component-base/featuregate/feature_gate.go:264}","{function_declaration NewVersionedFeatureGateWithMinCompatibility(emulationVersion, minCompatibilityVersion *version.Version) at staging/src/k8s.io/component-base/featuregate/feature_gate.go:312}","18","19"
"67143028e7843b2b93a37e9b14566dba7a7e2e2a","CHANGE_SIGNATURE","{function_declaration setUnsetBetaGates(known map[Feature]VersionedSpecs, enabled map[Feature]bool, val bool, cVer *version.Version) at staging/src/k8s.io/component-base/featuregate/feature_gate.go:241}","{function_declaration setUnsetBetaGates(known map[Feature]VersionedSpecs, enabled map[Feature]bool, val bool, emuVer, minCompatVer *version.Version) at staging/src/k8s.io/component-base/featuregate/feature_gate.go:284}","13","13"
"67143028e7843b2b93a37e9b14566dba7a7e2e2a","EXTRACT","{method_declaration SetEmulationVersion(emulationVersion *version.Version) at staging/src/k8s.io/component-base/featuregate/feature_gate.go:688}","{method_declaration SetEmulationVersionAndMinCompatibilityVersion(emulationVersion *version.Version, minCompatibilityVersion *version.Version) at staging/src/k8s.io/component-base/featuregate/feature_gate.go:791}","35","36"
"67143028e7843b2b93a37e9b14566dba7a7e2e2a","CHANGE_SIGNATURE","{method_declaration unsafeSetFromMap(enabled map[Feature]bool, m map[string]bool, emulationVersion *version.Version) at staging/src/k8s.io/component-base/featuregate/feature_gate.go:325}","{method_declaration unsafeSetFromMap(enabled map[Feature]bool, m map[string]bool, emulationVersion, minCompatibilityVersion *version.Version) at staging/src/k8s.io/component-base/featuregate/feature_gate.go:374}","64","64"
"67143028e7843b2b93a37e9b14566dba7a7e2e2a","RENAME","{function_declaration featureSpecAtEmulationVersion(v VersionedSpecs, emulationVersion *version.Version) at staging/src/k8s.io/component-base/featuregate/feature_gate.go:773}","{function_declaration featureSpecAtEmulationAndMinCompatVersion(v VersionedSpecs, emulationVersion, minCompatibilityVersion *version.Version) at staging/src/k8s.io/component-base/featuregate/feature_gate.go:882}","14","21"
"67143028e7843b2b93a37e9b14566dba7a7e2e2a","EXTRACT","{method_declaration OverrideDefaultAtVersion(name Feature, override bool, ver *version.Version) at staging/src/k8s.io/component-base/featuregate/feature_gate.go:625}","{method_declaration overrideDefaultAtEmulationAndMinCompatVersion(name Feature, override bool, emuVer, minCompatVer *version.Version) at staging/src/k8s.io/component-base/featuregate/feature_gate.go:723}","33","33"
"67143028e7843b2b93a37e9b14566dba7a7e2e2a","RENAME","{method_declaration getFullEmulationVersionConfig(
	versionConfigMap map[string]*version.Version) at staging/src/k8s.io/component-base/compatibility/registry.go:270}","{method_declaration getFullVersionConfig(
	versionConfigMap map[string]*version.Version) at staging/src/k8s.io/component-base/compatibility/registry.go:277}","28","28"
"67143028e7843b2b93a37e9b14566dba7a7e2e2a","RENAME","{method_declaration SetEmulationVersionMapping(fromComponent, toComponent string, f VersionMapping) at staging/src/k8s.io/component-base/compatibility/registry.go:429}","{method_declaration SetVersionMapping(fromComponent, toComponent string, f VersionMapping) at staging/src/k8s.io/component-base/compatibility/registry.go:457}","35","35"
"67143028e7843b2b93a37e9b14566dba7a7e2e2a","RENAME","{function_declaration detectParallelOverrideEmulationVersion(tb TB, ver *version.Version) at staging/src/k8s.io/component-base/featuregate/testing/feature_gate.go:231}","{function_declaration detectParallelOverrideVersions(tb TB, vers string) at staging/src/k8s.io/component-base/featuregate/testing/feature_gate.go:248}","26","26"
"05f67d834aba4ba2b4a11839e4a24df28b4d57da","CHANGE_SIGNATURE","{method_declaration enforceExistingCgroup(cNameStr string, rl v1.ResourceList, compressibleResources bool) at pkg/kubelet/cm/node_container_manager_linux.go:152}","{method_declaration enforceExistingCgroup(logger klog.Logger, cNameStr string, rl v1.ResourceList, compressibleResources bool) at pkg/kubelet/cm/node_container_manager_linux.go:152}","31","31"
"05f67d834aba4ba2b4a11839e4a24df28b4d57da","CHANGE_SIGNATURE","{function_declaration NewContainerManager(mountUtil mount.Interface, cadvisorInterface cadvisor.Interface, nodeConfig NodeConfig, failSwapOn bool, recorder record.EventRecorder, kubeClient clientset.Interface) at pkg/kubelet/cm/container_manager_windows.go:122}","{function_declaration NewContainerManager(ctx context.Context, mountUtil mount.Interface, cadvisorInterface cadvisor.Interface, nodeConfig NodeConfig, failSwapOn bool, recorder record.EventRecorder, kubeClient clientset.Interface) at pkg/kubelet/cm/container_manager_windows.go:122}","79","77"
"05f67d834aba4ba2b4a11839e4a24df28b4d57da","CHANGE_SIGNATURE","{function_declaration createTestQOSContainerManager() at pkg/kubelet/cm/qos_container_manager_linux_test.go:109}","{function_declaration createTestQOSContainerManager(tCtx context.Context) at pkg/kubelet/cm/qos_container_manager_linux_test.go:111}","20","20"
"05f67d834aba4ba2b4a11839e4a24df28b4d57da","CHANGE_SIGNATURE","{method_declaration Pids(_ CgroupName) at pkg/kubelet/cm/cgroup_manager_unsupported.go:76}","{method_declaration Pids(_ klog.Logger, _ CgroupName) at pkg/kubelet/cm/cgroup_manager_unsupported.go:77}","3","3"
"05f67d834aba4ba2b4a11839e4a24df28b4d57da","CHANGE_SIGNATURE","{method_declaration UpdateQOSCgroups() at pkg/kubelet/cm/fake_container_manager.go:105}","{method_declaration UpdateQOSCgroups(logger klog.Logger) at pkg/kubelet/cm/fake_container_manager.go:106}","6","6"
"05f67d834aba4ba2b4a11839e4a24df28b4d57da","CHANGE_SIGNATURE","{function_declaration ensureProcessInContainerWithOOMScore(pid int, oomScoreAdj int, manager cgroups.Manager) at pkg/kubelet/cm/container_manager_linux.go:786}","{function_declaration ensureProcessInContainerWithOOMScore(logger klog.Logger, pid int, oomScoreAdj int, manager cgroups.Manager) at pkg/kubelet/cm/container_manager_linux.go:787}","42","42"
"05f67d834aba4ba2b4a11839e4a24df28b4d57da","CHANGE_SIGNATURE","{function_declaration GetKubeletContainer(kubeletCgroups string) at pkg/kubelet/cm/helpers_unsupported.go:74}","{function_declaration GetKubeletContainer(logger klog.Logger, kubeletCgroups string) at pkg/kubelet/cm/helpers_unsupported.go:75}","3","3"
"05f67d834aba4ba2b4a11839e4a24df28b4d57da","CHANGE_SIGNATURE","{method_declaration EnsureExists(pod *v1.Pod) at pkg/kubelet/cm/pod_container_manager_linux.go:74}","{method_declaration EnsureExists(logger klog.Logger, pod *v1.Pod) at pkg/kubelet/cm/pod_container_manager_linux.go:74}","32","32"
"05f67d834aba4ba2b4a11839e4a24df28b4d57da","CHANGE_SIGNATURE","{method_declaration tryKillingCgroupProcesses(podCgroup CgroupName) at pkg/kubelet/cm/pod_container_manager_linux.go:167}","{method_declaration tryKillingCgroupProcesses(logger klog.Logger, podCgroup CgroupName) at pkg/kubelet/cm/pod_container_manager_linux.go:167}","35","35"
"05f67d834aba4ba2b4a11839e4a24df28b4d57da","CHANGE_SIGNATURE","{method_declaration toResources(resourceConfig *ResourceConfig) at pkg/kubelet/cm/cgroup_manager_linux.go:281}","{method_declaration toResources(logger klog.Logger, resourceConfig *ResourceConfig) at pkg/kubelet/cm/cgroup_manager_linux.go:284}","44","44"
"05f67d834aba4ba2b4a11839e4a24df28b4d57da","CHANGE_SIGNATURE","{method_declaration SetPodCgroupConfig(_ *v1.Pod, _ *ResourceConfig) at pkg/kubelet/cm/pod_container_manager_linux.go:360}","{method_declaration SetPodCgroupConfig(_ klog.Logger, _ *v1.Pod, _ *ResourceConfig) at pkg/kubelet/cm/pod_container_manager_linux.go:360}","3","3"
"05f67d834aba4ba2b4a11839e4a24df28b4d57da","CHANGE_SIGNATURE","{method_declaration SetPodCgroupCpuLimit(_ *v1.Pod, _ *int64, _, _ *uint64) at pkg/kubelet/cm/pod_container_manager_stub.go:73}","{method_declaration SetPodCgroupCpuLimit(_ klog.Logger, _ *v1.Pod, _ *int64, _, _ *uint64) at pkg/kubelet/cm/pod_container_manager_stub.go:74}","3","3"
"05f67d834aba4ba2b4a11839e4a24df28b4d57da","CHANGE_SIGNATURE","{method_declaration PostStopContainer(containerID string) at pkg/kubelet/cm/internal_container_lifecycle.go:55}","{method_declaration PostStopContainer(logger klog.Logger, containerID string) at pkg/kubelet/cm/internal_container_lifecycle.go:55}","3","3"
"05f67d834aba4ba2b4a11839e4a24df28b4d57da","CHANGE_SIGNATURE","{method_declaration PreStartContainer(pod *v1.Pod, container *v1.Container, containerID string) at pkg/kubelet/cm/fake_internal_container_lifecycle.go:34}","{method_declaration PreStartContainer(logger klog.Logger, pod *v1.Pod, container *v1.Container, containerID string) at pkg/kubelet/cm/fake_internal_container_lifecycle.go:35}","3","3"
"05f67d834aba4ba2b4a11839e4a24df28b4d57da","CHANGE_SIGNATURE","{method_declaration ReduceCPULimits(_ CgroupName) at pkg/kubelet/cm/fake_pod_container_manager.go:82}","{method_declaration ReduceCPULimits(_ klog.Logger, _ CgroupName) at pkg/kubelet/cm/fake_pod_container_manager.go:83}","6","6"
"05f67d834aba4ba2b4a11839e4a24df28b4d57da","CHANGE_SIGNATURE","{method_declaration ReduceCPULimits(cgroupName CgroupName) at pkg/kubelet/cm/cgroup_manager_unsupported.go:84}","{method_declaration ReduceCPULimits(_ klog.Logger, cgroupName CgroupName) at pkg/kubelet/cm/cgroup_manager_unsupported.go:85}","3","3"
"05f67d834aba4ba2b4a11839e4a24df28b4d57da","CHANGE_SIGNATURE","{method_declaration EnsureExists(_ *v1.Pod) at pkg/kubelet/cm/pod_container_manager_linux.go:323}","{method_declaration EnsureExists(_ klog.Logger, _ *v1.Pod) at pkg/kubelet/cm/pod_container_manager_linux.go:323}","3","3"
"05f67d834aba4ba2b4a11839e4a24df28b4d57da","CHANGE_SIGNATURE","{function_declaration NewCgroupManager(cs *CgroupSubsystems, cgroupDriver string) at pkg/kubelet/cm/cgroup_manager_linux.go:155}","{function_declaration NewCgroupManager(ctx context.Context, cs *CgroupSubsystems, cgroupDriver string) at pkg/kubelet/cm/cgroup_manager_linux.go:156}","6","7"
"05f67d834aba4ba2b4a11839e4a24df28b4d57da","CHANGE_SIGNATURE","{method_declaration PostStopContainer(containerID string) at pkg/kubelet/cm/fake_internal_container_lifecycle.go:38}","{method_declaration PostStopContainer(logger klog.Logger, containerID string) at pkg/kubelet/cm/fake_internal_container_lifecycle.go:39}","3","3"
"05f67d834aba4ba2b4a11839e4a24df28b4d57da","CHANGE_SIGNATURE","{method_declaration enforceNodeAllocatableCgroups() at pkg/kubelet/cm/node_container_manager_linux.go:68}","{method_declaration enforceNodeAllocatableCgroups(logger klog.Logger) at pkg/kubelet/cm/node_container_manager_linux.go:68}","82","82"
"05f67d834aba4ba2b4a11839e4a24df28b4d57da","CHANGE_SIGNATURE","{function_declaration NewCgroupV1Manager(cs *CgroupSubsystems, cgroupDriver string) at pkg/kubelet/cm/cgroup_v1_manager_linux.go:42}","{function_declaration NewCgroupV1Manager(logger klog.Logger, cs *CgroupSubsystems, cgroupDriver string) at pkg/kubelet/cm/cgroup_v1_manager_linux.go:43}","5","5"
"05f67d834aba4ba2b4a11839e4a24df28b4d57da","CHANGE_SIGNATURE","{function_declaration getContainer(pid int) at pkg/kubelet/cm/container_manager_linux.go:832}","{function_declaration getContainer(logger klog.Logger, pid int) at pkg/kubelet/cm/container_manager_linux.go:833}","49","49"
"05f67d834aba4ba2b4a11839e4a24df28b4d57da","CHANGE_SIGNATURE","{method_declaration setupNode(activePods ActivePodsFunc) at pkg/kubelet/cm/container_manager_linux.go:501}","{method_declaration setupNode(ctx context.Context, activePods ActivePodsFunc) at pkg/kubelet/cm/container_manager_linux.go:499}","79","81"
"05f67d834aba4ba2b4a11839e4a24df28b4d57da","CHANGE_SIGNATURE","{method_declaration ReduceCPULimits(cgroupName CgroupName) at pkg/kubelet/cm/cgroup_manager_linux.go:462}","{method_declaration ReduceCPULimits(logger klog.Logger, cgroupName CgroupName) at pkg/kubelet/cm/cgroup_manager_linux.go:465}","12","12"
"05f67d834aba4ba2b4a11839e4a24df28b4d57da","CHANGE_SIGNATURE","{method_declaration UpdateQOSCgroups() at pkg/kubelet/cm/container_manager_stub.go:75}","{method_declaration UpdateQOSCgroups(logger klog.Logger) at pkg/kubelet/cm/container_manager_stub.go:76}","3","3"
"05f67d834aba4ba2b4a11839e4a24df28b4d57da","CHANGE_SIGNATURE","{method_declaration SetPodCgroupConfig(pod *v1.Pod, resourceConfig *ResourceConfig) at pkg/kubelet/cm/container_manager_stub.go:115}","{method_declaration SetPodCgroupConfig(logger klog.Logger, pod *v1.Pod, resourceConfig *ResourceConfig) at pkg/kubelet/cm/container_manager_stub.go:116}","3","3"
"05f67d834aba4ba2b4a11839e4a24df28b4d57da","CHANGE_SIGNATURE","{method_declaration Destroy(podCgroup CgroupName) at pkg/kubelet/cm/pod_container_manager_linux.go:204}","{method_declaration Destroy(logger klog.Logger, podCgroup CgroupName) at pkg/kubelet/cm/pod_container_manager_linux.go:204}","18","18"
"05f67d834aba4ba2b4a11839e4a24df28b4d57da","CHANGE_SIGNATURE","{method_declaration UpdateQOSCgroups() at pkg/kubelet/cm/container_manager_windows.go:220}","{method_declaration UpdateQOSCgroups(logger klog.Logger) at pkg/kubelet/cm/container_manager_windows.go:218}","3","3"
"05f67d834aba4ba2b4a11839e4a24df28b4d57da","CHANGE_SIGNATURE","{method_declaration Create(_ *CgroupConfig) at pkg/kubelet/cm/cgroup_manager_unsupported.go:68}","{method_declaration Create(_ klog.Logger, _ *CgroupConfig) at pkg/kubelet/cm/cgroup_manager_unsupported.go:69}","3","3"
"05f67d834aba4ba2b4a11839e4a24df28b4d57da","CHANGE_SIGNATURE","{method_declaration UpdateCgroups() at pkg/kubelet/cm/qos_container_manager_linux.go:313}","{method_declaration UpdateCgroups(logger logr.Logger) at pkg/kubelet/cm/qos_container_manager_linux.go:316}","77","77"
"05f67d834aba4ba2b4a11839e4a24df28b4d57da","CHANGE_SIGNATURE","{method_declaration PreCreateContainer(pod *v1.Pod, container *v1.Container, containerConfig *runtimeapi.ContainerConfig) at pkg/kubelet/cm/internal_container_lifecycle_windows.go:35}","{method_declaration PreCreateContainer(logger klog.Logger, pod *v1.Pod, container *v1.Container, containerConfig *runtimeapi.ContainerConfig) at pkg/kubelet/cm/internal_container_lifecycle_windows.go:35}","48","48"
"05f67d834aba4ba2b4a11839e4a24df28b4d57da","CHANGE_SIGNATURE","{function_declaration NewContainerManager(_ mount.Interface, _ cadvisor.Interface, _ NodeConfig, failSwapOn bool, recorder record.EventRecorder, kubeClient clientset.Interface) at pkg/kubelet/cm/container_manager_unsupported.go:47}","{function_declaration NewContainerManager(_ context.Context, _ mount.Interface, _ cadvisor.Interface, _ NodeConfig, failSwapOn bool, recorder record.EventRecorder, kubeClient clientset.Interface) at pkg/kubelet/cm/container_manager_unsupported.go:47}","3","3"
"05f67d834aba4ba2b4a11839e4a24df28b4d57da","CHANGE_SIGNATURE","{method_declaration Destroy(_ *CgroupConfig) at pkg/kubelet/cm/cgroup_manager_unsupported.go:60}","{method_declaration Destroy(_ klog.Logger, _ *CgroupConfig) at pkg/kubelet/cm/cgroup_manager_unsupported.go:61}","3","3"
"05f67d834aba4ba2b4a11839e4a24df28b4d57da","CHANGE_SIGNATURE","{method_declaration Destroy(cgroupConfig *CgroupConfig) at pkg/kubelet/cm/cgroup_manager_linux.go:236}","{method_declaration Destroy(logger klog.Logger, cgroupConfig *CgroupConfig) at pkg/kubelet/cm/cgroup_manager_linux.go:238}","19","20"
"05f67d834aba4ba2b4a11839e4a24df28b4d57da","CHANGE_SIGNATURE","{method_declaration Destroy(_ CgroupName) at pkg/kubelet/cm/pod_container_manager_stub.go:41}","{method_declaration Destroy(_ klog.Logger, _ CgroupName) at pkg/kubelet/cm/pod_container_manager_stub.go:42}","3","3"
"05f67d834aba4ba2b4a11839e4a24df28b4d57da","CHANGE_SIGNATURE","{method_declaration maybeSetHugetlb(resourceConfig *ResourceConfig, resources *libcontainercgroups.Resources) at pkg/kubelet/cm/cgroup_manager_linux.go:326}","{method_declaration maybeSetHugetlb(logger klog.Logger, resourceConfig *ResourceConfig, resources *libcontainercgroups.Resources) at pkg/kubelet/cm/cgroup_manager_linux.go:329}","37","37"
"05f67d834aba4ba2b4a11839e4a24df28b4d57da","CHANGE_SIGNATURE","{method_declaration Update(_ *CgroupConfig) at pkg/kubelet/cm/cgroup_manager_unsupported.go:64}","{method_declaration Update(_ klog.Logger, _ *CgroupConfig) at pkg/kubelet/cm/cgroup_manager_unsupported.go:65}","3","3"
"05f67d834aba4ba2b4a11839e4a24df28b4d57da","CHANGE_SIGNATURE","{method_declaration ReduceCPULimits(_ CgroupName) at pkg/kubelet/cm/pod_container_manager_linux.go:340}","{method_declaration ReduceCPULimits(_ klog.Logger, _ CgroupName) at pkg/kubelet/cm/pod_container_manager_linux.go:340}","3","3"
"05f67d834aba4ba2b4a11839e4a24df28b4d57da","CHANGE_SIGNATURE","{method_declaration Start(getNodeAllocatable func() v1.ResourceList, activePods ActivePodsFunc) at pkg/kubelet/cm/qos_container_manager_linux.go:82}","{method_declaration Start(ctx context.Context, getNodeAllocatable func() v1.ResourceList, activePods ActivePodsFunc) at pkg/kubelet/cm/qos_container_manager_linux.go:84}","65","66"
"05f67d834aba4ba2b4a11839e4a24df28b4d57da","CHANGE_SIGNATURE","{method_declaration EnsureExists(_ *v1.Pod) at pkg/kubelet/cm/fake_pod_container_manager.go:55}","{method_declaration EnsureExists(_ klog.Logger, _ *v1.Pod) at pkg/kubelet/cm/fake_pod_container_manager.go:56}","6","6"
"05f67d834aba4ba2b4a11839e4a24df28b4d57da","CHANGE_SIGNATURE","{function_declaration NewCgroupV2Manager(cs *CgroupSubsystems, cgroupDriver string) at pkg/kubelet/cm/cgroup_v2_manager_linux.go:48}","{function_declaration NewCgroupV2Manager(logger klog.Logger, cs *CgroupSubsystems, cgroupDriver string) at pkg/kubelet/cm/cgroup_v2_manager_linux.go:49}","5","5"
"05f67d834aba4ba2b4a11839e4a24df28b4d57da","CHANGE_SIGNATURE","{method_declaration SetPodCgroupConfig(pod *v1.Pod, resourceConfig *ResourceConfig) at pkg/kubelet/cm/fake_pod_container_manager.go:122}","{method_declaration SetPodCgroupConfig(_ klog.Logger, pod *v1.Pod, resourceConfig *ResourceConfig) at pkg/kubelet/cm/fake_pod_container_manager.go:123}","6","6"
"05f67d834aba4ba2b4a11839e4a24df28b4d57da","CHANGE_SIGNATURE","{method_declaration Start(_ func() v1.ResourceList, _ ActivePodsFunc) at pkg/kubelet/cm/qos_container_manager_linux.go:401}","{method_declaration Start(_ context.Context, _ func() v1.ResourceList, _ ActivePodsFunc) at pkg/kubelet/cm/qos_container_manager_linux.go:404}","3","3"
"05f67d834aba4ba2b4a11839e4a24df28b4d57da","CHANGE_SIGNATURE","{method_declaration SetCgroupConfig(name CgroupName, resourceConfig *ResourceConfig) at pkg/kubelet/cm/cgroup_manager_unsupported.go:92}","{method_declaration SetCgroupConfig(logger klog.Logger, name CgroupName, resourceConfig *ResourceConfig) at pkg/kubelet/cm/cgroup_manager_unsupported.go:93}","3","3"
"05f67d834aba4ba2b4a11839e4a24df28b4d57da","CHANGE_SIGNATURE","{method_declaration SetPodCgroupConfig(pod *v1.Pod, resourceConfig *ResourceConfig) at pkg/kubelet/cm/pod_container_manager_linux.go:144}","{method_declaration SetPodCgroupConfig(logger klog.Logger, pod *v1.Pod, resourceConfig *ResourceConfig) at pkg/kubelet/cm/pod_container_manager_linux.go:144}","4","4"
"05f67d834aba4ba2b4a11839e4a24df28b4d57da","CHANGE_SIGNATURE","{method_declaration Create(cgroupConfig *CgroupConfig) at pkg/kubelet/cm/cgroup_manager_linux.go:380}","{method_declaration Create(logger klog.Logger, cgroupConfig *CgroupConfig) at pkg/kubelet/cm/cgroup_manager_linux.go:383}","30","30"
"05f67d834aba4ba2b4a11839e4a24df28b4d57da","CHANGE_SIGNATURE","{method_declaration ReduceCPULimits(podCgroup CgroupName) at pkg/kubelet/cm/pod_container_manager_linux.go:224}","{method_declaration ReduceCPULimits(logger klog.Logger, podCgroup CgroupName) at pkg/kubelet/cm/pod_container_manager_linux.go:224}","3","3"
"05f67d834aba4ba2b4a11839e4a24df28b4d57da","CHANGE_SIGNATURE","{method_declaration SetCgroupConfig(name CgroupName, resourceConfig *ResourceConfig) at pkg/kubelet/cm/cgroup_manager_linux.go:256}","{method_declaration SetCgroupConfig(logger klog.Logger, name CgroupName, resourceConfig *ResourceConfig) at pkg/kubelet/cm/cgroup_manager_linux.go:259}","8","8"
"05f67d834aba4ba2b4a11839e4a24df28b4d57da","CHANGE_SIGNATURE","{method_declaration Destroy(_ CgroupName) at pkg/kubelet/cm/pod_container_manager_linux.go:336}","{method_declaration Destroy(_ klog.Logger, _ CgroupName) at pkg/kubelet/cm/pod_container_manager_linux.go:336}","3","3"
"05f67d834aba4ba2b4a11839e4a24df28b4d57da","CHANGE_SIGNATURE","{method_declaration Destroy(name CgroupName) at pkg/kubelet/cm/fake_pod_container_manager.go:69}","{method_declaration Destroy(_ klog.Logger, name CgroupName) at pkg/kubelet/cm/fake_pod_container_manager.go:70}","12","12"
"05f67d834aba4ba2b4a11839e4a24df28b4d57da","CHANGE_SIGNATURE","{method_declaration PreCreateContainer(pod *v1.Pod, container *v1.Container, containerConfig *runtimeapi.ContainerConfig) at pkg/kubelet/cm/fake_internal_container_lifecycle.go:30}","{method_declaration PreCreateContainer(logger klog.Logger, pod *v1.Pod, container *v1.Container, containerConfig *runtimeapi.ContainerConfig) at pkg/kubelet/cm/fake_internal_container_lifecycle.go:31}","3","3"
"05f67d834aba4ba2b4a11839e4a24df28b4d57da","CHANGE_SIGNATURE","{method_declaration createNodeAllocatableCgroups() at pkg/kubelet/cm/node_container_manager_linux.go:44}","{method_declaration createNodeAllocatableCgroups(logger klog.Logger) at pkg/kubelet/cm/node_container_manager_linux.go:44}","22","22"
"05f67d834aba4ba2b4a11839e4a24df28b4d57da","CHANGE_SIGNATURE","{method_declaration EnsureExists(_ *v1.Pod) at pkg/kubelet/cm/pod_container_manager_stub.go:33}","{method_declaration EnsureExists(_ klog.Logger, _ *v1.Pod) at pkg/kubelet/cm/pod_container_manager_stub.go:34}","3","3"
"05f67d834aba4ba2b4a11839e4a24df28b4d57da","CHANGE_SIGNATURE","{method_declaration ReduceCPULimits(_ CgroupName) at pkg/kubelet/cm/pod_container_manager_stub.go:45}","{method_declaration ReduceCPULimits(_ klog.Logger, _ CgroupName) at pkg/kubelet/cm/pod_container_manager_stub.go:46}","3","3"
"05f67d834aba4ba2b4a11839e4a24df28b4d57da","CHANGE_SIGNATURE","{function_declaration newCgroupCommon(cs *CgroupSubsystems, cgroupDriver string) at pkg/kubelet/cm/cgroup_manager_linux.go:162}","{function_declaration newCgroupCommon(logger klog.Logger, cs *CgroupSubsystems, cgroupDriver string) at pkg/kubelet/cm/cgroup_manager_linux.go:164}","6","6"
"05f67d834aba4ba2b4a11839e4a24df28b4d57da","CHANGE_SIGNATURE","{method_declaration PreStartContainer(pod *v1.Pod, container *v1.Container, containerID string) at pkg/kubelet/cm/internal_container_lifecycle.go:41}","{method_declaration PreStartContainer(logger klog.Logger, pod *v1.Pod, container *v1.Container, containerID string) at pkg/kubelet/cm/internal_container_lifecycle.go:41}","13","13"
"05f67d834aba4ba2b4a11839e4a24df28b4d57da","CHANGE_SIGNATURE","{method_declaration Update(cgroupConfig *CgroupConfig) at pkg/kubelet/cm/cgroup_manager_linux.go:365}","{method_declaration Update(logger klog.Logger, cgroupConfig *CgroupConfig) at pkg/kubelet/cm/cgroup_manager_linux.go:368}","13","13"
"05f67d834aba4ba2b4a11839e4a24df28b4d57da","CHANGE_SIGNATURE","{method_declaration UpdateQOSCgroups() at pkg/kubelet/cm/container_manager_linux.go:600}","{method_declaration UpdateQOSCgroups(logger klog.Logger) at pkg/kubelet/cm/container_manager_linux.go:600}","3","3"
"05f67d834aba4ba2b4a11839e4a24df28b4d57da","CHANGE_SIGNATURE","{method_declaration PreCreateContainer(pod *v1.Pod, container *v1.Container, containerConfig *runtimeapi.ContainerConfig) at pkg/kubelet/cm/internal_container_lifecycle_unsupported.go:27}","{method_declaration PreCreateContainer(logger klog.Logger, pod *v1.Pod, container *v1.Container, containerConfig *runtimeapi.ContainerConfig) at pkg/kubelet/cm/internal_container_lifecycle_unsupported.go:28}","3","3"
"05f67d834aba4ba2b4a11839e4a24df28b4d57da","CHANGE_SIGNATURE","{method_declaration Pids(name CgroupName) at pkg/kubelet/cm/cgroup_manager_linux.go:412}","{method_declaration Pids(logger klog.Logger, name CgroupName) at pkg/kubelet/cm/cgroup_manager_linux.go:415}","48","48"
"05f67d834aba4ba2b4a11839e4a24df28b4d57da","CHANGE_SIGNATURE","{method_declaration PreCreateContainer(pod *v1.Pod, container *v1.Container, containerConfig *runtimeapi.ContainerConfig) at pkg/kubelet/cm/internal_container_lifecycle_linux.go:32}","{method_declaration PreCreateContainer(logger klog.Logger, pod *v1.Pod, container *v1.Container, containerConfig *runtimeapi.ContainerConfig) at pkg/kubelet/cm/internal_container_lifecycle_linux.go:32}","21","21"
"05f67d834aba4ba2b4a11839e4a24df28b4d57da","CHANGE_SIGNATURE","{function_declaration NewContainerManager(mountUtil mount.Interface, cadvisorInterface cadvisor.Interface, nodeConfig NodeConfig, failSwapOn bool, recorder record.EventRecorder, kubeClient clientset.Interface) at pkg/kubelet/cm/container_manager_linux.go:208}","{function_declaration NewContainerManager(ctx context.Context, mountUtil mount.Interface, cadvisorInterface cadvisor.Interface, nodeConfig NodeConfig, failSwapOn bool, recorder record.EventRecorder, kubeClient clientset.Interface) at pkg/kubelet/cm/container_manager_linux.go:208}","188","186"
"05f67d834aba4ba2b4a11839e4a24df28b4d57da","CHANGE_SIGNATURE","{method_declaration UpdateCgroups() at pkg/kubelet/cm/qos_container_manager_linux.go:405}","{method_declaration UpdateCgroups(logger klog.Logger) at pkg/kubelet/cm/qos_container_manager_linux.go:408}","3","3"
"05f67d834aba4ba2b4a11839e4a24df28b4d57da","CHANGE_SIGNATURE","{function_declaration GetKubeletContainer(kubeletCgroups string) at pkg/kubelet/cm/helpers_linux.go:334}","{function_declaration GetKubeletContainer(logger klog.Logger, kubeletCgroups string) at pkg/kubelet/cm/helpers_linux.go:335}","10","10"
"05f67d834aba4ba2b4a11839e4a24df28b4d57da","CHANGE_SIGNATURE","{method_declaration libctCgroupConfig(in *CgroupConfig, needResources bool) at pkg/kubelet/cm/cgroup_manager_linux.go:197}","{method_declaration libctCgroupConfig(logger klog.Logger, in *CgroupConfig, needResources bool) at pkg/kubelet/cm/cgroup_manager_linux.go:199}","37","37"
"7bbec73192abfb21b42ba8922d3f704d07424006"
"d99d3c0b69d9a98727cee15b4542a9fc8cf4a842"
"c1a95eb7e2f61d3605086833a4a7857df2b69e27","CHANGE_SIGNATURE","{function_declaration NewRegistry(effectiveVersion compatibility.EffectiveVersion, opts ...func(*registry)) at staging/src/k8s.io/component-base/zpages/statusz/statusz.go:57}","{function_declaration NewRegistry(effectiveVersion compatibility.EffectiveVersion, opts ...Option) at staging/src/k8s.io/apiserver/pkg/server/statusz/statusz.go:71}","8","10"
"1d9c646892c0c61756f9813f2c83bf0fa84b4bf8"
"2e543d151b6f58ac6354a398282a43d4cca94cb5","CHANGE_SIGNATURE","{function_declaration setup(tb testing.TB) at pkg/controller/devicetainteviction/device_taint_eviction_test.go:61}","{function_declaration setup(tCtx ktesting.TContext) at pkg/controller/devicetainteviction/device_taint_eviction_test.go:61}","55","54"
"2e534d6da100ef20a048ed44f9ec9997f64676a7"
"fda069a5d62c970e63ad552d7ab0f29aac14bbb1"
"9cc3a06f0b4082a3bc699d5ececba438af29dcf7"
"0fac370625b71fbda3d5ce89ef76dcd70421bd04"
"428be46ba25af2aaf772a69a99e5bbe0ac7546e5"
"8d3bc085ce4da294001d4730d468036975e2db47"
"89f1edd5169316ff979639e4a031e4c5d112af13"
"01d1cb967932e17d8865d377a42f49539fb96cbd"
"79df44ca529563b7bf41c5a84f1145b3aae51492"
"7bc354e15d5ddb3436782a75da966a77edf95264","RENAME","{function_declaration cmpIntents(t *testing.T, expected uint) at pkg/kubelet/images/pullmanager/metrics_test.go:195}","{function_declaration cmpFSIntents(t *testing.T, expected uint) at pkg/kubelet/images/pullmanager/metrics_test.go:240}","15","15"
"7bc354e15d5ddb3436782a75da966a77edf95264","RENAME","{function_declaration cmpPulledRecords(t *testing.T, expected uint) at pkg/kubelet/images/pullmanager/metrics_test.go:210}","{function_declaration cmpFSPulledRecords(t *testing.T, expected uint) at pkg/kubelet/images/pullmanager/metrics_test.go:255}","15","15"
"ae7c6e8080e6c54feb8f2874e286c232847aa634"
"429a96eda6e2574be95b2b219f5e8803ad202a47"
"7a9d718cdf5e26f83ce45cd5b24f06ef7e678bea"
"9b80964efd2bfa33a62db3e64f83822a9ff8483f"
"b1942ae6b121afe57b94686202e9f0230e7e1533"
"df3f5dd493b1a0a089aafce9e42444720e8f02d5"
"2713803c78d1eb42e49da486fb5e3ffb1e31b060"
"a8c9bb1f168a684c25d89b32058a912e97adc4fc"
"0d6d2aa6a5858643b2574e33b5ddd235e4fdb273"
"9161461317092c49e15d7ee9026815c0982da1fc"
"a553ac0e92ae05795fa1aee120694db9ae14bafe"
"a4e8b54dee7fa970fd9f9d5cf59d234bd90468fc"
"cc0012b4502863fcb43b4399a84de47783d522f8"
"9bbf28e2f4e530c92a7274d7f599443d84af589c"
"1d2b87c2e9a624430acbc85a88131920738cf728"
"4f647b3f3df3c2d749108227ded5b3dd34069d32"
"2a217a9bfd284de264774da3a853be3d6fb783cc"
"3b72759d1bcfe0820b27909110f6ab6a6cc99034","MOVE","{method_declaration Informer() at staging/src/k8s.io/client-go/informers/storagemigration/v1alpha1/storageversionmigration.go:95}","{method_declaration Informer() at staging/src/k8s.io/client-go/informers/storagemigration/v1beta1/storageversionmigration.go:95}","3","3"
"3b72759d1bcfe0820b27909110f6ab6a6cc99034","MOVE","{method_declaration WithGenerateName(value string) at staging/src/k8s.io/client-go/applyconfigurations/storagemigration/v1alpha1/storageversionmigration.go:126}","{method_declaration WithGenerateName(value string) at staging/src/k8s.io/client-go/applyconfigurations/storagemigration/v1beta1/storageversionmigration.go:126}","5","5"
"3b72759d1bcfe0820b27909110f6ab6a6cc99034","MOVE","{function_declaration StorageVersionMigration(name string) at staging/src/k8s.io/client-go/applyconfigurations/storagemigration/v1alpha1/storageversionmigration.go:48}","{function_declaration StorageVersionMigration(name string) at staging/src/k8s.io/client-go/applyconfigurations/storagemigration/v1beta1/storageversionmigration.go:48}","7","7"
"3b72759d1bcfe0820b27909110f6ab6a6cc99034","MOVE","{method_declaration ProtoMessage() at staging/src/k8s.io/api/storagemigration/v1alpha1/generated.protomessage.pb.go:32}","{method_declaration ProtoMessage() at staging/src/k8s.io/api/storagemigration/v1beta1/generated.protomessage.pb.go:28}","1","1"
"3b72759d1bcfe0820b27909110f6ab6a6cc99034","MOVE_RENAME","{function_declaration Convert_storagemigration_StorageVersionMigration_To_v1alpha1_StorageVersionMigration(in *storagemigration.StorageVersionMigration, out *storagemigrationv1alpha1.StorageVersionMigration, s conversion.Scope) at pkg/apis/storagemigration/v1alpha1/zz_generated.conversion.go:184}","{function_declaration Convert_v1beta1_StorageVersionMigration_To_storagemigration_StorageVersionMigration(in *storagemigrationv1beta1.StorageVersionMigration, out *storagemigration.StorageVersionMigration, s conversion.Scope) at pkg/apis/storagemigration/v1beta1/zz_generated.conversion.go:96}","3","3"
"3b72759d1bcfe0820b27909110f6ab6a6cc99034","MOVE","{function_declaration NewForConfig(c *rest.Config) at staging/src/k8s.io/client-go/kubernetes/typed/storagemigration/v1alpha1/storagemigration_client.go:46}","{function_declaration NewForConfig(c *rest.Config) at staging/src/k8s.io/client-go/kubernetes/typed/storagemigration/v1beta1/storagemigration_client.go:46}","9","9"
"3b72759d1bcfe0820b27909110f6ab6a6cc99034","MOVE","{method_declaration Size() at staging/src/k8s.io/api/storagemigration/v1alpha1/generated.pb.go:394}","{method_declaration Size() at staging/src/k8s.io/api/storagemigration/v1beta1/generated.pb.go:260}","12","10"
"3b72759d1bcfe0820b27909110f6ab6a6cc99034","MOVE","{method_declaration ensureObjectMetaApplyConfigurationExists() at staging/src/k8s.io/client-go/applyconfigurations/storagemigration/v1alpha1/storageversionmigration.go:250}","{method_declaration ensureObjectMetaApplyConfigurationExists() at staging/src/k8s.io/client-go/applyconfigurations/storagemigration/v1beta1/storageversionmigration.go:250}","5","5"
"3b72759d1bcfe0820b27909110f6ab6a6cc99034","MOVE","{function_declaration sovGenerated(x uint64) at staging/src/k8s.io/api/storagemigration/v1alpha1/generated.pb.go:424}","{function_declaration sovGenerated(x uint64) at staging/src/k8s.io/api/storagemigration/v1beta1/generated.pb.go:288}","3","3"
"3b72759d1bcfe0820b27909110f6ab6a6cc99034","MOVE","{function_declaration setConfigDefaults(config *rest.Config) at staging/src/k8s.io/client-go/kubernetes/typed/storagemigration/v1alpha1/storagemigration_client.go:83}","{function_declaration setConfigDefaults(config *rest.Config) at staging/src/k8s.io/client-go/kubernetes/typed/storagemigration/v1beta1/storagemigration_client.go:83}","10","10"
"3b72759d1bcfe0820b27909110f6ab6a6cc99034","MOVE_RENAME","{function_declaration autoConvert_v1alpha1_StorageVersionMigrationList_To_storagemigration_StorageVersionMigrationList(in *storagemigrationv1alpha1.StorageVersionMigrationList, out *storagemigration.StorageVersionMigrationList, s conversion.Scope) at pkg/apis/storagemigration/v1alpha1/zz_generated.conversion.go:188}","{function_declaration autoConvert_v1beta1_StorageVersionMigrationList_To_storagemigration_StorageVersionMigrationList(in *storagemigrationv1beta1.StorageVersionMigrationList, out *storagemigration.StorageVersionMigrationList, s conversion.Scope) at pkg/apis/storagemigration/v1beta1/zz_generated.conversion.go:116}","5","5"
"3b72759d1bcfe0820b27909110f6ab6a6cc99034","MOVE","{function_declaration New(f internalinterfaces.SharedInformerFactory, namespace string, tweakListOptions internalinterfaces.TweakListOptionsFunc) at staging/src/k8s.io/client-go/informers/storagemigration/v1alpha1/interface.go:38}","{function_declaration New(f internalinterfaces.SharedInformerFactory, namespace string, tweakListOptions internalinterfaces.TweakListOptionsFunc) at staging/src/k8s.io/client-go/informers/storagemigration/v1beta1/interface.go:38}","3","3"
"3b72759d1bcfe0820b27909110f6ab6a6cc99034","MOVE","{method_declaration defaultInformer(client kubernetes.Interface, resyncPeriod time.Duration) at staging/src/k8s.io/client-go/informers/storagemigration/v1alpha1/storageversionmigration.go:91}","{method_declaration defaultInformer(client kubernetes.Interface, resyncPeriod time.Duration) at staging/src/k8s.io/client-go/informers/storagemigration/v1beta1/storageversionmigration.go:91}","3","3"
"3b72759d1bcfe0820b27909110f6ab6a6cc99034","MOVE","{method_declaration GetAPIVersion() at staging/src/k8s.io/client-go/applyconfigurations/storagemigration/v1alpha1/storageversionmigration.go:278}","{method_declaration GetAPIVersion() at staging/src/k8s.io/client-go/applyconfigurations/storagemigration/v1beta1/storageversionmigration.go:278}","3","3"
"3b72759d1bcfe0820b27909110f6ab6a6cc99034","MOVE","{method_declaration DeepCopy() at staging/src/k8s.io/api/storagemigration/v1alpha1/zz_generated.deepcopy.go:130}","{method_declaration DeepCopy() at staging/src/k8s.io/api/storagemigration/v1beta1/zz_generated.deepcopy.go:98}","8","8"
"3b72759d1bcfe0820b27909110f6ab6a6cc99034","MOVE","{function_declaration ExtractStorageVersionMigrationFrom(storageVersionMigration *storagemigrationv1alpha1.StorageVersionMigration, fieldManager string, subresource string) at staging/src/k8s.io/client-go/applyconfigurations/storagemigration/v1alpha1/storageversionmigration.go:63}","{function_declaration ExtractStorageVersionMigrationFrom(storageVersionMigration *storagemigrationv1beta1.StorageVersionMigration, fieldManager string, subresource string) at staging/src/k8s.io/client-go/applyconfigurations/storagemigration/v1beta1/storageversionmigration.go:63}","12","12"
"3b72759d1bcfe0820b27909110f6ab6a6cc99034","MOVE","{method_declaration SwaggerDoc() at staging/src/k8s.io/api/storagemigration/v1alpha1/types_swagger_doc_generated.go:81}","{method_declaration SwaggerDoc() at staging/src/k8s.io/api/storagemigration/v1beta1/types_swagger_doc_generated.go:56}","3","3"
"3b72759d1bcfe0820b27909110f6ab6a6cc99034","MOVE","{method_declaration IsApplyConfiguration() at staging/src/k8s.io/client-go/applyconfigurations/storagemigration/v1alpha1/storageversionmigration.go:96}","{method_declaration IsApplyConfiguration() at staging/src/k8s.io/client-go/applyconfigurations/storagemigration/v1beta1/storageversionmigration.go:96}","1","1"
"3b72759d1bcfe0820b27909110f6ab6a6cc99034","MOVE","{method_declaration Marshal() at staging/src/k8s.io/api/storagemigration/v1alpha1/generated.pb.go:190}","{method_declaration Marshal() at staging/src/k8s.io/api/storagemigration/v1beta1/generated.pb.go:95}","9","9"
"3b72759d1bcfe0820b27909110f6ab6a6cc99034","MOVE","{function_declaration NewForConfigOrDie(c *rest.Config) at staging/src/k8s.io/client-go/kubernetes/typed/storagemigration/v1alpha1/storagemigration_client.go:70}","{function_declaration NewForConfigOrDie(c *rest.Config) at staging/src/k8s.io/client-go/kubernetes/typed/storagemigration/v1beta1/storagemigration_client.go:70}","7","7"
"3b72759d1bcfe0820b27909110f6ab6a6cc99034","CHANGE_SIGNATURE","{function_declaration NewResourceVersionController(
	ctx context.Context,
	kubeClient clientset.Interface,
	discoveryClient discovery.DiscoveryInterface,
	metadataClient metadata.Interface,
	svmInformer svminformers.StorageVersionMigrationInformer,
	mapper meta.ResettableRESTMapper,
) at pkg/controller/storageversionmigrator/resourceversion.go:73}","{function_declaration NewResourceVersionController(
	ctx context.Context,
	kubeClient clientset.Interface,
	discoveryClient discovery.DiscoveryInterface,
	metadataClient metadata.Interface,
	svmInformer svminformers.StorageVersionMigrationInformer,
	mapper meta.RESTMapper,
) at pkg/controller/storageversionmigrator/resourceversion.go:73}","27","27"
"3b72759d1bcfe0820b27909110f6ab6a6cc99034","MOVE","{function_declaration valueToStringGenerated(v interface{}) at staging/src/k8s.io/api/storagemigration/v1alpha1/generated.pb.go:511}","{function_declaration valueToStringGenerated(v interface{}) at staging/src/k8s.io/api/storagemigration/v1beta1/generated.pb.go:348}","8","8"
"3b72759d1bcfe0820b27909110f6ab6a6cc99034","MOVE","{method_declaration ProtoMessage() at staging/src/k8s.io/api/storagemigration/v1alpha1/generated.protomessage.pb.go:30}","{method_declaration ProtoMessage() at staging/src/k8s.io/api/storagemigration/v1beta1/generated.protomessage.pb.go:26}","1","1"
"3b72759d1bcfe0820b27909110f6ab6a6cc99034","MOVE","{method_declaration APILifecycleIntroduced() at staging/src/k8s.io/api/storagemigration/v1alpha1/zz_generated.prerelease-lifecycle.go:44}","{method_declaration APILifecycleIntroduced() at staging/src/k8s.io/api/storagemigration/v1beta1/zz_generated.prerelease-lifecycle.go:44}","3","3"
"3b72759d1bcfe0820b27909110f6ab6a6cc99034","MOVE","{method_declaration Marshal() at staging/src/k8s.io/api/storagemigration/v1alpha1/generated.pb.go:137}","{method_declaration Marshal() at staging/src/k8s.io/api/storagemigration/v1beta1/generated.pb.go:42}","9","9"
"3b72759d1bcfe0820b27909110f6ab6a6cc99034","MOVE","{method_declaration APILifecycleRemoved() at staging/src/k8s.io/api/storagemigration/v1alpha1/zz_generated.prerelease-lifecycle.go:38}","{method_declaration APILifecycleRemoved() at staging/src/k8s.io/api/storagemigration/v1beta1/zz_generated.prerelease-lifecycle.go:38}","3","3"
"3b72759d1bcfe0820b27909110f6ab6a6cc99034","MOVE","{method_declaration Reset() at staging/src/k8s.io/api/storagemigration/v1alpha1/generated.pb.go:38}","{method_declaration Reset() at staging/src/k8s.io/api/storagemigration/v1beta1/generated.pb.go:34}","1","1"
"3b72759d1bcfe0820b27909110f6ab6a6cc99034","MOVE_RENAME","{function_declaration Convert_v1alpha1_StorageVersionMigrationSpec_To_storagemigration_StorageVersionMigrationSpec(in *storagemigrationv1alpha1.StorageVersionMigrationSpec, out *storagemigration.StorageVersionMigrationSpec, s conversion.Scope) at pkg/apis/storagemigration/v1alpha1/zz_generated.conversion.go:219}","{function_declaration Convert_v1beta1_StorageVersionMigrationSpec_To_storagemigration_StorageVersionMigrationSpec(in *storagemigrationv1beta1.StorageVersionMigrationSpec, out *storagemigration.StorageVersionMigrationSpec, s conversion.Scope) at pkg/apis/storagemigration/v1beta1/zz_generated.conversion.go:144}","3","3"
"3b72759d1bcfe0820b27909110f6ab6a6cc99034","MOVE","{function_declaration skipGenerated(dAtA []byte) at staging/src/k8s.io/api/storagemigration/v1alpha1/generated.pb.go:1373}","{function_declaration skipGenerated(dAtA []byte) at staging/src/k8s.io/api/storagemigration/v1beta1/generated.pb.go:821}","78","78"
"3b72759d1bcfe0820b27909110f6ab6a6cc99034","MOVE_RENAME","{function_declaration Convert_v1alpha1_StorageVersionMigration_To_storagemigration_StorageVersionMigration(in *storagemigrationv1alpha1.StorageVersionMigration, out *storagemigration.StorageVersionMigration, s conversion.Scope) at pkg/apis/storagemigration/v1alpha1/zz_generated.conversion.go:168}","{function_declaration Convert_storagemigration_StorageVersionMigration_To_v1beta1_StorageVersionMigration(in *storagemigration.StorageVersionMigration, out *storagemigrationv1beta1.StorageVersionMigration, s conversion.Scope) at pkg/apis/storagemigration/v1beta1/zz_generated.conversion.go:112}","3","3"
"3b72759d1bcfe0820b27909110f6ab6a6cc99034","MOVE","{function_declaration ExtractStorageVersionMigration(storageVersionMigration *storagemigrationv1alpha1.StorageVersionMigration, fieldManager string) at staging/src/k8s.io/client-go/applyconfigurations/storagemigration/v1alpha1/storageversionmigration.go:86}","{function_declaration ExtractStorageVersionMigration(storageVersionMigration *storagemigrationv1beta1.StorageVersionMigration, fieldManager string) at staging/src/k8s.io/client-go/applyconfigurations/storagemigration/v1beta1/storageversionmigration.go:86}","3","3"
"3b72759d1bcfe0820b27909110f6ab6a6cc99034","MOVE","{function_declaration NewStorageVersionMigrationLister(indexer cache.Indexer) at staging/src/k8s.io/client-go/listers/storagemigration/v1alpha1/storageversionmigration.go:46}","{function_declaration NewStorageVersionMigrationLister(indexer cache.Indexer) at staging/src/k8s.io/client-go/listers/storagemigration/v1beta1/storageversionmigration.go:46}","3","3"
"3b72759d1bcfe0820b27909110f6ab6a6cc99034","MOVE","{method_declaration DeepCopyObject() at staging/src/k8s.io/api/storagemigration/v1alpha1/zz_generated.deepcopy.go:82}","{method_declaration DeepCopyObject() at staging/src/k8s.io/api/storagemigration/v1beta1/zz_generated.deepcopy.go:50}","6","6"
"3b72759d1bcfe0820b27909110f6ab6a6cc99034","MOVE","{method_declaration DeepCopyInto(out *StorageVersionMigrationList) at staging/src/k8s.io/api/storagemigration/v1alpha1/zz_generated.deepcopy.go:90}","{method_declaration DeepCopyInto(out *StorageVersionMigrationList) at staging/src/k8s.io/api/storagemigration/v1beta1/zz_generated.deepcopy.go:58}","13","13"
"3b72759d1bcfe0820b27909110f6ab6a6cc99034","MOVE_RENAME","{function_declaration autoConvert_storagemigration_StorageVersionMigration_To_v1alpha1_StorageVersionMigration(in *storagemigration.StorageVersionMigration, out *storagemigrationv1alpha1.StorageVersionMigration, s conversion.Scope) at pkg/apis/storagemigration/v1alpha1/zz_generated.conversion.go:172}","{function_declaration autoConvert_v1beta1_StorageVersionMigration_To_storagemigration_StorageVersionMigration(in *storagemigrationv1beta1.StorageVersionMigration, out *storagemigration.StorageVersionMigration, s conversion.Scope) at pkg/apis/storagemigration/v1beta1/zz_generated.conversion.go:84}","10","10"
"3b72759d1bcfe0820b27909110f6ab6a6cc99034","MOVE","{function_declaration sozGenerated(x uint64) at staging/src/k8s.io/api/storagemigration/v1alpha1/generated.pb.go:427}","{function_declaration sozGenerated(x uint64) at staging/src/k8s.io/api/storagemigration/v1beta1/generated.pb.go:291}","3","3"
"3b72759d1bcfe0820b27909110f6ab6a6cc99034","MOVE","{method_declaration WithResourceVersion(value string) at staging/src/k8s.io/client-go/applyconfigurations/storagemigration/v1alpha1/storageversionmigration.go:153}","{method_declaration WithResourceVersion(value string) at staging/src/k8s.io/client-go/applyconfigurations/storagemigration/v1beta1/storageversionmigration.go:153}","5","5"
"3b72759d1bcfe0820b27909110f6ab6a6cc99034","MOVE","{method_declaration DeepCopyInto(out *StorageVersionMigration) at staging/src/k8s.io/api/storagemigration/v1alpha1/zz_generated.deepcopy.go:62}","{method_declaration DeepCopyInto(out *StorageVersionMigration) at staging/src/k8s.io/api/storagemigration/v1beta1/zz_generated.deepcopy.go:30}","8","8"
"3b72759d1bcfe0820b27909110f6ab6a6cc99034","RENAME","{function_declaration schema_k8sio_api_storagemigration_v1alpha1_StorageVersionMigration(ref common.ReferenceCallback) at pkg/generated/openapi/zz_generated.openapi.go:57952}","{function_declaration schema_k8sio_api_storagemigration_v1beta1_StorageVersionMigration(ref common.ReferenceCallback) at pkg/generated/openapi/zz_generated.openapi.go:57864}","49","49"
"3b72759d1bcfe0820b27909110f6ab6a6cc99034","MOVE","{method_declaration WithConditions(values ...*MigrationConditionApplyConfiguration) at staging/src/k8s.io/client-go/applyconfigurations/storagemigration/v1alpha1/storageversionmigrationstatus.go:43}","{method_declaration WithConditions(values ...*v1.ConditionApplyConfiguration) at staging/src/k8s.io/client-go/applyconfigurations/storagemigration/v1beta1/storageversionmigrationstatus.go:47}","9","9"
"3b72759d1bcfe0820b27909110f6ab6a6cc99034","MOVE","{method_declaration WithDeletionTimestamp(value metav1.Time) at staging/src/k8s.io/client-go/applyconfigurations/storagemigration/v1alpha1/storageversionmigration.go:180}","{method_declaration WithDeletionTimestamp(value metav1.Time) at staging/src/k8s.io/client-go/applyconfigurations/storagemigration/v1beta1/storageversionmigration.go:180}","5","5"
"3b72759d1bcfe0820b27909110f6ab6a6cc99034","MOVE","{method_declaration Size() at staging/src/k8s.io/api/storagemigration/v1alpha1/generated.pb.go:407}","{method_declaration Size() at staging/src/k8s.io/api/storagemigration/v1beta1/generated.pb.go:271}","16","16"
"3b72759d1bcfe0820b27909110f6ab6a6cc99034","CHANGE_SIGNATURE","{method_declaration failMigration(ctx context.Context, svm *svmv1alpha1.StorageVersionMigration, message string) at pkg/controller/storageversionmigrator/resourceversion.go:329}","{method_declaration failMigration(ctx context.Context, svm *svmv1beta1.StorageVersionMigration, message string) at pkg/controller/storageversionmigrator/resourceversion.go:340}","13","13"
"3b72759d1bcfe0820b27909110f6ab6a6cc99034","MOVE","{function_declaration init() at pkg/apis/storagemigration/v1alpha1/zz_generated.conversion.go:34}","{function_declaration init() at pkg/apis/storagemigration/v1beta1/zz_generated.conversion.go:34}","3","3"
"3b72759d1bcfe0820b27909110f6ab6a6cc99034","MOVE","{method_declaration SwaggerDoc() at staging/src/k8s.io/api/storagemigration/v1alpha1/types_swagger_doc_generated.go:71}","{method_declaration SwaggerDoc() at staging/src/k8s.io/api/storagemigration/v1beta1/types_swagger_doc_generated.go:47}","3","3"
"3b72759d1bcfe0820b27909110f6ab6a6cc99034","MOVE","{method_declaration StorageVersionMigrations() at staging/src/k8s.io/client-go/kubernetes/typed/storagemigration/v1alpha1/storagemigration_client.go:39}","{method_declaration StorageVersionMigrations() at staging/src/k8s.io/client-go/kubernetes/typed/storagemigration/v1beta1/storagemigration_client.go:39}","3","3"
"3b72759d1bcfe0820b27909110f6ab6a6cc99034","CHANGE_SIGNATURE","{function_declaration newSVMWithConditions(name, resourceVersion string, cond []svmv1alpha1.MigrationCondition) at pkg/controller/storageversionmigrator/storageversionmigrator_test.go:133}","{function_declaration newSVMWithConditions(name, resourceVersion string, conditions []metav1.Condition) at pkg/controller/storageversionmigrator/storageversionmigrator_test.go:132}","5","5"
"3b72759d1bcfe0820b27909110f6ab6a6cc99034","INLINE","{function_declaration checkAndAppendError(allErrs field.ErrorList, fieldPath *field.Path, value string, message string) at pkg/apis/storagemigration/validation/validation.go:208}","{function_declaration ValidateStorageVersionMigration(svm *storagemigration.StorageVersionMigration) at pkg/apis/storagemigration/validation/validation.go:35}","6","21"
"3b72759d1bcfe0820b27909110f6ab6a6cc99034","MOVE","{method_declaration GetName() at staging/src/k8s.io/client-go/applyconfigurations/storagemigration/v1alpha1/storageversionmigration.go:283}","{method_declaration GetName() at staging/src/k8s.io/client-go/applyconfigurations/storagemigration/v1beta1/storageversionmigration.go:283}","4","4"
"3b72759d1bcfe0820b27909110f6ab6a6cc99034","MOVE","{method_declaration WithAPIVersion(value string) at staging/src/k8s.io/client-go/applyconfigurations/storagemigration/v1alpha1/storageversionmigration.go:109}","{method_declaration WithAPIVersion(value string) at staging/src/k8s.io/client-go/applyconfigurations/storagemigration/v1beta1/storageversionmigration.go:109}","4","4"
"3b72759d1bcfe0820b27909110f6ab6a6cc99034","RENAME","{method_declaration v1alpha1Storage(apiResourceConfigSource serverstorage.APIResourceConfigSource, restOptionsGetter generic.RESTOptionsGetter) at pkg/registry/storagemigration/rest/storage_storagemigration.go:48}","{method_declaration v1beta1Storage(apiResourceConfigSource serverstorage.APIResourceConfigSource, restOptionsGetter generic.RESTOptionsGetter) at pkg/registry/storagemigration/rest/storage_storagemigration.go:48}","18","18"
"3b72759d1bcfe0820b27909110f6ab6a6cc99034","MOVE_RENAME","{function_declaration autoConvert_v1alpha1_StorageVersionMigration_To_storagemigration_StorageVersionMigration(in *storagemigrationv1alpha1.StorageVersionMigration, out *storagemigration.StorageVersionMigration, s conversion.Scope) at pkg/apis/storagemigration/v1alpha1/zz_generated.conversion.go:156}","{function_declaration autoConvert_storagemigration_StorageVersionMigration_To_v1beta1_StorageVersionMigration(in *storagemigration.StorageVersionMigration, out *storagemigrationv1beta1.StorageVersionMigration, s conversion.Scope) at pkg/apis/storagemigration/v1beta1/zz_generated.conversion.go:100}","10","10"
"3b72759d1bcfe0820b27909110f6ab6a6cc99034","MOVE","{function_declaration Resource(resource string) at pkg/apis/storagemigration/v1alpha1/register.go:32}","{function_declaration Resource(resource string) at pkg/apis/storagemigration/v1beta1/register.go:32}","3","3"
"3b72759d1bcfe0820b27909110f6ab6a6cc99034","MOVE","{method_declaration MarshalTo(dAtA []byte) at staging/src/k8s.io/api/storagemigration/v1alpha1/generated.pb.go:285}","{method_declaration MarshalTo(dAtA []byte) at staging/src/k8s.io/api/storagemigration/v1beta1/generated.pb.go:185}","4","4"
"3b72759d1bcfe0820b27909110f6ab6a6cc99034","MOVE","{method_declaration DeepCopyInto(out *StorageVersionMigrationStatus) at staging/src/k8s.io/api/storagemigration/v1alpha1/zz_generated.deepcopy.go:140}","{method_declaration DeepCopyInto(out *StorageVersionMigrationStatus) at staging/src/k8s.io/api/storagemigration/v1beta1/zz_generated.deepcopy.go:108}","11","11"
"3b72759d1bcfe0820b27909110f6ab6a6cc99034","MOVE","{method_declaration String() at staging/src/k8s.io/api/storagemigration/v1alpha1/generated.pb.go:456}","{method_declaration String() at staging/src/k8s.io/api/storagemigration/v1beta1/generated.pb.go:294}","12","12"
"3b72759d1bcfe0820b27909110f6ab6a6cc99034","MOVE","{method_declaration WithStatus(value *StorageVersionMigrationStatusApplyConfiguration) at staging/src/k8s.io/client-go/applyconfigurations/storagemigration/v1alpha1/storageversionmigration.go:267}","{method_declaration WithStatus(value *StorageVersionMigrationStatusApplyConfiguration) at staging/src/k8s.io/client-go/applyconfigurations/storagemigration/v1beta1/storageversionmigration.go:267}","4","4"
"3b72759d1bcfe0820b27909110f6ab6a6cc99034","MOVE","{method_declaration MarshalToSizedBuffer(dAtA []byte) at staging/src/k8s.io/api/storagemigration/v1alpha1/generated.pb.go:205}","{method_declaration MarshalToSizedBuffer(dAtA []byte) at staging/src/k8s.io/api/storagemigration/v1beta1/generated.pb.go:110}","31","31"
"3b72759d1bcfe0820b27909110f6ab6a6cc99034","MOVE","{method_declaration APILifecycleDeprecated() at staging/src/k8s.io/api/storagemigration/v1alpha1/zz_generated.prerelease-lifecycle.go:50}","{method_declaration APILifecycleDeprecated() at staging/src/k8s.io/api/storagemigration/v1beta1/zz_generated.prerelease-lifecycle.go:50}","3","3"
"3b72759d1bcfe0820b27909110f6ab6a6cc99034","MOVE","{method_declaration WithResource(value *GroupVersionResourceApplyConfiguration) at staging/src/k8s.io/client-go/applyconfigurations/storagemigration/v1alpha1/storageversionmigrationspec.go:46}","{method_declaration WithResource(value *v1.GroupResourceApplyConfiguration) at staging/src/k8s.io/client-go/applyconfigurations/storagemigration/v1beta1/storageversionmigrationspec.go:45}","4","4"
"3b72759d1bcfe0820b27909110f6ab6a6cc99034","MOVE","{method_declaration WithKind(value string) at staging/src/k8s.io/client-go/applyconfigurations/storagemigration/v1alpha1/storageversionmigration.go:101}","{method_declaration WithKind(value string) at staging/src/k8s.io/client-go/applyconfigurations/storagemigration/v1beta1/storageversionmigration.go:101}","4","4"
"3b72759d1bcfe0820b27909110f6ab6a6cc99034","CHANGE_SIGNATURE","{function_declaration newSVM(name, resourceVersion string, conditions ...svmv1alpha1.MigrationCondition) at pkg/controller/storageversionmigrator/storageversionmigrator_test.go:113}","{function_declaration newSVM(name, resourceVersion string, conditions ...metav1.Condition) at pkg/controller/storageversionmigrator/storageversionmigrator_test.go:113}","19","18"
"3b72759d1bcfe0820b27909110f6ab6a6cc99034","MOVE","{method_declaration WithLabels(entries map[string]string) at staging/src/k8s.io/client-go/applyconfigurations/storagemigration/v1alpha1/storageversionmigration.go:199}","{method_declaration WithLabels(entries map[string]string) at staging/src/k8s.io/client-go/applyconfigurations/storagemigration/v1beta1/storageversionmigration.go:199}","10","10"
"3b72759d1bcfe0820b27909110f6ab6a6cc99034","CHANGE_SIGNATURE","{method_declaration enqueue(svm *svmv1alpha1.StorageVersionMigration) at pkg/controller/storageversionmigrator/resourceversion.go:114}","{method_declaration enqueue(svm *svmv1beta1.StorageVersionMigration) at pkg/controller/storageversionmigrator/resourceversion.go:114}","9","9"
"3b72759d1bcfe0820b27909110f6ab6a6cc99034","MOVE","{method_declaration WithFinalizers(values ...string) at staging/src/k8s.io/client-go/applyconfigurations/storagemigration/v1alpha1/storageversionmigration.go:242}","{method_declaration WithFinalizers(values ...string) at staging/src/k8s.io/client-go/applyconfigurations/storagemigration/v1beta1/storageversionmigration.go:242}","7","7"
"3b72759d1bcfe0820b27909110f6ab6a6cc99034","MOVE","{function_declaration encodeVarintGenerated(dAtA []byte, offset int, v uint64) at staging/src/k8s.io/api/storagemigration/v1alpha1/generated.pb.go:317}","{function_declaration encodeVarintGenerated(dAtA []byte, offset int, v uint64) at staging/src/k8s.io/api/storagemigration/v1beta1/generated.pb.go:217}","11","11"
"3b72759d1bcfe0820b27909110f6ab6a6cc99034","MOVE_RENAME","{function_declaration Convert_v1alpha1_StorageVersionMigrationList_To_storagemigration_StorageVersionMigrationList(in *storagemigrationv1alpha1.StorageVersionMigrationList, out *storagemigration.StorageVersionMigrationList, s conversion.Scope) at pkg/apis/storagemigration/v1alpha1/zz_generated.conversion.go:195}","{function_declaration Convert_storagemigration_StorageVersionMigrationList_To_v1beta1_StorageVersionMigrationList(in *storagemigration.StorageVersionMigrationList, out *storagemigrationv1beta1.StorageVersionMigrationList, s conversion.Scope) at pkg/apis/storagemigration/v1beta1/zz_generated.conversion.go:134}","3","3"
"3b72759d1bcfe0820b27909110f6ab6a6cc99034","MOVE","{method_declaration Reset() at staging/src/k8s.io/api/storagemigration/v1alpha1/generated.pb.go:44}","{method_declaration Reset() at staging/src/k8s.io/api/storagemigration/v1beta1/generated.pb.go:40}","1","1"
"3b72759d1bcfe0820b27909110f6ab6a6cc99034","MOVE_RENAME","{function_declaration Convert_storagemigration_StorageVersionMigrationList_To_v1alpha1_StorageVersionMigrationList(in *storagemigration.StorageVersionMigrationList, out *storagemigrationv1alpha1.StorageVersionMigrationList, s conversion.Scope) at pkg/apis/storagemigration/v1alpha1/zz_generated.conversion.go:206}","{function_declaration Convert_v1beta1_StorageVersionMigrationList_To_storagemigration_StorageVersionMigrationList(in *storagemigrationv1beta1.StorageVersionMigrationList, out *storagemigration.StorageVersionMigrationList, s conversion.Scope) at pkg/apis/storagemigration/v1beta1/zz_generated.conversion.go:123}","3","3"
"3b72759d1bcfe0820b27909110f6ab6a6cc99034","MOVE","{function_declaration StorageVersionMigrationSpec() at staging/src/k8s.io/client-go/applyconfigurations/storagemigration/v1alpha1/storageversionmigrationspec.go:39}","{function_declaration StorageVersionMigrationSpec() at staging/src/k8s.io/client-go/applyconfigurations/storagemigration/v1beta1/storageversionmigrationspec.go:38}","3","3"
"3b72759d1bcfe0820b27909110f6ab6a6cc99034","MOVE","{method_declaration WithCreationTimestamp(value metav1.Time) at staging/src/k8s.io/client-go/applyconfigurations/storagemigration/v1alpha1/storageversionmigration.go:171}","{method_declaration WithCreationTimestamp(value metav1.Time) at staging/src/k8s.io/client-go/applyconfigurations/storagemigration/v1beta1/storageversionmigration.go:171}","5","5"
"3b72759d1bcfe0820b27909110f6ab6a6cc99034","MOVE","{method_declaration WithDeletionGracePeriodSeconds(value int64) at staging/src/k8s.io/client-go/applyconfigurations/storagemigration/v1alpha1/storageversionmigration.go:189}","{method_declaration WithDeletionGracePeriodSeconds(value int64) at staging/src/k8s.io/client-go/applyconfigurations/storagemigration/v1beta1/storageversionmigration.go:189}","5","5"
"3b72759d1bcfe0820b27909110f6ab6a6cc99034","MOVE_RENAME","{function_declaration Convert_v1alpha1_StorageVersionMigrationStatus_To_storagemigration_StorageVersionMigrationStatus(in *storagemigrationv1alpha1.StorageVersionMigrationStatus, out *storagemigration.StorageVersionMigrationStatus, s conversion.Scope) at pkg/apis/storagemigration/v1alpha1/zz_generated.conversion.go:243}","{function_declaration Convert_v1beta1_StorageVersionMigrationStatus_To_storagemigration_StorageVersionMigrationStatus(in *storagemigrationv1beta1.StorageVersionMigrationStatus, out *storagemigration.StorageVersionMigrationStatus, s conversion.Scope) at pkg/apis/storagemigration/v1beta1/zz_generated.conversion.go:165}","3","3"
"3b72759d1bcfe0820b27909110f6ab6a6cc99034","MOVE_RENAME","{function_declaration Convert_storagemigration_StorageVersionMigrationSpec_To_v1alpha1_StorageVersionMigrationSpec(in *storagemigration.StorageVersionMigrationSpec, out *storagemigrationv1alpha1.StorageVersionMigrationSpec, s conversion.Scope) at pkg/apis/storagemigration/v1alpha1/zz_generated.conversion.go:232}","{function_declaration Convert_storagemigration_StorageVersionMigrationSpec_To_v1beta1_StorageVersionMigrationSpec(in *storagemigration.StorageVersionMigrationSpec, out *storagemigrationv1beta1.StorageVersionMigrationSpec, s conversion.Scope) at pkg/apis/storagemigration/v1beta1/zz_generated.conversion.go:154}","3","3"
"3b72759d1bcfe0820b27909110f6ab6a6cc99034","MOVE","{function_declaration RegisterDefaults(scheme *runtime.Scheme) at pkg/apis/storagemigration/v1alpha1/zz_generated.defaults.go:31}","{function_declaration RegisterDefaults(scheme *runtime.Scheme) at pkg/apis/storagemigration/v1beta1/zz_generated.defaults.go:31}","3","3"
"3b72759d1bcfe0820b27909110f6ab6a6cc99034","MOVE","{method_declaration Reset() at staging/src/k8s.io/api/storagemigration/v1alpha1/generated.pb.go:42}","{method_declaration Reset() at staging/src/k8s.io/api/storagemigration/v1beta1/generated.pb.go:38}","1","1"
"3b72759d1bcfe0820b27909110f6ab6a6cc99034","MOVE","{method_declaration Reset() at staging/src/k8s.io/api/storagemigration/v1alpha1/generated.pb.go:40}","{method_declaration Reset() at staging/src/k8s.io/api/storagemigration/v1beta1/generated.pb.go:36}","1","1"
"3b72759d1bcfe0820b27909110f6ab6a6cc99034","MOVE","{method_declaration DeepCopyInto(out *StorageVersionMigrationSpec) at staging/src/k8s.io/api/storagemigration/v1alpha1/zz_generated.deepcopy.go:123}","{method_declaration DeepCopyInto(out *StorageVersionMigrationSpec) at staging/src/k8s.io/api/storagemigration/v1beta1/zz_generated.deepcopy.go:91}","5","5"
"3b72759d1bcfe0820b27909110f6ab6a6cc99034","CHANGE_SIGNATURE","{method_declaration enqueue(svm *svmv1alpha1.StorageVersionMigration) at pkg/controller/storageversionmigrator/storageversionmigrator.go:127}","{method_declaration enqueue(svm *svmv1beta1.StorageVersionMigration) at pkg/controller/storageversionmigrator/storageversionmigrator.go:127}","9","9"
"3b72759d1bcfe0820b27909110f6ab6a6cc99034","MOVE","{method_declaration Unmarshal(dAtA []byte) at staging/src/k8s.io/api/storagemigration/v1alpha1/generated.pb.go:876}","{method_declaration Unmarshal(dAtA []byte) at staging/src/k8s.io/api/storagemigration/v1beta1/generated.pb.go:356}","149","149"
"3b72759d1bcfe0820b27909110f6ab6a6cc99034","MOVE","{method_declaration MarshalToSizedBuffer(dAtA []byte) at staging/src/k8s.io/api/storagemigration/v1alpha1/generated.pb.go:252}","{method_declaration MarshalToSizedBuffer(dAtA []byte) at staging/src/k8s.io/api/storagemigration/v1beta1/generated.pb.go:157}","22","17"
"3b72759d1bcfe0820b27909110f6ab6a6cc99034","MOVE","{function_declaration RegisterConversions(s *runtime.Scheme) at pkg/apis/storagemigration/v1alpha1/zz_generated.conversion.go:40}","{function_declaration RegisterConversions(s *runtime.Scheme) at pkg/apis/storagemigration/v1beta1/zz_generated.conversion.go:40}","63","43"
"3b72759d1bcfe0820b27909110f6ab6a6cc99034","MOVE","{method_declaration GetKind() at staging/src/k8s.io/client-go/applyconfigurations/storagemigration/v1alpha1/storageversionmigration.go:273}","{method_declaration GetKind() at staging/src/k8s.io/client-go/applyconfigurations/storagemigration/v1beta1/storageversionmigration.go:273}","3","3"
"3b72759d1bcfe0820b27909110f6ab6a6cc99034","MOVE","{method_declaration SwaggerDoc() at staging/src/k8s.io/api/storagemigration/v1alpha1/types_swagger_doc_generated.go:91}","{method_declaration SwaggerDoc() at staging/src/k8s.io/api/storagemigration/v1beta1/types_swagger_doc_generated.go:66}","3","3"
"3b72759d1bcfe0820b27909110f6ab6a6cc99034","MOVE","{method_declaration SwaggerDoc() at staging/src/k8s.io/api/storagemigration/v1alpha1/types_swagger_doc_generated.go:61}","{method_declaration SwaggerDoc() at staging/src/k8s.io/api/storagemigration/v1beta1/types_swagger_doc_generated.go:37}","3","3"
"3b72759d1bcfe0820b27909110f6ab6a6cc99034","MOVE","{method_declaration DeepCopy() at staging/src/k8s.io/api/storagemigration/v1alpha1/zz_generated.deepcopy.go:153}","{method_declaration DeepCopy() at staging/src/k8s.io/api/storagemigration/v1beta1/zz_generated.deepcopy.go:121}","8","8"
"3b72759d1bcfe0820b27909110f6ab6a6cc99034","MOVE","{method_declaration MarshalTo(dAtA []byte) at staging/src/k8s.io/api/storagemigration/v1alpha1/generated.pb.go:147}","{method_declaration MarshalTo(dAtA []byte) at staging/src/k8s.io/api/storagemigration/v1beta1/generated.pb.go:52}","4","4"
"3b72759d1bcfe0820b27909110f6ab6a6cc99034","MOVE","{method_declaration APILifecycleRemoved() at staging/src/k8s.io/api/storagemigration/v1alpha1/zz_generated.prerelease-lifecycle.go:56}","{method_declaration APILifecycleRemoved() at staging/src/k8s.io/api/storagemigration/v1beta1/zz_generated.prerelease-lifecycle.go:56}","3","3"
"3b72759d1bcfe0820b27909110f6ab6a6cc99034","MOVE","{method_declaration MarshalTo(dAtA []byte) at staging/src/k8s.io/api/storagemigration/v1alpha1/generated.pb.go:247}","{method_declaration MarshalTo(dAtA []byte) at staging/src/k8s.io/api/storagemigration/v1beta1/generated.pb.go:152}","4","4"
"3b72759d1bcfe0820b27909110f6ab6a6cc99034","EXTRACT","{method_declaration sync(ctx context.Context, key string) at pkg/controller/storageversionmigrator/storageversionmigrator.go:184}","{method_declaration runMigration(ctx context.Context, logger klog.Logger, gvr schema.GroupVersionResource, resourceMonitor *garbagecollector.Monitor, toBeProcessedSVM *svmv1beta1.StorageVersionMigration, listResourceVersion string) at pkg/controller/storageversionmigrator/storageversionmigrator.go:292}","164","70"
"3b72759d1bcfe0820b27909110f6ab6a6cc99034","CHANGE_SIGNATURE","{function_declaration printStorageVersionMigrationList(list *svmv1alpha1.StorageVersionMigrationList, options printers.GenerateOptions) at pkg/printers/internalversion/printers.go:3282}","{function_declaration printStorageVersionMigrationList(list *storagemigration.StorageVersionMigrationList, options printers.GenerateOptions) at pkg/printers/internalversion/printers.go:3293}","12","12"
"3b72759d1bcfe0820b27909110f6ab6a6cc99034","MOVE","{method_declaration RESTClient() at staging/src/k8s.io/client-go/kubernetes/typed/storagemigration/v1alpha1/storagemigration_client.go:96}","{method_declaration RESTClient() at staging/src/k8s.io/client-go/kubernetes/typed/storagemigration/v1beta1/storagemigration_client.go:96}","6","6"
"3b72759d1bcfe0820b27909110f6ab6a6cc99034","MOVE","{function_declaration addKnownTypes(scheme *runtime.Scheme) at staging/src/k8s.io/api/storagemigration/v1alpha1/register.go:49}","{function_declaration addKnownTypes(scheme *runtime.Scheme) at staging/src/k8s.io/api/storagemigration/v1beta1/register.go:49}","10","10"
"3b72759d1bcfe0820b27909110f6ab6a6cc99034","MOVE","{method_declaration MarshalTo(dAtA []byte) at staging/src/k8s.io/api/storagemigration/v1alpha1/generated.pb.go:200}","{method_declaration MarshalTo(dAtA []byte) at staging/src/k8s.io/api/storagemigration/v1beta1/generated.pb.go:105}","4","4"
"3b72759d1bcfe0820b27909110f6ab6a6cc99034","MOVE","{function_declaration NewForConfigAndClient(c *rest.Config, h *http.Client) at staging/src/k8s.io/client-go/kubernetes/typed/storagemigration/v1alpha1/storagemigration_client.go:58}","{function_declaration NewForConfigAndClient(c *rest.Config, h *http.Client) at staging/src/k8s.io/client-go/kubernetes/typed/storagemigration/v1beta1/storagemigration_client.go:58}","9","9"
"3b72759d1bcfe0820b27909110f6ab6a6cc99034","MOVE","{method_declaration String() at staging/src/k8s.io/api/storagemigration/v1alpha1/generated.pb.go:468}","{method_declaration String() at staging/src/k8s.io/api/storagemigration/v1beta1/generated.pb.go:306}","16","16"
"3b72759d1bcfe0820b27909110f6ab6a6cc99034","MOVE","{method_declaration Size() at staging/src/k8s.io/api/storagemigration/v1alpha1/generated.pb.go:377}","{method_declaration Size() at staging/src/k8s.io/api/storagemigration/v1beta1/generated.pb.go:243}","16","16"
"3b72759d1bcfe0820b27909110f6ab6a6cc99034","MOVE","{method_declaration Unmarshal(dAtA []byte) at staging/src/k8s.io/api/storagemigration/v1alpha1/generated.pb.go:1257}","{method_declaration Unmarshal(dAtA []byte) at staging/src/k8s.io/api/storagemigration/v1beta1/generated.pb.go:705}","116","116"
"3b72759d1bcfe0820b27909110f6ab6a6cc99034","MOVE","{method_declaration Marshal() at staging/src/k8s.io/api/storagemigration/v1alpha1/generated.pb.go:275}","{method_declaration Marshal() at staging/src/k8s.io/api/storagemigration/v1beta1/generated.pb.go:175}","9","9"
"3b72759d1bcfe0820b27909110f6ab6a6cc99034","MOVE_RENAME","{function_declaration Convert_storagemigration_StorageVersionMigrationStatus_To_v1alpha1_StorageVersionMigrationStatus(in *storagemigration.StorageVersionMigrationStatus, out *storagemigrationv1alpha1.StorageVersionMigrationStatus, s conversion.Scope) at pkg/apis/storagemigration/v1alpha1/zz_generated.conversion.go:254}","{function_declaration Convert_storagemigration_StorageVersionMigrationStatus_To_v1beta1_StorageVersionMigrationStatus(in *storagemigration.StorageVersionMigrationStatus, out *storagemigrationv1beta1.StorageVersionMigrationStatus, s conversion.Scope) at pkg/apis/storagemigration/v1beta1/zz_generated.conversion.go:176}","3","3"
"3b72759d1bcfe0820b27909110f6ab6a6cc99034","MOVE","{method_declaration Unmarshal(dAtA []byte) at staging/src/k8s.io/api/storagemigration/v1alpha1/generated.pb.go:1142}","{method_declaration Unmarshal(dAtA []byte) at staging/src/k8s.io/api/storagemigration/v1beta1/generated.pb.go:622}","115","83"
"3b72759d1bcfe0820b27909110f6ab6a6cc99034","RENAME","{function_declaration schema_k8sio_api_storagemigration_v1alpha1_StorageVersionMigrationList(ref common.ReferenceCallback) at pkg/generated/openapi/zz_generated.openapi.go:58002}","{function_declaration schema_k8sio_api_storagemigration_v1beta1_StorageVersionMigrationList(ref common.ReferenceCallback) at pkg/generated/openapi/zz_generated.openapi.go:57914}","60","50"
"3b72759d1bcfe0820b27909110f6ab6a6cc99034","MOVE","{function_declaration Kind(kind string) at staging/src/k8s.io/api/storagemigration/v1alpha1/register.go:33}","{function_declaration Kind(kind string) at staging/src/k8s.io/api/storagemigration/v1beta1/register.go:33}","3","3"
"3b72759d1bcfe0820b27909110f6ab6a6cc99034","MOVE","{function_declaration Resource(resource string) at staging/src/k8s.io/api/storagemigration/v1alpha1/register.go:38}","{function_declaration Resource(resource string) at staging/src/k8s.io/api/storagemigration/v1beta1/register.go:38}","3","3"
"3b72759d1bcfe0820b27909110f6ab6a6cc99034","MOVE","{method_declaration String() at staging/src/k8s.io/api/storagemigration/v1alpha1/generated.pb.go:495}","{method_declaration String() at staging/src/k8s.io/api/storagemigration/v1beta1/generated.pb.go:332}","16","16"
"3b72759d1bcfe0820b27909110f6ab6a6cc99034","MOVE","{method_declaration WithAnnotations(entries map[string]string) at staging/src/k8s.io/client-go/applyconfigurations/storagemigration/v1alpha1/storageversionmigration.go:214}","{method_declaration WithAnnotations(entries map[string]string) at staging/src/k8s.io/client-go/applyconfigurations/storagemigration/v1beta1/storageversionmigration.go:214}","10","10"
"3b72759d1bcfe0820b27909110f6ab6a6cc99034","MOVE","{method_declaration WithSpec(value *StorageVersionMigrationSpecApplyConfiguration) at staging/src/k8s.io/client-go/applyconfigurations/storagemigration/v1alpha1/storageversionmigration.go:259}","{method_declaration WithSpec(value *StorageVersionMigrationSpecApplyConfiguration) at staging/src/k8s.io/client-go/applyconfigurations/storagemigration/v1beta1/storageversionmigration.go:259}","4","4"
"3b72759d1bcfe0820b27909110f6ab6a6cc99034","MOVE","{method_declaration MarshalToSizedBuffer(dAtA []byte) at staging/src/k8s.io/api/storagemigration/v1alpha1/generated.pb.go:152}","{method_declaration MarshalToSizedBuffer(dAtA []byte) at staging/src/k8s.io/api/storagemigration/v1beta1/generated.pb.go:57}","37","37"
"3b72759d1bcfe0820b27909110f6ab6a6cc99034","MOVE","{method_declaration WithNamespace(value string) at staging/src/k8s.io/client-go/applyconfigurations/storagemigration/v1alpha1/storageversionmigration.go:135}","{method_declaration WithNamespace(value string) at staging/src/k8s.io/client-go/applyconfigurations/storagemigration/v1beta1/storageversionmigration.go:135}","5","5"
"3b72759d1bcfe0820b27909110f6ab6a6cc99034","MOVE","{function_declaration StorageVersionMigrationStatus() at staging/src/k8s.io/client-go/applyconfigurations/storagemigration/v1alpha1/storageversionmigrationstatus.go:36}","{function_declaration StorageVersionMigrationStatus() at staging/src/k8s.io/client-go/applyconfigurations/storagemigration/v1beta1/storageversionmigrationstatus.go:40}","3","3"
"3b72759d1bcfe0820b27909110f6ab6a6cc99034","CHANGE_SIGNATURE","{method_declaration failMigration(ctx context.Context, toBeProcessedSVM *svmv1alpha1.StorageVersionMigration, err error) at pkg/controller/storageversionmigrator/storageversionmigrator.go:360}","{method_declaration failMigration(ctx context.Context, toBeProcessedSVM *svmv1beta1.StorageVersionMigration, err error) at pkg/controller/storageversionmigrator/storageversionmigrator.go:374}","12","12"
"3b72759d1bcfe0820b27909110f6ab6a6cc99034","MOVE","{method_declaration DeepCopy() at staging/src/k8s.io/api/storagemigration/v1alpha1/zz_generated.deepcopy.go:72}","{method_declaration DeepCopy() at staging/src/k8s.io/api/storagemigration/v1beta1/zz_generated.deepcopy.go:40}","8","8"
"3b72759d1bcfe0820b27909110f6ab6a6cc99034","MOVE","{method_declaration ProtoMessage() at staging/src/k8s.io/api/storagemigration/v1alpha1/generated.protomessage.pb.go:34}","{method_declaration ProtoMessage() at staging/src/k8s.io/api/storagemigration/v1beta1/generated.protomessage.pb.go:30}","1","1"
"3b72759d1bcfe0820b27909110f6ab6a6cc99034","MOVE","{method_declaration APILifecycleIntroduced() at staging/src/k8s.io/api/storagemigration/v1alpha1/zz_generated.prerelease-lifecycle.go:26}","{method_declaration APILifecycleIntroduced() at staging/src/k8s.io/api/storagemigration/v1beta1/zz_generated.prerelease-lifecycle.go:26}","3","3"
"3b72759d1bcfe0820b27909110f6ab6a6cc99034","MOVE_RENAME","{function_declaration autoConvert_v1alpha1_StorageVersionMigrationStatus_To_storagemigration_StorageVersionMigrationStatus(in *storagemigrationv1alpha1.StorageVersionMigrationStatus, out *storagemigration.StorageVersionMigrationStatus, s conversion.Scope) at pkg/apis/storagemigration/v1alpha1/zz_generated.conversion.go:236}","{function_declaration autoConvert_storagemigration_StorageVersionMigrationStatus_To_v1beta1_StorageVersionMigrationStatus(in *storagemigration.StorageVersionMigrationStatus, out *storagemigrationv1beta1.StorageVersionMigrationStatus, s conversion.Scope) at pkg/apis/storagemigration/v1beta1/zz_generated.conversion.go:169}","5","5"
"3b72759d1bcfe0820b27909110f6ab6a6cc99034","MOVE","{method_declaration APILifecycleDeprecated() at staging/src/k8s.io/api/storagemigration/v1alpha1/zz_generated.prerelease-lifecycle.go:32}","{method_declaration APILifecycleDeprecated() at staging/src/k8s.io/api/storagemigration/v1beta1/zz_generated.prerelease-lifecycle.go:32}","3","3"
"3b72759d1bcfe0820b27909110f6ab6a6cc99034","MOVE","{method_declaration DeepCopy() at staging/src/k8s.io/api/storagemigration/v1alpha1/zz_generated.deepcopy.go:105}","{method_declaration DeepCopy() at staging/src/k8s.io/api/storagemigration/v1beta1/zz_generated.deepcopy.go:73}","8","8"
"3b72759d1bcfe0820b27909110f6ab6a6cc99034","MOVE","{function_declaration ExtractStorageVersionMigrationStatus(storageVersionMigration *storagemigrationv1alpha1.StorageVersionMigration, fieldManager string) at staging/src/k8s.io/client-go/applyconfigurations/storagemigration/v1alpha1/storageversionmigration.go:92}","{function_declaration ExtractStorageVersionMigrationStatus(storageVersionMigration *storagemigrationv1beta1.StorageVersionMigration, fieldManager string) at staging/src/k8s.io/client-go/applyconfigurations/storagemigration/v1beta1/storageversionmigration.go:92}","3","3"
"3b72759d1bcfe0820b27909110f6ab6a6cc99034","MOVE_RENAME","{function_declaration autoConvert_storagemigration_StorageVersionMigrationList_To_v1alpha1_StorageVersionMigrationList(in *storagemigration.StorageVersionMigrationList, out *storagemigrationv1alpha1.StorageVersionMigrationList, s conversion.Scope) at pkg/apis/storagemigration/v1alpha1/zz_generated.conversion.go:199}","{function_declaration autoConvert_storagemigration_StorageVersionMigrationList_To_v1beta1_StorageVersionMigrationList(in *storagemigration.StorageVersionMigrationList, out *storagemigrationv1beta1.StorageVersionMigrationList, s conversion.Scope) at pkg/apis/storagemigration/v1beta1/zz_generated.conversion.go:127}","5","5"
"3b72759d1bcfe0820b27909110f6ab6a6cc99034","MOVE","{method_declaration Marshal() at staging/src/k8s.io/api/storagemigration/v1alpha1/generated.pb.go:237}","{method_declaration Marshal() at staging/src/k8s.io/api/storagemigration/v1beta1/generated.pb.go:142}","9","9"
"3b72759d1bcfe0820b27909110f6ab6a6cc99034","MOVE","{method_declaration Unmarshal(dAtA []byte) at staging/src/k8s.io/api/storagemigration/v1alpha1/generated.pb.go:1025}","{method_declaration Unmarshal(dAtA []byte) at staging/src/k8s.io/api/storagemigration/v1beta1/generated.pb.go:505}","117","117"
"3b72759d1bcfe0820b27909110f6ab6a6cc99034","MOVE","{method_declaration WithGeneration(value int64) at staging/src/k8s.io/client-go/applyconfigurations/storagemigration/v1alpha1/storageversionmigration.go:162}","{method_declaration WithGeneration(value int64) at staging/src/k8s.io/client-go/applyconfigurations/storagemigration/v1beta1/storageversionmigration.go:162}","5","5"
"3b72759d1bcfe0820b27909110f6ab6a6cc99034","MOVE","{method_declaration StorageVersionMigrations() at staging/src/k8s.io/client-go/informers/storagemigration/v1alpha1/interface.go:43}","{method_declaration StorageVersionMigrations() at staging/src/k8s.io/client-go/informers/storagemigration/v1beta1/interface.go:43}","3","3"
"3b72759d1bcfe0820b27909110f6ab6a6cc99034","MOVE","{method_declaration GetNamespace() at staging/src/k8s.io/client-go/applyconfigurations/storagemigration/v1alpha1/storageversionmigration.go:289}","{method_declaration GetNamespace() at staging/src/k8s.io/client-go/applyconfigurations/storagemigration/v1beta1/storageversionmigration.go:289}","4","4"
"3b72759d1bcfe0820b27909110f6ab6a6cc99034","MOVE","{method_declaration WithName(value string) at staging/src/k8s.io/client-go/applyconfigurations/storagemigration/v1alpha1/storageversionmigration.go:117}","{method_declaration WithName(value string) at staging/src/k8s.io/client-go/applyconfigurations/storagemigration/v1beta1/storageversionmigration.go:117}","5","5"
"3b72759d1bcfe0820b27909110f6ab6a6cc99034","MOVE","{method_declaration String() at staging/src/k8s.io/api/storagemigration/v1alpha1/generated.pb.go:484}","{method_declaration String() at staging/src/k8s.io/api/storagemigration/v1beta1/generated.pb.go:322}","11","10"
"3b72759d1bcfe0820b27909110f6ab6a6cc99034","MOVE_RENAME","{function_declaration autoConvert_storagemigration_StorageVersionMigrationStatus_To_v1alpha1_StorageVersionMigrationStatus(in *storagemigration.StorageVersionMigrationStatus, out *storagemigrationv1alpha1.StorageVersionMigrationStatus, s conversion.Scope) at pkg/apis/storagemigration/v1alpha1/zz_generated.conversion.go:247}","{function_declaration autoConvert_v1beta1_StorageVersionMigrationStatus_To_storagemigration_StorageVersionMigrationStatus(in *storagemigrationv1beta1.StorageVersionMigrationStatus, out *storagemigration.StorageVersionMigrationStatus, s conversion.Scope) at pkg/apis/storagemigration/v1beta1/zz_generated.conversion.go:158}","5","5"
"3b72759d1bcfe0820b27909110f6ab6a6cc99034","MOVE","{method_declaration ProtoMessage() at staging/src/k8s.io/api/storagemigration/v1alpha1/generated.protomessage.pb.go:28}","{method_declaration ProtoMessage() at staging/src/k8s.io/api/storagemigration/v1beta1/generated.protomessage.pb.go:24}","1","1"
"3b72759d1bcfe0820b27909110f6ab6a6cc99034","RENAME","{method_declaration V1alpha1() at staging/src/k8s.io/client-go/informers/storagemigration/interface.go:44}","{method_declaration V1beta1() at staging/src/k8s.io/client-go/informers/storagemigration/interface.go:44}","3","3"
"3b72759d1bcfe0820b27909110f6ab6a6cc99034","CHANGE_SIGNATURE","{function_declaration newFakeStorageVersionMigrations(fake *FakeStoragemigrationV1alpha1) at staging/src/k8s.io/client-go/kubernetes/typed/storagemigration/v1alpha1/fake/fake_storageversionmigration.go:34}","{function_declaration newFakeStorageVersionMigrations(fake *FakeStoragemigrationV1beta1) at staging/src/k8s.io/client-go/kubernetes/typed/storagemigration/v1beta1/fake/fake_storageversionmigration.go:34}","20","20"
"3b72759d1bcfe0820b27909110f6ab6a6cc99034","MOVE","{method_declaration WithUID(value types.UID) at staging/src/k8s.io/client-go/applyconfigurations/storagemigration/v1alpha1/storageversionmigration.go:144}","{method_declaration WithUID(value types.UID) at staging/src/k8s.io/client-go/applyconfigurations/storagemigration/v1beta1/storageversionmigration.go:144}","5","5"
"3b72759d1bcfe0820b27909110f6ab6a6cc99034","MOVE","{method_declaration Size() at staging/src/k8s.io/api/storagemigration/v1alpha1/generated.pb.go:362}","{method_declaration Size() at staging/src/k8s.io/api/storagemigration/v1beta1/generated.pb.go:228}","14","14"
"3b72759d1bcfe0820b27909110f6ab6a6cc99034","MOVE","{function_declaration NewStorageVersionMigrationInformer(client kubernetes.Interface, resyncPeriod time.Duration, indexers cache.Indexers) at staging/src/k8s.io/client-go/informers/storagemigration/v1alpha1/storageversionmigration.go:50}","{function_declaration NewStorageVersionMigrationInformer(client kubernetes.Interface, resyncPeriod time.Duration, indexers cache.Indexers) at staging/src/k8s.io/client-go/informers/storagemigration/v1beta1/storageversionmigration.go:50}","3","3"
"3b72759d1bcfe0820b27909110f6ab6a6cc99034","MOVE","{method_declaration WithOwnerReferences(values ...*v1.OwnerReferenceApplyConfiguration) at staging/src/k8s.io/client-go/applyconfigurations/storagemigration/v1alpha1/storageversionmigration.go:228}","{method_declaration WithOwnerReferences(values ...*v1.OwnerReferenceApplyConfiguration) at staging/src/k8s.io/client-go/applyconfigurations/storagemigration/v1beta1/storageversionmigration.go:228}","10","10"
"3b72759d1bcfe0820b27909110f6ab6a6cc99034","MOVE","{method_declaration DeepCopyObject() at staging/src/k8s.io/api/storagemigration/v1alpha1/zz_generated.deepcopy.go:115}","{method_declaration DeepCopyObject() at staging/src/k8s.io/api/storagemigration/v1beta1/zz_generated.deepcopy.go:83}","6","6"
"3b72759d1bcfe0820b27909110f6ab6a6cc99034","MOVE","{function_declaration newStorageVersionMigrations(c *StoragemigrationV1alpha1Client) at staging/src/k8s.io/client-go/kubernetes/typed/storagemigration/v1alpha1/storageversionmigration.go:63}","{function_declaration newStorageVersionMigrations(c *StoragemigrationV1beta1Client) at staging/src/k8s.io/client-go/kubernetes/typed/storagemigration/v1beta1/storageversionmigration.go:63}","17","17"
"3b72759d1bcfe0820b27909110f6ab6a6cc99034","RENAME","{function_declaration schema_k8sio_api_storagemigration_v1alpha1_StorageVersionMigrationStatus(ref common.ReferenceCallback) at pkg/generated/openapi/zz_generated.openapi.go:58093}","{function_declaration schema_k8sio_api_storagemigration_v1beta1_StorageVersionMigrationStatus(ref common.ReferenceCallback) at pkg/generated/openapi/zz_generated.openapi.go:57988}","45","45"
"3b72759d1bcfe0820b27909110f6ab6a6cc99034","MOVE","{method_declaration MarshalToSizedBuffer(dAtA []byte) at staging/src/k8s.io/api/storagemigration/v1alpha1/generated.pb.go:290}","{method_declaration MarshalToSizedBuffer(dAtA []byte) at staging/src/k8s.io/api/storagemigration/v1beta1/generated.pb.go:190}","26","26"
"3b72759d1bcfe0820b27909110f6ab6a6cc99034","MOVE","{function_declaration NewFilteredStorageVersionMigrationInformer(client kubernetes.Interface, resyncPeriod time.Duration, indexers cache.Indexers, tweakListOptions internalinterfaces.TweakListOptionsFunc) at staging/src/k8s.io/client-go/informers/storagemigration/v1alpha1/storageversionmigration.go:57}","{function_declaration NewFilteredStorageVersionMigrationInformer(client kubernetes.Interface, resyncPeriod time.Duration, indexers cache.Indexers, tweakListOptions internalinterfaces.TweakListOptionsFunc) at staging/src/k8s.io/client-go/informers/storagemigration/v1beta1/storageversionmigration.go:57}","33","33"
"3b72759d1bcfe0820b27909110f6ab6a6cc99034","CHANGE_SIGNATURE","{method_declaration createSVMResource(ctx context.Context, t *testing.T, name string, gvr svmv1alpha1.GroupVersionResource) at test/integration/storageversionmigrator/util.go:474}","{method_declaration createSVMResource(ctx context.Context, t *testing.T, name string, gr metav1.GroupResource) at test/integration/storageversionmigrator/util.go:474}","19","18"
"3b72759d1bcfe0820b27909110f6ab6a6cc99034","MOVE","{method_declaration Lister() at staging/src/k8s.io/client-go/informers/storagemigration/v1alpha1/storageversionmigration.go:99}","{method_declaration Lister() at staging/src/k8s.io/client-go/informers/storagemigration/v1beta1/storageversionmigration.go:99}","3","3"
"3b72759d1bcfe0820b27909110f6ab6a6cc99034","MOVE","{method_declaration WithResourceVersion(value string) at staging/src/k8s.io/client-go/applyconfigurations/storagemigration/v1alpha1/storageversionmigrationstatus.go:56}","{method_declaration WithResourceVersion(value string) at staging/src/k8s.io/client-go/applyconfigurations/storagemigration/v1beta1/storageversionmigrationstatus.go:60}","4","4"
"24a53fa6384fbc66659735f92f782f7ebb63968a","CHANGE_SIGNATURE","{function_declaration newJWTAuthenticator(serverLifecycle context.Context, config *apiserver.AuthenticationConfiguration, oidcSigningAlgs []string, apiAudiences authenticator.Audiences, disallowedIssuers []string, egressLookup egressselector.Lookup) at pkg/kubeapiserver/authenticator/config.go:247}","{function_declaration newJWTAuthenticator(serverLifecycle context.Context, config *apiserver.AuthenticationConfiguration, oidcSigningAlgs []string, apiAudiences authenticator.Audiences, disallowedIssuers []string, egressLookup egressselector.Lookup, apiServerID string) at pkg/kubeapiserver/authenticator/config.go:257}","47","48"
"24a53fa6384fbc66659735f92f782f7ebb63968a","EXTRACT","{method_declaration RoundTrip(req *http.Request) at staging/src/k8s.io/apiserver/plugin/pkg/authenticator/token/oidc/oidc.go:464}","{method_declaration RoundTrip(req *http.Request) at staging/src/k8s.io/apiserver/plugin/pkg/authenticator/token/oidc/oidc.go:597}","9","9"
"24a53fa6384fbc66659735f92f782f7ebb63968a","EXTRACT","{function_declaration TestStructuredAuthenticationConfigReload(t *testing.T) at test/integration/apiserver/oidc/oidc_test.go:1072}","{function_declaration getMetrics(t *testing.T, ctx context.Context, adminClient *kubernetes.Clientset, prefixes ...string) at test/integration/apiserver/oidc/oidc_test.go:2080}","534","26"
"ad2c6b443dd94c588947dd96ee9f49515d617010"
"a51285e1f274a7738116edc36bc9386c46bd8570"
"63c15cbe83eb42f9b4653788b0aeeec209a7dcf0"
"5f423d7ba8d7d02c098f83d846c18bdf2a9dbf34"
"51ef94c5472c10697242554418e36606d35ebf7c"
"34e688eb3dc6b072e7caaa344c3bcf595bf6bfe4"
"a265769245a5a971301ceefcdbc797cd4b425be4"
"821a3f5affbcfbd6a0c1f451a7bfe7ca88a876ba"
"7240649e4f636858ef970c5b2c009bc88562bf86"
"3ee8c53e537e3d5378f6201e4a52c0d895ab67c8"
"1635a139b88f4ba0a641d9056b7d23b97d8d7e90"
"502186ca9332d7ed3f54135430089560a4397ec1"
"91cf8253a2a9012f8f63f75b75ed8a4a0eb39b12"
"5f48a52bf867ea6faa395279fe494047088c91d3"
"cb4ad79102324881aa76d1091c4b0046f53d59f7"
"cd73e8777b3014c2da7422cf060696aec30009c3"
"ccd35f7c5eed4e22dbaef43b9761a83b18120f24"
"d9ba92ba3bb20bbdec09c28fcc0e61b743f93276"
"6e0a4da2f6ab4eef5690b7423da38f527ac5b3e1"
"e8b0f274561519ed7d670bb92e7b3a4dcb5fdb8c"
"575e9eb64c716bc0ca24dc5bf5ccbe86b06ea5a0"
"7bf52d74d02f6b76514052058e10304d0da9f1bd"
"d1eccb2377c40e9a6cdc3c2bbb4aecfdd6ee21c6"
"5f3f39edc121035a756af5a21b6fb248fa53faba"
"3a50f28ff80777221be62feddc1124a1dde91ad9"
"c9825b8d2798d095fc2b2a22af102adbfb0202ed"
"4a991bbbd9c2e6866af4633d9c7656494833fa82"
"e06abce75f112f84b3881efd0ed3480b2b1ce31c","CHANGE_SIGNATURE","{function_declaration NewPolicyNone(ctx context.Context) at pkg/kubelet/cm/memorymanager/policy_none.go:37}","{function_declaration NewPolicyNone(logger klog.Logger) at pkg/kubelet/cm/memorymanager/policy_none.go:35}","3","3"
"e06abce75f112f84b3881efd0ed3480b2b1ce31c","CHANGE_SIGNATURE","{method_declaration AddContainer(ctx context.Context, pod *v1.Pod, container *v1.Container, containerID string) at pkg/kubelet/cm/memorymanager/memory_manager.go:214}","{method_declaration AddContainer(logger klog.Logger, pod *v1.Pod, container *v1.Container, containerID string) at pkg/kubelet/cm/memorymanager/memory_manager.go:214}","26","26"
"e06abce75f112f84b3881efd0ed3480b2b1ce31c","CHANGE_SIGNATURE","{method_declaration GetPodTopologyHints(ctx context.Context, s state.State, pod *v1.Pod) at pkg/kubelet/cm/memorymanager/policy_static.go:408}","{method_declaration GetPodTopologyHints(logger klog.Logger, s state.State, pod *v1.Pod) at pkg/kubelet/cm/memorymanager/policy_static.go:404}","31","31"
"e06abce75f112f84b3881efd0ed3480b2b1ce31c","CHANGE_SIGNATURE","{method_declaration GetAllocatableMemory(context.Context, state.State) at pkg/kubelet/cm/memorymanager/memory_manager_test.go:117}","{method_declaration GetAllocatableMemory(state.State) at pkg/kubelet/cm/memorymanager/memory_manager_test.go:118}","3","3"
"e06abce75f112f84b3881efd0ed3480b2b1ce31c","CHANGE_SIGNATURE","{function_declaration NewPolicyBestEffort(ctx context.Context, machineInfo *cadvisorapi.MachineInfo, reserved systemReservedMemory, affinity topologymanager.Store) at pkg/kubelet/cm/memorymanager/policy_best_effort.go:44}","{function_declaration NewPolicyBestEffort(logger logr.Logger, machineInfo *cadvisorapi.MachineInfo, reserved systemReservedMemory, affinity topologymanager.Store) at pkg/kubelet/cm/memorymanager/policy_best_effort.go:43}","11","11"
"e06abce75f112f84b3881efd0ed3480b2b1ce31c","CHANGE_SIGNATURE","{method_declaration GetTopologyHints(context.Context, state.State, *v1.Pod, *v1.Container) at pkg/kubelet/cm/memorymanager/memory_manager_test.go:108}","{method_declaration GetTopologyHints(klog.Logger, state.State, *v1.Pod, *v1.Container) at pkg/kubelet/cm/memorymanager/memory_manager_test.go:109}","3","3"
"e06abce75f112f84b3881efd0ed3480b2b1ce31c","CHANGE_SIGNATURE","{method_declaration RemoveContainer(context.Context, state.State, string, string) at pkg/kubelet/cm/memorymanager/memory_manager_test.go:105}","{method_declaration RemoveContainer(klog.Logger, state.State, string, string) at pkg/kubelet/cm/memorymanager/memory_manager_test.go:106}","2","2"
"e06abce75f112f84b3881efd0ed3480b2b1ce31c","CHANGE_SIGNATURE","{method_declaration Allocate(context.Context, state.State, *v1.Pod, *v1.Container) at pkg/kubelet/cm/memorymanager/memory_manager_test.go:101}","{method_declaration Allocate(klog.Logger, state.State, *v1.Pod, *v1.Container) at pkg/kubelet/cm/memorymanager/memory_manager_test.go:102}","3","3"
"e06abce75f112f84b3881efd0ed3480b2b1ce31c","CHANGE_SIGNATURE","{method_declaration GetAllocatableMemory(ctx context.Context, s state.State) at pkg/kubelet/cm/memorymanager/policy_best_effort.go:80}","{method_declaration GetAllocatableMemory(s state.State) at pkg/kubelet/cm/memorymanager/policy_best_effort.go:79}","3","3"
"e06abce75f112f84b3881efd0ed3480b2b1ce31c","CHANGE_SIGNATURE","{method_declaration Start(ctx context.Context, s state.State) at pkg/kubelet/cm/memorymanager/policy_none.go:45}","{method_declaration Start(logger klog.Logger, s state.State) at pkg/kubelet/cm/memorymanager/policy_none.go:43}","5","4"
"e06abce75f112f84b3881efd0ed3480b2b1ce31c","CHANGE_SIGNATURE","{method_declaration Start(context.Context, state.State) at pkg/kubelet/cm/memorymanager/memory_manager_test.go:97}","{method_declaration Start(klog.Logger, state.State) at pkg/kubelet/cm/memorymanager/memory_manager_test.go:98}","3","3"
"e06abce75f112f84b3881efd0ed3480b2b1ce31c","CHANGE_SIGNATURE","{method_declaration GetTopologyHints(ctx context.Context, s state.State, pod *v1.Pod, container *v1.Container) at pkg/kubelet/cm/memorymanager/policy_best_effort.go:76}","{method_declaration GetTopologyHints(logger logr.Logger, s state.State, pod *v1.Pod, container *v1.Container) at pkg/kubelet/cm/memorymanager/policy_best_effort.go:75}","3","3"
"e06abce75f112f84b3881efd0ed3480b2b1ce31c","CHANGE_SIGNATURE","{method_declaration GetAllocatableMemory(ctx context.Context) at pkg/kubelet/cm/memorymanager/memory_manager.go:473}","{method_declaration GetAllocatableMemory() at pkg/kubelet/cm/memorymanager/memory_manager.go:470}","3","3"
"e06abce75f112f84b3881efd0ed3480b2b1ce31c","CHANGE_SIGNATURE","{method_declaration policyRemoveContainerByRef(podUID string, containerName string) at pkg/kubelet/cm/memorymanager/memory_manager.go:374}","{method_declaration policyRemoveContainerByRef(logger klog.Logger, podUID string, containerName string) at pkg/kubelet/cm/memorymanager/memory_manager.go:371}","4","4"
"e06abce75f112f84b3881efd0ed3480b2b1ce31c","CHANGE_SIGNATURE","{method_declaration GetAllocatableMemory(ctx context.Context) at pkg/kubelet/cm/memorymanager/fake_memory_manager.go:91}","{method_declaration GetAllocatableMemory() at pkg/kubelet/cm/memorymanager/fake_memory_manager.go:84}","5","5"
"e06abce75f112f84b3881efd0ed3480b2b1ce31c","CHANGE_SIGNATURE","{method_declaration AddContainer(ctx context.Context, pod *v1.Pod, container *v1.Container, containerID string) at pkg/kubelet/cm/memorymanager/fake_memory_manager.go:55}","{method_declaration AddContainer(logger klog.Logger, pod *v1.Pod, container *v1.Container, containerID string) at pkg/kubelet/cm/memorymanager/fake_memory_manager.go:53}","4","3"
"e06abce75f112f84b3881efd0ed3480b2b1ce31c","CHANGE_SIGNATURE","{method_declaration GetPodTopologyHints(_ context.Context, s state.State, pod *v1.Pod) at pkg/kubelet/cm/memorymanager/policy_none.go:70}","{method_declaration GetPodTopologyHints(_ klog.Logger, s state.State, pod *v1.Pod) at pkg/kubelet/cm/memorymanager/policy_none.go:67}","3","3"
"e06abce75f112f84b3881efd0ed3480b2b1ce31c","CHANGE_SIGNATURE","{function_declaration returnPolicyByName(ctx context.Context, testCase testMemoryManager) at pkg/kubelet/cm/memorymanager/memory_manager_test.go:74}","{function_declaration returnPolicyByName(logger klog.Logger, testCase testMemoryManager) at pkg/kubelet/cm/memorymanager/memory_manager_test.go:75}","14","14"
"e06abce75f112f84b3881efd0ed3480b2b1ce31c","CHANGE_SIGNATURE","{method_declaration Allocate(ctx context.Context, s state.State, pod *v1.Pod, container *v1.Container) at pkg/kubelet/cm/memorymanager/policy_best_effort.go:64}","{method_declaration Allocate(logger logr.Logger, s state.State, pod *v1.Pod, container *v1.Container) at pkg/kubelet/cm/memorymanager/policy_best_effort.go:63}","3","3"
"e06abce75f112f84b3881efd0ed3480b2b1ce31c","CHANGE_SIGNATURE","{method_declaration RemoveContainer(ctx context.Context, containerID string) at pkg/kubelet/cm/memorymanager/fake_memory_manager.go:66}","{method_declaration RemoveContainer(logger klog.Logger, containerID string) at pkg/kubelet/cm/memorymanager/fake_memory_manager.go:62}","5","4"
"e06abce75f112f84b3881efd0ed3480b2b1ce31c","CHANGE_SIGNATURE","{method_declaration RemoveContainer(_ context.Context, s state.State, podUID string, containerName string) at pkg/kubelet/cm/memorymanager/policy_none.go:57}","{method_declaration RemoveContainer(_ klog.Logger, s state.State, podUID string, containerName string) at pkg/kubelet/cm/memorymanager/policy_none.go:54}","2","2"
"e06abce75f112f84b3881efd0ed3480b2b1ce31c","CHANGE_SIGNATURE","{method_declaration RemoveContainer(ctx context.Context, s state.State, podUID string, containerName string) at pkg/kubelet/cm/memorymanager/policy_best_effort.go:68}","{method_declaration RemoveContainer(logger logr.Logger, s state.State, podUID string, containerName string) at pkg/kubelet/cm/memorymanager/policy_best_effort.go:67}","3","3"
"e06abce75f112f84b3881efd0ed3480b2b1ce31c","CHANGE_SIGNATURE","{method_declaration RemoveContainer(ctx context.Context, s state.State, podUID string, containerName string) at pkg/kubelet/cm/memorymanager/policy_static.go:262}","{method_declaration RemoveContainer(logger klog.Logger, s state.State, podUID string, containerName string) at pkg/kubelet/cm/memorymanager/policy_static.go:258}","53","53"
"e06abce75f112f84b3881efd0ed3480b2b1ce31c","CHANGE_SIGNATURE","{function_declaration areMemoryStatesEqual(logger logr.Logger, memoryState1, memoryState2 *state.MemoryTable, nodeID int, resourceName v1.ResourceName) at pkg/kubelet/cm/memorymanager/policy_static.go:736}","{function_declaration areMemoryStatesEqual(logger klog.Logger, memoryState1, memoryState2 *state.MemoryTable, nodeID int, resourceName v1.ResourceName) at pkg/kubelet/cm/memorymanager/policy_static.go:732}","18","18"
"e06abce75f112f84b3881efd0ed3480b2b1ce31c","CHANGE_SIGNATURE","{function_declaration NewFakeManager(ctx context.Context) at pkg/kubelet/cm/memorymanager/fake_memory_manager.go:105}","{function_declaration NewFakeManager(logger klog.Logger) at pkg/kubelet/cm/memorymanager/fake_memory_manager.go:98}","7","6"
"e06abce75f112f84b3881efd0ed3480b2b1ce31c","CHANGE_SIGNATURE","{method_declaration AddContainer(context.Context, *v1.Pod, *v1.Container, string) at pkg/kubelet/cm/internal_container_lifecycle_test.go:45}","{method_declaration AddContainer(logr.Logger, *v1.Pod, *v1.Container, string) at pkg/kubelet/cm/internal_container_lifecycle_test.go:44}","3","3"
"e06abce75f112f84b3881efd0ed3480b2b1ce31c","CHANGE_SIGNATURE","{method_declaration Start(ctx context.Context, s state.State) at pkg/kubelet/cm/memorymanager/policy_best_effort.go:60}","{method_declaration Start(logger logr.Logger, s state.State) at pkg/kubelet/cm/memorymanager/policy_best_effort.go:59}","3","3"
"e06abce75f112f84b3881efd0ed3480b2b1ce31c","CHANGE_SIGNATURE","{method_declaration GetAllocatableMemory(_ context.Context, s state.State) at pkg/kubelet/cm/memorymanager/policy_static.go:913}","{method_declaration GetAllocatableMemory(s state.State) at pkg/kubelet/cm/memorymanager/policy_static.go:909}","19","19"
"e06abce75f112f84b3881efd0ed3480b2b1ce31c","CHANGE_SIGNATURE","{method_declaration GetPodTopologyHints(context.Context, state.State, *v1.Pod) at pkg/kubelet/cm/memorymanager/memory_manager_test.go:112}","{method_declaration GetPodTopologyHints(klog.Logger, state.State, *v1.Pod) at pkg/kubelet/cm/memorymanager/memory_manager_test.go:113}","3","3"
"e06abce75f112f84b3881efd0ed3480b2b1ce31c","CHANGE_SIGNATURE","{method_declaration GetTopologyHints(_ context.Context, s state.State, pod *v1.Pod, container *v1.Container) at pkg/kubelet/cm/memorymanager/policy_none.go:63}","{method_declaration GetTopologyHints(_ klog.Logger, s state.State, pod *v1.Pod, container *v1.Container) at pkg/kubelet/cm/memorymanager/policy_none.go:60}","3","3"
"e06abce75f112f84b3881efd0ed3480b2b1ce31c","CHANGE_SIGNATURE","{function_declaration NewPolicyStatic(ctx context.Context, machineInfo *cadvisorapi.MachineInfo, reserved systemReservedMemory, affinity topologymanager.Store) at pkg/kubelet/cm/memorymanager/policy_static.go:65}","{function_declaration NewPolicyStatic(logger klog.Logger, machineInfo *cadvisorapi.MachineInfo, reserved systemReservedMemory, affinity topologymanager.Store) at pkg/kubelet/cm/memorymanager/policy_static.go:63}","21","21"
"e06abce75f112f84b3881efd0ed3480b2b1ce31c","CHANGE_SIGNATURE","{method_declaration GetMemoryNUMANodes(ctx context.Context, pod *v1.Pod, container *v1.Container) at pkg/kubelet/cm/memorymanager/memory_manager.go:242}","{method_declaration GetMemoryNUMANodes(logger klog.Logger, pod *v1.Pod, container *v1.Container) at pkg/kubelet/cm/memorymanager/memory_manager.go:242}","20","20"
"e06abce75f112f84b3881efd0ed3480b2b1ce31c","CHANGE_SIGNATURE","{function_declaration areMachineStatesEqual(logger logr.Logger, ms1, ms2 state.NUMANodeMap) at pkg/kubelet/cm/memorymanager/policy_static.go:675}","{function_declaration areMachineStatesEqual(logger klog.Logger, ms1, ms2 state.NUMANodeMap) at pkg/kubelet/cm/memorymanager/policy_static.go:671}","60","60"
"e06abce75f112f84b3881efd0ed3480b2b1ce31c","CHANGE_SIGNATURE","{method_declaration GetMemory(ctx context.Context, podUID, containerName string) at pkg/kubelet/cm/memorymanager/memory_manager.go:478}","{method_declaration GetMemory(podUID, containerName string) at pkg/kubelet/cm/memorymanager/memory_manager.go:475}","3","3"
"e06abce75f112f84b3881efd0ed3480b2b1ce31c","CHANGE_SIGNATURE","{method_declaration Allocate(ctx context.Context, s state.State, pod *v1.Pod, container *v1.Container) at pkg/kubelet/cm/memorymanager/policy_static.go:101}","{method_declaration Allocate(logger klog.Logger, s state.State, pod *v1.Pod, container *v1.Container) at pkg/kubelet/cm/memorymanager/policy_static.go:98}","114","113"
"e06abce75f112f84b3881efd0ed3480b2b1ce31c","CHANGE_SIGNATURE","{function_declaration regenerateHints(logger logr.Logger, pod *v1.Pod, ctn *v1.Container, ctnBlocks []state.Block, reqRsrc map[v1.ResourceName]uint64) at pkg/kubelet/cm/memorymanager/policy_static.go:316}","{function_declaration regenerateHints(logger klog.Logger, pod *v1.Pod, ctn *v1.Container, ctnBlocks []state.Block, reqRsrc map[v1.ResourceName]uint64) at pkg/kubelet/cm/memorymanager/policy_static.go:312}","36","36"
"e06abce75f112f84b3881efd0ed3480b2b1ce31c","CHANGE_SIGNATURE","{method_declaration RemoveContainer(ctx context.Context, containerID string) at pkg/kubelet/cm/memorymanager/memory_manager.go:283}","{method_declaration RemoveContainer(logger klog.Logger, containerID string) at pkg/kubelet/cm/memorymanager/memory_manager.go:280}","17","17"
"e06abce75f112f84b3881efd0ed3480b2b1ce31c","CHANGE_SIGNATURE","{method_declaration GetAllocatableMemory(_ context.Context, s state.State) at pkg/kubelet/cm/memorymanager/policy_none.go:75}","{method_declaration GetAllocatableMemory(s state.State) at pkg/kubelet/cm/memorymanager/policy_none.go:72}","3","3"
"e06abce75f112f84b3881efd0ed3480b2b1ce31c","CHANGE_SIGNATURE","{method_declaration validateState(logger logr.Logger, s state.State) at pkg/kubelet/cm/memorymanager/policy_static.go:602}","{method_declaration validateState(logger klog.Logger, s state.State) at pkg/kubelet/cm/memorymanager/policy_static.go:598}","72","72"
"e06abce75f112f84b3881efd0ed3480b2b1ce31c","CHANGE_SIGNATURE","{method_declaration GetPodTopologyHints(ctx context.Context, s state.State, pod *v1.Pod) at pkg/kubelet/cm/memorymanager/policy_best_effort.go:72}","{method_declaration GetPodTopologyHints(logger logr.Logger, s state.State, pod *v1.Pod) at pkg/kubelet/cm/memorymanager/policy_best_effort.go:71}","3","3"
"e06abce75f112f84b3881efd0ed3480b2b1ce31c","CHANGE_SIGNATURE","{method_declaration GetMemory(ctx context.Context, podUID, containerName string) at pkg/kubelet/cm/memorymanager/fake_memory_manager.go:98}","{method_declaration GetMemory(podUID, containerName string) at pkg/kubelet/cm/memorymanager/fake_memory_manager.go:91}","5","5"
"e06abce75f112f84b3881efd0ed3480b2b1ce31c","CHANGE_SIGNATURE","{function_declaration isNUMAAffinitiesEqual(logger logr.Logger, numaAffinity1, numaAffinity2 []int) at pkg/kubelet/cm/memorymanager/policy_static.go:1041}","{function_declaration isNUMAAffinitiesEqual(logger klog.Logger, numaAffinity1, numaAffinity2 []int) at pkg/kubelet/cm/memorymanager/policy_static.go:1037}","15","15"
"e06abce75f112f84b3881efd0ed3480b2b1ce31c","CHANGE_SIGNATURE","{method_declaration Allocate(_ context.Context, s state.State, pod *v1.Pod, container *v1.Container) at pkg/kubelet/cm/memorymanager/policy_none.go:52}","{method_declaration Allocate(_ klog.Logger, s state.State, pod *v1.Pod, container *v1.Container) at pkg/kubelet/cm/memorymanager/policy_none.go:49}","3","3"
"e06abce75f112f84b3881efd0ed3480b2b1ce31c","CHANGE_SIGNATURE","{method_declaration Start(ctx context.Context, s state.State) at pkg/kubelet/cm/memorymanager/policy_static.go:91}","{method_declaration Start(logger klog.Logger, s state.State) at pkg/kubelet/cm/memorymanager/policy_static.go:89}","8","7"
"e06abce75f112f84b3881efd0ed3480b2b1ce31c","CHANGE_SIGNATURE","{method_declaration GetTopologyHints(ctx context.Context, s state.State, pod *v1.Pod, container *v1.Container) at pkg/kubelet/cm/memorymanager/policy_static.go:443}","{method_declaration GetTopologyHints(logger klog.Logger, s state.State, pod *v1.Pod, container *v1.Container) at pkg/kubelet/cm/memorymanager/policy_static.go:439}","28","28"
"e06abce75f112f84b3881efd0ed3480b2b1ce31c","CHANGE_SIGNATURE","{method_declaration GetMemoryNUMANodes(ctx context.Context, pod *v1.Pod, container *v1.Container) at pkg/kubelet/cm/memorymanager/fake_memory_manager.go:60}","{method_declaration GetMemoryNUMANodes(logger klog.Logger, pod *v1.Pod, container *v1.Container) at pkg/kubelet/cm/memorymanager/fake_memory_manager.go:57}","5","4"
"e06abce75f112f84b3881efd0ed3480b2b1ce31c","CHANGE_SIGNATURE","{method_declaration Policy(ctx context.Context) at pkg/kubelet/cm/memorymanager/fake_memory_manager.go:42}","{method_declaration Policy(logger klog.Logger) at pkg/kubelet/cm/memorymanager/fake_memory_manager.go:42}","5","4"
"e06abce75f112f84b3881efd0ed3480b2b1ce31c","CHANGE_SIGNATURE","{function_declaration NewManager(ctx context.Context, policyName string, machineInfo *cadvisorapi.MachineInfo, nodeAllocatableReservation v1.ResourceList, reservedMemory []kubeletconfig.MemoryReservation, stateFileDirectory string, affinity topologymanager.Store) at pkg/kubelet/cm/memorymanager/memory_manager.go:135}","{function_declaration NewManager(logger klog.Logger, policyName string, machineInfo *cadvisorapi.MachineInfo, nodeAllocatableReservation v1.ResourceList, reservedMemory []kubeletconfig.MemoryReservation, stateFileDirectory string, affinity topologymanager.Store) at pkg/kubelet/cm/memorymanager/memory_manager.go:135}","48","48"
"e06abce75f112f84b3881efd0ed3480b2b1ce31c","CHANGE_SIGNATURE","{method_declaration updateInitContainersMemoryBlocks(logger logr.Logger, s state.State, pod *v1.Pod, container *v1.Container, containerMemoryBlocks []state.Block) at pkg/kubelet/cm/memorymanager/policy_static.go:977}","{method_declaration updateInitContainersMemoryBlocks(logger klog.Logger, s state.State, pod *v1.Pod, container *v1.Container, containerMemoryBlocks []state.Block) at pkg/kubelet/cm/memorymanager/policy_static.go:973}","53","53"
"d2f780e277f3a0824e2d063637bc4bc913e7e3c1"
"21c832b47dc5b2454f14cbfcc7c74ce6efbeb851"
"9bf2363333df14497a27a13bebe16b78b65edc1b"
"842cd0ea777380e675e079703415e6e4bc7cfa55"
"135b46974af09d5becff4af0e84382ce30a29b14"
"ee777bef916fae7d0ace860e2f3fbc020a3f3490"
"bb1b23a34ee42d7345d2f5e1342e43ef80bcd7fd"
"fc81e22735a66265ad02eaea5d2746565989fdc0","EXTRACT","{function_declaration SetupRegistry(ctx context.Context, f *framework.Framework) at test/e2e/framework/registry/registry.go:47}","{function_declaration podManifest(podTestLabel string) at test/e2e/framework/registry/registry.go:90}","49","25"
"fc81e22735a66265ad02eaea5d2746565989fdc0","CHANGE_SIGNATURE","{function_declaration SetupRegistry(ctx context.Context, f *framework.Framework) at test/e2e/framework/registry/registry.go:47}","{function_declaration SetupRegistry(ctx context.Context, f *framework.Framework, podOnly bool) at test/e2e/framework/registry/registry.go:48}","49","41"
"a0e64c21f2fa48d6b47b624748f4ec968be21a4b"
"b29fdd1551fd044912a65c313d62dabefebcdd83"
"15029967870fdea5bb397540f60d6c310b902229","RENAME","{function_declaration TestUpdatePodInCache(t *testing.T) at pkg/scheduler/eventhandlers_test.go:225}","{function_declaration TestUpdateAssignedPodInCache(t *testing.T) at pkg/scheduler/eventhandlers_test.go:230}","48","48"
"15029967870fdea5bb397540f60d6c310b902229","RENAME","{method_declaration addPodToCache(obj interface{}) at pkg/scheduler/eventhandlers.go:249}","{method_declaration addAssignedPodToCache(pod *v1.Pod) at pkg/scheduler/eventhandlers.go:321}","31","26"
"15029967870fdea5bb397540f60d6c310b902229","CHANGE_SIGNATURE","{method_declaration addPodToSchedulingQueue(obj interface{}) at pkg/scheduler/eventhandlers.go:129}","{method_declaration addPodToSchedulingQueue(pod *v1.Pod) at pkg/scheduler/eventhandlers.go:211}","9","8"
"15029967870fdea5bb397540f60d6c310b902229","CHANGE_SIGNATURE","{method_declaration updatePodInSchedulingQueue(oldObj, newObj interface{}) at pkg/scheduler/eventhandlers.go:153}","{method_declaration updatePodInSchedulingQueue(oldPod, newPod *v1.Pod) at pkg/scheduler/eventhandlers.go:234}","39","38"
"15029967870fdea5bb397540f60d6c310b902229","CHANGE_SIGNATURE","{method_declaration deletePodFromSchedulingQueue(obj interface{}) at pkg/scheduler/eventhandlers.go:198}","{method_declaration deletePodFromSchedulingQueue(pod *v1.Pod, inBinding bool) at pkg/scheduler/eventhandlers.go:278}","43","35"
"15029967870fdea5bb397540f60d6c310b902229","RENAME","{method_declaration updatePodInCache(oldObj, newObj interface{}) at pkg/scheduler/eventhandlers.go:281}","{method_declaration updateAssignedPodInCache(oldPod, newPod *v1.Pod) at pkg/scheduler/eventhandlers.go:348}","52","42"
"15029967870fdea5bb397540f60d6c310b902229","RENAME","{method_declaration deletePodFromCache(obj interface{}) at pkg/scheduler/eventhandlers.go:334}","{method_declaration deleteAssignedPodFromCache(pod *v1.Pod) at pkg/scheduler/eventhandlers.go:391}","28","13"
"a42581c7d3980b193e97be8fdeb66124f9fd1df9"
"37ba7bb454c3c5ae924958ab39e8bc805ea06057","CHANGE_SIGNATURE","{function_declaration validateCIdentifier(id string, fldPath *field.Path) at staging/src/k8s.io/apimachinery/pkg/api/validate/strfmt.go:292}","{function_declaration validateCIdentifier(id string, length int, fldPath *field.Path) at staging/src/k8s.io/apimachinery/pkg/api/validate/strfmt.go:281}","10","10"
"94101ba6e0c26dcb228b8efc26c5e0c26842e1f9"
"ec8c2246b2cd89a62bf10369684b362a1a294177"
"2de03899daead532c395edb4314c27d937829242"
"4a9a010c5373de6813ed1487a5b3fb618f9a19c9"
"68710ce086be3feac0cc5ed245b0e0ebdfb3c168"
"2e257dffd80fb4aa866b227f1421613eafced482"
"8f0a6583ca81a64475e69a8b6b4d06bbe0c2ac67","CHANGE_SIGNATURE","{function_declaration validateMap(m map[K]T, maxSize, truncateKeyLen int, validateKey func(K, *field.Path) field.ErrorList, validateItem func(T, *field.Path) field.ErrorList, fldPath *field.Path) at pkg/apis/resource/validation/validation.go:1213}","{function_declaration validateMap(m map[K]T, maxSize, truncateKeyLen int, validateKey func(K, *field.Path) field.ErrorList, validateItem func(T, *field.Path) field.ErrorList, fldPath *field.Path, opts ...validationOption) at pkg/apis/resource/validation/validation.go:1215}","12","17"
"03e337cfb7a31ccdca774320fbe824891d31468d"
"aad6cec749bf13a720993616f2219b0879417d48"
"679ccee1938b354626f0300999d8522e9871f8a7"
"08b1b1d5a479e35d55d91ce2b60fb2a37aaa763d"
"9c32e488db1efac0dee2ab37afb3da5765124dc1","EXTRACT","{function_declaration TestDeclarativeValidate(t *testing.T) at pkg/registry/resource/deviceclass/declarative_validation_test.go:36}","{function_declaration tweakName(name string) at pkg/registry/resource/deviceclass/declarative_validation_test.go:292}","115","5"
"9c32e488db1efac0dee2ab37afb3da5765124dc1","EXTRACT","{function_declaration TestDeclarativeValidateUpdate(t *testing.T) at pkg/registry/resource/deviceclass/declarative_validation_test.go:152}","{function_declaration tweakName(name string) at pkg/registry/resource/deviceclass/declarative_validation_test.go:292}","104","5"
"1dd384c44d4628c5cc76ae7cada524d868417bc8"
"f82a139dc0840b51aa41931535f5eef6fc3507b4"
"a3f242676cd4b4460b340551f439b968dd726388"
"973779a398ff24891e8c5ccbedb215fac1794bef","CHANGE_SIGNATURE","{method_declaration imagePullPrecheck(ctx context.Context, objRef *v1.ObjectReference, logPrefix string, pullPolicy v1.PullPolicy, spec *kubecontainer.ImageSpec, requestedImage string) at pkg/kubelet/images/image_manager.go:104}","{method_declaration imagePullPrecheck(
	ctx context.Context,
	objRef *v1.ObjectReference,
	logPrefix string,
	pullPolicy v1.PullPolicy,
	spec *kubecontainer.ImageSpec,
	requestedImage string,
) at pkg/kubelet/images/image_manager.go:116}","20","21"
"b1a8d8849eecce5a26e2fb7676af2eef9d2997a0"
"b72c9e4179259982865740aef21dee336c70b8c3"
"51beeb26762d7debd9063aea82967ad583f31184"
"4fd41778b87a7a02066566cc12e3eb4a87a071ee"
"fb228c4704843dd2fa584a7ccfa630dfb7f3fde2"
"86bfcd5eec17bfc59e8e2fc2fd7b8d79a141ad04"
"11f9d32a0ea288b974261d9e61e5bcb17ed753b6"
"a277269159cddde4fe9b5b70459060a79e93c7ae"
"92663144b985865a41b3dccf7fd4edbfd1a1e419"
"bda0e6a83c5e8f5bd6ffdc22c8034498ed38fecc"
"1e903a4b5a8c1f25acd227336325c7f44baf0048"
"7b2acb74c07e89d18c5d65111e65ada9b08d5662"
"1cb45e2a27f564e2161c6ae8ec7f6215e07096d3"
"62b23aeb0cfa6ca9b91376475fff2a55f26f911d"
"b40df46b0ba16c722841cd61d3fac96eaa5b85e2"
"04fb0931aec72bce772e11b9db58a366d8fbab5a"
"65dcb4ce2cdf7ecbca9eb8488f69522ba08bc703","CHANGE_SIGNATURE","{function_declaration GetAvailableUpgrades(versionGetterImpl VersionGetter, experimentalUpgradesAllowed, rcUpgradesAllowed bool, client clientset.Interface, printer output.Printer) at cmd/kubeadm/app/phases/upgrade/compute.go:77}","{function_declaration GetAvailableUpgrades(versionGetterImpl VersionGetter, experimentalUpgradesAllowed, rcUpgradesAllowed bool, printer output.Printer) at cmd/kubeadm/app/phases/upgrade/compute.go:75}","224","224"
"816eee64e805dbafea59b74dd3f264a2a940264e"
"fd5b2efa76e44c5ef523cd0711f5ed23eb7e6b1a","CHANGE_SIGNATURE","{method_declaration Start(s state.State) at pkg/kubelet/cm/cpumanager/cpu_manager_test.go:108}","{method_declaration Start(_ logr.Logger, s state.State) at pkg/kubelet/cm/cpumanager/cpu_manager_test.go:110}","3","3"
"fd5b2efa76e44c5ef523cd0711f5ed23eb7e6b1a","CHANGE_SIGNATURE","{method_declaration GetTopologyHints(s state.State, pod *v1.Pod, container *v1.Container) at pkg/kubelet/cm/cpumanager/policy_none.go:61}","{method_declaration GetTopologyHints(_ logr.Logger, s state.State, pod *v1.Pod, container *v1.Container) at pkg/kubelet/cm/cpumanager/policy_none.go:62}","3","3"
"fd5b2efa76e44c5ef523cd0711f5ed23eb7e6b1a","CHANGE_SIGNATURE","{function_declaration takeByTopologyNUMAPacked(topo *topology.CPUTopology, availableCPUs cpuset.CPUSet, numCPUs int, cpuSortingStrategy CPUSortingStrategy, preferAlignByUncoreCache bool) at pkg/kubelet/cm/cpumanager/cpu_assignment.go:768}","{function_declaration takeByTopologyNUMAPacked(logger logr.Logger, topo *topology.CPUTopology, availableCPUs cpuset.CPUSet, numCPUs int, cpuSortingStrategy CPUSortingStrategy, preferAlignByUncoreCache bool) at pkg/kubelet/cm/cpumanager/cpu_assignment.go:776}","53","53"
"fd5b2efa76e44c5ef523cd0711f5ed23eb7e6b1a","CHANGE_SIGNATURE","{method_declaration policyRemoveContainerByRef(podUID string, containerName string) at pkg/kubelet/cm/cpumanager/cpu_manager.go:309}","{method_declaration policyRemoveContainerByRef(logger logr.Logger, podUID string, containerName string) at pkg/kubelet/cm/cpumanager/cpu_manager.go:316}","9","9"
"fd5b2efa76e44c5ef523cd0711f5ed23eb7e6b1a","CHANGE_SIGNATURE","{method_declaration Start(activePods ActivePodsFunc, sourcesReady config.SourcesReady, podStatusProvider status.PodStatusProvider, containerRuntime runtimeService, initialContainers containermap.ContainerMap) at pkg/kubelet/cm/cpumanager/cpu_manager.go:220}","{method_declaration Start(ctx context.Context, activePods ActivePodsFunc, sourcesReady config.SourcesReady, podStatusProvider status.PodStatusProvider, containerRuntime runtimeService, initialContainers containermap.ContainerMap) at pkg/kubelet/cm/cpumanager/cpu_manager.go:223}","34","35"
"fd5b2efa76e44c5ef523cd0711f5ed23eb7e6b1a","CHANGE_SIGNATURE","{method_declaration GetPodTopologyHints(s state.State, pod *v1.Pod) at pkg/kubelet/cm/cpumanager/policy_none.go:65}","{method_declaration GetPodTopologyHints(_ logr.Logger, s state.State, pod *v1.Pod) at pkg/kubelet/cm/cpumanager/policy_none.go:66}","3","3"
"fd5b2efa76e44c5ef523cd0711f5ed23eb7e6b1a","CHANGE_SIGNATURE","{method_declaration Allocate(s state.State, pod *v1.Pod, container *v1.Container) at pkg/kubelet/cm/cpumanager/cpu_manager_test.go:112}","{method_declaration Allocate(_ logr.Logger, s state.State, pod *v1.Pod, container *v1.Container) at pkg/kubelet/cm/cpumanager/cpu_manager_test.go:114}","3","3"
"fd5b2efa76e44c5ef523cd0711f5ed23eb7e6b1a","CHANGE_SIGNATURE","{method_declaration RemoveContainer(containerID string) at pkg/kubelet/cm/cpumanager/fake_cpu_manager.go:54}","{method_declaration RemoveContainer(logger logr.Logger, containerID string) at pkg/kubelet/cm/cpumanager/fake_cpu_manager.go:60}","4","4"
"fd5b2efa76e44c5ef523cd0711f5ed23eb7e6b1a","CHANGE_SIGNATURE","{method_declaration GetTopologyHints(s state.State, pod *v1.Pod, container *v1.Container) at pkg/kubelet/cm/cpumanager/policy_static.go:539}","{method_declaration GetTopologyHints(logger logr.Logger, s state.State, pod *v1.Pod, container *v1.Container) at pkg/kubelet/cm/cpumanager/policy_static.go:551}","51","53"
"fd5b2efa76e44c5ef523cd0711f5ed23eb7e6b1a","CHANGE_SIGNATURE","{method_declaration Start(s state.State) at pkg/kubelet/cm/cpumanager/policy_static.go:193}","{method_declaration Start(logger logr.Logger, s state.State) at pkg/kubelet/cm/cpumanager/policy_static.go:195}","8","8"
"fd5b2efa76e44c5ef523cd0711f5ed23eb7e6b1a","CHANGE_SIGNATURE","{function_declaration newCPUAccumulator(topo *topology.CPUTopology, availableCPUs cpuset.CPUSet, numCPUs int, cpuSortingStrategy CPUSortingStrategy) at pkg/kubelet/cm/cpumanager/cpu_assignment.go:294}","{function_declaration newCPUAccumulator(logger logr.Logger, topo *topology.CPUTopology, availableCPUs cpuset.CPUSet, numCPUs int, cpuSortingStrategy CPUSortingStrategy) at pkg/kubelet/cm/cpumanager/cpu_assignment.go:301}","22","23"
"fd5b2efa76e44c5ef523cd0711f5ed23eb7e6b1a","CHANGE_SIGNATURE","{method_declaration GetPodTopologyHints(s state.State, pod *v1.Pod) at pkg/kubelet/cm/cpumanager/policy_static.go:591}","{method_declaration GetPodTopologyHints(logger logr.Logger, s state.State, pod *v1.Pod) at pkg/kubelet/cm/cpumanager/policy_static.go:605}","62","66"
"fd5b2efa76e44c5ef523cd0711f5ed23eb7e6b1a","CHANGE_SIGNATURE","{function_declaration takeByTopologyNUMADistributed(topo *topology.CPUTopology, availableCPUs cpuset.CPUSet, numCPUs int, cpuGroupSize int, cpuSortingStrategy CPUSortingStrategy) at pkg/kubelet/cm/cpumanager/cpu_assignment.go:885}","{function_declaration takeByTopologyNUMADistributed(logger logr.Logger, topo *topology.CPUTopology, availableCPUs cpuset.CPUSet, numCPUs int, cpuGroupSize int, cpuSortingStrategy CPUSortingStrategy) at pkg/kubelet/cm/cpumanager/cpu_assignment.go:893}","231","231"
"fd5b2efa76e44c5ef523cd0711f5ed23eb7e6b1a","CHANGE_SIGNATURE","{method_declaration Allocate(s state.State, pod *v1.Pod, container *v1.Container) at pkg/kubelet/cm/cpumanager/policy_none.go:53}","{method_declaration Allocate(_ logr.Logger, s state.State, pod *v1.Pod, container *v1.Container) at pkg/kubelet/cm/cpumanager/policy_none.go:54}","3","3"
"fd5b2efa76e44c5ef523cd0711f5ed23eb7e6b1a","CHANGE_SIGNATURE","{function_declaration Discover(machineInfo *cadvisorapi.MachineInfo) at pkg/kubelet/cm/cpumanager/topology/topology.go:341}","{function_declaration Discover(logger logr.Logger, machineInfo *cadvisorapi.MachineInfo) at pkg/kubelet/cm/cpumanager/topology/topology.go:341}","36","36"
"fd5b2efa76e44c5ef523cd0711f5ed23eb7e6b1a","CHANGE_SIGNATURE","{function_declaration NewStaticPolicy(topology *topology.CPUTopology, numReservedCPUs int, reservedCPUs cpuset.CPUSet, affinity topologymanager.Store, cpuPolicyOptions map[string]string) at pkg/kubelet/cm/cpumanager/policy_static.go:134}","{function_declaration NewStaticPolicy(logger logr.Logger, topology *topology.CPUTopology, numReservedCPUs int, reservedCPUs cpuset.CPUSet, affinity topologymanager.Store, cpuPolicyOptions map[string]string) at pkg/kubelet/cm/cpumanager/policy_static.go:136}","54","54"
"fd5b2efa76e44c5ef523cd0711f5ed23eb7e6b1a","CHANGE_SIGNATURE","{method_declaration AddContainer(*v1.Pod, *v1.Container, string) at pkg/kubelet/cm/internal_container_lifecycle_test.go:52}","{method_declaration AddContainer(logr.Logger, *v1.Pod, *v1.Container, string) at pkg/kubelet/cm/internal_container_lifecycle_test.go:36}","3","3"
"fd5b2efa76e44c5ef523cd0711f5ed23eb7e6b1a","CHANGE_SIGNATURE","{method_declaration RemoveContainer(s state.State, podUID string, containerName string) at pkg/kubelet/cm/cpumanager/cpu_manager_test.go:116}","{method_declaration RemoveContainer(_ logr.Logger, s state.State, podUID string, containerName string) at pkg/kubelet/cm/cpumanager/cpu_manager_test.go:118}","3","3"
"fd5b2efa76e44c5ef523cd0711f5ed23eb7e6b1a","CHANGE_SIGNATURE","{method_declaration Start(s state.State) at pkg/kubelet/cm/cpumanager/policy_none.go:48}","{method_declaration Start(logger logr.Logger, s state.State) at pkg/kubelet/cm/cpumanager/policy_none.go:49}","4","4"
"fd5b2efa76e44c5ef523cd0711f5ed23eb7e6b1a","CHANGE_SIGNATURE","{method_declaration guaranteedCPUs(pod *v1.Pod, container *v1.Container) at pkg/kubelet/cm/cpumanager/policy_static.go:470}","{method_declaration guaranteedCPUs(logger logr.Logger, pod *v1.Pod, container *v1.Container) at pkg/kubelet/cm/cpumanager/policy_static.go:482}","17","17"
"fd5b2efa76e44c5ef523cd0711f5ed23eb7e6b1a","CHANGE_SIGNATURE","{method_declaration policyRemoveContainerByID(containerID string) at pkg/kubelet/cm/cpumanager/cpu_manager.go:294}","{method_declaration policyRemoveContainerByID(logger logr.Logger, containerID string) at pkg/kubelet/cm/cpumanager/cpu_manager.go:301}","14","14"
"fd5b2efa76e44c5ef523cd0711f5ed23eb7e6b1a","CHANGE_SIGNATURE","{function_declaration NewManager(cpuPolicyName string, cpuPolicyOptions map[string]string, reconcilePeriod time.Duration, machineInfo *cadvisorapi.MachineInfo, specificCPUs cpuset.CPUSet, nodeAllocatableReservation v1.ResourceList, stateFileDirectory string, affinity topologymanager.Store) at pkg/kubelet/cm/cpumanager/cpu_manager.go:159}","{function_declaration NewManager(logger logr.Logger, cpuPolicyName string, cpuPolicyOptions map[string]string, reconcilePeriod time.Duration, machineInfo *cadvisorapi.MachineInfo, specificCPUs cpuset.CPUSet, nodeAllocatableReservation v1.ResourceList, stateFileDirectory string, affinity topologymanager.Store) at pkg/kubelet/cm/cpumanager/cpu_manager.go:162}","60","60"
"fd5b2efa76e44c5ef523cd0711f5ed23eb7e6b1a","CHANGE_SIGNATURE","{method_declaration removeStaleState() at pkg/kubelet/cm/cpumanager/cpu_manager.go:351}","{method_declaration removeStaleState(rootLogger logr.Logger) at pkg/kubelet/cm/cpumanager/cpu_manager.go:360}","56","60"
"fd5b2efa76e44c5ef523cd0711f5ed23eb7e6b1a","CHANGE_SIGNATURE","{method_declaration updateMetricsOnAllocate(s state.State, cpuAlloc topology.Allocation) at pkg/kubelet/cm/cpumanager/policy_static.go:769}","{method_declaration updateMetricsOnAllocate(logger logr.Logger, s state.State, cpuAlloc topology.Allocation) at pkg/kubelet/cm/cpumanager/policy_static.go:787}","10","10"
"fd5b2efa76e44c5ef523cd0711f5ed23eb7e6b1a","CHANGE_SIGNATURE","{method_declaration Allocate(s state.State, pod *v1.Pod, container *v1.Container) at pkg/kubelet/cm/cpumanager/policy_static.go:317}","{method_declaration Allocate(logger logr.Logger, s state.State, pod *v1.Pod, container *v1.Container) at pkg/kubelet/cm/cpumanager/policy_static.go:319}","87","92"
"fd5b2efa76e44c5ef523cd0711f5ed23eb7e6b1a","CHANGE_SIGNATURE","{method_declaration allocateCPUs(s state.State, numCPUs int, numaAffinity bitmask.BitMask, reusableCPUs cpuset.CPUSet) at pkg/kubelet/cm/cpumanager/policy_static.go:432}","{method_declaration allocateCPUs(logger logr.Logger, s state.State, numCPUs int, numaAffinity bitmask.BitMask, reusableCPUs cpuset.CPUSet) at pkg/kubelet/cm/cpumanager/policy_static.go:444}","37","37"
"fd5b2efa76e44c5ef523cd0711f5ed23eb7e6b1a","CHANGE_SIGNATURE","{method_declaration RemoveContainer(s state.State, podUID string, containerName string) at pkg/kubelet/cm/cpumanager/policy_none.go:57}","{method_declaration RemoveContainer(_ logr.Logger, s state.State, podUID string, containerName string) at pkg/kubelet/cm/cpumanager/policy_none.go:58}","3","3"
"fd5b2efa76e44c5ef523cd0711f5ed23eb7e6b1a","CHANGE_SIGNATURE","{method_declaration Start(activePods ActivePodsFunc, sourcesReady config.SourcesReady, podStatusProvider status.PodStatusProvider, containerRuntime runtimeService, initialContainers containermap.ContainerMap) at pkg/kubelet/cm/cpumanager/fake_cpu_manager.go:34}","{method_declaration Start(ctx context.Context, activePods ActivePodsFunc, sourcesReady config.SourcesReady, podStatusProvider status.PodStatusProvider, containerRuntime runtimeService, initialContainers containermap.ContainerMap) at pkg/kubelet/cm/cpumanager/fake_cpu_manager.go:38}","4","5"
"fd5b2efa76e44c5ef523cd0711f5ed23eb7e6b1a","CHANGE_SIGNATURE","{function_declaration updateAllocationPerNUMAMetric(topo *topology.CPUTopology, allocatedCPUs cpuset.CPUSet) at pkg/kubelet/cm/cpumanager/policy_static.go:799}","{function_declaration updateAllocationPerNUMAMetric(logger logr.Logger, topo *topology.CPUTopology, allocatedCPUs cpuset.CPUSet) at pkg/kubelet/cm/cpumanager/policy_static.go:816}","19","19"
"fd5b2efa76e44c5ef523cd0711f5ed23eb7e6b1a","CHANGE_SIGNATURE","{method_declaration RemoveContainer(s state.State, podUID string, containerName string) at pkg/kubelet/cm/cpumanager/policy_static.go:418}","{method_declaration RemoveContainer(logger logr.Logger, s state.State, podUID string, containerName string) at pkg/kubelet/cm/cpumanager/policy_static.go:425}","13","18"
"fd5b2efa76e44c5ef523cd0711f5ed23eb7e6b1a","CHANGE_SIGNATURE","{method_declaration takeByTopology(availableCPUs cpuset.CPUSet, numCPUs int) at pkg/kubelet/cm/cpumanager/policy_static.go:522}","{method_declaration takeByTopology(logger logr.Logger, availableCPUs cpuset.CPUSet, numCPUs int) at pkg/kubelet/cm/cpumanager/policy_static.go:534}","16","16"
"fd5b2efa76e44c5ef523cd0711f5ed23eb7e6b1a","CHANGE_SIGNATURE","{function_declaration NewCheckpointState(stateDir, checkpointName, policyName string, initialContainers containermap.ContainerMap) at pkg/kubelet/cm/cpumanager/state/state_checkpoint.go:43}","{function_declaration NewCheckpointState(logger logr.Logger, stateDir, checkpointName, policyName string, initialContainers containermap.ContainerMap) at pkg/kubelet/cm/cpumanager/state/state_checkpoint.go:45}","21","25"
"fd5b2efa76e44c5ef523cd0711f5ed23eb7e6b1a","CHANGE_SIGNATURE","{method_declaration updateMetricsOnRelease(s state.State, cset cpuset.CPUSet) at pkg/kubelet/cm/cpumanager/policy_static.go:780}","{method_declaration updateMetricsOnRelease(logger logr.Logger, s state.State, cset cpuset.CPUSet) at pkg/kubelet/cm/cpumanager/policy_static.go:798}","7","7"
"fd5b2efa76e44c5ef523cd0711f5ed23eb7e6b1a","CHANGE_SIGNATURE","{method_declaration AddContainer(pod *v1.Pod, container *v1.Container, containerID string) at pkg/kubelet/cm/cpumanager/fake_cpu_manager.go:50}","{method_declaration AddContainer(logger logr.Logger, pod *v1.Pod, container *v1.Container, containerID string) at pkg/kubelet/cm/cpumanager/fake_cpu_manager.go:56}","3","3"
"fd5b2efa76e44c5ef523cd0711f5ed23eb7e6b1a","CHANGE_SIGNATURE","{method_declaration podGuaranteedCPUs(pod *v1.Pod) at pkg/kubelet/cm/cpumanager/policy_static.go:488}","{method_declaration podGuaranteedCPUs(logger logr.Logger, pod *v1.Pod) at pkg/kubelet/cm/cpumanager/policy_static.go:500}","33","33"
"fd5b2efa76e44c5ef523cd0711f5ed23eb7e6b1a","CHANGE_SIGNATURE","{method_declaration validateState(s state.State) at pkg/kubelet/cm/cpumanager/policy_static.go:202}","{method_declaration validateState(logger logr.Logger, s state.State) at pkg/kubelet/cm/cpumanager/policy_static.go:204}","70","70"
"fd5b2efa76e44c5ef523cd0711f5ed23eb7e6b1a","CHANGE_SIGNATURE","{method_declaration GetPodTopologyHints(s state.State, pod *v1.Pod) at pkg/kubelet/cm/cpumanager/cpu_manager_test.go:124}","{method_declaration GetPodTopologyHints(_ logr.Logger, s state.State, pod *v1.Pod) at pkg/kubelet/cm/cpumanager/cpu_manager_test.go:126}","3","3"
"fd5b2efa76e44c5ef523cd0711f5ed23eb7e6b1a","CHANGE_SIGNATURE","{method_declaration reconcileState() at pkg/kubelet/cm/cpumanager/cpu_manager.go:408}","{method_declaration reconcileState(ctx context.Context) at pkg/kubelet/cm/cpumanager/cpu_manager.go:421}","83","88"
"fd5b2efa76e44c5ef523cd0711f5ed23eb7e6b1a","CHANGE_SIGNATURE","{method_declaration initializeMetrics(s state.State) at pkg/kubelet/cm/cpumanager/policy_static.go:759}","{method_declaration initializeMetrics(logger logr.Logger, s state.State) at pkg/kubelet/cm/cpumanager/policy_static.go:777}","9","9"
"fd5b2efa76e44c5ef523cd0711f5ed23eb7e6b1a","CHANGE_SIGNATURE","{method_declaration GetTopologyHints(s state.State, pod *v1.Pod, container *v1.Container) at pkg/kubelet/cm/cpumanager/cpu_manager_test.go:120}","{method_declaration GetTopologyHints(_ logr.Logger, s state.State, pod *v1.Pod, container *v1.Container) at pkg/kubelet/cm/cpumanager/cpu_manager_test.go:122}","3","3"
"fd5b2efa76e44c5ef523cd0711f5ed23eb7e6b1a","CHANGE_SIGNATURE","{function_declaration NewFakeManager() at pkg/kubelet/cm/cpumanager/fake_cpu_manager.go:94}","{function_declaration NewFakeManager(logger logr.Logger) at pkg/kubelet/cm/cpumanager/fake_cpu_manager.go:102}","5","7"
"fd5b2efa76e44c5ef523cd0711f5ed23eb7e6b1a","CHANGE_SIGNATURE","{method_declaration RemoveContainer(containerID string) at pkg/kubelet/cm/cpumanager/cpu_manager.go:281}","{method_declaration RemoveContainer(logger logr.Logger, containerID string) at pkg/kubelet/cm/cpumanager/cpu_manager.go:288}","12","12"
"fd5b2efa76e44c5ef523cd0711f5ed23eb7e6b1a","CHANGE_SIGNATURE","{function_declaration getReservedCPUs(machineInfo *cadvisorapi.MachineInfo, cpus string) at cmd/kubelet/app/server.go:586}","{function_declaration getReservedCPUs(logger logr.Logger, machineInfo *cadvisorapi.MachineInfo, cpus string) at cmd/kubelet/app/server.go:587}","21","21"
"fd5b2efa76e44c5ef523cd0711f5ed23eb7e6b1a","CHANGE_SIGNATURE","{method_declaration AddContainer(pod *v1.Pod, container *v1.Container, containerID string) at pkg/kubelet/cm/cpumanager/cpu_manager.go:272}","{method_declaration AddContainer(logger logr.Logger, pod *v1.Pod, container *v1.Container, containerID string) at pkg/kubelet/cm/cpumanager/cpu_manager.go:278}","8","9"
"2cd69e0d0e653ee752bd95cc4ec0dc02538dce10","RENAME","{function_declaration claim(name, req, class string, constraints ...resourceapi.DeviceConstraint) at staging/src/k8s.io/dynamic-resource-allocation/structured/internal/allocatortesting/allocator_testing.go:304}","{function_declaration claimWithRequest(name, req, class string, constraints ...resourceapi.DeviceConstraint) at staging/src/k8s.io/dynamic-resource-allocation/structured/internal/allocatortesting/allocator_testing.go:320}","4","4"
"a35785c0331520f170de7ca260b2ea0c7fd5dcd0"
"bbd44717c15681a47567fe841770d3bc4e02ff6d"
"d10f4f395036480eecfba82a1c6d67bda05f489d"
"f8ca585b66683bb46c98a7e453ada3bb2cef6f31"
"36654a9ecbca4f0b6bf65667898e3297f09414f4"
"cff8bc868656ed67128072d7cedf92ce60a31d20"
"b2571fe170a5f05ceb9d26ad5bc3594b24968fd1"
"8a6b3caaa0dd81a6fe627d8a6e48be5d69d37c21"
"97f9819f7e7eefeb22a232811a79bc4745840c9a"
"f64797580a8462ede9b43b62f2e5b4974028b55d","CHANGE_SIGNATURE","{function_declaration lookupAttribute(device *draapi.Device, deviceID DeviceID, attributeName draapi.FullyQualifiedName) at staging/src/k8s.io/dynamic-resource-allocation/structured/internal/stable/allocator_stable.go:649}","{function_declaration lookupAttribute(device *draapi.Device, deviceID DeviceID, attributeName resourceapi.FullyQualifiedName) at staging/src/k8s.io/dynamic-resource-allocation/structured/internal/stable/allocator_stable.go:649}","24","24"
"f64797580a8462ede9b43b62f2e5b4974028b55d","CHANGE_SIGNATURE","{function_declaration CmpRequestOverCapacity(currentConsumedCapacity ConsumedCapacity, deviceRequestCapacity *resourceapi.CapacityRequirements,
	allowMultipleAllocations *bool, capacity map[draapi.QualifiedName]draapi.DeviceCapacity, allocatingCapacity ConsumedCapacity) at staging/src/k8s.io/dynamic-resource-allocation/structured/internal/experimental/consumable_capacity.go:32}","{function_declaration CmpRequestOverCapacity(currentConsumedCapacity ConsumedCapacity, deviceRequestCapacity *resourceapi.CapacityRequirements,
	allowMultipleAllocations *bool, capacity map[resourceapi.QualifiedName]resourceapi.DeviceCapacity, allocatingCapacity ConsumedCapacity) at staging/src/k8s.io/dynamic-resource-allocation/structured/internal/experimental/consumable_capacity.go:30}","39","33"
"f64797580a8462ede9b43b62f2e5b4974028b55d","CHANGE_SIGNATURE","{method_declaration matchesAttribute(attribute draapi.DeviceAttribute) at staging/src/k8s.io/dynamic-resource-allocation/structured/internal/experimental/constraint.go:94}","{method_declaration matchesAttribute(attribute resourceapi.DeviceAttribute) at staging/src/k8s.io/dynamic-resource-allocation/structured/internal/experimental/constraint.go:95}","34","34"
"f64797580a8462ede9b43b62f2e5b4974028b55d","CHANGE_SIGNATURE","{function_declaration requestsContainNonExistCapacity(deviceRequestCapacity *resourceapi.CapacityRequirements,
	capacity map[draapi.QualifiedName]draapi.DeviceCapacity) at staging/src/k8s.io/dynamic-resource-allocation/structured/internal/experimental/consumable_capacity.go:74}","{function_declaration requestsContainNonExistCapacity(deviceRequestCapacity *resourceapi.CapacityRequirements,
	capacity map[resourceapi.QualifiedName]resourceapi.DeviceCapacity) at staging/src/k8s.io/dynamic-resource-allocation/structured/internal/experimental/consumable_capacity.go:66}","12","11"
"f64797580a8462ede9b43b62f2e5b4974028b55d","CHANGE_SIGNATURE","{function_declaration lookupAttribute(device *draapi.Device, deviceID DeviceID, attributeName draapi.FullyQualifiedName) at staging/src/k8s.io/dynamic-resource-allocation/structured/internal/experimental/allocator_experimental.go:806}","{function_declaration lookupAttribute(device *draapi.Device, deviceID DeviceID, attributeName resourceapi.FullyQualifiedName) at staging/src/k8s.io/dynamic-resource-allocation/structured/internal/experimental/allocator_experimental.go:806}","24","24"
"f64797580a8462ede9b43b62f2e5b4974028b55d","CHANGE_SIGNATURE","{function_declaration lookupAttribute(device *draapi.Device, deviceID DeviceID, attributeName draapi.FullyQualifiedName) at staging/src/k8s.io/dynamic-resource-allocation/structured/internal/incubating/allocator_incubating.go:693}","{function_declaration lookupAttribute(device *draapi.Device, deviceID DeviceID, attributeName resourceapi.FullyQualifiedName) at staging/src/k8s.io/dynamic-resource-allocation/structured/internal/incubating/allocator_incubating.go:693}","24","24"
"294ff153426c4c47d2518c56b4c63b33cac93f35","CHANGE_SIGNATURE","{function_declaration GetEtcdImageTag(cfg *kubeadmapi.ClusterConfiguration) at cmd/kubeadm/app/images/images.go:78}","{function_declaration GetEtcdImageTag(cfg *kubeadmapi.ClusterConfiguration, supportedEtcdVersion map[uint8]string) at cmd/kubeadm/app/images/images.go:78}","16","16"
"294ff153426c4c47d2518c56b4c63b33cac93f35","CHANGE_SIGNATURE","{function_declaration getEtcdCommand(cfg *kubeadmapi.ClusterConfiguration, endpoint *kubeadmapi.APIEndpoint, nodeName string, initialCluster []etcdutil.Member) at cmd/kubeadm/app/phases/etcd/local.go:243}","{function_declaration getEtcdCommand(cfg *kubeadmapi.ClusterConfiguration, endpoint *kubeadmapi.APIEndpoint, nodeName string, initialCluster []etcdutil.Member, supportedEtcdVersion map[uint8]string) at cmd/kubeadm/app/phases/etcd/local.go:243}","57","57"
"294ff153426c4c47d2518c56b4c63b33cac93f35","CHANGE_SIGNATURE","{function_declaration GetEtcdImage(cfg *kubeadmapi.ClusterConfiguration) at cmd/kubeadm/app/images/images.go:66}","{function_declaration GetEtcdImage(cfg *kubeadmapi.ClusterConfiguration, supportedEtcdVersion map[uint8]string) at cmd/kubeadm/app/images/images.go:66}","10","10"
"8b87df028d855b3ae9436c874e16cc3834823169"
"8b6f98b06eae38ebf9e8db4bb2f2d8a4f9576470"
"30a6d4b389a6c6b10c5bd136216b47e55da3f18a","CHANGE_SIGNATURE","{function_declaration checkNodePublishVolume(ctx context.Context, getCalls func(ctx context.Context) ([]drivers.MockCSICall, error), pod *v1.Pod, expectPodInfo, ephemeralVolume, csiInlineVolumesEnabled, csiServiceAccountTokenEnabled bool) at test/e2e/storage/csimock/base.go:919}","{function_declaration checkNodePublishVolume(ctx context.Context, getCalls func(ctx context.Context) ([]drivers.MockCSICall, error), pod *v1.Pod, expectPodInfo, ephemeralVolume, csiInlineVolumesEnabled, csiServiceAccountTokenEnabled, serviceAccountTokenInSecrets bool) at test/e2e/storage/csimock/base.go:946}","74","93"
"30a6d4b389a6c6b10c5bd136216b47e55da3f18a","EXTRACT","{function_declaration checkNodePublishVolume(ctx context.Context, getCalls func(ctx context.Context) ([]drivers.MockCSICall, error), pod *v1.Pod, expectPodInfo, ephemeralVolume, csiInlineVolumesEnabled, csiServiceAccountTokenEnabled bool) at test/e2e/storage/csimock/base.go:919}","{function_declaration checkUnexpectedValues(unexpectedKeys sets.Set[string], actual map[string]string) at test/e2e/storage/csimock/base.go:934}","74","9"
"30a6d4b389a6c6b10c5bd136216b47e55da3f18a","EXTRACT","{function_declaration checkNodePublishVolume(ctx context.Context, getCalls func(ctx context.Context) ([]drivers.MockCSICall, error), pod *v1.Pod, expectPodInfo, ephemeralVolume, csiInlineVolumesEnabled, csiServiceAccountTokenEnabled bool) at test/e2e/storage/csimock/base.go:919}","{function_declaration checkExpectedValues(expected map[string]string, actual map[string]string) at test/e2e/storage/csimock/base.go:921}","74","10"
"0e7d42dd456382cc69f2d7b5fae7ac5c920717fd"
"167ccbc8ec0b05c28a85001de91be293e91fb680"
"fcef697a45a9d77c1648f508ec6bffb37ab0ca6f"
"715228f4789048e5e0fc9a232dbb89aeadf4cfa5"
"b5297b18ab2a6a0096e417eda0cfc4261bdb1530"
"c403fd4481193e3e98d8bccf2b5368484662fbd0","CHANGE_SIGNATURE","{function_declaration RunUpgradeChecks(ignorePreflightErrors sets.Set[string]) at cmd/kubeadm/app/preflight/checks.go:1074}","{function_declaration RunUpgradeChecks(execer utilsexec.Interface, ignorePreflightErrors sets.Set[string]) at cmd/kubeadm/app/preflight/checks.go:1088}","7","7"
"c403fd4481193e3e98d8bccf2b5368484662fbd0","CHANGE_SIGNATURE","{function_declaration addOSValidator(validators []system.Validator, reporter *system.StreamReporter) at cmd/kubeadm/app/preflight/checks_linux.go:49}","{function_declaration addOSValidator(validators []system.Validator, reporter *system.StreamReporter, kubeletVersion string) at cmd/kubeadm/app/preflight/checks_linux.go:49}","4","7"
"c403fd4481193e3e98d8bccf2b5368484662fbd0","CHANGE_SIGNATURE","{function_declaration addOSValidator(validators []system.Validator, _ *system.StreamReporter) at cmd/kubeadm/app/preflight/checks_other.go:28}","{function_declaration addOSValidator(validators []system.Validator, _ *system.StreamReporter, _ string) at cmd/kubeadm/app/preflight/checks_other.go:28}","3","3"
"5f083e3b9f59e27029c08f8f79f70fa809909160"
"5d4d6cc980f69adb8f78d1195f4a3b7ca31a8e16"
"491f7f9ba89aa7efc4fb6f844fd39a2f4e720f44"
"c247514f47f4331b82b9b6ca374b9a7a85690b57"
"f0e88857f7b5d3f56e1296b8c7b38bf4a7eee676"
"8a331a59d139e41097538d267512b96eb58543b1"
"78796239cf0890bd3b4e613a8fdf92c2a393614a"
