"11073c86802d82a3e9d16400ae8f55289fdb9ef4","CHANGE_SIGNATURE","{Function test_download_with_maxsize_very_large_file(self, mockserver, download_handler) at tests/test_downloader_handlers_http_base.py:474}","{Function test_download_with_maxsize_very_large_file(self, mockserver) at tests/test_downloader_handlers_http_base.py:473}","24","24"
"11073c86802d82a3e9d16400ae8f55289fdb9ef4","RENAME","{Function test_download_with_small_maxsize_per_spider(self, mockserver, download_handler) at tests/test_downloader_handlers_http_base.py:509}","{Function test_download_with_small_maxsize_via_setting(self, mockserver) at tests/test_downloader_handlers_http_base.py:508}","8","8"
"11073c86802d82a3e9d16400ae8f55289fdb9ef4","RENAME","{Function test_spider_has_download_timeout(self) at tests/test_downloadermiddleware_downloadtimeout.py:26}","{Function test_setting_has_download_timeout(self) at tests/test_downloadermiddleware_downloadtimeout.py:26}","6","5"
"11073c86802d82a3e9d16400ae8f55289fdb9ef4","CHANGE_SIGNATURE","{Function test_download_with_maxsize_very_large_file(self, mockserver, download_handler) at tests/test_downloader_handler_twisted_http2.py:65}","{Function test_download_with_maxsize_very_large_file(self, mockserver) at tests/test_downloader_handler_twisted_http2.py:66}","25","26"
"11073c86802d82a3e9d16400ae8f55289fdb9ef4","CHANGE_SIGNATURE","{Function test_download_with_maxsize(self, mockserver, download_handler) at tests/test_downloader_handlers_http_base.py:456}","{Function test_download_with_maxsize(self, mockserver) at tests/test_downloader_handlers_http_base.py:456}","16","15"
"1e8de2438060d85629473c5fe44c703c70109632"
"0adc5613487a26211f01028b66425d7c8ebf00ed"
"813fd9f1ac424229f8614346de8a20739481b395"
"2f62ab532dae41c1088312a6d5a32da485cdbc29"
"31a9c03c2482284a72d90af4c6dfcb0bca564b49"
"c44b8df6c7f8a6650c9655e271da2ba3a764fa15","EXTRACT","{Function test_download_warnsize_spider_attr_zstd(self) at tests/test_downloadermiddleware_httpcompression.py:702}","{Function _skip_if_no_zstd() at tests/test_downloadermiddleware_httpcompression.py:63}","6","5"
"c44b8df6c7f8a6650c9655e271da2ba3a764fa15","EXTRACT_MOVE","{Function gunzip(data, max_size) at scrapy/utils/gz.py:14}","{Function _check_max_size(decompressed_size, max_size) at scrapy/utils/_compression.py:28}","29","3"
"c44b8df6c7f8a6650c9655e271da2ba3a764fa15","EXTRACT","{Function test_compression_bomb_spider_attr_zstd(self) at tests/test_downloadermiddleware_httpcompression.py:568}","{Function _skip_if_no_zstd() at tests/test_downloadermiddleware_httpcompression.py:63}","6","5"
"c44b8df6c7f8a6650c9655e271da2ba3a764fa15","EXTRACT","{Function _inflate(data, max_size) at scrapy/utils/_compression.py:52}","{Function _check_max_size(decompressed_size, max_size) at scrapy/utils/_compression.py:28}","32","3"
"c44b8df6c7f8a6650c9655e271da2ba3a764fa15","EXTRACT","{Function test_process_response_zstd(self) at tests/test_downloadermiddleware_httpcompression.py:179}","{Function _skip_if_no_zstd() at tests/test_downloadermiddleware_httpcompression.py:63}","20","5"
"c44b8df6c7f8a6650c9655e271da2ba3a764fa15","EXTRACT","{Function test_compression_bomb_setting_zstd(self) at tests/test_downloadermiddleware_httpcompression.py:532}","{Function _skip_if_no_zstd() at tests/test_downloadermiddleware_httpcompression.py:63}","6","5"
"c44b8df6c7f8a6650c9655e271da2ba3a764fa15","EXTRACT","{Function _unbrotli(data, max_size) at scrapy/utils/_compression.py:86}","{Function _check_max_size(decompressed_size, max_size) at scrapy/utils/_compression.py:28}","19","3"
"c44b8df6c7f8a6650c9655e271da2ba3a764fa15","EXTRACT","{Function test_download_warnsize_setting_zstd(self) at tests/test_downloadermiddleware_httpcompression.py:651}","{Function _skip_if_no_zstd() at tests/test_downloadermiddleware_httpcompression.py:63}","6","5"
"c44b8df6c7f8a6650c9655e271da2ba3a764fa15","EXTRACT","{Function test_download_warnsize_request_meta_zstd(self) at tests/test_downloadermiddleware_httpcompression.py:751}","{Function _skip_if_no_zstd() at tests/test_downloadermiddleware_httpcompression.py:63}","6","5"
"c44b8df6c7f8a6650c9655e271da2ba3a764fa15","INLINE","{Function _brotli_decompress(decompressor, data) at scrapy/utils/_compression.py:37}","{Function _unbrotli(data, max_size) at scrapy/utils/_compression.py:59}","2","15"
"c44b8df6c7f8a6650c9655e271da2ba3a764fa15","EXTRACT","{Function test_compression_bomb_request_meta_zstd(self) at tests/test_downloadermiddleware_httpcompression.py:602}","{Function _skip_if_no_zstd() at tests/test_downloadermiddleware_httpcompression.py:63}","6","5"
"c44b8df6c7f8a6650c9655e271da2ba3a764fa15","EXTRACT","{Function _unzstd(data, max_size) at scrapy/utils/_compression.py:107}","{Function _check_max_size(decompressed_size, max_size) at scrapy/utils/_compression.py:28}","18","3"
"14737e91edc513967f516fc839cc9c8a4f8d91da","EXTRACT","{Function _unzstd(data, max_size) at scrapy/utils/_compression.py:107}","{Function _check_max_size(decompressed_size, max_size) at scrapy/utils/_compression.py:28}","18","3"
"14737e91edc513967f516fc839cc9c8a4f8d91da","INLINE","{Function _brotli_decompress(decompressor, data) at scrapy/utils/_compression.py:37}","{Function _unbrotli(data, max_size) at scrapy/utils/_compression.py:59}","2","15"
"14737e91edc513967f516fc839cc9c8a4f8d91da","EXTRACT_MOVE","{Function gunzip(data, max_size) at scrapy/utils/gz.py:14}","{Function _check_max_size(decompressed_size, max_size) at scrapy/utils/_compression.py:28}","29","3"
"14737e91edc513967f516fc839cc9c8a4f8d91da","EXTRACT","{Function _unbrotli(data, max_size) at scrapy/utils/_compression.py:86}","{Function _check_max_size(decompressed_size, max_size) at scrapy/utils/_compression.py:28}","19","3"
"14737e91edc513967f516fc839cc9c8a4f8d91da","EXTRACT","{Function _inflate(data, max_size) at scrapy/utils/_compression.py:52}","{Function _check_max_size(decompressed_size, max_size) at scrapy/utils/_compression.py:28}","32","3"
"d091256c58bef4736c419bddd473f977553f0fd1"
"c83ca70db32c03b3c114a025230776331cbb8541"
"85e4e6c42bda49fda7febfca088ced8abaf60520"
"426aafddca8182dba12da819046272a8fad41e72"
"ba30e8b82c97ea2cd3e72ff6a03e14fa92a5b398"
"8c5fa6e6aea333e1647f16dd7133e9db4f550a65"
"804ae167dfaf14d7bf9643ba11154010126394d4"
"61b4befc60cf7fb3f421460e168a031d7e4f1fa9","INLINE","{Function _from_settings(cls, settings, crawler) at scrapy/middleware.py:129}","{Function from_crawler(cls, crawler) at scrapy/middleware.py:104}","30","27"
"61b4befc60cf7fb3f421460e168a031d7e4f1fa9","CHANGE_SIGNATURE","{Function _test_with_crawler(mock, settings, crawler) at tests/test_utils_misc/__init__.py:167}","{Function _test_with_crawler(mock, crawler) at tests/test_utils_misc/__init__.py:104}","12","7"
"61b4befc60cf7fb3f421460e168a031d7e4f1fa9","INLINE","{Function _from_settings(cls, settings, method) at scrapy/core/downloader/contextfactory.py:100}","{Function from_crawler(cls, crawler, method) at scrapy/core/downloader/contextfactory.py:75}","18","18"
"61b4befc60cf7fb3f421460e168a031d7e4f1fa9","CHANGE_SIGNATURE","{Function __init__(self, store_uri, download_func, settings, crawler) at scrapy/pipelines/files.py:445}","{Function __init__(self, store_uri, download_func, crawler) at scrapy/pipelines/files.py:443}","53","37"
"61b4befc60cf7fb3f421460e168a031d7e4f1fa9","INLINE","{Function _from_settings(cls, settings, fingerprinter) at scrapy/dupefilters.py:114}","{Function from_crawler(cls, crawler) at scrapy/dupefilters.py:81}","8","8"
"61b4befc60cf7fb3f421460e168a031d7e4f1fa9","CHANGE_SIGNATURE","{Function __init__(self, store_uri, download_func, settings, crawler) at scrapy/pipelines/images.py:57}","{Function __init__(self, store_uri, download_func, crawler) at scrapy/pipelines/images.py:55}","65","47"
"61b4befc60cf7fb3f421460e168a031d7e4f1fa9","INLINE","{Function _from_settings(cls, settings) at scrapy/mail.py:90}","{Function from_crawler(cls, crawler) at scrapy/mail.py:74}","10","11"
"61b4befc60cf7fb3f421460e168a031d7e4f1fa9","RENAME","{Function test_default_implementation(self) at tests/test_utils_request.py:240}","{Function test_fingerprint(self) at tests/test_utils_request.py:230}","6","6"
"d414d393d4f7bff5a7d059346ea7b6c45e0ba256"
"e48a1bdde393484fe227149e798c41c343d0092d","CHANGE_SIGNATURE","{Function test_output(self) at tests/test_command_crawl.py:39}","{Function test_output(self, proj_path) at tests/test_command_crawl.py:46}","15","15"
"e48a1bdde393484fe227149e798c41c343d0092d","CHANGE_SIGNATURE","{Function test_crawlspider_missing_callback(self) at tests/test_command_parse.py:377}","{Function test_crawlspider_missing_callback(self, proj_path, mockserver) at tests/test_command_parse.py:442}","9","12"
"e48a1bdde393484fe227149e798c41c343d0092d","CHANGE_SIGNATURE","{Function test_request_with_meta(self) at tests/test_command_parse.py:184}","{Function test_request_with_meta(self, proj_path, mockserver) at tests/test_command_parse.py:202}","27","29"
"e48a1bdde393484fe227149e798c41c343d0092d","CHANGE_SIGNATURE","{Function test_parse_items_no_callback_passed(self) at tests/test_command_parse.py:329}","{Function test_parse_items_no_callback_passed(self, proj_path, mockserver) at tests/test_command_parse.py:372}","5","11"
"e48a1bdde393484fe227149e798c41c343d0092d","CHANGE_SIGNATURE","{Function test_custom_asyncio_loop_enabled_false(self) at tests/test_command_runspider.py:200}","{Function test_custom_asyncio_loop_enabled_false(self, tmp_path) at tests/test_command_runspider.py:198}","16","17"
"e48a1bdde393484fe227149e798c41c343d0092d","CHANGE_SIGNATURE","{Function test_runspider_unable_to_load(self) at tests/test_command_runspider.py:387}","{Function test_runspider_unable_to_load(self, tmp_path) at tests/test_command_runspider.py:349}","2","2"
"e48a1bdde393484fe227149e798c41c343d0092d","CHANGE_SIGNATURE","{Function test_headers(self) at tests/test_command_fetch.py:31}","{Function test_headers(self, mockserver) at tests/test_command_fetch.py:28}","5","5"
"e48a1bdde393484fe227149e798c41c343d0092d","CHANGE_SIGNATURE","{Function test_fetch_redirect_follow_302(self) at tests/test_command_shell.py:83}","{Function test_fetch_redirect_follow_302(self, mockserver) at tests/test_command_shell.py:71}","8","8"
"e48a1bdde393484fe227149e798c41c343d0092d","CHANGE_SIGNATURE","{Function test_redirect_disabled(self) at tests/test_command_fetch.py:23}","{Function test_redirect_disabled(self, mockserver) at tests/test_command_fetch.py:20}","7","7"
"e48a1bdde393484fe227149e798c41c343d0092d","CHANGE_SIGNATURE","{Function test_project_asyncio_spider_settings_select_forced(self) at tests/test_commands.py:311}","{Function test_project_asyncio_spider_settings_select_forced(self, proj_path) at tests/test_commands.py:295}","16","21"
"e48a1bdde393484fe227149e798c41c343d0092d","CHANGE_SIGNATURE","{Function test_crawlspider_not_exists_with_not_matched_url(self) at tests/test_command_parse.py:399}","{Function test_crawlspider_not_exists_with_not_matched_url(self, proj_path, mockserver) at tests/test_command_parse.py:470}","2","4"
"e48a1bdde393484fe227149e798c41c343d0092d","CHANGE_SIGNATURE","{Function test_pipelines(self) at tests/test_command_parse.py:243}","{Function test_pipelines(self, proj_path, mockserver) at tests/test_command_parse.py:269}","12","13"
"e48a1bdde393484fe227149e798c41c343d0092d","CHANGE_SIGNATURE","{Function test_project_settings_empty(self) at tests/test_commands.py:238}","{Function test_project_settings_empty(self, proj_path) at tests/test_commands.py:210}","10","10"
"e48a1bdde393484fe227149e798c41c343d0092d","CHANGE_SIGNATURE","{Function test_same_name_as_existing_file(self, force) at tests/test_command_genspider.py:158}","{Function test_same_name_as_existing_file(self, force, tmp_path) at tests/test_command_genspider.py:172}","29","34"
"e48a1bdde393484fe227149e798c41c343d0092d","CHANGE_SIGNATURE","{Function test_dump(self) at tests/test_command_genspider.py:52}","{Function test_dump(self, proj_path) at tests/test_command_genspider.py:62}","3","3"
"e48a1bdde393484fe227149e798c41c343d0092d","CHANGE_SIGNATURE","{Function test_default_reactor(self) at tests/test_command_crawl.py:100}","{Function test_default_reactor(self, proj_path) at tests/test_command_crawl.py:108}","19","19"
"e48a1bdde393484fe227149e798c41c343d0092d","RENAME","{Function setup_method(self) at tests/test_command_parse.py:21}","{Function create_files(self, proj_path) at tests/test_command_parse.py:24}","148","162"
"e48a1bdde393484fe227149e798c41c343d0092d","CHANGE_SIGNATURE","{Function test_check_returns_requests_contract(self) at tests/test_command_check.py:41}","{Function test_check_returns_requests_contract(self, proj_path) at tests/test_command_check.py:57}","8","8"
"e48a1bdde393484fe227149e798c41c343d0092d","CHANGE_SIGNATURE","{Function test_startproject_template_override(self) at tests/test_command_startproject.py:110}","{Function test_startproject_template_override(self, tmp_path) at tests/test_command_startproject.py:109}","12","13"
"e48a1bdde393484fe227149e798c41c343d0092d","CHANGE_SIGNATURE","{Function test_overwrite_output(self) at tests/test_command_runspider.py:233}","{Function test_overwrite_output(self, tmp_path) at tests/test_command_runspider.py:232}","27","27"
"e48a1bdde393484fe227149e798c41c343d0092d","CHANGE_SIGNATURE","{Function test_output_stdout(self) at tests/test_command_runspider.py:278}","{Function test_output_stdout(self, tmp_path) at tests/test_command_runspider.py:277}","15","15"
"e48a1bdde393484fe227149e798c41c343d0092d","CHANGE_SIGNATURE","{Function test_dns_failures(self) at tests/test_command_shell.py:123}","{Function test_dns_failures(self, mockserver) at tests/test_command_shell.py:111}","7","7"
"e48a1bdde393484fe227149e798c41c343d0092d","CHANGE_SIGNATURE","{Function _write_contract(self, contracts, parse_def) at tests/test_command_check.py:15}","{Function _write_contract(self, proj_path, contracts, parse_def) at tests/test_command_check.py:24}","18","23"
"e48a1bdde393484fe227149e798c41c343d0092d","CHANGE_SIGNATURE","{Function test_async_def_asyncgen_parse_exc(self) at tests/test_command_parse.py:294}","{Function test_async_def_asyncgen_parse_exc(self, proj_path, mockserver) at tests/test_command_parse.py:330}","12","15"
"e48a1bdde393484fe227149e798c41c343d0092d","CHANGE_SIGNATURE","{Function test_url(self, url, domain) at tests/test_command_genspider.py:103}","{Function test_url(self, url, domain, proj_path) at tests/test_command_genspider.py:117}","14","9"
"e48a1bdde393484fe227149e798c41c343d0092d","CHANGE_SIGNATURE","{Function test_output(self) at tests/test_command_runspider.py:217}","{Function test_output(self, tmp_path) at tests/test_command_runspider.py:216}","15","15"
"e48a1bdde393484fe227149e798c41c343d0092d","CHANGE_SIGNATURE","{Function test_arguments(self) at tests/test_command_genspider.py:12}","{Function test_arguments(self, proj_path) at tests/test_command_genspider.py:24}","7","8"
"e48a1bdde393484fe227149e798c41c343d0092d","CHANGE_SIGNATURE","{Function test_runspider_unable_to_load(self) at tests/test_command_runspider.py:147}","{Function test_runspider_unable_to_load(self, tmp_path) at tests/test_command_runspider.py:142}","3","3"
"e48a1bdde393484fe227149e798c41c343d0092d","CHANGE_SIGNATURE","{Function test_output_and_overwrite_output(self) at tests/test_command_crawl.py:83}","{Function test_output_and_overwrite_output(self, proj_path) at tests/test_command_crawl.py:91}","16","16"
"e48a1bdde393484fe227149e798c41c343d0092d","CHANGE_SIGNATURE","{Function test_same_filename_as_existing_spider(self, force) at tests/test_command_genspider.py:63}","{Function test_same_filename_as_existing_spider(self, force, proj_path) at tests/test_command_genspider.py:73}","32","36"
"e48a1bdde393484fe227149e798c41c343d0092d","CHANGE_SIGNATURE","{Function test_runspider_dnscache_disabled(self) at tests/test_command_runspider.py:103}","{Function test_runspider_dnscache_disabled(self, tmp_path) at tests/test_command_runspider.py:98}","24","26"
"e48a1bdde393484fe227149e798c41c343d0092d","CHANGE_SIGNATURE","{Function test_check_scrapes_contract(self) at tests/test_command_check.py:69}","{Function test_check_scrapes_contract(self, proj_path) at tests/test_command_check.py:85}","8","8"
"e48a1bdde393484fe227149e798c41c343d0092d","CHANGE_SIGNATURE","{Function test_overwrite_output(self) at tests/test_command_crawl.py:55}","{Function test_overwrite_output(self, proj_path) at tests/test_command_crawl.py:62}","27","28"
"e48a1bdde393484fe227149e798c41c343d0092d","CHANGE_SIGNATURE","{Function test_output(self) at tests/test_command_fetch.py:15}","{Function test_output(self, mockserver) at tests/test_command_fetch.py:12}","3","3"
"e48a1bdde393484fe227149e798c41c343d0092d","CHANGE_SIGNATURE","{Function test_redirect(self) at tests/test_command_shell.py:58}","{Function test_redirect(self, mockserver) at tests/test_command_shell.py:48}","5","3"
"e48a1bdde393484fe227149e798c41c343d0092d","CHANGE_SIGNATURE","{Function _append_settings(self, text) at tests/test_commands.py:173}","{Function _append_settings(proj_mod_path, text) at tests/test_commands.py:133}","6","4"
"e48a1bdde393484fe227149e798c41c343d0092d","CHANGE_SIGNATURE","{Function test_spider_arguments(self) at tests/test_command_parse.py:170}","{Function test_spider_arguments(self, proj_path, mockserver) at tests/test_command_parse.py:187}","13","14"
"e48a1bdde393484fe227149e798c41c343d0092d","CHANGE_SIGNATURE","{Function test_response_selector_html(self) at tests/test_command_shell.py:47}","{Function test_response_selector_html(self, mockserver) at tests/test_command_shell.py:37}","4","4"
"e48a1bdde393484fe227149e798c41c343d0092d","CHANGE_SIGNATURE","{Function test_spider_with_no_rules_attribute(self) at tests/test_command_parse.py:369}","{Function test_spider_with_no_rules_attribute(self, proj_path, mockserver) at tests/test_command_parse.py:427}","7","14"
"e48a1bdde393484fe227149e798c41c343d0092d","CHANGE_SIGNATURE","{Function test_crawlspider_matching_rule_default_callback(self) at tests/test_command_parse.py:358}","{Function test_crawlspider_matching_rule_default_callback(self, proj_path, mockserver) at tests/test_command_parse.py:413}","10","13"
"e48a1bdde393484fe227149e798c41c343d0092d","CHANGE_SIGNATURE","{Function test_args_change_settings(self) at tests/test_command_runspider.py:352}","{Function test_args_change_settings(self, tmp_path) at tests/test_command_runspider.py:314}","22","22"
"e48a1bdde393484fe227149e798c41c343d0092d","CHANGE_SIGNATURE","{Function test_fetch(self) at tests/test_command_shell.py:142}","{Function test_fetch(self, mockserver) at tests/test_command_shell.py:130}","21","21"
"e48a1bdde393484fe227149e798c41c343d0092d","CHANGE_SIGNATURE","{Function test_asyncio_enabled_false(self) at tests/test_command_runspider.py:176}","{Function test_asyncio_enabled_false(self, tmp_path) at tests/test_command_runspider.py:172}","10","11"
"e48a1bdde393484fe227149e798c41c343d0092d","CHANGE_SIGNATURE","{Function test_crawlspider_no_matching_rule(self) at tests/test_command_parse.py:387}","{Function test_crawlspider_no_matching_rule(self, proj_path, mockserver) at tests/test_command_parse.py:455}","11","14"
"e48a1bdde393484fe227149e798c41c343d0092d","CHANGE_SIGNATURE","{Function test_asyncio_enabled_default(self) at tests/test_command_runspider.py:169}","{Function test_asyncio_enabled_default(self, tmp_path) at tests/test_command_runspider.py:165}","6","6"
"e48a1bdde393484fe227149e798c41c343d0092d","CHANGE_SIGNATURE","{Function test_response_type_text(self) at tests/test_command_shell.py:35}","{Function test_response_type_text(self, mockserver) at tests/test_command_shell.py:29}","5","3"
"e48a1bdde393484fe227149e798c41c343d0092d","CHANGE_SIGNATURE","{Function test_output_flag(self) at tests/test_command_parse.py:402}","{Function test_output_flag(self, proj_path, mockserver) at tests/test_command_parse.py:475}","22","23"
"e48a1bdde393484fe227149e798c41c343d0092d","CHANGE_SIGNATURE","{Function test_startproject_with_project_dir(self) at tests/test_command_startproject.py:35}","{Function test_startproject_with_project_dir(self, tmp_path) at tests/test_command_startproject.py:40}","23","31"
"e48a1bdde393484fe227149e798c41c343d0092d","CHANGE_SIGNATURE","{Function test_project_empty_spider_settings_asyncio(self) at tests/test_commands.py:275}","{Function test_project_empty_spider_settings_asyncio(self, proj_path) at tests/test_commands.py:253}","13","15"
"e48a1bdde393484fe227149e798c41c343d0092d","CHANGE_SIGNATURE","{Function test_shell_fetch_async(self) at tests/test_command_shell.py:131}","{Function test_shell_fetch_async(self, mockserver) at tests/test_command_shell.py:119}","8","8"
"e48a1bdde393484fe227149e798c41c343d0092d","CHANGE_SIGNATURE","{Function test_startproject_permissions_from_writable(self) at tests/test_command_startproject.py:123}","{Function test_startproject_permissions_from_writable(self, tmp_path) at tests/test_command_startproject.py:123}","37","38"
"e48a1bdde393484fe227149e798c41c343d0092d","CHANGE_SIGNATURE","{Function test_response_body(self) at tests/test_command_shell.py:29}","{Function test_response_body(self, mockserver) at tests/test_command_shell.py:25}","5","3"
"e48a1bdde393484fe227149e798c41c343d0092d","CHANGE_SIGNATURE","{Function test_run_fail_spider(self) at tests/test_command_runspider.py:73}","{Function test_run_fail_spider(self, tmp_path) at tests/test_command_runspider.py:66}","6","5"
"e48a1bdde393484fe227149e798c41c343d0092d","CHANGE_SIGNATURE","{Function test_check_returns_items_contract(self) at tests/test_command_check.py:50}","{Function test_check_returns_items_contract(self, proj_path) at tests/test_command_check.py:66}","8","8"
"e48a1bdde393484fe227149e798c41c343d0092d","CHANGE_SIGNATURE","{Function test_request_replace(self) at tests/test_command_shell.py:100}","{Function test_request_replace(self, mockserver) at tests/test_command_shell.py:88}","5","5"
"e48a1bdde393484fe227149e798c41c343d0092d","MOVE","{Function call(self) at tests/test_commands.py:81}","{Function call() at tests/utils/cmdline.py:12}","6","9"
"e48a1bdde393484fe227149e798c41c343d0092d","CHANGE_SIGNATURE","{Function test_response_type_html(self) at tests/test_command_shell.py:41}","{Function test_response_type_html(self, mockserver) at tests/test_command_shell.py:33}","5","3"
"e48a1bdde393484fe227149e798c41c343d0092d","CHANGE_SIGNATURE","{Function test_template(self, tplname) at tests/test_command_genspider.py:29}","{Function test_template(self, tplname, proj_path) at tests/test_command_genspider.py:42}","19","16"
"e48a1bdde393484fe227149e798c41c343d0092d","CHANGE_SIGNATURE","{Function _assert_spider_works(self, msg) at tests/test_commands.py:192}","{Function _assert_spider_works(self, msg, proj_path) at tests/test_commands.py:153}","6","6"
"e48a1bdde393484fe227149e798c41c343d0092d","CHANGE_SIGNATURE","{Function test_list(self) at tests/test_command_genspider.py:49}","{Function test_list(self, proj_path) at tests/test_command_genspider.py:59}","2","2"
"e48a1bdde393484fe227149e798c41c343d0092d","EXTRACT","{Function test_startproject_with_project_dir(self) at tests/test_command_startproject.py:35}","{Function _assert_files_exist(project_dir, project_name) at tests/test_command_startproject.py:22}","23","8"
"e48a1bdde393484fe227149e798c41c343d0092d","CHANGE_SIGNATURE","{Function test_runspider(self) at tests/test_command_runspider.py:64}","{Function test_runspider(self, tmp_path) at tests/test_command_runspider.py:57}","8","8"
"e48a1bdde393484fe227149e798c41c343d0092d","CHANGE_SIGNATURE","{Function test_runspider_log_level(self) at tests/test_command_runspider.py:87}","{Function test_runspider_log_level(self, tmp_path) at tests/test_command_runspider.py:78}","4","6"
"e48a1bdde393484fe227149e798c41c343d0092d","CHANGE_SIGNATURE","{Function test_startproject_permissions_unchanged_in_destination(self) at tests/test_command_startproject.py:216}","{Function test_startproject_permissions_unchanged_in_destination(self, tmp_path) at tests/test_command_startproject.py:212}","59","47"
"e48a1bdde393484fe227149e798c41c343d0092d","CHANGE_SIGNATURE","{Function test_output_and_overwrite_output(self) at tests/test_command_runspider.py:261}","{Function test_output_and_overwrite_output(self, tmp_path) at tests/test_command_runspider.py:260}","16","16"
"e48a1bdde393484fe227149e798c41c343d0092d","CHANGE_SIGNATURE","{Function _assert_spider_asyncio_fail(self, msg) at tests/test_commands.py:199}","{Function _assert_spider_asyncio_fail(self, msg, proj_path) at tests/test_commands.py:160}","5","7"
"e48a1bdde393484fe227149e798c41c343d0092d","CHANGE_SIGNATURE","{Function test_response_encoding_gb18030(self) at tests/test_command_shell.py:52}","{Function test_response_encoding_gb18030(self, mockserver) at tests/test_command_shell.py:42}","5","5"
"e48a1bdde393484fe227149e798c41c343d0092d","CHANGE_SIGNATURE","{Function test_async_def_asyncio_parse_items_single_element(self) at tests/test_command_parse.py:269}","{Function test_async_def_asyncio_parse_items_single_element(self, proj_path, mockserver) at tests/test_command_parse.py:299}","11","14"
"e48a1bdde393484fe227149e798c41c343d0092d","CHANGE_SIGNATURE","{Function test_run_good_spider(self) at tests/test_command_runspider.py:80}","{Function test_run_good_spider(self, tmp_path) at tests/test_command_runspider.py:72}","6","5"
"e48a1bdde393484fe227149e798c41c343d0092d","CHANGE_SIGNATURE","{Function crawl(self, code, args) at tests/test_command_crawl.py:9}","{Function crawl(self, code, proj_path, args) at tests/test_command_crawl.py:14}","5","7"
"e48a1bdde393484fe227149e798c41c343d0092d","CHANGE_SIGNATURE","{Function test_cmdline_empty(self) at tests/test_commands.py:229}","{Function test_cmdline_empty(self, proj_path) at tests/test_commands.py:199}","8","10"
"e48a1bdde393484fe227149e798c41c343d0092d","CHANGE_SIGNATURE","{Function test_wrong_callback_passed(self) at tests/test_command_parse.py:335}","{Function test_wrong_callback_passed(self, proj_path, mockserver) at tests/test_command_parse.py:384}","11","14"
"e48a1bdde393484fe227149e798c41c343d0092d","CHANGE_SIGNATURE","{Function test_startproject_permissions_umask_022(self) at tests/test_command_startproject.py:276}","{Function test_startproject_permissions_umask_022(self, tmp_path) at tests/test_command_startproject.py:260}","45","33"
"e48a1bdde393484fe227149e798c41c343d0092d","MOVE","{Function find_in_file(filename, regex) at tests/test_commands.py:111}","{Function find_in_file(filename, regex) at tests/test_command_genspider.py:12}","9","9"
"e48a1bdde393484fe227149e798c41c343d0092d","CHANGE_SIGNATURE","{Function _test_contract(self, contracts, parse_def) at tests/test_command_check.py:34}","{Function _test_contract(self, proj_path, contracts, parse_def) at tests/test_command_check.py:48}","6","8"
"e48a1bdde393484fe227149e798c41c343d0092d","CHANGE_SIGNATURE","{Function get_log(self, code, name, args) at tests/test_command_runspider.py:60}","{Function get_log(self, cwd, code, name, args) at tests/test_command_runspider.py:51}","3","5"
"e48a1bdde393484fe227149e798c41c343d0092d","CHANGE_SIGNATURE","{Function test_async_def_asyncgen_parse_loop(self) at tests/test_command_parse.py:281}","{Function test_async_def_asyncgen_parse_loop(self, proj_path, mockserver) at tests/test_command_parse.py:314}","12","15"
"e48a1bdde393484fe227149e798c41c343d0092d","CHANGE_SIGNATURE","{Function test_project_settings(self) at tests/test_commands.py:205}","{Function test_project_settings(self, proj_path) at tests/test_commands.py:168}","6","6"
"e48a1bdde393484fe227149e798c41c343d0092d","CHANGE_SIGNATURE","{Function test_parse_items(self) at tests/test_command_parse.py:318}","{Function test_parse_items(self, proj_path, mockserver) at tests/test_command_parse.py:360}","10","11"
"e48a1bdde393484fe227149e798c41c343d0092d","CHANGE_SIGNATURE","{Function test_same_name_as_project(self) at tests/test_command_genspider.py:56}","{Function test_same_name_as_project(self, proj_path) at tests/test_command_genspider.py:66}","5","5"
"e48a1bdde393484fe227149e798c41c343d0092d","CHANGE_SIGNATURE","{Function test_project_settings_explicit_asyncio(self) at tests/test_commands.py:220}","{Function test_project_settings_explicit_asyncio(self, proj_path) at tests/test_commands.py:187}","8","11"
"e48a1bdde393484fe227149e798c41c343d0092d","CHANGE_SIGNATURE","{Function test_check_cb_kwargs_contract(self) at tests/test_command_check.py:59}","{Function test_check_cb_kwargs_contract(self, proj_path) at tests/test_command_check.py:75}","9","9"
"e48a1bdde393484fe227149e798c41c343d0092d","CHANGE_SIGNATURE","{Function test_redirect_default(self) at tests/test_command_fetch.py:19}","{Function test_redirect_default(self, mockserver) at tests/test_command_fetch.py:16}","3","3"
"e48a1bdde393484fe227149e798c41c343d0092d","CHANGE_SIGNATURE","{Function test_startproject_permissions_from_read_only(self) at tests/test_command_startproject.py:161}","{Function test_startproject_permissions_from_read_only(self, tmp_path) at tests/test_command_startproject.py:162}","54","49"
"e48a1bdde393484fe227149e798c41c343d0092d","CHANGE_SIGNATURE","{Function test_list(self) at tests/test_commands.py:330}","{Function test_list(self, proj_path) at tests/test_commands.py:319}","2","2"
"e48a1bdde393484fe227149e798c41c343d0092d","CHANGE_SIGNATURE","{Function test_cmdline_asyncio(self) at tests/test_commands.py:212}","{Function test_cmdline_asyncio(self, proj_path) at tests/test_commands.py:175}","7","11"
"e48a1bdde393484fe227149e798c41c343d0092d","CHANGE_SIGNATURE","{Function test_project_asyncio_spider_settings_select(self) at tests/test_commands.py:289}","{Function test_project_asyncio_spider_settings_select(self, proj_path) at tests/test_commands.py:269}","21","25"
"e48a1bdde393484fe227149e798c41c343d0092d","CHANGE_SIGNATURE","{Function test_start_errors(self) at tests/test_command_runspider.py:151}","{Function test_start_errors(self, tmp_path) at tests/test_command_runspider.py:146}","4","4"
"e48a1bdde393484fe227149e798c41c343d0092d","CHANGE_SIGNATURE","{Function test_request_without_meta(self) at tests/test_command_parse.py:231}","{Function test_request_without_meta(self, proj_path, mockserver) at tests/test_command_parse.py:254}","11","14"
"e48a1bdde393484fe227149e798c41c343d0092d","CHANGE_SIGNATURE","{Function test_scrapy_import(self) at tests/test_command_shell.py:106}","{Function test_scrapy_import(self, mockserver) at tests/test_command_shell.py:94}","5","5"
"e48a1bdde393484fe227149e798c41c343d0092d","CHANGE_SIGNATURE","{Function test_fetch_redirect_not_follow_302(self) at tests/test_command_shell.py:92}","{Function test_fetch_redirect_not_follow_302(self, mockserver) at tests/test_command_shell.py:80}","7","7"
"e48a1bdde393484fe227149e798c41c343d0092d","CHANGE_SIGNATURE","{Function _replace_custom_settings(self, spider_name, text) at tests/test_commands.py:180}","{Function _replace_custom_settings(proj_mod_path, spider_name, text) at tests/test_commands.py:139}","11","13"
"e48a1bdde393484fe227149e798c41c343d0092d","CHANGE_SIGNATURE","{Function test_async_def_asyncio_parse(self) at tests/test_command_parse.py:307}","{Function test_async_def_asyncio_parse(self, proj_path, mockserver) at tests/test_command_parse.py:346}","10","13"
"e48a1bdde393484fe227149e798c41c343d0092d","CHANGE_SIGNATURE","{Function test_runspider_default_reactor(self) at tests/test_command_runspider.py:92}","{Function test_runspider_default_reactor(self, tmp_path) at tests/test_command_runspider.py:85}","10","12"
"e48a1bdde393484fe227149e798c41c343d0092d","CHANGE_SIGNATURE","{Function test_no_output(self) at tests/test_command_crawl.py:19}","{Function test_no_output(self, proj_path) at tests/test_command_crawl.py:26}","19","19"
"e48a1bdde393484fe227149e798c41c343d0092d","CHANGE_SIGNATURE","{Function get_log(self, code, args) at tests/test_command_crawl.py:15}","{Function get_log(self, code, proj_path, args) at tests/test_command_crawl.py:22}","3","3"
"e48a1bdde393484fe227149e798c41c343d0092d","CHANGE_SIGNATURE","{Function test_start_errors(self) at tests/test_command_runspider.py:382}","{Function test_start_errors(self, tmp_path) at tests/test_command_runspider.py:344}","4","4"
"e48a1bdde393484fe227149e798c41c343d0092d","CHANGE_SIGNATURE","{Function test_runspider_no_spider_found(self) at tests/test_command_runspider.py:139}","{Function test_runspider_no_spider_found(self, tmp_path) at tests/test_command_runspider.py:134}","3","3"
"e48a1bdde393484fe227149e798c41c343d0092d","CHANGE_SIGNATURE","{Function test_redirect_not_follow_302(self) at tests/test_command_shell.py:73}","{Function test_redirect_not_follow_302(self, mockserver) at tests/test_command_shell.py:61}","9","9"
"e48a1bdde393484fe227149e798c41c343d0092d","CHANGE_SIGNATURE","{Function test_spider_settings_asyncio(self) at tests/test_commands.py:249}","{Function test_spider_settings_asyncio(self, proj_path) at tests/test_commands.py:221}","9","11"
"e48a1bdde393484fe227149e798c41c343d0092d","CHANGE_SIGNATURE","{Function test_request_with_cb_kwargs(self) at tests/test_command_parse.py:212}","{Function test_request_with_cb_kwargs(self, proj_path, mockserver) at tests/test_command_parse.py:232}","18","21"
"e48a1bdde393484fe227149e798c41c343d0092d","CHANGE_SIGNATURE","{Function test_SCRAPY_CHECK_set(self) at tests/test_command_check.py:93}","{Function test_SCRAPY_CHECK_set(self, proj_path) at tests/test_command_check.py:109}","7","7"
"e48a1bdde393484fe227149e798c41c343d0092d","CHANGE_SIGNATURE","{Function test_asyncio_enabled_true(self) at tests/test_command_runspider.py:156}","{Function test_asyncio_enabled_true(self, tmp_path) at tests/test_command_runspider.py:151}","12","13"
"e48a1bdde393484fe227149e798c41c343d0092d","CHANGE_SIGNATURE","{Function test_custom_asyncio_loop_enabled_true(self) at tests/test_command_runspider.py:188}","{Function test_custom_asyncio_loop_enabled_true(self, tmp_path) at tests/test_command_runspider.py:185}","11","12"
"e48a1bdde393484fe227149e798c41c343d0092d","CHANGE_SIGNATURE","{Function test_async_def_asyncio_parse_items_list(self) at tests/test_command_parse.py:256}","{Function test_async_def_asyncio_parse_items_list(self, proj_path, mockserver) at tests/test_command_parse.py:283}","12","15"
"e48a1bdde393484fe227149e798c41c343d0092d","CHANGE_SIGNATURE","{Function test_generate_standalone_spider(self) at tests/test_command_genspider.py:153}","{Function test_generate_standalone_spider(self, tmp_path) at tests/test_command_genspider.py:167}","3","3"
"e48a1bdde393484fe227149e798c41c343d0092d","CHANGE_SIGNATURE","{Function test_template_start_urls(self, url, expected, template) at tests/test_command_genspider.py:142}","{Function test_template_start_urls(self, url, expected, template, proj_path) at tests/test_command_genspider.py:151}","8","13"
"e48a1bdde393484fe227149e798c41c343d0092d","CHANGE_SIGNATURE","{Function test_redirect_follow_302(self) at tests/test_command_shell.py:64}","{Function test_redirect_follow_302(self, mockserver) at tests/test_command_shell.py:52}","8","8"
"e48a1bdde393484fe227149e798c41c343d0092d","CHANGE_SIGNATURE","{Function test_help_messages(self) at tests/test_commands.py:410}","{Function test_help_messages(self, proj_path) at tests/test_commands.py:394}","4","4"
"e48a1bdde393484fe227149e798c41c343d0092d","CHANGE_SIGNATURE","{Function test_check_all_default_contracts(self) at tests/test_command_check.py:78}","{Function test_check_all_default_contracts(self, proj_path) at tests/test_command_check.py:94}","14","14"
"e48a1bdde393484fe227149e798c41c343d0092d","CHANGE_SIGNATURE","{Function test_crawlspider_matching_rule_callback_set(self) at tests/test_command_parse.py:347}","{Function test_crawlspider_matching_rule_callback_set(self, proj_path, mockserver) at tests/test_command_parse.py:399}","10","13"
"e48a1bdde393484fe227149e798c41c343d0092d","CHANGE_SIGNATURE","{Function test_spider_settings_asyncio_cmdline_empty(self) at tests/test_commands.py:259}","{Function test_spider_settings_asyncio_cmdline_empty(self, proj_path) at tests/test_commands.py:233}","15","19"
"9cce6c30db7f7050e99a6668eb0406aed9b730a1"
"5afc9b02215ea43720c69665e4569cf44cde36e3"
"eb496470f13470621a65b950c7fb91afeb41f41f"
"a5bbeb2586c954258e6ec9c80e2978cd130ced13"
"2d073a9c0dc8fc6a059223bf7dd4fd0d998732e0"
"e98c1644cef1ef5c6de4009aeb44b262c59a29b2"
"b49aa2fb0cc58a24b51f379c610df548f0511f21"
"7b215c6578de037aca85d538083905af4a0474ce"
"4865a500b62fada0be245b9201339cc3d093c6d2"
"a02abdcf6370d5f05e4488a7355eaad86638a5bd"
"c577771838cef907f539531728efcacffc519576"
"10850e7d2933506f4715e86f8cd153534d601498","EXTRACT","{Function install_scrapy_root_handler(settings) at scrapy/utils/log.py:134}","{Function _uninstall_scrapy_root_handler() at scrapy/utils/log.py:143}","11","9"
"1c6ba00fd07e4b5eee23a4faa5633bd01ff8b2d3","CHANGE_SIGNATURE","{Function test_crawl_multiple(self) at tests/test_crawl.py:404}","{Function test_crawl_multiple(self, caplog) at tests/test_crawl.py:404}","18","18"
"798390c0969f14a57fdb5528dba230d743ef7336"
"dd0b071bcccad8e4b0f8958fb8a35edb0201a02a","EXTRACT","{Function __init__(self, crawler) at scrapy/core/scraper.py:104}","{Function _check_deprecated_itemproc_method(self, method) at scrapy/core/scraper.py:127}","57","26"
"dd0b071bcccad8e4b0f8958fb8a35edb0201a02a","RENAME","{Function test_deprecated_spider_arg(self) at tests/test_spidermiddleware.py:607}","{Function test_deprecated_mw_spider_arg(self) at tests/test_spidermiddleware.py:608}","27","27"
"dd0b071bcccad8e4b0f8958fb8a35edb0201a02a","EXTRACT","{Function process_item(self, item, spider) at tests/test_pipelines.py:275}","{Function process_item(self, item, spider) at tests/test_pipelines.py:296}","4","4"
"f2531808f3b0041786c68e50a88f6c5500a37dd4"
"393d71520595af3891c6170e86354bf5bf636b9d"
"d239fcf936bd5950399da2edb9612baadc7ee3e6"
"2ad81a0ef88309526b52a03d5281600e84ef94a5","INLINE","{Function _logerror(self, exc, request, spider) at scrapy/downloadermiddlewares/robotstxt.py:112}","{Function robot_parser(self, request) at scrapy/downloadermiddlewares/robotstxt.py:84}","8","33"
"2ad81a0ef88309526b52a03d5281600e84ef94a5","CHANGE_SIGNATURE","{Function process(self, response, request, spider) at tests/test_middleware.py:36}","{Function process(self, response, request) at tests/test_middleware.py:36}","2","2"
"2ad81a0ef88309526b52a03d5281600e84ef94a5","CHANGE_SIGNATURE","{Function _test_retry(self, req, exception, max_retry_times, spider, middleware) at tests/test_downloadermiddleware_retry.py:259}","{Function _test_retry(self, req, exception, max_retry_times, middleware) at tests/test_downloadermiddleware_retry.py:252}","18","16"
"2ad81a0ef88309526b52a03d5281600e84ef94a5","EXTRACT_MOVE","{Function redirectmw(self) at tests/test_spidermiddleware_referer.py:1019}","{Function from_crawler(cls, crawler) at tests/test_request_attribute_binding.py:53}","3","2"
"2ad81a0ef88309526b52a03d5281600e84ef94a5","CHANGE_SIGNATURE","{Function process_request(self, request, spider) at tests/test_downloadermiddleware.py:273}","{Function process_request(self, request) at tests/test_downloadermiddleware.py:273}","3","3"
"2ad81a0ef88309526b52a03d5281600e84ef94a5","CHANGE_SIGNATURE","{Function _cache_response(self, spider, response, request, cachedresponse) at scrapy/downloadermiddlewares/httpcache.py:146}","{Function _cache_response(self, response, request) at scrapy/downloadermiddlewares/httpcache.py:153}","12","6"
"2ad81a0ef88309526b52a03d5281600e84ef94a5","EXTRACT","{Function _get_settings(self, **new_settings) at tests/test_downloadermiddleware_httpcache.py:40}","{Function _get_settings(self) at tests/test_downloadermiddleware_httpcache.py:46}","11","11"
"2ad81a0ef88309526b52a03d5281600e84ef94a5","CHANGE_SIGNATURE","{Function _middleware(self, **new_settings) at tests/test_downloadermiddleware_httpcache.py:63}","{Function _middleware(self) at tests/test_downloadermiddleware_httpcache.py:76}","8","9"
"2ad81a0ef88309526b52a03d5281600e84ef94a5","CHANGE_SIGNATURE","{Function robot_parser(self, request, spider) at scrapy/downloadermiddlewares/robotstxt.py:82}","{Function robot_parser(self, request) at scrapy/downloadermiddlewares/robotstxt.py:84}","29","33"
"2ad81a0ef88309526b52a03d5281600e84ef94a5","CHANGE_SIGNATURE","{Function process_request(self, request, spider) at tests/test_downloadermiddleware.py:232}","{Function process_request(self, request) at tests/test_downloadermiddleware.py:232}","5","5"
"2ad81a0ef88309526b52a03d5281600e84ef94a5","CHANGE_SIGNATURE","{Function _process_requestresponse(self, mw, request, response) at tests/test_downloadermiddleware_httpcache.py:246}","{Function _process_requestresponse(mw, request, response) at tests/test_downloadermiddleware_httpcache.py:261}","15","18"
"2ad81a0ef88309526b52a03d5281600e84ef94a5","CHANGE_SIGNATURE","{Function _storage(self, **new_settings) at tests/test_downloadermiddleware_httpcache.py:53}","{Function _storage(self) at tests/test_downloadermiddleware_httpcache.py:71}","3","3"
"2ad81a0ef88309526b52a03d5281600e84ef94a5","CHANGE_SIGNATURE","{Function _redirect(self, redirected, request, spider, reason) at scrapy/downloadermiddlewares/redirect.py:95}","{Function _redirect(self, redirected, request, reason) at scrapy/downloadermiddlewares/redirect.py:99}","31","29"
"2ad81a0ef88309526b52a03d5281600e84ef94a5","CHANGE_SIGNATURE","{Function process_response(self, request, response, spider) at tests/test_downloadermiddleware.py:193}","{Function process_response(self, request, response) at tests/test_downloadermiddleware.py:193}","2","2"
"2ad81a0ef88309526b52a03d5281600e84ef94a5","CHANGE_SIGNATURE","{Function process_response(self, request, response, spider) at tests/test_request_cb_kwargs.py:19}","{Function process_response(self, request, response) at tests/test_request_cb_kwargs.py:19}","4","4"
"2ad81a0ef88309526b52a03d5281600e84ef94a5","EXTRACT_MOVE","{Function setup_method(self) at tests/test_downloadermiddleware_httpcompression.py:71}","{Function from_crawler(cls, crawler) at tests/test_request_attribute_binding.py:53}","5","2"
"2ad81a0ef88309526b52a03d5281600e84ef94a5","CHANGE_SIGNATURE","{Function redirectmw(self) at tests/test_spidermiddleware_referer.py:1019}","{Function redirectmw(self, crawler) at tests/test_spidermiddleware_referer.py:1022}","3","2"
"2ad81a0ef88309526b52a03d5281600e84ef94a5","CHANGE_SIGNATURE","{Function referrermw(self) at tests/test_spidermiddleware_referer.py:1014}","{Function referrermw(self, crawler) at tests/test_spidermiddleware_referer.py:1018}","3","2"
"2ad81a0ef88309526b52a03d5281600e84ef94a5","CHANGE_SIGNATURE","{Function test(self, referrermw, redirectmw, spider) at tests/test_spidermiddleware_referer.py:1023}","{Function test(self, crawler, referrermw, redirectmw) at tests/test_spidermiddleware_referer.py:1025}","30","31"
"2ad81a0ef88309526b52a03d5281600e84ef94a5","CHANGE_SIGNATURE","{Function _retry(self, request, reason, spider) at scrapy/downloadermiddlewares/retry.py:160}","{Function _retry(self, request, reason) at scrapy/downloadermiddlewares/retry.py:167}","15","13"
"2ad81a0ef88309526b52a03d5281600e84ef94a5","CHANGE_SIGNATURE","{Function process_request(self, request, spider) at tests/test_downloadermiddleware.py:179}","{Function process_request(self, request) at tests/test_downloadermiddleware.py:179}","2","2"
"2ad81a0ef88309526b52a03d5281600e84ef94a5","RENAME","{Function get_defaults_spider_mw(self) at tests/test_downloadermiddleware_defaultheaders.py:9}","{Function get_defaults_mw(self) at tests/test_downloadermiddleware_defaultheaders.py:9}","8","7"
"2ad81a0ef88309526b52a03d5281600e84ef94a5","EXTRACT_MOVE","{Function referrermw(self) at tests/test_spidermiddleware_referer.py:1014}","{Function from_crawler(cls, crawler) at tests/test_request_attribute_binding.py:53}","3","2"
"2ad81a0ef88309526b52a03d5281600e84ef94a5","CHANGE_SIGNATURE","{Function test_robotstxt_error(self) at tests/test_downloadermiddleware_robotstxt.py:167}","{Function test_robotstxt_error(self, caplog) at tests/test_downloadermiddleware_robotstxt.py:166}","15","14"
"2ad81a0ef88309526b52a03d5281600e84ef94a5","EXTRACT_MOVE","{Function test_redirect_schemes(url, location, target) at tests/test_downloadermiddleware_redirect.py:1167}","{Function from_crawler(cls, crawler) at tests/test_request_attribute_binding.py:53}","12","2"
"2ad81a0ef88309526b52a03d5281600e84ef94a5","CHANGE_SIGNATURE","{Function process_exception(self, request, exception, spider) at tests/test_request_attribute_binding.py:25}","{Function process_exception(self, request, exception) at tests/test_request_attribute_binding.py:25}","6","6"
"2ad81a0ef88309526b52a03d5281600e84ef94a5","CHANGE_SIGNATURE","{Function process_response(self, request, response, spider) at tests/test_request_attribute_binding.py:14}","{Function process_response(self, request, response) at tests/test_request_attribute_binding.py:14}","2","2"
"2ad81a0ef88309526b52a03d5281600e84ef94a5","CHANGE_SIGNATURE","{Function process_exception(self, request, exception, spider) at tests/test_request_attribute_binding.py:34}","{Function process_exception(self, request, exception) at tests/test_request_attribute_binding.py:34}","5","5"
"2ad81a0ef88309526b52a03d5281600e84ef94a5","CHANGE_SIGNATURE","{Function _debug_set_cookie(self, response, spider) at scrapy/downloadermiddlewares/cookies.py:114}","{Function _debug_set_cookie(self, response) at scrapy/downloadermiddlewares/cookies.py:121}","10","10"
"2ad81a0ef88309526b52a03d5281600e84ef94a5","CHANGE_SIGNATURE","{Function process_exception(self, request, exception, spider) at tests/test_downloadermiddleware.py:210}","{Function process_exception(self, request, exception) at tests/test_downloadermiddleware.py:210}","2","2"
"2ad81a0ef88309526b52a03d5281600e84ef94a5","CHANGE_SIGNATURE","{Function process_response(self, request, response, spider) at tests/test_request_attribute_binding.py:49}","{Function process_response(self, request, response) at tests/test_request_attribute_binding.py:56}","7","7"
"2ad81a0ef88309526b52a03d5281600e84ef94a5","CHANGE_SIGNATURE","{Function process(self, response, request, spider) at tests/test_middleware.py:23}","{Function process(self, response, request) at tests/test_middleware.py:23}","2","2"
"2ad81a0ef88309526b52a03d5281600e84ef94a5","CHANGE_SIGNATURE","{Function process_request(self, request, spider) at tests/test_downloadermiddleware.py:255}","{Function process_request(self, request) at tests/test_downloadermiddleware.py:255}","3","3"
"2ad81a0ef88309526b52a03d5281600e84ef94a5","CHANGE_SIGNATURE","{Function process_request(self, request, spider) at tests/test_request_cb_kwargs.py:15}","{Function process_request(self, request) at tests/test_request_cb_kwargs.py:15}","3","3"
"2ad81a0ef88309526b52a03d5281600e84ef94a5","CHANGE_SIGNATURE","{Function _debug_cookie(self, request, spider) at scrapy/downloadermiddlewares/cookies.py:103}","{Function _debug_cookie(self, request) at scrapy/downloadermiddlewares/cookies.py:110}","10","10"
"2ad81a0ef88309526b52a03d5281600e84ef94a5","EXTRACT_MOVE","{Function test_meta_refresh_schemes(url, location, target) at tests/test_downloadermiddleware_redirect.py:1289}","{Function from_crawler(cls, crawler) at tests/test_request_attribute_binding.py:53}","12","2"
"2ad81a0ef88309526b52a03d5281600e84ef94a5","CHANGE_SIGNATURE","{Function process_request(self, request, spider) at tests/test_request_attribute_binding.py:19}","{Function process_request(self, request) at tests/test_request_attribute_binding.py:19}","3","3"
"2ad81a0ef88309526b52a03d5281600e84ef94a5","CHANGE_SIGNATURE","{Function process_request(self, request, spider) at tests/test_downloadermiddleware.py:207}","{Function process_request(self, request) at tests/test_downloadermiddleware.py:207}","2","2"
"2ad81a0ef88309526b52a03d5281600e84ef94a5","EXTRACT_MOVE","{Function get_defaults_spider_mw(self) at tests/test_downloadermiddleware_defaultheaders.py:9}","{Function from_crawler(cls, crawler) at tests/test_request_attribute_binding.py:53}","8","2"
"2ad81a0ef88309526b52a03d5281600e84ef94a5","EXTRACT_MOVE","{Function setup_method(self) at tests/test_downloadermiddleware_redirect.py:1190}","{Function from_crawler(cls, crawler) at tests/test_request_attribute_binding.py:53}","4","2"
"2ad81a0ef88309526b52a03d5281600e84ef94a5","CHANGE_SIGNATURE","{Function process_request_2(self, rp, request, spider) at scrapy/downloadermiddlewares/robotstxt.py:62}","{Function process_request_2(self, rp, request) at scrapy/downloadermiddlewares/robotstxt.py:66}","19","17"
"c097921c4475832edfd89f372af5e8e93e34b44b"
"80beec41b5cc31bd7bbb53e90d921014e4877d72"
"00b2be0943a4133a9758637ee4d8c50df6c30dc6"
"3ee4a52aa1ced320ce48f9c6e1bedf6482aa763a"
"ed63fa94d698ba09875d45c20253b98e05cca5e5","CHANGE_SIGNATURE","{Function process_item(self, item, spider) at tests/pipelines.py:15}","{Function process_item(self, item) at tests/pipelines.py:15}","2","2"
"ed63fa94d698ba09875d45c20253b98e05cca5e5","CHANGE_SIGNATURE","{Function process_spider_exception(self, response, exception, spider) at tests/test_spidermiddleware.py:221}","{Function process_spider_exception(self, response, exception) at tests/test_spidermiddleware.py:221}","7","7"
"ed63fa94d698ba09875d45c20253b98e05cca5e5","CHANGE_SIGNATURE","{Function process_item(self, item, spider) at tests/AsyncCrawlerProcess/asyncio_deferred_signal.py:19}","{Function process_item(self, item) at tests/AsyncCrawlerProcess/asyncio_deferred_signal.py:19}","2","2"
"ed63fa94d698ba09875d45c20253b98e05cca5e5","INLINE","{Function process_item(self, item, spider) at tests/test_pipelines.py:187}","{Function test_integration_no_async_subclass(self, mockserver) at tests/test_pipelines.py:191}","6","60"
"ed63fa94d698ba09875d45c20253b98e05cca5e5","EXTRACT","{Function process_item(self, item, spider) at tests/test_pipelines.py:40}","{Function process_item(self, item) at tests/test_pipelines.py:49}","6","6"
"ed63fa94d698ba09875d45c20253b98e05cca5e5","CHANGE_SIGNATURE","{Function process_item(self, item, spider) at tests/test_pipelines.py:49}","{Function process_item(self, item) at tests/test_pipelines.py:58}","8","8"
"ed63fa94d698ba09875d45c20253b98e05cca5e5","EXTRACT","{Function process_item(self, item, spider) at tests/test_pipelines.py:32}","{Function process_item(self, item) at tests/test_pipelines.py:41}","5","5"
"ed63fa94d698ba09875d45c20253b98e05cca5e5","CHANGE_SIGNATURE","{Function test_process_spider_input(self, mw, spider, res200, res404) at tests/test_spidermiddleware_httperror.py:86}","{Function test_process_spider_input(self, mw, res200, res404) at tests/test_spidermiddleware_httperror.py:81}","10","6"
"ed63fa94d698ba09875d45c20253b98e05cca5e5","CHANGE_SIGNATURE","{Function process_spider_exception(self, response, exception, spider) at tests/test_spidermiddleware_output_chain.py:168}","{Function process_spider_exception(self, response, exception) at tests/test_spidermiddleware_output_chain.py:177}","3","5"
"ed63fa94d698ba09875d45c20253b98e05cca5e5","CHANGE_SIGNATURE","{Function process_item(self, item, spider) at tests/pipelines.py:10}","{Function process_item(self, item) at tests/pipelines.py:10}","2","2"
"ed63fa94d698ba09875d45c20253b98e05cca5e5","CHANGE_SIGNATURE","{Function process_spider_output(self, response, result, spider) at tests/test_spidermiddleware_output_chain.py:230}","{Function process_spider_output(self, response, result) at tests/test_spidermiddleware_output_chain.py:245}","6","6"
"ed63fa94d698ba09875d45c20253b98e05cca5e5","EXTRACT_MOVE","{Function test_deprecated_spider_arg_with_crawler(crawler) at tests/test_middleware.py:127}","{Function close_spider(self, spider) at tests/test_pipelines.py:196}","15","2"
"ed63fa94d698ba09875d45c20253b98e05cca5e5","EXTRACT","{Function process_item(self, item, spider) at tests/test_pipelines.py:40}","{Function process_item(self, item) at tests/test_pipelines.py:41}","6","5"
"ed63fa94d698ba09875d45c20253b98e05cca5e5","CHANGE_SIGNATURE","{Function process_spider_exception(self, response, exception, spider) at tests/test_spidermiddleware_output_chain.py:237}","{Function process_spider_exception(self, response, exception) at tests/test_spidermiddleware_output_chain.py:252}","3","5"
"ed63fa94d698ba09875d45c20253b98e05cca5e5","CHANGE_SIGNATURE","{Function process_spider_exception(self, response, exception, spider) at tests/test_spidermiddleware_output_chain.py:196}","{Function process_spider_exception(self, response, exception) at tests/test_spidermiddleware_output_chain.py:209}","4","6"
"ed63fa94d698ba09875d45c20253b98e05cca5e5","CHANGE_SIGNATURE","{Function process_spider_output(self, response, result, spider) at tests/test_spidermiddleware.py:108}","{Function process_spider_output(self, response, result) at tests/test_spidermiddleware.py:108}","2","2"
"ed63fa94d698ba09875d45c20253b98e05cca5e5","MOVE","{Function test_deprecated_spider_arg_with_crawler(crawler) at tests/test_middleware.py:127}","{Function test_deprecated_spider_arg_with_crawler(self, crawler) at tests/test_pipelines.py:366}","15","15"
"ed63fa94d698ba09875d45c20253b98e05cca5e5","CHANGE_SIGNATURE","{Function test_meta_overrides_settings(self, mw, spider) at tests/test_spidermiddleware_httperror.py:177}","{Function test_meta_overrides_settings(self, mw) at tests/test_spidermiddleware_httperror.py:166}","12","10"
"ed63fa94d698ba09875d45c20253b98e05cca5e5","CHANGE_SIGNATURE","{Function process_spider_output(self, response, result, spider) at tests/test_spidermiddleware.py:392}","{Function process_spider_output(self, response, result) at tests/test_spidermiddleware.py:392}","2","2"
"ed63fa94d698ba09875d45c20253b98e05cca5e5","EXTRACT","{Function process_item(self, item, spider) at tests/test_pipelines.py:40}","{Function process_item(self, item) at tests/test_pipelines.py:23}","6","3"
"ed63fa94d698ba09875d45c20253b98e05cca5e5","CHANGE_SIGNATURE","{Function test_process_spider_input(self, mw, spider, res200, res402, res404) at tests/test_spidermiddleware_httperror.py:123}","{Function test_process_spider_input(self, mw, res200, res402, res404) at tests/test_spidermiddleware_httperror.py:117}","12","11"
"ed63fa94d698ba09875d45c20253b98e05cca5e5","CHANGE_SIGNATURE","{Function test_middleware_works(mw, spider) at tests/test_spidermiddleware_urllength.py:50}","{Function test_middleware_works(mw) at tests/test_spidermiddleware_urllength.py:45}","2","2"
"ed63fa94d698ba09875d45c20253b98e05cca5e5","CHANGE_SIGNATURE","{Function process_spider_exception(self, response, exception, spider) at tests/test_spidermiddleware_output_chain.py:19}","{Function process_spider_exception(self, response, exception) at tests/test_spidermiddleware_output_chain.py:28}","8","8"
"ed63fa94d698ba09875d45c20253b98e05cca5e5","CHANGE_SIGNATURE","{Function test_process_spider_exception(self, mw, spider, res404) at tests/test_spidermiddleware_httperror.py:97}","{Function test_process_spider_exception(self, mw, res404) at tests/test_spidermiddleware_httperror.py:88}","5","5"
"ed63fa94d698ba09875d45c20253b98e05cca5e5","EXTRACT","{Function process_item(self, item, spider) at tests/test_pipelines.py:22}","{Function process_item(self, item) at tests/test_pipelines.py:23}","3","3"
"ed63fa94d698ba09875d45c20253b98e05cca5e5","CHANGE_SIGNATURE","{Function process_spider_output(self, response, result, spider) at tests/test_spidermiddleware.py:199}","{Function process_spider_output(self, response, result) at tests/test_spidermiddleware.py:199}","3","3"
"ed63fa94d698ba09875d45c20253b98e05cca5e5","CHANGE_SIGNATURE","{Function process_spider_output(self, response, result, spider) at tests/test_spidermiddleware.py:323}","{Function process_spider_output(self, response, result) at tests/test_spidermiddleware.py:323}","2","2"
"ed63fa94d698ba09875d45c20253b98e05cca5e5","EXTRACT","{Function open_spider(self, spider) at tests/test_pipelines.py:249}","{Function open_spider(self, spider) at tests/test_pipelines.py:269}","2","2"
"ed63fa94d698ba09875d45c20253b98e05cca5e5","CHANGE_SIGNATURE","{Function process_spider_output(self, response, result, spider) at tests/test_spidermiddleware.py:89}","{Function process_spider_output(self, response, result) at tests/test_spidermiddleware.py:89}","2","2"
"ed63fa94d698ba09875d45c20253b98e05cca5e5","CHANGE_SIGNATURE","{Function process_spider_output(self, response, result, spider) at tests/test_spidermiddleware_output_chain.py:261}","{Function process_spider_output(self, response, result) at tests/test_spidermiddleware_output_chain.py:280}","6","6"
"ed63fa94d698ba09875d45c20253b98e05cca5e5","MOVE","{Function test_deprecated_spider_arg_without_crawler() at tests/test_middleware.py:144}","{Function test_deprecated_spider_arg_without_crawler(self) at tests/test_pipelines.py:382}","20","34"
"ed63fa94d698ba09875d45c20253b98e05cca5e5","CHANGE_SIGNATURE","{Function process_item(self, item, spider) at tests/test_cmdline_crawl_with_pipeline/test_spider/pipelines.py:13}","{Function process_item(self, item) at tests/test_cmdline_crawl_with_pipeline/test_spider/pipelines.py:13}","2","2"
"ed63fa94d698ba09875d45c20253b98e05cca5e5","CHANGE_SIGNATURE","{Function process_spider_output_async(self, response, result, spider) at tests/test_spidermiddleware.py:387}","{Function process_spider_output_async(self, response, result) at tests/test_spidermiddleware.py:387}","2","2"
"ed63fa94d698ba09875d45c20253b98e05cca5e5","CHANGE_SIGNATURE","{Function process_item(self, item, spider) at tests/CrawlerProcess/asyncio_deferred_signal.py:19}","{Function process_item(self, item) at tests/CrawlerProcess/asyncio_deferred_signal.py:19}","2","2"
"ed63fa94d698ba09875d45c20253b98e05cca5e5","CHANGE_SIGNATURE","{Function process_spider_output_async(self, response, result, spider) at tests/test_spidermiddleware.py:208}","{Function process_spider_output_async(self, response, result) at tests/test_spidermiddleware.py:208}","3","3"
"ed63fa94d698ba09875d45c20253b98e05cca5e5","CHANGE_SIGNATURE","{Function process_spider_input(self, response, spider) at tests/test_request_cb_kwargs.py:36}","{Function process_spider_input(self, response) at tests/test_request_cb_kwargs.py:36}","4","4"
"ed63fa94d698ba09875d45c20253b98e05cca5e5","CHANGE_SIGNATURE","{Function process_spider_output(self, response, result, spider) at tests/test_spidermiddleware.py:205}","{Function process_spider_output(self, response, result) at tests/test_spidermiddleware.py:194}","2","2"
"ed63fa94d698ba09875d45c20253b98e05cca5e5","EXTRACT_MOVE","{Function test_init(crawler) at tests/test_middleware.py:70}","{Function close_spider(self, spider) at tests/test_pipelines.py:196}","7","2"
"ed63fa94d698ba09875d45c20253b98e05cca5e5","MOVE","{Function test_no_spider_arg_without_crawler() at tests/test_middleware.py:166}","{Function test_no_spider_arg_without_crawler(self) at tests/test_pipelines.py:417}","12","25"
"ed63fa94d698ba09875d45c20253b98e05cca5e5","CHANGE_SIGNATURE","{Function process_item(self, item, spider) at tests/test_cmdline_crawl_with_pipeline/test_spider/pipelines.py:5}","{Function process_item(self, item) at tests/test_cmdline_crawl_with_pipeline/test_spider/pipelines.py:5}","2","2"
"ed63fa94d698ba09875d45c20253b98e05cca5e5","CHANGE_SIGNATURE","{Function process_item(self, i, s) at tests/test_settings/__init__.py:454}","{Function process_item(self, i) at tests/test_settings/__init__.py:454}","2","2"
"ed63fa94d698ba09875d45c20253b98e05cca5e5","CHANGE_SIGNATURE","{Function test_meta_overrides_settings(self, mw, spider) at tests/test_spidermiddleware_httperror.py:136}","{Function test_meta_overrides_settings(self, mw) at tests/test_spidermiddleware_httperror.py:129}","12","10"
"ed63fa94d698ba09875d45c20253b98e05cca5e5","CHANGE_SIGNATURE","{Function test_process_spider_input(self, mw, spider, res200, res404) at tests/test_spidermiddleware_httperror.py:167}","{Function test_process_spider_input(self, mw, res200, res404) at tests/test_spidermiddleware_httperror.py:157}","9","8"
"ed63fa94d698ba09875d45c20253b98e05cca5e5","EXTRACT_MOVE","{Function stats(crawler) at tests/test_spidermiddleware_depth.py:31}","{Function close_spider(self, spider) at tests/test_pipelines.py:196}","7","2"
"ed63fa94d698ba09875d45c20253b98e05cca5e5","EXTRACT","{Function test_integration_no_async_not_subclass(self, mockserver) at tests/test_pipelines.py:233}","{Function close_spider(self, spider) at tests/test_pipelines.py:196}","64","2"
"ed63fa94d698ba09875d45c20253b98e05cca5e5","CHANGE_SIGNATURE","{Function process_spider_output(self, response, result, spider) at tests/test_spidermiddleware_output_chain.py:191}","{Function process_spider_output(self, response, result) at tests/test_spidermiddleware_output_chain.py:172}","4","4"
"ed63fa94d698ba09875d45c20253b98e05cca5e5","INLINE","{Function process_item(self, item, spider) at tests/test_pipelines.py:143}","{Function test_integration_no_async_subclass(self, mockserver) at tests/test_pipelines.py:191}","2","60"
"ed63fa94d698ba09875d45c20253b98e05cca5e5","CHANGE_SIGNATURE","{Function process_spider_output(self, response, result, spider) at tests/test_spidermiddleware.py:318}","{Function process_spider_output(self, response, result) at tests/test_spidermiddleware.py:318}","2","2"
"ed63fa94d698ba09875d45c20253b98e05cca5e5","CHANGE_SIGNATURE","{Function process_spider_output(self, response, result, spider) at tests/test_spidermiddleware_output_chain.py:174}","{Function process_spider_output(self, response, result) at tests/test_spidermiddleware_output_chain.py:185}","5","5"
"ed63fa94d698ba09875d45c20253b98e05cca5e5","CHANGE_SIGNATURE","{Function process_spider_exception(self, response, exception, spider) at tests/test_spidermiddleware_output_chain.py:10}","{Function process_spider_exception(self, response, exception) at tests/test_spidermiddleware_output_chain.py:19}","4","4"
"ed63fa94d698ba09875d45c20253b98e05cca5e5","CHANGE_SIGNATURE","{Function test_handle_httpstatus_list(self, mw, spider, res404) at tests/test_spidermiddleware_httperror.py:103}","{Function test_handle_httpstatus_list(self, mw, res404) at tests/test_spidermiddleware_httperror.py:94}","11","12"
"ed63fa94d698ba09875d45c20253b98e05cca5e5","CHANGE_SIGNATURE","{Function process_spider_exception(self, response, exception, spider) at tests/test_spidermiddleware_output_chain.py:180}","{Function process_spider_exception(self, response, exception) at tests/test_spidermiddleware_output_chain.py:191}","4","6"
"ed63fa94d698ba09875d45c20253b98e05cca5e5","CHANGE_SIGNATURE","{Function open_spider(self, spider) at tests/pipelines.py:7}","{Function open_spider(self) at tests/pipelines.py:7}","2","2"
"ed63fa94d698ba09875d45c20253b98e05cca5e5","CHANGE_SIGNATURE","{Function process_spider_output(self, response, result, spider) at tests/test_spidermiddleware_output_chain.py:163}","{Function process_spider_output(self, response, result) at tests/test_spidermiddleware_output_chain.py:204}","4","4"
"ed63fa94d698ba09875d45c20253b98e05cca5e5","CHANGE_SIGNATURE","{Function process_spider_output(self, response, result, spider) at tests/test_spidermiddleware.py:194}","{Function process_spider_output(self, response, result) at tests/test_spidermiddleware.py:205}","2","2"
"ed63fa94d698ba09875d45c20253b98e05cca5e5","CHANGE_SIGNATURE","{Function process_spider_output_async(self, response, result, spider) at tests/test_spidermiddleware.py:403}","{Function process_spider_output_async(self, response, result) at tests/test_spidermiddleware.py:403}","2","2"
"ed63fa94d698ba09875d45c20253b98e05cca5e5","CHANGE_SIGNATURE","{Function test(self, mw, spider) at tests/test_spidermiddleware_referer.py:64}","{Function test(self, mw) at tests/test_spidermiddleware_referer.py:64}","6","6"
"ed63fa94d698ba09875d45c20253b98e05cca5e5","CHANGE_SIGNATURE","{Function test_spider_override_settings(self, mw, spider, res402, res404) at tests/test_spidermiddleware_httperror.py:149}","{Function test_spider_override_settings(self, mw, res402, res404) at tests/test_spidermiddleware_httperror.py:140}","11","8"
"ed63fa94d698ba09875d45c20253b98e05cca5e5","CHANGE_SIGNATURE","{Function process_spider_output(mw, spider) at tests/test_spidermiddleware_urllength.py:46}","{Function process_spider_output(mw) at tests/test_spidermiddleware_urllength.py:41}","2","2"
"ed63fa94d698ba09875d45c20253b98e05cca5e5","CHANGE_SIGNATURE","{Function test_process_spider_output(mw, stats, spider) at tests/test_spidermiddleware_depth.py:45}","{Function test_process_spider_output(mw, stats) at tests/test_spidermiddleware_depth.py:39}","21","19"
"ed63fa94d698ba09875d45c20253b98e05cca5e5","CHANGE_SIGNATURE","{Function process_spider_output(self, response, result, spider) at tests/test_spidermiddleware_output_chain.py:243}","{Function process_spider_output(self, response, result) at tests/test_spidermiddleware_output_chain.py:260}","6","6"
"ed63fa94d698ba09875d45c20253b98e05cca5e5","CHANGE_SIGNATURE","{Function test_httperror_allow_all_false(self, spider) at tests/test_spidermiddleware_httperror.py:190}","{Function test_httperror_allow_all_false(self) at tests/test_spidermiddleware_httperror.py:177}","15","15"
"ed63fa94d698ba09875d45c20253b98e05cca5e5","EXTRACT_MOVE","{Function test_methods(crawler) at tests/test_middleware.py:79}","{Function close_spider(self, spider) at tests/test_pipelines.py:196}","5","2"
"ed63fa94d698ba09875d45c20253b98e05cca5e5","CHANGE_SIGNATURE","{Function test_logging(stats, mw, spider, caplog) at tests/test_spidermiddleware_urllength.py:54}","{Function test_logging(stats, mw, caplog) at tests/test_spidermiddleware_urllength.py:49}","11","8"
"ed63fa94d698ba09875d45c20253b98e05cca5e5","CHANGE_SIGNATURE","{Function process_item(self, item, spider) at tests/test_logformatter.py:249}","{Function process_item(self, item) at tests/test_logformatter.py:249}","5","5"
"ed63fa94d698ba09875d45c20253b98e05cca5e5","CHANGE_SIGNATURE","{Function process_item(self, item, spider) at tests/test_pipelines.py:60}","{Function process_item(self, item) at tests/test_pipelines.py:69}","11","11"
"ed63fa94d698ba09875d45c20253b98e05cca5e5","CHANGE_SIGNATURE","{Function process_spider_output(self, response, result, spider) at tests/test_spidermiddleware.py:400}","{Function process_spider_output(self, response, result) at tests/test_spidermiddleware.py:400}","2","2"
"ed63fa94d698ba09875d45c20253b98e05cca5e5","CHANGE_SIGNATURE","{Function process_spider_output_async(self, response, result, spider) at tests/test_spidermiddleware.py:395}","{Function process_spider_output_async(self, response, result) at tests/test_spidermiddleware.py:395}","2","2"
"ed63fa94d698ba09875d45c20253b98e05cca5e5","CHANGE_SIGNATURE","{Function process_spider_exception(self, response, exception, spider) at tests/test_spidermiddleware_output_chain.py:250}","{Function process_spider_exception(self, response, exception) at tests/test_spidermiddleware_output_chain.py:287}","4","6"
"ed63fa94d698ba09875d45c20253b98e05cca5e5","CHANGE_SIGNATURE","{Function process_spider_exception(self, response, exception, spider) at tests/test_spidermiddleware.py:214}","{Function process_spider_exception(self, response, exception) at tests/test_spidermiddleware.py:214}","4","4"
"ed63fa94d698ba09875d45c20253b98e05cca5e5","CHANGE_SIGNATURE","{Function process_spider_output(self, response, result, spider) at tests/test_request_cb_kwargs.py:41}","{Function process_spider_output(self, response, result) at tests/test_request_cb_kwargs.py:41}","8","8"
"ed63fa94d698ba09875d45c20253b98e05cca5e5","CHANGE_SIGNATURE","{Function process_spider_input(self, response, spider) at tests/test_spidermiddleware_output_chain.py:59}","{Function process_spider_input(self, response) at tests/test_spidermiddleware_output_chain.py:68}","3","3"
"ed63fa94d698ba09875d45c20253b98e05cca5e5","CHANGE_SIGNATURE","{Function process_spider_exception(self, response, exception, spider) at tests/test_spidermiddleware.py:104}","{Function process_spider_exception(self, response, exception) at tests/test_spidermiddleware.py:104}","2","2"
"ed63fa94d698ba09875d45c20253b98e05cca5e5","CHANGE_SIGNATURE","{Function process_spider_exception(self, response, exception, spider) at tests/test_spidermiddleware_output_chain.py:268}","{Function process_spider_exception(self, response, exception) at tests/test_spidermiddleware_output_chain.py:267}","4","6"
"b68330811b96b991e6d4ca8e17b3ed24b80f8f3b","CHANGE_SIGNATURE","{Function _init_depth(self, response, spider) at scrapy/spidermiddlewares/depth.py:68}","{Function _init_depth(self, response) at scrapy/spidermiddlewares/depth.py:68}","6","6"
"b68330811b96b991e6d4ca8e17b3ed24b80f8f3b","CHANGE_SIGNATURE","{Function _persist_stats(self, stats, spider) at scrapy/statscollectors.py:67}","{Function _persist_stats(self, stats) at scrapy/statscollectors.py:108}","2","2"
"b68330811b96b991e6d4ca8e17b3ed24b80f8f3b","CHANGE_SIGNATURE","{Function test_dummy_collector(self, crawler, spider) at tests/test_stats.py:94}","{Function test_dummy_collector(self, crawler) at tests/test_stats.py:95}","13","12"
"b68330811b96b991e6d4ca8e17b3ed24b80f8f3b","CHANGE_SIGNATURE","{Function _persist_stats(self, stats, spider) at scrapy/statscollectors.py:76}","{Function _persist_stats(self, stats) at scrapy/statscollectors.py:117}","2","3"
"b68330811b96b991e6d4ca8e17b3ed24b80f8f3b","CHANGE_SIGNATURE","{Function inc_stats(self, spider, status) at scrapy/pipelines/files.py:697}","{Function inc_stats(self, status) at scrapy/pipelines/files.py:697}","4","4"
"b68330811b96b991e6d4ca8e17b3ed24b80f8f3b","CHANGE_SIGNATURE","{Function stats(crawler, spider) at tests/test_spidermiddleware_depth.py:31}","{Function stats(crawler) at tests/test_spidermiddleware_depth.py:31}","7","7"
"edba1ad5726f87a76bd36555e99e058f040f4af1","CHANGE_SIGNATURE","{Function _parse_robots(self, response, netloc, spider) at scrapy/downloadermiddlewares/robotstxt.py:137}","{Function _parse_robots(self, response, netloc) at scrapy/downloadermiddlewares/robotstxt.py:121}","11","11"
"edba1ad5726f87a76bd36555e99e058f040f4af1","CHANGE_SIGNATURE","{Function _logerror(self, failure, request, spider) at scrapy/downloadermiddlewares/robotstxt.py:127}","{Function _logerror(self, exc, request, spider) at scrapy/downloadermiddlewares/robotstxt.py:112}","9","8"
"edba1ad5726f87a76bd36555e99e058f040f4af1","CHANGE_SIGNATURE","{Function _robots_error(self, failure, netloc) at scrapy/downloadermiddlewares/robotstxt.py:149}","{Function _robots_error(self, exc, netloc) at scrapy/downloadermiddlewares/robotstxt.py:133}","9","9"
"15655ca8345489dcf5585cc9789cf5e6764ac26b"
"3c546bdb826c6b904ccd50c86c4e39428cab7848"
"d3e15a10cfbeb84ac3bd5d71889eb74f2ce549aa","RENAME","{Function test_deprecated_spider_arg_integration(self, mockserver) at tests/test_pipelines.py:155}","{Function test_integration_no_async_subclass(self, mockserver) at tests/test_pipelines.py:182}","47","49"
"d3e15a10cfbeb84ac3bd5d71889eb74f2ce549aa","EXTRACT","{Function process_item(self, item, spider) at scrapy/pipelines/__init__.py:36}","{Function process_item_async(self, item) at scrapy/pipelines/__init__.py:47}","5","2"
"57f539d7a5b7cf34690bd44ccf5e08ddf6fd8031"
"a0b766f9e195814b47f394d531f5f7efe24ec251","EXTRACT","{Function close(self) at scrapy/core/engine.py:196}","{Function close_async(self) at scrapy/core/engine.py:226}","14","13"
"a0b766f9e195814b47f394d531f5f7efe24ec251","EXTRACT","{Function stop(self) at scrapy/core/engine.py:173}","{Function stop_async(self) at scrapy/core/engine.py:199}","22","18"
"a0b766f9e195814b47f394d531f5f7efe24ec251","EXTRACT","{Function open_spider(self, spider) at scrapy/core/scraper.py:134}","{Function open_spider_async(self) at scrapy/core/scraper.py:142}","20","16"
"a0b766f9e195814b47f394d531f5f7efe24ec251","EXTRACT","{Function close_spider(self, spider, reason) at scrapy/core/engine.py:517}","{Function close_spider_async(self, reason) at scrapy/core/engine.py:557}","69","75"
"a0b766f9e195814b47f394d531f5f7efe24ec251","EXTRACT","{Function close_spider(self, spider) at scrapy/core/scraper.py:155}","{Function close_spider_async(self) at scrapy/core/scraper.py:167}","18","16"
"a0b766f9e195814b47f394d531f5f7efe24ec251","CHANGE_SIGNATURE","{Function test_close_during_start_iteration(self) at tests/test_engine_loop.py:89}","{Function test_close_during_start_iteration(self, caplog) at tests/test_engine_loop.py:90}","30","31"
"a0b766f9e195814b47f394d531f5f7efe24ec251","CHANGE_SIGNATURE","{Function _count_items_produced(self, spider) at scrapy/extensions/closespider.py:144}","{Function _count_items_produced(self) at scrapy/extensions/closespider.py:138}","10","9"
"d27d0a4ed9f9dc52aa8e9696fd247f78e9b1b2e2"
"a3daa3612e0458e9eb41ddee2cea1c6935e6d038"
"baa579df625d698bebd52104bcd52e2682a80f0e","EXTRACT_MOVE","{Function test_short_timeout(self) at tests/test_engine.py:480}","{Function fetch(self, request, spider) at tests/test_core_downloader.py:182}","27","2"
"baa579df625d698bebd52104bcd52e2682a80f0e","CHANGE_SIGNATURE","{Function _process_spider_exception(self, response, spider, exception, start_index) at scrapy/core/spidermw.py:200}","{Function _process_spider_exception(self, response, exception, start_index) at scrapy/core/spidermw.py:199}","45","42"
"baa579df625d698bebd52104bcd52e2682a80f0e","EXTRACT_MOVE","{Function test_init(self) at tests/test_middleware.py:55}","{Function open_spider(self, spider) at tests/test_pipelines.py:159}","6","2"
"baa579df625d698bebd52104bcd52e2682a80f0e","CHANGE_SIGNATURE","{Function open_spider_async(self, spider, close_if_idle) at scrapy/core/engine.py:458}","{Function open_spider_async(self, close_if_idle) at scrapy/core/engine.py:470}","20","20"
"baa579df625d698bebd52104bcd52e2682a80f0e","CHANGE_SIGNATURE","{Function test_methods(self) at tests/test_middleware.py:62}","{Function test_methods(crawler) at tests/test_middleware.py:79}","5","5"
"baa579df625d698bebd52104bcd52e2682a80f0e","EXTRACT","{Function get_func_args(func, stripself) at scrapy/utils/python.py:216}","{Function get_func_args_dict(func, stripself) at scrapy/utils/python.py:216}","27","33"
"baa579df625d698bebd52104bcd52e2682a80f0e","CHANGE_SIGNATURE","{Function test_enabled_from_settings(self) at tests/test_middleware.py:73}","{Function test_enabled_from_settings(crawler) at tests/test_middleware.py:92}","5","6"
"baa579df625d698bebd52104bcd52e2682a80f0e","CHANGE_SIGNATURE","{Function _check_deprecated_start_requests_use(self, spider) at scrapy/core/spidermw.py:431}","{Function _check_deprecated_start_requests_use(self) at scrapy/core/spidermw.py:434}","69","69"
"baa579df625d698bebd52104bcd52e2682a80f0e","CHANGE_SIGNATURE","{Function download_func(request, spider) at tests/test_downloadermiddleware.py:151}","{Function download_func(request) at tests/test_downloadermiddleware.py:150}","2","2"
"baa579df625d698bebd52104bcd52e2682a80f0e","RENAME","{Function get_mwman_and_spider(self) at tests/test_downloadermiddleware.py:25}","{Function get_mwman(self) at tests/test_downloadermiddleware.py:29}","8","8"
"baa579df625d698bebd52104bcd52e2682a80f0e","EXTRACT_MOVE","{Function test_methods(self) at tests/test_middleware.py:62}","{Function open_spider(self, spider) at tests/test_pipelines.py:159}","5","2"
"baa579df625d698bebd52104bcd52e2682a80f0e","CHANGE_SIGNATURE","{Function _get_slot(self, request, spider) at scrapy/core/downloader/__init__.py:145}","{Function _get_slot(self, request) at scrapy/core/downloader/__init__.py:150}","17","20"
"baa579df625d698bebd52104bcd52e2682a80f0e","EXTRACT_MOVE","{Function test_download_async_failure(self, engine) at tests/test_engine.py:578}","{Function fetch(self, request, spider) at tests/test_core_downloader.py:182}","13","2"
"baa579df625d698bebd52104bcd52e2682a80f0e","CHANGE_SIGNATURE","{Function _process_spider_input(self, scrape_func, response, request, spider) at scrapy/core/spidermw.py:134}","{Function _process_spider_input(self, scrape_func, response, request) at scrapy/core/spidermw.py:135}","22","21"
"baa579df625d698bebd52104bcd52e2682a80f0e","CHANGE_SIGNATURE","{Function _download(mwman, spider, request, response) at tests/test_downloadermiddleware.py:35}","{Function _download(mwman, request, response) at tests/test_downloadermiddleware.py:39}","19","16"
"baa579df625d698bebd52104bcd52e2682a80f0e","CHANGE_SIGNATURE","{Function test_enabled(self) at tests/test_middleware.py:68}","{Function test_enabled(crawler) at tests/test_middleware.py:86}","4","4"
"baa579df625d698bebd52104bcd52e2682a80f0e","CHANGE_SIGNATURE","{Function _latercall(self, spider, slot) at scrapy/core/downloader/__init__.py:224}","{Function _latercall(self, slot) at scrapy/core/downloader/__init__.py:234}","3","3"
"baa579df625d698bebd52104bcd52e2682a80f0e","CHANGE_SIGNATURE","{Function _download(self, slot, request, spider) at scrapy/core/downloader/__init__.py:228}","{Function _download(self, slot, request) at scrapy/core/downloader/__init__.py:238}","30","32"
"baa579df625d698bebd52104bcd52e2682a80f0e","CHANGE_SIGNATURE","{Function _evaluate_iterable(self, response, spider, iterable, exception_processor_index, recover_to) at scrapy/core/spidermw.py:157}","{Function _evaluate_iterable(self, response, iterable, exception_processor_index, recover_to) at scrapy/core/spidermw.py:157}","42","41"
"baa579df625d698bebd52104bcd52e2682a80f0e","EXTRACT_MOVE","{Function test_download_async_success(self, engine) at tests/test_engine.py:527}","{Function fetch(self, request, spider) at tests/test_core_downloader.py:182}","14","2"
"baa579df625d698bebd52104bcd52e2682a80f0e","CHANGE_SIGNATURE","{Function _process_queue(self, spider, slot) at scrapy/core/downloader/__init__.py:199}","{Function _process_queue(self, slot) at scrapy/core/downloader/__init__.py:209}","24","24"
"baa579df625d698bebd52104bcd52e2682a80f0e","CHANGE_SIGNATURE","{Function _process_callback_output(self, response, spider, result) at scrapy/core/spidermw.py:339}","{Function _process_callback_output(self, response, result) at scrapy/core/spidermw.py:332}","24","23"
"baa579df625d698bebd52104bcd52e2682a80f0e","CHANGE_SIGNATURE","{Function scrape_response_async(self, scrape_func, response, request, spider) at scrapy/core/spidermw.py:390}","{Function scrape_response_async(self, scrape_func, response, request) at scrapy/core/spidermw.py:383}","25","30"
"baa579df625d698bebd52104bcd52e2682a80f0e","CHANGE_SIGNATURE","{Function test_init(self) at tests/test_middleware.py:55}","{Function test_init(crawler) at tests/test_middleware.py:70}","6","7"
"baa579df625d698bebd52104bcd52e2682a80f0e","CHANGE_SIGNATURE","{Function __init__(self) at scrapy/middleware.py:41}","{Function __init__(self, crawler) at scrapy/middleware.py:43}","9","18"
"baa579df625d698bebd52104bcd52e2682a80f0e","EXTRACT_MOVE","{Function _add_middleware(self, mw) at scrapy/middleware.py:113}","{Function open_spider(self, spider) at tests/test_pipelines.py:159}","5","2"
"baa579df625d698bebd52104bcd52e2682a80f0e","EXTRACT_MOVE","{Function _add_middleware(self, pipe) at scrapy/pipelines/__init__.py:29}","{Function process_item(self, item, spider) at tests/test_pipelines.py:162}","6","2"
"baa579df625d698bebd52104bcd52e2682a80f0e","CHANGE_SIGNATURE","{Function _enqueue_request(self, request, spider) at scrapy/core/downloader/__init__.py:182}","{Function _enqueue_request(self, request) at scrapy/core/downloader/__init__.py:190}","16","18"
"baa579df625d698bebd52104bcd52e2682a80f0e","EXTRACT_MOVE","{Function open_spider_async(self, spider, close_if_idle) at scrapy/core/engine.py:458}","{Function open_spider(self, spider) at tests/test_pipelines.py:159}","20","2"
"baa579df625d698bebd52104bcd52e2682a80f0e","EXTRACT_MOVE","{Function _add_middleware(self, pipe) at scrapy/pipelines/__init__.py:29}","{Function process_item(self, item, spider) at tests/test_pipelines.py:142}","6","2"
"baa579df625d698bebd52104bcd52e2682a80f0e","EXTRACT_MOVE","{Function test_download_async_redirect(self, engine) at tests/test_engine.py:543}","{Function fetch(self, request, spider) at tests/test_core_downloader.py:182}","25","2"
"baa579df625d698bebd52104bcd52e2682a80f0e","CHANGE_SIGNATURE","{Function mwman(self) at tests/test_spidermiddleware.py:407}","{Function mwman(self, crawler) at tests/test_spidermiddleware.py:413}","2","2"
"baa579df625d698bebd52104bcd52e2682a80f0e","CHANGE_SIGNATURE","{Function _process_spider_output(self, response, spider, result, start_index) at scrapy/core/spidermw.py:250}","{Function _process_spider_output(self, response, result, start_index) at scrapy/core/spidermw.py:246}","88","85"
"baa579df625d698bebd52104bcd52e2682a80f0e","CHANGE_SIGNATURE","{Function __init__(self) at scrapy/core/spidermw.py:60}","{Function __init__(self, crawler) at scrapy/core/spidermw.py:61}","3","3"
"baa579df625d698bebd52104bcd52e2682a80f0e","EXTRACT_MOVE","{Function populate_vars(self, response, request, spider) at scrapy/shell.py:160}","{Function fetch(self, request, spider) at tests/test_core_downloader.py:182}","20","2"
"baa579df625d698bebd52104bcd52e2682a80f0e","EXTRACT_MOVE","{Function start(self, url, request, response, spider, redirect) at scrapy/shell.py:56}","{Function fetch(self, request, spider) at tests/test_core_downloader.py:182}","45","2"
"c47b5d049acd491fad00a02a0fa4af26bcd585ef"
"32f2aede8259d80973d9716d1359b61646555164"
"605e7669a539008ee1c20495fa0d9760441ef58c"
"89f53f05556f8b5334ee47645133f815e4199acb","EXTRACT","{Function download(self, request) at scrapy/core/engine.py:376}","{Function download_async(self, request) at scrapy/core/engine.py:390}","12","14"
"6ce0c4c855df21c4dce2deb4170e5a441504bb56"
"552f2fb91ebd308d8a4cfc5563a589bf3aab659c","MOVE","{Function _create_files(self, root) at tests/test_downloader_handlers.py:466}","{Function _create_files(self, root) at tests/test_downloader_handler_twisted_ftp.py:184}","3","3"
"552f2fb91ebd308d8a4cfc5563a589bf3aab659c","MOVE","{Function download_request(dh, request) at tests/test_downloader_handlers.py:362}","{Function download_request(dh, request) at tests/test_downloader_handler_twisted_ftp.py:80}","4","4"
"552f2fb91ebd308d8a4cfc5563a589bf3aab659c","MOVE","{Function test_ftp_download_success(self, server_url, dh) at tests/test_downloader_handlers.py:368}","{Function test_ftp_download_success(self, server_url, dh) at tests/test_downloader_handler_twisted_ftp.py:86}","9","9"
"552f2fb91ebd308d8a4cfc5563a589bf3aab659c","MOVE","{Function test_invalid_credentials(self, server_url, dh, reactor_pytest) at tests/test_downloader_handlers.py:445}","{Function test_invalid_credentials(self, server_url, dh, reactor_pytest) at tests/test_downloader_handler_twisted_ftp.py:163}","15","15"
"552f2fb91ebd308d8a4cfc5563a589bf3aab659c","MOVE","{Function _get_factory(self, root) at tests/test_downloader_handlers.py:325}","{Function _get_factory(self, root) at tests/test_downloader_handler_twisted_ftp.py:43}","9","9"
"552f2fb91ebd308d8a4cfc5563a589bf3aab659c","MOVE","{Function test_ftp_download_nonexistent(self, server_url, dh) at tests/test_downloader_handlers.py:392}","{Function test_ftp_download_nonexistent(self, server_url, dh) at tests/test_downloader_handler_twisted_ftp.py:110}","6","6"
"552f2fb91ebd308d8a4cfc5563a589bf3aab659c","MOVE","{Function test_ftp_download_path_with_spaces(self, server_url, dh) at tests/test_downloader_handlers.py:379}","{Function test_ftp_download_path_with_spaces(self, server_url, dh) at tests/test_downloader_handler_twisted_ftp.py:97}","11","11"
"552f2fb91ebd308d8a4cfc5563a589bf3aab659c","MOVE","{Function test_response_class(self, filename, response_class, server_url, dh) at tests/test_downloader_handlers.py:425}","{Function test_response_class(self, filename, response_class, server_url, dh) at tests/test_downloader_handler_twisted_ftp.py:143}","16","16"
"552f2fb91ebd308d8a4cfc5563a589bf3aab659c","MOVE","{Function server_url(self, tmp_path) at tests/test_downloader_handlers.py:336}","{Function server_url(self, tmp_path) at tests/test_downloader_handler_twisted_ftp.py:54}","11","11"
"552f2fb91ebd308d8a4cfc5563a589bf3aab659c","MOVE","{Function dh() at tests/test_downloader_handlers.py:350}","{Function dh() at tests/test_downloader_handler_twisted_ftp.py:68}","10","10"
"552f2fb91ebd308d8a4cfc5563a589bf3aab659c","MOVE","{Function _get_factory(self, tmp_path) at tests/test_downloader_handlers.py:470}","{Function _get_factory(self, tmp_path) at tests/test_downloader_handler_twisted_ftp.py:188}","7","7"
"552f2fb91ebd308d8a4cfc5563a589bf3aab659c","MOVE","{Function test_ftp_local_filename(self, server_url, dh) at tests/test_downloader_handlers.py:400}","{Function test_ftp_local_filename(self, server_url, dh) at tests/test_downloader_handler_twisted_ftp.py:118}","16","16"
"552f2fb91ebd308d8a4cfc5563a589bf3aab659c","MOVE","{Function _create_files(self, root) at tests/test_downloader_handlers.py:319}","{Function _create_files(self, root) at tests/test_downloader_handler_twisted_ftp.py:37}","5","5"
"8c8f4ff03312f5d3312715dd6fb0fa20a361ecb8","CHANGE_SIGNATURE","{Function test_protocol(self, server_port, download_handler) at tests/test_downloader_handler_twisted_http2.py:59}","{Function test_protocol(self, mockserver, download_handler) at tests/test_downloader_handler_twisted_http2.py:55}","6","8"
"8c8f4ff03312f5d3312715dd6fb0fa20a361ecb8","CHANGE_SIGNATURE","{Function test_concurrent_requests_same_domain(self, server_port, download_handler) at tests/test_downloader_handler_twisted_http2.py:109}","{Function test_concurrent_requests_same_domain(self, mockserver, download_handler) at tests/test_downloader_handler_twisted_http2.py:109}","10","12"
"8c8f4ff03312f5d3312715dd6fb0fa20a361ecb8","MOVE","{Function _resolve(self, name) at tests/mockserver.py:326}","{Function _resolve(self, name) at tests/mockserver/dns.py:18}","4","4"
"8c8f4ff03312f5d3312715dd6fb0fa20a361ecb8","MOVE","{Function query(self, query, timeout) at tests/mockserver.py:331}","{Function query(self, query, timeout) at tests/mockserver/dns.py:23}","4","4"
"8c8f4ff03312f5d3312715dd6fb0fa20a361ecb8","MOVE","{Function renderRequest(self, request, nlist) at tests/mockserver.py:146}","{Function renderRequest(self, request, nlist) at tests/mockserver/http_resources.py:105}","10","10"
"8c8f4ff03312f5d3312715dd6fb0fa20a361ecb8","MOVE","{Function response() at tests/test_downloader_handlers_http_base.py:77}","{Function response() at tests/mockserver/http_resources.py:243}","6","6"
"8c8f4ff03312f5d3312715dd6fb0fa20a361ecb8","CHANGE_SIGNATURE","{Function test_download(self, server_port, download_handler) at tests/test_downloader_handlers_http_base.py:622}","{Function test_download(self, mockserver, download_handler) at tests/test_downloader_handlers_http_base.py:78}","6","6"
"8c8f4ff03312f5d3312715dd6fb0fa20a361ecb8","MOVE","{Function render(self, request) at tests/mockserver.py:98}","{Function render(self, request) at tests/mockserver/http_resources.py:65}","6","6"
"8c8f4ff03312f5d3312715dd6fb0fa20a361ecb8","CHANGE_SIGNATURE","{Function test_download_with_small_maxsize_per_spider(self, server_port, download_handler) at tests/test_downloader_handlers_http_base.py:466}","{Function test_download_with_small_maxsize_per_spider(self, mockserver, download_handler) at tests/test_downloader_handlers_http_base.py:342}","8","8"
"8c8f4ff03312f5d3312715dd6fb0fa20a361ecb8","CHANGE_SIGNATURE","{Function test_response_header_content_length(self, server_port, download_handler) at tests/test_downloader_handlers_http_base.py:353}","{Function test_response_header_content_length(self, mockserver, download_handler) at tests/test_downloader_handlers_http_base.py:221}","6","8"
"8c8f4ff03312f5d3312715dd6fb0fa20a361ecb8","CHANGE_SIGNATURE","{Function test_crawler_dupefilter(self) at tests/test_engine.py:411}","{Function test_crawler_dupefilter(self, mockserver) at tests/test_engine.py:393}","5","5"
"8c8f4ff03312f5d3312715dd6fb0fa20a361ecb8","MOVE","{Function main() at tests/ftpserver.py:8}","{Function main() at tests/mockserver/ftp.py:43}","13","13"
"8c8f4ff03312f5d3312715dd6fb0fa20a361ecb8","CHANGE_SIGNATURE","{Function test_tls_logging(self, server_port) at tests/test_downloader_handlers_http_base.py:551}","{Function test_tls_logging(self, mockserver) at tests/test_downloader_handlers_http_base.py:436}","19","19"
"8c8f4ff03312f5d3312715dd6fb0fa20a361ecb8","MOVE","{Function __enter__(self) at tests/mockserver.py:297}","{Function __enter__(self) at tests/mockserver/http_base.py:42}","13","15"
"8c8f4ff03312f5d3312715dd6fb0fa20a361ecb8","CHANGE_SIGNATURE","{Function test_crawler(self) at tests/test_engine_stop_download_headers.py:23}","{Function test_crawler(self, mockserver) at tests/test_engine_stop_download_headers.py:30}","39","39"
"8c8f4ff03312f5d3312715dd6fb0fa20a361ecb8","CHANGE_SIGNATURE","{Function test_download_allow_data_loss(self, url, server_port, download_handler) at tests/test_downloader_handlers_http_base.py:506}","{Function test_download_allow_data_loss(self, url, mockserver, download_handler) at tests/test_downloader_handlers_http_base.py:385}","8","12"
"8c8f4ff03312f5d3312715dd6fb0fa20a361ecb8","MOVE","{Function render_GET(self, request) at tests/mockserver.py:174}","{Function render_GET(self, request) at tests/mockserver/http_resources.py:133}","4","4"
"8c8f4ff03312f5d3312715dd6fb0fa20a361ecb8","CHANGE_SIGNATURE","{Function test_timeout_download_from_spider_nodata_rcvd(self, server_port, download_handler, reactor_pytest) at tests/test_downloader_handlers_http_base.py:257}","{Function test_timeout_download_from_spider_nodata_rcvd(self, mockserver, download_handler, reactor_pytest) at tests/test_downloader_handlers_http_base.py:114}","18","18"
"8c8f4ff03312f5d3312715dd6fb0fa20a361ecb8","MOVE","{Function ssl_context_factory(keyfile, certfile, cipher_string) at tests/mockserver.py:384}","{Function ssl_context_factory(keyfile, certfile, cipher_string) at tests/mockserver/utils.py:11}","13","13"
"8c8f4ff03312f5d3312715dd6fb0fa20a361ecb8","MOVE","{Function print_listening() at tests/mockserver.py:431}","{Function print_listening() at tests/mockserver/dns.py:58}","3","3"
"8c8f4ff03312f5d3312715dd6fb0fa20a361ecb8","MOVE","{Function __exit__(self, exc_type, exc_value, traceback) at tests/mockserver.py:311}","{Function __exit__(self, exc_type, exc_value, traceback) at tests/mockserver/dns.py:45}","3","3"
"8c8f4ff03312f5d3312715dd6fb0fa20a361ecb8","MOVE","{Function render(self, request) at tests/mockserver.py:77}","{Function render(self, request) at tests/test_webclient.py:212}","2","2"
"8c8f4ff03312f5d3312715dd6fb0fa20a361ecb8","MOVE","{Function render(self, request) at tests/mockserver.py:292}","{Function render(self, request) at tests/mockserver/http.py:83}","2","2"
"8c8f4ff03312f5d3312715dd6fb0fa20a361ecb8","MOVE","{Function __enter__(self) at tests/mockserver.py:363}","{Function __enter__(self) at tests/mockserver/ftp.py:22}","11","11"
"8c8f4ff03312f5d3312715dd6fb0fa20a361ecb8","CHANGE_SIGNATURE","{Function test_download_with_large_maxsize_per_spider(self, server_port, download_handler) at tests/test_downloader_handlers_http_base.py:476}","{Function test_download_with_large_maxsize_per_spider(self, mockserver, download_handler) at tests/test_downloader_handlers_http_base.py:352}","8","8"
"8c8f4ff03312f5d3312715dd6fb0fa20a361ecb8","MOVE","{Function render_GET(self, request) at tests/mockserver.py:197}","{Function render_GET(self, request) at tests/mockserver/http_resources.py:156}","9","9"
"8c8f4ff03312f5d3312715dd6fb0fa20a361ecb8","CHANGE_SIGNATURE","{Function test_custom_content_length_bad(self, server_port, download_handler) at tests/test_downloader_handler_twisted_http2.py:140}","{Function test_custom_content_length_bad(self, mockserver, download_handler) at tests/test_downloader_handler_twisted_http2.py:144}","19","19"
"8c8f4ff03312f5d3312715dd6fb0fa20a361ecb8","MOVE","{Function render_GET(self, request) at tests/mockserver.py:159}","{Function render_GET(self, request) at tests/mockserver/http_resources.py:118}","8","8"
"8c8f4ff03312f5d3312715dd6fb0fa20a361ecb8","CHANGE_SIGNATURE","{Function test_download_head(self, server_port, download_handler) at tests/test_downloader_handlers_http_base.py:233}","{Function test_download_head(self, mockserver, download_handler) at tests/test_downloader_handlers_http_base.py:86}","6","8"
"8c8f4ff03312f5d3312715dd6fb0fa20a361ecb8","MOVE","{Function render(self, request) at tests/mockserver.py:69}","{Function render(self, request) at tests/test_webclient.py:204}","5","5"
"8c8f4ff03312f5d3312715dd6fb0fa20a361ecb8","MOVE","{Function render(self, request) at tests/mockserver.py:87}","{Function render(self, request) at tests/mockserver/http_resources.py:54}","2","2"
"8c8f4ff03312f5d3312715dd6fb0fa20a361ecb8","CHANGE_SIGNATURE","{Function test_content_length_zero_bodyless_post_only_one(self, server_port, download_handler) at tests/test_downloader_handlers_http_base.py:333}","{Function test_content_length_zero_bodyless_post_only_one(self, mockserver, download_handler) at tests/test_downloader_handlers_http_base.py:195}","9","11"
"8c8f4ff03312f5d3312715dd6fb0fa20a361ecb8","MOVE","{Function render(self, request) at tests/test_downloader_handlers_http_base.py:712}","{Function render(self, request) at tests/mockserver/http_resources.py:303}","7","7"
"8c8f4ff03312f5d3312715dd6fb0fa20a361ecb8","MOVE","{Function getarg(request, name, default, type_) at tests/mockserver.py:32}","{Function getarg(request, name, default, type_) at tests/mockserver/http_resources.py:15}","7","7"
"8c8f4ff03312f5d3312715dd6fb0fa20a361ecb8","MOVE","{Function render(self, request) at tests/mockserver.py:62}","{Function render(self, request) at tests/mockserver/http_resources.py:42}","4","4"
"8c8f4ff03312f5d3312715dd6fb0fa20a361ecb8","CHANGE_SIGNATURE","{Function test_crawler(self) at tests/test_engine_stop_download_bytes.py:23}","{Function test_crawler(self, mockserver) at tests/test_engine_stop_download_bytes.py:30}","40","40"
"8c8f4ff03312f5d3312715dd6fb0fa20a361ecb8","CHANGE_SIGNATURE","{Function test_duplicate_header(self, server_port, download_handler) at tests/test_downloader_handler_twisted_http2.py:161}","{Function test_duplicate_header(self, mockserver, download_handler) at tests/test_downloader_handler_twisted_http2.py:165}","9","9"
"8c8f4ff03312f5d3312715dd6fb0fa20a361ecb8","CHANGE_SIGNATURE","{Function test_download_with_content_length(self) at tests/test_downloader_handlers_http_base.py:677}","{Function test_download_with_content_length(self, mockserver) at tests/test_downloader_handlers_http_base.py:540}","14","15"
"8c8f4ff03312f5d3312715dd6fb0fa20a361ecb8","CHANGE_SIGNATURE","{Function test_redirect_status(self, server_port, download_handler) at tests/test_downloader_handlers_http_base.py:241}","{Function test_redirect_status(self, mockserver, download_handler) at tests/test_downloader_handlers_http_base.py:96}","6","6"
"8c8f4ff03312f5d3312715dd6fb0fa20a361ecb8","MOVE","{Function render(self, request) at tests/mockserver.py:250}","{Function render(self, request) at tests/mockserver/http_resources.py:209}","5","5"
"8c8f4ff03312f5d3312715dd6fb0fa20a361ecb8","MOVE","{Function render_GET(self, request) at tests/mockserver.py:181}","{Function render_GET(self, request) at tests/mockserver/http_resources.py:140}","4","4"
"8c8f4ff03312f5d3312715dd6fb0fa20a361ecb8","CHANGE_SIGNATURE","{Function test_connect_request(self, server_port, download_handler) at tests/test_downloader_handler_twisted_http2.py:122}","{Function test_connect_request(self, mockserver, download_handler) at tests/test_downloader_handler_twisted_http2.py:124}","6","8"
"8c8f4ff03312f5d3312715dd6fb0fa20a361ecb8","MOVE","{Function __exit__(self, exc_type, exc_value, traceback) at tests/mockserver.py:375}","{Function __exit__(self, exc_type, exc_value, traceback) at tests/mockserver/ftp.py:34}","4","4"
"8c8f4ff03312f5d3312715dd6fb0fa20a361ecb8","CHANGE_SIGNATURE","{Function test_download_with_proxy_https_timeout(self, server_port, download_handler) at tests/test_downloader_handlers_http_base.py:776}","{Function test_download_with_proxy_https_timeout(self, proxy_mockserver, download_handler) at tests/test_downloader_handlers_http_base.py:621}","11","13"
"8c8f4ff03312f5d3312715dd6fb0fa20a361ecb8","MOVE","{Function render(self, request) at tests/test_downloader_handlers_http_base.py:114}","{Function render(self, request) at tests/mockserver/http_resources.py:273}","3","3"
"8c8f4ff03312f5d3312715dd6fb0fa20a361ecb8","CHANGE_SIGNATURE","{Function test_download(self, server_port, download_handler) at tests/test_downloader_handlers_http_base.py:225}","{Function test_download(self, url, download_handler) at tests/test_downloader_handlers_http_base.py:496}","6","6"
"8c8f4ff03312f5d3312715dd6fb0fa20a361ecb8","CHANGE_SIGNATURE","{Function test_download_with_proxy_without_http_scheme(self, server_port, download_handler) at tests/test_downloader_handlers_http_base.py:789}","{Function test_download_with_proxy_without_http_scheme(self, proxy_mockserver, download_handler) at tests/test_downloader_handlers_http_base.py:636}","9","11"
"8c8f4ff03312f5d3312715dd6fb0fa20a361ecb8","MOVE","{Function render(self, request) at tests/test_downloader_handlers_http_base.py:89}","{Function render(self, request) at tests/mockserver/http_resources.py:255}","10","10"
"8c8f4ff03312f5d3312715dd6fb0fa20a361ecb8","MOVE","{Function render(self, request) at tests/mockserver.py:131}","{Function render(self, request) at tests/mockserver/http_resources.py:90}","14","14"
"8c8f4ff03312f5d3312715dd6fb0fa20a361ecb8","MOVE","{Function render(self, request) at tests/test_downloader_handlers_http_base.py:56}","{Function render(self, request) at tests/mockserver/http_resources.py:222}","2","2"
"8c8f4ff03312f5d3312715dd6fb0fa20a361ecb8","MOVE","{Function render(self, request) at tests/test_downloader_handlers_http_base.py:74}","{Function render(self, request) at tests/mockserver/http_resources.py:240}","12","12"
"8c8f4ff03312f5d3312715dd6fb0fa20a361ecb8","MOVE","{Function render(self, request) at tests/mockserver.py:245}","{Function render(self, request) at tests/mockserver/http_resources.py:204}","2","2"
"8c8f4ff03312f5d3312715dd6fb0fa20a361ecb8","MOVE","{Function _delayedRender(self, request, n) at tests/mockserver.py:168}","{Function _delayedRender(self, request, n) at tests/mockserver/http_resources.py:127}","3","3"
"8c8f4ff03312f5d3312715dd6fb0fa20a361ecb8","MOVE","{Function response() at tests/test_downloader_handlers_http_base.py:123}","{Function response() at tests/mockserver/http_resources.py:282}","4","4"
"8c8f4ff03312f5d3312715dd6fb0fa20a361ecb8","CHANGE_SIGNATURE","{Function test_response_class_choosing_request(self, server_port, download_handler) at tests/test_downloader_handlers_http_base.py:401}","{Function test_response_class_choosing_request(self, mockserver, download_handler) at tests/test_downloader_handlers_http_base.py:273}","10","12"
"8c8f4ff03312f5d3312715dd6fb0fa20a361ecb8","MOVE_RENAME","{Function get_mockserver_env() at tests/mockserver.py:41}","{Function get_script_run_env() at tests/utils/__init__.py:15}","8","8"
"8c8f4ff03312f5d3312715dd6fb0fa20a361ecb8","CHANGE_SIGNATURE","{Function test_download_chunked_content(self, server_port, download_handler) at tests/test_downloader_handlers_http_base.py:486}","{Function test_download_chunked_content(self, mockserver, download_handler) at tests/test_downloader_handlers_http_base.py:362}","6","6"
"8c8f4ff03312f5d3312715dd6fb0fa20a361ecb8","CHANGE_SIGNATURE","{Function test_download_allow_data_loss_via_setting(self, url, server_port) at tests/test_downloader_handlers_http_base.py:517}","{Function test_download_allow_data_loss_via_setting(self, url, mockserver) at tests/test_downloader_handlers_http_base.py:400}","15","15"
"8c8f4ff03312f5d3312715dd6fb0fa20a361ecb8","CHANGE_SIGNATURE","{Function test_payload(self, server_port, download_handler) at tests/test_downloader_handlers_http_base.py:344}","{Function test_payload(self, mockserver, download_handler) at tests/test_downloader_handlers_http_base.py:208}","7","11"
"8c8f4ff03312f5d3312715dd6fb0fa20a361ecb8","CHANGE_SIGNATURE","{Function test_download_with_maxsize_very_large_file(self, server_port, download_handler) at tests/test_downloader_handler_twisted_http2.py:67}","{Function test_download_with_maxsize_very_large_file(self, mockserver, download_handler) at tests/test_downloader_handler_twisted_http2.py:65}","23","25"
"8c8f4ff03312f5d3312715dd6fb0fa20a361ecb8","CHANGE_SIGNATURE","{Function test_crawler_itemerror(self) at tests/test_engine.py:418}","{Function test_crawler_itemerror(self, mockserver) at tests/test_engine.py:400}","4","4"
"8c8f4ff03312f5d3312715dd6fb0fa20a361ecb8","MOVE","{Function __init__(self) at tests/mockserver.py:258}","{Function __init__(self) at tests/mockserver/http.py:37}","30","42"
"8c8f4ff03312f5d3312715dd6fb0fa20a361ecb8","MOVE","{Function render(self, request) at tests/test_downloader_handlers_http_base.py:120}","{Function render(self, request) at tests/mockserver/http_resources.py:279}","10","10"
"8c8f4ff03312f5d3312715dd6fb0fa20a361ecb8","CHANGE_SIGNATURE","{Function test_download(self) at tests/test_downloader_handlers_http_base.py:693}","{Function test_download(self, mockserver) at tests/test_downloader_handlers_http_base.py:557}","11","12"
"8c8f4ff03312f5d3312715dd6fb0fa20a361ecb8","MOVE","{Function __init__(self, write) at tests/mockserver.py:58}","{Function __init__(self, write) at tests/mockserver/http_resources.py:38}","3","3"
"8c8f4ff03312f5d3312715dd6fb0fa20a361ecb8","MOVE","{Function render_GET(self, request) at tests/mockserver.py:220}","{Function render_GET(self, request) at tests/mockserver/http_resources.py:179}","4","4"
"8c8f4ff03312f5d3312715dd6fb0fa20a361ecb8","MOVE","{Function url(self, path) at tests/mockserver.py:380}","{Function url(self, path) at tests/mockserver/ftp.py:39}","2","2"
"8c8f4ff03312f5d3312715dd6fb0fa20a361ecb8","CHANGE_SIGNATURE","{Function test_timeout_download_from_spider_server_hangs(self, server_port, download_handler, reactor_pytest) at tests/test_downloader_handlers_http_base.py:277}","{Function test_timeout_download_from_spider_server_hangs(self, mockserver, download_handler, reactor_pytest) at tests/test_downloader_handlers_http_base.py:134}","17","19"
"8c8f4ff03312f5d3312715dd6fb0fa20a361ecb8","CHANGE_SIGNATURE","{Function test_caching_hostname_resolver_finite_execution(self) at tests/test_crawler.py:833}","{Function test_caching_hostname_resolver_finite_execution(self, mockserver) at tests/test_crawler.py:834}","8","8"
"8c8f4ff03312f5d3312715dd6fb0fa20a361ecb8","MOVE","{Function render(self, request) at tests/mockserver.py:107}","{Function render(self, request) at tests/test_webclient.py:196}","5","5"
"8c8f4ff03312f5d3312715dd6fb0fa20a361ecb8","CHANGE_SIGNATURE","{Function test_get_duplicate_header(self, server_port, download_handler) at tests/test_downloader_handlers_http_base.py:381}","{Function test_get_duplicate_header(self, mockserver, download_handler) at tests/test_downloader_handlers_http_base.py:253}","6","6"
"8c8f4ff03312f5d3312715dd6fb0fa20a361ecb8","CHANGE_SIGNATURE","{Function test_crawler(self) at tests/test_engine.py:394}","{Function test_crawler(self, mockserver) at tests/test_engine.py:376}","15","15"
"8c8f4ff03312f5d3312715dd6fb0fa20a361ecb8","CHANGE_SIGNATURE","{Function test_download_with_maxsize(self, server_port, download_handler) at tests/test_downloader_handlers_http_base.py:413}","{Function test_download_with_maxsize(self, mockserver, download_handler) at tests/test_downloader_handlers_http_base.py:287}","16","16"
"8c8f4ff03312f5d3312715dd6fb0fa20a361ecb8","CHANGE_SIGNATURE","{Function test_content_length_zero_bodyless_post_request_headers(self, server_port, download_handler) at tests/test_downloader_handlers_http_base.py:315}","{Function test_content_length_zero_bodyless_post_request_headers(self, mockserver, download_handler) at tests/test_downloader_handlers_http_base.py:175}","16","18"
"8c8f4ff03312f5d3312715dd6fb0fa20a361ecb8","MOVE","{Function response() at tests/test_downloader_handlers_http_base.py:92}","{Function response() at tests/mockserver/http_resources.py:258}","4","4"
"8c8f4ff03312f5d3312715dd6fb0fa20a361ecb8","CHANGE_SIGNATURE","{Function test_download_without_proxy(self, server_port, download_handler) at tests/test_downloader_handlers_http_base.py:766}","{Function test_download_without_proxy(self, proxy_mockserver, download_handler) at tests/test_downloader_handlers_http_base.py:607}","8","12"
"8c8f4ff03312f5d3312715dd6fb0fa20a361ecb8","MOVE","{Function _delayedRender(self, request) at tests/mockserver.py:231}","{Function _delayedRender(self, request) at tests/mockserver/http_resources.py:190}","11","11"
"8c8f4ff03312f5d3312715dd6fb0fa20a361ecb8","CHANGE_SIGNATURE","{Function test_download_with_maxsize_per_req(self, server_port, download_handler) at tests/test_downloader_handlers_http_base.py:457}","{Function test_download_with_maxsize_per_req(self, mockserver, download_handler) at tests/test_downloader_handlers_http_base.py:333}","7","7"
"8c8f4ff03312f5d3312715dd6fb0fa20a361ecb8","CHANGE_SIGNATURE","{Function test_custom_content_length_good(self, server_port, download_handler) at tests/test_downloader_handler_twisted_http2.py:130}","{Function test_custom_content_length_good(self, mockserver, download_handler) at tests/test_downloader_handler_twisted_http2.py:134}","8","8"
"8c8f4ff03312f5d3312715dd6fb0fa20a361ecb8","CHANGE_SIGNATURE","{Function test_download_with_proxy(self, server_port, download_handler) at tests/test_downloader_handlers_http_base.py:755}","{Function test_download_with_proxy(self, proxy_mockserver, download_handler) at tests/test_downloader_handlers_http_base.py:594}","9","11"
"8c8f4ff03312f5d3312715dd6fb0fa20a361ecb8","CHANGE_SIGNATURE","{Function test_download_with_maxsize_very_large_file(self, server_port, download_handler) at tests/test_downloader_handlers_http_base.py:431}","{Function test_download_with_maxsize_very_large_file(self, mockserver, download_handler) at tests/test_downloader_handlers_http_base.py:305}","24","26"
"8c8f4ff03312f5d3312715dd6fb0fa20a361ecb8","MOVE","{Function _delayedRender(self, request) at tests/mockserver.py:225}","{Function _delayedRender(self, request) at tests/mockserver/http_resources.py:184}","3","3"
"8c8f4ff03312f5d3312715dd6fb0fa20a361ecb8","MOVE","{Function lookupAllRecords(self, name, timeout) at tests/mockserver.py:336}","{Function lookupAllRecords(self, name, timeout) at tests/mockserver/dns.py:28}","2","2"
"8c8f4ff03312f5d3312715dd6fb0fa20a361ecb8","CHANGE_SIGNATURE","{Function run(self) at tests/test_engine.py:167}","{Function run(self, mockserver) at tests/test_engine.py:147}","33","32"
"8c8f4ff03312f5d3312715dd6fb0fa20a361ecb8","CHANGE_SIGNATURE","{Function test_download_with_proxy_https_timeout(self, server_port, download_handler) at tests/test_downloader_handler_twisted_http2.py:228}","{Function test_download_with_proxy_https_timeout(self, proxy_mockserver, download_handler) at tests/test_downloader_handler_twisted_http2.py:213}","9","11"
"8c8f4ff03312f5d3312715dd6fb0fa20a361ecb8","CHANGE_SIGNATURE","{Function test_redirect_status_head(self, server_port, download_handler) at tests/test_downloader_handlers_http_base.py:249}","{Function test_redirect_status_head(self, mockserver, download_handler) at tests/test_downloader_handlers_http_base.py:104}","6","8"
"8c8f4ff03312f5d3312715dd6fb0fa20a361ecb8","CHANGE_SIGNATURE","{Function test_download_cause_data_loss(self, url, server_port, download_handler) at tests/test_downloader_handlers_http_base.py:495}","{Function test_download_cause_data_loss(self, url, mockserver, download_handler) at tests/test_downloader_handlers_http_base.py:371}","8","11"
"8c8f4ff03312f5d3312715dd6fb0fa20a361ecb8","MOVE","{Function getChild(self, name, request) at tests/mockserver.py:289}","{Function getChild(self, name, request) at tests/mockserver/http.py:80}","2","2"
"8c8f4ff03312f5d3312715dd6fb0fa20a361ecb8","MOVE","{Function __enter__(self) at tests/mockserver.py:341}","{Function __enter__(self) at tests/mockserver/dns.py:33}","11","11"
"8c8f4ff03312f5d3312715dd6fb0fa20a361ecb8","CHANGE_SIGNATURE","{Function test_protocol(self, server_port, download_handler) at tests/test_downloader_handlers_http_base.py:534}","{Function test_protocol(self, mockserver, download_handler) at tests/test_downloader_handlers_http_base.py:417}","6","8"
"8c8f4ff03312f5d3312715dd6fb0fa20a361ecb8","MOVE","{Function _cancelrequest(_) at tests/mockserver.py:120}","{Function _cancelrequest(_) at tests/mockserver/http_resources.py:79}","4","4"
"8c8f4ff03312f5d3312715dd6fb0fa20a361ecb8","MOVE","{Function __exit__(self, exc_type, exc_value, traceback) at tests/mockserver.py:353}","{Function __exit__(self, exc_type, exc_value, traceback) at tests/mockserver/http_base.py:58}","3","4"
"8c8f4ff03312f5d3312715dd6fb0fa20a361ecb8","MOVE","{Function render(self, request) at tests/mockserver.py:211}","{Function render(self, request) at tests/mockserver/http_resources.py:170}","6","6"
"8c8f4ff03312f5d3312715dd6fb0fa20a361ecb8","MOVE","{Function _delayedRender(self, request) at tests/mockserver.py:188}","{Function _delayedRender(self, request) at tests/mockserver/http_resources.py:147}","6","6"
"8c8f4ff03312f5d3312715dd6fb0fa20a361ecb8","MOVE","{Function render(self, request) at tests/test_downloader_handlers_http_base.py:133}","{Function render(self, request) at tests/mockserver/http_resources.py:292}","3","3"
"8c8f4ff03312f5d3312715dd6fb0fa20a361ecb8","CHANGE_SIGNATURE","{Function test_download_without_maxsize_limit(self, server_port, download_handler) at tests/test_downloader_handlers_http_base.py:393}","{Function test_download_without_maxsize_limit(self, mockserver, download_handler) at tests/test_downloader_handlers_http_base.py:265}","6","6"
"8c8f4ff03312f5d3312715dd6fb0fa20a361ecb8","MOVE","{Function render(self, request) at tests/test_downloader_handlers_http_base.py:61}","{Function render(self, request) at tests/mockserver/http_resources.py:227}","10","10"
"8c8f4ff03312f5d3312715dd6fb0fa20a361ecb8","MOVE","{Function response() at tests/test_downloader_handlers_http_base.py:64}","{Function response() at tests/mockserver/http_resources.py:230}","4","4"
"8c8f4ff03312f5d3312715dd6fb0fa20a361ecb8","CHANGE_SIGNATURE","{Function test_crawler_change_close_reason_on_idle(self) at tests/test_engine.py:424}","{Function test_crawler_change_close_reason_on_idle(self, mockserver) at tests/test_engine.py:406}","7","9"
"8c8f4ff03312f5d3312715dd6fb0fa20a361ecb8","CHANGE_SIGNATURE","{Function test_protocol(self, server_port, download_handler) at tests/test_downloader_handler_twisted_http10.py:33}","{Function test_protocol(self, mockserver, download_handler) at tests/test_downloader_handler_twisted_http10.py:34}","6","8"
"8c8f4ff03312f5d3312715dd6fb0fa20a361ecb8","CHANGE_SIGNATURE","{Function test_response_class(self, filename, body, response_class, server_port, download_handler) at tests/test_downloader_handlers_http_base.py:368}","{Function test_response_class(self, filename, body, response_class, mockserver, download_handler) at tests/test_downloader_handlers_http_base.py:238}","11","13"
"8c8f4ff03312f5d3312715dd6fb0fa20a361ecb8","MOVE","{Function deferRequest(self, request, delay, f, *a, **kw) at tests/mockserver.py:117}","{Function deferRequest(self, request, delay, f, *a, **kw) at tests/mockserver/http_resources.py:76}","11","11"
"9e83a586432760a50223fcbaab114bffeda4aa8f"
"e225d0dea4d70598441807dda8c8866cf0243f19"
"6b2997af9000bbf9114aca681b62713c30cc628e","CHANGE_SIGNATURE","{Function test_protocol(self) at tests/test_downloader_handler_twisted_http10.py:30}","{Function test_protocol(self, server_port, download_handler) at tests/test_downloader_handler_twisted_http10.py:33}","4","6"
"6b2997af9000bbf9114aca681b62713c30cc628e","CHANGE_SIGNATURE","{Function test_POST_small_json(self) at tests/test_http2_client_protocol.py:372}","{Function test_POST_small_json(self, server_port, client) at tests/test_http2_client_protocol.py:388}","7","11"
"6b2997af9000bbf9114aca681b62713c30cc628e","CHANGE_SIGNATURE","{Function _check_GET_x10(self, request, expected_body, expected_status) at tests/test_http2_client_protocol.py:312}","{Function _check_GET_x10(self, client, request, expected_body, expected_status) at tests/test_http2_client_protocol.py:313}","7","11"
"6b2997af9000bbf9114aca681b62713c30cc628e","RENAME","{Function setUp(self) at tests/test_pipeline_media.py:50}","{Function setup_method(self) at tests/test_pipeline_media.py:558}","9","9"
"6b2997af9000bbf9114aca681b62713c30cc628e","RENAME","{Function _test_download_allow_data_loss(self, url) at tests/test_downloader_handlers_http_base.py:437}","{Function test_download_allow_data_loss(self, url, server_port, download_handler) at tests/test_downloader_handlers_http_base.py:506}","4","8"
"6b2997af9000bbf9114aca681b62713c30cc628e","CHANGE_SIGNATURE","{Function test_invalid_hostname(self) at tests/test_http2_client_protocol.py:607}","{Function test_invalid_hostname(self, client) at tests/test_http2_client_protocol.py:694}","2","4"
"6b2997af9000bbf9114aca681b62713c30cc628e","CHANGE_SIGNATURE","{Function test_POST_small_json_x10(self) at tests/test_http2_client_protocol.py:396}","{Function test_POST_small_json_x10(self, server_port, client) at tests/test_http2_client_protocol.py:420}","7","11"
"6b2997af9000bbf9114aca681b62713c30cc628e","CHANGE_SIGNATURE","{Function test_protocol(self) at tests/test_downloader_handlers_http_base.py:468}","{Function test_protocol(self, server_port, download_handler) at tests/test_downloader_handlers_http_base.py:534}","4","6"
"6b2997af9000bbf9114aca681b62713c30cc628e","RENAME","{Function setUp(self) at tests/test_logformatter.py:267}","{Function setup_method(self) at tests/test_logformatter.py:266}","7","7"
"6b2997af9000bbf9114aca681b62713c30cc628e","CHANGE_SIGNATURE","{Function test_getPageHead(self) at tests/test_webclient.py:259}","{Function test_getPageHead(self, server_url) at tests/test_webclient.py:257}","14","14"
"6b2997af9000bbf9114aca681b62713c30cc628e","CHANGE_SIGNATURE","{Function test_response_has_correct_certificate_ip_address(self) at tests/test_http2_client_protocol.py:582}","{Function test_response_has_correct_certificate_ip_address(self, server_port, client, client_certificate) at tests/test_http2_client_protocol.py:663}","12","17"
"6b2997af9000bbf9114aca681b62713c30cc628e","CHANGE_SIGNATURE","{Function test_download_with_proxy_https_timeout(self) at tests/test_downloader_handlers_http_base.py:704}","{Function test_download_with_proxy_https_timeout(self, server_port, download_handler) at tests/test_downloader_handlers_http_base.py:776}","9","11"
"6b2997af9000bbf9114aca681b62713c30cc628e","CHANGE_SIGNATURE","{Function test_ftp_download_path_with_spaces(self) at tests/test_downloader_handlers.py:370}","{Function test_ftp_download_path_with_spaces(self, server_url, dh) at tests/test_downloader_handlers.py:378}","12","11"
"6b2997af9000bbf9114aca681b62713c30cc628e","CHANGE_SIGNATURE","{Function test_connection_timeout(self) at tests/test_http2_client_protocol.py:623}","{Function test_connection_timeout(self, server_port, client) at tests/test_http2_client_protocol.py:716}","20","22"
"6b2997af9000bbf9114aca681b62713c30cc628e","CHANGE_SIGNATURE","{Function getURL(self, path) at tests/test_downloader_handlers_http_base.py:545}","{Function getURL(self, portno, path) at tests/test_downloader_handlers_http_base.py:618}","2","2"
"6b2997af9000bbf9114aca681b62713c30cc628e","CHANGE_SIGNATURE","{Function test_timeout_download_from_spider_server_hangs(self) at tests/test_downloader_handlers_http_base.py:245}","{Function test_timeout_download_from_spider_server_hangs(self, server_port, download_handler, reactor_pytest) at tests/test_downloader_handlers_http_base.py:277}","13","17"
"6b2997af9000bbf9114aca681b62713c30cc628e","CHANGE_SIGNATURE","{Function test_setting_default(self) at tests/test_core_downloader.py:143}","{Function test_setting_default(self, server_url) at tests/test_core_downloader.py:136}","6","6"
"6b2997af9000bbf9114aca681b62713c30cc628e","RENAME","{Function setUp(self) at tests/test_downloadermiddleware_robotstxt.py:26}","{Function setup_method(self) at tests/test_downloadermiddleware_robotstxt.py:25}","4","4"
"6b2997af9000bbf9114aca681b62713c30cc628e","CHANGE_SIGNATURE","{Function download_request(self, request, spider) at tests/test_downloader_handlers_http_base.py:199}","{Function download_request(download_handler, request, spider) at tests/test_downloader_handlers_http_base.py:138}","4","8"
"6b2997af9000bbf9114aca681b62713c30cc628e","CHANGE_SIGNATURE","{Function testFactoryInfo(self) at tests/test_webclient.py:307}","{Function testFactoryInfo(self, server_url) at tests/test_webclient.py:305}","12","12"
"6b2997af9000bbf9114aca681b62713c30cc628e","CHANGE_SIGNATURE","{Function test_duplicate_header(self) at tests/test_downloader_handler_twisted_http2.py:147}","{Function test_duplicate_header(self, server_port, download_handler) at tests/test_downloader_handler_twisted_http2.py:161}","7","9"
"6b2997af9000bbf9114aca681b62713c30cc628e","CHANGE_SIGNATURE","{Function test_concurrent_requests_same_domain(self) at tests/test_downloader_handler_twisted_http2.py:101}","{Function test_concurrent_requests_same_domain(self, server_port, download_handler) at tests/test_downloader_handler_twisted_http2.py:109}","10","10"
"6b2997af9000bbf9114aca681b62713c30cc628e","CHANGE_SIGNATURE","{Function test_encoding(self) at tests/test_webclient.py:331}","{Function test_encoding(self, server_url) at tests/test_webclient.py:329}","10","10"
"6b2997af9000bbf9114aca681b62713c30cc628e","RENAME","{Function setUp(self) at tests/test_proxy_connect.py:75}","{Function setup_method(self) at tests/test_proxy_connect.py:74}","12","12"
"6b2997af9000bbf9114aca681b62713c30cc628e","RENAME","{Function _test_response_class(self, filename, response_class) at tests/test_downloader_handlers.py:413}","{Function test_response_class(self, filename, response_class, server_url, dh) at tests/test_downloader_handlers.py:424}","13","16"
"6b2997af9000bbf9114aca681b62713c30cc628e","CHANGE_SIGNATURE","{Function test_query_parameters(self) at tests/test_http2_client_protocol.py:559}","{Function test_query_parameters(self, server_port, client) at tests/test_http2_client_protocol.py:634}","14","18"
"6b2997af9000bbf9114aca681b62713c30cc628e","CHANGE_SIGNATURE","{Function test_download_head(self) at tests/test_downloader_handlers_http_base.py:211}","{Function test_download_head(self, server_port, download_handler) at tests/test_downloader_handlers_http_base.py:233}","4","6"
"6b2997af9000bbf9114aca681b62713c30cc628e","RENAME","{Function _test_download_cause_data_loss(self, url) at tests/test_downloader_handlers_http_base.py:422}","{Function test_download_cause_data_loss(self, url, server_port, download_handler) at tests/test_downloader_handlers_http_base.py:495}","6","8"
"6b2997af9000bbf9114aca681b62713c30cc628e","CHANGE_SIGNATURE","{Function _check_POST_json(self, request, expected_request_body, expected_extra_data, expected_status) at tests/test_http2_client_protocol.py:332}","{Function _check_POST_json(client, request, expected_request_body, expected_extra_data, expected_status) at tests/test_http2_client_protocol.py:348}","38","38"
"6b2997af9000bbf9114aca681b62713c30cc628e","CHANGE_SIGNATURE","{Function test_POST_large_json(self) at tests/test_http2_client_protocol.py:381}","{Function test_POST_large_json(self, server_port, client) at tests/test_http2_client_protocol.py:401}","7","11"
"6b2997af9000bbf9114aca681b62713c30cc628e","CHANGE_SIGNATURE","{Function test_download(self) at tests/test_downloader_handlers_http_base.py:554}","{Function test_download(self, server_port, download_handler) at tests/test_downloader_handlers_http_base.py:622}","4","6"
"6b2997af9000bbf9114aca681b62713c30cc628e","CHANGE_SIGNATURE","{Function test_download_maxsize_exceeded(self) at tests/test_http2_client_protocol.py:432}","{Function test_download_maxsize_exceeded(self, server_port, client) at tests/test_http2_client_protocol.py:468}","11","14"
"6b2997af9000bbf9114aca681b62713c30cc628e","CHANGE_SIGNATURE","{Function test_download_with_maxsize_very_large_file(self) at tests/test_downloader_handlers_http_base.py:372}","{Function test_download_with_maxsize_very_large_file(self, server_port, download_handler) at tests/test_downloader_handlers_http_base.py:431}","22","24"
"6b2997af9000bbf9114aca681b62713c30cc628e","RENAME","{Function tearDown(self) at tests/test_pipeline_media.py:60}","{Function teardown_method(self) at tests/test_pipeline_media.py:568}","4","4"
"6b2997af9000bbf9114aca681b62713c30cc628e","CHANGE_SIGNATURE","{Function test_direct_init(self) at tests/test_core_downloader.py:179}","{Function test_direct_init(self, server_url) at tests/test_core_downloader.py:172}","4","4"
"6b2997af9000bbf9114aca681b62713c30cc628e","CHANGE_SIGNATURE","{Function test_tls_logging(self) at tests/test_downloader_handlers_http_base.py:483}","{Function test_tls_logging(self, server_port) at tests/test_downloader_handlers_http_base.py:551}","17","19"
"6b2997af9000bbf9114aca681b62713c30cc628e","CHANGE_SIGNATURE","{Function get_url(self, path) at tests/test_http2_client_protocol.py:263}","{Function get_url(self, portno, path) at tests/test_http2_client_protocol.py:262}","8","8"
"6b2997af9000bbf9114aca681b62713c30cc628e","CHANGE_SIGNATURE","{Function test_invalid_host_port(self) at tests/test_http2_client_protocol.py:611}","{Function test_invalid_host_port(self, server_port, client) at tests/test_http2_client_protocol.py:700}","3","5"
"6b2997af9000bbf9114aca681b62713c30cc628e","CHANGE_SIGNATURE","{Function test_missing_content_length_header(self) at tests/test_http2_client_protocol.py:460}","{Function test_missing_content_length_header(self, server_port, client) at tests/test_http2_client_protocol.py:501}","7","9"
"6b2997af9000bbf9114aca681b62713c30cc628e","CHANGE_SIGNATURE","{Function test_download_without_maxsize_limit(self) at tests/test_downloader_handlers_http_base.py:342}","{Function test_download_without_maxsize_limit(self, server_port, download_handler) at tests/test_downloader_handlers_http_base.py:393}","4","6"
"6b2997af9000bbf9114aca681b62713c30cc628e","CHANGE_SIGNATURE","{Function test_is_asyncio_reactor_installed(self) at tests/test_utils_reactor.py:18}","{Function test_is_asyncio_reactor_installed(self, reactor_pytest) at tests/test_utils_reactor.py:16}","3","3"
"6b2997af9000bbf9114aca681b62713c30cc628e","CHANGE_SIGNATURE","{Function test_is_asyncio_available(self) at tests/test_utils_asyncio.py:26}","{Function test_is_asyncio_available(self, reactor_pytest) at tests/test_utils_asyncio.py:24}","3","3"
"6b2997af9000bbf9114aca681b62713c30cc628e","CHANGE_SIGNATURE","{Function test_direct_from_crawler(self) at tests/test_core_downloader.py:171}","{Function test_direct_from_crawler(self, server_url) at tests/test_core_downloader.py:164}","6","6"
"6b2997af9000bbf9114aca681b62713c30cc628e","CHANGE_SIGNATURE","{Function test_download_with_large_maxsize_per_spider(self) at tests/test_downloader_handlers_http_base.py:409}","{Function test_download_with_large_maxsize_per_spider(self, server_port, download_handler) at tests/test_downloader_handlers_http_base.py:476}","6","8"
"6b2997af9000bbf9114aca681b62713c30cc628e","CHANGE_SIGNATURE","{Function test_response_header_content_length(self) at tests/test_downloader_handlers_http_base.py:307}","{Function test_response_header_content_length(self, server_port, download_handler) at tests/test_downloader_handlers_http_base.py:353}","4","6"
"6b2997af9000bbf9114aca681b62713c30cc628e","CHANGE_SIGNATURE","{Function test_redirect_status_head(self) at tests/test_downloader_handlers_http_base.py:223}","{Function test_redirect_status_head(self, server_port, download_handler) at tests/test_downloader_handlers_http_base.py:249}","4","6"
"6b2997af9000bbf9114aca681b62713c30cc628e","RENAME","{Function setUp(self) at tests/test_spidermiddleware.py:26}","{Function setup_method(self) at tests/test_spidermiddleware.py:25}","6","6"
"6b2997af9000bbf9114aca681b62713c30cc628e","CHANGE_SIGNATURE","{Function _assert_factory_works(self, client_context_factory) at tests/test_core_downloader.py:133}","{Function _assert_factory_works(self, server_url, client_context_factory) at tests/test_core_downloader.py:126}","8","8"
"6b2997af9000bbf9114aca681b62713c30cc628e","CHANGE_SIGNATURE","{Function test_max_concurrent_streams(self) at tests/test_http2_client_protocol.py:506}","{Function test_max_concurrent_streams(self, server_port, client) at tests/test_http2_client_protocol.py:569}","11","16"
"6b2997af9000bbf9114aca681b62713c30cc628e","CHANGE_SIGNATURE","{Function test_protocol(self) at tests/test_downloader_handler_twisted_http2.py:57}","{Function test_protocol(self, server_port, download_handler) at tests/test_downloader_handler_twisted_http2.py:59}","4","6"
"6b2997af9000bbf9114aca681b62713c30cc628e","CHANGE_SIGNATURE","{Function test_log_expected_warnsize(self) at tests/test_http2_client_protocol.py:481}","{Function test_log_expected_warnsize(self, server_port, client, caplog) at tests/test_http2_client_protocol.py:529}","10","18"
"6b2997af9000bbf9114aca681b62713c30cc628e","RENAME","{Function _test_download_allow_data_loss(self, url) at tests/test_downloader_handler_twisted_http2.py:94}","{Function test_download_allow_data_loss(self) at tests/test_downloader_handler_twisted_http2.py:102}","2","2"
"6b2997af9000bbf9114aca681b62713c30cc628e","CHANGE_SIGNATURE","{Function test_download_without_proxy(self) at tests/test_downloader_handlers_http_base.py:696}","{Function test_download_without_proxy(self, server_port, download_handler) at tests/test_downloader_handlers_http_base.py:766}","6","8"
"6b2997af9000bbf9114aca681b62713c30cc628e","CHANGE_SIGNATURE","{Function testPayload(self) at tests/test_webclient.py:346}","{Function testPayload(self, server_url) at tests/test_webclient.py:344}","4","4"
"6b2997af9000bbf9114aca681b62713c30cc628e","CHANGE_SIGNATURE","{Function test_download_chunked_content(self) at tests/test_downloader_handlers_http_base.py:417}","{Function test_download_chunked_content(self, server_port, download_handler) at tests/test_downloader_handlers_http_base.py:486}","4","6"
"6b2997af9000bbf9114aca681b62713c30cc628e","CHANGE_SIGNATURE","{Function test_ftp_local_filename(self) at tests/test_downloader_handlers.py:395}","{Function test_ftp_local_filename(self, server_url, dh) at tests/test_downloader_handlers.py:399}","17","16"
"6b2997af9000bbf9114aca681b62713c30cc628e","CHANGE_SIGNATURE","{Function make_request_dfd(self, request) at tests/test_http2_client_protocol.py:275}","{Function make_request_dfd(client, request) at tests/test_http2_client_protocol.py:181}","2","2"
"6b2997af9000bbf9114aca681b62713c30cc628e","CHANGE_SIGNATURE","{Function test_timeoutTriggering(self) at tests/test_webclient.py:285}","{Function test_timeoutTriggering(self, wrapper, server_url) at tests/test_webclient.py:283}","15","15"
"6b2997af9000bbf9114aca681b62713c30cc628e","CHANGE_SIGNATURE","{Function testNotFound(self) at tests/test_webclient.py:302}","{Function testNotFound(self, server_url) at tests/test_webclient.py:300}","3","3"
"6b2997af9000bbf9114aca681b62713c30cc628e","CHANGE_SIGNATURE","{Function test_content_length_zero_bodyless_post_request_headers(self) at tests/test_downloader_handlers_http_base.py:275}","{Function test_content_length_zero_bodyless_post_request_headers(self, server_port, download_handler) at tests/test_downloader_handlers_http_base.py:315}","14","16"
"6b2997af9000bbf9114aca681b62713c30cc628e","CHANGE_SIGNATURE","{Function test_invalid_negotiated_protocol(self) at tests/test_http2_client_protocol.py:414}","{Function test_invalid_negotiated_protocol(self, server_port, client) at tests/test_http2_client_protocol.py:446}","7","9"
"6b2997af9000bbf9114aca681b62713c30cc628e","CHANGE_SIGNATURE","{Function test_timeout_download_from_spider_nodata_rcvd(self) at tests/test_downloader_handlers_http_base.py:229}","{Function test_timeout_download_from_spider_nodata_rcvd(self, server_port, download_handler, reactor_pytest) at tests/test_downloader_handlers_http_base.py:257}","14","18"
"6b2997af9000bbf9114aca681b62713c30cc628e","CHANGE_SIGNATURE","{Function test_redirect_status(self) at tests/test_downloader_handlers_http_base.py:217}","{Function test_redirect_status(self, server_port, download_handler) at tests/test_downloader_handlers_http_base.py:241}","4","6"
"6b2997af9000bbf9114aca681b62713c30cc628e","RENAME","{Function setUp(self) at tests/test_downloader_handlers_http_base.py:661}","{Function server_port(self) at tests/test_downloader_handlers_http_base.py:732}","10","10"
"6b2997af9000bbf9114aca681b62713c30cc628e","CHANGE_SIGNATURE","{Function test_download_with_maxsize_per_req(self) at tests/test_downloader_handlers_http_base.py:396}","{Function test_download_with_maxsize_per_req(self, server_port, download_handler) at tests/test_downloader_handlers_http_base.py:457}","5","7"
"6b2997af9000bbf9114aca681b62713c30cc628e","CHANGE_SIGNATURE","{Function test_invalid_credentials(self) at tests/test_downloader_handlers.py:438}","{Function test_invalid_credentials(self, server_url, dh, reactor_pytest) at tests/test_downloader_handlers.py:444}","14","13"
"6b2997af9000bbf9114aca681b62713c30cc628e","RENAME","{Function _test_download_allow_data_loss_via_setting(self, url) at tests/test_downloader_handlers_http_base.py:450}","{Function test_download_allow_data_loss_via_setting(self, url, server_port) at tests/test_downloader_handlers_http_base.py:517}","8","15"
"6b2997af9000bbf9114aca681b62713c30cc628e","CHANGE_SIGNATURE","{Function test_download_with_proxy_https_timeout(self) at tests/test_downloader_handler_twisted_http2.py:217}","{Function test_download_with_proxy_https_timeout(self, server_port, download_handler) at tests/test_downloader_handler_twisted_http2.py:228}","5","9"
"6b2997af9000bbf9114aca681b62713c30cc628e","CHANGE_SIGNATURE","{Function test_inactive_stream(self) at tests/test_http2_client_protocol.py:519}","{Function test_inactive_stream(self, server_port, client) at tests/test_http2_client_protocol.py:587}","33","40"
"6b2997af9000bbf9114aca681b62713c30cc628e","CHANGE_SIGNATURE","{Function testPayload(self) at tests/test_webclient.py:358}","{Function testPayload(self, server_url) at tests/test_webclient.py:356}","10","10"
"6b2997af9000bbf9114aca681b62713c30cc628e","CHANGE_SIGNATURE","{Function test_invalid_request_type(self) at tests/test_http2_client_protocol.py:554}","{Function test_invalid_request_type(self, client) at tests/test_http2_client_protocol.py:629}","3","3"
"6b2997af9000bbf9114aca681b62713c30cc628e","CHANGE_SIGNATURE","{Function test_POST_large_json_x10(self) at tests/test_http2_client_protocol.py:405}","{Function test_POST_large_json_x10(self, server_port, client) at tests/test_http2_client_protocol.py:433}","7","11"
"6b2997af9000bbf9114aca681b62713c30cc628e","RENAME","{Function _test_download_allow_data_loss_via_setting(self, url) at tests/test_downloader_handler_twisted_http2.py:97}","{Function test_download_allow_data_loss_via_setting(self) at tests/test_downloader_handler_twisted_http2.py:105}","2","2"
"6b2997af9000bbf9114aca681b62713c30cc628e","CHANGE_SIGNATURE","{Function test_download_with_maxsize_very_large_file(self) at tests/test_downloader_handler_twisted_http2.py:63}","{Function test_download_with_maxsize_very_large_file(self, server_port, download_handler) at tests/test_downloader_handler_twisted_http2.py:67}","21","23"
"6b2997af9000bbf9114aca681b62713c30cc628e","RENAME","{Function _init_resource(self) at tests/test_http2_client_protocol.py:196}","{Function site(self, tmp_path) at tests/test_http2_client_protocol.py:197}","16","15"
"6b2997af9000bbf9114aca681b62713c30cc628e","CHANGE_SIGNATURE","{Function test_payload(self) at tests/test_downloader_handlers_http_base.py:300}","{Function test_payload(self, server_port, download_handler) at tests/test_downloader_handlers_http_base.py:344}","5","7"
"6b2997af9000bbf9114aca681b62713c30cc628e","CHANGE_SIGNATURE","{Function test_connect_request(self) at tests/test_downloader_handler_twisted_http2.py:114}","{Function test_connect_request(self, server_port, download_handler) at tests/test_downloader_handler_twisted_http2.py:122}","4","6"
"6b2997af9000bbf9114aca681b62713c30cc628e","CHANGE_SIGNATURE","{Function test_cancel_request(self) at tests/test_http2_client_protocol.py:423}","{Function test_cancel_request(self, server_port, client) at tests/test_http2_client_protocol.py:457}","7","9"
"6b2997af9000bbf9114aca681b62713c30cc628e","RENAME","{Function setUp(self) at tests/test_scheduler.py:357}","{Function setup_method(self) at tests/test_scheduler.py:356}","8","8"
"6b2997af9000bbf9114aca681b62713c30cc628e","INLINE","{Function download_request(self, request, spider) at tests/test_downloader_handlers_http_base.py:548}","{Function test_download_allow_data_loss_via_setting(self, url, server_port) at tests/test_downloader_handlers_http_base.py:517}","4","15"
"6b2997af9000bbf9114aca681b62713c30cc628e","INLINE","{Function download_request(self, request, spider) at tests/test_downloader_handlers_http_base.py:681}","{Function test_download_allow_data_loss_via_setting(self, url, server_port) at tests/test_downloader_handlers_http_base.py:517}","4","15"
"6b2997af9000bbf9114aca681b62713c30cc628e","RENAME","{Function setUp(self) at tests/test_pipeline_crawl.py:81}","{Function setup_method(self) at tests/test_pipeline_crawl.py:80}","8","8"
"6b2997af9000bbf9114aca681b62713c30cc628e","CHANGE_SIGNATURE","{Function testRedirect(self) at tests/test_webclient.py:321}","{Function testRedirect(self, server_url) at tests/test_webclient.py:319}","8","8"
"6b2997af9000bbf9114aca681b62713c30cc628e","CHANGE_SIGNATURE","{Function test_getPage(self) at tests/test_webclient.py:250}","{Function test_getPage(self, server_url) at tests/test_webclient.py:248}","7","7"
"6b2997af9000bbf9114aca681b62713c30cc628e","CHANGE_SIGNATURE","{Function getURL(self, path) at tests/test_downloader_handlers_http_base.py:196}","{Function getURL(self, portno, path) at tests/test_downloader_handlers_http_base.py:221}","2","2"
"6b2997af9000bbf9114aca681b62713c30cc628e","CHANGE_SIGNATURE","{Function test_download_with_maxsize(self) at tests/test_downloader_handlers_http_base.py:358}","{Function test_download_with_maxsize(self, server_port, download_handler) at tests/test_downloader_handlers_http_base.py:413}","12","16"
"6b2997af9000bbf9114aca681b62713c30cc628e","CHANGE_SIGNATURE","{Function test_setting_explicit(self) at tests/test_core_downloader.py:163}","{Function test_setting_explicit(self, server_url) at tests/test_core_downloader.py:156}","6","6"
"6b2997af9000bbf9114aca681b62713c30cc628e","RENAME","{Function setUp(self) at tests/test_webclient.py:209}","{Function wrapper(self, tmp_path) at tests/test_webclient.py:206}","16","13"
"6b2997af9000bbf9114aca681b62713c30cc628e","CHANGE_SIGNATURE","{Function testHostHeader(self) at tests/test_webclient.py:241}","{Function testHostHeader(self, server_port, server_url) at tests/test_webclient.py:239}","7","7"
"6b2997af9000bbf9114aca681b62713c30cc628e","EXTRACT_MOVE","{Function _test_response_class(self, filename, response_class) at tests/test_downloader_handlers.py:413}","{Function server_url(self, server_port) at tests/test_webclient.py:229}","13","2"
"6b2997af9000bbf9114aca681b62713c30cc628e","CHANGE_SIGNATURE","{Function test_GET_large_body_x10(self) at tests/test_http2_client_protocol.py:327}","{Function test_GET_large_body_x10(self, server_port, client) at tests/test_http2_client_protocol.py:337}","4","9"
"6b2997af9000bbf9114aca681b62713c30cc628e","RENAME","{Function tearDown(self) at tests/test_proxy_connect.py:88}","{Function teardown_method(self) at tests/test_proxy_connect.py:87}","3","3"
"6b2997af9000bbf9114aca681b62713c30cc628e","CHANGE_SIGNATURE","{Function test_status_codes(self) at tests/test_http2_client_protocol.py:575}","{Function test_status_codes(self, server_port, client) at tests/test_http2_client_protocol.py:654}","5","7"
"6b2997af9000bbf9114aca681b62713c30cc628e","RENAME","{Function get_client_certificate(key_file, certificate_file) at tests/test_http2_client_protocol.py:181}","{Function client_certificate(self) at tests/test_http2_client_protocol.py:230}","7","5"
"6b2997af9000bbf9114aca681b62713c30cc628e","CHANGE_SIGNATURE","{Function test_GET_large_body(self) at tests/test_http2_client_protocol.py:308}","{Function test_GET_large_body(self, server_port, client) at tests/test_http2_client_protocol.py:307}","3","5"
"6b2997af9000bbf9114aca681b62713c30cc628e","CHANGE_SIGNATURE","{Function test_received_dataloss_response(self) at tests/test_http2_client_protocol.py:445}","{Function test_received_dataloss_response(self, server_port, client) at tests/test_http2_client_protocol.py:484}","13","15"
"6b2997af9000bbf9114aca681b62713c30cc628e","CHANGE_SIGNATURE","{Function test_content_length_zero_bodyless_post_only_one(self) at tests/test_downloader_handlers_http_base.py:291}","{Function test_content_length_zero_bodyless_post_only_one(self, server_port, download_handler) at tests/test_downloader_handlers_http_base.py:333}","7","9"
"6b2997af9000bbf9114aca681b62713c30cc628e","CHANGE_SIGNATURE","{Function test_connection_stays_with_invalid_requests(self) at tests/test_http2_client_protocol.py:616}","{Function test_connection_stays_with_invalid_requests(self, server_port, client) at tests/test_http2_client_protocol.py:707}","5","7"
"6b2997af9000bbf9114aca681b62713c30cc628e","CHANGE_SIGNATURE","{Function testPayloadDisabledCipher(self) at tests/test_webclient.py:370}","{Function testPayloadDisabledCipher(self, server_url) at tests/test_webclient.py:368}","12","12"
"6b2997af9000bbf9114aca681b62713c30cc628e","CHANGE_SIGNATURE","{Function download_request(self, request, spider) at tests/test_downloader_handlers.py:489}","{Function download_request(self, request) at tests/test_downloader_handlers.py:479}","4","4"
"6b2997af9000bbf9114aca681b62713c30cc628e","CHANGE_SIGNATURE","{Function test_GET_small_body(self) at tests/test_http2_client_protocol.py:303}","{Function test_GET_small_body(self, server_port, client) at tests/test_http2_client_protocol.py:300}","3","5"
"6b2997af9000bbf9114aca681b62713c30cc628e","RENAME","{Function _test_download_cause_data_loss(self, url) at tests/test_downloader_handler_twisted_http2.py:91}","{Function test_download_cause_data_loss(self) at tests/test_downloader_handler_twisted_http2.py:99}","2","2"
"6b2997af9000bbf9114aca681b62713c30cc628e","MOVE","{Function getURL(self, path) at tests/test_downloader_handler_twisted_http2.py:213}","{Function getURL(self, portno, path) at tests/test_downloader_handlers_http_base.py:751}","2","2"
"6b2997af9000bbf9114aca681b62713c30cc628e","CHANGE_SIGNATURE","{Function test_download_with_small_maxsize_per_spider(self) at tests/test_downloader_handlers_http_base.py:403}","{Function test_download_with_small_maxsize_per_spider(self, server_port, download_handler) at tests/test_downloader_handlers_http_base.py:466}","4","8"
"6b2997af9000bbf9114aca681b62713c30cc628e","CHANGE_SIGNATURE","{Function test_timeoutNotTriggering(self) at tests/test_webclient.py:275}","{Function test_timeoutNotTriggering(self, server_port, server_url) at tests/test_webclient.py:273}","8","8"
"6b2997af9000bbf9114aca681b62713c30cc628e","CHANGE_SIGNATURE","{Function test_custom_content_length_good(self) at tests/test_downloader_handler_twisted_http2.py:120}","{Function test_custom_content_length_good(self, server_port, download_handler) at tests/test_downloader_handler_twisted_http2.py:130}","6","8"
"6b2997af9000bbf9114aca681b62713c30cc628e","RENAME","{Function _test_response_class(self, filename, body, response_class) at tests/test_downloader_handlers_http_base.py:312}","{Function test_response_class(self, filename, body, response_class, server_port, download_handler) at tests/test_downloader_handlers_http_base.py:368}","6","11"
"6b2997af9000bbf9114aca681b62713c30cc628e","CHANGE_SIGNATURE","{Function test_download_with_proxy(self) at tests/test_downloader_handlers_http_base.py:687}","{Function test_download_with_proxy(self, server_port, download_handler) at tests/test_downloader_handlers_http_base.py:755}","7","9"
"6b2997af9000bbf9114aca681b62713c30cc628e","CHANGE_SIGNATURE","{Function test_download_with_proxy_without_http_scheme(self) at tests/test_downloader_handlers_http_base.py:715}","{Function test_download_with_proxy_without_http_scheme(self, server_port, download_handler) at tests/test_downloader_handlers_http_base.py:789}","7","9"
"6b2997af9000bbf9114aca681b62713c30cc628e","CHANGE_SIGNATURE","{Function _check_GET(self, request, expected_body, expected_status) at tests/test_http2_client_protocol.py:289}","{Function _check_GET(self, client, request, expected_body, expected_status) at tests/test_http2_client_protocol.py:282}","12","16"
"6b2997af9000bbf9114aca681b62713c30cc628e","CHANGE_SIGNATURE","{Function _check_log_warnsize(self, request, warn_pattern, expected_body) at tests/test_http2_client_protocol.py:468}","{Function _check_log_warnsize(self, client, request, warn_pattern, expected_body, caplog) at tests/test_http2_client_protocol.py:511}","11","16"
"6b2997af9000bbf9114aca681b62713c30cc628e","INLINE","{Function _get_asyncio_event_loop_policy() at scrapy/utils/reactor.py:106}","{Function set_asyncio_event_loop_policy() at scrapy/utils/reactor.py:98}","8","11"
"6b2997af9000bbf9114aca681b62713c30cc628e","RENAME","{Function setUp(self) at tests/test_downloader_handlers_http_base.py:150}","{Function site(self, tmp_path) at tests/test_downloader_handlers_http_base.py:173}","38","18"
"6b2997af9000bbf9114aca681b62713c30cc628e","CHANGE_SIGNATURE","{Function test_custom_content_length_bad(self) at tests/test_downloader_handler_twisted_http2.py:128}","{Function test_custom_content_length_bad(self, server_port, download_handler) at tests/test_downloader_handler_twisted_http2.py:140}","17","19"
"6b2997af9000bbf9114aca681b62713c30cc628e","RENAME","{Function setUp(self) at tests/test_downloader_handler_twisted_http2.py:198}","{Function server_port(self) at tests/test_downloader_handler_twisted_http2.py:212}","14","14"
"6b2997af9000bbf9114aca681b62713c30cc628e","CHANGE_SIGNATURE","{Function test_host_header_not_in_request_headers(self) at tests/test_downloader_handlers_http_base.py:260}","{Function test_host_header_not_in_request_headers(self, server_port, download_handler) at tests/test_downloader_handlers_http_base.py:296}","5","7"
"6b2997af9000bbf9114aca681b62713c30cc628e","CHANGE_SIGNATURE","{Function test_host_header_set_in_request_headers(self) at tests/test_downloader_handlers_http_base.py:267}","{Function test_host_header_set_in_request_headers(self, server_port, download_handler) at tests/test_downloader_handlers_http_base.py:305}","6","8"
"6b2997af9000bbf9114aca681b62713c30cc628e","CHANGE_SIGNATURE","{Function make_request(self, request) at tests/test_http2_client_protocol.py:272}","{Function make_request(client, request) at tests/test_http2_client_protocol.py:185}","2","2"
"6b2997af9000bbf9114aca681b62713c30cc628e","CHANGE_SIGNATURE","{Function _download(self, request, response) at tests/test_downloadermiddleware.py:35}","{Function _download(mwman, spider, request, response) at tests/test_downloadermiddleware.py:35}","16","19"
"6b2997af9000bbf9114aca681b62713c30cc628e","RENAME","{Function setUp(self) at tests/test_core_downloader.py:57}","{Function server_url(self, tmp_path) at tests/test_core_downloader.py:42}","9","12"
"6b2997af9000bbf9114aca681b62713c30cc628e","CHANGE_SIGNATURE","{Function _check_invalid_netloc(self, url) at tests/test_http2_client_protocol.py:595}","{Function _check_invalid_netloc(client, url) at tests/test_http2_client_protocol.py:682}","10","10"
"6b2997af9000bbf9114aca681b62713c30cc628e","CHANGE_SIGNATURE","{Function test_GET_small_body_x10(self) at tests/test_http2_client_protocol.py:321}","{Function test_GET_small_body_x10(self, server_port, client) at tests/test_http2_client_protocol.py:326}","4","9"
"6b2997af9000bbf9114aca681b62713c30cc628e","CHANGE_SIGNATURE","{Function test_ftp_download_success(self) at tests/test_downloader_handlers.py:356}","{Function test_ftp_download_success(self, server_url, dh) at tests/test_downloader_handlers.py:367}","12","9"
"6b2997af9000bbf9114aca681b62713c30cc628e","CHANGE_SIGNATURE","{Function test_get_duplicate_header(self) at tests/test_downloader_handlers_http_base.py:332}","{Function test_get_duplicate_header(self, server_port, download_handler) at tests/test_downloader_handlers_http_base.py:381}","4","6"
"6b2997af9000bbf9114aca681b62713c30cc628e","CHANGE_SIGNATURE","{Function test_unsupported_scheme(self) at tests/test_downloader_handler_twisted_http2.py:86}","{Function test_unsupported_scheme(self, download_handler) at tests/test_downloader_handler_twisted_http2.py:92}","4","6"
"6b2997af9000bbf9114aca681b62713c30cc628e","RENAME","{Function tearDown(self) at tests/test_pipeline_media.py:569}","{Function teardown_method(self) at tests/test_pipeline_media.py:59}","4","4"
"6b2997af9000bbf9114aca681b62713c30cc628e","CHANGE_SIGNATURE","{Function test_log_received_warnsize(self) at tests/test_http2_client_protocol.py:493}","{Function test_log_received_warnsize(self, server_port, client, caplog) at tests/test_http2_client_protocol.py:549}","11","18"
"6b2997af9000bbf9114aca681b62713c30cc628e","CHANGE_SIGNATURE","{Function testPayload(self) at tests/test_webclient.py:235}","{Function testPayload(self, server_url) at tests/test_webclient.py:233}","4","4"
"6b2997af9000bbf9114aca681b62713c30cc628e","CHANGE_SIGNATURE","{Function testPayload(self) at tests/test_core_downloader.py:105}","{Function testPayload(self, server_url) at tests/test_core_downloader.py:98}","9","9"
"6b2997af9000bbf9114aca681b62713c30cc628e","CHANGE_SIGNATURE","{Function test_request_headers_received(self) at tests/test_http2_client_protocol.py:645}","{Function test_request_headers_received(self, server_port, client) at tests/test_http2_client_protocol.py:740}","15","17"
"6b2997af9000bbf9114aca681b62713c30cc628e","CHANGE_SIGNATURE","{Function test_response_class_choosing_request(self) at tests/test_downloader_handlers_http_base.py:348}","{Function test_response_class_choosing_request(self, server_port, download_handler) at tests/test_downloader_handlers_http_base.py:401}","8","10"
"14eace5d8fb9917ecd702eea52d4e6d0abcd1df0"
"4279f2837c3d7a04952c032496dff8f118c2c1fb","CHANGE_SIGNATURE","{Function getarg(request, name, default, type) at tests/mockserver.py:32}","{Function getarg(request, name, default, type_) at tests/mockserver.py:32}","7","7"
"4279f2837c3d7a04952c032496dff8f118c2c1fb","CHANGE_SIGNATURE","{Function _getarg(request, name, default, type) at scrapy/utils/benchserver.py:30}","{Function _getarg(request, name, default, type_) at scrapy/utils/benchserver.py:30}","2","2"
"4279f2837c3d7a04952c032496dff8f118c2c1fb","CHANGE_SIGNATURE","{Function mock_import(name, globals, locals, fromlist, level) at tests/test_utils_display.py:80}","{Function mock_import(name, globals_, locals_, fromlist, level) at tests/test_utils_display.py:80}","4","4"
"4279f2837c3d7a04952c032496dff8f118c2c1fb","CHANGE_SIGNATURE","{Function _exporter_supported(self, format) at scrapy/extensions/feedexport.py:673}","{Function _exporter_supported(self, format_) at scrapy/extensions/feedexport.py:673}","5","5"
"4279f2837c3d7a04952c032496dff8f118c2c1fb","CHANGE_SIGNATURE","{Function test_pop_order(input, output) at tests/test_pqueues.py:175}","{Function test_pop_order(input_, output) at tests/test_pqueues.py:175}","37","37"
"4279f2837c3d7a04952c032496dff8f118c2c1fb","CHANGE_SIGNATURE","{Function _get_exporter(self, file, format) at scrapy/extensions/feedexport.py:438}","{Function _get_exporter(self, file, format_) at scrapy/extensions/feedexport.py:438}","6","6"
"4279f2837c3d7a04952c032496dff8f118c2c1fb","CHANGE_SIGNATURE","{Function __init__(self, aiterable, callable) at scrapy/utils/defer.py:220}","{Function __init__(self, aiterable, callable_) at scrapy/utils/defer.py:220}","14","14"
"4279f2837c3d7a04952c032496dff8f118c2c1fb","CHANGE_SIGNATURE","{Function _create_image(format, *a, **kw) at tests/test_pipeline_images.py:505}","{Function _create_image(format_, *a, **kw) at tests/test_pipeline_images.py:505}","5","5"
"4279f2837c3d7a04952c032496dff8f118c2c1fb","CHANGE_SIGNATURE","{Function _parallel_asyncio(iterable, count, callable) at scrapy/utils/asyncio.py:69}","{Function _parallel_asyncio(iterable, count, callable_) at scrapy/utils/asyncio.py:69}","36","36"
"4279f2837c3d7a04952c032496dff8f118c2c1fb","CHANGE_SIGNATURE","{Function _get_dupefilter(crawler, settings, open) at tests/test_dupefilters.py:19}","{Function _get_dupefilter(crawler, settings, open_) at tests/test_dupefilters.py:19}","8","8"
"df342eee6e2fe307a211fff6d15ac310928615a0","EXTRACT","{Function test_process_response_zstd(self) at tests/test_downloadermiddleware_httpcompression.py:178}","{Function _skip_if_no_zstd() at tests/test_downloadermiddleware_httpcompression.py:63}","20","5"
"df342eee6e2fe307a211fff6d15ac310928615a0","EXTRACT","{Function test_compression_bomb_request_meta_zstd(self) at tests/test_downloadermiddleware_httpcompression.py:601}","{Function _skip_if_no_zstd() at tests/test_downloadermiddleware_httpcompression.py:63}","6","5"
"df342eee6e2fe307a211fff6d15ac310928615a0","EXTRACT","{Function test_download_warnsize_setting_zstd(self) at tests/test_downloadermiddleware_httpcompression.py:650}","{Function _skip_if_no_zstd() at tests/test_downloadermiddleware_httpcompression.py:63}","6","5"
"df342eee6e2fe307a211fff6d15ac310928615a0","CHANGE_SIGNATURE","{Function find_in_file(self, filename, regex) at tests/test_commands.py:113}","{Function find_in_file(filename, regex) at tests/test_commands.py:111}","9","9"
"df342eee6e2fe307a211fff6d15ac310928615a0","EXTRACT","{Function test_compression_bomb_spider_attr_zstd(self) at tests/test_downloadermiddleware_httpcompression.py:567}","{Function _skip_if_no_zstd() at tests/test_downloadermiddleware_httpcompression.py:63}","6","5"
"df342eee6e2fe307a211fff6d15ac310928615a0","EXTRACT","{Function test_compression_bomb_request_meta_br(self) at tests/test_downloadermiddleware_httpcompression.py:585}","{Function _skip_if_no_br() at tests/test_downloadermiddleware_httpcompression.py:53}","9","8"
"df342eee6e2fe307a211fff6d15ac310928615a0","EXTRACT","{Function test_download_warnsize_spider_attr_zstd(self) at tests/test_downloadermiddleware_httpcompression.py:701}","{Function _skip_if_no_zstd() at tests/test_downloadermiddleware_httpcompression.py:63}","6","5"
"df342eee6e2fe307a211fff6d15ac310928615a0","EXTRACT","{Function test_download_warnsize_setting_br(self) at tests/test_downloadermiddleware_httpcompression.py:634}","{Function _skip_if_no_br() at tests/test_downloadermiddleware_httpcompression.py:53}","9","8"
"df342eee6e2fe307a211fff6d15ac310928615a0","EXTRACT","{Function test_compression_bomb_setting_zstd(self) at tests/test_downloadermiddleware_httpcompression.py:531}","{Function _skip_if_no_zstd() at tests/test_downloadermiddleware_httpcompression.py:63}","6","5"
"df342eee6e2fe307a211fff6d15ac310928615a0","EXTRACT","{Function test_download_warnsize_spider_attr_br(self) at tests/test_downloadermiddleware_httpcompression.py:685}","{Function _skip_if_no_br() at tests/test_downloadermiddleware_httpcompression.py:53}","9","8"
"df342eee6e2fe307a211fff6d15ac310928615a0","EXTRACT","{Function test_compression_bomb_spider_attr_br(self) at tests/test_downloadermiddleware_httpcompression.py:551}","{Function _skip_if_no_br() at tests/test_downloadermiddleware_httpcompression.py:53}","9","8"
"df342eee6e2fe307a211fff6d15ac310928615a0","EXTRACT","{Function test_download_warnsize_request_meta_zstd(self) at tests/test_downloadermiddleware_httpcompression.py:750}","{Function _skip_if_no_zstd() at tests/test_downloadermiddleware_httpcompression.py:63}","6","5"
"df342eee6e2fe307a211fff6d15ac310928615a0","EXTRACT","{Function test_compression_bomb_setting_br(self) at tests/test_downloadermiddleware_httpcompression.py:515}","{Function _skip_if_no_br() at tests/test_downloadermiddleware_httpcompression.py:53}","9","8"
"df342eee6e2fe307a211fff6d15ac310928615a0","EXTRACT","{Function test_download_warnsize_request_meta_br(self) at tests/test_downloadermiddleware_httpcompression.py:734}","{Function _skip_if_no_br() at tests/test_downloadermiddleware_httpcompression.py:53}","9","8"
"df342eee6e2fe307a211fff6d15ac310928615a0","EXTRACT","{Function test_process_response_br(self) at tests/test_downloadermiddleware_httpcompression.py:125}","{Function _skip_if_no_br() at tests/test_downloadermiddleware_httpcompression.py:53}","17","8"
"16f168b406079e92870f37ed3dbeec62da8beb25","RENAME","{Function _scrape_func(self, *args, **kwargs) at tests/test_spidermiddleware.py:125}","{Function _callback(self) at tests/test_spidermiddleware.py:134}","4","4"
"16f168b406079e92870f37ed3dbeec62da8beb25","INLINE","{Function _log_exception(self, result) at scrapy/pipelines/media.py:213}","{Function _process_request(self, request, info, item) at scrapy/pipelines/media.py:183}","3","48"
"155a504f24b9dd180b8786a4fa709f87cfe8fb66"
"cf465bf64403607f253313dbc05173c4c5f7e594"
"8d82e7bd273188a9635c41dd0f93ab2221c3d6ba"
"c9cdf0af3cacfc09614184d20af9a11f5eae5ace"
"dabdc7550e06f4547249104721817835f553d064"
"3843091c5fa5fa6001fd5cc827e961ad9d2d9d18"
"8b3c3ea4aee5911cc65b0de01553c86cf1dc9df0","EXTRACT","{Function test_ftp_download_nonexistent(self) at tests/test_downloader_handlers.py:390}","{Function download_request(self, request) at tests/test_downloader_handlers.py:350}","10","4"
"8b3c3ea4aee5911cc65b0de01553c86cf1dc9df0","EXTRACT","{Function test_ftp_local_filename(self) at tests/test_downloader_handlers.py:401}","{Function download_request(self, request) at tests/test_downloader_handlers.py:350}","18","4"
"8b3c3ea4aee5911cc65b0de01553c86cf1dc9df0","RENAME","{Function test_download_broken_content_allow_data_loss_via_setting(self, url) at tests/test_downloader_handler_twisted_http2.py:104}","{Function _test_download_allow_data_loss_via_setting(self, url) at tests/test_downloader_handler_twisted_http2.py:98}","2","2"
"8b3c3ea4aee5911cc65b0de01553c86cf1dc9df0","EXTRACT","{Function test_ftp_download_success(self) at tests/test_downloader_handlers.py:362}","{Function download_request(self, request) at tests/test_downloader_handlers.py:350}","13","4"
"8b3c3ea4aee5911cc65b0de01553c86cf1dc9df0","EXTRACT","{Function test_ftp_download_path_with_spaces(self) at tests/test_downloader_handlers.py:376}","{Function download_request(self, request) at tests/test_downloader_handlers.py:350}","13","4"
"8b3c3ea4aee5911cc65b0de01553c86cf1dc9df0","EXTRACT","{Function test_invalid_credentials(self) at tests/test_downloader_handlers.py:443}","{Function download_request(self, request) at tests/test_downloader_handlers.py:350}","16","4"
"8b3c3ea4aee5911cc65b0de01553c86cf1dc9df0","RENAME","{Function test_download_broken_content_cause_data_loss(self, url) at tests/test_downloader_handlers_http_base.py:423}","{Function _test_download_cause_data_loss(self, url) at tests/test_downloader_handlers_http_base.py:422}","8","6"
"8b3c3ea4aee5911cc65b0de01553c86cf1dc9df0","RENAME","{Function test_download_broken_content_allow_data_loss_via_setting(self, url) at tests/test_downloader_handlers_http_base.py:447}","{Function _test_download_allow_data_loss_via_setting(self, url) at tests/test_downloader_handlers_http_base.py:450}","10","8"
"8b3c3ea4aee5911cc65b0de01553c86cf1dc9df0","RENAME","{Function test_download_broken_content_allow_data_loss(self, url) at tests/test_downloader_handlers_http_base.py:436}","{Function _test_download_allow_data_loss(self, url) at tests/test_downloader_handlers_http_base.py:437}","6","4"
"8b3c3ea4aee5911cc65b0de01553c86cf1dc9df0","EXTRACT","{Function _test_response_class(self, filename, response_class) at tests/test_downloader_handlers.py:420}","{Function download_request(self, request) at tests/test_downloader_handlers.py:350}","14","4"
"db0be1771c7ddf7228ceac4a906f96ae1f8d4f05","CHANGE_SIGNATURE","{Function test_handle_httpstatus_list(self) at tests/test_spidermiddleware_httperror.py:86}","{Function test_handle_httpstatus_list(self, mw, spider, res404) at tests/test_spidermiddleware_httperror.py:104}","9","11"
"db0be1771c7ddf7228ceac4a906f96ae1f8d4f05","CHANGE_SIGNATURE","{Function _test_asyncgen_nodowngrade(self, *mw_classes) at tests/test_spidermiddleware.py:537}","{Function _test_asyncgen_nodowngrade(self) at tests/test_spidermiddleware.py:552}","5","5"
"db0be1771c7ddf7228ceac4a906f96ae1f8d4f05","CHANGE_SIGNATURE","{Function test_core_stats_dummy_stats_collector(self) at tests/test_stats.py:37}","{Function test_core_stats_dummy_stats_collector(self, crawler, spider) at tests/test_stats.py:53}","9","11"
"db0be1771c7ddf7228ceac4a906f96ae1f8d4f05","RENAME","{Function test_one_element_with_peek(self, tmp_path) at tests/test_squeues_request.py:32}","{Function test_one_element(self, q, test_peek) at tests/test_squeues_request.py:44}","16","30"
"db0be1771c7ddf7228ceac4a906f96ae1f8d4f05","CHANGE_SIGNATURE","{Function test_dummy_collector(self) at tests/test_stats.py:80}","{Function test_dummy_collector(self, crawler, spider) at tests/test_stats.py:94}","13","13"
"db0be1771c7ddf7228ceac4a906f96ae1f8d4f05","CHANGE_SIGNATURE","{Function test_process_spider_output(self) at tests/test_spidermiddleware_depth.py:17}","{Function test_process_spider_output(mw, stats, spider) at tests/test_spidermiddleware_depth.py:45}","19","21"
"db0be1771c7ddf7228ceac4a906f96ae1f8d4f05","CHANGE_SIGNATURE","{Function test_process_spider_input(self) at tests/test_spidermiddleware_httperror.py:69}","{Function test_process_spider_input(self, mw, spider, res200, res404) at tests/test_spidermiddleware_httperror.py:87}","4","10"
"db0be1771c7ddf7228ceac4a906f96ae1f8d4f05","CHANGE_SIGNATURE","{Function test_meta_overrides_settings(self) at tests/test_spidermiddleware_httperror.py:143}","{Function test_meta_overrides_settings(self, mw, spider) at tests/test_spidermiddleware_httperror.py:137}","12","12"
"db0be1771c7ddf7228ceac4a906f96ae1f8d4f05","CHANGE_SIGNATURE","{Function test_httperror_allow_all_false(self) at tests/test_spidermiddleware_httperror.py:156}","{Function test_httperror_allow_all_false(self, spider) at tests/test_spidermiddleware_httperror.py:191}","17","15"
"db0be1771c7ddf7228ceac4a906f96ae1f8d4f05","CHANGE_SIGNATURE","{Function test_state_attribute(self) at tests/test_spiderstate.py:34}","{Function test_state_attribute() at tests/test_spiderstate.py:30}","8","8"
"db0be1771c7ddf7228ceac4a906f96ae1f8d4f05","CHANGE_SIGNATURE","{Function test_process_spider_exception(self) at tests/test_spidermiddleware_httperror.py:74}","{Function test_process_spider_exception(self, mw, spider, res404) at tests/test_spidermiddleware_httperror.py:98}","11","5"
"db0be1771c7ddf7228ceac4a906f96ae1f8d4f05","CHANGE_SIGNATURE","{Function test_universal_mw_both_sync(self) at tests/test_spidermiddleware.py:421}","{Function test_universal_mw_both_sync(self, mwman, caplog) at tests/test_spidermiddleware.py:432}","11","12"
"db0be1771c7ddf7228ceac4a906f96ae1f8d4f05","CHANGE_SIGNATURE","{Function _construct_mw_setting(*mw_classes, start_index) at tests/test_spidermiddleware.py:121}","{Function _construct_mw_setting(start_index) at tests/test_spidermiddleware.py:118}","4","6"
"db0be1771c7ddf7228ceac4a906f96ae1f8d4f05","CHANGE_SIGNATURE","{Function test_process_spider_input(self) at tests/test_spidermiddleware_httperror.py:106}","{Function test_process_spider_input(self, mw, spider, res200, res402, res404) at tests/test_spidermiddleware_httperror.py:124}","5","12"
"db0be1771c7ddf7228ceac4a906f96ae1f8d4f05","CHANGE_SIGNATURE","{Function test_logging(self) at tests/test_spidermiddleware_urllength.py:30}","{Function test_logging(stats, mw, spider, caplog) at tests/test_spidermiddleware_urllength.py:54}","10","11"
"db0be1771c7ddf7228ceac4a906f96ae1f8d4f05","CHANGE_SIGNATURE","{Function _test_simple_base(self, *mw_classes, downgrade, start_index) at tests/test_spidermiddleware.py:142}","{Function _test_simple_base(self, downgrade, start_index) at tests/test_spidermiddleware.py:143}","15","18"
"db0be1771c7ddf7228ceac4a906f96ae1f8d4f05","RENAME","{Function queue(self, base_path) at tests/test_squeues_request.py:182}","{Function q(self, crawler, tmp_path) at tests/test_squeues_request.py:118}","4","4"
"db0be1771c7ddf7228ceac4a906f96ae1f8d4f05","CHANGE_SIGNATURE","{Function test_simple_mw(self) at tests/test_spidermiddleware.py:390}","{Function test_simple_mw(self, mwman) at tests/test_spidermiddleware.py:400}","6","6"
"db0be1771c7ddf7228ceac4a906f96ae1f8d4f05","EXTRACT","{Function test_one_element_with_peek(self, tmp_path) at tests/test_squeues_request.py:32}","{Function q(self, crawler) at tests/test_squeues_request.py:158}","16","2"
"db0be1771c7ddf7228ceac4a906f96ae1f8d4f05","RENAME","{Function queue(self, base_path) at tests/test_squeues_request.py:196}","{Function q(self, crawler, tmp_path) at tests/test_squeues_request.py:138}","4","4"
"db0be1771c7ddf7228ceac4a906f96ae1f8d4f05","CHANGE_SIGNATURE","{Function test_core_stats_default_stats_collector(self, mock_datetime) at tests/test_stats.py:16}","{Function test_core_stats_default_stats_collector(self, mock_datetime, crawler, spider) at tests/test_stats.py:30}","20","22"
"db0be1771c7ddf7228ceac4a906f96ae1f8d4f05","CHANGE_SIGNATURE","{Function test_universal_mw_no_sync(self) at tests/test_spidermiddleware.py:412}","{Function test_universal_mw_no_sync(self, mwman, caplog) at tests/test_spidermiddleware.py:422}","8","9"
"db0be1771c7ddf7228ceac4a906f96ae1f8d4f05","CHANGE_SIGNATURE","{Function test_not_configured(self) at tests/test_spiderstate.py:43}","{Function test_not_configured() at tests/test_spiderstate.py:40}","4","4"
"db0be1771c7ddf7228ceac4a906f96ae1f8d4f05","CHANGE_SIGNATURE","{Function test_process_spider_input(self) at tests/test_spidermiddleware_httperror.py:139}","{Function test_process_spider_input(self, mw, spider, res200, res404) at tests/test_spidermiddleware_httperror.py:168}","3","9"
"db0be1771c7ddf7228ceac4a906f96ae1f8d4f05","CHANGE_SIGNATURE","{Function _get_middleware_result(self, *mw_classes, start_index) at tests/test_spidermiddleware.py:450}","{Function _get_middleware_result(self, start_index) at tests/test_spidermiddleware.py:463}","8","10"
"db0be1771c7ddf7228ceac4a906f96ae1f8d4f05","CHANGE_SIGNATURE","{Function test_universal_mw(self) at tests/test_spidermiddleware.py:404}","{Function test_universal_mw(self, mwman) at tests/test_spidermiddleware.py:414}","7","7"
"db0be1771c7ddf7228ceac4a906f96ae1f8d4f05","CHANGE_SIGNATURE","{Function _get_processed_start(self, *mw_classes) at tests/test_spidermiddleware.py:338}","{Function _get_processed_start(self) at tests/test_spidermiddleware.py:345}","16","18"
"db0be1771c7ddf7228ceac4a906f96ae1f8d4f05","CHANGE_SIGNATURE","{Function test_middleware_works(self) at tests/test_spidermiddleware_urllength.py:27}","{Function test_middleware_works(mw, spider) at tests/test_spidermiddleware_urllength.py:50}","2","2"
"db0be1771c7ddf7228ceac4a906f96ae1f8d4f05","CHANGE_SIGNATURE","{Function test_store_load(self) at tests/test_spiderstate.py:14}","{Function test_store_load(tmp_path) at tests/test_spiderstate.py:11}","19","17"
"db0be1771c7ddf7228ceac4a906f96ae1f8d4f05","CHANGE_SIGNATURE","{Function test_meta_overrides_settings(self) at tests/test_spidermiddleware_httperror.py:112}","{Function test_meta_overrides_settings(self, mw, spider) at tests/test_spidermiddleware_httperror.py:178}","12","12"
"db0be1771c7ddf7228ceac4a906f96ae1f8d4f05","CHANGE_SIGNATURE","{Function test_spider_override_settings(self) at tests/test_spidermiddleware_httperror.py:125}","{Function test_spider_override_settings(self, mw, spider, res402, res404) at tests/test_spidermiddleware_httperror.py:150}","5","11"
"db0be1771c7ddf7228ceac4a906f96ae1f8d4f05","CHANGE_SIGNATURE","{Function test_async_mw(self) at tests/test_spidermiddleware.py:397}","{Function test_async_mw(self, mwman) at tests/test_spidermiddleware.py:407}","6","6"
"db0be1771c7ddf7228ceac4a906f96ae1f8d4f05","CHANGE_SIGNATURE","{Function _test_asyncgen_base(self, *mw_classes, downgrade, start_index) at tests/test_spidermiddleware.py:158}","{Function _test_asyncgen_base(self, downgrade, start_index) at tests/test_spidermiddleware.py:162}","12","15"
"db0be1771c7ddf7228ceac4a906f96ae1f8d4f05","CHANGE_SIGNATURE","{Function test_jmespath_not_available(self) at tests/test_selector.py:252}","{Function test_jmespath_not_available() at tests/test_selector.py:245}","9","9"
"db0be1771c7ddf7228ceac4a906f96ae1f8d4f05","CHANGE_SIGNATURE","{Function process_spider_output(self) at tests/test_spidermiddleware_urllength.py:22}","{Function process_spider_output(mw, spider) at tests/test_spidermiddleware_urllength.py:46}","4","2"
"db0be1771c7ddf7228ceac4a906f96ae1f8d4f05","CHANGE_SIGNATURE","{Function test_collector(self) at tests/test_stats.py:53}","{Function test_collector(self, crawler) at tests/test_stats.py:67}","26","26"
"db0be1771c7ddf7228ceac4a906f96ae1f8d4f05","CHANGE_SIGNATURE","{Function _get_middleware_result(self, *mw_classes, start_index) at tests/test_spidermiddleware.py:131}","{Function _get_middleware_result(self, start_index) at tests/test_spidermiddleware.py:130}","10","12"
"db0be1771c7ddf7228ceac4a906f96ae1f8d4f05","CHANGE_SIGNATURE","{Function test(self) at tests/test_spidermiddleware_referer.py:1011}","{Function test(self, referrermw, redirectmw, spider) at tests/test_spidermiddleware_referer.py:1020}","27","30"
"db0be1771c7ddf7228ceac4a906f96ae1f8d4f05","RENAME","{Function queue(self, base_path) at tests/test_squeues_request.py:203}","{Function q(self, crawler, tmp_path) at tests/test_squeues_request.py:148}","4","4"
"db0be1771c7ddf7228ceac4a906f96ae1f8d4f05","CHANGE_SIGNATURE","{Function test_universal_mw_both_async(self) at tests/test_spidermiddleware.py:433}","{Function test_universal_mw_both_async(self, mwman, caplog) at tests/test_spidermiddleware.py:445}","9","10"
"db0be1771c7ddf7228ceac4a906f96ae1f8d4f05","RENAME","{Function queue(self, base_path) at tests/test_squeues_request.py:189}","{Function q(self, crawler, tmp_path) at tests/test_squeues_request.py:128}","4","4"
"03fe7a642484dc7afcd2bc086abc182837d1b17f"
"2c1c10e923b9fb1c3c6c5069a01e46c4414746e4"
"ba1cedee1b6a521cebbc679e22e875d9fa81b65f"
"076c01104a30c173dbae0280db96f36e7f3dc5d2"
"3019393686b801fec253b1f1762babcdc6af357a"
"1473f4d34767948cdd52b3304933b143b3358386"
"95172659af21c11e4e25001673ea30f2e15635cb"
"f454465b149752a5722973384c863fa6e9703bd7"
"5fbab843bd819da74d2c8cad88b2d3271592eb18"
"eaae59fbefc3943ae279f24372228d6c65bc407e"
"ef01a953b108b6c60d5ed5dcf85d3a1eb7ae7a2a"
"ff7795b15936a8fd950feb199a07285e74b9f8ca"
"d70f8a3f14252715fbc9b9541364c5b5d142335f","EXTRACT","{Function test_xmliter_unusual_node(self) at tests/test_utils_iterators.py:43}","{Function xmliter(self, obj, nodename) at tests/test_utils_iterators.py:261}","12","4"
"d70f8a3f14252715fbc9b9541364c5b5d142335f","EXTRACT","{Function test_xmliter_text(self) at tests/test_utils_iterators.py:117}","{Function xmliter(self, obj, nodename) at tests/test_utils_iterators.py:261}","10","4"
"d70f8a3f14252715fbc9b9541364c5b5d142335f","RENAME","{Function setup_method(self) at tests/test_utils_log.py:202}","{Function logger(self, log_stream) at tests/test_utils_log.py:229}","14","13"
"d70f8a3f14252715fbc9b9541364c5b5d142335f","CHANGE_SIGNATURE","{Function test_open_in_browser(self) at tests/test_utils_response.py:21}","{Function test_open_in_browser() at tests/test_utils_response.py:18}","18","20"
"d70f8a3f14252715fbc9b9541364c5b5d142335f","CHANGE_SIGNATURE","{Function test_is_gzipped_empty(self) at tests/test_utils_gz.py:45}","{Function test_is_gzipped_empty() at tests/test_utils_gz.py:48}","3","3"
"d70f8a3f14252715fbc9b9541364c5b5d142335f","EXTRACT","{Function test_xmliter(self) at tests/test_utils_iterators.py:11}","{Function xmliter(self, obj, nodename) at tests/test_utils_iterators.py:261}","30","4"
"d70f8a3f14252715fbc9b9541364c5b5d142335f","CHANGE_SIGNATURE","{Function test_info_logging(self) at tests/test_utils_log.py:172}","{Function test_info_logging(self, log_stream, spider) at tests/test_utils_log.py:188}","6","6"
"d70f8a3f14252715fbc9b9541364c5b5d142335f","EXTRACT","{Function test_deprecation(self) at tests/test_utils_iterators.py:256}","{Function xmliter(self, obj, nodename) at tests/test_utils_iterators.py:261}","12","4"
"d70f8a3f14252715fbc9b9541364c5b5d142335f","CHANGE_SIGNATURE","{Function test_gunzip_truncated_short(self) at tests/test_utils_gz.py:34}","{Function test_gunzip_truncated_short() at tests/test_utils_gz.py:36}","10","10"
"d70f8a3f14252715fbc9b9541364c5b5d142335f","CHANGE_SIGNATURE","{Function test_simple_render(self, tmp_path) at tests/test_utils_template.py:5}","{Function test_simple_render(tmp_path) at tests/test_utils_template.py:4}","18","18"
"d70f8a3f14252715fbc9b9541364c5b5d142335f","CHANGE_SIGNATURE","{Function test_selector_shortcut(self) at tests/test_toplevel.py:22}","{Function test_selector_shortcut() at tests/test_toplevel.py:25}","4","4"
"d70f8a3f14252715fbc9b9541364c5b5d142335f","CHANGE_SIGNATURE","{Function test_get_meta_refresh(self) at tests/test_utils_response.py:40}","{Function test_get_meta_refresh() at tests/test_utils_response.py:40}","33","33"
"d70f8a3f14252715fbc9b9541364c5b5d142335f","CHANGE_SIGNATURE","{Function test_sitemap_wrong_ns2(self) at tests/test_utils_sitemap.py:124}","{Function test_sitemap_wrong_ns2() at tests/test_utils_sitemap.py:127}","29","29"
"d70f8a3f14252715fbc9b9541364c5b5d142335f","CHANGE_SIGNATURE","{Function test_sitemap_index(self) at tests/test_utils_sitemap.py:39}","{Function test_sitemap_index() at tests/test_utils_sitemap.py:39}","25","25"
"d70f8a3f14252715fbc9b9541364c5b5d142335f","CHANGE_SIGNATURE","{Function test_spider_shortcut(self) at tests/test_toplevel.py:17}","{Function test_spider_shortcut() at tests/test_toplevel.py:19}","4","4"
"d70f8a3f14252715fbc9b9541364c5b5d142335f","CHANGE_SIGNATURE","{Function test_pformat(self, isatty) at tests/test_utils_display.py:27}","{Function test_pformat(isatty) at tests/test_utils_display.py:26}","3","3"
"d70f8a3f14252715fbc9b9541364c5b5d142335f","CHANGE_SIGNATURE","{Function test_memoizemethod_noargs(self) at tests/test_utils_python.py:116}","{Function test_memoizemethod_noargs() at tests/test_utils_python.py:124}","15","15"
"d70f8a3f14252715fbc9b9541364c5b5d142335f","CHANGE_SIGNATURE","{Function test_gunzip_illegal_eof(self) at tests/test_utils_gz.py:49}","{Function test_gunzip_illegal_eof() at tests/test_utils_gz.py:53}","9","9"
"d70f8a3f14252715fbc9b9541364c5b5d142335f","CHANGE_SIGNATURE","{Function test_sitemap_strip(self) at tests/test_utils_sitemap.py:65}","{Function test_sitemap_strip() at tests/test_utils_sitemap.py:66}","29","29"
"d70f8a3f14252715fbc9b9541364c5b5d142335f","CHANGE_SIGNATURE","{Function test_debug_logging(self) at tests/test_utils_log.py:220}","{Function test_debug_logging(self, log_stream, spider) at tests/test_utils_log.py:243}","11","11"
"d70f8a3f14252715fbc9b9541364c5b5d142335f","CHANGE_SIGNATURE","{Function test_critical_logging(self) at tests/test_utils_log.py:268}","{Function test_critical_logging(self, log_stream, spider) at tests/test_utils_log.py:291}","11","11"
"d70f8a3f14252715fbc9b9541364c5b5d142335f","CHANGE_SIGNATURE","{Function test_iter_all(self) at tests/test_utils_trackref.py:81}","{Function test_iter_all() at tests/test_utils_trackref.py:86}","5","5"
"d70f8a3f14252715fbc9b9541364c5b5d142335f","CHANGE_SIGNATURE","{Function test_gunzip_no_gzip_file_raises(self) at tests/test_utils_gz.py:30}","{Function test_gunzip_no_gzip_file_raises() at tests/test_utils_gz.py:31}","3","3"
"d70f8a3f14252715fbc9b9541364c5b5d142335f","CHANGE_SIGNATURE","{Function test_critical_logging(self) at tests/test_utils_log.py:193}","{Function test_critical_logging(self, log_stream, spider) at tests/test_utils_log.py:209}","6","6"
"d70f8a3f14252715fbc9b9541364c5b5d142335f","CHANGE_SIGNATURE","{Function test_url_is_from_any_domain(self) at tests/test_utils_url.py:21}","{Function test_url_is_from_any_domain() at tests/test_utils_url.py:19}","23","23"
"d70f8a3f14252715fbc9b9541364c5b5d142335f","CHANGE_SIGNATURE","{Function test_overwrite_spider_extra(self) at tests/test_utils_log.py:280}","{Function test_overwrite_spider_extra(self, log_stream, spider) at tests/test_utils_log.py:303}","11","13"
"d70f8a3f14252715fbc9b9541364c5b5d142335f","CHANGE_SIGNATURE","{Function test_open_in_browser_redos_comment(self) at tests/test_utils_response.py:172}","{Function test_open_in_browser_redos_comment() at tests/test_utils_response.py:176}","16","12"
"d70f8a3f14252715fbc9b9541364c5b5d142335f","CHANGE_SIGNATURE","{Function test_encode_response(self) at tests/test_utils_serialize.py:52}","{Function test_encode_response(self, encoder) at tests/test_utils_serialize.py:54}","5","5"
"d70f8a3f14252715fbc9b9541364c5b5d142335f","CHANGE_SIGNATURE","{Function test_warning_logging(self) at tests/test_utils_log.py:179}","{Function test_warning_logging(self, log_stream, spider) at tests/test_utils_log.py:195}","6","6"
"d70f8a3f14252715fbc9b9541364c5b5d142335f","CHANGE_SIGNATURE","{Function test_version_info(self) at tests/test_toplevel.py:8}","{Function test_version_info() at tests/test_toplevel.py:8}","2","2"
"d70f8a3f14252715fbc9b9541364c5b5d142335f","EXTRACT","{Function test_xmliter_namespaces(self) at tests/test_utils_iterators.py:129}","{Function xmliter(self, obj, nodename) at tests/test_utils_iterators.py:261}","36","4"
"d70f8a3f14252715fbc9b9541364c5b5d142335f","RENAME","{Function setup_method(self) at tests/test_utils_log.py:152}","{Function logger(self, log_stream) at tests/test_utils_log.py:171}","9","9"
"d70f8a3f14252715fbc9b9541364c5b5d142335f","CHANGE_SIGNATURE","{Function test_get_shell_embed_func(self) at tests/test_utils_console.py:22}","{Function test_get_shell_embed_func() at tests/test_utils_console.py:21}","7","7"
"d70f8a3f14252715fbc9b9541364c5b5d142335f","CHANGE_SIGNATURE","{Function test_request_authenticate(self) at tests/test_utils_request.py:25}","{Function test_request_authenticate() at tests/test_utils_request.py:24}","4","4"
"d70f8a3f14252715fbc9b9541364c5b5d142335f","CHANGE_SIGNATURE","{Function test_filtered_out_level(self) at tests/test_utils_log.py:97}","{Function test_filtered_out_level(self, crawler, logger) at tests/test_utils_log.py:106}","3","4"
"d70f8a3f14252715fbc9b9541364c5b5d142335f","CHANGE_SIGNATURE","{Function test_encode_request(self) at tests/test_utils_serialize.py:46}","{Function test_encode_request(self, encoder) at tests/test_utils_serialize.py:48}","5","5"
"d70f8a3f14252715fbc9b9541364c5b5d142335f","CHANGE_SIGNATURE","{Function test_warning_logging(self) at tests/test_utils_log.py:244}","{Function test_warning_logging(self, log_stream, spider) at tests/test_utils_log.py:267}","11","11"
"d70f8a3f14252715fbc9b9541364c5b5d142335f","RENAME","{Function test_get_shell_embed_func3(self) at tests/test_utils_console.py:37}","{Function test_get_shell_embed_func_ipython() at tests/test_utils_console.py:38}","4","4"
"d70f8a3f14252715fbc9b9541364c5b5d142335f","EXTRACT","{Function test_xmliter_encoding(self) at tests/test_utils_iterators.py:239}","{Function xmliter(self, obj, nodename) at tests/test_utils_iterators.py:261}","12","4"
"d70f8a3f14252715fbc9b9541364c5b5d142335f","EXTRACT","{Function test_xmliter_namespaces_prefix(self) at tests/test_utils_iterators.py:308}","{Function xmliter(self, obj, nodename) at tests/test_utils_iterators.py:261}","33","4"
"d70f8a3f14252715fbc9b9541364c5b5d142335f","CHANGE_SIGNATURE","{Function test_data_path_outside_project(self) at tests/test_utils_project.py:28}","{Function test_data_path_outside_project() at tests/test_utils_project.py:25}","4","4"
"d70f8a3f14252715fbc9b9541364c5b5d142335f","EXTRACT","{Function test_xmliter_namespaced_nodename(self) at tests/test_utils_iterators.py:167}","{Function xmliter(self, obj, nodename) at tests/test_utils_iterators.py:261}","26","4"
"d70f8a3f14252715fbc9b9541364c5b5d142335f","CHANGE_SIGNATURE","{Function test_url_is_from_spider_with_allowed_domains(self) at tests/test_utils_url.py:61}","{Function test_url_is_from_spider_with_allowed_domains() at tests/test_utils_url.py:64}","20","23"
"d70f8a3f14252715fbc9b9541364c5b5d142335f","CHANGE_SIGNATURE","{Function test_arglist_to_dict(self) at tests/test_utils_conf.py:51}","{Function test_arglist_to_dict() at tests/test_utils_conf.py:50}","5","5"
"d70f8a3f14252715fbc9b9541364c5b5d142335f","CHANGE_SIGNATURE","{Function test_info_logging(self) at tests/test_utils_log.py:232}","{Function test_info_logging(self, log_stream, spider) at tests/test_utils_log.py:255}","11","11"
"d70f8a3f14252715fbc9b9541364c5b5d142335f","CHANGE_SIGNATURE","{Function test_pformat_no_pygments(self, isatty) at tests/test_utils_display.py:71}","{Function test_pformat_no_pygments(isatty) at tests/test_utils_display.py:74}","15","15"
"d70f8a3f14252715fbc9b9541364c5b5d142335f","CHANGE_SIGNATURE","{Function test_sitemap_wrong_ns(self) at tests/test_utils_sitemap.py:95}","{Function test_sitemap_wrong_ns() at tests/test_utils_sitemap.py:97}","28","28"
"d70f8a3f14252715fbc9b9541364c5b5d142335f","CHANGE_SIGNATURE","{Function test_xml_entity_expansion(self) at tests/test_utils_sitemap.py:258}","{Function test_xml_entity_expansion() at tests/test_utils_sitemap.py:262}","16","15"
"d70f8a3f14252715fbc9b9541364c5b5d142335f","CHANGE_SIGNATURE","{Function test_print_live_refs_with_objects(self, stdout) at tests/test_utils_trackref.py:51}","{Function test_print_live_refs_with_objects(stdout) at tests/test_utils_trackref.py:54}","10","10"
"d70f8a3f14252715fbc9b9541364c5b5d142335f","CHANGE_SIGNATURE","{Function test_pprint(self) at tests/test_utils_display.py:87}","{Function test_pprint() at tests/test_utils_display.py:91}","4","4"
"d70f8a3f14252715fbc9b9541364c5b5d142335f","CHANGE_SIGNATURE","{Function test_encode_deferred(self) at tests/test_utils_serialize.py:43}","{Function test_encode_deferred(self, encoder) at tests/test_utils_serialize.py:45}","2","2"
"d70f8a3f14252715fbc9b9541364c5b5d142335f","CHANGE_SIGNATURE","{Function test_open_in_browser_redos_head(self) at tests/test_utils_response.py:189}","{Function test_open_in_browser_redos_head() at tests/test_utils_response.py:190}","16","12"
"d70f8a3f14252715fbc9b9541364c5b5d142335f","CHANGE_SIGNATURE","{Function test_pformat_not_tty(self) at tests/test_utils_display.py:36}","{Function test_pformat_not_tty() at tests/test_utils_display.py:37}","2","2"
"d70f8a3f14252715fbc9b9541364c5b5d142335f","CHANGE_SIGNATURE","{Function test_sitemap_blanklines(self) at tests/test_utils_sitemap.py:182}","{Function test_sitemap_blanklines() at tests/test_utils_sitemap.py:185}","32","32"
"d70f8a3f14252715fbc9b9541364c5b5d142335f","CHANGE_SIGNATURE","{Function test_iter_spider_classes(self) at tests/test_utils_spider.py:26}","{Function test_iter_spider_classes() at tests/test_utils_spider.py:26}","5","5"
"d70f8a3f14252715fbc9b9541364c5b5d142335f","EXTRACT","{Function test_xmliter_namespaced_nodename_missing(self) at tests/test_utils_iterators.py:195}","{Function xmliter(self, obj, nodename) at tests/test_utils_iterators.py:261}","23","4"
"d70f8a3f14252715fbc9b9541364c5b5d142335f","CHANGE_SIGNATURE","{Function test_equal_attributes(self) at tests/test_utils_python.py:149}","{Function test_equal_attributes() at tests/test_utils_python.py:155}","47","47"
"d70f8a3f14252715fbc9b9541364c5b5d142335f","CHANGE_SIGNATURE","{Function test_pformat_dont_colorize(self, isatty) at tests/test_utils_display.py:32}","{Function test_pformat_dont_colorize(isatty) at tests/test_utils_display.py:32}","3","3"
"d70f8a3f14252715fbc9b9541364c5b5d142335f","CHANGE_SIGNATURE","{Function test_item_shortcut(self) at tests/test_toplevel.py:27}","{Function test_item_shortcut() at tests/test_toplevel.py:31}","5","5"
"d70f8a3f14252715fbc9b9541364c5b5d142335f","CHANGE_SIGNATURE","{Function test_pformat_old_windows(self, isatty, version) at tests/test_utils_display.py:42}","{Function test_pformat_old_windows(isatty, version) at tests/test_utils_display.py:44}","4","4"
"d70f8a3f14252715fbc9b9541364c5b5d142335f","CHANGE_SIGNATURE","{Function test_data_path_inside_project(self) at tests/test_utils_project.py:33}","{Function test_data_path_inside_project(proj_path) at tests/test_utils_project.py:31}","6","5"
"d70f8a3f14252715fbc9b9541364c5b5d142335f","CHANGE_SIGNATURE","{Function test_gunzip_basic(self) at tests/test_utils_gz.py:15}","{Function test_gunzip_basic() at tests/test_utils_gz.py:14}","10","10"
"d70f8a3f14252715fbc9b9541364c5b5d142335f","EXTRACT","{Function test_xmliter_objtype_exception(self) at tests/test_utils_iterators.py:342}","{Function xmliter(self, obj, nodename) at tests/test_utils_iterators.py:261}","4","4"
"d70f8a3f14252715fbc9b9541364c5b5d142335f","RENAME","{Function inside_a_project() at tests/test_utils_project.py:13}","{Function proj_path(tmp_path) at tests/test_utils_project.py:12}","12","11"
"d70f8a3f14252715fbc9b9541364c5b5d142335f","CHANGE_SIGNATURE","{Function test_sitemap(self) at tests/test_utils_sitemap.py:5}","{Function test_sitemap() at tests/test_utils_sitemap.py:4}","33","33"
"d70f8a3f14252715fbc9b9541364c5b5d142335f","CHANGE_SIGNATURE","{Function test_iterate_spider_output(self) at tests/test_utils_spider.py:16}","{Function test_iterate_spider_output() at tests/test_utils_spider.py:15}","9","9"
"d70f8a3f14252715fbc9b9541364c5b5d142335f","EXTRACT","{Function test_xmliter_iterate_namespace(self) at tests/test_utils_iterators.py:273}","{Function xmliter(self, obj, nodename) at tests/test_utils_iterators.py:261}","34","4"
"d70f8a3f14252715fbc9b9541364c5b5d142335f","CHANGE_SIGNATURE","{Function _test_command(self, curl_command, expected_result) at tests/test_utils_curl.py:13}","{Function _test_command(curl_command, expected_result) at tests/test_utils_curl.py:13}","7","7"
"d70f8a3f14252715fbc9b9541364c5b5d142335f","CHANGE_SIGNATURE","{Function test_urlparse_cached(self) at tests/test_utils_httpobj.py:8}","{Function test_urlparse_cached() at tests/test_utils_httpobj.py:7}","14","14"
"d70f8a3f14252715fbc9b9541364c5b5d142335f","CHANGE_SIGNATURE","{Function test_noop(self) at tests/test_utils_url.py:321}","{Function test_noop(self, url) at tests/test_utils_url.py:219}","5","2"
"d70f8a3f14252715fbc9b9541364c5b5d142335f","CHANGE_SIGNATURE","{Function test_get_base_url(self) at tests/test_utils_response.py:74}","{Function test_get_base_url() at tests/test_utils_response.py:75}","17","17"
"d70f8a3f14252715fbc9b9541364c5b5d142335f","CHANGE_SIGNATURE","{Function test_response_status_message(self) at tests/test_utils_response.py:92}","{Function test_response_status_message() at tests/test_utils_response.py:94}","4","4"
"d70f8a3f14252715fbc9b9541364c5b5d142335f","CHANGE_SIGNATURE","{Function test_format_live_refs(self) at tests/test_utils_trackref.py:22}","{Function test_format_live_refs() at tests/test_utils_trackref.py:23}","22","22"
"d70f8a3f14252715fbc9b9541364c5b5d142335f","CHANGE_SIGNATURE","{Function test_request_shortcut(self) at tests/test_toplevel.py:11}","{Function test_request_shortcut() at tests/test_toplevel.py:12}","5","5"
"d70f8a3f14252715fbc9b9541364c5b5d142335f","CHANGE_SIGNATURE","{Function test_accepted_level(self) at tests/test_utils_log.py:93}","{Function test_accepted_level(self, crawler, logger) at tests/test_utils_log.py:101}","3","4"
"d70f8a3f14252715fbc9b9541364c5b5d142335f","CHANGE_SIGNATURE","{Function test_init(self) at tests/test_utils_log.py:86}","{Function test_init(self, crawler, logger) at tests/test_utils_log.py:93}","6","7"
"d70f8a3f14252715fbc9b9541364c5b5d142335f","CHANGE_SIGNATURE","{Function test_sitemap_urls_from_robots(self) at tests/test_utils_sitemap.py:154}","{Function test_sitemap_urls_from_robots() at tests/test_utils_sitemap.py:158}","27","25"
"d70f8a3f14252715fbc9b9541364c5b5d142335f","CHANGE_SIGNATURE","{Function test_get_func_args(self) at tests/test_utils_python.py:197}","{Function test_get_func_args() at tests/test_utils_python.py:204}","50","50"
"d70f8a3f14252715fbc9b9541364c5b5d142335f","CHANGE_SIGNATURE","{Function test_inject_base_url(self) at tests/test_utils_response.py:97}","{Function test_inject_base_url() at tests/test_utils_response.py:100}","74","74"
"d70f8a3f14252715fbc9b9541364c5b5d142335f","EXTRACT","{Function test_xmliter_objtype_exception(self) at tests/test_utils_iterators.py:233}","{Function xmliter(self, obj, nodename) at tests/test_utils_iterators.py:261}","4","4"
"d70f8a3f14252715fbc9b9541364c5b5d142335f","CHANGE_SIGNATURE","{Function test_encode_decode(self) at tests/test_utils_serialize.py:17}","{Function test_encode_decode(self, encoder) at tests/test_utils_serialize.py:19}","25","25"
"d70f8a3f14252715fbc9b9541364c5b5d142335f","CHANGE_SIGNATURE","{Function test_body_or_str(self) at tests/test_utils_iterators.py:502}","{Function test_body_or_str(self, obj) at tests/test_utils_iterators.py:522}","10","9"
"d70f8a3f14252715fbc9b9541364c5b5d142335f","CHANGE_SIGNATURE","{Function test_request_httprepr_for_non_http_request(self) at tests/test_utils_request.py:53}","{Function test_request_httprepr_for_non_http_request(r) at tests/test_utils_request.py:63}","4","3"
"d70f8a3f14252715fbc9b9541364c5b5d142335f","EXTRACT","{Function test_xmliter_exception(self) at tests/test_utils_iterators.py:220}","{Function xmliter(self, obj, nodename) at tests/test_utils_iterators.py:261}","11","4"
"d70f8a3f14252715fbc9b9541364c5b5d142335f","CHANGE_SIGNATURE","{Function test_mutablechain(self) at tests/test_utils_python.py:25}","{Function test_mutablechain() at tests/test_utils_python.py:34}","8","8"
"d70f8a3f14252715fbc9b9541364c5b5d142335f","CHANGE_SIGNATURE","{Function _assert_type_and_value(self, a, b, obj) at tests/test_utils_iterators.py:513}","{Function _assert_type_and_value(a, b, obj) at tests/test_utils_iterators.py:533}","3","5"
"d70f8a3f14252715fbc9b9541364c5b5d142335f","RENAME","{Function test_get_shell_embed_func2(self) at tests/test_utils_console.py:31}","{Function test_get_shell_embed_func_bpython() at tests/test_utils_console.py:31}","4","4"
"d70f8a3f14252715fbc9b9541364c5b5d142335f","CHANGE_SIGNATURE","{Function test_encode_dataclass_item(self) at tests/test_utils_serialize.py:58}","{Function test_encode_dataclass_item(self, encoder) at tests/test_utils_serialize.py:60}","10","10"
"d70f8a3f14252715fbc9b9541364c5b5d142335f","CHANGE_SIGNATURE","{Function test_error_logging(self) at tests/test_utils_log.py:256}","{Function test_error_logging(self, log_stream, spider) at tests/test_utils_log.py:279}","11","11"
"d70f8a3f14252715fbc9b9541364c5b5d142335f","CHANGE_SIGNATURE","{Function test_error_logging(self) at tests/test_utils_log.py:186}","{Function test_error_logging(self, log_stream, spider) at tests/test_utils_log.py:202}","6","6"
"d70f8a3f14252715fbc9b9541364c5b5d142335f","CHANGE_SIGNATURE","{Function test_alternate(self) at tests/test_utils_sitemap.py:229}","{Function test_alternate() at tests/test_utils_sitemap.py:233}","28","27"
"d70f8a3f14252715fbc9b9541364c5b5d142335f","CHANGE_SIGNATURE","{Function test_version(self) at tests/test_toplevel.py:5}","{Function test_version() at tests/test_toplevel.py:4}","2","2"
"d70f8a3f14252715fbc9b9541364c5b5d142335f","EXTRACT","{Function test_xmliter_unicode(self) at tests/test_utils_iterators.py:57}","{Function xmliter(self, obj, nodename) at tests/test_utils_iterators.py:261}","58","4"
"d70f8a3f14252715fbc9b9541364c5b5d142335f","CHANGE_SIGNATURE","{Function test_pformat_windows_no_terminal_processing(self, isatty, version, terminal_processing) at tests/test_utils_display.py:51}","{Function test_pformat_windows_no_terminal_processing(isatty, version, terminal_processing) at tests/test_utils_display.py:54}","7","5"
"d70f8a3f14252715fbc9b9541364c5b5d142335f","CHANGE_SIGNATURE","{Function test_encode_attrs_item(self) at tests/test_utils_serialize.py:69}","{Function test_encode_attrs_item(self, encoder) at tests/test_utils_serialize.py:71}","10","10"
"d70f8a3f14252715fbc9b9541364c5b5d142335f","CHANGE_SIGNATURE","{Function test_comment(self) at tests/test_utils_sitemap.py:215}","{Function test_comment() at tests/test_utils_sitemap.py:219}","13","12"
"d70f8a3f14252715fbc9b9541364c5b5d142335f","CHANGE_SIGNATURE","{Function test_get_oldest(self) at tests/test_utils_trackref.py:62}","{Function test_get_oldest() at tests/test_utils_trackref.py:66}","18","18"
"d70f8a3f14252715fbc9b9541364c5b5d142335f","CHANGE_SIGNATURE","{Function test_print_live_refs_empty(self, stdout) at tests/test_utils_trackref.py:46}","{Function test_print_live_refs_empty(stdout) at tests/test_utils_trackref.py:48}","3","3"
"d70f8a3f14252715fbc9b9541364c5b5d142335f","CHANGE_SIGNATURE","{Function test_url_is_from_spider_class_attributes(self) at tests/test_utils_url.py:52}","{Function test_url_is_from_spider_class_attributes() at tests/test_utils_url.py:54}","8","8"
"d70f8a3f14252715fbc9b9541364c5b5d142335f","CHANGE_SIGNATURE","{Function test_url_is_from_spider(self) at tests/test_utils_url.py:45}","{Function test_url_is_from_spider() at tests/test_utils_url.py:44}","6","8"
"d70f8a3f14252715fbc9b9541364c5b5d142335f","CHANGE_SIGNATURE","{Function test_debug_logging(self) at tests/test_utils_log.py:165}","{Function test_debug_logging(self, log_stream, spider) at tests/test_utils_log.py:181}","6","6"
"d70f8a3f14252715fbc9b9541364c5b5d142335f","CHANGE_SIGNATURE","{Function test_pformat_windows(self, isatty, version, terminal_processing) at tests/test_utils_display.py:63}","{Function test_pformat_windows(isatty, version, terminal_processing) at tests/test_utils_display.py:65}","5","5"
"d70f8a3f14252715fbc9b9541364c5b5d142335f","CHANGE_SIGNATURE","{Function test_gunzip_truncated(self) at tests/test_utils_gz.py:26}","{Function test_gunzip_truncated() at tests/test_utils_gz.py:26}","3","3"
"7fbd56bc9baa33a4eb874f4337d740f5f25cfad3"
"0d75355b41a84896d4ab1c19ed1b88f65206fb9f"
"b53faacfcd64f6717645bf4cd33159cef87cd5d9"
"5e20b46e35c3affc5df7b5f63778e4fb924b28a8"
"843ad1afb1383a263b8c8da9004a899a71ea864d"
"020bfa7e5fd98c53db17e0c72db88d43d6fbf1f6"
"9149b6e7fc47743cdbcb5d3471a9650a2163b09b"
"9d324ebd1303613adde27dd28a2233803f1bcf14"
"0d86fb69dcfbc51383e2e6fb926b9f166fee4395"
"712e965dbd2d58bcfdcab13e289d1e1d1cd0abae"
"d1575220efc605a4e617aee4d4d9948de56fb529"
"91b186cf1868038569ef05a334650eae2a74b5b1"
"85aeda365db01939f70d0888593e7808380c8514"
"daa1a7d0b6549f901a002bf4c8bb7c4aed23e068","CHANGE_SIGNATURE","{Function test_fifo_with_peek(self) at tests/test_squeues_request.py:84}","{Function test_fifo_with_peek(self, tmp_path) at tests/test_squeues_request.py:70}","26","26"
"daa1a7d0b6549f901a002bf4c8bb7c4aed23e068","CHANGE_SIGNATURE","{Function queue(self) at tests/test_squeues_request.py:206}","{Function queue(self, base_path) at tests/test_squeues_request.py:196}","4","4"
"daa1a7d0b6549f901a002bf4c8bb7c4aed23e068","CHANGE_SIGNATURE","{Function queue(self) at tests/test_squeues_request.py:196}","{Function queue(self, base_path) at tests/test_squeues_request.py:182}","2","4"
"daa1a7d0b6549f901a002bf4c8bb7c4aed23e068","CHANGE_SIGNATURE","{Function test_one_element_without_peek(self) at tests/test_squeues_request.py:63}","{Function test_one_element_without_peek(self, tmp_path) at tests/test_squeues_request.py:49}","18","18"
"daa1a7d0b6549f901a002bf4c8bb7c4aed23e068","CHANGE_SIGNATURE","{Function test_temp_file(self) at tests/test_feedexport.py:243}","{Function test_temp_file(self, tmp_path) at tests/test_feedexport.py:249}","8","7"
"daa1a7d0b6549f901a002bf4c8bb7c4aed23e068","CHANGE_SIGNATURE","{Function test_one_element_with_peek(self) at tests/test_squeues_request.py:46}","{Function test_one_element_with_peek(self, tmp_path) at tests/test_squeues_request.py:32}","16","16"
"daa1a7d0b6549f901a002bf4c8bb7c4aed23e068","CHANGE_SIGNATURE","{Function test_file_pipeline_using_pathlike_objects(self) at tests/test_pipeline_files.py:527}","{Function test_file_pipeline_using_pathlike_objects(self, tmp_path) at tests/test_pipeline_files.py:527}","10","10"
"daa1a7d0b6549f901a002bf4c8bb7c4aed23e068","CHANGE_SIGNATURE","{Function test_invalid_folder(self) at tests/test_feedexport.py:252}","{Function test_invalid_folder(self, tmp_path) at tests/test_feedexport.py:257}","9","8"
"daa1a7d0b6549f901a002bf4c8bb7c4aed23e068","CHANGE_SIGNATURE","{Function test_lifo_without_peek(self) at tests/test_squeues_request.py:167}","{Function test_lifo_without_peek(self, tmp_path) at tests/test_squeues_request.py:153}","26","26"
"daa1a7d0b6549f901a002bf4c8bb7c4aed23e068","CHANGE_SIGNATURE","{Function test_lifo_with_peek(self) at tests/test_squeues_request.py:140}","{Function test_lifo_with_peek(self, tmp_path) at tests/test_squeues_request.py:126}","26","26"
"daa1a7d0b6549f901a002bf4c8bb7c4aed23e068","CHANGE_SIGNATURE","{Function queue(self) at tests/test_squeues_request.py:225}","{Function queue(self, base_path) at tests/test_squeues_request.py:215}","2","2"
"daa1a7d0b6549f901a002bf4c8bb7c4aed23e068","CHANGE_SIGNATURE","{Function test_files_store_constructor_with_pathlike_object(self) at tests/test_pipeline_files.py:538}","{Function test_files_store_constructor_with_pathlike_object(self, tmp_path) at tests/test_pipeline_files.py:538}","4","3"
"daa1a7d0b6549f901a002bf4c8bb7c4aed23e068","CHANGE_SIGNATURE","{Function queue(self) at tests/test_squeues_request.py:220}","{Function queue(self, base_path) at tests/test_squeues_request.py:210}","2","2"
"daa1a7d0b6549f901a002bf4c8bb7c4aed23e068","CHANGE_SIGNATURE","{Function queue(self) at tests/test_squeues_request.py:43}","{Function queue(self, base_path) at tests/test_squeues_request.py:29}","2","2"
"daa1a7d0b6549f901a002bf4c8bb7c4aed23e068","CHANGE_SIGNATURE","{Function test_fifo_without_peek(self) at tests/test_squeues_request.py:111}","{Function test_fifo_without_peek(self, tmp_path) at tests/test_squeues_request.py:97}","26","26"
"daa1a7d0b6549f901a002bf4c8bb7c4aed23e068","CHANGE_SIGNATURE","{Function queue(self) at tests/test_squeues_request.py:201}","{Function queue(self, base_path) at tests/test_squeues_request.py:189}","2","4"
"daa1a7d0b6549f901a002bf4c8bb7c4aed23e068","CHANGE_SIGNATURE","{Function queue(self) at tests/test_squeues_request.py:213}","{Function queue(self, base_path) at tests/test_squeues_request.py:203}","4","4"
"92c18d15b4dbed7c98dc3d5ac329c90abb23950f","RENAME","{Function setUp(self) at tests/test_commands.py:392}","{Function setup_method(self) at tests/test_commands.py:405}","18","18"
"92c18d15b4dbed7c98dc3d5ac329c90abb23950f","RENAME","{Function setUp(self) at tests/test_command_parse.py:25}","{Function setup_method(self) at tests/test_command_parse.py:21}","148","148"
"92c18d15b4dbed7c98dc3d5ac329c90abb23950f","EXTRACT","{Function render(self, request) at tests/mockserver.py:275}","{Function render(self, request) at tests/mockserver.py:292}","2","2"
"92c18d15b4dbed7c98dc3d5ac329c90abb23950f","CHANGE_SIGNATURE","{Function call(self, *new_args, **kwargs) at tests/test_commands.py:77}","{Function call(self) at tests/test_commands.py:75}","6","6"
"92c18d15b4dbed7c98dc3d5ac329c90abb23950f","RENAME","{Function setUp(self) at tests/test_commands.py:67}","{Function setup_method(self) at tests/test_commands.py:65}","6","6"
"92c18d15b4dbed7c98dc3d5ac329c90abb23950f","RENAME","{Function setUp(self) at tests/test_commands.py:139}","{Function setup_method(self) at tests/test_commands.py:139}","47","47"
"92c18d15b4dbed7c98dc3d5ac329c90abb23950f","RENAME","{Function setUp(self) at tests/test_command_check.py:12}","{Function setup_method(self) at tests/test_command_check.py:10}","4","4"
"92c18d15b4dbed7c98dc3d5ac329c90abb23950f","RENAME","{Function setUp(self) at tests/test_command_startproject.py:111}","{Function setup_method(self) at tests/test_command_startproject.py:111}","4","4"
"92c18d15b4dbed7c98dc3d5ac329c90abb23950f","CHANGE_SIGNATURE","{Function proc(self, *new_args, **popen_kwargs) at tests/test_commands.py:84}","{Function proc(self) at tests/test_commands.py:82}","24","26"
"b4d11b8b2565b5686c9f395ca1a8dd085609aafc","RENAME","{Function get_deferred() at tests/test_http2_client_protocol.py:520}","{Function get_coro() at tests/test_http2_client_protocol.py:511}","4","4"
"b4d11b8b2565b5686c9f395ca1a8dd085609aafc","INLINE","{Function _check_Encoding(self, response, original_body) at tests/test_webclient.py:351}","{Function test_encoding(self) at tests/test_webclient.py:334}","4","10"
"b4d11b8b2565b5686c9f395ca1a8dd085609aafc","INLINE","{Function _cbNoSuchFile(self, pageData) at tests/test_webclient.py:313}","{Function testNotFound(self) at tests/test_webclient.py:305}","2","3"
"b4d11b8b2565b5686c9f395ca1a8dd085609aafc","CHANGE_SIGNATURE","{Function test_store_file_uri_makedirs(self) at tests/test_feedexport.py:101}","{Function test_store_file_uri_makedirs(self, tmp_path) at tests/test_feedexport.py:100}","4","4"
"b4d11b8b2565b5686c9f395ca1a8dd085609aafc","INLINE","{Function _cbFactoryInfo(self, ignoredResult, factory) at tests/test_webclient.py:325}","{Function testFactoryInfo(self) at tests/test_webclient.py:310}","5","12"
"b4d11b8b2565b5686c9f395ca1a8dd085609aafc","CHANGE_SIGNATURE","{Function _store(self, feed_options) at tests/test_feedexport.py:119}","{Function _store(path, feed_options) at tests/test_feedexport.py:119}","8","6"
"b4d11b8b2565b5686c9f395ca1a8dd085609aafc","CHANGE_SIGNATURE","{Function test_interface(self) at tests/test_feedexport.py:114}","{Function test_interface(self, tmp_path) at tests/test_feedexport.py:113}","4","4"
"b4d11b8b2565b5686c9f395ca1a8dd085609aafc","CHANGE_SIGNATURE","{Function test_store_file_uri(self) at tests/test_feedexport.py:96}","{Function test_store_file_uri(self, tmp_path) at tests/test_feedexport.py:95}","4","4"
"b4d11b8b2565b5686c9f395ca1a8dd085609aafc","INLINE","{Function _cbRedirect(self, pageData) at tests/test_webclient.py:334}","{Function testRedirect(self) at tests/test_webclient.py:324}","7","8"
"b4d11b8b2565b5686c9f395ca1a8dd085609aafc","CHANGE_SIGNATURE","{Function test_store_direct_path(self) at tests/test_feedexport.py:106}","{Function test_store_direct_path(self, tmp_path) at tests/test_feedexport.py:105}","3","3"
"b4d11b8b2565b5686c9f395ca1a8dd085609aafc","CHANGE_SIGNATURE","{Function _check_repeat(get_deferred, count) at tests/test_http2_client_protocol.py:271}","{Function _check_repeat(get_coro, count) at tests/test_http2_client_protocol.py:279}","7","9"
"b4d11b8b2565b5686c9f395ca1a8dd085609aafc","CHANGE_SIGNATURE","{Function test_store_direct_path_relative(self) at tests/test_feedexport.py:110}","{Function test_store_direct_path_relative(self, tmp_path) at tests/test_feedexport.py:109}","3","3"
"b4d11b8b2565b5686c9f395ca1a8dd085609aafc","EXTRACT","{Function make_request(self, request) at tests/test_http2_client_protocol.py:267}","{Function make_request_dfd(self, request) at tests/test_http2_client_protocol.py:275}","2","2"
"b4d11b8b2565b5686c9f395ca1a8dd085609aafc","CHANGE_SIGNATURE","{Function _assert_stores(self, storage, path, expected_content) at tests/test_feedexport.py:138}","{Function _assert_stores(storage, path, expected_content) at tests/test_feedexport.py:139}","12","12"
"ac956f8595354fde80bf64b3eaf95a22b3433f98"
"c6740604a405c51e92bedce8617b9151cd9766c4"
"7400868ad5b80f6c91fd69dea476aa8f59ce9081"
"6b5a4a64173fc051063f01c05925519e45dbbfdd"
"24a827c72e9f5b35ddcd12ccce2ce7c6611d2845"
"ba10dcfd1a44fae0d48cba6bf6b49f2bd05c35a4"
"bb1c81ba6a559447da85022b45286c872c69a965"
"0ae27b8fa11a05ea99faffc2b0e1a3235f0c70a5"
"d8251332845d48d2418f0055c27686cee04b5b9a"
"744edb9ba9e293ddccfcfa03e0aef0a7c0da14b0"
"d329eedfefd9a1fa7006e6d0a214e9d5e01a8e0c"
"657e6cb2b57d52005740e92543c1270dbaf61ded"
"405d9bc8a247cfec4d698310c425112c456f134f"
"d99234a33f02f7dd5fb06d167ec78266b7f4dfeb"
"b20995c9d8dd00618ae71d0f64cdc53f6d669cf2"
"54474ceb0d1467d90bf047415d1c1f135263d983","RENAME","{Function test_spider_errback_exception_downloader_error(self) at tests/test_crawl.py:777}","{Function test_spider_errback_downloader_error_exception(self) at tests/test_crawl.py:808}","11","11"
"3d382aa650735827647093dfb157d5bd2f15efc1"
"b8cd079014f0e31c609d5fd7fd5f52b89283b1c5"
"105c0afb6ee12a5d1664b311582caa90bcc6c6bf"
"d602f13e8cd22154936ded9c9356e28fe3be4cd4","RENAME","{Function test_spider_errback_exception_downloader_error(self) at tests/test_crawl.py:777}","{Function test_spider_errback_downloader_error_exception(self) at tests/test_crawl.py:808}","11","11"
"5902aab25ce2ef0b26e158e0455ee6f0846636bb","EXTRACT","{Function _process_queue(self, spider, slot) at scrapy/core/downloader/__init__.py:193}","{Function _latercall(self, spider, slot) at scrapy/core/downloader/__init__.py:224}","27","3"
"c6698b9fe8d3e1f27f2982b484ba69486a8cbc3d"
"8fb8d2c6b8a83181ef6564fbc9afa9cfeea2bd05"
"3aa5e757871c6288f0a1e7031ad74b48d6321f5c","EXTRACT","{Function setUp(self) at tests/test_commands.py:176}","{Function setUp(self) at tests/test_commands.py:392}","18","18"
"d400aa3e2d8c5e3d1a7d8a483fb1a5a6f1c66d50","EXTRACT","{Function _process_spidermw_output(self, output, response) at scrapy/core/scraper.py:353}","{Function _process_spidermw_output_async(self, output, response) at scrapy/core/scraper.py:373}","12","14"
"9cc23641ccc988d1f623902397496db5d9fe499b","EXTRACT","{Function _parse_response(self, response, callback, cb_kwargs, follow) at scrapy/spiders/crawl.py:153}","{Function parse_with_rules(self, response, callback, cb_kwargs, follow) at scrapy/spiders/crawl.py:164}","20","20"
"8ae418df44b7a107a4abe1a718721742d7e33fc0","RENAME","{Function test_host_header_seted_in_request_headers(self) at tests/test_downloader_handlers_http_base.py:258}","{Function test_host_header_set_in_request_headers(self) at tests/test_downloader_handlers_http_base.py:267}","9","6"
"8f92a26636b3cabf64fd29a65ef0eb554bdf4f05"
"a724541a715bb9fc5428ba630f24e1036ca0a896","MOVE","{Function get_log(self, code, args) at tests/test_commands.py:1052}","{Function get_log(self, code, args) at tests/test_command_crawl.py:15}","3","3"
"a724541a715bb9fc5428ba630f24e1036ca0a896","MOVE","{Function test_custom_asyncio_loop_enabled_true(self) at tests/test_commands.py:813}","{Function test_custom_asyncio_loop_enabled_true(self) at tests/test_command_runspider.py:171}","11","11"
"a724541a715bb9fc5428ba630f24e1036ca0a896","MOVE","{Function test_startproject_permissions_unchanged_in_destination(self) at tests/test_commands.py:328}","{Function test_startproject_permissions_unchanged_in_destination(self) at tests/test_command_startproject.py:218}","57","57"
"a724541a715bb9fc5428ba630f24e1036ca0a896","MOVE","{Function _make_read_only(path) at tests/test_commands.py:296}","{Function _make_read_only(path) at tests/test_command_startproject.py:186}","3","3"
"a724541a715bb9fc5428ba630f24e1036ca0a896","MOVE","{Function test_url(self, url, domain) at tests/test_commands.py:526}","{Function test_url(self, url, domain) at tests/test_command_genspider.py:96}","16","16"
"a724541a715bb9fc5428ba630f24e1036ca0a896","MOVE","{Function test_absolute_path_linux(self) at tests/test_commands.py:922}","{Function test_absolute_path_linux(self) at tests/test_command_runspider.py:280}","27","27"
"a724541a715bb9fc5428ba630f24e1036ca0a896","MOVE","{Function test_overwrite_output(self) at tests/test_commands.py:860}","{Function test_overwrite_output(self) at tests/test_command_runspider.py:218}","27","27"
"a724541a715bb9fc5428ba630f24e1036ca0a896","MOVE","{Function setUp(self) at tests/test_commands.py:1006}","{Function setUp(self) at tests/test_command_runspider.py:364}","4","4"
"a724541a715bb9fc5428ba630f24e1036ca0a896","MOVE","{Function test_runspider_no_spider_found(self) at tests/test_commands.py:764}","{Function test_runspider_no_spider_found(self) at tests/test_command_runspider.py:122}","3","3"
"a724541a715bb9fc5428ba630f24e1036ca0a896","MOVE","{Function test_output(self) at tests/test_commands.py:844}","{Function test_output(self) at tests/test_command_runspider.py:202}","15","15"
"a724541a715bb9fc5428ba630f24e1036ca0a896","MOVE","{Function test_template_xmlfeed(self) at tests/test_commands.py:474}","{Function test_template_xmlfeed(self) at tests/test_command_genspider.py:44}","2","2"
"a724541a715bb9fc5428ba630f24e1036ca0a896","MOVE","{Function test_asyncio_enabled_default(self) at tests/test_commands.py:794}","{Function test_asyncio_enabled_default(self) at tests/test_command_runspider.py:152}","6","6"
"a724541a715bb9fc5428ba630f24e1036ca0a896","MOVE","{Function test_genspider_xmlfeed_start_urls(self) at tests/test_commands.py:579}","{Function test_genspider_xmlfeed_start_urls(self) at tests/test_command_genspider.py:149}","10","10"
"a724541a715bb9fc5428ba630f24e1036ca0a896","MOVE","{Function test_same_filename_as_existing_spider(self, force) at tests/test_commands.py:490}","{Function test_same_filename_as_existing_spider(self, force) at tests/test_command_genspider.py:60}","32","32"
"a724541a715bb9fc5428ba630f24e1036ca0a896","MOVE","{Function test_runspider_dnscache_disabled(self) at tests/test_commands.py:733}","{Function test_runspider_dnscache_disabled(self) at tests/test_command_runspider.py:91}","19","19"
"a724541a715bb9fc5428ba630f24e1036ca0a896","MOVE","{Function test_template(self, tplname) at tests/test_commands.py:448}","{Function test_template(self, tplname) at tests/test_command_genspider.py:18}","19","19"
"a724541a715bb9fc5428ba630f24e1036ca0a896","MOVE","{Function test_genspider_basic_start_urls(self) at tests/test_commands.py:558}","{Function test_genspider_basic_start_urls(self) at tests/test_command_genspider.py:128}","9","9"
"a724541a715bb9fc5428ba630f24e1036ca0a896","MOVE","{Function test_same_name_as_existing_file(self, force) at tests/test_commands.py:607}","{Function test_same_name_as_existing_file(self, force) at tests/test_command_genspider.py:177}","29","29"
"a724541a715bb9fc5428ba630f24e1036ca0a896","MOVE","{Function test_startproject_permissions_from_writable(self) at tests/test_commands.py:239}","{Function test_startproject_permissions_from_writable(self) at tests/test_command_startproject.py:129}","35","35"
"a724541a715bb9fc5428ba630f24e1036ca0a896","MOVE","{Function test_same_filename_as_existing_spider_force(self) at tests/test_commands.py:523}","{Function test_same_filename_as_existing_spider_force(self) at tests/test_command_genspider.py:93}","2","2"
"a724541a715bb9fc5428ba630f24e1036ca0a896","MOVE","{Function test_runspider_unable_to_load(self) at tests/test_commands.py:772}","{Function test_runspider_unable_to_load(self) at tests/test_command_runspider.py:130}","3","3"
"a724541a715bb9fc5428ba630f24e1036ca0a896","MOVE","{Function test_template_basic(self) at tests/test_commands.py:468}","{Function test_template_basic(self) at tests/test_command_genspider.py:38}","2","2"
"a724541a715bb9fc5428ba630f24e1036ca0a896","MOVE","{Function get_permissions_dict(path, renamings, ignore) at tests/test_commands.py:191}","{Function get_permissions_dict(path, renamings, ignore) at tests/test_command_startproject.py:81}","25","25"
"a724541a715bb9fc5428ba630f24e1036ca0a896","MOVE","{Function test_output(self) at tests/test_commands.py:1071}","{Function test_output(self) at tests/test_command_crawl.py:34}","15","15"
"a724541a715bb9fc5428ba630f24e1036ca0a896","MOVE","{Function test_same_name_as_existing_file_force(self) at tests/test_commands.py:637}","{Function test_same_name_as_existing_file_force(self) at tests/test_command_genspider.py:207}","2","2"
"a724541a715bb9fc5428ba630f24e1036ca0a896","MOVE","{Function test_output_stdout(self) at tests/test_commands.py:905}","{Function test_output_stdout(self) at tests/test_command_runspider.py:263}","15","15"
"a724541a715bb9fc5428ba630f24e1036ca0a896","MOVE","{Function test_same_name_as_project(self) at tests/test_commands.py:484}","{Function test_same_name_as_project(self) at tests/test_command_genspider.py:54}","5","5"
"a724541a715bb9fc5428ba630f24e1036ca0a896","MOVE","{Function get_permissions(path) at tests/test_commands.py:194}","{Function get_permissions(path) at tests/test_command_startproject.py:84}","2","2"
"a724541a715bb9fc5428ba630f24e1036ca0a896","MOVE","{Function get_log(self, code, name, args) at tests/test_commands.py:703}","{Function get_log(self, code, name, args) at tests/test_command_runspider.py:61}","3","3"
"a724541a715bb9fc5428ba630f24e1036ca0a896","MOVE","{Function test_runspider_unable_to_load(self) at tests/test_commands.py:1016}","{Function test_runspider_unable_to_load(self) at tests/test_command_runspider.py:374}","2","2"
"a724541a715bb9fc5428ba630f24e1036ca0a896","MOVE","{Function test_url_schema(self) at tests/test_commands.py:543}","{Function test_url_schema(self) at tests/test_command_genspider.py:113}","2","2"
"a724541a715bb9fc5428ba630f24e1036ca0a896","MOVE","{Function test_asyncio_enabled_false(self) at tests/test_commands.py:801}","{Function test_asyncio_enabled_false(self) at tests/test_command_runspider.py:159}","10","10"
"a724541a715bb9fc5428ba630f24e1036ca0a896","MOVE","{Function test_output_and_overwrite_output(self) at tests/test_commands.py:888}","{Function test_output_and_overwrite_output(self) at tests/test_command_runspider.py:246}","16","16"
"a724541a715bb9fc5428ba630f24e1036ca0a896","MOVE","{Function test_output_and_overwrite_output(self) at tests/test_commands.py:1115}","{Function test_output_and_overwrite_output(self) at tests/test_command_crawl.py:78}","16","16"
"a724541a715bb9fc5428ba630f24e1036ca0a896","MOVE","{Function test_startproject_template_override(self) at tests/test_commands.py:226}","{Function test_startproject_template_override(self) at tests/test_command_startproject.py:116}","12","12"
"a724541a715bb9fc5428ba630f24e1036ca0a896","MOVE","{Function test_startproject_permissions_from_read_only(self) at tests/test_commands.py:275}","{Function test_startproject_permissions_from_read_only(self) at tests/test_command_startproject.py:165}","52","52"
"a724541a715bb9fc5428ba630f24e1036ca0a896","MOVE","{Function test_dump(self) at tests/test_commands.py:480}","{Function test_dump(self) at tests/test_command_genspider.py:50}","3","3"
"a724541a715bb9fc5428ba630f24e1036ca0a896","MOVE","{Function test_arguments(self) at tests/test_commands.py:440}","{Function test_arguments(self) at tests/test_command_genspider.py:10}","7","7"
"a724541a715bb9fc5428ba630f24e1036ca0a896","MOVE","{Function runspider(self, code, name, args) at tests/test_commands.py:699}","{Function runspider(self, code, name, args) at tests/test_command_runspider.py:57}","3","3"
"a724541a715bb9fc5428ba630f24e1036ca0a896","MOVE","{Function test_custom_asyncio_loop_enabled_false(self) at tests/test_commands.py:825}","{Function test_custom_asyncio_loop_enabled_false(self) at tests/test_command_runspider.py:183}","18","18"
"a724541a715bb9fc5428ba630f24e1036ca0a896","MOVE","{Function test_runspider_file_not_found(self) at tests/test_commands.py:768}","{Function test_runspider_file_not_found(self) at tests/test_command_runspider.py:126}","3","3"
"a724541a715bb9fc5428ba630f24e1036ca0a896","MOVE","{Function test_template_csvfeed(self) at tests/test_commands.py:471}","{Function test_template_csvfeed(self) at tests/test_command_genspider.py:41}","2","2"
"a724541a715bb9fc5428ba630f24e1036ca0a896","MOVE","{Function test_genspider_crawl_start_urls(self) at tests/test_commands.py:568}","{Function test_genspider_crawl_start_urls(self) at tests/test_command_genspider.py:138}","10","10"
"a724541a715bb9fc5428ba630f24e1036ca0a896","INLINE","{Function setUp(self) at tests/test_commands.py:1134}","{Function setUp(self) at tests/test_commands.py:176}","18","18"
"a724541a715bb9fc5428ba630f24e1036ca0a896","MOVE","{Function test_start_errors(self) at tests/test_commands.py:776}","{Function test_start_errors(self) at tests/test_command_runspider.py:134}","4","4"
"a724541a715bb9fc5428ba630f24e1036ca0a896","MOVE","{Function _create_file(self, content, name) at tests/test_commands.py:690}","{Function _create_file(self, content, name) at tests/test_command_runspider.py:48}","8","8"
"a724541a715bb9fc5428ba630f24e1036ca0a896","MOVE","{Function test_runspider(self) at tests/test_commands.py:707}","{Function test_runspider(self) at tests/test_command_runspider.py:65}","6","6"
"a724541a715bb9fc5428ba630f24e1036ca0a896","MOVE","{Function umask(new_mask) at tests/test_commands.py:392}","{Function umask(new_mask) at tests/test_command_startproject.py:282}","4","4"
"a724541a715bb9fc5428ba630f24e1036ca0a896","MOVE","{Function test_genspider_csvfeed_start_urls(self) at tests/test_commands.py:590}","{Function test_genspider_csvfeed_start_urls(self) at tests/test_command_genspider.py:160}","10","10"
"a724541a715bb9fc5428ba630f24e1036ca0a896","MOVE","{Function test_asyncio_enabled_true(self) at tests/test_commands.py:781}","{Function test_asyncio_enabled_true(self) at tests/test_command_runspider.py:139}","12","12"
"a724541a715bb9fc5428ba630f24e1036ca0a896","MOVE","{Function test_runspider_log_level(self) at tests/test_commands.py:728}","{Function test_runspider_log_level(self) at tests/test_command_runspider.py:86}","4","4"
"a724541a715bb9fc5428ba630f24e1036ca0a896","MOVE","{Function test_startproject_permissions_umask_022(self) at tests/test_commands.py:386}","{Function test_startproject_permissions_umask_022(self) at tests/test_command_startproject.py:276}","43","43"
"a724541a715bb9fc5428ba630f24e1036ca0a896","MOVE","{Function test_args_change_settings(self) at tests/test_commands.py:979}","{Function test_args_change_settings(self) at tests/test_command_runspider.py:337}","22","22"
"a724541a715bb9fc5428ba630f24e1036ca0a896","EXTRACT_MOVE","{Function setUp(self) at tests/test_commands.py:221}","{Function setUp(self) at tests/test_command_startproject.py:111}","4","4"
"a724541a715bb9fc5428ba630f24e1036ca0a896","MOVE","{Function test_absolute_path_windows(self) at tests/test_commands.py:951}","{Function test_absolute_path_windows(self) at tests/test_command_runspider.py:309}","27","27"
"a724541a715bb9fc5428ba630f24e1036ca0a896","MOVE","{Function test_startproject_with_project_dir(self) at tests/test_commands.py:147}","{Function test_startproject_with_project_dir(self) at tests/test_command_startproject.py:37}","23","23"
"a724541a715bb9fc5428ba630f24e1036ca0a896","MOVE","{Function test_template_start_urls(self, url, expected, template) at tests/test_commands.py:546}","{Function test_template_start_urls(self, url, expected, template) at tests/test_command_genspider.py:116}","11","11"
"a724541a715bb9fc5428ba630f24e1036ca0a896","MOVE","{Function test_startproject(self) at tests/test_commands.py:129}","{Function test_startproject(self) at tests/test_command_startproject.py:19}","17","17"
"a724541a715bb9fc5428ba630f24e1036ca0a896","MOVE","{Function test_run_good_spider(self) at tests/test_commands.py:721}","{Function test_run_good_spider(self) at tests/test_command_runspider.py:79}","6","6"
"a724541a715bb9fc5428ba630f24e1036ca0a896","MOVE","{Function test_no_output(self) at tests/test_commands.py:1056}","{Function test_no_output(self) at tests/test_command_crawl.py:19}","14","14"
"a724541a715bb9fc5428ba630f24e1036ca0a896","MOVE","{Function test_existing_project_dir(self) at tests/test_commands.py:171}","{Function test_existing_project_dir(self) at tests/test_command_startproject.py:61}","18","18"
"a724541a715bb9fc5428ba630f24e1036ca0a896","MOVE","{Function test_run_fail_spider(self) at tests/test_commands.py:714}","{Function test_run_fail_spider(self) at tests/test_command_runspider.py:72}","6","6"
"a724541a715bb9fc5428ba630f24e1036ca0a896","MOVE","{Function test_start_errors(self) at tests/test_commands.py:1011}","{Function test_start_errors(self) at tests/test_command_runspider.py:369}","4","4"
"a724541a715bb9fc5428ba630f24e1036ca0a896","MOVE","{Function test_runspider_log_short_names(self) at tests/test_commands.py:753}","{Function test_runspider_log_short_names(self) at tests/test_command_runspider.py:111}","10","10"
"a724541a715bb9fc5428ba630f24e1036ca0a896","MOVE","{Function test_overwrite_output(self) at tests/test_commands.py:1087}","{Function test_overwrite_output(self) at tests/test_command_crawl.py:50}","27","27"
"a724541a715bb9fc5428ba630f24e1036ca0a896","MOVE","{Function crawl(self, code, args) at tests/test_commands.py:1046}","{Function crawl(self, code, args) at tests/test_command_crawl.py:9}","5","5"
"a724541a715bb9fc5428ba630f24e1036ca0a896","MOVE","{Function test_generate_standalone_spider(self) at tests/test_commands.py:603}","{Function test_generate_standalone_spider(self) at tests/test_command_genspider.py:173}","3","3"
"e0b9f2d8f6f0feec9626e314166d5ae320d83be1","CHANGE_SIGNATURE","{Function test_dupename_warning(self) at tests/test_spiderloader/__init__.py:198}","{Function test_dupename_warning(self, spider_loader_env) at tests/test_spiderloader/__init__.py:187}","22","21"
"e0b9f2d8f6f0feec9626e314166d5ae320d83be1","CHANGE_SIGNATURE","{Function test_list(self) at tests/test_spiderloader/__init__.py:48}","{Function test_list(self, spider_loader) at tests/test_spiderloader/__init__.py:52}","7","7"
"e0b9f2d8f6f0feec9626e314166d5ae320d83be1","CHANGE_SIGNATURE","{Function test_multiple_dupename_warning(self) at tests/test_spiderloader/__init__.py:221}","{Function test_multiple_dupename_warning(self, spider_loader_env) at tests/test_spiderloader/__init__.py:209}","29","24"
"e0b9f2d8f6f0feec9626e314166d5ae320d83be1","CHANGE_SIGNATURE","{Function test_load(self) at tests/test_spiderloader/__init__.py:56}","{Function test_load(self, spider_loader) at tests/test_spiderloader/__init__.py:60}","3","3"
"e0b9f2d8f6f0feec9626e314166d5ae320d83be1","CHANGE_SIGNATURE","{Function test_find_by_request(self) at tests/test_spiderloader/__init__.py:60}","{Function test_find_by_request(self, spider_loader) at tests/test_spiderloader/__init__.py:64}","18","15"
"e0b9f2d8f6f0feec9626e314166d5ae320d83be1","MOVE_RENAME","{Function _get_spider_loader(settings) at scrapy/crawler.py:328}","{Function get_spider_loader(settings) at scrapy/spiderloader.py:25}","8","6"
"e0b9f2d8f6f0feec9626e314166d5ae320d83be1","CHANGE_SIGNATURE","{Function test_interface(self) at tests/test_spiderloader/__init__.py:45}","{Function test_interface(self, spider_loader) at tests/test_spiderloader/__init__.py:49}","2","2"
"05b3b205ce296c72063e05d15f5cae8047476ca2","INLINE","{Function _stop(self) at scrapy/crawler.py:321}","{Function stop(self) at scrapy/crawler.py:545}","2","10"
"05b3b205ce296c72063e05d15f5cae8047476ca2","EXTRACT","{Function start(self, stop_after_crawl, install_signal_handlers) at scrapy/crawler.py:566}","{Function _setup_reactor(self, install_signal_handlers) at scrapy/crawler.py:596}","39","15"
"05b3b205ce296c72063e05d15f5cae8047476ca2","EXTRACT","{Function _graceful_stop_reactor(self) at scrapy/crawler.py:607}","{Function _stop_dfd(self) at scrapy/crawler.py:672}","5","2"
"05b3b205ce296c72063e05d15f5cae8047476ca2","EXTRACT","{Function start(self, _start_request_processing) at scrapy/core/engine.py:126}","{Function start_async(self, _start_request_processing) at scrapy/core/engine.py:129}","10","10"
"05b3b205ce296c72063e05d15f5cae8047476ca2","RENAME","{Function test_crawler_crawl_twice_unsupported(self) at tests/test_crawler.py:91}","{Function test_crawler_crawl_twice_seq_unsupported(self) at tests/test_crawler.py:99}","5","5"
"05b3b205ce296c72063e05d15f5cae8047476ca2","INLINE","{Function _stop(self) at scrapy/crawler.py:321}","{Function stop(self) at scrapy/crawler.py:449}","2","7"
"05b3b205ce296c72063e05d15f5cae8047476ca2","EXTRACT","{Function open_spider(self, spider, close_if_idle) at scrapy/core/engine.py:396}","{Function open_spider_async(self, spider, close_if_idle) at scrapy/core/engine.py:403}","19","20"
"05b3b205ce296c72063e05d15f5cae8047476ca2","EXTRACT","{Function __init__(self, settings, install_root_handler) at scrapy/crawler.py:528}","{Function __init__(self, settings, install_root_handler) at scrapy/crawler.py:657}","9","7"
"916fe509744c39be63b35c859e50a35a2ac4333d"
"dceb85bf3e41d06dfac81c037c69fd0f1ab61156","MOVE","{Function test_install_asyncio_reactor(self) at tests/test_utils_asyncio.py:21}","{Function test_install_asyncio_reactor(self) at tests/test_utils_reactor.py:21}","9","9"
"dceb85bf3e41d06dfac81c037c69fd0f1ab61156","MOVE","{Function test_set_asyncio_event_loop(self) at tests/test_utils_asyncio.py:33}","{Function test_set_asyncio_event_loop(self) at tests/test_utils_reactor.py:33}","3","3"
"dceb85bf3e41d06dfac81c037c69fd0f1ab61156","MOVE","{Function test_is_asyncio_reactor_installed(self) at tests/test_utils_asyncio.py:17}","{Function test_is_asyncio_reactor_installed(self) at tests/test_utils_reactor.py:17}","3","3"
"c480c77f54e1b417468847ab5437458cf5beffe6"
"f98ffc71d25ae74351df70ae03ef5299a2ab3813"
"7b4cf06b6e381b6210fe43bc94a1eb65b3db0583"
"7fe7f1734aba5625f8c9c405bb92ef1da18cd983"
"08ee88456f850f247117aa602f7b066356b66419"
"0cdb971f636fc75ed08ed13642adfa04fcc235ee"
"b41aea4873319df15ccb9145a4940ff1702d123a","MOVE","{Function getURL(self, path) at tests/test_downloader_handlers.py:277}","{Function getURL(self, path) at tests/test_downloader_handlers_http_base.py:180}","2","2"
"b41aea4873319df15ccb9145a4940ff1702d123a","MOVE","{Function test_download_without_maxsize_limit(self) at tests/test_downloader_handlers.py:452}","{Function test_download_without_maxsize_limit(self) at tests/test_downloader_handlers_http_base.py:331}","6","6"
"b41aea4873319df15ccb9145a4940ff1702d123a","MOVE","{Function response() at tests/test_downloader_handlers.py:205}","{Function response() at tests/test_downloader_handlers_http_base.py:108}","4","4"
"b41aea4873319df15ccb9145a4940ff1702d123a","MOVE","{Function test_get_duplicate_header(self) at tests/test_downloader_handlers.py:417}","{Function test_get_duplicate_header(self) at tests/test_downloader_handlers_http_base.py:320}","6","6"
"b41aea4873319df15ccb9145a4940ff1702d123a","MOVE","{Function render(self, request) at tests/test_downloader_handlers.py:739}","{Function render(self, request) at tests/test_downloader_handlers_http_base.py:624}","7","7"
"b41aea4873319df15ccb9145a4940ff1702d123a","MOVE","{Function test_download_without_proxy(self) at tests/test_downloader_handlers.py:785}","{Function test_download_without_proxy(self) at tests/test_downloader_handlers_http_base.py:670}","8","8"
"b41aea4873319df15ccb9145a4940ff1702d123a","MOVE","{Function tearDownClass(cls) at tests/test_downloader_handlers.py:704}","{Function tearDownClass(cls) at tests/test_downloader_handlers_http_base.py:589}","2","2"
"b41aea4873319df15ccb9145a4940ff1702d123a","MOVE","{Function render(self, request) at tests/test_downloader_handlers.py:175}","{Function render(self, request) at tests/test_downloader_handlers_http_base.py:78}","8","8"
"b41aea4873319df15ccb9145a4940ff1702d123a","MOVE","{Function test_download_broken_content_allow_data_loss(self, url) at tests/test_downloader_handlers_http2.py:104}","{Function test_download_broken_content_allow_data_loss(self, url) at tests/test_downloader_handler_twisted_http2.py:91}","2","2"
"b41aea4873319df15ccb9145a4940ff1702d123a","MOVE","{Function getChild(self, path, request) at tests/test_downloader_handlers.py:736}","{Function getChild(self, path, request) at tests/test_downloader_handlers_http_base.py:621}","2","2"
"b41aea4873319df15ccb9145a4940ff1702d123a","MOVE","{Function test_content_length_zero_bodyless_post_only_one(self) at tests/test_downloader_handlers.py:373}","{Function test_content_length_zero_bodyless_post_only_one(self) at tests/test_downloader_handlers_http_base.py:276}","11","11"
"b41aea4873319df15ccb9145a4940ff1702d123a","MOVE","{Function test_download_broken_content_cause_data_loss(self, url) at tests/test_downloader_handlers.py:533}","{Function test_download_broken_content_cause_data_loss(self, url) at tests/test_downloader_handlers_http_base.py:412}","14","15"
"b41aea4873319df15ccb9145a4940ff1702d123a","MOVE","{Function setUp(self) at tests/test_downloader_handlers.py:756}","{Function setUp(self) at tests/test_downloader_handlers_http_base.py:641}","9","9"
"b41aea4873319df15ccb9145a4940ff1702d123a","MOVE","{Function test_host_header_not_in_request_headers(self) at tests/test_downloader_handlers.py:337}","{Function test_host_header_not_in_request_headers(self) at tests/test_downloader_handlers_http_base.py:240}","7","7"
"b41aea4873319df15ccb9145a4940ff1702d123a","MOVE","{Function test_custom_content_length_bad(self) at tests/test_downloader_handlers_http2.py:148}","{Function test_custom_content_length_bad(self) at tests/test_downloader_handler_twisted_http2.py:135}","22","22"
"b41aea4873319df15ccb9145a4940ff1702d123a","MOVE","{Function test_download_chunked_content(self) at tests/test_downloader_handlers.py:526}","{Function test_download_chunked_content(self) at tests/test_downloader_handlers_http_base.py:405}","6","6"
"b41aea4873319df15ccb9145a4940ff1702d123a","MOVE","{Function _test_response_class(self, filename, body, response_class) at tests/test_downloader_handlers.py:400}","{Function _test_response_class(self, filename, body, response_class) at tests/test_downloader_handlers_http_base.py:303}","6","6"
"b41aea4873319df15ccb9145a4940ff1702d123a","MOVE","{Function test_download_with_content_length(self) at tests/test_downloader_handlers.py:708}","{Function test_download_with_content_length(self) at tests/test_downloader_handlers_http_base.py:593}","12","12"
"b41aea4873319df15ccb9145a4940ff1702d123a","MOVE","{Function tearDown(self) at tests/test_downloader_handlers.py:767}","{Function tearDown(self) at tests/test_downloader_handlers_http_base.py:652}","4","4"
"b41aea4873319df15ccb9145a4940ff1702d123a","MOVE","{Function test_response_header_content_length(self) at tests/test_downloader_handlers.py:393}","{Function test_response_header_content_length(self) at tests/test_downloader_handlers_http_base.py:296}","6","6"
"b41aea4873319df15ccb9145a4940ff1702d123a","MOVE","{Function response() at tests/test_downloader_handlers.py:176}","{Function response() at tests/test_downloader_handlers_http_base.py:79}","4","4"
"b41aea4873319df15ccb9145a4940ff1702d123a","MOVE","{Function download_handler_cls(self) at tests/test_downloader_handlers.py:449}","{Function download_handler_cls(self) at tests/test_downloader_handler_twisted_http11.py:26}","2","2"
"b41aea4873319df15ccb9145a4940ff1702d123a","MOVE","{Function test_concurrent_requests_same_domain(self) at tests/test_downloader_handlers_http2.py:116}","{Function test_concurrent_requests_same_domain(self) at tests/test_downloader_handler_twisted_http2.py:103}","14","14"
"b41aea4873319df15ccb9145a4940ff1702d123a","MOVE","{Function getURL(self, path) at tests/test_downloader_handlers_http2.py:245}","{Function getURL(self, path) at tests/test_downloader_handler_twisted_http2.py:223}","2","2"
"b41aea4873319df15ccb9145a4940ff1702d123a","MOVE","{Function test_download_with_maxsize_very_large_file(self) at tests/test_downloader_handlers_http2.py:74}","{Function test_download_with_maxsize_very_large_file(self) at tests/test_downloader_handler_twisted_http2.py:61}","17","17"
"b41aea4873319df15ccb9145a4940ff1702d123a","MOVE","{Function check(logger) at tests/test_downloader_handlers.py:492}","{Function check(logger) at tests/test_downloader_handlers_http_base.py:371}","2","2"
"b41aea4873319df15ccb9145a4940ff1702d123a","MOVE","{Function test_protocol(self) at tests/test_downloader_handlers_http2.py:66}","{Function test_protocol(self) at tests/test_downloader_handler_twisted_http2.py:53}","6","6"
"b41aea4873319df15ccb9145a4940ff1702d123a","MOVE","{Function test_download_with_maxsize_per_req(self) at tests/test_downloader_handlers.py:507}","{Function test_download_with_maxsize_per_req(self) at tests/test_downloader_handlers_http_base.py:386}","5","5"
"b41aea4873319df15ccb9145a4940ff1702d123a","MOVE","{Function test_duplicate_header(self) at tests/test_downloader_handlers_http2.py:171}","{Function test_duplicate_header(self) at tests/test_downloader_handler_twisted_http2.py:158}","9","9"
"b41aea4873319df15ccb9145a4940ff1702d123a","MOVE","{Function test_download_with_proxy(self) at tests/test_downloader_handlers.py:775}","{Function test_download_with_proxy(self) at tests/test_downloader_handlers_http_base.py:660}","9","9"
"b41aea4873319df15ccb9145a4940ff1702d123a","MOVE","{Function test_download_broken_chunked_content_cause_data_loss(self) at tests/test_downloader_handlers.py:548}","{Function test_download_broken_chunked_content_cause_data_loss(self) at tests/test_downloader_handlers_http_base.py:428}","2","2"
"b41aea4873319df15ccb9145a4940ff1702d123a","MOVE","{Function test_host_header_seted_in_request_headers(self) at tests/test_downloader_handlers.py:345}","{Function test_host_header_seted_in_request_headers(self) at tests/test_downloader_handlers_http_base.py:248}","9","9"
"b41aea4873319df15ccb9145a4940ff1702d123a","MOVE","{Function test_download_broken_content_cause_data_loss(self, url) at tests/test_downloader_handlers_http2.py:98}","{Function test_download_broken_content_cause_data_loss(self, url) at tests/test_downloader_handler_twisted_http2.py:85}","2","2"
"b41aea4873319df15ccb9145a4940ff1702d123a","MOVE","{Function setUp(self) at tests/test_downloader_handlers_http2.py:231}","{Function setUp(self) at tests/test_downloader_handler_twisted_http2.py:209}","13","13"
"b41aea4873319df15ccb9145a4940ff1702d123a","MOVE","{Function render(self, request) at tests/test_downloader_handlers.py:146}","{Function render(self, request) at tests/test_downloader_handlers_http_base.py:49}","2","2"
"b41aea4873319df15ccb9145a4940ff1702d123a","MOVE","{Function test_unsupported_scheme(self) at tests/test_downloader_handlers_http2.py:93}","{Function test_unsupported_scheme(self) at tests/test_downloader_handler_twisted_http2.py:80}","4","4"
"b41aea4873319df15ccb9145a4940ff1702d123a","MOVE","{Function test_content_length_zero_bodyless_post_request_headers(self) at tests/test_downloader_handlers.py:355}","{Function test_content_length_zero_bodyless_post_request_headers(self) at tests/test_downloader_handlers_http_base.py:258}","17","17"
"b41aea4873319df15ccb9145a4940ff1702d123a","MOVE","{Function test_timeout_download_from_spider_server_hangs(self) at tests/test_downloader_handlers.py:324}","{Function test_timeout_download_from_spider_server_hangs(self) at tests/test_downloader_handlers_http_base.py:227}","12","12"
"b41aea4873319df15ccb9145a4940ff1702d123a","MOVE","{Function render(self, request) at tests/test_downloader_handlers.py:151}","{Function render(self, request) at tests/test_downloader_handlers_http_base.py:54}","8","8"
"b41aea4873319df15ccb9145a4940ff1702d123a","MOVE","{Function test_download(self) at tests/test_downloader_handlers.py:655}","{Function test_download(self) at tests/test_downloader_handlers_http_base.py:183}","6","6"
"b41aea4873319df15ccb9145a4940ff1702d123a","MOVE","{Function render(self, request) at tests/test_downloader_handlers.py:198}","{Function render(self, request) at tests/test_downloader_handlers_http_base.py:101}","3","3"
"b41aea4873319df15ccb9145a4940ff1702d123a","MOVE","{Function test_download_with_maxsize_very_large_file(self) at tests/test_downloader_handlers.py:488}","{Function test_download_with_maxsize_very_large_file(self) at tests/test_downloader_handlers_http_base.py:367}","17","17"
"b41aea4873319df15ccb9145a4940ff1702d123a","MOVE","{Function closeConnection(request) at tests/test_downloader_handlers.py:185}","{Function closeConnection(request) at tests/test_downloader_handlers_http_base.py:88}","5","5"
"b41aea4873319df15ccb9145a4940ff1702d123a","MOVE","{Function test_redirect_status_head(self) at tests/test_downloader_handlers.py:301}","{Function test_redirect_status_head(self) at tests/test_downloader_handlers_http_base.py:204}","6","6"
"b41aea4873319df15ccb9145a4940ff1702d123a","MOVE","{Function test_download_with_proxy_https_timeout(self) at tests/test_downloader_handlers_http2.py:249}","{Function test_download_with_proxy_https_timeout(self) at tests/test_downloader_handler_twisted_http2.py:227}","3","3"
"b41aea4873319df15ccb9145a4940ff1702d123a","MOVE","{Function test_custom_content_length_good(self) at tests/test_downloader_handlers_http2.py:139}","{Function test_custom_content_length_good(self) at tests/test_downloader_handler_twisted_http2.py:126}","8","8"
"b41aea4873319df15ccb9145a4940ff1702d123a","MOVE","{Function test_download_broken_chunked_content_allow_data_loss_via_setting(self) at tests/test_downloader_handlers_http2.py:113}","{Function test_download_broken_chunked_content_allow_data_loss_via_setting(self) at tests/test_downloader_handler_twisted_http2.py:100}","2","2"
"b41aea4873319df15ccb9145a4940ff1702d123a","MOVE","{Function test_download_broken_chunked_content_allow_data_loss(self) at tests/test_downloader_handlers.py:558}","{Function test_download_broken_chunked_content_allow_data_loss(self) at tests/test_downloader_handlers_http_base.py:438}","2","2"
"b41aea4873319df15ccb9145a4940ff1702d123a","MOVE","{Function setUpClass(cls) at tests/test_downloader_handlers.py:699}","{Function setUpClass(cls) at tests/test_downloader_handlers_http_base.py:584}","3","3"
"b41aea4873319df15ccb9145a4940ff1702d123a","MOVE","{Function test_download_broken_content_allow_data_loss(self, url) at tests/test_downloader_handlers.py:551}","{Function test_download_broken_content_allow_data_loss(self, url) at tests/test_downloader_handlers_http_base.py:431}","6","6"
"b41aea4873319df15ccb9145a4940ff1702d123a","MOVE","{Function test_download_broken_chunked_content_allow_data_loss_via_setting(self) at tests/test_downloader_handlers.py:570}","{Function test_download_broken_chunked_content_allow_data_loss_via_setting(self) at tests/test_downloader_handlers_http_base.py:450}","4","4"
"b41aea4873319df15ccb9145a4940ff1702d123a","MOVE","{Function test_download_with_maxsize(self) at tests/test_downloader_handlers.py:474}","{Function test_download_with_maxsize(self) at tests/test_downloader_handlers_http_base.py:353}","12","12"
"b41aea4873319df15ccb9145a4940ff1702d123a","MOVE","{Function _test(response) at tests/test_downloader_handlers.py:786}","{Function _test(response) at tests/test_downloader_handlers_http_base.py:671}","4","4"
"b41aea4873319df15ccb9145a4940ff1702d123a","MOVE","{Function test_download_broken_content_allow_data_loss_via_setting(self, url) at tests/test_downloader_handlers.py:561}","{Function test_download_broken_content_allow_data_loss_via_setting(self, url) at tests/test_downloader_handlers_http_base.py:441}","8","8"
"b41aea4873319df15ccb9145a4940ff1702d123a","MOVE_RENAME","{Function _get_dh() at tests/test_downloader_handlers_http2.py:52}","{Function download_handler_cls(self) at tests/test_downloader_handler_twisted_http2.py:43}","4","5"
"b41aea4873319df15ccb9145a4940ff1702d123a","MOVE","{Function test_download_with_proxy_https_timeout(self) at tests/test_downloader_handlers.py:808}","{Function test_download_with_proxy_https_timeout(self) at tests/test_downloader_handlers_http_base.py:680}","10","9"
"b41aea4873319df15ccb9145a4940ff1702d123a","MOVE","{Function test_download_broken_chunked_content_cause_data_loss(self) at tests/test_downloader_handlers_http2.py:101}","{Function test_download_broken_chunked_content_cause_data_loss(self) at tests/test_downloader_handler_twisted_http2.py:88}","2","2"
"b41aea4873319df15ccb9145a4940ff1702d123a","MOVE","{Function getURL(self, path) at tests/test_downloader_handlers.py:772}","{Function getURL(self, path) at tests/test_downloader_handlers_http_base.py:657}","2","2"
"b41aea4873319df15ccb9145a4940ff1702d123a","MOVE","{Function _test(response) at tests/test_downloader_handlers.py:820}","{Function _test(response) at tests/test_downloader_handlers_http_base.py:691}","4","4"
"b41aea4873319df15ccb9145a4940ff1702d123a","MOVE","{Function test_download_broken_chunked_content_allow_data_loss(self) at tests/test_downloader_handlers_http2.py:107}","{Function test_download_broken_chunked_content_allow_data_loss(self) at tests/test_downloader_handler_twisted_http2.py:94}","2","2"
"b41aea4873319df15ccb9145a4940ff1702d123a","MOVE","{Function download_handler_cls(self) at tests/test_downloader_handlers.py:229}","{Function download_handler_cls(self) at tests/test_downloader_handlers_http_base.py:638}","2","2"
"b41aea4873319df15ccb9145a4940ff1702d123a","MOVE","{Function test_download_with_small_maxsize_per_spider(self) at tests/test_downloader_handlers.py:514}","{Function test_download_with_small_maxsize_per_spider(self) at tests/test_downloader_handlers_http_base.py:393}","4","4"
"b41aea4873319df15ccb9145a4940ff1702d123a","MOVE","{Function test_protocol(self) at tests/test_downloader_handlers.py:575}","{Function test_protocol(self) at tests/test_downloader_handlers_http_base.py:455}","6","6"
"b41aea4873319df15ccb9145a4940ff1702d123a","MOVE","{Function check(logger) at tests/test_downloader_handlers_http2.py:78}","{Function check(logger) at tests/test_downloader_handler_twisted_http2.py:65}","2","2"
"b41aea4873319df15ccb9145a4940ff1702d123a","MOVE","{Function download_handler_cls(self) at tests/test_downloader_handlers.py:430}","{Function download_handler_cls(self) at tests/test_downloader_handler_twisted_http10.py:20}","2","2"
"b41aea4873319df15ccb9145a4940ff1702d123a","MOVE","{Function test_download_with_proxy_without_http_scheme(self) at tests/test_downloader_handlers.py:819}","{Function test_download_with_proxy_without_http_scheme(self) at tests/test_downloader_handlers_http_base.py:690}","9","9"
"b41aea4873319df15ccb9145a4940ff1702d123a","MOVE","{Function test_download_head(self) at tests/test_downloader_handlers.py:287}","{Function test_download_head(self) at tests/test_downloader_handlers_http_base.py:190}","6","6"
"b41aea4873319df15ccb9145a4940ff1702d123a","MOVE","{Function test_connect_request(self) at tests/test_downloader_handlers_http2.py:132}","{Function test_connect_request(self) at tests/test_downloader_handler_twisted_http2.py:119}","6","6"
"b41aea4873319df15ccb9145a4940ff1702d123a","MOVE","{Function test_response_class_choosing_request(self) at tests/test_downloader_handlers.py:459}","{Function test_response_class_choosing_request(self) at tests/test_downloader_handlers_http_base.py:338}","13","13"
"b41aea4873319df15ccb9145a4940ff1702d123a","INLINE","{Function setUp(self) at tests/test_downloader_handlers.py:1183}","{Function setUp(self) at tests/test_downloader_handlers.py:476}","5","5"
"b41aea4873319df15ccb9145a4940ff1702d123a","MOVE","{Function test_download(self) at tests/test_downloader_handlers.py:722}","{Function test_download(self) at tests/test_downloader_handlers_http_base.py:607}","9","9"
"b41aea4873319df15ccb9145a4940ff1702d123a","MOVE","{Function test_response_class_from_body(self) at tests/test_downloader_handlers.py:1133}","{Function test_response_class_from_body(self) at tests/test_downloader_handlers_http_base.py:313}","2","6"
"b41aea4873319df15ccb9145a4940ff1702d123a","MOVE","{Function test_download(self) at tests/test_downloader_handlers.py:280}","{Function test_download(self) at tests/test_downloader_handlers_http_base.py:536}","6","6"
"b41aea4873319df15ccb9145a4940ff1702d123a","MOVE","{Function render(self, request) at tests/test_downloader_handlers.py:162}","{Function render(self, request) at tests/test_downloader_handlers_http_base.py:65}","10","10"
"b41aea4873319df15ccb9145a4940ff1702d123a","MOVE","{Function response() at tests/test_downloader_handlers.py:163}","{Function response() at tests/test_downloader_handlers_http_base.py:66}","6","6"
"b41aea4873319df15ccb9145a4940ff1702d123a","MOVE","{Function getURL(self, path) at tests/test_downloader_handlers.py:652}","{Function getURL(self, path) at tests/test_downloader_handlers_http_base.py:533}","2","2"
"b41aea4873319df15ccb9145a4940ff1702d123a","MOVE","{Function _test_type(response) at tests/test_downloader_handlers.py:465}","{Function _test_type(response) at tests/test_downloader_handlers_http_base.py:344}","2","2"
"b41aea4873319df15ccb9145a4940ff1702d123a","MOVE","{Function render(self, request) at tests/test_downloader_handlers.py:204}","{Function render(self, request) at tests/test_downloader_handlers_http_base.py:107}","8","8"
"b41aea4873319df15ccb9145a4940ff1702d123a","MOVE","{Function response() at tests/test_downloader_handlers.py:152}","{Function response() at tests/test_downloader_handlers_http_base.py:55}","4","4"
"b41aea4873319df15ccb9145a4940ff1702d123a","MOVE","{Function test_download_broken_content_allow_data_loss_via_setting(self, url) at tests/test_downloader_handlers_http2.py:110}","{Function test_download_broken_content_allow_data_loss_via_setting(self, url) at tests/test_downloader_handler_twisted_http2.py:97}","2","2"
"b41aea4873319df15ccb9145a4940ff1702d123a","MOVE","{Function test_tls_logging(self) at tests/test_downloader_handlers.py:592}","{Function test_tls_logging(self) at tests/test_downloader_handlers_http_base.py:472}","17","17"
"b41aea4873319df15ccb9145a4940ff1702d123a","MOVE","{Function test_download_with_large_maxsize_per_spider(self) at tests/test_downloader_handlers.py:519}","{Function test_download_with_large_maxsize_per_spider(self) at tests/test_downloader_handlers_http_base.py:398}","6","6"
"b41aea4873319df15ccb9145a4940ff1702d123a","MOVE","{Function test_timeout_download_from_spider_nodata_rcvd(self) at tests/test_downloader_handlers.py:309}","{Function test_timeout_download_from_spider_nodata_rcvd(self) at tests/test_downloader_handlers_http_base.py:212}","13","13"
"b41aea4873319df15ccb9145a4940ff1702d123a","MOVE","{Function test_payload(self) at tests/test_downloader_handlers.py:385}","{Function test_payload(self) at tests/test_downloader_handlers_http_base.py:288}","7","7"
"b41aea4873319df15ccb9145a4940ff1702d123a","MOVE","{Function checkDataLoss(failure) at tests/test_downloader_handlers.py:537}","{Function checkDataLoss(failure) at tests/test_downloader_handlers_http_base.py:417}","6","6"
"b41aea4873319df15ccb9145a4940ff1702d123a","MOVE","{Function test_redirect_status(self) at tests/test_downloader_handlers.py:294}","{Function test_redirect_status(self) at tests/test_downloader_handlers_http_base.py:197}","6","6"
"b41aea4873319df15ccb9145a4940ff1702d123a","MOVE","{Function download_handler_cls(self) at tests/test_downloader_handlers.py:753}","{Function download_handler_cls(self) at tests/test_downloader_handlers_http_base.py:500}","2","2"
"b41aea4873319df15ccb9145a4940ff1702d123a","MOVE","{Function render(self, request) at tests/test_downloader_handlers.py:215}","{Function render(self, request) at tests/test_downloader_handlers_http_base.py:118}","3","3"
"e3f82afaf1ab12ac8f5915dfb0b926391bc81f52"
"597320856776c2b6e44fc3a45a97d6524c64d464"
"06dec081254e19950eb00fcb6979fe8b7c342ee8"
"43087fe1df5b3209bcc65dabd1831067d1a29711"
"f28be27423d720a59dcd7194df26c935fcc7e416"
"05529f3017a6327ba4553c2af422f2e5f02c7d43"
"9d92d16510b8c82d529abf1662bce3e16ee293ed"
"816d23da306e9fce0e55a933002fa7737f06fa64"
"f2fc177f1fb954480922301749cf00ee79eebb97"
"ff7d29654a975c12bfcf6d1b7719bd861ed6d8be"
"b9caaf8a63bc3280645dca2788a8c4ed1a556769"
"3c2cd53abb0651f3ac093e71ad340626f72ad0a3"
"bf1bfaaa3e584b085f78e9f89ab03c22cfbb3e59"
"1ddcb568e27cda10db4d0640aa42d020d4624a30"
"82acef30517496d622a80f24adb5b3599e63f64a","EXTRACT","{Function test_crawler_runner_bootstrap_successful_for_several(self) at tests/test_crawler.py:600}","{Function _crawl(runner, spider) at tests/test_crawler.py:616}","5","2"
"82acef30517496d622a80f24adb5b3599e63f64a","EXTRACT","{Function test_crawler_runner_asyncio_enabled_true(self) at tests/test_crawler.py:635}","{Function _crawl(runner, spider) at tests/test_crawler.py:616}","18","2"
"82acef30517496d622a80f24adb5b3599e63f64a","EXTRACT","{Function test_crawler_runner_bootstrap_failed(self) at tests/test_crawler.py:607}","{Function _crawl(runner, spider) at tests/test_crawler.py:616}","11","2"
"82acef30517496d622a80f24adb5b3599e63f64a","CHANGE_SIGNATURE","{Function _runner(self) at tests/test_crawler.py:590}","{Function _runner() at tests/test_crawler.py:612}","2","2"
"82acef30517496d622a80f24adb5b3599e63f64a","EXTRACT","{Function test_crawler_runner_bootstrap_failed_for_several(self) at tests/test_crawler.py:620}","{Function _crawl(runner, spider) at tests/test_crawler.py:616}","13","2"
"82acef30517496d622a80f24adb5b3599e63f64a","EXTRACT","{Function test_crawler_runner_bootstrap_successful(self) at tests/test_crawler.py:594}","{Function _crawl(runner, spider) at tests/test_crawler.py:616}","4","2"
"82acef30517496d622a80f24adb5b3599e63f64a","EXTRACT","{Function stop(self) at scrapy/crawler.py:381}","{Function _stop(self) at scrapy/crawler.py:321}","7","2"
"b86f00327a3d113a97525f68d38f77529d090f30","CHANGE_SIGNATURE","{Function _process_spider_exception(self, response, spider, _failure, start_index) at scrapy/core/spidermw.py:200}","{Function _process_spider_exception(self, response, spider, exception, start_index) at scrapy/core/spidermw.py:199}","46","45"
"b86f00327a3d113a97525f68d38f77529d090f30","EXTRACT","{Function start_itemproc(self, item, response) at scrapy/core/scraper.py:371}","{Function start_itemproc_async(self, item, response) at scrapy/core/scraper.py:374}","62","64"
"b86f00327a3d113a97525f68d38f77529d090f30","INLINE","{Function _downloaded(self, result, request) at scrapy/core/engine.py:361}","{Function download(self, request) at scrapy/core/engine.py:351}","6","12"
"b86f00327a3d113a97525f68d38f77529d090f30","EXTRACT","{Function process_response(self, request, response, spider) at tests/test_downloadermiddleware.py:154}","{Function process_response(self, request, response, spider) at tests/test_downloadermiddleware.py:187}","2","2"
"b86f00327a3d113a97525f68d38f77529d090f30","CHANGE_SIGNATURE","{Function process_exception(failure) at scrapy/core/downloader/middleware.py:94}","{Function process_exception(exception) at scrapy/core/downloader/middleware.py:93}","19","18"
"b86f00327a3d113a97525f68d38f77529d090f30","CHANGE_SIGNATURE","{Function process_spider_exception(_failure) at scrapy/core/spidermw.py:377}","{Function process_spider_exception(exception) at scrapy/core/spidermw.py:386}","4","4"
"b86f00327a3d113a97525f68d38f77529d090f30","EXTRACT","{Function process_exception(self, request, exception, spider) at tests/test_downloadermiddleware.py:170}","{Function process_exception(self, request, exception, spider) at tests/test_downloadermiddleware.py:203}","2","2"
"b86f00327a3d113a97525f68d38f77529d090f30","EXTRACT","{Function scrape_response(self, scrape_func, response, request, spider) at scrapy/core/spidermw.py:365}","{Function scrape_response_async(self, scrape_func, response, request, spider) at scrapy/core/spidermw.py:374}","25","26"
"2442536d0f5cdd16b836aafbe2da2c668c6dc96f"
"128cb551eb493601d4a4cd6d7a087e09a07d7092"
"82a32451583967a828c2e80a31930f64dbc136ac"
"0ce693dfa91a4ebf8418fd04c5595a570939e480"
"5f6d1b464b81e9673a9639fb8f742d53831c98dc"
"036f3e562716aaf67a4d0ff1c8011281394ef240","RENAME","{Function start_requests(self) at scrapy/commands/bench.py:64}","{Function start(self) at scrapy/commands/bench.py:62}","4","4"
"036f3e562716aaf67a4d0ff1c8011281394ef240","RENAME","{Function start_requests(self) at tests/spiders.py:108}","{Function start(self) at tests/spiders.py:108}","8","8"
"036f3e562716aaf67a4d0ff1c8011281394ef240","RENAME","{Function start_requests(self_) at tests/test_contracts.py:514}","{Function start(self_) at tests/test_contracts.py:514}","2","3"
"036f3e562716aaf67a4d0ff1c8011281394ef240","RENAME","{Function test_start_requests_unsupported_output(self) at tests/test_crawl.py:205}","{Function test_start_unsupported_output(self) at tests/test_crawl.py:205}","19","19"
"036f3e562716aaf67a4d0ff1c8011281394ef240","RENAME","{Function test_start_requests_bug_before_yield(self) at tests/test_crawl.py:168}","{Function test_start_bug_before_yield(self) at tests/test_crawl.py:168}","9","9"
"036f3e562716aaf67a4d0ff1c8011281394ef240","RENAME","{Function start_requests(self) at tests/test_spidermiddleware_httperror.py:33}","{Function start(self) at tests/test_spidermiddleware_httperror.py:33}","3","3"
"036f3e562716aaf67a4d0ff1c8011281394ef240","EXTRACT","{Function call_spider(self, result, request, spider) at scrapy/core/scraper.py:221}","{Function call_spider_async(self, result, request) at scrapy/core/scraper.py:234}","35","27"
"036f3e562716aaf67a4d0ff1c8011281394ef240","RENAME","{Function start_requests(self) at tests/spiders.py:420}","{Function start(self) at tests/spiders.py:418}","12","12"
"036f3e562716aaf67a4d0ff1c8011281394ef240","CHANGE_SIGNATURE","{Function from_crawler(cls, crawler, downstream_queue_cls, key, startprios) at scrapy/pqueues.py:79}","{Function from_crawler(cls, crawler, downstream_queue_cls, key, startprios, start_queue_cls) at scrapy/pqueues.py:78}","8","16"
"036f3e562716aaf67a4d0ff1c8011281394ef240","EXTRACT","{Function process_spider_output_async(self, response, result, spider) at scrapy/spidermiddlewares/base.py:52}","{Function _get_processed(self, o, response) at scrapy/spidermiddlewares/base.py:67}","10","4"
"036f3e562716aaf67a4d0ff1c8011281394ef240","RENAME","{Function _next_request_from_scheduler(self) at scrapy/core/engine.py:212}","{Function _start_scheduled_request(self) at scrapy/core/engine.py:253}","40","41"
"036f3e562716aaf67a4d0ff1c8011281394ef240","CHANGE_SIGNATURE","{Function __init__(self, start_requests, close_if_idle, nextcall, scheduler) at scrapy/core/engine.py:44}","{Function __init__(self, close_if_idle, nextcall, scheduler) at scrapy/core/engine.py:49}","14","12"
"036f3e562716aaf67a4d0ff1c8011281394ef240","RENAME","{Function test_start_requests_items(self) at tests/test_crawl.py:190}","{Function test_start_items(self) at tests/test_crawl.py:190}","13","13"
"036f3e562716aaf67a4d0ff1c8011281394ef240","RENAME","{Function start_requests(self) at tests/spiders.py:356}","{Function start(self) at tests/spiders.py:354}","5","5"
"036f3e562716aaf67a4d0ff1c8011281394ef240","RENAME","{Function start_requests(self) at tests/test_spidermiddleware_output_chain.py:86}","{Function start(self) at tests/test_spidermiddleware_output_chain.py:86}","4","4"
"036f3e562716aaf67a4d0ff1c8011281394ef240","RENAME","{Function start_requests(self) at tests/test_crawler.py:236}","{Function start(self) at tests/test_crawler.py:236}","4","4"
"036f3e562716aaf67a4d0ff1c8011281394ef240","CHANGE_SIGNATURE","{Function open_spider(self, spider, start_requests, close_if_idle) at scrapy/core/engine.py:366}","{Function open_spider(self, spider, close_if_idle) at scrapy/core/engine.py:407}","24","21"
"036f3e562716aaf67a4d0ff1c8011281394ef240","INLINE","{Function _itemproc_finished(self, output, item, response) at scrapy/core/scraper.py:398}","{Function start_itemproc(self, item, response) at scrapy/core/scraper.py:371}","52","62"
"036f3e562716aaf67a4d0ff1c8011281394ef240","RENAME","{Function start_requests(self) at tests/CrawlerProcess/caching_hostname_resolver.py:14}","{Function start(self) at tests/CrawlerProcess/caching_hostname_resolver.py:14}","2","2"
"036f3e562716aaf67a4d0ff1c8011281394ef240","RENAME","{Function start_requests(self) at tests/test_spidermiddleware_output_chain.py:106}","{Function start(self) at tests/test_spidermiddleware_output_chain.py:143}","2","2"
"036f3e562716aaf67a4d0ff1c8011281394ef240","CHANGE_SIGNATURE","{Function __init__(self, crawler, downstream_queue_cls, key, slot_startprios) at scrapy/pqueues.py:200}","{Function __init__(self, crawler, downstream_queue_cls, key, slot_startprios, start_queue_cls) at scrapy/pqueues.py:274}","31","34"
"036f3e562716aaf67a4d0ff1c8011281394ef240","RENAME","{Function start_requests(self) at tests/spiders.py:548}","{Function start(self) at tests/spiders.py:546}","2","2"
"036f3e562716aaf67a4d0ff1c8011281394ef240","RENAME","{Function start_requests(self) at tests/spiders.py:258}","{Function start(self) at tests/spiders.py:258}","3","3"
"036f3e562716aaf67a4d0ff1c8011281394ef240","RENAME","{Function start_requests(self) at tests/test_request_cb_kwargs.py:65}","{Function start(self) at tests/test_request_cb_kwargs.py:65}","19","19"
"036f3e562716aaf67a4d0ff1c8011281394ef240","RENAME","{Function start_requests(self) at tests/spiders.py:351}","{Function start(self) at tests/spiders.py:349}","2","2"
"036f3e562716aaf67a4d0ff1c8011281394ef240","RENAME","{Function start_requests(self) at tests/CrawlerProcess/asyncio_enabled_reactor_different_loop.py:18}","{Function start(self) at tests/CrawlerProcess/asyncio_enabled_reactor_different_loop.py:18}","2","3"
"036f3e562716aaf67a4d0ff1c8011281394ef240","RENAME","{Function start_requests(self) at tests/test_spidermiddleware_output_chain.py:39}","{Function start(self) at tests/test_spidermiddleware_output_chain.py:106}","2","2"
"036f3e562716aaf67a4d0ff1c8011281394ef240","RENAME","{Function start_requests(self) at tests/test_crawler.py:396}","{Function start(self) at tests/test_crawler.py:396}","4","4"
"036f3e562716aaf67a4d0ff1c8011281394ef240","CHANGE_SIGNATURE","{Function start(self) at scrapy/core/engine.py:118}","{Function start(self, _start_request_processing) at scrapy/core/engine.py:128}","8","12"
"036f3e562716aaf67a4d0ff1c8011281394ef240","RENAME","{Function _needs_backout(self) at scrapy/core/engine.py:202}","{Function needs_backout(self) at scrapy/core/engine.py:238}","9","14"
"036f3e562716aaf67a4d0ff1c8011281394ef240","RENAME","{Function start_requests(self) at tests/CrawlerProcess/reactor_select_twisted_reactor_select.py:12}","{Function start(self) at tests/CrawlerProcess/reactor_select_twisted_reactor_select.py:12}","2","3"
"036f3e562716aaf67a4d0ff1c8011281394ef240","RENAME","{Function start_requests(self) at tests/CrawlerProcess/asyncio_enabled_reactor_same_loop.py:19}","{Function start(self) at tests/CrawlerProcess/asyncio_enabled_reactor_same_loop.py:19}","2","3"
"036f3e562716aaf67a4d0ff1c8011281394ef240","RENAME","{Function start_requests(self) at tests/test_spidermiddleware_output_chain.py:143}","{Function start(self) at tests/test_spidermiddleware_output_chain.py:39}","2","2"
"036f3e562716aaf67a4d0ff1c8011281394ef240","RENAME","{Function start_requests(self) at tests/CrawlerProcess/reactor_select_subclass_twisted_reactor_select.py:20}","{Function start(self) at tests/CrawlerProcess/reactor_select_subclass_twisted_reactor_select.py:20}","2","3"
"036f3e562716aaf67a4d0ff1c8011281394ef240","RENAME","{Function start_requests(self) at tests/test_spidermiddleware_output_chain.py:218}","{Function start(self) at tests/test_spidermiddleware_output_chain.py:290}","2","2"
"036f3e562716aaf67a4d0ff1c8011281394ef240","RENAME","{Function test_start_requests_bug_yielding(self) at tests/test_crawl.py:179}","{Function test_start_bug_yielding(self) at tests/test_crawl.py:179}","9","9"
"036f3e562716aaf67a4d0ff1c8011281394ef240","RENAME","{Function test_start_requests_dupes(self) at tests/test_crawl.py:235}","{Function test_start_dupes(self) at tests/test_crawl.py:226}","16","16"
"036f3e562716aaf67a4d0ff1c8011281394ef240","RENAME","{Function _start_requests(self) at tests/test_spidermiddleware.py:333}","{Function start(self) at tests/test_spidermiddleware.py:339}","4","4"
"036f3e562716aaf67a4d0ff1c8011281394ef240","CHANGE_SIGNATURE","{Function from_crawler(cls, crawler, downstream_queue_cls, key, startprios) at scrapy/pqueues.py:191}","{Function from_crawler(cls, crawler, downstream_queue_cls, key, startprios, start_queue_cls) at scrapy/pqueues.py:257}","8","16"
"036f3e562716aaf67a4d0ff1c8011281394ef240","RENAME","{Function start_requests(self) at tests/test_spidermiddleware_output_chain.py:76}","{Function start(self) at tests/test_spidermiddleware_output_chain.py:76}","2","2"
"036f3e562716aaf67a4d0ff1c8011281394ef240","RENAME","{Function start_requests(self) at tests/CrawlerProcess/args_settings.py:16}","{Function start(self) at tests/CrawlerProcess/args_settings.py:16}","3","4"
"036f3e562716aaf67a4d0ff1c8011281394ef240","CHANGE_SIGNATURE","{Function parse_spider_mw(self, response, from_process_spider_input, from_process_start_requests) at tests/test_request_cb_kwargs.py:141}","{Function parse_spider_mw(self, response, from_process_spider_input, from_process_start) at tests/test_request_cb_kwargs.py:141}","7","5"
"036f3e562716aaf67a4d0ff1c8011281394ef240","RENAME","{Function start_requests(self) at tests/test_downloaderslotssettings.py:31}","{Function start(self) at tests/test_downloaderslotssettings.py:31}","9","9"
"036f3e562716aaf67a4d0ff1c8011281394ef240","RENAME","{Function test_start_requests_errors(self) at tests/test_commands.py:774}","{Function test_start_errors(self) at tests/test_commands.py:776}","4","4"
"036f3e562716aaf67a4d0ff1c8011281394ef240","RENAME","{Function start_requests(self) at tests/spiders.py:395}","{Function start(self) at tests/spiders.py:393}","5","5"
"036f3e562716aaf67a4d0ff1c8011281394ef240","EXTRACT","{Function pop(self) at scrapy/pqueues.py:130}","{Function _update_curprio(self) at scrapy/pqueues.py:187}","11","8"
"036f3e562716aaf67a4d0ff1c8011281394ef240","RENAME","{Function start_requests(self) at tests/test_crawler.py:316}","{Function start(self) at tests/test_crawler.py:316}","4","4"
"036f3e562716aaf67a4d0ff1c8011281394ef240","RENAME","{Function start_requests(self) at tests/spiders.py:474}","{Function start(self) at tests/spiders.py:472}","15","15"
"036f3e562716aaf67a4d0ff1c8011281394ef240","RENAME","{Function start_requests(self) at tests/test_signals.py:13}","{Function start(self) at tests/test_signals.py:14}","5","5"
"036f3e562716aaf67a4d0ff1c8011281394ef240","RENAME","{Function start_requests(self) at tests/spiders.py:368}","{Function start(self) at tests/spiders.py:366}","5","5"
"036f3e562716aaf67a4d0ff1c8011281394ef240","RENAME","{Function start_requests(self) at tests/test_engine.py:95}","{Function start(self) at tests/test_engine.py:95}","2","3"
"036f3e562716aaf67a4d0ff1c8011281394ef240","EXTRACT","{Function process_spider_output(self, response, result, spider) at scrapy/spidermiddlewares/base.py:41}","{Function _get_processed(self, o, response) at scrapy/spidermiddlewares/base.py:67}","10","4"
"036f3e562716aaf67a4d0ff1c8011281394ef240","CHANGE_SIGNATURE","{Function __init__(self, crawler, downstream_queue_cls, key, startprios) at scrapy/pqueues.py:88}","{Function __init__(self, crawler, downstream_queue_cls, key, startprios, start_queue_cls) at scrapy/pqueues.py:95}","13","17"
"036f3e562716aaf67a4d0ff1c8011281394ef240","EXTRACT","{Function handle_spider_output(self, result, request, response, spider) at scrapy/core/scraper.py:302}","{Function handle_spider_output_async(self, result, request, response) at scrapy/core/scraper.py:326}","36","27"
"036f3e562716aaf67a4d0ff1c8011281394ef240","RENAME","{Function start_requests(self) at tests/CrawlerRunner/ip_address.py:35}","{Function start(self) at tests/CrawlerRunner/ip_address.py:35}","2","2"
"036f3e562716aaf67a4d0ff1c8011281394ef240","RENAME","{Function start_requests(self) at tests/spiders.py:71}","{Function start(self) at tests/spiders.py:71}","4","4"
"036f3e562716aaf67a4d0ff1c8011281394ef240","RENAME","{Function test_start_requests_errors(self) at tests/test_commands.py:1004}","{Function test_start_errors(self) at tests/test_commands.py:1011}","4","4"
"036f3e562716aaf67a4d0ff1c8011281394ef240","RENAME","{Function start_requests(self) at tests/spiders.py:519}","{Function start(self) at tests/spiders.py:517}","4","4"
"036f3e562716aaf67a4d0ff1c8011281394ef240","RENAME","{Function start_requests(self) at tests/CrawlerProcess/reactor_default_twisted_reactor_select.py:11}","{Function start(self) at tests/CrawlerProcess/reactor_default_twisted_reactor_select.py:11}","2","3"
"036f3e562716aaf67a4d0ff1c8011281394ef240","RENAME","{Function start_requests(self) at tests/spiders.py:330}","{Function start(self) at tests/spiders.py:330}","14","12"
"036f3e562716aaf67a4d0ff1c8011281394ef240","RENAME","{Function start_requests(self) at tests/test_crawler.py:156}","{Function start(self) at tests/test_crawler.py:156}","4","4"
"373e501f78703e9fae2b9e970071052a13b1a18e"
"4899d416e701c4d405fdc77fa2ba31327541f292"
"acb5f895cd0b0f63f3dafdd3025b314830ab4a67"
"523fc25c4d7550d721e8160f4f09cb61f94d53d2"
"b93290f28affdc0bdd780672ec1adb9d7def4940"
"509b572efc85ac8ef96224d560a8851322a3f606"
"2a1edbd473e47b15183e57d975d71db0cb3a2197"
"ff1ac75c9ef538b49212dbb1d4112b3653efab12"
"5dfe7cd7b87ffc8bb287934fa3d6ffbcd63da332"
"da9078c4bb942be8f55495d9a44ea522f3cdcbc4"
"23c206af35a8a7772d63cd63fdccee085dc38e40"
"eced5ca2d3c85c36b18f0da3d5d888e7e66a7014","CHANGE_SIGNATURE","{Function _scrape(self, result, request, spider) at scrapy/core/scraper.py:163}","{Function _scrape(self, result, request) at scrapy/core/scraper.py:185}","18","18"
"eced5ca2d3c85c36b18f0da3d5d888e7e66a7014","CHANGE_SIGNATURE","{Function _itemproc_finished(self, output, item, response, spider) at scrapy/core/scraper.py:359}","{Function _itemproc_finished(self, output, item, response) at scrapy/core/scraper.py:406}","39","52"
"eced5ca2d3c85c36b18f0da3d5d888e7e66a7014","CHANGE_SIGNATURE","{Function _scrape_next(self, spider) at scrapy/core/scraper.py:157}","{Function _scrape_next(self) at scrapy/core/scraper.py:179}","5","5"
"eced5ca2d3c85c36b18f0da3d5d888e7e66a7014","CHANGE_SIGNATURE","{Function _process_spidermw_output(self, output, request, response, spider) at scrapy/core/scraper.py:292}","{Function _process_spidermw_output(self, output, response) at scrapy/core/scraper.py:339}","14","14"
"eced5ca2d3c85c36b18f0da3d5d888e7e66a7014","CHANGE_SIGNATURE","{Function _schedule_request(self, request, spider) at scrapy/core/engine.py:296}","{Function _schedule_request(self, request) at scrapy/core/engine.py:296}","14","14"
"eced5ca2d3c85c36b18f0da3d5d888e7e66a7014","CHANGE_SIGNATURE","{Function _log_download_errors(self, spider_failure, download_failure, request, spider) at scrapy/core/scraper.py:320}","{Function _log_download_errors(self, spider_failure, download_failure, request) at scrapy/core/scraper.py:367}","38","38"
"eced5ca2d3c85c36b18f0da3d5d888e7e66a7014","CHANGE_SIGNATURE","{Function _scrape2(self, result, request, spider) at scrapy/core/scraper.py:182}","{Function _scrape2(self, result, request) at scrapy/core/scraper.py:204}","15","16"
"eced5ca2d3c85c36b18f0da3d5d888e7e66a7014","CHANGE_SIGNATURE","{Function _check_if_closing(self, spider) at scrapy/core/scraper.py:126}","{Function _check_if_closing(self) at scrapy/core/scraper.py:139}","4","6"
"4aba7e5f6675703159220ee22bba6953c5685ef6"
"095140f134745960751c8c4b34da7de6b91e4a82"
"b1f85b5a173f48bad2881465efbab5c22aa0327d"
"daf9db72b2dc4ff8a6344fb9a0a4817fb953fdd4","RENAME","{Function _filter(self, request, spider) at scrapy/spidermiddlewares/urllength.py:66}","{Function get_processed_request(self, request, response) at scrapy/spidermiddlewares/urllength.py:41}","13","15"
"daf9db72b2dc4ff8a6344fb9a0a4817fb953fdd4","EXTRACT_MOVE","{Function setup_method(self) at tests/test_spidermiddleware_depth.py:9}","{Function from_crawler(cls, crawler) at scrapy/spidermiddlewares/base.py:38}","8","2"
"daf9db72b2dc4ff8a6344fb9a0a4817fb953fdd4","RENAME","{Function _filter(self, request, response, spider) at scrapy/spidermiddlewares/depth.py:71}","{Function get_processed_request(self, request, response) at scrapy/spidermiddlewares/depth.py:75}","18","20"
"daf9db72b2dc4ff8a6344fb9a0a4817fb953fdd4","INLINE","{Function _from_settings(cls, settings) at scrapy/spidermiddlewares/urllength.py:48}","{Function from_crawler(cls, crawler) at scrapy/spidermiddlewares/urllength.py:33}","5","7"
"daf9db72b2dc4ff8a6344fb9a0a4817fb953fdd4","RENAME","{Function _filter(self, request, spider) at scrapy/spidermiddlewares/offsite.py:61}","{Function get_processed_request(self, request, response) at scrapy/spidermiddlewares/offsite.py:51}","20","21"
"9f99da8f865efff11f6c8736567b8fbd4413091c"
"e50914e0f5b98ee4c9cb1f182ec2cd684fdf9900"
"3ca882fba86750199c2f41ef24b5495a4afa7988","CHANGE_SIGNATURE","{Function test_generators_return_none(self) at tests/test_utils_misc/test_return_with_argument_inside_generator.py:101}","{Function test_generators_return_none(self, mock_spider) at tests/test_utils_misc/test_return_with_argument_inside_generator.py:120}","67","67"
"3ca882fba86750199c2f41ef24b5495a4afa7988","CHANGE_SIGNATURE","{Function test_generators_return_something(self) at tests/test_utils_misc/test_return_with_argument_inside_generator.py:43}","{Function test_generators_return_something(self, mock_spider) at tests/test_utils_misc/test_return_with_argument_inside_generator.py:62}","57","57"
"3ca882fba86750199c2f41ef24b5495a4afa7988","CHANGE_SIGNATURE","{Function test_generators_return_none_with_decorator(self) at tests/test_utils_misc/test_return_with_argument_inside_generator.py:169}","{Function test_generators_return_none_with_decorator(self, mock_spider) at tests/test_utils_misc/test_return_with_argument_inside_generator.py:188}","80","80"
"3ca882fba86750199c2f41ef24b5495a4afa7988","CHANGE_SIGNATURE","{Function test_indentation_error(self) at tests/test_utils_misc/test_return_with_argument_inside_generator.py:253}","{Function test_indentation_error(self, mock_spider) at tests/test_utils_misc/test_return_with_argument_inside_generator.py:272}","5","5"
"2ee01efe496db9ff8506ca37fe2571f5f4ac2849"
"872924721344502cca92a72ce68d5f78a9b9e5bc"
"9057bf4e1e08dccac4fa6d9f0f191d1f4708a43a"
"fc566a7ff9913be5fce2b961a6599f861e1ef59a"
"d0dabbc09706b082e2250790cd7a00c033ad8021"
"eb654aa1a8d2ef6433957fcc1361420b6141094e","CHANGE_SIGNATURE","{Function test_item_fields_override_settings(self) at tests/test_pipeline_files.py:289}","{Function test_item_fields_override_settings(self, tmp_path) at tests/test_pipeline_files.py:283}","20","20"
"eb654aa1a8d2ef6433957fcc1361420b6141094e","CHANGE_SIGNATURE","{Function test_simple_render(self) at tests/test_utils_template.py:15}","{Function test_simple_render(self, tmp_path) at tests/test_utils_template.py:5}","18","18"
"eb654aa1a8d2ef6433957fcc1361420b6141094e","CHANGE_SIGNATURE","{Function test_custom_settings_for_subclasses(self) at tests/test_pipeline_files.py:462}","{Function test_custom_settings_for_subclasses(self, tmp_path) at tests/test_pipeline_files.py:450}","19","19"
"eb654aa1a8d2ef6433957fcc1361420b6141094e","CHANGE_SIGNATURE","{Function test_subclass_attrs_preserved_custom_settings(self) at tests/test_pipeline_files.py:431}","{Function test_subclass_attrs_preserved_custom_settings(self, tmp_path) at tests/test_pipeline_files.py:419}","13","13"
"eb654aa1a8d2ef6433957fcc1361420b6141094e","CHANGE_SIGNATURE","{Function _generate_fake_settings(self, prefix) at tests/test_pipeline_files.py:377}","{Function _generate_fake_settings(self, tmp_path, prefix) at tests/test_pipeline_files.py:365}","17","17"
"eb654aa1a8d2ef6433957fcc1361420b6141094e","CHANGE_SIGNATURE","{Function test_custom_settings_and_class_attrs_for_subclasses(self) at tests/test_pipeline_files.py:482}","{Function test_custom_settings_and_class_attrs_for_subclasses(self, tmp_path) at tests/test_pipeline_files.py:470}","17","17"
"eb654aa1a8d2ef6433957fcc1361420b6141094e","CHANGE_SIGNATURE","{Function test_subclass_attributes_preserved_if_no_settings(self) at tests/test_pipeline_files.py:420}","{Function test_subclass_attributes_preserved_if_no_settings(self, tmp_path) at tests/test_pipeline_files.py:408}","10","10"
"eb654aa1a8d2ef6433957fcc1361420b6141094e","CHANGE_SIGNATURE","{Function test_no_custom_settings_for_subclasses(self) at tests/test_pipeline_files.py:445}","{Function test_no_custom_settings_for_subclasses(self, tmp_path) at tests/test_pipeline_files.py:433}","16","16"
"eb654aa1a8d2ef6433957fcc1361420b6141094e","CHANGE_SIGNATURE","{Function test_subclass_attrs_preserved_custom_settings(self) at tests/test_pipeline_images.py:403}","{Function test_subclass_attrs_preserved_custom_settings(self, tmp_path) at tests/test_pipeline_images.py:397}","15","15"
"eb654aa1a8d2ef6433957fcc1361420b6141094e","CHANGE_SIGNATURE","{Function test_custom_settings_and_class_attrs_for_subclasses(self) at tests/test_pipeline_images.py:456}","{Function test_custom_settings_and_class_attrs_for_subclasses(self, tmp_path) at tests/test_pipeline_images.py:450}","13","13"
"eb654aa1a8d2ef6433957fcc1361420b6141094e","CHANGE_SIGNATURE","{Function test_cls_attrs_with_DEFAULT_prefix(self) at tests/test_pipeline_files.py:500}","{Function test_cls_attrs_with_DEFAULT_prefix(self, tmp_path) at tests/test_pipeline_files.py:488}","16","16"
"eb654aa1a8d2ef6433957fcc1361420b6141094e","CHANGE_SIGNATURE","{Function test_no_custom_settings_for_subclasses(self) at tests/test_pipeline_images.py:419}","{Function test_no_custom_settings_for_subclasses(self, tmp_path) at tests/test_pipeline_images.py:413}","16","16"
"eb654aa1a8d2ef6433957fcc1361420b6141094e","CHANGE_SIGNATURE","{Function _generate_fake_settings(self, prefix) at tests/test_pipeline_images.py:323}","{Function _generate_fake_settings(self, tmp_path, prefix) at tests/test_pipeline_images.py:317}","28","28"
"eb654aa1a8d2ef6433957fcc1361420b6141094e","CHANGE_SIGNATURE","{Function test_custom_settings_for_subclasses(self) at tests/test_pipeline_images.py:436}","{Function test_custom_settings_for_subclasses(self, tmp_path) at tests/test_pipeline_images.py:430}","19","19"
"eb654aa1a8d2ef6433957fcc1361420b6141094e","CHANGE_SIGNATURE","{Function test_different_settings_for_different_instances(self) at tests/test_pipeline_files.py:403}","{Function test_different_settings_for_different_instances(self, tmp_path) at tests/test_pipeline_files.py:391}","16","16"
"eb654aa1a8d2ef6433957fcc1361420b6141094e","CHANGE_SIGNATURE","{Function test_cls_attrs_with_DEFAULT_prefix(self) at tests/test_pipeline_images.py:470}","{Function test_cls_attrs_with_DEFAULT_prefix(self, tmp_path) at tests/test_pipeline_images.py:464}","16","16"
"eb654aa1a8d2ef6433957fcc1361420b6141094e","CHANGE_SIGNATURE","{Function test_item_fields_default(self) at tests/test_pipeline_files.py:275}","{Function test_item_fields_default(self, tmp_path) at tests/test_pipeline_files.py:269}","13","13"
"eb654aa1a8d2ef6433957fcc1361420b6141094e","CHANGE_SIGNATURE","{Function test_user_defined_subclass_default_key_names(self) at tests/test_pipeline_images.py:487}","{Function test_user_defined_subclass_default_key_names(self, tmp_path) at tests/test_pipeline_images.py:481}","15","15"
"eb654aa1a8d2ef6433957fcc1361420b6141094e","CHANGE_SIGNATURE","{Function test_subclass_attrs_preserved_default_settings(self) at tests/test_pipeline_images.py:388}","{Function test_subclass_attrs_preserved_default_settings(self, tmp_path) at tests/test_pipeline_images.py:382}","14","14"
"eb654aa1a8d2ef6433957fcc1361420b6141094e","CHANGE_SIGNATURE","{Function test_user_defined_subclass_default_key_names(self) at tests/test_pipeline_files.py:517}","{Function test_user_defined_subclass_default_key_names(self, tmp_path) at tests/test_pipeline_files.py:505}","15","15"
"eb654aa1a8d2ef6433957fcc1361420b6141094e","CHANGE_SIGNATURE","{Function test_different_settings_for_different_instances(self) at tests/test_pipeline_images.py:371}","{Function test_different_settings_for_different_instances(self, tmp_path) at tests/test_pipeline_images.py:365}","16","16"
"803b4f258d85ab4f85c7c230e6c025f54e836269"
"ba28d96d3ef2488e9c5c86d4a5c28a1aac269a2d"
"5a0690c89d718b33bd63c1cd724c50c9ceb809e9"
"26ecc93228bc3dbb9d62daa419cb344ba6f88caa"
"9b7db1a068895254aae1618fb684baf9cb0c2784"
"bee74fb753afa373ecdb1dbf272af9a108b14b22"
"0bbfca6c1d1327a9919f2c0efc0c75aadb5b0033"
"7bbe775040d5d695bc3b48a73de5d6fa99312b4c","RENAME","{Function setUp(self) at tests/test_logstats.py:12}","{Function setup_method(self) at tests/test_logstats.py:11}","7","7"
"7bbe775040d5d695bc3b48a73de5d6fa99312b4c","RENAME","{Function setUp(self) at tests/test_pqueues.py:99}","{Function setup_method(self) at tests/test_pqueues.py:98}","8","8"
"7bbe775040d5d695bc3b48a73de5d6fa99312b4c","RENAME","{Function setUp(self) at tests/test_robotstxt_interface.py:164}","{Function setup_method(self) at tests/test_robotstxt_interface.py:152}","4","4"
"7bbe775040d5d695bc3b48a73de5d6fa99312b4c","RENAME","{Function setUp(self) at tests/test_robotstxt_interface.py:146}","{Function setup_method(self) at tests/test_robotstxt_interface.py:136}","4","4"
"7bbe775040d5d695bc3b48a73de5d6fa99312b4c","RENAME","{Function setUp(self) at tests/test_robotstxt_interface.py:179}","{Function setup_method(self) at tests/test_robotstxt_interface.py:163}","4","4"
"7bbe775040d5d695bc3b48a73de5d6fa99312b4c","RENAME","{Function setUp(self) at tests/test_logformatter.py:204}","{Function setup_method(self) at tests/test_logformatter.py:197}","4","4"
"d442227fa74e414f4c7ac6baea6c3c4a1d938219"
"380c2279b92f1aa7386e79fc43109499a057e8cf","RENAME","{Function setUp(self) at tests/test_http_cookies.py:63}","{Function setup_method(self) at tests/test_http_cookies.py:61}","5","5"
"380c2279b92f1aa7386e79fc43109499a057e8cf","RENAME","{Function setUp(self) at tests/test_exporters.py:61}","{Function setup_method(self) at tests/test_exporters.py:61}","4","4"
"380c2279b92f1aa7386e79fc43109499a057e8cf","RENAME","{Function setUp(self) at tests/test_http_cookies.py:9}","{Function setup_method(self) at tests/test_http_cookies.py:7}","5","5"
"02ed71d8877d1f3f270a9085c3cdb7fc7e917b8a","RENAME","{Function setUp(self) at tests/test_linkextractors.py:22}","{Function setup_method(self) at tests/test_linkextractors.py:21}","3","3"
"044c3f69edd1bf926408649361ada7f2146db04e"
"1469b2739ea566a57e0b5f8e6bb104fd19460d24"
"40833afc86d45543a521b0f147387f7f770a8adc"
"3ded1dfe31510f00e14a70811b7c01dae8b5a641","RENAME","{Function setUp(self) at tests/test_spidermiddleware_httperror.py:63}","{Function setup_method(self) at tests/test_spidermiddleware_httperror.py:62}","6","6"
"3ded1dfe31510f00e14a70811b7c01dae8b5a641","RENAME","{Function setUp(self) at tests/test_spidermiddleware_offsite.py:12}","{Function setup_method(self) at tests/test_spidermiddleware_offsite.py:11}","5","5"
"3ded1dfe31510f00e14a70811b7c01dae8b5a641","RENAME","{Function setUp(self) at tests/test_spiderloader/__init__.py:32}","{Function setup_method(self) at tests/test_spiderloader/__init__.py:31}","8","8"
"3ded1dfe31510f00e14a70811b7c01dae8b5a641","RENAME","{Function setUp(self) at tests/test_squeues_request.py:26}","{Function setup_method(self) at tests/test_squeues_request.py:26}","5","5"
"3ded1dfe31510f00e14a70811b7c01dae8b5a641","RENAME","{Function tearDown(self) at tests/test_spiderloader/__init__.py:197}","{Function teardown_method(self) at tests/test_spiderloader/__init__.py:194}","3","3"
"3ded1dfe31510f00e14a70811b7c01dae8b5a641","RENAME","{Function setUp(self) at tests/test_spidermiddleware_httperror.py:100}","{Function setup_method(self) at tests/test_spidermiddleware_httperror.py:100}","5","5"
"3ded1dfe31510f00e14a70811b7c01dae8b5a641","RENAME","{Function tearDown(self) at tests/test_spiderloader/__init__.py:41}","{Function teardown_method(self) at tests/test_spiderloader/__init__.py:40}","4","4"
"3ded1dfe31510f00e14a70811b7c01dae8b5a641","RENAME","{Function setUp(self) at tests/test_spidermiddleware_depth.py:11}","{Function setup_method(self) at tests/test_spidermiddleware_depth.py:9}","8","8"
"3ded1dfe31510f00e14a70811b7c01dae8b5a641","RENAME","{Function setUp(self) at tests/test_spidermiddleware_urllength.py:12}","{Function setup_method(self) at tests/test_spidermiddleware_urllength.py:10}","11","11"
"3ded1dfe31510f00e14a70811b7c01dae8b5a641","RENAME","{Function setUp(self) at tests/test_spiderloader/__init__.py:189}","{Function setup_method(self) at tests/test_spiderloader/__init__.py:186}","7","7"
"3ded1dfe31510f00e14a70811b7c01dae8b5a641","RENAME","{Function setUp(self) at tests/test_spidermiddleware_referer.py:1006}","{Function setup_method(self) at tests/test_spidermiddleware_referer.py:1005}","5","5"
"3ded1dfe31510f00e14a70811b7c01dae8b5a641","RENAME","{Function setUp(self) at tests/test_spidermiddleware_httperror.py:133}","{Function setup_method(self) at tests/test_spidermiddleware_httperror.py:133}","5","5"
"3ded1dfe31510f00e14a70811b7c01dae8b5a641","RENAME","{Function setUp(self) at tests/test_spidermiddleware_referer.py:46}","{Function setup_method(self) at tests/test_spidermiddleware_referer.py:45}","4","4"
"d2e5486d5a0ddfa9c202e39f5af98257a230d4f3"
"5a605969bdc102e0193ad15ccc571dc6164e5d26","CHANGE_SIGNATURE","{Function _assert_bytes_received(self, run) at tests/test_engine_stop_download_headers.py:63}","{Function _assert_bytes_received(run) at tests/test_engine_stop_download_headers.py:64}","2","2"
"5a605969bdc102e0193ad15ccc571dc6164e5d26","CHANGE_SIGNATURE","{Function _assert_bytes_received(self, run) at tests/test_engine_stop_download_bytes.py:64}","{Function _assert_bytes_received(run) at tests/test_engine_stop_download_bytes.py:65}","11","11"
"5a605969bdc102e0193ad15ccc571dc6164e5d26","CHANGE_SIGNATURE","{Function _assert_bytes_received(self, run) at tests/test_engine.py:325}","{Function _assert_bytes_received(run) at tests/test_engine.py:331}","41","39"
"5a605969bdc102e0193ad15ccc571dc6164e5d26","CHANGE_SIGNATURE","{Function _assert_scraped_items(self, run) at tests/test_engine.py:306}","{Function _assert_scraped_items(run) at tests/test_engine.py:310}","11","11"
"5a605969bdc102e0193ad15ccc571dc6164e5d26","CHANGE_SIGNATURE","{Function test_spider_custom_settings_log_level(self) at tests/test_crawler.py:472}","{Function test_spider_custom_settings_log_level(self, tmp_path) at tests/test_crawler.py:472}","32","32"
"5a605969bdc102e0193ad15ccc571dc6164e5d26","CHANGE_SIGNATURE","{Function _assert_signals_caught(self, run) at tests/test_engine.py:367}","{Function _assert_signals_caught(run) at tests/test_engine.py:372}","18","13"
"5a605969bdc102e0193ad15ccc571dc6164e5d26","CHANGE_SIGNATURE","{Function _assert_downloaded_responses(self, run, count) at tests/test_engine.py:281}","{Function _assert_downloaded_responses(run, count) at tests/test_engine.py:283}","10","10"
"5a605969bdc102e0193ad15ccc571dc6164e5d26","CHANGE_SIGNATURE","{Function _assert_headers_received(self, run) at tests/test_engine.py:318}","{Function _assert_headers_received(run) at tests/test_engine.py:323}","6","6"
"5a605969bdc102e0193ad15ccc571dc6164e5d26","CHANGE_SIGNATURE","{Function _assert_visited_urls(self, run) at tests/test_engine_stop_download_headers.py:66}","{Function _assert_visited_urls(run) at tests/test_engine_stop_download_headers.py:68}","7","7"
"5a605969bdc102e0193ad15ccc571dc6164e5d26","CHANGE_SIGNATURE","{Function _assert_scheduled_requests(self, run, count) at tests/test_engine.py:262}","{Function _assert_scheduled_requests(run, count) at tests/test_engine.py:264}","15","13"
"5a605969bdc102e0193ad15ccc571dc6164e5d26","CHANGE_SIGNATURE","{Function _assert_items_error(self, run) at tests/test_engine.py:292}","{Function _assert_items_error(run) at tests/test_engine.py:295}","13","13"
"5a605969bdc102e0193ad15ccc571dc6164e5d26","CHANGE_SIGNATURE","{Function test_spider_custom_settings_log_append(self) at tests/test_crawler.py:505}","{Function test_spider_custom_settings_log_append(self, tmp_path) at tests/test_crawler.py:505}","19","19"
"5a605969bdc102e0193ad15ccc571dc6164e5d26","CHANGE_SIGNATURE","{Function _assert_dropped_requests(self, run) at tests/test_engine.py:278}","{Function _assert_dropped_requests(run) at tests/test_engine.py:279}","2","2"
"5a605969bdc102e0193ad15ccc571dc6164e5d26","CHANGE_SIGNATURE","{Function _assert_visited_urls(self, run) at tests/test_engine.py:247}","{Function _assert_visited_urls(run) at tests/test_engine.py:248}","14","14"
"5a605969bdc102e0193ad15ccc571dc6164e5d26","RENAME","{Function setUp(self) at tests/test_cmdline/__init__.py:16}","{Function setup_method(self) at tests/test_cmdline/__init__.py:15}","5","5"
"5a605969bdc102e0193ad15ccc571dc6164e5d26","INLINE","{Function setUp(self) at tests/test_commands.py:1144}","{Function setUp(self) at tests/test_commands.py:1123}","18","18"
"1843a4f75358a76fe8e4624f8f4dc26084d19b85","RENAME","{Function setUp(self) at tests/test_downloadermiddleware_httpcompression.py:55}","{Function setup_method(self) at tests/test_downloadermiddleware_httpcompression.py:55}","5","5"
"1843a4f75358a76fe8e4624f8f4dc26084d19b85","RENAME","{Function setUp(self) at tests/test_downloadermiddleware_stats.py:14}","{Function setup_method(self) at tests/test_downloadermiddleware_stats.py:12}","9","9"
"1843a4f75358a76fe8e4624f8f4dc26084d19b85","RENAME","{Function setUp(self) at tests/test_downloadermiddleware_retry.py:25}","{Function setup_method(self) at tests/test_downloadermiddleware_retry.py:24}","5","5"
"1843a4f75358a76fe8e4624f8f4dc26084d19b85","RENAME","{Function setUp(self) at tests/test_downloadermiddleware_ajaxcrawlable.py:13}","{Function setup_method(self) at tests/test_downloadermiddleware_ajaxcrawlable.py:11}","4","4"
"1843a4f75358a76fe8e4624f8f4dc26084d19b85","RENAME","{Function setUp(self) at tests/test_downloadermiddleware_httpcache.py:22}","{Function setup_method(self) at tests/test_downloadermiddleware_httpcache.py:21}","15","15"
"1843a4f75358a76fe8e4624f8f4dc26084d19b85","RENAME","{Function setUp(self) at tests/test_downloadermiddleware_cookies.py:63}","{Function setup_method(self) at tests/test_downloadermiddleware_cookies.py:62}","4","4"
"0c9200094e0764023cd34e72d4012f1c0450d8ad"
"d161d1d47d445272cba35ed81eec068ed4be8b1a","RENAME","{Function setUp(self) at tests/test_utils_log.py:206}","{Function setup_method(self) at tests/test_utils_log.py:205}","14","14"
"d161d1d47d445272cba35ed81eec068ed4be8b1a","RENAME","{Function test_converting_a_strange_object_should_raise_TypeError(self) at tests/test_utils_python.py:107}","{Function test_converting_a_strange_object_should_raise_type_error(self) at tests/test_utils_python.py:107}","3","3"
"d161d1d47d445272cba35ed81eec068ed4be8b1a","RENAME","{Function test_converting_a_strange_object_should_raise_TypeError(self) at tests/test_utils_python.py:89}","{Function test_converting_a_strange_object_should_raise_type_error(self) at tests/test_utils_python.py:89}","3","3"
"d161d1d47d445272cba35ed81eec068ed4be8b1a","RENAME","{Function setUp(self) at tests/test_utils_log.py:156}","{Function setup_method(self) at tests/test_utils_log.py:155}","9","9"
"d161d1d47d445272cba35ed81eec068ed4be8b1a","RENAME","{Function setUp(self) at tests/test_utils_log.py:75}","{Function setup_method(self) at tests/test_utils_log.py:74}","8","8"
"93c076047bf5e3169feb2c29aca24e71bab0f8f0"
"a5731c1944d8aa7b1921c543b7ad616ad131853e"
"87db3f2fd6f9d365208a69a0de31181f1ea70e43"
"8d92c28a16c78a1ca7531679488fbd979f308661"
"391af6afcca232aed82eda516b035dbbd39cdcb1","CHANGE_SIGNATURE","{Function _split_encodings(self, content_encoding) at scrapy/downloadermiddlewares/httpcompression.py:146}","{Function _split_encodings(content_encoding) at scrapy/downloadermiddlewares/httpcompression.py:149}","17","18"
"391af6afcca232aed82eda516b035dbbd39cdcb1","CHANGE_SIGNATURE","{Function _decode(self, body, encoding, max_size) at scrapy/downloadermiddlewares/httpcompression.py:164}","{Function _decode(body, encoding, max_size) at scrapy/downloadermiddlewares/httpcompression.py:169}","10","11"
"c200458f24a2e55dece5df5c22f39a0d1b4ff341"
"8c34e6d9a4994abda0059f76dbbdb64c2e8a9751"
"a898331d14f889c1d4860cf1a364ba28285090a4"
"7d5b189c1147e8aad632d4ef6759cc391d2017ac"
"ede9e9c3c3f9a9049fea2a6be0339b2c7434b8a1"
"d8978d405c32ee63375e09bf0b66b1e803da3d08"
"f041f26a6ff636b764d2bf584ddbc9b9e4334d1b"
"4e0a3087e4f4f2bc118d0f09b71e7440e78c42d7"
"2eb3c75c697685af595b08023b4dc27d49403274"
"9d35428770326a3e833a2720c4f641fa70b58d29"
"ba5df629a2004ca0d919d8b7f0a7f5725448e50a","INLINE","{Function setUp(self) at tests/test_downloader_handlers.py:1184}","{Function setUp(self) at tests/test_downloader_handlers.py:625}","5","22"
"ba5df629a2004ca0d919d8b7f0a7f5725448e50a","INLINE","{Function setUp(self) at tests/test_downloader_handlers_http2.py:234}","{Function setUp(self) at tests/test_downloader_handlers_http2.py:232}","13","13"
"ba5df629a2004ca0d919d8b7f0a7f5725448e50a","INLINE","{Function setUp(self) at tests/test_downloader_handlers_http2.py:234}","{Function setUp(self) at tests/test_downloader_handlers.py:625}","13","22"
"76a8badd24cea6509df24e070f7fc06f47ee9ac3"
"4842bcbf1da41029a604d1bf743d4dc893960d39"
"393ff96e45ffcb738bc9f8d3240cd4d999bd07df"
"df688910e0499b0a874d220fe00ed7355a70fce0"
"783b98dedaea65e0c6658d9d588328dd887c2c8a"
"1a0dfbd32e8d96299c4f0f3d16cb2d52a73de339"
"200d76afa96a78899faf9e2c30ef45273b71c600"
"0a80871c3a2b353d870e337715bbbeedf6bc216e","INLINE","{Function _parsed_url_args(parsed) at scrapy/core/downloader/webclient.py:25}","{Function _set_connection_attributes(self, request) at scrapy/core/downloader/webclient.py:115}","13","24"
"0d2d2892badb2b6f47c9b597564510871c7f1518"
"bc1aeeefc970fbd123699e0cb6d8486141bf8418"
"16b998f9ca8b928b03f9f8be659ac01d4f2f623f","MOVE","{Function test_setting_none(self) at tests/test_webclient.py:511}","{Function test_setting_none(self) at tests/test_core_downloader.py:114}","5","5"
"16b998f9ca8b928b03f9f8be659ac01d4f2f623f","MOVE","{Function test_direct_from_crawler(self) at tests/test_webclient.py:530}","{Function test_direct_from_crawler(self) at tests/test_core_downloader.py:135}","6","6"
"16b998f9ca8b928b03f9f8be659ac01d4f2f623f","MOVE","{Function test_direct_init(self) at tests/test_webclient.py:537}","{Function test_direct_init(self) at tests/test_core_downloader.py:143}","4","4"
"16b998f9ca8b928b03f9f8be659ac01d4f2f623f","MOVE","{Function setUp(self) at tests/test_webclient.py:444}","{Function setUp(self) at tests/test_core_downloader.py:54}","9","9"
"16b998f9ca8b928b03f9f8be659ac01d4f2f623f","MOVE","{Function test_setting_bad(self) at tests/test_webclient.py:517}","{Function test_setting_bad(self) at tests/test_core_downloader.py:120}","5","5"
"16b998f9ca8b928b03f9f8be659ac01d4f2f623f","MOVE","{Function test_setting_default(self) at tests/test_webclient.py:504}","{Function test_setting_default(self) at tests/test_core_downloader.py:107}","6","6"
"16b998f9ca8b928b03f9f8be659ac01d4f2f623f","MOVE","{Function _listen(self, site) at tests/test_webclient.py:433}","{Function _listen(self, site) at tests/test_core_downloader.py:43}","7","7"
"16b998f9ca8b928b03f9f8be659ac01d4f2f623f","MOVE","{Function getURL(self, path) at tests/test_webclient.py:441}","{Function getURL(self, path) at tests/test_core_downloader.py:51}","2","2"
"16b998f9ca8b928b03f9f8be659ac01d4f2f623f","MOVE","{Function test_setting_explicit(self) at tests/test_webclient.py:523}","{Function test_setting_explicit(self) at tests/test_core_downloader.py:127}","6","6"
"16b998f9ca8b928b03f9f8be659ac01d4f2f623f","MOVE","{Function _assert_factory_works(self, client_context_factory) at tests/test_webclient.py:496}","{Function _assert_factory_works(self, client_context_factory) at tests/test_core_downloader.py:97}","7","8"
"16b998f9ca8b928b03f9f8be659ac01d4f2f623f","MOVE","{Function tearDown(self) at tests/test_webclient.py:455}","{Function tearDown(self) at tests/test_core_downloader.py:65}","3","3"
"d27c6b46b11c2ceaa61b35372ad8a3c98185aa18"
"98a57e241879e1b56ef8bffeb8f85f868e91c1e9"
"cec0aeca58730b592bec50299414d4bf30fc9ec0"
"c03fb2abb8c354c56c4e8363fc602d49f956c280","CHANGE_SIGNATURE","{Function __init__(self, uri, project_id, acl) at scrapy/extensions/feedexport.py:279}","{Function __init__(self, uri, project_id, acl, feed_options) at scrapy/extensions/feedexport.py:279}","7","21"
"d4b152bbf64591317d2d7ec9dfed0746e7bdb8e1"
"7e61ff352439d3e5c85785fc26b5503e4fed67b8"
"9bc0029d27d8ed719e2cc2e9077a81450b995b96"
"14219b1fca86f2229d2b69455bdbb4eb952cf504"
"e0c828b7f665d8c82e17787996634bc072e416ae","MOVE","{Function maybe_skip_member(app, what, name, obj, skip, options) at docs/conf.py:318}","{Function maybe_skip_member(app, what, name, obj, skip, options) at docs/_ext/scrapyfixautodoc.py:10}","6","5"
"e0c828b7f665d8c82e17787996634bc072e416ae","MOVE","{Function setup(app) at docs/conf.py:314}","{Function setup(app) at docs/_ext/scrapyfixautodoc.py:17}","2","2"
"ee4f527f47111c18ddef0c2369c1dede7447a4e9"
"d7168577b859d15a15c2bcbc6c4f607a62be7478"
"ca345a3b73904ffd6d2e8ffb17c45ebb69639d26"
"1c1e83895c15dc491c6c133982cde22d778dcae6"
"98ba61256deceba7b04b938a97005258f4ef5c66"
"402500b164efc01257679247d3dd1628a5f90f5e"
"1fc91bb46262118c9ff7aa2b4719d880f727699f"
"3154b08e90d9777dfe2879b8686b6fc63a793c84"
"7dfbecd3924a0d7a9e555e9cc3618cdb06b5415d"
"59fcb9b93c4971602b4a4afd4afdf08db7a7f2b7"
"5d3aa80ad1f1dcd67a185158c6a7ceb53855eefd"
"4869315d102e2e92f50582ebc3aebdb82266f5b3"
"f2234c5b96d4069d6881aacb7007ba3d305dfb0e"
"4d31277bc67169460dc2d8bca80946df8b355b8f"
"176ae348c57a536d661ca1b469035e7e1ccbca6a"
"6ae5b9267145e5b01d282f766fa90d129eb40390"
"b10d46d280fbc84f7a1c50e116a1ed828aa286c9"
"dc706d4fc307f0b51d8122f10dee6ad8e2653629"
"b70443f2d06b1b0ad8c474fc5e8a424e363bdd81","CHANGE_SIGNATURE","{Function test_jmespath_not_available(my_json_page) at tests/test_selector.py:267}","{Function test_jmespath_not_available(self) at tests/test_selector.py:267}","9","9"
"b70443f2d06b1b0ad8c474fc5e8a424e363bdd81","CHANGE_SIGNATURE","{Function start_requests(s) at tests/test_contracts.py:520}","{Function start_requests(self_) at tests/test_contracts.py:520}","2","2"
"c87354cd46afdba35ca104a62b0c2bbfa6bd6f64"
"273620488ced7dd1a3c8a1c5022d17f0cc7f9496"
"f44ca39fa23f07c857a34309d79db6394c5faefb"
"838ff99f37d88214829018c6a7dd2a84fdb418b4"
"f7af7b282d6d3b36689cc192e6f78c065e32fb89"
"4a0c05749c72662bb82cdb01d9a0ef1ff6416b6a"
"cc484efd43b0f8ba0dc89904a7d38086775c44ae"
"c5ed0fd45cfcee15cf59eb92f40c12ca29ecc890"
"a195af304d2823cc686fd7354790e52239208d82"
"21b9ba717c1687a889879232f226c75fb4dbe0bf"
"7dd92e6e4341dc6d5ba70a20d7e89edb3a87fba9"
"c003fc0841367227aff3c2c1192fe60abbd1a458"
"1e4c81e9dce7dfc06c8ab1b89d85da32f0cb54de"
"c2832ed1316b25813870a3ef8ebc15473a35d82f"
"93644f2c30ee74a68584c9e4cdfd0827c2187d34"
"e7595837a60b896eb0efed4b452b0bdd62e8039f"
"897e124a27772b9a710f501954f50e3c66e27c79"
"802c67072cb1fb47c8f1033dd51cab557c72b6a4"
"5c2df5cf2aec8ea1ef25c066c08920a6adbd42ca"
"cde0845ab2ac390ad7671f50f52e7b6033d4bbc1"
"f4d8d6d8acf8ed26230c3c2b2b51425659de7105"
"ba30f64268c011387959e939032315b9462da638"
"0d7a5e760d5f7761fc819e788f24448349b4c129"
"d47f142d0ffff0e8f87eee67c4c0e7edbc71613e"
"d6bf1464b875d40be489568bede8e8319ff770c9"
"e53d6f09bc584f752200a11b686ec628b8c4c09d"
"c184f12ab5cb6239fc7b2f27ad75be45930dc871"
"5680bee968d91239da27fff00aa33a9d891f4109"
"cc146b9df7c6039ab0e0654b5844f5978e5bc565"
"4dcc04be48b5c9ed096e91bf2928f5e421ce2153"
"8c23da943c5e892515f4fa2eb57229839802010a"
"efb53aafdcaae058962c6189ddecb3dc62b02c31"
"b1f9e56693cd2000ddcea922306f726f3e9339af"
"10089c6fe2028b879f9f60e9598fa580ef6a3e33"
"feea3a0f67f8e6f32ae6452f485709db16146c5e"
"dc4d6d16ead45932a564ea37eef03da92714f5cf"
"bfcee452b0f90dc3c642604bb77cd37f22ac0af1"
"929d665a74333434c9cede7133ea4f0707dbf9a6"
"2ad5f0c12bfafc66fda6eb71790f447d2f7b8c13","EXTRACT_MOVE","{Function _from_settings(cls, settings, crawler) at scrapy/pipelines/images.py:130}","{Function _update_stores(cls, settings) at scrapy/pipelines/files.py:532}","37","23"
"2ad5f0c12bfafc66fda6eb71790f447d2f7b8c13","EXTRACT","{Function _from_settings(cls, settings, crawler) at scrapy/pipelines/files.py:515}","{Function _update_stores(cls, settings) at scrapy/pipelines/files.py:532}","37","23"
"6aa4d2b4ab28b8f657645de613295ea2498e8cee"
"28fafbb8c56257eb6f09b8cbcb919483d5b30a11","EXTRACT","{Function from_settings(cls, settings) at scrapy/pipelines/files.py:473}","{Function _from_settings(cls, settings, crawler) at scrapy/pipelines/files.py:503}","26","37"
"28fafbb8c56257eb6f09b8cbcb919483d5b30a11","CHANGE_SIGNATURE","{Function __init__(self, *args, **kwargs) at tests/test_pipeline_media.py:181}","{Function __init__(self, *args, crawler, **kwargs) at tests/test_pipeline_media.py:179}","3","3"
"28fafbb8c56257eb6f09b8cbcb919483d5b30a11","RENAME","{Function from_settings(cls, settings) at scrapy/pipelines/images.py:111}","{Function _from_settings(cls, settings, crawler) at scrapy/pipelines/images.py:117}","26","37"
"28fafbb8c56257eb6f09b8cbcb919483d5b30a11","CHANGE_SIGNATURE","{Function __init__(self, store_uri, download_func, settings) at scrapy/pipelines/files.py:441}","{Function __init__(self, store_uri, download_func, settings, crawler) at scrapy/pipelines/files.py:444}","30","34"
"28fafbb8c56257eb6f09b8cbcb919483d5b30a11","CHANGE_SIGNATURE","{Function __init__(self, store_uri, settings) at tests/test_pipeline_media.py:473}","{Function __init__(self, store_uri, settings, crawler) at tests/test_pipeline_media.py:488}","3","3"
"28fafbb8c56257eb6f09b8cbcb919483d5b30a11","CHANGE_SIGNATURE","{Function __init__(self, store_uri, download_func, settings) at scrapy/pipelines/images.py:62}","{Function __init__(self, store_uri, download_func, settings, crawler) at scrapy/pipelines/images.py:64}","47","51"
"28fafbb8c56257eb6f09b8cbcb919483d5b30a11","CHANGE_SIGNATURE","{Function __init__(self, download_func, settings) at scrapy/pipelines/media.py:73}","{Function __init__(self, download_func, settings, crawler) at scrapy/pipelines/media.py:75}","16","31"
"28fafbb8c56257eb6f09b8cbcb919483d5b30a11","EXTRACT","{Function from_crawler(cls, crawler) at scrapy/pipelines/media.py:113}","{Function _finish_init(self, crawler) at scrapy/pipelines/media.py:107}","10","8"
"261c4b61dc48353346c1e0387d0783ac15ab459d"
"8700a5b7a92582fb1dc2a8fad7e41aa79948258b"
"eda1a8a7c5b3b61aedd5fcc2e3950b7af28a2926","EXTRACT","{Function from_settings(cls, settings, crawler) at scrapy/middleware.py:67}","{Function _from_settings(cls, settings, crawler) at scrapy/middleware.py:80}","37","30"
"499e7e8aa685b2c8ba60576707e6fbf8ed8180ba","EXTRACT","{Function from_settings(cls, settings) at scrapy/spidermiddlewares/urllength.py:33}","{Function _from_settings(cls, settings) at scrapy/spidermiddlewares/urllength.py:48}","5","5"
"499e7e8aa685b2c8ba60576707e6fbf8ed8180ba","EXTRACT","{Function from_settings(cls, settings, fingerprinter) at scrapy/dupefilters.py:69}","{Function _from_settings(cls, settings, fingerprinter) at scrapy/dupefilters.py:102}","8","8"
"499e7e8aa685b2c8ba60576707e6fbf8ed8180ba","EXTRACT","{Function from_settings(cls, settings) at scrapy/mail.py:74}","{Function _from_settings(cls, settings) at scrapy/mail.py:90}","10","10"
"499e7e8aa685b2c8ba60576707e6fbf8ed8180ba","EXTRACT","{Function from_settings(cls, settings, method) at scrapy/core/downloader/contextfactory.py:66}","{Function _from_settings(cls, settings, method) at scrapy/core/downloader/contextfactory.py:92}","18","18"
"f796d8780c75543eadb6cf3689c7d0ca02896f0c"
"83d4939d41ab8790587f721755a74f883cc04e31"
"eda3a89b3fe3e88ed8b90d032a2f25b92a1b79ca","MOVE_RENAME","{Function build_from_settings(objcls, settings) at scrapy/utils/misc.py:199}","{Function _build_from_settings(objcls, settings) at scrapy/middleware.py:55}","18","10"
"b042ad255db139adc740cd97047b6607889f9f1c","CHANGE_SIGNATURE","{Function __init__(self) at tests/test_request_dict.py:194}","{Function __init__(self, **kwargs) at tests/test_request_dict.py:194}","2","3"
"dc3ebb6cf76daa1953418af5aae3b83ffc12d02a"
"2a4b7fe0f8b2e1ce8c43998aad503f2b0b68495b"
"b244ea7ac028e2aae69d7014a808d49fa26d7c6c"
"5862216bb1c4717b5f4eebe8c410ad8cef60c6d5"
"f57fc454beb4d7746002bb69457cf8add6cc3bcb","CHANGE_SIGNATURE","{Function test_skipped(meta, slot, throttle) at tests/test_extension_throttle.py:170}","{Function test_skipped(meta, slot) at tests/test_extension_throttle.py:173}","17","15"
"f57fc454beb4d7746002bb69457cf8add6cc3bcb","CHANGE_SIGNATURE","{Function __init__(self, concurrency, delay, randomize_delay, throttle) at scrapy/core/downloader/__init__.py:34}","{Function __init__(self, concurrency, delay, randomize_delay) at scrapy/core/downloader/__init__.py:34}","18","15"
"d2156696c45e023479ae1bdee8623bb6212e975c"
"e7f5ae0b34ef87503884967f8b6c031d3f213c3e"
"ce5a132f12341a4118edb7c8ae3b7c2a27306057"
"7701e590fbc5ac4d5da8512b07dc4e81e0d9c6c1"
"d85c39f5bcd728915fccece86f2b2e4ef37c0e53","CHANGE_SIGNATURE","{Function feed_process_params_from_cli(settings, output, output_format, overwrite_output) at scrapy/utils/conf.py:159}","{Function feed_process_params_from_cli(settings, output, overwrite_output) at scrapy/utils/conf.py:145}","81","53"
"d85c39f5bcd728915fccece86f2b2e4ef37c0e53","RENAME","{Function test_get_images_new(self) at tests/test_pipeline_images.py:162}","{Function test_get_images(self) at tests/test_pipeline_images.py:157}","25","25"
"d85c39f5bcd728915fccece86f2b2e4ef37c0e53","RENAME","{Function test_convert_image_new(self) at tests/test_pipeline_images.py:281}","{Function test_convert_image(self) at tests/test_pipeline_images.py:183}","33","32"
"d85c39f5bcd728915fccece86f2b2e4ef37c0e53","CHANGE_SIGNATURE","{Function build_component_list(compdict, custom, convert) at scrapy/utils/conf.py:22}","{Function build_component_list(compdict, convert) at scrapy/utils/conf.py:21}","57","44"
"d2bdbad8c8cc5e5b4b9d3a79c94e2411a44e94be"
"12b087b0f23d91a16c7382baeba96d5bf32ab946"
"65ecd5d5287491cb0c44541252a127144438da01"
"5bbf8124ac6785b824b005ad1380039c963c2af1"
"fcb5ab6cffa8cec7c731bbd81419635fa2f2ece0"
"0523e1616d32182499a2dcd3fb98b38bd3c74041"
"d10c58ff38b88bf1cb67503645e9cb00a59d970f"
"04d0411bf7538ebe8e81771ecf9c6792c71c863b"
"677e9772070ec8a92033f66dff45d7c421763203"
"5759b3f0f2b0a45588e7ae7cd455ee5e7d4f531c","INLINE","{Function allowed(self, url, user_agent) at scrapy/robotstxt.py:146}","{Function allowed(self, url, user_agent) at scrapy/robotstxt.py:106}","4","4"
"7e07d48cc5bfb4e07e1319334884ab420a2616c0"
"7196a11f5321d05b79c9dedc29398a200d00c911"
"c9095ef927bc42e8f23c5d02c05a7b918f7aa5bf"
"c8e87ab21a216c546baa797b9a4e6fe27751a4d3"
"f65e64a7243d725d35bbf86ca6f5ae4c350dbcc5"
"9bd5e5bcdbad47aee3e5d141c74e5d029502904c"
"53916630723a86277836053e1c54fe50655f0bd5"
"5ef54741729739e9a161d80e74d0076dfdb973cc"
"87651fdf47403767b5b79f075237e7351ba4853b"
"29bb8692841491db388d4fa71f28b453a79bdab9"
"df6c51af0f518724151b69bd2d958a0c3fb18ff3"
"8c133fcf7e4f19d55d60dc6a090d75dab6db1a72"
"46cddc6ecfbe9a0750676143ef789acf6c2e637d"
"e139d22db9f3becc0a7e19e79daa1da3bb65383f"
"ee9ee2d12d386764044ac7c73f5062548bd1157d"
"b3f562d6a5265a7879a9dde3a3dde231bb3970c7"
"f260f819e0794708868ed447ae154caa74d965f7"
"67ab8d4650c1e9212c9508803c7b5265e166cbaa","EXTRACT","{Function _genspider(self, module, name, url, template_name, template_file) at scrapy/commands/genspider.py:119}","{Function _generate_template_variables(self, module, name, url, template_name) at scrapy/commands/genspider.py:119}","36","17"
"ddbdfeb699a2308ca600781b2d1549cbee62725c"
"3c2a9fa262dd3e63acc58c8f0a2f91cf65c33bc4"
"f68f29dd1361f427be151b09c99068b292275923"
"b85e5a66ede0a2255b335ee4869836e9d30c580a"
"6ce0342beb1a5b588f353e52fe03d5e0ec84d938","EXTRACT","{Function _process_spidermw_output(self, output, request, response, spider) at scrapy/core/scraper.py:310}","{Function start_itemproc(self, item, response) at scrapy/core/scraper.py:332}","25","12"
"5794071f9679c89ef4ee75e8a627274b2464b65b"
"c21c4a18509ec9657bfe6e6f99bd913bba7ea41d"
"af15bd1dadf74b1314b96b1c3b682b41207a1f52"
"70756fd57cff61a1806317127f7dfcd0e77bf1f0"
"b9ef1326a51140f70325609501265300fdac5e9b"
"03a15ced4f0a4284c75a917fdfb07c44b21f9ff2"
"e376c0b31a01cedd8a8c5c1ccd423d72ae1fb169"
"026d6065287e882c244d9b90e0c4fa5e873e29fe"
"9cdbcb4f63922f09194fab7d211ba297319b5135"
"5f0fad16f5d86134bcf72964f6e453541031eb06","CHANGE_SIGNATURE","{Function __init__(self, max_items, *args, **kwargs) at tests/spiders.py:287}","{Function __init__(self, max_items, max_requests, *args, **kwargs) at tests/spiders.py:287}","4","4"
"a40d5281cfb8fdaf7d7edce80d3addbddef897a6"
"3c9c1a31bcdcced96e87e299689aaa7be8f5bdee"
"435686830cbe86d14aa09c9259157695596be07f"
"129dbfa0bf1ad464ab6b50f3dee0da39853de6a1"
"8646d2ec7bc44ef96f5df015e03ff37ceb5554c0"
"59782d73088e46618d1c042e74ce5197e880536a"
"d6352f9f66f655f11332fe6c52ed71ebb2e55bf4","EXTRACT","{Function parse(self, response) at tests/spiders.py:342}","{Function parse(self, response) at tests/spiders.py:534}","6","2"
"a44818afeacc25cc5e05705bf8ae5804e0545c89"
"0b8604bb5d8bffbbd5c78783022965fa2606c131"
"ceedb026f8c8ccb049187baa14202f98b2a3a60c"
"d8ecd28c5557e27f42e00bd1223b457468ea2ea7"
"558b1d11d2f1e3063aba59d444fdb93d42a9ddb9"
"41e15e93e7459673e93ff2591462b47b7ae01566"
"96d6519b25a3d7b02e8efa1180f6f59e5244f977"
"e47110f9a5a16f0628e53e16b9cb5f6a4f9721d3","CHANGE_SIGNATURE","{Function _handle_store_success(self, f, logmsg, spider, slot_type) at scrapy/extensions/feedexport.py:623}","{Function _handle_store_success(self, result, logmsg, spider, slot_type) at scrapy/extensions/feedexport.py:623}","6","6"
"d08f559600f0bb45b916be158a06e033753d45f5"
"326e323e11a7f5fc760250be6eae23d0159f6429"
"13d3b1af470bbe7e82fda51017f0f72cb8eed9dd"
"3d8dbd5648406227c9b96736da62046b90c554e5"
"1ef9c337cad36ac6c80eab86622f8ae9fc8d1075"
"1c70d3e60555084b4bec9dfd794adb93b24b2171"
"a617e04d2eb89b64f15df7a6a0326bfaf57f8dde"
"d13219062500eae1a6d5330ceea3502590cd89cb"
"a364560fadbbc0dd7cca78670bbd9d3c00d4d366"
"365c9e62ad9e99725eb1898cbd2806c63105cd58"
"1282ddf8f77299edf613679c2ee0b606e96808ce","CHANGE_SIGNATURE","{Function download_func(**kwargs) at tests/test_downloadermiddleware.py:39}","{Function download_func(request, spider) at tests/test_downloadermiddleware.py:39}","2","2"
"ddc98fe91b454a0944a8558daa2000da08921b62"
"ed3a7acaf3169ed6b9f9ffbcffed35db63d840f7"
"23b1214e901961057bf43a5fb2548b35dfe19b20"
"144ff6c756fa58da2bc1a85879aa6f89300030d1"
"feb0b8f7dcb78c3df012085f00b992a7fac81f7a"
"480a11b68bee19162cc0da59e9bed42b29bc9cfe"
"262c10d85bd34732b0c692bdc8d16375d83a178f"
"de146ad7cef9e3478290be021129979f69fc6d03"
"2e214210f6707181a863dbceabf2d34e767396cb"
"3f76853bd27d84f53ebaaa97cb819e8a29195a89"
"e56b425198bfe3e86f2c578e7bc1f2988c7d3ec9","CHANGE_SIGNATURE","{Function __init__(self, *args, **kwargs) at scrapy/pipelines/images.py:43}","{Function __init__(self) at scrapy/pipelines/images.py:56}","7","7"
"492c3bce9dfc6cccdad8fc7002db4bec49cfcb35"
"019f23e3b75a0a481a4fcc22dc93c867ce424b18"
"859a77ee4243f17f338072e45785383f12516308"
"751c91e614b91827dc68cd462b907c4b9d03f071"
"70c56faf4847406de6eb3594758c5531610757e8"
"4164e63725dc19bc8585abbfb0e5009f8eceefcc"
"98c755e5fbc005083a5fde810476f2de610bf912"
"da42e8f124362a5087c50bca7f76dcc573e8194a"
"b4293e8f9efac5046f92e4ebfd744be443b858b0","CHANGE_SIGNATURE","{Function __init__(self, item, selector, response, parent, **context) at scrapy/loader/__init__.py:85}","{Function __init__(self, item, selector, response, parent) at scrapy/loader/__init__.py:88}","8","15"
"b4293e8f9efac5046f92e4ebfd744be443b858b0","CHANGE_SIGNATURE","{Function __init__(self, *args, **kwargs) at scrapy/utils/datatypes.py:113}","{Function __init__(self) at scrapy/utils/datatypes.py:113}","3","3"
"62a028b99dc73b8ddddd37f986780a5a070f2938"
"0d58af86971ba54bfc1feffa88fc564ffba650f4"
"1be8aee09c3fe532d42be9b22cae914f29c11f2e"
"5755e224d5f29b1d6b8b9caca1e208e84ae00822"
"e6e9fd75db251c274df37b0493e0305473fa6536"
"42347de53f8704c835cd0c25290245d73355d6f5"
"d9b5538e3c758d9835fd97a0a60ab2dff810e984"
"cadb0dd707fc54670cb0eab06f0af65dcaa99354","CHANGE_SIGNATURE","{Function media_to_download(self, request, info) at tests/test_pipeline_media.py:400}","{Function media_to_download(self, request, info, item) at tests/test_pipeline_media.py:186}","3","5"
"cadb0dd707fc54670cb0eab06f0af65dcaa99354","CHANGE_SIGNATURE","{Function file_path(self, request, response, info) at tests/test_pipeline_media.py:412}","{Function file_path(self, request, response, info, item) at tests/test_pipeline_media.py:50}","3","2"
"cadb0dd707fc54670cb0eab06f0af65dcaa99354","CHANGE_SIGNATURE","{Function media_downloaded(self, response, request, info) at tests/test_pipeline_media.py:404}","{Function media_downloaded(self, response, request, info, item) at tests/test_pipeline_media.py:196}","3","3"
"986d1ee1dd5b2efba0f787af8ee510450b4af3b4"
"9ba4dd311dd9d2a5341ee9c0c6d1b50eb44ac406"
"6cd085785028d97393f26e6fee22e6c03e5c90a8"
"2facdd4fb08ec3edaf1752047dd86d5b565621a1"
"62c89aaf056687091235bb846ac565f7c801c359"
"8ec67ca230a69effb2e0442fb2a6c06cd6c92adf"
"17e623cf0cfb5c695c43ceb069026d44cb28ca21"
"9d5a0d287b69a69fe34cbe3130438fb36f1f3441"
"e143dc795228424fa98cb40e17b9993617ae61ae"
"3f66b66e3f645393dbb263a1ec7ab04bdabd74b4"
"dc6a495fee41949d50178b9e46d6f41e83425ca2"
"8210fae25a9d812447df617155001b9861e0d834"
"e676cd3ce0d488f56498b766912725066bcee4d9"
"04bc1e6e2a51e874cc6d676ccb111b0793e2776e"
"b6d3d9076fe4c089a278e0a18bd05f1c0796418f"
"534a66e9548142a71b118c82e328a08c6e0350b4"
"b99526b740890e63f1d05074b3e358a9ae59b77f","CHANGE_SIGNATURE","{Function __init__(self, method, *args) at scrapy/contracts/__init__.py:19}","{Function __init__(self, method) at scrapy/contracts/__init__.py:33}","4","4"
"b99526b740890e63f1d05074b3e358a9ae59b77f","CHANGE_SIGNATURE","{Function wrapper(response, **cb_kwargs) at scrapy/contracts/__init__.py:57}","{Function wrapper(response) at scrapy/contracts/__init__.py:73}","17","17"
"b99526b740890e63f1d05074b3e358a9ae59b77f","CHANGE_SIGNATURE","{Function wrapper(response, **cb_kwargs) at scrapy/contracts/__init__.py:29}","{Function wrapper(response) at scrapy/contracts/__init__.py:44}","18","18"
"b99526b740890e63f1d05074b3e358a9ae59b77f","CHANGE_SIGNATURE","{Function __init__(self, *args, **kwargs) at scrapy/contracts/default.py:58}","{Function __init__(self) at scrapy/contracts/default.py:59}","19","19"
"b99526b740890e63f1d05074b3e358a9ae59b77f","CHANGE_SIGNATURE","{Function cb_wrapper(response, **cb_kwargs) at scrapy/contracts/__init__.py:164}","{Function cb_wrapper(response) at scrapy/contracts/__init__.py:189}","7","7"
"631fc65fadb874629787ae5f7fdd876b9ec96a29"
"812fd2368f705d033f5f39c152130b12a0fe9b1e"
"d2f1e00a6afa46c26a334a24217d5bf605bab9fb","CHANGE_SIGNATURE","{Function _set_proxy_and_creds(self, request, proxy_url, creds) at scrapy/downloadermiddlewares/httpproxy.py:80}","{Function _set_proxy_and_creds(self, request, proxy_url, creds, scheme) at scrapy/downloadermiddlewares/httpproxy.py:81}","20","26"
"d2f1e00a6afa46c26a334a24217d5bf605bab9fb","EXTRACT","{Function _body(self, interval, url) at tests/test_downloadermiddleware_redirect.py:288}","{Function meta_refresh_body(url, interval) at tests/test_downloadermiddleware_redirect.py:1197}","3","3"
"d2f1e00a6afa46c26a334a24217d5bf605bab9fb","RENAME","{Function test_redirect_302(self) at tests/test_downloadermiddleware_redirect.py:73}","{Function test_post(self) at tests/test_downloadermiddleware_redirect.py:43}","26","22"
"d2f1e00a6afa46c26a334a24217d5bf605bab9fb","EXTRACT","{Function test_redirect_urls(self) at tests/test_downloadermiddleware_redirect.py:161}","{Function get_response(self, request, location, status) at tests/test_downloadermiddleware_redirect.py:1035}","22","3"
"d2f1e00a6afa46c26a334a24217d5bf605bab9fb","EXTRACT","{Function test_ttl(self) at tests/test_downloadermiddleware_redirect.py:146}","{Function get_response(self, request, location, status) at tests/test_downloadermiddleware_redirect.py:1035}","14","3"
"d2f1e00a6afa46c26a334a24217d5bf605bab9fb","EXTRACT","{Function test_priority_adjust(self) at tests/test_downloadermiddleware_redirect.py:19}","{Function get_response(self, request, location, status) at tests/test_downloadermiddleware_redirect.py:1035}","7","3"
"d2f1e00a6afa46c26a334a24217d5bf605bab9fb","EXTRACT","{Function test_redirect_302(self) at tests/test_downloadermiddleware_redirect.py:73}","{Function get_response(self, request, location, status) at tests/test_downloadermiddleware_redirect.py:1035}","26","3"
"d2f1e00a6afa46c26a334a24217d5bf605bab9fb","EXTRACT","{Function test_redirect_reasons(self) at tests/test_downloadermiddleware_redirect.py:184}","{Function get_response(self, request, location, status) at tests/test_downloadermiddleware_redirect.py:1035}","17","3"
"d2f1e00a6afa46c26a334a24217d5bf605bab9fb","EXTRACT","{Function test_dont_redirect(self) at tests/test_downloadermiddleware_redirect.py:55}","{Function get_response(self, request, location, status) at tests/test_downloadermiddleware_redirect.py:1035}","17","3"
"d2f1e00a6afa46c26a334a24217d5bf605bab9fb","EXTRACT","{Function test_max_redirect_times(self) at tests/test_downloadermiddleware_redirect.py:131}","{Function get_response(self, request, location, status) at tests/test_downloadermiddleware_redirect.py:1035}","14","3"
"b88f22c6c5de4ca8828b2abe860516c2468c4fe3","EXTRACT","{Function parse(self, response) at tests/spiders.py:319}","{Function parse(self, response) at tests/spiders.py:517}","6","2"
"b88f22c6c5de4ca8828b2abe860516c2468c4fe3","EXTRACT","{Function parse(self, response) at tests/spiders.py:303}","{Function parse(self, response) at tests/spiders.py:517}","3","2"
"b8e333c8ce78c195e265fa453e7bc0b11c5ca4af","CHANGE_SIGNATURE","{Function __init__(self, *a, **kw) at scrapy/spiders/sitemap.py:41}","{Function __init__(self) at scrapy/spiders/sitemap.py:55}","8","8"
"b8e333c8ce78c195e265fa453e7bc0b11c5ca4af","CHANGE_SIGNATURE","{Function _callback(self, response, **cb_kwargs) at scrapy/spiders/crawl.py:112}","{Function _callback(self, response) at scrapy/spiders/crawl.py:151}","5","8"
"b8e333c8ce78c195e265fa453e7bc0b11c5ca4af","CHANGE_SIGNATURE","{Function __init__(self, *a, **kw) at scrapy/spiders/crawl.py:71}","{Function __init__(self) at scrapy/spiders/crawl.py:110}","3","3"
"b8e333c8ce78c195e265fa453e7bc0b11c5ca4af","CHANGE_SIGNATURE","{Function _parse(self, response, **kwargs) at scrapy/spiders/crawl.py:75}","{Function _parse(self, response) at scrapy/spiders/crawl.py:114}","7","7"
"b8e333c8ce78c195e265fa453e7bc0b11c5ca4af","CHANGE_SIGNATURE","{Function parse_start_url(self, response, **kwargs) at scrapy/spiders/crawl.py:83}","{Function parse_start_url(self, response) at scrapy/spiders/crawl.py:122}","2","2"
"b8e333c8ce78c195e265fa453e7bc0b11c5ca4af","CHANGE_SIGNATURE","{Function _parse(self, response, **kwargs) at scrapy/spiders/feed.py:64}","{Function _parse(self, response) at scrapy/spiders/feed.py:69}","21","26"
"b8e333c8ce78c195e265fa453e7bc0b11c5ca4af","CHANGE_SIGNATURE","{Function _parse(self, response, **kwargs) at scrapy/spiders/feed.py:138}","{Function _parse(self, response) at scrapy/spiders/feed.py:150}","7","7"
"b8e333c8ce78c195e265fa453e7bc0b11c5ca4af","CHANGE_SIGNATURE","{Function from_crawler(cls, crawler, *args, **kwargs) at scrapy/spiders/crawl.py:149}","{Function from_crawler(cls, crawler) at scrapy/spiders/crawl.py:201}","6","6"
"4ed5c5ae91318768efa338680df67337ed0f67fd"
"93f06285309bd46e96fd147bf41e564c94b5bf2b"
"c9ef5209365bb820ba8f2a3cd9df9fdeca0c9591","RENAME","{Function _get_slot_key(self, request, spider) at tests/test_scheduler.py:28}","{Function get_slot_key(self, request) at tests/test_scheduler.py:28}","5","5"
"c9ef5209365bb820ba8f2a3cd9df9fdeca0c9591","EXTRACT","{Function _get_slot_key(self, request, spider) at scrapy/core/downloader/__init__.py:146}","{Function get_slot_key(self, request) at scrapy/core/downloader/__init__.py:148}","9","9"
"ae7bb849f50af0b91eea4f022d93ad201e545c06"
"fe163d98ea81b4aff82bb9b194c4b0268c44f1db"
"2e13a9b8e19ae1c0f595435d7d3ce096c3b29ced"
"3590a1f66b30edfc836b95bbd0a3611eee9371e2"
"180bc9bad7aceb3a9e10c1411212914bc32fb721"
"6bbfb537f9f1ba5dd1c51fc860022adb1d326117"
"a828da98c3834ae70a1258278890485803ac7a5c"
"045387e07faba4a18ecff919457d69938e89b710","CHANGE_SIGNATURE","{Function processProxyResponse(self, rcvd_bytes) at scrapy/core/downloader/handlers/http11.py:153}","{Function processProxyResponse(self, data) at scrapy/core/downloader/handlers/http11.py:158}","36","38"
"af3e38ab1f3dc7095ae27f572cbde0ea652d7664"
"e8e13ebb78dd1d2db425b285335f31dba7c1fd39"
"ec4d40702227f5486c184de9439da4896121a33b","CHANGE_SIGNATURE","{Function from_crawler(cls, crawler, **kwargs) at scrapy/core/downloader/handlers/s3.py:68}","{Function from_crawler(cls, crawler) at scrapy/core/downloader/handlers/s3.py:74}","2","2"
"ec4d40702227f5486c184de9439da4896121a33b","CHANGE_SIGNATURE","{Function __init__(self, settings, crawler, aws_access_key_id, aws_secret_access_key, aws_session_token, httpdownloadhandler, **kw) at scrapy/core/downloader/handlers/s3.py:17}","{Function __init__(self, settings, crawler, aws_access_key_id, aws_secret_access_key, aws_session_token, httpdownloadhandler) at scrapy/core/downloader/handlers/s3.py:21}","49","51"
"c4d2748ff572adad8150f1bc09b2d52e61d9dfc8"
"2cba7896d26dda51ff2e598300363531ebd328b8"
"aa025d7eacb461ccb0c724584532d402bb400bd1"
"40e4a5960477299e36a0f7363db4a3c03576f64e"
"4b47a5dc32232431494b38f3a1d9ddb3dbaa6247"
"c76dfc383f34514a5a2841d2e32ac4e0c8c751a3","CHANGE_SIGNATURE","{Function _extract_links(self, *args, **kwargs) at scrapy/linkextractors/lxmlhtml.py:227}","{Function _extract_links(self) at scrapy/linkextractors/lxmlhtml.py:250}","2","2"
"c76dfc383f34514a5a2841d2e32ac4e0c8c751a3","EXTRACT","{Function __init__(self, allow, deny, allow_domains, deny_domains, restrict_xpaths, tags, attrs, canonicalize, unique, process_value, deny_extensions, restrict_css, strip, restrict_text) at scrapy/linkextractors/lxmlhtml.py:133}","{Function _compile_regexes(value) at scrapy/linkextractors/lxmlhtml.py:200}","49","5"
"8a08283580176049cb539423795830b9faea91a9"
"1f394306e14ccab9d14ffb9adc64a7c5c08d9af6"
"bd0d4cee885744c7ea38185ec42f0137e7632b79"
"203fa9667fb69f6251c0a44b14cf0450ce769a32"
"5f7fd2a653407da3eb3e53c853209d9bfb6b275f","CHANGE_SIGNATURE","{Function from_crawler(cls, crawler, key, *args, **kwargs) at scrapy/squeues.py:64}","{Function from_crawler(cls, crawler, key) at scrapy/squeues.py:80}","2","4"
"5f7fd2a653407da3eb3e53c853209d9bfb6b275f","CHANGE_SIGNATURE","{Function from_crawler(cls, crawler, *args, **kwargs) at scrapy/squeues.py:95}","{Function from_crawler(cls, crawler) at scrapy/squeues.py:115}","2","2"
"5f7fd2a653407da3eb3e53c853209d9bfb6b275f","CHANGE_SIGNATURE","{Function __init__(self, path, *args, **kwargs) at scrapy/squeues.py:18}","{Function __init__(self, path) at scrapy/squeues.py:26}","5","5"
"b749db92e5b15c974b0d77280c22b63000ad4263"
"ad35ffdb0da052d0df194ce5dc1ba7e8d823190f"
"21fa0761818c158ae9fc35b49ea8d2300f0fa510"
"0c8e21b8acfcac2d6d057f3c67b2252d0fa660e3","EXTRACT","{Function push(self, request) at scrapy/pqueues.py:202}","{Function push(self, request) at scrapy/pqueues.py:262}","6","6"
"0c8e21b8acfcac2d6d057f3c67b2252d0fa660e3","EXTRACT","{Function pop(self) at scrapy/pqueues.py:189}","{Function pop(self) at scrapy/pqueues.py:249}","12","12"
"0c8e21b8acfcac2d6d057f3c67b2252d0fa660e3","EXTRACT","{Function close(self) at scrapy/pqueues.py:223}","{Function close(self) at scrapy/pqueues.py:283}","4","4"
"38020e0b0481d2b15792757669272d6d3bf4b14f"
"08a265b6ff9bc47774173238b06715154b39e534"
"fc1a83e7c42dc5142eb9190fdca887385254a7a6","CHANGE_SIGNATURE","{Function __init__(self, *args, **kwargs) at scrapy/item.py:72}","{Function __init__(self) at scrapy/item.py:80}","5","5"
"9eea22fb0ca99193b7f38f9f9398b278d64ea977","CHANGE_SIGNATURE","{Function _run_print_help(parser, func, *a, **kw) at scrapy/cmdline.py:112}","{Function _run_print_help(parser, func) at scrapy/cmdline.py:123}","9","11"
"d7da298e0637d105dcec379f6cbb3196e752ae72","CHANGE_SIGNATURE","{Function build_from_crawler(objcls, crawler, *args, **kwargs) at scrapy/utils/misc.py:180}","{Function build_from_crawler(objcls, crawler) at scrapy/utils/misc.py:186}","19","21"
"d7da298e0637d105dcec379f6cbb3196e752ae72","CHANGE_SIGNATURE","{Function build_from_settings(objcls, settings, *args, **kwargs) at scrapy/utils/misc.py:201}","{Function build_from_settings(objcls, settings) at scrapy/utils/misc.py:209}","16","18"
"57acad3c38602f4399c307c2c002f9eddde97cbc","CHANGE_SIGNATURE","{Function build_instance(builder, *preargs) at scrapy/extensions/feedexport.py:643}","{Function build_instance(builder) at scrapy/extensions/feedexport.py:753}","4","6"
"57acad3c38602f4399c307c2c002f9eddde97cbc","CHANGE_SIGNATURE","{Function build_storage(builder, uri, *args, feed_options, preargs, **kwargs) at scrapy/extensions/feedexport.py:45}","{Function build_storage(builder, uri, feed_options, preargs) at scrapy/extensions/feedexport.py:75}","3","10"
"57acad3c38602f4399c307c2c002f9eddde97cbc","CHANGE_SIGNATURE","{Function _get_exporter(self, file, format, *args, **kwargs) at scrapy/extensions/feedexport.py:377}","{Function _get_exporter(self, file, format) at scrapy/extensions/feedexport.py:461}","2","4"
"57acad3c38602f4399c307c2c002f9eddde97cbc","CHANGE_SIGNATURE","{Function _get_instance(self, objcls, *args, **kwargs) at scrapy/extensions/feedexport.py:374}","{Function _get_instance(self, objcls) at scrapy/extensions/feedexport.py:456}","2","4"
"a166e9739962ec7cca8a655e5f20a18a1bce7d14"
"b1fe97dc6c8509d58b29c61cf7801eeee1b409a9"
"5f67c01d1d2cc8a0104361b0323d755e22ed93dc"
"1d11ea3a54607b436f9a88f07911902a4882f0e8"
"48c5a8c98f545e35708a580e724d0b8e1ada5e6e"
"7b37dcd80d3783d3a21ff524e572019ff2b9e0ed"
"f7bf3f726e3f19bf68b5e7e460f116850896eb42"
"8d917c0b55cbeebd284f7446ccc0f90af60729ac"
"4460d3ed9631f8409c24f78f1abb36345967b5d5"
"d7581c6b41e97fc09c011b089cf34ddd62f41876","CHANGE_SIGNATURE","{Function test_skipped(meta, slot) at tests/test_extension_throttle.py:169}","{Function test_skipped(meta, slot, throttle) at tests/test_extension_throttle.py:170}","15","17"
"d7581c6b41e97fc09c011b089cf34ddd62f41876","CHANGE_SIGNATURE","{Function __init__(self, concurrency, delay, randomize_delay) at scrapy/core/downloader/__init__.py:27}","{Function __init__(self, concurrency, delay, randomize_delay, throttle) at scrapy/core/downloader/__init__.py:27}","10","18"
"e72de11f55dc5f37d449385f20d2ce4c504914d2"
"188d9a8bb363ab3ff37dbb6020354afbc72ec02d"
"ab5ea32ffd9cbea22d0fb10ece5258cea207dd61"
"642af407049a5ce8e76b7999c68333670c8c8622"
"6e84648c0717642b069249225857019a87de54b9"
"421e08dd4a4d5ed2acf3cd0fca4c7bfa5a6d3eb2"
"8985a04bd1328cd6156a7c33a5db74ad8c81802f","CHANGE_SIGNATURE","{Function __init__(self, file, include_headers_line, join_multivalued, errors, **kwargs) at scrapy/exporters.py:214}","{Function __init__(self, file, include_headers_line, join_multivalued, errors) at scrapy/exporters.py:222}","23","23"
"8985a04bd1328cd6156a7c33a5db74ad8c81802f","CHANGE_SIGNATURE","{Function __init__(self, file, protocol, **kwargs) at scrapy/exporters.py:283}","{Function __init__(self, file, protocol) at scrapy/exporters.py:295}","4","4"
"8985a04bd1328cd6156a7c33a5db74ad8c81802f","CHANGE_SIGNATURE","{Function __init__(self, file, **kwargs) at scrapy/exporters.py:116}","{Function __init__(self, file) at scrapy/exporters.py:124}","13","13"
"8985a04bd1328cd6156a7c33a5db74ad8c81802f","CHANGE_SIGNATURE","{Function __init__(self, file, **kwargs) at scrapy/exporters.py:311}","{Function __init__(self, file) at scrapy/exporters.py:314}","3","3"
"8985a04bd1328cd6156a7c33a5db74ad8c81802f","CHANGE_SIGNATURE","{Function __init__(self, dont_fail, **kwargs) at scrapy/exporters.py:32}","{Function __init__(self, dont_fail) at scrapy/exporters.py:34}","3","3"
"8985a04bd1328cd6156a7c33a5db74ad8c81802f","CHANGE_SIGNATURE","{Function __init__(self, file, **kwargs) at scrapy/exporters.py:103}","{Function __init__(self, file) at scrapy/exporters.py:111}","5","5"
"8985a04bd1328cd6156a7c33a5db74ad8c81802f","CHANGE_SIGNATURE","{Function __init__(self, file, **kwargs) at scrapy/exporters.py:302}","{Function __init__(self, file) at scrapy/exporters.py:323}","3","3"
"8985a04bd1328cd6156a7c33a5db74ad8c81802f","CHANGE_SIGNATURE","{Function __init__(self, file, **kwargs) at scrapy/exporters.py:157}","{Function __init__(self, file) at scrapy/exporters.py:165}","7","7"
"6ecc9e0a34be6317d1b35a3ca1fc13cb98129732","CHANGE_SIGNATURE","{Function callback(response, **cb_kwargs) at scrapy/commands/parse.py:283}","{Function callback(response) at scrapy/commands/parse.py:341}","14","14"
"6ecc9e0a34be6317d1b35a3ca1fc13cb98129732","CHANGE_SIGNATURE","{Function fetch(self, request_or_url, spider, redirect, **kwargs) at scrapy/shell.py:103}","{Function fetch(self, request_or_url, spider, redirect) at scrapy/shell.py:120}","22","28"
"99f7165c63a8a2dba72090f65ba1093d476d669a"
"7be919138d84ec00feb80a78e13721dff998c10c"
"7f1fbdba3cc6f118cbf11285ed26e488f854aed1"
"532cd2eabd8b280e64a1087c49b8f5eb5f05530f"
