"Commit","RefactoringType","Before","After","BeforeLOC","AfterLOC"
"7674f989aa2d1387d3923f73809c125d2d5680de"
"37d9cfcd3ae5d1857838937d3403d16d227c05ba","RENAME","{Function isCommonJSGlobalLikeNotDefinedError at lib/internal/modules/esm/module_job.js:69}","{Function findCommonJSGlobalLikeNotDefinedError at lib/internal/modules/esm/module_job.js:69}","4","4"
"cbe02339b6c93b68b28bc380882ef7ed8add98b8"
"253b16fe14678bee22e524c239386358f6f3ea80"
"a00453561748427e0e2c85dece46fd1a6751f578"
"e77694631f1642c302f664703197b5aabc65b482"
"f65b0bc81a79a6068e594d1179c4c51680bfaa89"
"025ade69973cf078978280247c6dad294bf914d7"
"e8c9c43336d056804ccb513777da7d6dd27acb31"
"cb0eb58144c8dcf379776199b531be24ae125a11"
"a7805e2da86aba64d9afa9d7a5b74047b14cc3ce"
"861ef97bf1ea89769ffa21b98e8d1bfd84237c6b"
"4f5ab59b6dcdd7c755ac16c80fe66a2e5783fb68"
"746c3c2ec2eee4f33adde73c34364ed873cacffd"
"5879e9b257d4bae7da7b31d527250425c7abc7ab"
"987740399d9be32b450e1c6b1f74afd43be161ed"
"441027af47d840c46f6ad649569a1ffec1e0f94d"
"ecdf6a8c533d04b85595f5d053635f740d3c3d93"
"5b4b031da4b6aedb811d29602a89d436c559215e"
"470ef988f62e6148cbbbd31f7061cd214030a714"
"80e0779a8195a65c05ab7268031ddf15715be382"
"c14e4e4b3192dd6b0acb3965b1845d34c1f06659"
"75744b11cf0246c7ae09f4608b86e96891f9f7ac"
"b013e6e32d956641526459f771f194da25852c90"
"4ea921bdbf94c11e86ef6b53aa7425c6df42876a"
"6432765a9c13929e5be8aab8e01f76924c9fe3fe"
"8cfcf52db832bf7c8200470cc87a1159816a52e4"
"11813f9c75db3a8ae917481330627838f9cb5bac"
"fc85c7afd3340ed8bf2240e9106f4cb62657c2c0"
"09c4f6f41cc50f8e22fb84f547e3d4cf4e420c50"
"85852a3221b17f4d10d35e9abf94d676a81c3120"
"b9a1af95f871d4c749abd11d0c5b65b33a85cfe9"
"644fb8821be9cb47f138266cf6ef7298334c83fd"
"abe7de96efd5ccad9c552c9e1127d89639c21ff7"
"28142a6106298ac8c0041b3f385e0d941305286c"
"90ff75f4320f365751dde91f0c35377e2a41b6a4"
"f9f343fb8dda773b749db4dee00704f8bbe79c19"
"b1e941e7b2590d3d7fed76a9de5e467fd04d6da3"
"6f7f51b8f104dcebb96ac407b489719cc51e124a"
"94cd600542d7af9792db63d4643ac4b0adec7e4c"
"209a4fe8123848ffcf876ec5914c6114a3e0ded1"
"10837e33b0ec2730139f579f0af5ad1286f61cae"
"d0c102495a5958d2cce1b42ed9cd45eddbafac7f"
"6274eb78fb6ee0c216885c1f88d1b5acbf399dc4"
"6a1a3ba045ad7d8d46ca443c5bb73b172d6828c3"
"6a80d0558a421010051861fafc7c2b75d5c1cb92"
"e42c6c899d85b279832a7b72c3229b779ca31633"
"768f3ba32a3719070d1376341243e4cdf2383436"
"d1ab5ef4ba18e27388fc193126238dc771289428"
"7643c2a076a7f9e6262ef1813ec01f46c994f46b"
"3c92ee1008a30edaefd1e4b87e62b14edafd114f"
"d09c3ffb7ca85606d491e51ff15b11416a4f85a6"
"1b3a64deb454c24b0a20bb73f13759d97a25f9bf"
"01d5a38a6097a2d7423fc436ad8c96d8e4e0c3fe"
"1de8d7f21aaf64e5f210c00db5ff7bc5f04cacd1"
"08d966cb657d114db5b939a13f064f4517f35b42"
"bff6ea49b860a14817097e66fb6edd08e99434cb"
"ca5956cb7ab051be2a3ae6c0f99e5e446db40b9a"
"ce29481a527ea8f2f88f6dc9a609829b34bd647c"
"e825de8e02c29d8ec7a081da338c07f5ab329101"
"634dc26605ada74c9e44492e97a247e867da1abf"
"0392f0caea9f133cacc4be7a5967d6c2747a78bc"
"0177491df2f724e6e15bffb81e749fac4877577d"
"430db0d310ea4249b09020981f2f435a4a30fc0a"
"6706b22e350490d3e8e697377b5f388df9305aa0"
"9c2500295e88e26b1c70618ecd05770338762661"
"4451309e99e37da7d4b44b5fb136db1c6a1dea90"
"90980932a4c75d32f39d0afd31a41a8c2e01d796"
"23c58f01e561f86c8913da9f4f446231e4f84a19"
"7955ef126f651eadaa2b39fd3e3262d7dc388517"
"ae62b36d442b7bf987e85ae6e0df0f02cc1bb17f"
"bfc729cf197f732483ac6ad264fc9e289f47aa1e"
"1e7eb90b39f07303ac974dfd6680d737ae31a909"
"fc203b36f4930968f978a8d3c5248efc46a81595"
"4a4fdcf3900a024bea231c81443c24a1a8d5d571"
"411ce7ed2e426d374fff2df2171815cb4a3ebc5f"
"d539d6e99f30923fdd09b690d70cf7315a750e38"
"b011cc53eed3c732e45a9099544b77ad7962af86"
"bed8e2aa7480fa612599cb66b5741a01276d868e"
"8dc2bddbd5d0a3a25147c824d81074ace8e4fb1b"
"d255fc7baee0d7fd014627e00d095adb81dcd23b"
"7fe808572702711ca2abad3bc8adad3c0d89eb6b"
"482b1917276ef9b5c3fc9075f1c9b244856b553a"
"e8a5a82ca499e3a3ba818820a9539f919df842d5"
"342e87f74679f5c3f43632b9ad51a39fb77f36c7"
"4947af957f4f2dfa04a6150f079c280864180495"
"189a0a71de7ff3fdfdc670217c39d5b5fe8d5a98"
"aa948fdbd0120fdac704f2a38342dca4037f7cd8"
"1758b74829709cafe3bed7fbf8359a6dcd706ef1"
"49e56bfc55c9e77a77d232ec8a6ee84a432fa2d3"
"72dd0fa5cd1fa8b42e14cd69c15955145617fc30"
"dbe47043dd77fb882ab368576e3878a3037c2179"
"8b769cff609b390912cfd9e19ddc89e0d067fd9b"
"46dc5d7c9f3a0a8bbecd480e8f62122eeeafb850"
"7fd36886b4587b33d570abf6da820889f2131151"
"fb6b83c9eface51acad916cff365b98aa826f56a"
"45eeb6f88cabdaafcf5e6075c9721c43847db99f","INLINE","{Function calcDepFlagsStep at deps/npm/node_modules/@npmcli/arborist/lib/calc-dep-flags.js:20}","{Function calcDepFlags at deps/npm/node_modules/@npmcli/arborist/lib/calc-dep-flags.js:13}","67","89"
"93c25815eeb23bf18f64dfd517c1462766e1b3da"
"00a8377e5007532b204ebd63d85c406825267812"
"b8b4350ed3b73d225eb9e628d69151df56eaf298"
"d729bec97695c55b11b751038ec3c2b6e4ee174b"
"5e6ac7ede6bce266712c0818d9c30959b230ec83"
"07711379728708fd25de2d13c2d0cb78ddecbc4c"
"774e5647be8843f706c120459a582a4b7d542732"
"48f1934d5a9677b23dff11e6a57f647f19f45124"
"f65fc956d7638afb1aff1a2a56ce9166347a1a2a"
"284c9d9bf006a43951672613b04453e98e251d2e"
"81b53c5145a0e1f9b9edf32119800ef798400c28"
"93fc88036f98546f05091b244bcb806c8ddae1b3"
"36c1d0e01068a432c1b339cdda9734f21d5678b9"
"eb6cb5b8270bf55c53f22d1867c654c1d56e601f"
"934d90735ae36bc1bd362bf28f901d7b68c1176e"
"b5c9469d997f963fa87b2ebd2debdadc59094611"
"d4a282b30231d32d36e71c1f28d90e56ee4b9ea8"
"037a673b9b042ebdc454180a65ec46535c8be86f"
"0b6ae6df14ac7b6dbec4ad5c0473b63072d98cff"
"6c306b6986cab869deb7cc60610ac2ea7982084a"
"900d329ef5dd1f7d3e62e0213c850bbf7b1dbd89"
"8716146d5b21652eb529cde4c500be1a863389f2"
"adb40439ca97eb41d35f57a55564b22f0c6b0673"
"53d3044a522be09d73b9fc0529d5d3d9d0eb7169"
"b079fa0fb2f2b9657b4012f0b5b35938e29b7b64"
"6f35f89cced2e595f9339f390d29dc59743ff2fe"
"e72da8c7544727f90b857ba86b8c7755e631fe96"
"f3d50d417cf24b2d695d5e59b44d67d4d983617c"
"17fba608aeda5129c0a121b7318f306d42e59c17"
"0db1c6e88797bfb56c14cc95f737ac6e064ed2a5"
"33586d51ae28468ebb84a0c318a5bbc232a7b921"
"ecbc22dc3709290dcaadf634a28d8307a75952ee","RENAME","{Function mustCallAsync at test/parallel/test-http2-backpressure.js:49}","{Function mustCall at test/parallel/test-http2-backpressure.js:49}","5","5"
"42187494d3d4f5a2be1dbb530dbd9925b918a087"
"ac13246d6db5e43eeb4f0213e38f83fef3b0b331"
"ef6b8cc3c39c48da9459f2da449dbf121e249553"
"420b6277bdaa83d8e09840c4371ca23d618a36ec"
"4f1ab8cc260d2b8ef22c0a066176914c381acf25"
"6f0d104f9dcb6d9f39c43394b4175c58f12f80bb"
"61cf89cb35a37b16846102b8fcd2ff675180c84b"
"8131d386cc8e3f085f8f05062ede907319ded50f"
"2b83f003986e0b84b17296116a9c0776b3ee7e42"
"d4bc5b09716d0ca519af585efed2610d40be222c"
"3330e5caf13e7b96d8ca445ec152350504350b58"
"33b1574cbf65bc23de4a5e10b7725b0d1ecc46aa"
"1ce22dd4d642c24bc217ec329cca8e92f5e8e8dc"
"478a5e6287c4b36bcacbbf428d7e05647d4d269b"
"2271d2dc10bc6fb3525dc5dc2b874e5a98460e53"
"735ee27aa69a00b485756486467a48d659018a63"
"c4ca7d64793a8ed01464626a0a38a12533fc1356"
"2856475f3ea49b715da6cf6b6d53261d66124dce"
"597fc3a7f52a83a0f558d1ffc7fb511994c94cff","MOVE","{Function hasLength at test/fixtures/wpt/WebCryptoAPI/import_export/symmetric_importKey.https.any.js:62}","{Function hasLength at test/fixtures/wpt/WebCryptoAPI/import_export/symmetric_importKey.js:68}","3","3"
"597fc3a7f52a83a0f558d1ffc7fb511994c94cff","MOVE","{Function testEmptyUsages at test/fixtures/wpt/WebCryptoAPI/import_export/symmetric_importKey.https.any.js:96}","{Function testEmptyUsages at test/fixtures/wpt/WebCryptoAPI/import_export/symmetric_importKey.js:102}","11","11"
"597fc3a7f52a83a0f558d1ffc7fb511994c94cff","MOVE","{Function objectToString at test/fixtures/wpt/WebCryptoAPI/import_export/symmetric_importKey.https.any.js:190}","{Function objectToString at test/fixtures/wpt/WebCryptoAPI/import_export/symmetric_importKey.js:198}","33","33"
"597fc3a7f52a83a0f558d1ffc7fb511994c94cff","MOVE","{Function jwkData at test/fixtures/wpt/WebCryptoAPI/import_export/symmetric_importKey.https.any.js:151}","{Function jwkData at test/fixtures/wpt/WebCryptoAPI/import_export/symmetric_importKey.js:157}","13","15"
"597fc3a7f52a83a0f558d1ffc7fb511994c94cff","MOVE","{Function equalJwk at test/fixtures/wpt/WebCryptoAPI/import_export/symmetric_importKey.https.any.js:133}","{Function equalJwk at test/fixtures/wpt/WebCryptoAPI/import_export/symmetric_importKey.js:139}","16","16"
"597fc3a7f52a83a0f558d1ffc7fb511994c94cff","MOVE","{Function testFormat at test/fixtures/wpt/WebCryptoAPI/import_export/symmetric_importKey.https.any.js:68}","{Function testFormat at test/fixtures/wpt/WebCryptoAPI/import_export/symmetric_importKey.js:74}","25","25"
"597fc3a7f52a83a0f558d1ffc7fb511994c94cff","MOVE","{Function equalBuffers at test/fixtures/wpt/WebCryptoAPI/import_export/symmetric_importKey.https.any.js:113}","{Function equalBuffers at test/fixtures/wpt/WebCryptoAPI/import_export/symmetric_importKey.js:119}","16","16"
"597fc3a7f52a83a0f558d1ffc7fb511994c94cff","MOVE","{Function byteArrayToUnpaddedBase64 at test/fixtures/wpt/WebCryptoAPI/import_export/symmetric_importKey.https.any.js:166}","{Function byteArrayToUnpaddedBase64 at test/fixtures/wpt/WebCryptoAPI/import_export/symmetric_importKey.js:174}","9","9"
"597fc3a7f52a83a0f558d1ffc7fb511994c94cff","MOVE","{Function parameterString at test/fixtures/wpt/WebCryptoAPI/import_export/symmetric_importKey.https.any.js:177}","{Function parameterString at test/fixtures/wpt/WebCryptoAPI/import_export/symmetric_importKey.js:185}","11","11"
"2e944d7de111fb94aae1fe9509035eccf08b4bb7"
"44ed25a94b522797c8d3bea9d67be831de689161"
"4a868fd9c50ed7bb32a751211889643b1c2f94ff"
"af10a4ba8833b8d7e09124ee915ce44345f85e8c"
"fc32ac242bc1d1942e2ab07125d8687f6c2676eb"
"537df2eeb3a66d53c0c7cfd961ea70db75bd9c4a"
"9cbf4c9e43de434014f723f2d6ace63db4fa7e6b"
"49d6026fd1dc944c6b83c5817f90bf45ee959f41"
"da71ab68951836cb7c9e12f3e13697cdd30d63ea"
"9bc6ebb20a3c9fc4cb8123faca045bd5a3d09b01"
"d546e7fd0bc3cbb4bcc2baae6f3aa44d2e81a413"
"092a448ad0ff935bfe2c365216fa40b84a4781e0"
"8480f87375992478f590dd094a276a1fb7d179a0"
"bf5c6a8bd46b314145c1b1ae3e84169e8d2b21f9"
"b59af772dc767fac129011f48cd6ddd1841f3317"
"6494c7bcad9f47ba11e57ffc043324008f9eca56"
"72d719dc008aa09058b7433e7b9c1fdb92968e19"
"5e41e5228ac972c12290b054c0a151154fc330da"
"2243e58e43ba8cb900029c04486dbf1a656d2d23"
"4157964c42c826361b3765c75d46e900c46d7655"
"ecca2b0d6419462f7dd0b70ad5cbec4ed87eb247"
"7c8483a4e908949e78240bd24f73b10dc9b2bcbf"
"70b6bd8e19dee53680a208848d52389722a619b8"
"908c468828d225208373641338ad6692d599afa6"
"53379f370695378b1be07b452c4cf3a43edd4fcd","MOVE","{File regexp-modifiers.js at deps/v8/test/mjsunit/harmony/regexp-modifiers.js:1}","{File regexp-modifiers.js at deps/v8/test/mjsunit/regexp-modifiers.js:1}","71","76"
"c208ffc66bb9418ff026c4e3fa82e5b4387bd147"
"9079d3fd50c50d89d1718ca7953b2c19b238ee54"
"04a086a1f415491c7aae0d300afe08b9ed831109"
"275215f7bcdcba82ad3d4227ef65b3213de2fe7a"
"238899169f4822e2cd0ecb40146ef5918bf2046c"
"730aa36d906a6deaced04493b23fac0e4d32f989"
"b6dda31cadd45fa43d91fbfc50ee8bc1cd495a20"
"42d363205715ffa5a4a6d90f4be1311487053d65"
"c684789daad719c81f650960c27cc29fa0e5076c"
"cdc3ca8a7ed510f111f8a98874c828919a36f79b"
"22a3eb00e85e91b25359ae27a22fb886d0984bfa"
"96f7a2be44182ce622d2b6aa28a105a16d3c7470"
"ea1a240633b5834c0ba375d1c46e9d88c6997594","EXTRACT_MOVE","{Function testCreate at test/common/watch.js:141}","{Function assertTestOutput at test/common/watch.js:62}","19","9"
"ea1a240633b5834c0ba375d1c46e9d88c6997594","EXTRACT_MOVE","{Function testRename at test/common/watch.js:99}","{Function assertTestOutput at test/common/watch.js:62}","22","9"
"ea1a240633b5834c0ba375d1c46e9d88c6997594","EXTRACT","{Function testRunnerWatch at test/common/watch.js:56}","{Function assertTestOutput at test/common/watch.js:62}","110","9"
"ea1a240633b5834c0ba375d1c46e9d88c6997594","EXTRACT_MOVE","{Function testUpdate at test/common/watch.js:76}","{Function assertTestOutput at test/common/watch.js:62}","22","9"
"f1f6f3df848751a7ea2e19dd40b68ee07ae03fcc"
"57b4a315cee0d7d04efc74b8f6342715f08dedd7"
"12fad1bd7bf2d2256701eaa6d44a4b96da838fe7"
"baefd4d5e274bdccd2070b61ba12effad224612b"
"33f982e7ede58bda28abb3e703e04ea8eb8ef0e8"
"5e1ab9fffb8399fcc51ab1b592d0fffef4e418aa"
"408aba6190367d15c34d0437c60c480fe022852d"
"43eb6cb5819f08e35231c33fb2fc423f08543eb0"
"bd3a202133474a7498f8aa9141f197458c682959"
"8a76958005ad3923b50a8043bae0d483325f891a"
"5de368f5656866866ee39d444f398e1224f449d0"
"60b9aaa3a95f48dc7a10e5bfbec4071fe04048cd"
"38af5317b4c54a585f8899b2be7baeba1fe98bb7"
"b98ada27e7fe7f66c560fd5601ad243e1419b259"
"828cd8ae6ad7c949559268277353ad75c9f6c553"
"d13796978902e70a5b7e0ce25ab7b4cee9773d81"
"53ee03868fa7337b909490d4dc16551909f0bdf6"
"1d6a62662c0db75d70219451209149782185cd98","MOVE","{Function createImportMetaResolve at lib/internal/modules/esm/initialize_import_meta.js:21}","{Function createImportMetaResolve at lib/internal/modules/esm/loader.js:879}","31","31"
"b15070b5acb719b6223ae3e7115c214d6053db57"
"9f01ff29148f4db088442d0c1b3cd2fd3b0831ff"
"3dd26f32fb01a012f3d162b91e06ccc3770e3752"
"343689f975257853a8cc36bae33c1a1c0d706b42"
"b8e51e4cefce1556e56d6ed09ea757510998707a"
"887e3eca98afe6522e1d5098b938556fca36c463"
"8c32a71a7b9fc7755faf53887f0958378091c311"
"4e7f9c997d93d07a7d11ba7f2ed86a074e1f49fe"
"1727a8f1b2485ccf7468c4af21e083837f380488"
"6225189de90b64f374a8e93450c69e9c67cdccd8"
"b8e264d3c36d2935f9a8d0426e9c9bc014ae089f"
"ca9196980842c76eb4b95ab0c7a63c1af68c43ca"
"e9ef0a10f0b89f96b796c7175c0b8b56a6f11795"
"c94047dfda1999d455ad2d39cd947ca52c232c9f"
"8e5c80d108357b3897bc4ba486cbdf0bd9a6bfad"
"83c05d4304035222968cf00b10d609753b8a3784"
"622c3721bf61e0bda825bed821e316e19ba75eff"
"7c85846cd9859eab15214c38fae85a4eb6ecea98"
"572cc6fa558239504a935481e28f0152419aa131"
"2703db7985fd5b192d0c9b435b7f1633c7dda627"
"368eb4c430d8d72440fc42e59313b5bcab8cb127"
"ed6569c7538fed16356ae15fe218073e7c6bd18c"
"9495906f8b17d6db3b849a6bd8c8f2d2ef9ee09e"
"c2d14c15149bfed367eeb3857408cc1e7a1e2105"
"5f77aebdfb3ea4d60cda79045d29afb244d6bcb1"
"a78f7d9e02744074ef39d75024affe7d03e04b12"
"e72761fe5e855747012ba485df77c0e3da189b83"
"761d4f45af945c9e3c3517fa9f395a6ad56e84c8"
"525c4fb316a8074bea4e4aad358c3b376e99826c"
"b4b141377938dbc5705a20389e87f337991e3d87","MOVE","{Function m at test/parallel/test-perf-hooks-timerify.js:84}","{Function m at test/parallel/test-perf-hooks-timerify-multiple-wrapping.js:10}","1","1"
"fa9918e4120d126f333bcd796c2b8556811bf7a8"
"8511902b55c131f42ba9f3be135bbc16a75d6edf"
"76027d83e975c2d66d15ed2575b3718f45319ab2"
"cfa11ba893f5905840049b0bfe33653bbfd718a8"
"f4145f04518f6da697344029a963e24b95ef4276"
"53c4a39fec941e04150554fdd3e654b48f2e1b31"
"0b621d23e0004d96a15434511cc80164593c2e1c"
"71da1a849580e85a2f96392c8de1b08c94b68479"
"be60e4e3100a1f79f2c63512473f4f1f0b32236d"
"7d2bc5249b1e63bd39d6570eb2861771dfeec73a"
"36c082ba3d98510a6eeed3ff4ee180cfebdb7a7f"
"3a33ee3cf09a36f6c2456b053efa8d7f20728956"
"78a8b6f7acf2f8a86150b04cdd322822b703f5ce"
"c63e88e9a6bd69dbaf2985f99530dc0a9049d1b7"
"76d6be5fc5aedbf612bf73b5ce15ed29972d0043"
"c9578dc557ef767eb8204a9d0d7731a599213028","MOVE","{Function testFastPath at test/sequential/test-crypto-timing-safe-equal.js:101}","{Function testFastPath at test/sequential/test-crypto-timing-safe-equal-fast.js:17}","3","3"
"be3fc1f7296f831a49b7c538b503684c7c6ca7b8"
"ace8f6d60c13d32720411a2f7e37bf161557a919"
"641ec9bf45b2f7e410e4fb85888eeb4f85c24800"
"39b6424e49f619493a3969be65b4f73b70adf839"
"be971181b7b9e9f9545dede2980c3cc5d5f6f58f"
"7918e7d983685c3987b7b767855280241342162b"
"5ee587b4e87c8ec9c2786d4f62dea540b59c676f"
"645fbda860713f84bd8cc6673790afab58054b6c"
"7e6e7bd313fa4b77c087d8b6aa8a915b7c3b1c9d"
"4346c0f7a7fe67e4ed2d5c0bf7b5815957a8abf4"
"f9a83ffcd904a563bd74e27253fe265d36b1c03a"
"e40b9b98bb50e40de8996aac46e6c1fa2702df76"
"21b0fe4b28d2972fa96e535106e607666d33bc5b"
"48d0cd7fdcf24e14bf65eb4b2d0aa52c9eacb6eb"
"72c0fdf125314145e6ddef3543965ee63227542f"
"c2a4acb1008362b4ea533b9331a573ba7316d2e1"
"601208b671e0b4816ff5ebc601290569a6cdddd7"
"0de8425dc9d8926d543fe517843f31567a6b6154"
"c586449f0661534c5dbd16dc219f37871d4258cc"
"dbe45b767b0bb9c984206edd4ad0b5658d7c2fe4","RENAME","{Function TEST at test/internet/test-dns-any.js:84}","{Function test at test/internet/test-dns-any.js:86}","20","20"
"dbe45b767b0bb9c984206edd4ad0b5658d7c2fe4","RENAME","{Function TEST at test/internet/test-dns.js:42}","{Function test at test/internet/test-dns.js:42}","23","23"
"dbe45b767b0bb9c984206edd4ad0b5658d7c2fe4","RENAME","{Function TEST at test/internet/test-dns-ipv4.js:16}","{Function test at test/internet/test-dns-ipv4.js:16}","21","21"
"dbe45b767b0bb9c984206edd4ad0b5658d7c2fe4","RENAME","{Function TEST at test/internet/test-dns-ipv6.js:16}","{Function test at test/internet/test-dns-ipv6.js:16}","21","21"
"85ee01c8383aba458b0388c9908ed5d92185e4e2"
"2595dd52a79926141730e1c8c7c42e6b2ef8d9a5"
"8f66bec900e65479b03cb5715f17bcb68ea35a7f"
"24bebd01a72a30743a35d7c7c12c559a77464995"
"f46152fdb3ad0f9a81a199c2a933bc2b23833639"
"fa33ba3f76cc0bf3d4ab8eda11b45eb3b08626e2"
"e1e0830ae519765d7f0f941feb4f52b44a5adefc"
"3c248c35562389d13057927f11a90b1671cf85ca"
"3e31baeda6cf597ab3804dd8ca6f049a1d126940"
"943b1edb3cc2e4e34979ef27173f59674508d15f"
"2fb3c7eef595a7315aabf925ba3c1302566391d8"
"1bb853c9d9e9cea2575d8f3781fd7561e4d58213"
"684c3b31f066cb3506315f721070c11a9a788116"
"fbef1cf438ad27ce04d679aa3384e5e291d20474"
"0981426d3c37891fcf03a1bba5611bcd2cd5ba22"
"fdcf4d9454f050d199c49ff25f25d7bad133ff56"
"bdf03bfcd5420fa9d2ea824d6338080363cdf309"
"a556db4782e4a27914e998ce4e8ae008bdd281a3"
"515ca295fb78e2e335aced28c23e3551d17ae9dc"
"7d52d9c5cbf68b500ef614825c187ffe0f5083b2"
"8ea8d4ce838b848c366952db1c9605c9769807e3"
"3dba25fbd239f446ab1988ffbf6410de8fee1078"
"b470ba08e110c8eba7bff36eaaf6bcfca21396cc"
"88080944ce3d0942090d70fbaca33304880916c3"
"04e2d71323a27ed28c88be394314e494eb556801"
"646e19e2b4a97b70adfa5cd1d5328c69f831e32b"
"53e325ffd08286e65b387c7c82ff6b36e9bac513"
"66f19ddd18d0f18a079aaa1141d5c987bcceff8e"
"77a0a0fc6029cc9499559c2268095377f68b08ba"
"63f83408ee64c8295286a1de5e402b432ed2f303"
"dec0213c834607e7721ee250d8c46ef9cd112efe"
"4e9e5a183c3f918247942f7d187174d0888fa10a"
"79d0ed77e5dedf244db480e16c248b815b2a2d9f"
"f1d863417927127e9ba467dc13848295a2cfb81a"
"be0ecff7a7cdfc9c29a5882a034d2b780d8e2a50"
"fb3451512b20b2045a27288def45c30e8e1735bc"
"77d81979a3ec43ad74f6d462bfce32e90909b3ba"
"7c0995c21b33009339fb97e2257eba56617b6b48"
"028ad5e37d75f0eeee142a7091d26e1803f26a02"
"e0ca993514df0f48e4a714d70fb79f713e0530d5"
"1f6b681bf2a49b8d45453b53e866caa557367a27"
"cfbfc1b05080e7b46ae6c4ff89c2239d7c3eb7e0"
"51a57f2b3629e733773f1b9ade70c8abcee5eb8c","RENAME","{File test-performance-function.js at test/parallel/test-performance-function.js:1}","{File test-perf-hooks-timerify.js at test/parallel/test-perf-hooks-timerify.js:1}","151","155"
"51a57f2b3629e733773f1b9ade70c8abcee5eb8c","RENAME","{File test-performance-eventlooputil.js at test/parallel/test-performance-eventlooputil.js:1}","{File test-perf-hooks-eventlooputilization.js at test/parallel/test-perf-hooks-eventlooputilization.js:1}","114","117"
"4fe325d93de6eb58fcc74aee0e74ebdd1ea4e5b0"
"617622211f38b802fe9082da59a5b2246bedf1ed"
"d9cf867a9dad11b5aca34b4dd59a061efa3667f0"
"eea19fa03cccbd3c7f52b3a95970bd09875b4e4d"
"feac08e75041024bfb82ab9dcdf0b210c8492208"
"fd7b33e763e7dbad850573b20ad1dd5287acfa3c"
"1f2c9f82b70ada0b1e48c9842b9aea4ef86269fc"
"f7ca0ae765356e1e7c097249b6c5fd5a124f7acd"
"b9de5d0cb6f645755d757ee028f79b48e79d84cf"
"3c8c1efe1e7b13562d1da7d1b35f3c3fd6315165"
"27892ec461b2da401aca87c2a972e027a773006b"
"fb84f35fec81805349e856267e1a6e6ebe4f3a49"
"a7d9c49490f4bd6de663abd70471e39848124afd"
"9bfff20df433ec9643a644f2eac3cd1d52b10b95"
"ba7cdf4a92736389095f68143c8192b3e73b3584"
"790489c5a96d8981e999a49eab297f46fd6d70ab"
"7bc76d98950a8d0532a008f61b6c2f5f9e58a8a9"
"9be412f93d08dac32c4c8a85d59fda06790ee0bf"
"a347d44ed93bea9e24ccbaaa7b4eb73d9ded0e73"
"2bda7cbfb62778bd793fbceaa9a5a907c3d344be"
"62263572376cefa52761a7eb39fad4fcbfdbf37c"
"bfcf2f7a1592a42e1499d9416fb84d5d60f3adc0"
"5bd2152b89e06ca3a7ac74bc3810b72c43b959e9"
"a201250a56dd2fb22caeb640a6285fb5002d614a"
"ddbe1365ffb5544908fac7e9f622b7344167e485"
"b19525a33cc84033af4addd0f80acd4dc33ce0cf","MOVE_RENAME","{Class CustomizedModuleLoader at lib/internal/modules/esm/loader.js:914}","{Class AsyncLoaderHooksProxiedToLoaderHookWorker at lib/internal/modules/esm/hooks.js:818}","66","67"
"b19525a33cc84033af4addd0f80acd4dc33ce0cf","RENAME","{Function initializeESMLoader at lib/internal/process/pre_execution.js:646}","{Function setupVmModules at lib/internal/process/pre_execution.js:176}","16","14"
"b19525a33cc84033af4addd0f80acd4dc33ce0cf","RENAME","{Class HooksProxy at lib/internal/modules/esm/hooks.js:472}","{Class AsyncLoaderHookWorker at lib/internal/modules/esm/hooks.js:509}","175","175"
"b19525a33cc84033af4addd0f80acd4dc33ce0cf","RENAME","{Class Hooks at lib/internal/modules/esm/hooks.js:108}","{Class AsyncLoaderHooksOnLoaderHookWorker at lib/internal/modules/esm/hooks.js:139}","357","357"
"f819aec288eacd8f0750793045bcbc37e22b5572"
"1acd8df36ff61f1fd1f92bdb9a2d2a646ec8d071"
"de8386de4d16f7f481b7c89e2b5138fd949dc53d"
"710105bab5b8a369258b343f444d63058d39b79e"
"46f72577a427e24f2d7d4fedf7c02c665dde2b9a"
"39eb88eaa8273de0ca21087cbbb0b35fd19d07c2"
"ea3d14eadbc90b2b0c48192efa8f51116948c999"
"6e5f3b9fe1ffb47fb231d9288349a23efcefbb06"
"7bc0f245b4fc60174f4d53761ca566a9608ba4e4"
"91ab1101bcd22bac8542e8c680c35e627c52f5d0"
"6380fbb5ee99fb9b6ccc553a6651f9e4ca3c743a"
"c2843b722ca161692c6848e19d375f35b7a08c60","EXTRACT_MOVE","{Function test_variable_proxy_eval at deps/v8/test/mjsunit/ignition/optimize-proto-assign-seq.js:299}","{Function foo at deps/v8/test/mjsunit/opt-proto-seq/test_different_left_most_var.js:14}","19","1"
"c2843b722ca161692c6848e19d375f35b7a08c60","MOVE","{File unregister-after-cleanup.js at deps/v8/test/mjsunit/harmony/weakrefs/unregister-after-cleanup.js:1}","{File unregister-after-cleanup.js at deps/v8/test/mjsunit/weakrefs/unregister-after-cleanup.js:1}","50","50"
"c2843b722ca161692c6848e19d375f35b7a08c60","MOVE","{File cleanup-is-not-a-microtask.js at deps/v8/test/mjsunit/harmony/weakrefs/cleanup-is-not-a-microtask.js:1}","{File cleanup-is-not-a-microtask.js at deps/v8/test/mjsunit/weakrefs/cleanup-is-not-a-microtask.js:1}","57","57"
"c2843b722ca161692c6848e19d375f35b7a08c60","MOVE","{Function test_feedback_vector_side_effect at deps/v8/test/mjsunit/ignition/optimize-proto-assign-seq.js:163}","{Function test_feedback_vector_side_effect at deps/v8/test/mjsunit/opt-proto-seq/test_feedback_vector_side_effect.js:12}","22","19"
"c2843b722ca161692c6848e19d375f35b7a08c60","MOVE","{File cleanup-on-detached-realm.js at deps/v8/test/mjsunit/harmony/weakrefs/cleanup-on-detached-realm.js:1}","{File cleanup-on-detached-realm.js at deps/v8/test/mjsunit/weakrefs/cleanup-on-detached-realm.js:1}","70","70"
"c2843b722ca161692c6848e19d375f35b7a08c60","MOVE","{File unregister-many.js at deps/v8/test/mjsunit/harmony/weakrefs/unregister-many.js:1}","{File unregister-many.js at deps/v8/test/mjsunit/weakrefs/unregister-many.js:1}","55","55"
"c2843b722ca161692c6848e19d375f35b7a08c60","MOVE","{File unregister-before-cleanup.js at deps/v8/test/mjsunit/harmony/weakrefs/unregister-before-cleanup.js:1}","{File unregister-before-cleanup.js at deps/v8/test/mjsunit/weakrefs/unregister-before-cleanup.js:1}","46","46"
"c2843b722ca161692c6848e19d375f35b7a08c60","MOVE","{File program_1.js at deps/v8/tools/clusterfuzz/js_fuzzer/test_data/differential_fuzz_fuzzilli/fuzzilli/fuzzdir-2/corpus/program_1.js:1}","{File program_1.js at deps/v8/tools/clusterfuzz/js_fuzzer/test_data/differential_fuzz_fuzzilli/fuzzilli/fuzzdir-diff-fuzz-2/corpus/program_1.js:1}","6","6"
"c2843b722ca161692c6848e19d375f35b7a08c60","MOVE","{Function test_assign_key_multiple_times at deps/v8/test/mjsunit/ignition/optimize-proto-assign-seq.js:186}","{Function test_assign_key_multiple_times at deps/v8/test/mjsunit/opt-proto-seq/test_assign_key_multiple_times.js:12}","14","9"
"c2843b722ca161692c6848e19d375f35b7a08c60","MOVE","{File undefined-holdings.js at deps/v8/test/mjsunit/harmony/weakrefs/undefined-holdings.js:1}","{File undefined-holdings.js at deps/v8/test/mjsunit/weakrefs/undefined-holdings.js:1}","43","43"
"c2843b722ca161692c6848e19d375f35b7a08c60","MOVE","{File program_2.js at deps/v8/tools/clusterfuzz/js_fuzzer/test_data/differential_fuzz_fuzzilli/fuzzilli/fuzzdir-1/corpus/program_2.js:1}","{File program_2.js at deps/v8/tools/clusterfuzz/js_fuzzer/test_data/differential_fuzz_fuzzilli/fuzzilli/fuzzdir-diff-fuzz-1/corpus/program_2.js:1}","6","6"
"c2843b722ca161692c6848e19d375f35b7a08c60","MOVE","{File finalizationregistry-keeps-holdings-alive.js at deps/v8/test/mjsunit/harmony/weakrefs/finalizationregistry-keeps-holdings-alive.js:1}","{File finalizationregistry-keeps-holdings-alive.js at deps/v8/test/mjsunit/weakrefs/finalizationregistry-keeps-holdings-alive.js:1}","52","52"
"c2843b722ca161692c6848e19d375f35b7a08c60","MOVE","{File weakref-deref-keeps-alive.js at deps/v8/test/mjsunit/harmony/weakrefs/weakref-deref-keeps-alive.js:1}","{File weakref-deref-keeps-alive.js at deps/v8/test/mjsunit/weakrefs/weakref-deref-keeps-alive.js:1}","49","49"
"c2843b722ca161692c6848e19d375f35b7a08c60","EXTRACT_MOVE","{Function test_null_prototype at deps/v8/test/mjsunit/ignition/optimize-proto-assign-seq.js:250}","{Function test_function at deps/v8/test/mjsunit/opt-proto-seq/test_poison_default_proto.js:15}","25","1"
"c2843b722ca161692c6848e19d375f35b7a08c60","MOVE","{File unregister-inside-cleanup3.js at deps/v8/test/mjsunit/harmony/weakrefs/unregister-inside-cleanup3.js:1}","{File unregister-inside-cleanup3.js at deps/v8/test/mjsunit/weakrefs/unregister-inside-cleanup3.js:1}","52","52"
"c2843b722ca161692c6848e19d375f35b7a08c60","MOVE","{File multiple-dirty-finalization-groups.js at deps/v8/test/mjsunit/harmony/weakrefs/multiple-dirty-finalization-groups.js:1}","{File multiple-dirty-finalization-groups.js at deps/v8/test/mjsunit/weakrefs/multiple-dirty-finalization-groups.js:1}","46","46"
"c2843b722ca161692c6848e19d375f35b7a08c60","MOVE","{File unregister-called-twice.js at deps/v8/test/mjsunit/harmony/weakrefs/unregister-called-twice.js:1}","{File unregister-called-twice.js at deps/v8/test/mjsunit/weakrefs/unregister-called-twice.js:1}","51","51"
"c2843b722ca161692c6848e19d375f35b7a08c60","MOVE","{File clearkeptobjects-on-quit.js at deps/v8/test/mjsunit/harmony/weakrefs/clearkeptobjects-on-quit.js:1}","{File clearkeptobjects-on-quit.js at deps/v8/test/mjsunit/weakrefs/clearkeptobjects-on-quit.js:1}","12","12"
"c2843b722ca161692c6848e19d375f35b7a08c60","EXTRACT_MOVE","{Function test_null_prototype at deps/v8/test/mjsunit/ignition/optimize-proto-assign-seq.js:250}","{Function test_function at deps/v8/test/mjsunit/opt-proto-seq/test_prototype_proto_keys.js:13}","25","1"
"c2843b722ca161692c6848e19d375f35b7a08c60","MOVE","{File program_1.js at deps/v8/tools/clusterfuzz/js_fuzzer/test_data/differential_fuzz_fuzzilli/fuzzilli/fuzzdir-1/corpus/program_1.js:1}","{File program_1.js at deps/v8/tools/clusterfuzz/js_fuzzer/test_data/differential_fuzz_fuzzilli/fuzzilli/fuzzdir-diff-fuzz-1/corpus/program_1.js:1}","6","6"
"c2843b722ca161692c6848e19d375f35b7a08c60","MOVE","{Function test_null_prototype at deps/v8/test/mjsunit/ignition/optimize-proto-assign-seq.js:250}","{Function test_null_prototype at deps/v8/test/mjsunit/opt-proto-seq/test_null_prototype.js:12}","25","19"
"c2843b722ca161692c6848e19d375f35b7a08c60","MOVE","{File program_3.js at deps/v8/tools/clusterfuzz/js_fuzzer/test_data/differential_fuzz_fuzzilli/fuzzilli/fuzzdir-2/corpus/program_3.js:1}","{File program_3.js at deps/v8/tools/clusterfuzz/js_fuzzer/test_data/differential_fuzz_fuzzilli/fuzzilli/fuzzdir-diff-fuzz-2/corpus/program_3.js:1}","20","20"
"c2843b722ca161692c6848e19d375f35b7a08c60","MOVE","{File weakref-creation-keeps-alive.js at deps/v8/test/mjsunit/harmony/weakrefs/weakref-creation-keeps-alive.js:1}","{File weakref-creation-keeps-alive.js at deps/v8/test/mjsunit/weakrefs/weakref-creation-keeps-alive.js:1}","34","34"
"c2843b722ca161692c6848e19d375f35b7a08c60","MOVE","{File finalizationregistry-independent-lifetime.js at deps/v8/test/mjsunit/harmony/weakrefs/finalizationregistry-independent-lifetime.js:1}","{File finalizationregistry-independent-lifetime.js at deps/v8/test/mjsunit/weakrefs/finalizationregistry-independent-lifetime.js:1}","42","42"
"c2843b722ca161692c6848e19d375f35b7a08c60","EXTRACT_MOVE","{Function test_null_prototype at deps/v8/test/mjsunit/ignition/optimize-proto-assign-seq.js:250}","{Function test_function at deps/v8/test/mjsunit/opt-proto-seq/test_has_setters.js:13}","25","1"
"c2843b722ca161692c6848e19d375f35b7a08c60","MOVE","{File two-weakrefs.js at deps/v8/test/mjsunit/harmony/weakrefs/two-weakrefs.js:1}","{File two-weakrefs.js at deps/v8/test/mjsunit/weakrefs/two-weakrefs.js:1}","55","55"
"c2843b722ca161692c6848e19d375f35b7a08c60","MOVE","{File weak-unregistertoken.js at deps/v8/test/mjsunit/harmony/weakrefs/weak-unregistertoken.js:1}","{File weak-unregistertoken.js at deps/v8/test/mjsunit/weakrefs/weak-unregistertoken.js:1}","34","34"
"c2843b722ca161692c6848e19d375f35b7a08c60","MOVE","{Function StringToArray at deps/v8/test/mjsunit/wasm/custom-descriptors-proxies.js:10}","{Function StringToArray at deps/v8/test/mjsunit/wasm/prototype-setup-builder.js:8}","5","5"
"c2843b722ca161692c6848e19d375f35b7a08c60","EXTRACT_MOVE","{Function test_null_prototype at deps/v8/test/mjsunit/ignition/optimize-proto-assign-seq.js:250}","{Function test_function at deps/v8/test/mjsunit/opt-proto-seq/test_not_proto_assign_seq.js:13}","25","1"
"c2843b722ca161692c6848e19d375f35b7a08c60","MOVE","{File program_2.js at deps/v8/tools/clusterfuzz/js_fuzzer/test_data/differential_fuzz_fuzzilli/fuzzilli/fuzzdir-2/corpus/program_2.js:1}","{File program_2.js at deps/v8/tools/clusterfuzz/js_fuzzer/test_data/differential_fuzz_fuzzilli/fuzzilli/fuzzdir-diff-fuzz-2/corpus/program_2.js:1}","20","20"
"c2843b722ca161692c6848e19d375f35b7a08c60","MOVE","{File cleanup-from-different-realm.js at deps/v8/test/mjsunit/harmony/weakrefs/cleanup-from-different-realm.js:1}","{File cleanup-from-different-realm.js at deps/v8/test/mjsunit/weakrefs/cleanup-from-different-realm.js:1}","40","40"
"c2843b722ca161692c6848e19d375f35b7a08c60","MOVE","{File unregister-inside-cleanup2.js at deps/v8/test/mjsunit/harmony/weakrefs/unregister-inside-cleanup2.js:1}","{File unregister-inside-cleanup2.js at deps/v8/test/mjsunit/weakrefs/unregister-inside-cleanup2.js:1}","54","54"
"c2843b722ca161692c6848e19d375f35b7a08c60","MOVE","{File unregister-inside-cleanup.js at deps/v8/test/mjsunit/harmony/weakrefs/unregister-inside-cleanup.js:1}","{File unregister-inside-cleanup.js at deps/v8/test/mjsunit/weakrefs/unregister-inside-cleanup.js:1}","46","46"
"c2843b722ca161692c6848e19d375f35b7a08c60","MOVE","{File cleanup-proxy-from-different-realm.js at deps/v8/test/mjsunit/harmony/weakrefs/cleanup-proxy-from-different-realm.js:1}","{File cleanup-proxy-from-different-realm.js at deps/v8/test/mjsunit/weakrefs/cleanup-proxy-from-different-realm.js:1}","43","43"
"c2843b722ca161692c6848e19d375f35b7a08c60","MOVE","{File finalizationregistry-and-weakref.js at deps/v8/test/mjsunit/harmony/weakrefs/finalizationregistry-and-weakref.js:1}","{File finalizationregistry-and-weakref.js at deps/v8/test/mjsunit/weakrefs/finalizationregistry-and-weakref.js:1}","50","50"
"c2843b722ca161692c6848e19d375f35b7a08c60","MOVE","{File symbol-as-weakref-target.js at deps/v8/test/mjsunit/harmony/weakrefs/symbol-as-weakref-target.js:1}","{File symbol-as-weakref-target.js at deps/v8/test/mjsunit/weakrefs/symbol-as-weakref-target.js:1}","40","40"
"c2843b722ca161692c6848e19d375f35b7a08c60","MOVE","{Function test_arrow_function at deps/v8/test/mjsunit/ignition/optimize-proto-assign-seq.js:72}","{Function test_arrow_function at deps/v8/test/mjsunit/opt-proto-seq/test_arrow_function.js:12}","18","13"
"c2843b722ca161692c6848e19d375f35b7a08c60","MOVE","{File stress-finalizationregistry-dirty-enqueue.js at deps/v8/test/mjsunit/harmony/weakrefs/stress-finalizationregistry-dirty-enqueue.js:1}","{File stress-finalizationregistry-dirty-enqueue.js at deps/v8/test/mjsunit/weakrefs/stress-finalizationregistry-dirty-enqueue.js:1}","45","45"
"c2843b722ca161692c6848e19d375f35b7a08c60","MOVE","{File weak-cell-basics.js at deps/v8/test/mjsunit/harmony/weakrefs/weak-cell-basics.js:1}","{File weak-cell-basics.js at deps/v8/test/mjsunit/weakrefs/weak-cell-basics.js:1}","48","48"
"c2843b722ca161692c6848e19d375f35b7a08c60","MOVE","{File finalizationregistry-scheduled-for-cleanup-multiple-times.js at deps/v8/test/mjsunit/harmony/weakrefs/finalizationregistry-scheduled-for-cleanup-multiple-times.js:1}","{File finalizationregistry-scheduled-for-cleanup-multiple-times.js at deps/v8/test/mjsunit/weakrefs/finalizationregistry-scheduled-for-cleanup-multiple-times.js:1}","83","83"
"c2843b722ca161692c6848e19d375f35b7a08c60","MOVE","{File unregister-when-cleanup-already-scheduled.js at deps/v8/test/mjsunit/harmony/weakrefs/unregister-when-cleanup-already-scheduled.js:1}","{File unregister-when-cleanup-already-scheduled.js at deps/v8/test/mjsunit/weakrefs/unregister-when-cleanup-already-scheduled.js:1}","46","46"
"c2843b722ca161692c6848e19d375f35b7a08c60","MOVE","{Class test_class at deps/v8/test/mjsunit/ignition/optimize-proto-assign-seq.js:11}","{Class test_class at deps/v8/test/mjsunit/opt-proto-seq/test_class_fast_path.js:13}","3","3"
"c2843b722ca161692c6848e19d375f35b7a08c60","MOVE","{File basics.js at deps/v8/test/mjsunit/harmony/weakrefs/basics.js:1}","{File basics.js at deps/v8/test/mjsunit/weakrefs/basics.js:1}","146","146"
"c2843b722ca161692c6848e19d375f35b7a08c60","MOVE","{File reentrant-gc-from-cleanup.js at deps/v8/test/mjsunit/harmony/weakrefs/reentrant-gc-from-cleanup.js:1}","{File reentrant-gc-from-cleanup.js at deps/v8/test/mjsunit/weakrefs/reentrant-gc-from-cleanup.js:1}","31","31"
"c2843b722ca161692c6848e19d375f35b7a08c60","MOVE","{Function test_prototype_read_only at deps/v8/test/mjsunit/ignition/optimize-proto-assign-seq.js:217}","{Function test_prototype_read_only at deps/v8/test/mjsunit/opt-proto-seq/test_prototype_read_only.js:12}","19","13"
"c2843b722ca161692c6848e19d375f35b7a08c60","MOVE","{File finalizationregistry-independent-lifetime-multiple.js at deps/v8/test/mjsunit/harmony/weakrefs/finalizationregistry-independent-lifetime-multiple.js:1}","{File finalizationregistry-independent-lifetime-multiple.js at deps/v8/test/mjsunit/weakrefs/finalizationregistry-independent-lifetime-multiple.js:1}","53","53"
"c2843b722ca161692c6848e19d375f35b7a08c60","EXTRACT_MOVE","{Function test_null_prototype at deps/v8/test/mjsunit/ignition/optimize-proto-assign-seq.js:250}","{Function test_function at deps/v8/test/mjsunit/opt-proto-seq/test_function_fast_path.js:13}","25","1"
"c2843b722ca161692c6848e19d375f35b7a08c60","EXTRACT_MOVE","{Function test_null_prototype at deps/v8/test/mjsunit/ignition/optimize-proto-assign-seq.js:250}","{Function test_function at deps/v8/test/mjsunit/opt-proto-seq/test_proto_of_prototype_assigned.js:13}","25","1"
"c2843b722ca161692c6848e19d375f35b7a08c60","MOVE","{File program_3.js at deps/v8/tools/clusterfuzz/js_fuzzer/test_data/differential_fuzz_fuzzilli/fuzzilli/fuzzdir-1/corpus/program_3.js:1}","{File program_3.js at deps/v8/tools/clusterfuzz/js_fuzzer/test_data/differential_fuzz_fuzzilli/fuzzilli/fuzzdir-diff-fuzz-1/corpus/program_3.js:1}","28","28"
"c2843b722ca161692c6848e19d375f35b7a08c60","MOVE","{Function test_variable_proxy_eval at deps/v8/test/mjsunit/ignition/optimize-proto-assign-seq.js:299}","{Function test_variable_proxy_eval at deps/v8/test/mjsunit/opt-proto-seq/test_variable_proxy_eval.js:12}","19","14"
"c2843b722ca161692c6848e19d375f35b7a08c60","MOVE","{File symbol-as-weakref-target-gc.js at deps/v8/test/mjsunit/harmony/weakrefs/symbol-as-weakref-target-gc.js:1}","{File symbol-as-weakref-target-gc.js at deps/v8/test/mjsunit/weakrefs/symbol-as-weakref-target-gc.js:1}","33","33"
"c2843b722ca161692c6848e19d375f35b7a08c60","MOVE","{File cleanup.js at deps/v8/test/mjsunit/harmony/weakrefs/cleanup.js:1}","{File cleanup.js at deps/v8/test/mjsunit/weakrefs/cleanup.js:1}","60","60"
"c2843b722ca161692c6848e19d375f35b7a08c60","MOVE","{File symbol-in-finalizationregistry.js at deps/v8/test/mjsunit/harmony/weakrefs/symbol-in-finalizationregistry.js:1}","{File symbol-in-finalizationregistry.js at deps/v8/test/mjsunit/weakrefs/symbol-in-finalizationregistry.js:1}","31","31"
"520d8277a86a22bee07b181e4db2c45ea33cf3d9"
"f0679db5549ec56b4de5f75afe6cf4f0077bc974"
"5c50445dfccb86e12c73da1f47933f37075ca4af"
"a59706f772ada0aefb1903bc183188c99b3388a7"
"f46d501b7f4c6a8b838f472693596044d14a566f"
"fe02cab92c0986a72c3dc5e817f647e04140f858"
"a5f3cd8cb5ba9e7911d93c5fd3ebc6d781220dd8"
"340e61990b9bf871d8a5e9b9337eaa337d3e9ddc"
"94cbb7758282bf5db837412f7cb3698f17ac1af3"
"82fc81c26d4ccd462f5129970d8b2ac219326443"
"f1acefa9a9f3d34f058f0a3cd78ea464681296fe"
"b9dedf416b59b0059ab0062c540d0311e16a5f23"
"5dd478c338dbc2f9ee1e185c25ff75ac8d169c5a"
"2fb82c8c281a5610a1d9afc8abaa49255147e1ea","INLINE","{Function removeDuplicateErrorKeys at lib/internal/util/inspect.js:1825}","{Function formatError at lib/internal/util/inspect.js:1913}","11","111"
"cec1bd5498ff6dc70f1beaae42b5f43c89cf7860"
"6a0c9c8e3359700d836b90d8586ca42d733f5f7d"
"21da2050aba8d7c641132aeb3615d2161a99d65c"
"9fbf0cbc60b4f7aab9d0f212d1571996b34d5800"
"f25cce2805028db0529bf2894a96aa4f952ca5af"
"3437e1c4bd529e51d96ea581b6435bbeb77ef524"
"48f3c8e4f2738883af1e956a61910c761eeb2a42"
"da5df1dd0ae7025dc1f26918ee70273d89aea3a5"
"580bdbd0248ae8f8c267a83006bd70aca4b63131"
"4b8603f910649f05f2d0e7b596991683ca438888"
"bbd1fa5e2f7fa127e865ad84c389e3f4bc02d537"
"481b9b11b3a96dfe9923baf6e4ef77895be951e4"
"70e7c1511ffd6dfbba2033028447eaf82b9ff23a"
"382f7cfcefdab41352003cccce7581f5da1ad72b"
"649d73a043f9da35c6d110d4d338b6883e42a080"
"38bf955937b5a30f5bd59360c2b153647d4737e2"
"8b52c89b00642d624a5472a0df139593ef82a239"
"d695004e7afb78c386635ea2184967ee2ddeca5f"
"4d1dece375a2a982b93bac1c7d046ca6733bbcc4"
"c2d44174b2f38f15214c5e395b7a59b66824252c"
"86560880905cf11ea49a5dfb72505fe1ef856eaf"
"2a18aee4aad2b69e9acefa8a75dea29fc7efb04e"
"355252c74923e7a5cef7c7e24f871dd7e2410348"
"70c04c7fd8630397a4062de1ca2e834fa2a5fad0"
"8429d9a40b665e2a192d00b73a6a21d687f9b870"
"d3f79aa65d828e7cd81e95381d1893117824fbd6"
"8096aeab81a801d9a1bcda10fe354235ee556932"
"875a7bb8d28e4079a8f8668e4962d32fb19a7c56"
"9e8c7535f2331f767dd4ddc15abd99bf72a61cc5"
"64bbb979decdbfffc3d88b26c1e2045a8e2ed6d8","MOVE","{File test-single-executable-application-snapshot.js at test/sequential/test-single-executable-application-snapshot.js:1}","{File test-single-executable-application-snapshot.js at test/sea/test-single-executable-application-snapshot.js:1}","109","109"
"64bbb979decdbfffc3d88b26c1e2045a8e2ed6d8","MOVE","{File test-single-executable-application-exec-argv-extension-env.js at test/sequential/test-single-executable-application-exec-argv-extension-env.js:1}","{File test-single-executable-application-exec-argv-extension-env.js at test/sea/test-single-executable-application-exec-argv-extension-env.js:1}","69","69"
"64bbb979decdbfffc3d88b26c1e2045a8e2ed6d8","MOVE","{File test-single-executable-application-empty.js at test/sequential/test-single-executable-application-empty.js:1}","{File test-single-executable-application-empty.js at test/sea/test-single-executable-application-empty.js:1}","64","64"
"64bbb979decdbfffc3d88b26c1e2045a8e2ed6d8","MOVE","{File test-single-executable-application-snapshot-worker.js at test/sequential/test-single-executable-application-snapshot-worker.js:1}","{File test-single-executable-application-snapshot-worker.js at test/sea/test-single-executable-application-snapshot-worker.js:1}","81","81"
"64bbb979decdbfffc3d88b26c1e2045a8e2ed6d8","MOVE","{File test-single-executable-application-disable-experimental-sea-warning.js at test/sequential/test-single-executable-application-disable-experimental-sea-warning.js:1}","{File test-single-executable-application-disable-experimental-sea-warning.js at test/sea/test-single-executable-application-disable-experimental-sea-warning.js:1}","68","68"
"64bbb979decdbfffc3d88b26c1e2045a8e2ed6d8","MOVE","{File test-single-executable-application-exec-argv.js at test/sequential/test-single-executable-application-exec-argv.js:1}","{File test-single-executable-application-exec-argv.js at test/sea/test-single-executable-application-exec-argv.js:1}","68","68"
"64bbb979decdbfffc3d88b26c1e2045a8e2ed6d8","MOVE","{File test-single-executable-application.js at test/sequential/test-single-executable-application.js:1}","{File test-single-executable-application.js at test/sea/test-single-executable-application.js:1}","67","67"
"64bbb979decdbfffc3d88b26c1e2045a8e2ed6d8","MOVE","{File test-single-executable-application-inspect-in-sea-flags.js at test/sequential/test-single-executable-application-inspect-in-sea-flags.js:1}","{File test-single-executable-application-inspect-in-sea-flags.js at test/sea/test-single-executable-application-inspect-in-sea-flags.js:1}","70","70"
"64bbb979decdbfffc3d88b26c1e2045a8e2ed6d8","MOVE","{File test-single-executable-application-inspect.js at test/sequential/test-single-executable-application-inspect.js:1}","{File test-single-executable-application-inspect.js at test/sea/test-single-executable-application-inspect.js:1}","123","123"
"64bbb979decdbfffc3d88b26c1e2045a8e2ed6d8","MOVE","{File test-single-executable-application-asset-keys.js at test/sequential/test-single-executable-application-asset-keys.js:1}","{File test-single-executable-application-asset-keys.js at test/sea/test-single-executable-application-asset-keys.js:1}","75","75"
"64bbb979decdbfffc3d88b26c1e2045a8e2ed6d8","MOVE","{File test-single-executable-application-use-code-cache.js at test/sequential/test-single-executable-application-use-code-cache.js:1}","{File test-single-executable-application-use-code-cache.js at test/sea/test-single-executable-application-use-code-cache.js:1}","74","74"
"64bbb979decdbfffc3d88b26c1e2045a8e2ed6d8","MOVE","{File test-single-executable-application-asset-keys-empty.js at test/sequential/test-single-executable-application-asset-keys-empty.js:1}","{File test-single-executable-application-asset-keys-empty.js at test/sea/test-single-executable-application-asset-keys-empty.js:1}","66","66"
"64bbb979decdbfffc3d88b26c1e2045a8e2ed6d8","MOVE","{File test-single-executable-blob-config.js at test/parallel/test-single-executable-blob-config.js:1}","{File test-single-executable-blob-config.js at test/sea/test-single-executable-blob-config.js:1}","115","115"
"64bbb979decdbfffc3d88b26c1e2045a8e2ed6d8","MOVE","{File test-single-executable-blob-config-errors.js at test/parallel/test-single-executable-blob-config-errors.js:1}","{File test-single-executable-blob-config-errors.js at test/sea/test-single-executable-blob-config-errors.js:1}","188","188"
"64bbb979decdbfffc3d88b26c1e2045a8e2ed6d8","MOVE","{File test-single-executable-application-snapshot-and-code-cache.js at test/sequential/test-single-executable-application-snapshot-and-code-cache.js:1}","{File test-single-executable-application-snapshot-and-code-cache.js at test/sea/test-single-executable-application-snapshot-and-code-cache.js:1}","79","79"
"64bbb979decdbfffc3d88b26c1e2045a8e2ed6d8","MOVE","{File test-single-executable-application-assets.js at test/sequential/test-single-executable-application-assets.js:1}","{File test-single-executable-application-assets.js at test/sea/test-single-executable-application-assets.js:1}","130","130"
"64bbb979decdbfffc3d88b26c1e2045a8e2ed6d8","MOVE","{File test-single-executable-application-exec-argv-extension-none.js at test/sequential/test-single-executable-application-exec-argv-extension-none.js:1}","{File test-single-executable-application-exec-argv-extension-none.js at test/sea/test-single-executable-application-exec-argv-extension-none.js:1}","64","64"
"64bbb979decdbfffc3d88b26c1e2045a8e2ed6d8","MOVE","{File test-single-executable-application-exec-argv-extension-cli.js at test/sequential/test-single-executable-application-exec-argv-extension-cli.js:1}","{File test-single-executable-application-exec-argv-extension-cli.js at test/sea/test-single-executable-application-exec-argv-extension-cli.js:1}","64","64"
"64bbb979decdbfffc3d88b26c1e2045a8e2ed6d8","MOVE","{File test-single-executable-application-assets-raw.js at test/sequential/test-single-executable-application-assets-raw.js:1}","{File test-single-executable-application-assets-raw.js at test/sea/test-single-executable-application-assets-raw.js:1}","71","71"
"64bbb979decdbfffc3d88b26c1e2045a8e2ed6d8","MOVE","{File test-single-executable-application-exec-argv-empty.js at test/sequential/test-single-executable-application-exec-argv-empty.js:1}","{File test-single-executable-application-exec-argv-empty.js at test/sea/test-single-executable-application-exec-argv-empty.js:1}","62","62"
"c2f3c2131deba8ee3732b697a54dda2b55434287"
"e6d94ef106e08999e5461dabfeb333ff141f59fe"
"39447be4e4e173bff3de5b864755d68e9182f748"
"336b2d08e15c52f3f92bcc76aa55db9a81db5813"
"71f5b1cbf0540d1309d58ac181326e5b65f680c7"
"e8fd0ee74ded1e2badd25401785b9d0ec0a660c9"
"a520a39adfc5b8e9cdc1725d96516d16412a34a3"
"1d2b89a2a063a2d5124816ea4adf8a2e298b20d1"
"657428ab52f630b83e210957a4bd9c015d9b952b"
"8973cc451602e4eecb019d6a8b87d07f5e6e3035"
"7c7f30ed17654f29293f586ad009f0f8340213d4"
"daf0a44669992ea2dff7f4a5b14e6f9088ce4399"
"170848bc1831ea9be665b527e2131c81263dfd2c","RENAME","{Function validateLoad at lib/internal/modules/customization_hooks.js:271}","{Function validateSourceStrict at lib/internal/modules/customization_hooks.js:283}","32","18"
"170848bc1831ea9be665b527e2131c81263dfd2c","EXTRACT_MOVE","{Function loadWithHooks at lib/internal/modules/customization_hooks.js:343}","{Function load at test/fixtures/module-hooks/sync-and-async/async-forward-loader.js:1}","33","3"
"170848bc1831ea9be665b527e2131c81263dfd2c","EXTRACT_MOVE","{Function pluckHooks at lib/internal/modules/esm/hooks.js:662}","{Function load at test/fixtures/module-hooks/sync-and-async/async-forward-loader.js:1}","22","3"
"170848bc1831ea9be665b527e2131c81263dfd2c","EXTRACT_MOVE","{Function registerHooks at lib/internal/modules/customization_hooks.js:111}","{Function load at test/fixtures/module-hooks/sync-and-async/async-forward-loader.js:1}","10","3"
"170848bc1831ea9be665b527e2131c81263dfd2c","EXTRACT_MOVE","{Function validateLoad at lib/internal/modules/customization_hooks.js:271}","{Function load at test/fixtures/module-hooks/sync-and-async/async-forward-loader.js:1}","32","3"
"0c35aaf55f489abb55c9990d0bbeacdf4b2b0e62"
"1072295d26e31c0fb6983a0c6381af1f13e3a38f"
"e6aaa98eb059a9bd0d7432bbebb1c3753ed89379"
"e3a3733e1f177005684f3ae52d1d576d22af9633"
"4d396ac9c6fcf902d21b015d885a12092e3d54f4"
"59b70e5fe397db2457e10469985cb47fd7af0687"
"8bc7dfd16fb95d5585eaaf0cea678ba1f9f4a755"
"4bfa387f6dc8976833f45dd8e41b130b508ad88a"
"5cf3c3e24c7257a0c6192ed8ef71efec8ddac22b"
"822a8c3244ecabbb2065869214b6ec2c12a70a69"
"985e2fb3834d39db167592bbcefac994abee87af"
"1cd16e5355f0da671fefd30af29eda1051f0f6bc"
"da9cd745c83ea134383beec25a2b7c81a79e062a"
"2216a3b1d58953e564817b88eb2fbff506c5a192"
"3ac88a7a66e64a1696fbeb5d7af97a7a61ab1868"
"1986ee4b659d08c6c05aaea612da23257954bbd5"
"d54e6aec9ee4a45aab148bbb6ba825f67c38ec6f"
"1b22f6049aac006ecd9431a856d58fa45a86024d"
"aef3fc37eb22ac999f7d2bd587035d3a35875f0a"
"f9fcc746f310c6efb3a1d3a53e136e7380973a35"
"a1244f04dea9148c44fd6daf60b5105f7a85ea12"
"fdb6e6622729ce91285d92361d4075309d3329d3"
"a1b73fe430d1110ecdf31eaf3fecc1bf9e58ddb8"
"a2f088d516efc7811e83e526f528c519fc634118"
"367bcce6a6159fd90f97a508e3ec80ca938539f6"
"2e675c4fa36a5d5b9fcf4c46b1fc9238623e0440"
"bab752d4dbf5c845c717646e20d8c130d2c75838"
"75a6fff6befa00dd4338bca5dd260a7478989965"
"e105e821e9bc86fbd6e43577b4fcfb46eff8caf3"
"4daeec11b93f3ccae57973970a84e82282844493"
"bfc81ca2284e7d596a140d6b93735a1914816561"
"712cee951c33a16fea2d2b2bbf0eac13e0cf378b"
"ad2c1bf62ee42cf9e35db9588b6ce2285b229d28"
"db0121bedd7c541214c28cacc9b8e67dbadc5e0a"
"f8a43f6f3457107d86c4e289dbe824464e6c1a5a"
"6dbf7086bb7deb1a2b99a7277226bb8f1f8136f2"
"535efea962f3187a8e730a7aa9d96e9a6874e4f2"
"642a7c0d46b9a4beea4e33a0b0c2bce7593c5811"
"4eb6e6fd791ceaf6bc805bb48400f1d1606005d6"
"20dc4b514ae5feb03e4cdf49ef161a3d87cd984f"
"f0aa073907fc88f64ca95e4821eb7fdf49b133e2"
"1f95d399976de0c0d7928edcbfa362630019cd8a"
"15278252bb8391ef78f6973d15e4834da7030de9"
"0fb040603b67f725cabae0945a561fc0c9917096"
"200fe9e7f47c535c0704d4db78a35d5429698d12","MOVE","{Function getREPLResourceName at lib/repl.js:205}","{Function getREPLResourceName at lib/internal/repl/utils.js:814}","3","3"
"200fe9e7f47c535c0704d4db78a35d5429698d12","MOVE","{Function addCommonWords at lib/repl.js:2020}","{Function addCommonWords at lib/internal/repl/completion.js:146}","11","11"
"200fe9e7f47c535c0704d4db78a35d5429698d12","MOVE","{Function filteredOwnPropertyNames at lib/repl.js:1275}","{Function filteredOwnPropertyNames at lib/internal/repl/completion.js:127}","18","18"
"200fe9e7f47c535c0704d4db78a35d5429698d12","MOVE","{Function isNotLegacyObjectPrototypeMethod at lib/repl.js:1267}","{Function isNotLegacyObjectPrototypeMethod at lib/internal/repl/completion.js:107}","7","7"
"200fe9e7f47c535c0704d4db78a35d5429698d12","MOVE","{Function findExpressionCompleteTarget at lib/repl.js:1681}","{Function findExpressionCompleteTarget at lib/internal/repl/completion.js:532}","104","104"
"200fe9e7f47c535c0704d4db78a35d5429698d12","MOVE","{Function complete at lib/repl.js:1349}","{Function complete at lib/internal/repl/completion.js:200}","313","313"
"200fe9e7f47c535c0704d4db78a35d5429698d12","MOVE","{Function getGlobalLexicalScopeNames at lib/repl.js:1294}","{Function getGlobalLexicalScopeNames at lib/internal/repl/completion.js:115}","11","11"
"200fe9e7f47c535c0704d4db78a35d5429698d12","EXTRACT_MOVE","{Function complete at lib/repl.js:1349}","{Function getReplBuiltinLibs at lib/internal/repl/utils.js:832}","313","3"
"200fe9e7f47c535c0704d4db78a35d5429698d12","MOVE","{Function includesProxiesOrGetters at lib/repl.js:1799}","{Function includesProxiesOrGetters at lib/internal/repl/completion.js:650}","148","148"
"200fe9e7f47c535c0704d4db78a35d5429698d12","MOVE","{Function gracefulReaddir at lib/repl.js:1307}","{Function gracefulReaddir at lib/internal/repl/completion.js:158}","7","7"
"200fe9e7f47c535c0704d4db78a35d5429698d12","MOVE","{Function completeFSFunctions at lib/repl.js:1315}","{Function completeFSFunctions at lib/internal/repl/completion.js:166}","21","21"
"200fe9e7f47c535c0704d4db78a35d5429698d12","MOVE","{Function isIdentifier at lib/repl.js:1246}","{Function isIdentifier at lib/internal/repl/completion.js:86}","20","20"
"b13f24c2dad1428d7a248835b09fd4a2a27276ff"
"d52cd045912b90672db8b542374ff3d9cc287701"
"ec26b1c01a6a1beb4f3c3b243b01e74bf36491ff"
"b757a8f2b4fc201e4aef9411d48e2b22d8b29b68"
"6797c6e1f89a19650bb51f82b4b953092117fecd"
"d9b8a3558e8b5d20a77ed5aed54e1a51238de495"
"23fa18444f718fb4236a3a987974cdb40aed8411"
"3db2f58693faa076d4064212a7f0769bf7db470d"
"4a7fbb64e6e513e0ff7afe5001581c833795743c"
"81b71190c68d87d091fc7e1c07ea2c1e7efdaf9e"
"db56020f50e0a44defe3230712d2078118b9f5c3"
"5b3c4b37f6479ab8976f178d596f5c07d555790d"
"0c1fb986a01c492c681bdb145ca5cba3df2dff3d"
"7c85aa5255eb4f4fbb1efd04e544f444220aa0c8"
"0e942cc8592df610055a6b4a07b9555730ff80cf"
"307eaca0f1b108d563cbe0db2623ab8bdb9c5bd7"
"eaf6d49816eb042a5d1066ac58e2f396a3e30afb"
"ed94bc48f3f390a0a4669f1eb95b2b4c064c48d8"
"32851f31c2ad0feec2582fa31cf16517992abc49"
"e978a63b014c21eb758dc6afdc18a815441f39aa"
"e6cd8a21e78763eef5995decd64de1d56c53cbdd"
"2869c1255b99ffad2232f9ce5a2b3f05779fb37e"
"05aa3a1c70b55d51ecca2cb2692b65c66ebc4d28"
"0a870841500551502aae43a81f68e2cd75bfbc67"
"7dd49d7da4ef1b4e732f149e7cc9e0398771285d"
"faba50df96152c106adc0ccca110d878411365dc"
"5623194a6b16192084d2753a80c350c4ae3dec24"
"496f12dec63b57ecb61057e11fa0b49e42f9410a"
"37a3df3556121917df9769daaba9407bd27dd1d0"
"308de27255235ef11d21b9ccd3b35709c89db280"
"b736370c078e26c4587b88e9cd06e020c29d3ea7"
"085a94ac9ba2b39c211d45c60ca483e873b7f3d9"
"a71ae18ac887d52d4d606e086797faf75b3dff93"
"cf5cb81556917478c392160436ba59aa497f085f"
"b3238442d8129570ccbf4577092f58f912a0760a"
"8e04c91688d1b6ed005bc436c808cfa2b87dd216"
"faa64c31f382e21e73727d617ad6980f5901653a"
"c0b8c80164cd8acb31da4fc72d57d01a64621bac"
"2a1da3260d5648d30c7f25365789c47c07a048f7"
"801ae26fa3e822eb11a367988621d265e541f142"
"acce2e8f87a6eb87f3ec77dbb8ca733d884c3e9b"
"7772a2df9d0b4db9947dbb902b4aec33c35401c0","EXTRACT_SUPER","{Class C1 at deps/v8/test/mjsunit/compiler/omit-default-ctors.js:468}","{Class B at deps/v8/test/mjsunit/omit-default-ctors-array-iterator.js:14}","1","1"
"7772a2df9d0b4db9947dbb902b4aec33c35401c0","EXTRACT_SUPER","{Class C at deps/v8/test/mjsunit/es6/super-ic-opt.js:512}","{Class B at deps/v8/test/mjsunit/compiler/omit-default-ctors-array-iterator.js:14}","1","1"
"7772a2df9d0b4db9947dbb902b4aec33c35401c0","EXTRACT_SUPER","{Class B at deps/v8/test/mjsunit/compiler/omit-default-ctors.js:56}","{Class A at deps/v8/test/mjsunit/maglev/omit-default-ctors-array-iterator.js:13}","1","1"
"7772a2df9d0b4db9947dbb902b4aec33c35401c0","EXTRACT_SUPER","{Class C2 at deps/v8/test/mjsunit/compiler/omit-default-ctors.js:533}","{Class B at deps/v8/test/mjsunit/compiler/omit-default-ctors-array-iterator.js:14}","1","1"
"7772a2df9d0b4db9947dbb902b4aec33c35401c0","EXTRACT_SUPER","{Class B at deps/v8/test/mjsunit/compiler/omit-default-ctors.js:94}","{Class A at deps/v8/test/mjsunit/maglev/omit-default-ctors-array-iterator.js:13}","1","1"
"7772a2df9d0b4db9947dbb902b4aec33c35401c0","EXTRACT_SUPER","{Class B at deps/v8/test/mjsunit/es6/super-ic-opt.js:87}","{Class A at deps/v8/test/mjsunit/compiler/omit-default-ctors-array-iterator.js:13}","1","1"
"7772a2df9d0b4db9947dbb902b4aec33c35401c0","EXTRACT_SUPER","{Class C2 at deps/v8/test/mjsunit/compiler/omit-default-ctors.js:497}","{Class B at deps/v8/test/mjsunit/maglev/omit-default-ctors-array-iterator.js:14}","1","1"
"7772a2df9d0b4db9947dbb902b4aec33c35401c0","EXTRACT_SUPER","{Class D2 at deps/v8/test/mjsunit/compiler/omit-default-ctors.js:320}","{Class C at deps/v8/test/mjsunit/regress/regress-428226995.js:8}","5","1"
"7772a2df9d0b4db9947dbb902b4aec33c35401c0","EXTRACT_SUPER","{Class B at deps/v8/test/mjsunit/compiler/omit-default-ctors.js:431}","{Class A at deps/v8/test/mjsunit/compiler/omit-default-ctors-array-iterator.js:13}","1","1"
"7772a2df9d0b4db9947dbb902b4aec33c35401c0","EXTRACT_SUPER","{Class B at deps/v8/test/mjsunit/compiler/omit-default-ctors.js:10}","{Class A at deps/v8/test/mjsunit/omit-default-ctors-array-iterator.js:13}","1","1"
"7772a2df9d0b4db9947dbb902b4aec33c35401c0","EXTRACT_SUPER","{Class C1 at deps/v8/test/mjsunit/compiler/omit-default-ctors.js:721}","{Class B at deps/v8/test/mjsunit/omit-default-ctors-array-iterator.js:14}","1","1"
"7772a2df9d0b4db9947dbb902b4aec33c35401c0","EXTRACT_SUPER","{Class C at deps/v8/test/mjsunit/es6/super-ic-opt.js:272}","{Class B at deps/v8/test/mjsunit/maglev/omit-default-ctors-array-iterator.js:14}","1","1"
"7772a2df9d0b4db9947dbb902b4aec33c35401c0","EXTRACT_SUPER","{Class B at deps/v8/test/mjsunit/es6/super-ic-opt.js:551}","{Class A at deps/v8/test/mjsunit/compiler/omit-default-ctors-array-iterator.js:13}","5","1"
"7772a2df9d0b4db9947dbb902b4aec33c35401c0","EXTRACT_SUPER","{Class B at deps/v8/test/mjsunit/compiler/omit-default-ctors.js:559}","{Class A at deps/v8/test/mjsunit/maglev/omit-default-ctors-array-iterator.js:13}","1","1"
"7772a2df9d0b4db9947dbb902b4aec33c35401c0","EXTRACT_SUPER","{Class B at deps/v8/test/mjsunit/compiler/omit-default-ctors.js:623}","{Class A at deps/v8/test/mjsunit/maglev/omit-default-ctors-array-iterator.js:13}","1","1"
"7772a2df9d0b4db9947dbb902b4aec33c35401c0","EXTRACT_SUPER","{Class C at deps/v8/test/mjsunit/compiler/omit-default-ctors.js:253}","{Class B at deps/v8/test/mjsunit/omit-default-ctors-array-iterator.js:14}","1","1"
"7772a2df9d0b4db9947dbb902b4aec33c35401c0","EXTRACT_SUPER","{Class D at deps/v8/test/mjsunit/es6/super-ic-opt.js:92}","{Class C at deps/v8/test/mjsunit/regress/regress-428226995.js:8}","3","1"
"7772a2df9d0b4db9947dbb902b4aec33c35401c0","EXTRACT_SUPER","{Class D1 at deps/v8/test/mjsunit/compiler/omit-default-ctors.js:279}","{Class C at deps/v8/test/mjsunit/regress/regress-crbug-419454582.js:7}","1","3"
"7772a2df9d0b4db9947dbb902b4aec33c35401c0","EXTRACT_SUPER","{Class B at deps/v8/test/mjsunit/es6/super-ic-opt.js:269}","{Class A at deps/v8/test/mjsunit/omit-default-ctors-array-iterator.js:13}","1","1"
"7772a2df9d0b4db9947dbb902b4aec33c35401c0","EXTRACT_MOVE","{Function CheckArgumentsPillDescriptor at deps/v8/test/mjsunit/strict-mode.js:1035}","{Function set at deps/v8/test/mjsunit/object-freeze.js:88}","19","1"
"7772a2df9d0b4db9947dbb902b4aec33c35401c0","EXTRACT_SUPER","{Class B at deps/v8/test/mjsunit/es6/super-ic-opt.js:177}","{Class A at deps/v8/test/mjsunit/omit-default-ctors-array-iterator.js:13}","5","1"
"7772a2df9d0b4db9947dbb902b4aec33c35401c0","EXTRACT_SUPER","{Class B at deps/v8/test/mjsunit/compiler/omit-default-ctors.js:312}","{Class A at deps/v8/test/mjsunit/compiler/omit-default-ctors-array-iterator.js:13}","1","1"
"7772a2df9d0b4db9947dbb902b4aec33c35401c0","EXTRACT_SUPER","{Class C2 at deps/v8/test/mjsunit/compiler/omit-default-ctors.js:433}","{Class B at deps/v8/test/mjsunit/maglev/omit-default-ctors-array-iterator.js:14}","1","1"
"7772a2df9d0b4db9947dbb902b4aec33c35401c0","EXTRACT_SUPER","{Class C1 at deps/v8/test/mjsunit/compiler/omit-default-ctors.js:432}","{Class B at deps/v8/test/mjsunit/compiler/omit-default-ctors-array-iterator.js:14}","1","1"
"7772a2df9d0b4db9947dbb902b4aec33c35401c0","EXTRACT_SUPER","{Class B at deps/v8/test/mjsunit/es6/super-ic-opt.js:323}","{Class A at deps/v8/test/mjsunit/omit-default-ctors-array-iterator.js:13}","1","1"
"7772a2df9d0b4db9947dbb902b4aec33c35401c0","EXTRACT_SUPER","{Class B at deps/v8/test/mjsunit/compiler/omit-default-ctors.js:526}","{Class A at deps/v8/test/mjsunit/omit-default-ctors-array-iterator.js:13}","6","1"
"7772a2df9d0b4db9947dbb902b4aec33c35401c0","EXTRACT_SUPER","{Class B at deps/v8/test/mjsunit/compiler/omit-default-ctors.js:495}","{Class A at deps/v8/test/mjsunit/omit-default-ctors-array-iterator.js:13}","1","1"
"7772a2df9d0b4db9947dbb902b4aec33c35401c0","EXTRACT_SUPER","{Class B at deps/v8/test/mjsunit/compiler/omit-default-ctors.js:590}","{Class A at deps/v8/test/mjsunit/omit-default-ctors-array-iterator.js:13}","6","1"
"7772a2df9d0b4db9947dbb902b4aec33c35401c0","EXTRACT_SUPER","{Class B2 at deps/v8/test/mjsunit/compiler/omit-default-ctors.js:206}","{Class A at deps/v8/test/mjsunit/omit-default-ctors-array-iterator.js:13}","3","1"
"7772a2df9d0b4db9947dbb902b4aec33c35401c0","EXTRACT_SUPER","{Class C at deps/v8/test/mjsunit/es6/super-ic-opt.js:90}","{Class B at deps/v8/test/mjsunit/maglev/omit-default-ctors-array-iterator.js:14}","1","1"
"7772a2df9d0b4db9947dbb902b4aec33c35401c0","EXTRACT_SUPER","{Class MyArray at deps/v8/test/mjsunit/regress/regress-961709-classes-opt.js:13}","{Class C at deps/v8/test/mjsunit/regress/regress-428226995.js:8}","1","1"
"7772a2df9d0b4db9947dbb902b4aec33c35401c0","EXTRACT_SUPER","{Class C at deps/v8/test/mjsunit/es6/super-ic-opt-no-turboprop.js:67}","{Class B at deps/v8/test/mjsunit/compiler/omit-default-ctors-array-iterator.js:14}","1","1"
"7772a2df9d0b4db9947dbb902b4aec33c35401c0","EXTRACT_SUPER","{Class B at deps/v8/test/mjsunit/es6/super-ic-opt-no-turboprop.js:155}","{Class A at deps/v8/test/mjsunit/omit-default-ctors-array-iterator.js:13}","7","1"
"7772a2df9d0b4db9947dbb902b4aec33c35401c0","EXTRACT_SUPER","{Class C at deps/v8/test/mjsunit/compiler/omit-default-ctors.js:95}","{Class B at deps/v8/test/mjsunit/omit-default-ctors-array-iterator.js:14}","1","1"
"7772a2df9d0b4db9947dbb902b4aec33c35401c0","EXTRACT_SUPER","{Class C1 at deps/v8/test/mjsunit/compiler/omit-default-ctors.js:496}","{Class B at deps/v8/test/mjsunit/omit-default-ctors-array-iterator.js:14}","1","1"
"7772a2df9d0b4db9947dbb902b4aec33c35401c0","EXTRACT_SUPER","{Class C at deps/v8/test/mjsunit/compiler/omit-default-ctors.js:22}","{Class B at deps/v8/test/mjsunit/compiler/omit-default-ctors-array-iterator.js:14}","1","1"
"7772a2df9d0b4db9947dbb902b4aec33c35401c0","EXTRACT_SUPER","{Class B at deps/v8/test/mjsunit/ignition/throw-if-not-hole.js:10}","{Class A at deps/v8/test/mjsunit/compiler/omit-default-ctors-array-iterator.js:13}","8","1"
"7772a2df9d0b4db9947dbb902b4aec33c35401c0","EXTRACT_SUPER","{Class C at deps/v8/test/mjsunit/es6/super-ic-opt.js:326}","{Class B at deps/v8/test/mjsunit/compiler/omit-default-ctors-array-iterator.js:14}","3","1"
"7772a2df9d0b4db9947dbb902b4aec33c35401c0","EXTRACT_SUPER","{Class B2 at deps/v8/test/mjsunit/compiler/omit-default-ctors.js:206}","{Class A at deps/v8/test/mjsunit/compiler/omit-default-ctors-array-iterator.js:13}","3","1"
"7772a2df9d0b4db9947dbb902b4aec33c35401c0","EXTRACT_SUPER","{Class C at deps/v8/test/mjsunit/es6/super-ic-opt.js:90}","{Class B at deps/v8/test/mjsunit/compiler/omit-default-ctors-array-iterator.js:14}","1","1"
"7772a2df9d0b4db9947dbb902b4aec33c35401c0","MOVE","{File regexp-duplicate-named-groups.js at deps/v8/test/mjsunit/harmony/regexp-duplicate-named-groups.js:1}","{File regexp-duplicate-named-groups.js at deps/v8/test/mjsunit/regexp-duplicate-named-groups.js:1}","161","167"
"7772a2df9d0b4db9947dbb902b4aec33c35401c0","EXTRACT_SUPER","{Class D1 at deps/v8/test/mjsunit/compiler/omit-default-ctors.js:254}","{Class C at deps/v8/test/mjsunit/turbolev/regress-432520541.js:12}","1","5"
"7772a2df9d0b4db9947dbb902b4aec33c35401c0","EXTRACT_SUPER","{Class B at deps/v8/test/mjsunit/es6/super-ic-opt.js:622}","{Class A at deps/v8/test/mjsunit/omit-default-ctors-array-iterator.js:13}","3","1"
"7772a2df9d0b4db9947dbb902b4aec33c35401c0","EXTRACT_SUPER","{Class C2 at deps/v8/test/mjsunit/compiler/omit-default-ctors.js:663}","{Class B at deps/v8/test/mjsunit/compiler/omit-default-ctors-array-iterator.js:14}","1","1"
"7772a2df9d0b4db9947dbb902b4aec33c35401c0","EXTRACT_SUPER","{Class D at deps/v8/test/mjsunit/compiler/omit-default-ctors.js:395}","{Class C at deps/v8/test/mjsunit/omit-default-ctors-array-iterator.js:15}","5","1"
"7772a2df9d0b4db9947dbb902b4aec33c35401c0","EXTRACT_SUPER","{Class B at deps/v8/test/mjsunit/compiler/omit-default-ctors.js:764}","{Class A at deps/v8/test/mjsunit/compiler/omit-default-ctors-array-iterator.js:13}","9","1"
"7772a2df9d0b4db9947dbb902b4aec33c35401c0","EXTRACT_SUPER","{Class D1 at deps/v8/test/mjsunit/compiler/omit-default-ctors.js:279}","{Class C at deps/v8/test/mjsunit/omit-default-ctors-array-iterator.js:15}","1","1"
"7772a2df9d0b4db9947dbb902b4aec33c35401c0","EXTRACT_SUPER","{Class B at deps/v8/test/mjsunit/compiler/omit-default-ctors.js:252}","{Class A at deps/v8/test/mjsunit/compiler/omit-default-ctors-array-iterator.js:13}","1","1"
"7772a2df9d0b4db9947dbb902b4aec33c35401c0","EXTRACT_SUPER","{Class B at deps/v8/test/mjsunit/compiler/omit-default-ctors.js:80}","{Class A at deps/v8/test/mjsunit/maglev/omit-default-ctors-array-iterator.js:13}","1","1"
"7772a2df9d0b4db9947dbb902b4aec33c35401c0","EXTRACT_SUPER","{Class B1 at deps/v8/test/mjsunit/compiler/omit-default-ctors.js:195}","{Class A at deps/v8/test/mjsunit/omit-default-ctors-array-iterator.js:13}","1","1"
"7772a2df9d0b4db9947dbb902b4aec33c35401c0","EXTRACT_SUPER","{Class D1 at deps/v8/test/mjsunit/compiler/omit-default-ctors.js:314}","{Class C at deps/v8/test/mjsunit/omit-default-ctors-array-iterator.js:15}","5","1"
"7772a2df9d0b4db9947dbb902b4aec33c35401c0","EXTRACT_SUPER","{Class C at deps/v8/test/mjsunit/es6/super-ic-opt.js:183}","{Class B at deps/v8/test/mjsunit/compiler/omit-default-ctors-array-iterator.js:14}","1","1"
"7772a2df9d0b4db9947dbb902b4aec33c35401c0","EXTRACT_SUPER","{Class B at deps/v8/test/mjsunit/compiler/omit-default-ctors.js:743}","{Class A at deps/v8/test/mjsunit/maglev/omit-default-ctors-array-iterator.js:13}","9","1"
"7772a2df9d0b4db9947dbb902b4aec33c35401c0","EXTRACT_SUPER","{Class B at deps/v8/test/mjsunit/es6/super-ic-opt.js:218}","{Class A at deps/v8/test/mjsunit/compiler/omit-default-ctors-array-iterator.js:13}","1","1"
"7772a2df9d0b4db9947dbb902b4aec33c35401c0","EXTRACT_SUPER","{Class B at deps/v8/test/mjsunit/compiler/omit-default-ctors.js:45}","{Class A at deps/v8/test/mjsunit/compiler/omit-default-ctors-array-iterator.js:13}","1","1"
"7772a2df9d0b4db9947dbb902b4aec33c35401c0","EXTRACT_SUPER","{Class C1 at deps/v8/test/mjsunit/compiler/omit-default-ctors.js:596}","{Class B at deps/v8/test/mjsunit/omit-default-ctors-array-iterator.js:14}","1","1"
"7772a2df9d0b4db9947dbb902b4aec33c35401c0","EXTRACT_SUPER","{Class B at deps/v8/test/mjsunit/compiler/omit-default-ctors.js:68}","{Class A at deps/v8/test/mjsunit/maglev/omit-default-ctors-array-iterator.js:13}","1","1"
"7772a2df9d0b4db9947dbb902b4aec33c35401c0","EXTRACT_SUPER","{Class C at deps/v8/test/mjsunit/es6/super-ic-opt.js:272}","{Class B at deps/v8/test/mjsunit/omit-default-ctors-array-iterator.js:14}","1","1"
"7772a2df9d0b4db9947dbb902b4aec33c35401c0","INLINE","{Function set at deps/v8/test/mjsunit/object-freeze.js:88}","{Function testArrayType at deps/v8/test/mjsunit/tools/foozzie.js:57}","1","52"
"7772a2df9d0b4db9947dbb902b4aec33c35401c0","EXTRACT_SUPER","{Class B1 at deps/v8/test/mjsunit/compiler/omit-default-ctors.js:195}","{Class A at deps/v8/test/mjsunit/maglev/omit-default-ctors-array-iterator.js:13}","1","1"
"7772a2df9d0b4db9947dbb902b4aec33c35401c0","MOVE","{Function js_import at deps/v8/test/mjsunit/wasm/stack-switching.js:123}","{Function js_import at deps/v8/test/mjsunit/wasm/jspi.js:123}","3","3"
"7772a2df9d0b4db9947dbb902b4aec33c35401c0","EXTRACT_SUPER","{Class B at deps/v8/test/mjsunit/compiler/omit-default-ctors.js:390}","{Class A at deps/v8/test/mjsunit/maglev/omit-default-ctors-array-iterator.js:13}","4","1"
"7772a2df9d0b4db9947dbb902b4aec33c35401c0","RENAME","{File stack-switching-no-stress.js at deps/v8/test/mjsunit/wasm/stack-switching-no-stress.js:1}","{File jspi-no-stress.js at deps/v8/test/mjsunit/wasm/jspi-no-stress.js:1}","110","116"
"7772a2df9d0b4db9947dbb902b4aec33c35401c0","EXTRACT_SUPER","{Class C at deps/v8/test/mjsunit/es6/super-ic-opt-no-turboprop.js:107}","{Class B at deps/v8/test/mjsunit/maglev/omit-default-ctors-array-iterator.js:14}","1","1"
"7772a2df9d0b4db9947dbb902b4aec33c35401c0","EXTRACT_SUPER","{Class B at deps/v8/test/mjsunit/compiler/omit-default-ctors.js:688}","{Class A at deps/v8/test/mjsunit/omit-default-ctors-array-iterator.js:13}","1","1"
"7772a2df9d0b4db9947dbb902b4aec33c35401c0","EXTRACT_SUPER","{Class C at deps/v8/test/mjsunit/compiler/omit-default-ctors.js:57}","{Class B at deps/v8/test/mjsunit/compiler/omit-default-ctors-array-iterator.js:14}","1","1"
"7772a2df9d0b4db9947dbb902b4aec33c35401c0","INTERNAL_MOVE","{Function reducer at deps/v8/test/mjsunit/object-seal.js:475}","{Function reducer at deps/v8/test/mjsunit/object-seal.js:1092}","1","1"
"7772a2df9d0b4db9947dbb902b4aec33c35401c0","EXTRACT_SUPER","{Class B at deps/v8/test/mjsunit/compiler/omit-default-ctors.js:312}","{Class A at deps/v8/test/mjsunit/omit-default-ctors-array-iterator.js:13}","1","1"
"7772a2df9d0b4db9947dbb902b4aec33c35401c0","EXTRACT_SUPER","{Class C2 at deps/v8/test/mjsunit/compiler/omit-default-ctors.js:433}","{Class B at deps/v8/test/mjsunit/compiler/omit-default-ctors-array-iterator.js:14}","1","1"
"7772a2df9d0b4db9947dbb902b4aec33c35401c0","EXTRACT_SUPER","{Class D2 at deps/v8/test/mjsunit/compiler/omit-default-ctors.js:320}","{Class C at deps/v8/test/mjsunit/turbolev/regress-432520541.js:12}","5","5"
"7772a2df9d0b4db9947dbb902b4aec33c35401c0","EXTRACT_SUPER","{Class D1 at deps/v8/test/mjsunit/compiler/omit-default-ctors.js:254}","{Class C at deps/v8/test/mjsunit/regress/regress-428226995.js:8}","1","1"
"7772a2df9d0b4db9947dbb902b4aec33c35401c0","EXTRACT_SUPER","{Class C2 at deps/v8/test/mjsunit/compiler/omit-default-ctors.js:433}","{Class B at deps/v8/test/mjsunit/omit-default-ctors-array-iterator.js:14}","1","1"
"7772a2df9d0b4db9947dbb902b4aec33c35401c0","EXTRACT_SUPER","{Class B at deps/v8/test/mjsunit/compiler/omit-default-ctors.js:33}","{Class A at deps/v8/test/mjsunit/maglev/omit-default-ctors-array-iterator.js:13}","1","1"
"7772a2df9d0b4db9947dbb902b4aec33c35401c0","EXTRACT_SUPER","{Class D at deps/v8/test/mjsunit/es6/super-ic-opt.js:92}","{Class C at deps/v8/test/mjsunit/turbolev/regress-432520541.js:12}","3","5"
"7772a2df9d0b4db9947dbb902b4aec33c35401c0","EXTRACT_SUPER","{Class B at deps/v8/test/mjsunit/es6/super-ic-opt.js:177}","{Class A at deps/v8/test/mjsunit/compiler/omit-default-ctors-array-iterator.js:13}","5","1"
"7772a2df9d0b4db9947dbb902b4aec33c35401c0","EXTRACT_SUPER","{Class B at deps/v8/test/mjsunit/compiler/omit-default-ctors.js:21}","{Class A at deps/v8/test/mjsunit/omit-default-ctors-array-iterator.js:13}","1","1"
"7772a2df9d0b4db9947dbb902b4aec33c35401c0","EXTRACT_SUPER","{Class B at deps/v8/test/mjsunit/compiler/omit-default-ctors.js:109}","{Class A at deps/v8/test/mjsunit/compiler/omit-default-ctors-array-iterator.js:13}","1","1"
"7772a2df9d0b4db9947dbb902b4aec33c35401c0","EXTRACT_SUPER","{Class C at deps/v8/test/mjsunit/es6/super-ic-opt-no-turboprop.js:107}","{Class B at deps/v8/test/mjsunit/compiler/omit-default-ctors-array-iterator.js:14}","1","1"
"7772a2df9d0b4db9947dbb902b4aec33c35401c0","EXTRACT_SUPER","{Class C1 at deps/v8/test/mjsunit/compiler/omit-default-ctors.js:689}","{Class B at deps/v8/test/mjsunit/omit-default-ctors-array-iterator.js:14}","1","1"
"7772a2df9d0b4db9947dbb902b4aec33c35401c0","EXTRACT_SUPER","{Class C at deps/v8/test/mjsunit/es6/super-ic-opt.js:272}","{Class B at deps/v8/test/mjsunit/compiler/omit-default-ctors-array-iterator.js:14}","1","1"
"7772a2df9d0b4db9947dbb902b4aec33c35401c0","EXTRACT_SUPER","{Class B at deps/v8/test/mjsunit/es6/super-ic-opt.js:593}","{Class A at deps/v8/test/mjsunit/compiler/omit-default-ctors-array-iterator.js:13}","3","1"
"7772a2df9d0b4db9947dbb902b4aec33c35401c0","EXTRACT_SUPER","{Class C2 at deps/v8/test/mjsunit/compiler/omit-default-ctors.js:469}","{Class B at deps/v8/test/mjsunit/compiler/omit-default-ctors-array-iterator.js:14}","1","1"
"7772a2df9d0b4db9947dbb902b4aec33c35401c0","EXTRACT_SUPER","{Class B at deps/v8/test/mjsunit/es6/super-ic-opt.js:14}","{Class A at deps/v8/test/mjsunit/maglev/omit-default-ctors-array-iterator.js:13}","1","1"
"7772a2df9d0b4db9947dbb902b4aec33c35401c0","EXTRACT_SUPER","{Class B at deps/v8/test/mjsunit/ignition/throw-super-not-called.js:10}","{Class A at deps/v8/test/mjsunit/compiler/omit-default-ctors-array-iterator.js:13}","7","1"
"7772a2df9d0b4db9947dbb902b4aec33c35401c0","EXTRACT_SUPER","{Class C at deps/v8/test/mjsunit/compiler/omit-default-ctors.js:22}","{Class B at deps/v8/test/mjsunit/maglev/omit-default-ctors-array-iterator.js:14}","1","1"
"7772a2df9d0b4db9947dbb902b4aec33c35401c0","EXTRACT_SUPER","{Class D at deps/v8/test/mjsunit/compiler/omit-default-ctors.js:357}","{Class C at deps/v8/test/mjsunit/omit-default-ctors-array-iterator.js:15}","5","1"
"7772a2df9d0b4db9947dbb902b4aec33c35401c0","EXTRACT_SUPER","{Class D2 at deps/v8/test/mjsunit/compiler/omit-default-ctors.js:255}","{Class C at deps/v8/test/mjsunit/turbolev/regress-432520541.js:12}","1","5"
"7772a2df9d0b4db9947dbb902b4aec33c35401c0","EXTRACT_SUPER","{Class C at deps/v8/test/mjsunit/es6/super-ic-opt.js:183}","{Class B at deps/v8/test/mjsunit/maglev/omit-default-ctors-array-iterator.js:14}","1","1"
"7772a2df9d0b4db9947dbb902b4aec33c35401c0","EXTRACT_SUPER","{Class B at deps/v8/test/mjsunit/compiler/omit-default-ctors.js:390}","{Class A at deps/v8/test/mjsunit/omit-default-ctors-array-iterator.js:13}","4","1"
"7772a2df9d0b4db9947dbb902b4aec33c35401c0","EXTRACT_SUPER","{Class C1 at deps/v8/test/mjsunit/compiler/omit-default-ctors.js:721}","{Class B at deps/v8/test/mjsunit/compiler/omit-default-ctors-array-iterator.js:14}","1","1"
"7772a2df9d0b4db9947dbb902b4aec33c35401c0","MOVE","{Function js_import at deps/v8/test/mjsunit/wasm/stack-switching.js:210}","{Function js_import at deps/v8/test/mjsunit/wasm/jspi.js:210}","3","3"
"7772a2df9d0b4db9947dbb902b4aec33c35401c0","EXTRACT_SUPER","{Class B at deps/v8/test/mjsunit/ignition/throw-super-not-called.js:10}","{Class A at deps/v8/test/mjsunit/maglev/omit-default-ctors-array-iterator.js:13}","7","1"
"7772a2df9d0b4db9947dbb902b4aec33c35401c0","EXTRACT_SUPER","{Class B1 at deps/v8/test/mjsunit/compiler/omit-default-ctors.js:144}","{Class A at deps/v8/test/mjsunit/compiler/omit-default-ctors-array-iterator.js:13}","1","1"
"7772a2df9d0b4db9947dbb902b4aec33c35401c0","EXTRACT_SUPER","{Class B at deps/v8/test/mjsunit/es6/super-ic-opt.js:14}","{Class A at deps/v8/test/mjsunit/compiler/omit-default-ctors-array-iterator.js:13}","1","1"
"7772a2df9d0b4db9947dbb902b4aec33c35401c0","EXTRACT_SUPER","{Class B at deps/v8/test/mjsunit/es6/super-ic-opt.js:269}","{Class A at deps/v8/test/mjsunit/maglev/omit-default-ctors-array-iterator.js:13}","1","1"
"7772a2df9d0b4db9947dbb902b4aec33c35401c0","EXTRACT_SUPER","{Class D at deps/v8/test/mjsunit/compiler/omit-default-ctors.js:395}","{Class C at deps/v8/test/mjsunit/regress/regress-crbug-419454582.js:7}","5","3"
"7772a2df9d0b4db9947dbb902b4aec33c35401c0","MOVE","{Function TestNestedSuspenders at deps/v8/test/mjsunit/wasm/stack-switching.js:303}","{Function TestNestedSuspenders at deps/v8/test/mjsunit/wasm/jspi.js:303}","32","32"
"7772a2df9d0b4db9947dbb902b4aec33c35401c0","MOVE","{Function reduce at deps/v8/test/mjsunit/wasm/stack-switching.js:192}","{Function reduce at deps/v8/test/mjsunit/wasm/jspi.js:192}","4","4"
"7772a2df9d0b4db9947dbb902b4aec33c35401c0","EXTRACT_SUPER","{Class B at deps/v8/test/mjsunit/compiler/omit-default-ctors.js:21}","{Class A at deps/v8/test/mjsunit/compiler/omit-default-ctors-array-iterator.js:13}","1","1"
"7772a2df9d0b4db9947dbb902b4aec33c35401c0","EXTRACT_SUPER","{Class C at deps/v8/test/mjsunit/es6/super-ic-opt.js:139}","{Class B at deps/v8/test/mjsunit/omit-default-ctors-array-iterator.js:14}","3","1"
"7772a2df9d0b4db9947dbb902b4aec33c35401c0","EXTRACT_SUPER","{Class B at deps/v8/test/mjsunit/compiler/omit-default-ctors.js:56}","{Class A at deps/v8/test/mjsunit/omit-default-ctors-array-iterator.js:13}","1","1"
"7772a2df9d0b4db9947dbb902b4aec33c35401c0","EXTRACT_SUPER","{Class B at deps/v8/test/mjsunit/compiler/omit-default-ctors.js:656}","{Class A at deps/v8/test/mjsunit/compiler/omit-default-ctors-array-iterator.js:13}","6","1"
"7772a2df9d0b4db9947dbb902b4aec33c35401c0","EXTRACT_SUPER","{Class C1 at deps/v8/test/mjsunit/compiler/omit-default-ctors.js:560}","{Class B at deps/v8/test/mjsunit/omit-default-ctors-array-iterator.js:14}","1","1"
"7772a2df9d0b4db9947dbb902b4aec33c35401c0","EXTRACT_SUPER","{Class B at deps/v8/test/mjsunit/compiler/omit-default-ctors.js:68}","{Class A at deps/v8/test/mjsunit/omit-default-ctors-array-iterator.js:13}","1","1"
"7772a2df9d0b4db9947dbb902b4aec33c35401c0","RENAME","{File stack-switching-notraps.js at deps/v8/test/mjsunit/wasm/stack-switching-notraps.js:1}","{File jspi-notraps.js at deps/v8/test/mjsunit/wasm/jspi-notraps.js:1}","90","90"
"7772a2df9d0b4db9947dbb902b4aec33c35401c0","EXTRACT_SUPER","{Class C at deps/v8/test/mjsunit/compiler/omit-default-ctors.js:95}","{Class B at deps/v8/test/mjsunit/maglev/omit-default-ctors-array-iterator.js:14}","1","1"
"7772a2df9d0b4db9947dbb902b4aec33c35401c0","EXTRACT_SUPER","{Class B at deps/v8/test/mjsunit/es6/super-ic-opt.js:323}","{Class A at deps/v8/test/mjsunit/compiler/omit-default-ctors-array-iterator.js:13}","1","1"
"7772a2df9d0b4db9947dbb902b4aec33c35401c0","EXTRACT_SUPER","{Class B at deps/v8/test/mjsunit/es6/super-ic-opt.js:50}","{Class A at deps/v8/test/mjsunit/omit-default-ctors-array-iterator.js:13}","3","1"
"7772a2df9d0b4db9947dbb902b4aec33c35401c0","EXTRACT_SUPER","{Class D2 at deps/v8/test/mjsunit/compiler/omit-default-ctors.js:255}","{Class C at deps/v8/test/mjsunit/omit-default-ctors-array-iterator.js:15}","1","1"
"7772a2df9d0b4db9947dbb902b4aec33c35401c0","EXTRACT_SUPER","{Class C at deps/v8/test/mjsunit/es6/super-ic-opt.js:557}","{Class B at deps/v8/test/mjsunit/maglev/omit-default-ctors-array-iterator.js:14}","1","1"
"7772a2df9d0b4db9947dbb902b4aec33c35401c0","EXTRACT_SUPER","{Class B at deps/v8/test/mjsunit/es6/super-ic-opt.js:622}","{Class A at deps/v8/test/mjsunit/compiler/omit-default-ctors-array-iterator.js:13}","3","1"
"7772a2df9d0b4db9947dbb902b4aec33c35401c0","EXTRACT_SUPER","{Class B at deps/v8/test/mjsunit/compiler/omit-default-ctors.js:743}","{Class A at deps/v8/test/mjsunit/compiler/omit-default-ctors-array-iterator.js:13}","9","1"
"7772a2df9d0b4db9947dbb902b4aec33c35401c0","EXTRACT_SUPER","{Class B at deps/v8/test/mjsunit/es6/super-ic-opt.js:355}","{Class A at deps/v8/test/mjsunit/compiler/omit-default-ctors-array-iterator.js:13}","1","1"
"7772a2df9d0b4db9947dbb902b4aec33c35401c0","EXTRACT_SUPER","{Class B at deps/v8/test/mjsunit/es6/super-ic-opt.js:477}","{Class A at deps/v8/test/mjsunit/compiler/omit-default-ctors-array-iterator.js:13}","3","1"
"7772a2df9d0b4db9947dbb902b4aec33c35401c0","EXTRACT_SUPER","{Class C at deps/v8/test/mjsunit/compiler/omit-default-ctors.js:253}","{Class B at deps/v8/test/mjsunit/compiler/omit-default-ctors-array-iterator.js:14}","1","1"
"7772a2df9d0b4db9947dbb902b4aec33c35401c0","EXTRACT_SUPER","{Class D1 at deps/v8/test/mjsunit/compiler/omit-default-ctors.js:279}","{Class C at deps/v8/test/mjsunit/turbolev/regress-432520541.js:12}","1","5"
"7772a2df9d0b4db9947dbb902b4aec33c35401c0","EXTRACT_SUPER","{Class B at deps/v8/test/mjsunit/es6/super-ic-opt-no-turboprop.js:19}","{Class A at deps/v8/test/mjsunit/compiler/omit-default-ctors-array-iterator.js:13}","1","1"
"7772a2df9d0b4db9947dbb902b4aec33c35401c0","EXTRACT_SUPER","{Class B at deps/v8/test/mjsunit/es6/classes-subclass-builtins.js:711}","{Class A at deps/v8/test/mjsunit/maglev/omit-default-ctors-array-iterator.js:13}","26","1"
"7772a2df9d0b4db9947dbb902b4aec33c35401c0","EXTRACT_SUPER","{Class C1 at deps/v8/test/mjsunit/compiler/omit-default-ctors.js:596}","{Class B at deps/v8/test/mjsunit/maglev/omit-default-ctors-array-iterator.js:14}","1","1"
"7772a2df9d0b4db9947dbb902b4aec33c35401c0","INTERNAL_MOVE","{Function reducer at deps/v8/test/mjsunit/object-seal.js:931}","{Function reducer at deps/v8/test/mjsunit/object-seal.js:643}","1","1"
"7772a2df9d0b4db9947dbb902b4aec33c35401c0","EXTRACT_SUPER","{Class C at deps/v8/test/mjsunit/es6/super-ic-opt.js:220}","{Class B at deps/v8/test/mjsunit/compiler/omit-default-ctors-array-iterator.js:14}","3","1"
"7772a2df9d0b4db9947dbb902b4aec33c35401c0","EXTRACT_SUPER","{Class C at deps/v8/test/mjsunit/compiler/omit-default-ctors.js:69}","{Class B at deps/v8/test/mjsunit/maglev/omit-default-ctors-array-iterator.js:14}","1","1"
"7772a2df9d0b4db9947dbb902b4aec33c35401c0","EXTRACT_SUPER","{Class C1 at deps/v8/test/mjsunit/compiler/omit-default-ctors.js:624}","{Class B at deps/v8/test/mjsunit/maglev/omit-default-ctors-array-iterator.js:14}","1","1"
"7772a2df9d0b4db9947dbb902b4aec33c35401c0","EXTRACT_SUPER","{Class C2 at deps/v8/test/mjsunit/compiler/omit-default-ctors.js:561}","{Class B at deps/v8/test/mjsunit/omit-default-ctors-array-iterator.js:14}","1","1"
"7772a2df9d0b4db9947dbb902b4aec33c35401c0","EXTRACT_SUPER","{Class C at deps/v8/test/mjsunit/compiler/omit-default-ctors.js:356}","{Class B at deps/v8/test/mjsunit/maglev/omit-default-ctors-array-iterator.js:14}","1","1"
"7772a2df9d0b4db9947dbb902b4aec33c35401c0","EXTRACT_SUPER","{Class C at deps/v8/test/mjsunit/es6/super-ic-opt.js:358}","{Class B at deps/v8/test/mjsunit/compiler/omit-default-ctors-array-iterator.js:14}","1","1"
"7772a2df9d0b4db9947dbb902b4aec33c35401c0","EXTRACT_SUPER","{Class B at deps/v8/test/mjsunit/es6/super-ic-opt-no-turboprop.js:19}","{Class A at deps/v8/test/mjsunit/omit-default-ctors-array-iterator.js:13}","1","1"
"7772a2df9d0b4db9947dbb902b4aec33c35401c0","MOVE","{Function asmModule at deps/v8/test/mjsunit/wasm/stack-switching.js:21}","{Function asmModule at deps/v8/test/mjsunit/wasm/jspi.js:21}","7","7"
"7772a2df9d0b4db9947dbb902b4aec33c35401c0","EXTRACT_SUPER","{Class C2 at deps/v8/test/mjsunit/compiler/omit-default-ctors.js:533}","{Class B at deps/v8/test/mjsunit/maglev/omit-default-ctors-array-iterator.js:14}","1","1"
"7772a2df9d0b4db9947dbb902b4aec33c35401c0","EXTRACT_SUPER","{Class C1 at deps/v8/test/mjsunit/compiler/omit-default-ctors.js:468}","{Class B at deps/v8/test/mjsunit/maglev/omit-default-ctors-array-iterator.js:14}","1","1"
"7772a2df9d0b4db9947dbb902b4aec33c35401c0","EXTRACT_SUPER","{Class B at deps/v8/test/mjsunit/es6/super-ic-opt.js:355}","{Class A at deps/v8/test/mjsunit/omit-default-ctors-array-iterator.js:13}","1","1"
"7772a2df9d0b4db9947dbb902b4aec33c35401c0","EXTRACT_SUPER","{Class B at deps/v8/test/mjsunit/compiler/omit-default-ctors.js:526}","{Class A at deps/v8/test/mjsunit/compiler/omit-default-ctors-array-iterator.js:13}","6","1"
"7772a2df9d0b4db9947dbb902b4aec33c35401c0","EXTRACT_SUPER","{Class C at deps/v8/test/mjsunit/compiler/omit-default-ctors.js:278}","{Class B at deps/v8/test/mjsunit/compiler/omit-default-ctors-array-iterator.js:14}","1","1"
"7772a2df9d0b4db9947dbb902b4aec33c35401c0","EXTRACT_SUPER","{Class B at deps/v8/test/mjsunit/compiler/omit-default-ctors.js:109}","{Class A at deps/v8/test/mjsunit/maglev/omit-default-ctors-array-iterator.js:13}","1","1"
"7772a2df9d0b4db9947dbb902b4aec33c35401c0","EXTRACT_SUPER","{Class C2 at deps/v8/test/mjsunit/compiler/omit-default-ctors.js:625}","{Class B at deps/v8/test/mjsunit/maglev/omit-default-ctors-array-iterator.js:14}","1","1"
"7772a2df9d0b4db9947dbb902b4aec33c35401c0","EXTRACT_SUPER","{Class B at deps/v8/test/mjsunit/es6/super-ic-opt.js:441}","{Class A at deps/v8/test/mjsunit/maglev/omit-default-ctors-array-iterator.js:13}","3","1"
"7772a2df9d0b4db9947dbb902b4aec33c35401c0","EXTRACT_SUPER","{Class B at deps/v8/test/mjsunit/es6/super-ic-opt-no-turboprop.js:155}","{Class A at deps/v8/test/mjsunit/compiler/omit-default-ctors-array-iterator.js:13}","7","1"
"7772a2df9d0b4db9947dbb902b4aec33c35401c0","EXTRACT_SUPER","{Class B at deps/v8/test/mjsunit/es6/super-ic-opt-no-turboprop.js:104}","{Class A at deps/v8/test/mjsunit/compiler/omit-default-ctors-array-iterator.js:13}","1","1"
"7772a2df9d0b4db9947dbb902b4aec33c35401c0","MOVE","{Function js_import at deps/v8/test/mjsunit/wasm/stack-switching.js:292}","{Function js_import at deps/v8/test/mjsunit/wasm/jspi.js:292}","3","3"
"7772a2df9d0b4db9947dbb902b4aec33c35401c0","EXTRACT_SUPER","{Class B at deps/v8/test/mjsunit/es6/super-ic-opt.js:396}","{Class A at deps/v8/test/mjsunit/omit-default-ctors-array-iterator.js:13}","5","1"
"7772a2df9d0b4db9947dbb902b4aec33c35401c0","EXTRACT_SUPER","{Class D2 at deps/v8/test/mjsunit/compiler/omit-default-ctors.js:280}","{Class C at deps/v8/test/mjsunit/regress/regress-crbug-419454582.js:7}","1","3"
"7772a2df9d0b4db9947dbb902b4aec33c35401c0","EXTRACT_SUPER","{Class C at deps/v8/test/mjsunit/es6/super-ic-opt.js:53}","{Class B at deps/v8/test/mjsunit/maglev/omit-default-ctors-array-iterator.js:14}","3","1"
"7772a2df9d0b4db9947dbb902b4aec33c35401c0","EXTRACT_SUPER","{Class C at deps/v8/test/mjsunit/es6/super-ic-opt-no-turboprop.js:67}","{Class B at deps/v8/test/mjsunit/maglev/omit-default-ctors-array-iterator.js:14}","1","1"
"7772a2df9d0b4db9947dbb902b4aec33c35401c0","EXTRACT_SUPER","{Class B at deps/v8/test/mjsunit/compiler/omit-default-ctors.js:390}","{Class A at deps/v8/test/mjsunit/compiler/omit-default-ctors-array-iterator.js:13}","4","1"
"7772a2df9d0b4db9947dbb902b4aec33c35401c0","EXTRACT_SUPER","{Class C at deps/v8/test/mjsunit/compiler/omit-default-ctors.js:110}","{Class B at deps/v8/test/mjsunit/maglev/omit-default-ctors-array-iterator.js:14}","1","1"
"7772a2df9d0b4db9947dbb902b4aec33c35401c0","EXTRACT_SUPER","{Class C at deps/v8/test/mjsunit/es6/super-ic-opt.js:512}","{Class B at deps/v8/test/mjsunit/maglev/omit-default-ctors-array-iterator.js:14}","1","1"
"7772a2df9d0b4db9947dbb902b4aec33c35401c0","EXTRACT_SUPER","{Class B at deps/v8/test/mjsunit/compiler/omit-default-ctors.js:743}","{Class A at deps/v8/test/mjsunit/omit-default-ctors-array-iterator.js:13}","9","1"
"7772a2df9d0b4db9947dbb902b4aec33c35401c0","EXTRACT_SUPER","{Class B at deps/v8/test/mjsunit/compiler/omit-default-ctors.js:45}","{Class A at deps/v8/test/mjsunit/omit-default-ctors-array-iterator.js:13}","1","1"
"7772a2df9d0b4db9947dbb902b4aec33c35401c0","EXTRACT_SUPER","{Class C at deps/v8/test/mjsunit/compiler/omit-default-ctors.js:394}","{Class B at deps/v8/test/mjsunit/omit-default-ctors-array-iterator.js:14}","1","1"
"7772a2df9d0b4db9947dbb902b4aec33c35401c0","EXTRACT_SUPER","{Class B at deps/v8/test/mjsunit/compiler/omit-default-ctors.js:495}","{Class A at deps/v8/test/mjsunit/maglev/omit-default-ctors-array-iterator.js:13}","1","1"
"7772a2df9d0b4db9947dbb902b4aec33c35401c0","EXTRACT_SUPER","{Class C1 at deps/v8/test/mjsunit/compiler/omit-default-ctors.js:496}","{Class B at deps/v8/test/mjsunit/maglev/omit-default-ctors-array-iterator.js:14}","1","1"
"7772a2df9d0b4db9947dbb902b4aec33c35401c0","EXTRACT_SUPER","{Class C2 at deps/v8/test/mjsunit/compiler/omit-default-ctors.js:597}","{Class B at deps/v8/test/mjsunit/compiler/omit-default-ctors-array-iterator.js:14}","1","1"
"7772a2df9d0b4db9947dbb902b4aec33c35401c0","EXTRACT_SUPER","{Class C at deps/v8/test/mjsunit/es6/super-ic-opt.js:358}","{Class B at deps/v8/test/mjsunit/omit-default-ctors-array-iterator.js:14}","1","1"
"7772a2df9d0b4db9947dbb902b4aec33c35401c0","EXTRACT_SUPER","{Class C at deps/v8/test/mjsunit/compiler/omit-default-ctors.js:34}","{Class B at deps/v8/test/mjsunit/compiler/omit-default-ctors-array-iterator.js:14}","1","1"
"7772a2df9d0b4db9947dbb902b4aec33c35401c0","EXTRACT_SUPER","{Class B at deps/v8/test/mjsunit/es6/super-ic-opt.js:396}","{Class A at deps/v8/test/mjsunit/maglev/omit-default-ctors-array-iterator.js:13}","5","1"
"7772a2df9d0b4db9947dbb902b4aec33c35401c0","EXTRACT_SUPER","{Class D2 at deps/v8/test/mjsunit/compiler/omit-default-ctors.js:280}","{Class C at deps/v8/test/mjsunit/regress/regress-428226995.js:8}","1","1"
"7772a2df9d0b4db9947dbb902b4aec33c35401c0","EXTRACT_SUPER","{Class B at deps/v8/test/mjsunit/es6/super-ic-opt.js:136}","{Class A at deps/v8/test/mjsunit/compiler/omit-default-ctors-array-iterator.js:13}","1","1"
"7772a2df9d0b4db9947dbb902b4aec33c35401c0","EXTRACT_SUPER","{Class B at deps/v8/test/mjsunit/compiler/omit-default-ctors.js:431}","{Class A at deps/v8/test/mjsunit/omit-default-ctors-array-iterator.js:13}","1","1"
"7772a2df9d0b4db9947dbb902b4aec33c35401c0","EXTRACT_SUPER","{Class C2 at deps/v8/test/mjsunit/harmony/regress/regress-402863536.js:12}","{Class C1 at deps/v8/test/mjsunit/regress-420746766.js:9}","3","7"
"7772a2df9d0b4db9947dbb902b4aec33c35401c0","EXTRACT_SUPER","{Class C at deps/v8/test/mjsunit/es6/super-ic-opt.js:402}","{Class B at deps/v8/test/mjsunit/maglev/omit-default-ctors-array-iterator.js:14}","1","1"
"7772a2df9d0b4db9947dbb902b4aec33c35401c0","EXTRACT_SUPER","{Class B at deps/v8/test/mjsunit/compiler/omit-default-ctors.js:109}","{Class A at deps/v8/test/mjsunit/omit-default-ctors-array-iterator.js:13}","1","1"
"7772a2df9d0b4db9947dbb902b4aec33c35401c0","EXTRACT_SUPER","{Class C at deps/v8/test/mjsunit/compiler/omit-default-ctors.js:394}","{Class B at deps/v8/test/mjsunit/compiler/omit-default-ctors-array-iterator.js:14}","1","1"
"7772a2df9d0b4db9947dbb902b4aec33c35401c0","EXTRACT_SUPER","{Class B at deps/v8/test/mjsunit/es6/super-ic-opt.js:218}","{Class A at deps/v8/test/mjsunit/omit-default-ctors-array-iterator.js:13}","1","1"
"7772a2df9d0b4db9947dbb902b4aec33c35401c0","EXTRACT_SUPER","{Class C1 at deps/v8/test/mjsunit/compiler/omit-default-ctors.js:532}","{Class B at deps/v8/test/mjsunit/maglev/omit-default-ctors-array-iterator.js:14}","1","1"
"7772a2df9d0b4db9947dbb902b4aec33c35401c0","EXTRACT_SUPER","{Class C at deps/v8/test/mjsunit/es6/super-ic-opt.js:326}","{Class B at deps/v8/test/mjsunit/omit-default-ctors-array-iterator.js:14}","3","1"
"7772a2df9d0b4db9947dbb902b4aec33c35401c0","EXTRACT_SUPER","{Class B at deps/v8/test/mjsunit/ignition/throw-super-not-called.js:10}","{Class A at deps/v8/test/mjsunit/omit-default-ctors-array-iterator.js:13}","7","1"
"7772a2df9d0b4db9947dbb902b4aec33c35401c0","EXTRACT_SUPER","{Class B at deps/v8/test/mjsunit/es6/super-ic-opt.js:441}","{Class A at deps/v8/test/mjsunit/omit-default-ctors-array-iterator.js:13}","3","1"
"7772a2df9d0b4db9947dbb902b4aec33c35401c0","EXTRACT_SUPER","{Class D at deps/v8/test/mjsunit/compiler/omit-default-ctors.js:357}","{Class C at deps/v8/test/mjsunit/turbolev/regress-432520541.js:12}","5","5"
"7772a2df9d0b4db9947dbb902b4aec33c35401c0","EXTRACT_SUPER","{Class B at deps/v8/test/mjsunit/compiler/omit-default-ctors.js:10}","{Class A at deps/v8/test/mjsunit/maglev/omit-default-ctors-array-iterator.js:13}","1","1"
"7772a2df9d0b4db9947dbb902b4aec33c35401c0","EXTRACT_SUPER","{Class B2 at deps/v8/test/mjsunit/compiler/omit-default-ctors.js:155}","{Class A at deps/v8/test/mjsunit/compiler/omit-default-ctors-array-iterator.js:13}","3","1"
"7772a2df9d0b4db9947dbb902b4aec33c35401c0","EXTRACT_SUPER","{Class C at deps/v8/test/mjsunit/compiler/omit-default-ctors.js:278}","{Class B at deps/v8/test/mjsunit/omit-default-ctors-array-iterator.js:14}","1","1"
"7772a2df9d0b4db9947dbb902b4aec33c35401c0","EXTRACT_SUPER","{Class B at deps/v8/test/mjsunit/es6/super-ic-opt.js:14}","{Class A at deps/v8/test/mjsunit/omit-default-ctors-array-iterator.js:13}","1","1"
"7772a2df9d0b4db9947dbb902b4aec33c35401c0","EXTRACT_SUPER","{Class C2 at deps/v8/test/mjsunit/compiler/omit-default-ctors.js:469}","{Class B at deps/v8/test/mjsunit/omit-default-ctors-array-iterator.js:14}","1","1"
"7772a2df9d0b4db9947dbb902b4aec33c35401c0","EXTRACT_SUPER","{Class B at deps/v8/test/mjsunit/es6/super-ic-opt.js:50}","{Class A at deps/v8/test/mjsunit/maglev/omit-default-ctors-array-iterator.js:13}","3","1"
"7772a2df9d0b4db9947dbb902b4aec33c35401c0","EXTRACT_SUPER","{Class B at deps/v8/test/mjsunit/compiler/omit-default-ctors.js:688}","{Class A at deps/v8/test/mjsunit/compiler/omit-default-ctors-array-iterator.js:13}","1","1"
"7772a2df9d0b4db9947dbb902b4aec33c35401c0","EXTRACT_SUPER","{Class C at deps/v8/test/mjsunit/compiler/omit-default-ctors.js:34}","{Class B at deps/v8/test/mjsunit/omit-default-ctors-array-iterator.js:14}","1","1"
"7772a2df9d0b4db9947dbb902b4aec33c35401c0","EXTRACT_SUPER","{Class B at deps/v8/test/mjsunit/es6/classes-subclass-builtins.js:711}","{Class A at deps/v8/test/mjsunit/omit-default-ctors-array-iterator.js:13}","26","1"
"7772a2df9d0b4db9947dbb902b4aec33c35401c0","INLINE","{Function set at deps/v8/test/mjsunit/object-freeze.js:88}","{Function mock at deps/v8/tools/clusterfuzz/foozzie/v8_mock.js:117}","1","50"
"7772a2df9d0b4db9947dbb902b4aec33c35401c0","EXTRACT_SUPER","{Class C at deps/v8/test/mjsunit/es6/super-ic-opt.js:139}","{Class B at deps/v8/test/mjsunit/compiler/omit-default-ctors-array-iterator.js:14}","3","1"
"7772a2df9d0b4db9947dbb902b4aec33c35401c0","MOVE","{Function workerCode at deps/v8/test/mjsunit/wasm/stack-switching.js:579}","{Function workerCode at deps/v8/test/mjsunit/wasm/jspi.js:579}","27","27"
"7772a2df9d0b4db9947dbb902b4aec33c35401c0","EXTRACT_SUPER","{Class C at deps/v8/test/mjsunit/compiler/omit-default-ctors.js:313}","{Class B at deps/v8/test/mjsunit/maglev/omit-default-ctors-array-iterator.js:14}","1","1"
"7772a2df9d0b4db9947dbb902b4aec33c35401c0","MOVE","{Function js_import at deps/v8/test/mjsunit/wasm/stack-switching.js:231}","{Function js_import at deps/v8/test/mjsunit/wasm/jspi.js:231}","3","3"
"7772a2df9d0b4db9947dbb902b4aec33c35401c0","EXTRACT_SUPER","{Class C2 at deps/v8/test/mjsunit/compiler/omit-default-ctors.js:597}","{Class B at deps/v8/test/mjsunit/omit-default-ctors-array-iterator.js:14}","1","1"
"7772a2df9d0b4db9947dbb902b4aec33c35401c0","EXTRACT_SUPER","{Class B at deps/v8/test/mjsunit/compiler/omit-default-ctors.js:623}","{Class A at deps/v8/test/mjsunit/compiler/omit-default-ctors-array-iterator.js:13}","1","1"
"7772a2df9d0b4db9947dbb902b4aec33c35401c0","EXTRACT_SUPER","{Class C at deps/v8/test/mjsunit/es6/super-ic-opt.js:358}","{Class B at deps/v8/test/mjsunit/maglev/omit-default-ctors-array-iterator.js:14}","1","1"
"7772a2df9d0b4db9947dbb902b4aec33c35401c0","EXTRACT_SUPER","{Class C at deps/v8/test/mjsunit/es6/classes-subclass-builtins.js:738}","{Class B at deps/v8/test/mjsunit/omit-default-ctors-array-iterator.js:14}","26","1"
"7772a2df9d0b4db9947dbb902b4aec33c35401c0","EXTRACT_SUPER","{Class B at deps/v8/test/mjsunit/es6/super-ic-opt.js:551}","{Class A at deps/v8/test/mjsunit/maglev/omit-default-ctors-array-iterator.js:13}","5","1"
"7772a2df9d0b4db9947dbb902b4aec33c35401c0","EXTRACT_SUPER","{Class D2 at deps/v8/test/mjsunit/compiler/omit-default-ctors.js:320}","{Class C at deps/v8/test/mjsunit/omit-default-ctors-array-iterator.js:15}","5","1"
"7772a2df9d0b4db9947dbb902b4aec33c35401c0","EXTRACT_SUPER","{Class C at deps/v8/test/mjsunit/es6/super-ic-opt.js:220}","{Class B at deps/v8/test/mjsunit/maglev/omit-default-ctors-array-iterator.js:14}","3","1"
"7772a2df9d0b4db9947dbb902b4aec33c35401c0","EXTRACT_SUPER","{Class B at deps/v8/test/mjsunit/compiler/omit-default-ctors.js:352}","{Class A at deps/v8/test/mjsunit/omit-default-ctors-array-iterator.js:13}","4","1"
"7772a2df9d0b4db9947dbb902b4aec33c35401c0","EXTRACT_SUPER","{Class C2 at deps/v8/test/mjsunit/compiler/omit-default-ctors.js:625}","{Class B at deps/v8/test/mjsunit/omit-default-ctors-array-iterator.js:14}","1","1"
"7772a2df9d0b4db9947dbb902b4aec33c35401c0","EXTRACT_SUPER","{Class B at deps/v8/test/mjsunit/es6/super-ic-opt.js:50}","{Class A at deps/v8/test/mjsunit/compiler/omit-default-ctors-array-iterator.js:13}","3","1"
"7772a2df9d0b4db9947dbb902b4aec33c35401c0","EXTRACT_SUPER","{Class C2 at deps/v8/test/mjsunit/compiler/omit-default-ctors.js:722}","{Class B at deps/v8/test/mjsunit/compiler/omit-default-ctors-array-iterator.js:14}","1","1"
"7772a2df9d0b4db9947dbb902b4aec33c35401c0","EXTRACT_SUPER","{Class B at deps/v8/test/mjsunit/ignition/throw-if-not-hole.js:10}","{Class A at deps/v8/test/mjsunit/maglev/omit-default-ctors-array-iterator.js:13}","8","1"
"7772a2df9d0b4db9947dbb902b4aec33c35401c0","EXTRACT_SUPER","{Class B at deps/v8/test/mjsunit/compiler/omit-default-ctors.js:56}","{Class A at deps/v8/test/mjsunit/compiler/omit-default-ctors-array-iterator.js:13}","1","1"
"7772a2df9d0b4db9947dbb902b4aec33c35401c0","MOVE","{Function check_stack at deps/v8/test/mjsunit/wasm/stack-switching.js:625}","{Function check_stack at deps/v8/test/mjsunit/wasm/jspi.js:625}","4","4"
"7772a2df9d0b4db9947dbb902b4aec33c35401c0","EXTRACT_SUPER","{Class C at deps/v8/test/mjsunit/es6/super-ic-opt.js:53}","{Class B at deps/v8/test/mjsunit/omit-default-ctors-array-iterator.js:14}","3","1"
"7772a2df9d0b4db9947dbb902b4aec33c35401c0","EXTRACT_SUPER","{Class B at deps/v8/test/mjsunit/es6/super-ic-opt.js:87}","{Class A at deps/v8/test/mjsunit/maglev/omit-default-ctors-array-iterator.js:13}","1","1"
"7772a2df9d0b4db9947dbb902b4aec33c35401c0","EXTRACT_SUPER","{Class D at deps/v8/test/mjsunit/es6/super-ic-opt.js:92}","{Class C at deps/v8/test/mjsunit/omit-default-ctors-array-iterator.js:15}","3","1"
"7772a2df9d0b4db9947dbb902b4aec33c35401c0","EXTRACT_SUPER","{Class B at deps/v8/test/mjsunit/compiler/omit-default-ctors.js:462}","{Class A at deps/v8/test/mjsunit/omit-default-ctors-array-iterator.js:13}","6","1"
"7772a2df9d0b4db9947dbb902b4aec33c35401c0","EXTRACT_SUPER","{Class C2 at deps/v8/test/mjsunit/compiler/omit-default-ctors.js:690}","{Class B at deps/v8/test/mjsunit/maglev/omit-default-ctors-array-iterator.js:14}","1","1"
"7772a2df9d0b4db9947dbb902b4aec33c35401c0","EXTRACT_SUPER","{Class B at deps/v8/test/mjsunit/es6/super-ic-opt.js:477}","{Class A at deps/v8/test/mjsunit/omit-default-ctors-array-iterator.js:13}","3","1"
"7772a2df9d0b4db9947dbb902b4aec33c35401c0","EXTRACT_SUPER","{Class B at deps/v8/test/mjsunit/compiler/omit-default-ctors.js:33}","{Class A at deps/v8/test/mjsunit/compiler/omit-default-ctors-array-iterator.js:13}","1","1"
"7772a2df9d0b4db9947dbb902b4aec33c35401c0","EXTRACT_SUPER","{Class C2 at deps/v8/test/mjsunit/compiler/omit-default-ctors.js:561}","{Class B at deps/v8/test/mjsunit/compiler/omit-default-ctors-array-iterator.js:14}","1","1"
"7772a2df9d0b4db9947dbb902b4aec33c35401c0","EXTRACT_SUPER","{Class B at deps/v8/test/mjsunit/compiler/omit-default-ctors.js:277}","{Class A at deps/v8/test/mjsunit/maglev/omit-default-ctors-array-iterator.js:13}","1","1"
"7772a2df9d0b4db9947dbb902b4aec33c35401c0","EXTRACT_SUPER","{Class B at deps/v8/test/mjsunit/compiler/omit-default-ctors.js:559}","{Class A at deps/v8/test/mjsunit/compiler/omit-default-ctors-array-iterator.js:13}","1","1"
"7772a2df9d0b4db9947dbb902b4aec33c35401c0","EXTRACT_SUPER","{Class MyArray at deps/v8/test/mjsunit/regress/regress-961709-classes-opt.js:13}","{Class C at deps/v8/test/mjsunit/omit-default-ctors-array-iterator.js:15}","1","1"
"7772a2df9d0b4db9947dbb902b4aec33c35401c0","EXTRACT_SUPER","{Class C at deps/v8/test/mjsunit/es6/super-ic-opt.js:17}","{Class B at deps/v8/test/mjsunit/maglev/omit-default-ctors-array-iterator.js:14}","3","1"
"7772a2df9d0b4db9947dbb902b4aec33c35401c0","EXTRACT_SUPER","{Class D2 at deps/v8/test/mjsunit/compiler/omit-default-ctors.js:255}","{Class C at deps/v8/test/mjsunit/regress/regress-crbug-419454582.js:7}","1","3"
"7772a2df9d0b4db9947dbb902b4aec33c35401c0","EXTRACT_SUPER","{Class B at deps/v8/test/mjsunit/compiler/omit-default-ctors.js:312}","{Class A at deps/v8/test/mjsunit/maglev/omit-default-ctors-array-iterator.js:13}","1","1"
"7772a2df9d0b4db9947dbb902b4aec33c35401c0","EXTRACT_SUPER","{Class C at deps/v8/test/mjsunit/compiler/omit-default-ctors.js:110}","{Class B at deps/v8/test/mjsunit/omit-default-ctors-array-iterator.js:14}","1","1"
"7772a2df9d0b4db9947dbb902b4aec33c35401c0","EXTRACT_SUPER","{Class MyArray at deps/v8/test/mjsunit/regress/regress-961709-classes-opt.js:13}","{Class C at deps/v8/test/mjsunit/regress/regress-crbug-419454582.js:7}","1","3"
"7772a2df9d0b4db9947dbb902b4aec33c35401c0","EXTRACT_SUPER","{Class C at deps/v8/test/mjsunit/es6/super-ic-opt.js:557}","{Class B at deps/v8/test/mjsunit/compiler/omit-default-ctors-array-iterator.js:14}","1","1"
"7772a2df9d0b4db9947dbb902b4aec33c35401c0","EXTRACT_SUPER","{Class C at deps/v8/test/mjsunit/es6/super-ic-opt-no-turboprop.js:22}","{Class B at deps/v8/test/mjsunit/maglev/omit-default-ctors-array-iterator.js:14}","3","1"
"7772a2df9d0b4db9947dbb902b4aec33c35401c0","EXTRACT_SUPER","{Class B at deps/v8/test/mjsunit/compiler/omit-default-ctors.js:431}","{Class A at deps/v8/test/mjsunit/maglev/omit-default-ctors-array-iterator.js:13}","1","1"
"7772a2df9d0b4db9947dbb902b4aec33c35401c0","EXTRACT_SUPER","{Class B1 at deps/v8/test/mjsunit/compiler/omit-default-ctors.js:144}","{Class A at deps/v8/test/mjsunit/omit-default-ctors-array-iterator.js:13}","1","1"
"7772a2df9d0b4db9947dbb902b4aec33c35401c0","EXTRACT_MOVE","{Function CheckFunctionPillDescriptor at deps/v8/test/mjsunit/strict-mode.js:1011}","{Function set at deps/v8/test/mjsunit/object-freeze.js:88}","22","1"
"7772a2df9d0b4db9947dbb902b4aec33c35401c0","EXTRACT_SUPER","{Class D at deps/v8/test/mjsunit/es6/super-ic-opt.js:92}","{Class C at deps/v8/test/mjsunit/regress/regress-crbug-419454582.js:7}","3","3"
"7772a2df9d0b4db9947dbb902b4aec33c35401c0","EXTRACT_SUPER","{Class B at deps/v8/test/mjsunit/es6/super-ic-opt.js:218}","{Class A at deps/v8/test/mjsunit/maglev/omit-default-ctors-array-iterator.js:13}","1","1"
"7772a2df9d0b4db9947dbb902b4aec33c35401c0","EXTRACT_SUPER","{Class B at deps/v8/test/mjsunit/compiler/omit-default-ctors.js:68}","{Class A at deps/v8/test/mjsunit/compiler/omit-default-ctors-array-iterator.js:13}","1","1"
"7772a2df9d0b4db9947dbb902b4aec33c35401c0","EXTRACT_SUPER","{Class C1 at deps/v8/test/mjsunit/compiler/omit-default-ctors.js:596}","{Class B at deps/v8/test/mjsunit/compiler/omit-default-ctors-array-iterator.js:14}","1","1"
"7772a2df9d0b4db9947dbb902b4aec33c35401c0","EXTRACT_SUPER","{Class C at deps/v8/test/mjsunit/es6/super-ic-opt.js:183}","{Class B at deps/v8/test/mjsunit/omit-default-ctors-array-iterator.js:14}","1","1"
"7772a2df9d0b4db9947dbb902b4aec33c35401c0","EXTRACT_SUPER","{Class B2 at deps/v8/test/mjsunit/compiler/omit-default-ctors.js:206}","{Class A at deps/v8/test/mjsunit/maglev/omit-default-ctors-array-iterator.js:13}","3","1"
"7772a2df9d0b4db9947dbb902b4aec33c35401c0","EXTRACT_SUPER","{Class C at deps/v8/test/mjsunit/es6/classes-subclass-builtins.js:738}","{Class B at deps/v8/test/mjsunit/maglev/omit-default-ctors-array-iterator.js:14}","26","1"
"7772a2df9d0b4db9947dbb902b4aec33c35401c0","EXTRACT_SUPER","{Class B at deps/v8/test/mjsunit/es6/super-ic-opt.js:136}","{Class A at deps/v8/test/mjsunit/omit-default-ctors-array-iterator.js:13}","1","1"
"7772a2df9d0b4db9947dbb902b4aec33c35401c0","RENAME","{File stack-switching-generic-wrapper.js at deps/v8/test/mjsunit/wasm/stack-switching-generic-wrapper.js:1}","{File jspi-generic-wrapper.js at deps/v8/test/mjsunit/wasm/jspi-generic-wrapper.js:1}","44","44"
"7772a2df9d0b4db9947dbb902b4aec33c35401c0","EXTRACT_SUPER","{Class C at deps/v8/test/mjsunit/es6/super-ic-opt.js:220}","{Class B at deps/v8/test/mjsunit/omit-default-ctors-array-iterator.js:14}","3","1"
"7772a2df9d0b4db9947dbb902b4aec33c35401c0","EXTRACT_SUPER","{Class D at deps/v8/test/mjsunit/compiler/omit-default-ctors.js:395}","{Class C at deps/v8/test/mjsunit/regress/regress-428226995.js:8}","5","1"
"7772a2df9d0b4db9947dbb902b4aec33c35401c0","EXTRACT_SUPER","{Class C at deps/v8/test/mjsunit/compiler/omit-default-ctors.js:57}","{Class B at deps/v8/test/mjsunit/omit-default-ctors-array-iterator.js:14}","1","1"
"7772a2df9d0b4db9947dbb902b4aec33c35401c0","EXTRACT_SUPER","{Class B at deps/v8/test/mjsunit/compiler/omit-default-ctors.js:45}","{Class A at deps/v8/test/mjsunit/maglev/omit-default-ctors-array-iterator.js:13}","1","1"
"7772a2df9d0b4db9947dbb902b4aec33c35401c0","EXTRACT","{Function prettyPrintedObject at deps/v8/tools/clusterfuzz/js_fuzzer/resources/differential_fuzz_library.js:68}","{Function prettyPrintedObjectProperties at deps/v8/tools/clusterfuzz/js_fuzzer/resources/differential_fuzz_library.js:111}","8","8"
"7772a2df9d0b4db9947dbb902b4aec33c35401c0","EXTRACT_SUPER","{Class C at deps/v8/test/mjsunit/compiler/omit-default-ctors.js:22}","{Class B at deps/v8/test/mjsunit/omit-default-ctors-array-iterator.js:14}","1","1"
"7772a2df9d0b4db9947dbb902b4aec33c35401c0","EXTRACT_SUPER","{Class B at deps/v8/test/mjsunit/es6/classes-subclass-builtins.js:711}","{Class A at deps/v8/test/mjsunit/compiler/omit-default-ctors-array-iterator.js:13}","26","1"
"7772a2df9d0b4db9947dbb902b4aec33c35401c0","EXTRACT_SUPER","{Class B at deps/v8/test/mjsunit/es6/super-ic-opt-no-turboprop.js:155}","{Class A at deps/v8/test/mjsunit/maglev/omit-default-ctors-array-iterator.js:13}","7","1"
"7772a2df9d0b4db9947dbb902b4aec33c35401c0","EXTRACT_SUPER","{Class B at deps/v8/test/mjsunit/compiler/omit-default-ctors.js:590}","{Class A at deps/v8/test/mjsunit/maglev/omit-default-ctors-array-iterator.js:13}","6","1"
"7772a2df9d0b4db9947dbb902b4aec33c35401c0","EXTRACT_SUPER","{Class B at deps/v8/test/mjsunit/compiler/omit-default-ctors.js:33}","{Class A at deps/v8/test/mjsunit/omit-default-ctors-array-iterator.js:13}","1","1"
"7772a2df9d0b4db9947dbb902b4aec33c35401c0","EXTRACT_SUPER","{Class B at deps/v8/test/mjsunit/es6/super-ic-opt.js:136}","{Class A at deps/v8/test/mjsunit/maglev/omit-default-ctors-array-iterator.js:13}","1","1"
"7772a2df9d0b4db9947dbb902b4aec33c35401c0","MOVE","{Function import_js at deps/v8/test/mjsunit/wasm/stack-switching.js:445}","{Function import_js at deps/v8/test/mjsunit/wasm/jspi.js:445}","4","4"
"7772a2df9d0b4db9947dbb902b4aec33c35401c0","INTERNAL_MOVE","{Function reducer at deps/v8/test/mjsunit/object-seal.js:635}","{Function reducer at deps/v8/test/mjsunit/object-seal.js:939}","1","1"
"7772a2df9d0b4db9947dbb902b4aec33c35401c0","EXTRACT_SUPER","{Class C1 at deps/v8/test/mjsunit/compiler/omit-default-ctors.js:689}","{Class B at deps/v8/test/mjsunit/compiler/omit-default-ctors-array-iterator.js:14}","1","1"
"7772a2df9d0b4db9947dbb902b4aec33c35401c0","EXTRACT_SUPER","{Class B at deps/v8/test/mjsunit/es6/super-ic-opt.js:355}","{Class A at deps/v8/test/mjsunit/maglev/omit-default-ctors-array-iterator.js:13}","1","1"
"7772a2df9d0b4db9947dbb902b4aec33c35401c0","RENAME","{File stack-switching-init-safe.js at deps/v8/test/mjsunit/wasm/stack-switching-init-safe.js:1}","{File jspi-init-safe.js at deps/v8/test/mjsunit/wasm/jspi-init-safe.js:1}","23","23"
"7772a2df9d0b4db9947dbb902b4aec33c35401c0","EXTRACT_SUPER","{Class C1 at deps/v8/test/mjsunit/compiler/omit-default-ctors.js:662}","{Class B at deps/v8/test/mjsunit/omit-default-ctors-array-iterator.js:14}","1","1"
"7772a2df9d0b4db9947dbb902b4aec33c35401c0","EXTRACT_SUPER","{Class B at deps/v8/test/mjsunit/compiler/omit-default-ctors.js:352}","{Class A at deps/v8/test/mjsunit/compiler/omit-default-ctors-array-iterator.js:13}","4","1"
"7772a2df9d0b4db9947dbb902b4aec33c35401c0","EXTRACT_SUPER","{Class C2 at deps/v8/test/mjsunit/compiler/omit-default-ctors.js:722}","{Class B at deps/v8/test/mjsunit/maglev/omit-default-ctors-array-iterator.js:14}","1","1"
"7772a2df9d0b4db9947dbb902b4aec33c35401c0","INTERNAL_MOVE","{Function reducer at deps/v8/test/mjsunit/object-seal.js:1084}","{Function reducer at deps/v8/test/mjsunit/object-seal.js:483}","1","1"
"7772a2df9d0b4db9947dbb902b4aec33c35401c0","EXTRACT_SUPER","{Class D at deps/v8/test/mjsunit/compiler/omit-default-ctors.js:395}","{Class C at deps/v8/test/mjsunit/turbolev/regress-432520541.js:12}","5","5"
"7772a2df9d0b4db9947dbb902b4aec33c35401c0","EXTRACT_SUPER","{Class B at deps/v8/test/mjsunit/es6/super-ic-opt.js:593}","{Class A at deps/v8/test/mjsunit/omit-default-ctors-array-iterator.js:13}","3","1"
"7772a2df9d0b4db9947dbb902b4aec33c35401c0","EXTRACT_SUPER","{Class B at deps/v8/test/mjsunit/es6/super-ic-opt-no-turboprop.js:104}","{Class A at deps/v8/test/mjsunit/omit-default-ctors-array-iterator.js:13}","1","1"
"7772a2df9d0b4db9947dbb902b4aec33c35401c0","EXTRACT_SUPER","{Class C1 at deps/v8/test/mjsunit/compiler/omit-default-ctors.js:560}","{Class B at deps/v8/test/mjsunit/maglev/omit-default-ctors-array-iterator.js:14}","1","1"
"7772a2df9d0b4db9947dbb902b4aec33c35401c0","EXTRACT_SUPER","{Class D1 at deps/v8/test/mjsunit/compiler/omit-default-ctors.js:314}","{Class C at deps/v8/test/mjsunit/turbolev/regress-432520541.js:12}","5","5"
"7772a2df9d0b4db9947dbb902b4aec33c35401c0","EXTRACT_SUPER","{Class C1 at deps/v8/test/mjsunit/compiler/omit-default-ctors.js:662}","{Class B at deps/v8/test/mjsunit/maglev/omit-default-ctors-array-iterator.js:14}","1","1"
"7772a2df9d0b4db9947dbb902b4aec33c35401c0","EXTRACT_SUPER","{Class D1 at deps/v8/test/mjsunit/compiler/omit-default-ctors.js:254}","{Class C at deps/v8/test/mjsunit/regress/regress-crbug-419454582.js:7}","1","3"
"7772a2df9d0b4db9947dbb902b4aec33c35401c0","EXTRACT_SUPER","{Class B at deps/v8/test/mjsunit/compiler/omit-default-ctors.js:656}","{Class A at deps/v8/test/mjsunit/omit-default-ctors-array-iterator.js:13}","6","1"
"7772a2df9d0b4db9947dbb902b4aec33c35401c0","EXTRACT_SUPER","{Class B at deps/v8/test/mjsunit/compiler/omit-default-ctors.js:718}","{Class A at deps/v8/test/mjsunit/compiler/omit-default-ctors-array-iterator.js:13}","3","1"
"7772a2df9d0b4db9947dbb902b4aec33c35401c0","EXTRACT_SUPER","{Class B at deps/v8/test/mjsunit/compiler/omit-default-ctors.js:462}","{Class A at deps/v8/test/mjsunit/compiler/omit-default-ctors-array-iterator.js:13}","6","1"
"7772a2df9d0b4db9947dbb902b4aec33c35401c0","EXTRACT_SUPER","{Class C2 at deps/v8/test/mjsunit/compiler/omit-default-ctors.js:663}","{Class B at deps/v8/test/mjsunit/omit-default-ctors-array-iterator.js:14}","1","1"
"7772a2df9d0b4db9947dbb902b4aec33c35401c0","INTERNAL_MOVE","{Function v4 at deps/v8/test/mjsunit/regress/regress-353628445.js:19}","{Function v4 at deps/v8/test/mjsunit/regress/regress-353628445.js:19}","5","5"
"7772a2df9d0b4db9947dbb902b4aec33c35401c0","EXTRACT_SUPER","{Class C1 at deps/v8/test/mjsunit/compiler/omit-default-ctors.js:560}","{Class B at deps/v8/test/mjsunit/compiler/omit-default-ctors-array-iterator.js:14}","1","1"
"7772a2df9d0b4db9947dbb902b4aec33c35401c0","EXTRACT_SUPER","{Class B2 at deps/v8/test/mjsunit/compiler/omit-default-ctors.js:155}","{Class A at deps/v8/test/mjsunit/omit-default-ctors-array-iterator.js:13}","3","1"
"7772a2df9d0b4db9947dbb902b4aec33c35401c0","EXTRACT_SUPER","{Class D2 at deps/v8/test/mjsunit/compiler/omit-default-ctors.js:320}","{Class C at deps/v8/test/mjsunit/regress/regress-crbug-419454582.js:7}","5","3"
"7772a2df9d0b4db9947dbb902b4aec33c35401c0","EXTRACT_SUPER","{Class B at deps/v8/test/mjsunit/es6/super-ic-opt-no-turboprop.js:19}","{Class A at deps/v8/test/mjsunit/maglev/omit-default-ctors-array-iterator.js:13}","1","1"
"7772a2df9d0b4db9947dbb902b4aec33c35401c0","EXTRACT_SUPER","{Class B at deps/v8/test/mjsunit/es6/super-ic-opt-no-turboprop.js:64}","{Class A at deps/v8/test/mjsunit/compiler/omit-default-ctors-array-iterator.js:13}","1","1"
"7772a2df9d0b4db9947dbb902b4aec33c35401c0","EXTRACT_SUPER","{Class C1 at deps/v8/test/mjsunit/compiler/omit-default-ctors.js:662}","{Class B at deps/v8/test/mjsunit/compiler/omit-default-ctors-array-iterator.js:14}","1","1"
"7772a2df9d0b4db9947dbb902b4aec33c35401c0","EXTRACT_SUPER","{Class C1 at deps/v8/test/mjsunit/compiler/omit-default-ctors.js:624}","{Class B at deps/v8/test/mjsunit/omit-default-ctors-array-iterator.js:14}","1","1"
"7772a2df9d0b4db9947dbb902b4aec33c35401c0","EXTRACT_SUPER","{Class D1 at deps/v8/test/mjsunit/compiler/omit-default-ctors.js:254}","{Class C at deps/v8/test/mjsunit/omit-default-ctors-array-iterator.js:15}","1","1"
"7772a2df9d0b4db9947dbb902b4aec33c35401c0","EXTRACT_SUPER","{Class B at deps/v8/test/mjsunit/compiler/omit-default-ctors.js:94}","{Class A at deps/v8/test/mjsunit/compiler/omit-default-ctors-array-iterator.js:13}","1","1"
"7772a2df9d0b4db9947dbb902b4aec33c35401c0","EXTRACT_SUPER","{Class C1 at deps/v8/test/mjsunit/compiler/omit-default-ctors.js:432}","{Class B at deps/v8/test/mjsunit/omit-default-ctors-array-iterator.js:14}","1","1"
"7772a2df9d0b4db9947dbb902b4aec33c35401c0","EXTRACT_SUPER","{Class B at deps/v8/test/mjsunit/es6/super-ic-opt.js:441}","{Class A at deps/v8/test/mjsunit/compiler/omit-default-ctors-array-iterator.js:13}","3","1"
"7772a2df9d0b4db9947dbb902b4aec33c35401c0","EXTRACT_SUPER","{Class B at deps/v8/test/mjsunit/es6/super-ic-opt.js:509}","{Class A at deps/v8/test/mjsunit/compiler/omit-default-ctors-array-iterator.js:13}","1","1"
"7772a2df9d0b4db9947dbb902b4aec33c35401c0","EXTRACT_SUPER","{Class D1 at deps/v8/test/mjsunit/compiler/omit-default-ctors.js:314}","{Class C at deps/v8/test/mjsunit/regress/regress-428226995.js:8}","5","1"
"7772a2df9d0b4db9947dbb902b4aec33c35401c0","EXTRACT_SUPER","{Class D at deps/v8/test/mjsunit/compiler/omit-default-ctors.js:357}","{Class C at deps/v8/test/mjsunit/regress/regress-428226995.js:8}","5","1"
"7772a2df9d0b4db9947dbb902b4aec33c35401c0","EXTRACT_SUPER","{Class C at deps/v8/test/mjsunit/es6/super-ic-opt.js:53}","{Class B at deps/v8/test/mjsunit/compiler/omit-default-ctors-array-iterator.js:14}","3","1"
"7772a2df9d0b4db9947dbb902b4aec33c35401c0","INTERNAL_MOVE","{Function f0 at deps/v8/test/mjsunit/regress/regress-353628445.js:15}","{Function f0 at deps/v8/test/mjsunit/regress/regress-353628445.js:15}","4","4"
"7772a2df9d0b4db9947dbb902b4aec33c35401c0","EXTRACT_SUPER","{Class C at deps/v8/test/mjsunit/compiler/omit-default-ctors.js:313}","{Class B at deps/v8/test/mjsunit/omit-default-ctors-array-iterator.js:14}","1","1"
"7772a2df9d0b4db9947dbb902b4aec33c35401c0","EXTRACT_SUPER","{Class B at deps/v8/test/mjsunit/compiler/omit-default-ctors.js:462}","{Class A at deps/v8/test/mjsunit/maglev/omit-default-ctors-array-iterator.js:13}","6","1"
"7772a2df9d0b4db9947dbb902b4aec33c35401c0","EXTRACT_SUPER","{Class C at deps/v8/test/mjsunit/compiler/omit-default-ctors.js:110}","{Class B at deps/v8/test/mjsunit/compiler/omit-default-ctors-array-iterator.js:14}","1","1"
"7772a2df9d0b4db9947dbb902b4aec33c35401c0","EXTRACT_SUPER","{Class B at deps/v8/test/mjsunit/compiler/omit-default-ctors.js:559}","{Class A at deps/v8/test/mjsunit/omit-default-ctors-array-iterator.js:13}","1","1"
"7772a2df9d0b4db9947dbb902b4aec33c35401c0","EXTRACT_SUPER","{Class C at deps/v8/test/mjsunit/compiler/omit-default-ctors.js:57}","{Class B at deps/v8/test/mjsunit/maglev/omit-default-ctors-array-iterator.js:14}","1","1"
"7772a2df9d0b4db9947dbb902b4aec33c35401c0","EXTRACT_SUPER","{Class C at deps/v8/test/mjsunit/compiler/omit-default-ctors.js:34}","{Class B at deps/v8/test/mjsunit/maglev/omit-default-ctors-array-iterator.js:14}","1","1"
"7772a2df9d0b4db9947dbb902b4aec33c35401c0","EXTRACT_SUPER","{Class C2 at deps/v8/test/mjsunit/compiler/omit-default-ctors.js:722}","{Class B at deps/v8/test/mjsunit/omit-default-ctors-array-iterator.js:14}","1","1"
"7772a2df9d0b4db9947dbb902b4aec33c35401c0","EXTRACT_SUPER","{Class B at deps/v8/test/mjsunit/compiler/omit-default-ctors.js:277}","{Class A at deps/v8/test/mjsunit/omit-default-ctors-array-iterator.js:13}","1","1"
"7772a2df9d0b4db9947dbb902b4aec33c35401c0","EXTRACT_SUPER","{Class C1 at deps/v8/test/mjsunit/compiler/omit-default-ctors.js:496}","{Class B at deps/v8/test/mjsunit/compiler/omit-default-ctors-array-iterator.js:14}","1","1"
"7772a2df9d0b4db9947dbb902b4aec33c35401c0","EXTRACT_SUPER","{Class B at deps/v8/test/mjsunit/es6/super-ic-opt.js:477}","{Class A at deps/v8/test/mjsunit/maglev/omit-default-ctors-array-iterator.js:13}","3","1"
"7772a2df9d0b4db9947dbb902b4aec33c35401c0","EXTRACT_SUPER","{Class C at deps/v8/test/mjsunit/es6/super-ic-opt-no-turboprop.js:67}","{Class B at deps/v8/test/mjsunit/omit-default-ctors-array-iterator.js:14}","1","1"
"7772a2df9d0b4db9947dbb902b4aec33c35401c0","EXTRACT_SUPER","{Class B1 at deps/v8/test/mjsunit/compiler/omit-default-ctors.js:195}","{Class A at deps/v8/test/mjsunit/compiler/omit-default-ctors-array-iterator.js:13}","1","1"
"7772a2df9d0b4db9947dbb902b4aec33c35401c0","RENAME","{File stack-switching-conditional.js at deps/v8/test/mjsunit/wasm/stack-switching-conditional.js:1}","{File jspi-conditional.js at deps/v8/test/mjsunit/wasm/jspi-conditional.js:1}","20","20"
"7772a2df9d0b4db9947dbb902b4aec33c35401c0","EXTRACT_SUPER","{Class B at deps/v8/test/mjsunit/es6/super-ic-opt.js:323}","{Class A at deps/v8/test/mjsunit/maglev/omit-default-ctors-array-iterator.js:13}","1","1"
"7772a2df9d0b4db9947dbb902b4aec33c35401c0","EXTRACT_SUPER","{Class B at deps/v8/test/mjsunit/es6/super-ic-opt.js:177}","{Class A at deps/v8/test/mjsunit/maglev/omit-default-ctors-array-iterator.js:13}","5","1"
"7772a2df9d0b4db9947dbb902b4aec33c35401c0","EXTRACT_SUPER","{Class C at deps/v8/test/mjsunit/es6/classes-subclass-builtins.js:738}","{Class B at deps/v8/test/mjsunit/compiler/omit-default-ctors-array-iterator.js:14}","26","1"
"7772a2df9d0b4db9947dbb902b4aec33c35401c0","EXTRACT_SUPER","{Class B at deps/v8/test/mjsunit/es6/super-ic-opt.js:593}","{Class A at deps/v8/test/mjsunit/maglev/omit-default-ctors-array-iterator.js:13}","3","1"
"7772a2df9d0b4db9947dbb902b4aec33c35401c0","EXTRACT_SUPER","{Class B at deps/v8/test/mjsunit/es6/super-ic-opt.js:396}","{Class A at deps/v8/test/mjsunit/compiler/omit-default-ctors-array-iterator.js:13}","5","1"
"7772a2df9d0b4db9947dbb902b4aec33c35401c0","EXTRACT_SUPER","{Class B at deps/v8/test/mjsunit/compiler/omit-default-ctors.js:688}","{Class A at deps/v8/test/mjsunit/maglev/omit-default-ctors-array-iterator.js:13}","1","1"
"7772a2df9d0b4db9947dbb902b4aec33c35401c0","EXTRACT_SUPER","{Class C1 at deps/v8/test/mjsunit/compiler/omit-default-ctors.js:624}","{Class B at deps/v8/test/mjsunit/compiler/omit-default-ctors-array-iterator.js:14}","1","1"
"7772a2df9d0b4db9947dbb902b4aec33c35401c0","EXTRACT_SUPER","{Class C at deps/v8/test/mjsunit/es6/super-ic-opt-no-turboprop.js:107}","{Class B at deps/v8/test/mjsunit/omit-default-ctors-array-iterator.js:14}","1","1"
"7772a2df9d0b4db9947dbb902b4aec33c35401c0","EXTRACT_SUPER","{Class D1 at deps/v8/test/mjsunit/compiler/omit-default-ctors.js:314}","{Class C at deps/v8/test/mjsunit/regress/regress-crbug-419454582.js:7}","5","3"
"7772a2df9d0b4db9947dbb902b4aec33c35401c0","EXTRACT_SUPER","{Class B at deps/v8/test/mjsunit/es6/super-ic-opt.js:551}","{Class A at deps/v8/test/mjsunit/omit-default-ctors-array-iterator.js:13}","5","1"
"7772a2df9d0b4db9947dbb902b4aec33c35401c0","EXTRACT_SUPER","{Class B at deps/v8/test/mjsunit/compiler/omit-default-ctors.js:80}","{Class A at deps/v8/test/mjsunit/omit-default-ctors-array-iterator.js:13}","1","1"
"7772a2df9d0b4db9947dbb902b4aec33c35401c0","EXTRACT_SUPER","{Class B at deps/v8/test/mjsunit/compiler/omit-default-ctors.js:10}","{Class A at deps/v8/test/mjsunit/compiler/omit-default-ctors-array-iterator.js:13}","1","1"
"7772a2df9d0b4db9947dbb902b4aec33c35401c0","EXTRACT_SUPER","{Class C at deps/v8/test/mjsunit/es6/super-ic-opt.js:90}","{Class B at deps/v8/test/mjsunit/omit-default-ctors-array-iterator.js:14}","1","1"
"7772a2df9d0b4db9947dbb902b4aec33c35401c0","EXTRACT_SUPER","{Class C2 at deps/v8/test/mjsunit/compiler/omit-default-ctors.js:597}","{Class B at deps/v8/test/mjsunit/maglev/omit-default-ctors-array-iterator.js:14}","1","1"
"7772a2df9d0b4db9947dbb902b4aec33c35401c0","EXTRACT_SUPER","{Class C at deps/v8/test/mjsunit/es6/super-ic-opt.js:326}","{Class B at deps/v8/test/mjsunit/maglev/omit-default-ctors-array-iterator.js:14}","3","1"
"7772a2df9d0b4db9947dbb902b4aec33c35401c0","RENAME","{File stack-switching-export.js at deps/v8/test/mjsunit/wasm/stack-switching-export.js:1}","{File jspi-export.js at deps/v8/test/mjsunit/wasm/jspi-export.js:1}","893","893"
"7772a2df9d0b4db9947dbb902b4aec33c35401c0","EXTRACT_SUPER","{Class C1 at deps/v8/test/mjsunit/compiler/omit-default-ctors.js:689}","{Class B at deps/v8/test/mjsunit/maglev/omit-default-ctors-array-iterator.js:14}","1","1"
"7772a2df9d0b4db9947dbb902b4aec33c35401c0","EXTRACT_SUPER","{Class B at deps/v8/test/mjsunit/es6/super-ic-opt.js:87}","{Class A at deps/v8/test/mjsunit/omit-default-ctors-array-iterator.js:13}","1","1"
"7772a2df9d0b4db9947dbb902b4aec33c35401c0","EXTRACT_SUPER","{Class C at deps/v8/test/mjsunit/compiler/omit-default-ctors.js:278}","{Class B at deps/v8/test/mjsunit/maglev/omit-default-ctors-array-iterator.js:14}","1","1"
"7772a2df9d0b4db9947dbb902b4aec33c35401c0","EXTRACT_SUPER","{Class B2 at deps/v8/test/mjsunit/compiler/omit-default-ctors.js:155}","{Class A at deps/v8/test/mjsunit/maglev/omit-default-ctors-array-iterator.js:13}","3","1"
"7772a2df9d0b4db9947dbb902b4aec33c35401c0","EXTRACT_SUPER","{Class B at deps/v8/test/mjsunit/compiler/omit-default-ctors.js:764}","{Class A at deps/v8/test/mjsunit/maglev/omit-default-ctors-array-iterator.js:13}","9","1"
"7772a2df9d0b4db9947dbb902b4aec33c35401c0","EXTRACT_SUPER","{Class C1 at deps/v8/test/mjsunit/compiler/omit-default-ctors.js:468}","{Class B at deps/v8/test/mjsunit/compiler/omit-default-ctors-array-iterator.js:14}","1","1"
"7772a2df9d0b4db9947dbb902b4aec33c35401c0","EXTRACT_SUPER","{Class C1 at deps/v8/test/mjsunit/compiler/omit-default-ctors.js:432}","{Class B at deps/v8/test/mjsunit/maglev/omit-default-ctors-array-iterator.js:14}","1","1"
"7772a2df9d0b4db9947dbb902b4aec33c35401c0","EXTRACT_SUPER","{Class MyArray at deps/v8/test/mjsunit/regress/regress-961709-classes-opt.js:13}","{Class C at deps/v8/test/mjsunit/turbolev/regress-432520541.js:12}","1","5"
"7772a2df9d0b4db9947dbb902b4aec33c35401c0","EXTRACT_SUPER","{Class B at deps/v8/test/mjsunit/compiler/omit-default-ctors.js:656}","{Class A at deps/v8/test/mjsunit/maglev/omit-default-ctors-array-iterator.js:13}","6","1"
"7772a2df9d0b4db9947dbb902b4aec33c35401c0","EXTRACT_SUPER","{Class C at deps/v8/test/mjsunit/es6/super-ic-opt.js:512}","{Class B at deps/v8/test/mjsunit/omit-default-ctors-array-iterator.js:14}","1","1"
"7772a2df9d0b4db9947dbb902b4aec33c35401c0","RENAME","{Function EncodeHeapType at deps/v8/test/mjsunit/wasm/wasm-module-builder.js:2429}","{Function wasmEncodeHeapType at deps/v8/test/mjsunit/wasm/wasm-module-builder.js:2451}","7","10"
"7772a2df9d0b4db9947dbb902b4aec33c35401c0","EXTRACT_SUPER","{Class C at deps/v8/test/mjsunit/compiler/omit-default-ctors.js:253}","{Class B at deps/v8/test/mjsunit/maglev/omit-default-ctors-array-iterator.js:14}","1","1"
"7772a2df9d0b4db9947dbb902b4aec33c35401c0","EXTRACT_SUPER","{Class C2 at deps/v8/test/mjsunit/compiler/omit-default-ctors.js:663}","{Class B at deps/v8/test/mjsunit/maglev/omit-default-ctors-array-iterator.js:14}","1","1"
"7772a2df9d0b4db9947dbb902b4aec33c35401c0","EXTRACT_SUPER","{Class C at deps/v8/test/mjsunit/compiler/omit-default-ctors.js:95}","{Class B at deps/v8/test/mjsunit/compiler/omit-default-ctors-array-iterator.js:14}","1","1"
"7772a2df9d0b4db9947dbb902b4aec33c35401c0","EXTRACT_SUPER","{Class B at deps/v8/test/mjsunit/ignition/throw-if-not-hole.js:10}","{Class A at deps/v8/test/mjsunit/omit-default-ctors-array-iterator.js:13}","8","1"
"7772a2df9d0b4db9947dbb902b4aec33c35401c0","EXTRACT_SUPER","{Class B at deps/v8/test/mjsunit/compiler/omit-default-ctors.js:252}","{Class A at deps/v8/test/mjsunit/maglev/omit-default-ctors-array-iterator.js:13}","1","1"
"7772a2df9d0b4db9947dbb902b4aec33c35401c0","EXTRACT_SUPER","{Class B at deps/v8/test/mjsunit/compiler/omit-default-ctors.js:21}","{Class A at deps/v8/test/mjsunit/maglev/omit-default-ctors-array-iterator.js:13}","1","1"
"7772a2df9d0b4db9947dbb902b4aec33c35401c0","EXTRACT_SUPER","{Class B at deps/v8/test/mjsunit/compiler/omit-default-ctors.js:590}","{Class A at deps/v8/test/mjsunit/compiler/omit-default-ctors-array-iterator.js:13}","6","1"
"7772a2df9d0b4db9947dbb902b4aec33c35401c0","EXTRACT_SUPER","{Class D1 at deps/v8/test/mjsunit/compiler/omit-default-ctors.js:279}","{Class C at deps/v8/test/mjsunit/regress/regress-428226995.js:8}","1","1"
"7772a2df9d0b4db9947dbb902b4aec33c35401c0","EXTRACT_SUPER","{Class B at deps/v8/test/mjsunit/compiler/omit-default-ctors.js:495}","{Class A at deps/v8/test/mjsunit/compiler/omit-default-ctors-array-iterator.js:13}","1","1"
"7772a2df9d0b4db9947dbb902b4aec33c35401c0","EXTRACT_SUPER","{Class B at deps/v8/test/mjsunit/es6/super-ic-opt-no-turboprop.js:104}","{Class A at deps/v8/test/mjsunit/maglev/omit-default-ctors-array-iterator.js:13}","1","1"
"7772a2df9d0b4db9947dbb902b4aec33c35401c0","EXTRACT_SUPER","{Class B at deps/v8/test/mjsunit/compiler/omit-default-ctors.js:80}","{Class A at deps/v8/test/mjsunit/compiler/omit-default-ctors-array-iterator.js:13}","1","1"
"7772a2df9d0b4db9947dbb902b4aec33c35401c0","EXTRACT_SUPER","{Class C at deps/v8/test/mjsunit/es6/super-ic-opt.js:139}","{Class B at deps/v8/test/mjsunit/maglev/omit-default-ctors-array-iterator.js:14}","3","1"
"7772a2df9d0b4db9947dbb902b4aec33c35401c0","EXTRACT_SUPER","{Class C2 at deps/v8/test/mjsunit/compiler/omit-default-ctors.js:497}","{Class B at deps/v8/test/mjsunit/omit-default-ctors-array-iterator.js:14}","1","1"
"7772a2df9d0b4db9947dbb902b4aec33c35401c0","EXTRACT_SUPER","{Class C at deps/v8/test/mjsunit/es6/super-ic-opt-no-turboprop.js:22}","{Class B at deps/v8/test/mjsunit/compiler/omit-default-ctors-array-iterator.js:14}","3","1"
"7772a2df9d0b4db9947dbb902b4aec33c35401c0","EXTRACT_SUPER","{Class C2 at deps/v8/test/mjsunit/compiler/omit-default-ctors.js:561}","{Class B at deps/v8/test/mjsunit/maglev/omit-default-ctors-array-iterator.js:14}","1","1"
"7772a2df9d0b4db9947dbb902b4aec33c35401c0","EXTRACT_SUPER","{Class C2 at deps/v8/test/mjsunit/compiler/omit-default-ctors.js:469}","{Class B at deps/v8/test/mjsunit/maglev/omit-default-ctors-array-iterator.js:14}","1","1"
"7772a2df9d0b4db9947dbb902b4aec33c35401c0","MOVE","{Function js_import at deps/v8/test/mjsunit/wasm/stack-switching.js:268}","{Function js_import at deps/v8/test/mjsunit/wasm/jspi.js:268}","3","3"
"7772a2df9d0b4db9947dbb902b4aec33c35401c0","EXTRACT_SUPER","{Class B at deps/v8/test/mjsunit/es6/super-ic-opt.js:509}","{Class A at deps/v8/test/mjsunit/maglev/omit-default-ctors-array-iterator.js:13}","1","1"
"7772a2df9d0b4db9947dbb902b4aec33c35401c0","EXTRACT_SUPER","{Class B at deps/v8/test/mjsunit/es6/super-ic-opt-no-turboprop.js:64}","{Class A at deps/v8/test/mjsunit/omit-default-ctors-array-iterator.js:13}","1","1"
"7772a2df9d0b4db9947dbb902b4aec33c35401c0","EXTRACT_SUPER","{Class C1 at deps/v8/test/mjsunit/compiler/omit-default-ctors.js:532}","{Class B at deps/v8/test/mjsunit/omit-default-ctors-array-iterator.js:14}","1","1"
"7772a2df9d0b4db9947dbb902b4aec33c35401c0","EXTRACT_SUPER","{Class C1 at deps/v8/test/mjsunit/compiler/omit-default-ctors.js:721}","{Class B at deps/v8/test/mjsunit/maglev/omit-default-ctors-array-iterator.js:14}","1","1"
"7772a2df9d0b4db9947dbb902b4aec33c35401c0","EXTRACT_SUPER","{Class C at deps/v8/test/mjsunit/compiler/omit-default-ctors.js:356}","{Class B at deps/v8/test/mjsunit/compiler/omit-default-ctors-array-iterator.js:14}","1","1"
"7772a2df9d0b4db9947dbb902b4aec33c35401c0","EXTRACT_SUPER","{Class C2 at deps/v8/test/mjsunit/compiler/omit-default-ctors.js:690}","{Class B at deps/v8/test/mjsunit/omit-default-ctors-array-iterator.js:14}","1","1"
"7772a2df9d0b4db9947dbb902b4aec33c35401c0","EXTRACT_SUPER","{Class C at deps/v8/test/mjsunit/compiler/omit-default-ctors.js:69}","{Class B at deps/v8/test/mjsunit/compiler/omit-default-ctors-array-iterator.js:14}","1","1"
"7772a2df9d0b4db9947dbb902b4aec33c35401c0","EXTRACT_SUPER","{Class C at deps/v8/test/mjsunit/es6/super-ic-opt.js:17}","{Class B at deps/v8/test/mjsunit/compiler/omit-default-ctors-array-iterator.js:14}","3","1"
"7772a2df9d0b4db9947dbb902b4aec33c35401c0","EXTRACT_SUPER","{Class B at deps/v8/test/mjsunit/compiler/omit-default-ctors.js:526}","{Class A at deps/v8/test/mjsunit/maglev/omit-default-ctors-array-iterator.js:13}","6","1"
"7772a2df9d0b4db9947dbb902b4aec33c35401c0","EXTRACT_SUPER","{Class B at deps/v8/test/mjsunit/es6/super-ic-opt-no-turboprop.js:64}","{Class A at deps/v8/test/mjsunit/maglev/omit-default-ctors-array-iterator.js:13}","1","1"
"7772a2df9d0b4db9947dbb902b4aec33c35401c0","EXTRACT_SUPER","{Class B at deps/v8/test/mjsunit/compiler/omit-default-ctors.js:718}","{Class A at deps/v8/test/mjsunit/omit-default-ctors-array-iterator.js:13}","3","1"
"7772a2df9d0b4db9947dbb902b4aec33c35401c0","EXTRACT_SUPER","{Class B at deps/v8/test/mjsunit/es6/super-ic-opt.js:622}","{Class A at deps/v8/test/mjsunit/maglev/omit-default-ctors-array-iterator.js:13}","3","1"
"7772a2df9d0b4db9947dbb902b4aec33c35401c0","EXTRACT_SUPER","{Class B at deps/v8/test/mjsunit/compiler/omit-default-ctors.js:352}","{Class A at deps/v8/test/mjsunit/maglev/omit-default-ctors-array-iterator.js:13}","4","1"
"7772a2df9d0b4db9947dbb902b4aec33c35401c0","EXTRACT_SUPER","{Class B at deps/v8/test/mjsunit/es6/super-ic-opt.js:269}","{Class A at deps/v8/test/mjsunit/compiler/omit-default-ctors-array-iterator.js:13}","1","1"
"7772a2df9d0b4db9947dbb902b4aec33c35401c0","EXTRACT_SUPER","{Class C at deps/v8/test/mjsunit/es6/super-ic-opt.js:402}","{Class B at deps/v8/test/mjsunit/omit-default-ctors-array-iterator.js:14}","1","1"
"7772a2df9d0b4db9947dbb902b4aec33c35401c0","EXTRACT_SUPER","{Class B at deps/v8/test/mjsunit/compiler/omit-default-ctors.js:718}","{Class A at deps/v8/test/mjsunit/maglev/omit-default-ctors-array-iterator.js:13}","3","1"
"7772a2df9d0b4db9947dbb902b4aec33c35401c0","EXTRACT_SUPER","{Class C at deps/v8/test/mjsunit/es6/super-ic-opt.js:557}","{Class B at deps/v8/test/mjsunit/omit-default-ctors-array-iterator.js:14}","1","1"
"7772a2df9d0b4db9947dbb902b4aec33c35401c0","EXTRACT_SUPER","{Class C2 at deps/v8/test/mjsunit/compiler/omit-default-ctors.js:690}","{Class B at deps/v8/test/mjsunit/compiler/omit-default-ctors-array-iterator.js:14}","1","1"
"7772a2df9d0b4db9947dbb902b4aec33c35401c0","EXTRACT_SUPER","{Class B at deps/v8/test/mjsunit/compiler/omit-default-ctors.js:252}","{Class A at deps/v8/test/mjsunit/omit-default-ctors-array-iterator.js:13}","1","1"
"7772a2df9d0b4db9947dbb902b4aec33c35401c0","EXTRACT_SUPER","{Class B at deps/v8/test/mjsunit/compiler/omit-default-ctors.js:764}","{Class A at deps/v8/test/mjsunit/omit-default-ctors-array-iterator.js:13}","9","1"
"7772a2df9d0b4db9947dbb902b4aec33c35401c0","EXTRACT_SUPER","{Class D2 at deps/v8/test/mjsunit/compiler/omit-default-ctors.js:255}","{Class C at deps/v8/test/mjsunit/regress/regress-428226995.js:8}","1","1"
"7772a2df9d0b4db9947dbb902b4aec33c35401c0","EXTRACT_SUPER","{Class B at deps/v8/test/mjsunit/compiler/omit-default-ctors.js:623}","{Class A at deps/v8/test/mjsunit/omit-default-ctors-array-iterator.js:13}","1","1"
"7772a2df9d0b4db9947dbb902b4aec33c35401c0","EXTRACT_SUPER","{Class C2 at deps/v8/test/mjsunit/compiler/omit-default-ctors.js:533}","{Class B at deps/v8/test/mjsunit/omit-default-ctors-array-iterator.js:14}","1","1"
"7772a2df9d0b4db9947dbb902b4aec33c35401c0","EXTRACT_SUPER","{Class C2 at deps/v8/test/mjsunit/compiler/omit-default-ctors.js:625}","{Class B at deps/v8/test/mjsunit/compiler/omit-default-ctors-array-iterator.js:14}","1","1"
"7772a2df9d0b4db9947dbb902b4aec33c35401c0","EXTRACT_SUPER","{Class C at deps/v8/test/mjsunit/compiler/omit-default-ctors.js:394}","{Class B at deps/v8/test/mjsunit/maglev/omit-default-ctors-array-iterator.js:14}","1","1"
"7772a2df9d0b4db9947dbb902b4aec33c35401c0","EXTRACT_SUPER","{Class C at deps/v8/test/mjsunit/compiler/omit-default-ctors.js:313}","{Class B at deps/v8/test/mjsunit/compiler/omit-default-ctors-array-iterator.js:14}","1","1"
"7772a2df9d0b4db9947dbb902b4aec33c35401c0","EXTRACT_SUPER","{Class B at deps/v8/test/mjsunit/es6/super-ic-opt.js:509}","{Class A at deps/v8/test/mjsunit/omit-default-ctors-array-iterator.js:13}","1","1"
"7772a2df9d0b4db9947dbb902b4aec33c35401c0","EXTRACT_SUPER","{Class B at deps/v8/test/mjsunit/compiler/omit-default-ctors.js:94}","{Class A at deps/v8/test/mjsunit/omit-default-ctors-array-iterator.js:13}","1","1"
"7772a2df9d0b4db9947dbb902b4aec33c35401c0","EXTRACT_SUPER","{Class B1 at deps/v8/test/mjsunit/compiler/omit-default-ctors.js:144}","{Class A at deps/v8/test/mjsunit/maglev/omit-default-ctors-array-iterator.js:13}","1","1"
"7772a2df9d0b4db9947dbb902b4aec33c35401c0","EXTRACT_SUPER","{Class C at deps/v8/test/mjsunit/es6/super-ic-opt.js:17}","{Class B at deps/v8/test/mjsunit/omit-default-ctors-array-iterator.js:14}","3","1"
"7772a2df9d0b4db9947dbb902b4aec33c35401c0","EXTRACT_SUPER","{Class D at deps/v8/test/mjsunit/compiler/omit-default-ctors.js:357}","{Class C at deps/v8/test/mjsunit/regress/regress-crbug-419454582.js:7}","5","3"
"7772a2df9d0b4db9947dbb902b4aec33c35401c0","EXTRACT_SUPER","{Class C2 at deps/v8/test/mjsunit/compiler/omit-default-ctors.js:497}","{Class B at deps/v8/test/mjsunit/compiler/omit-default-ctors-array-iterator.js:14}","1","1"
"7772a2df9d0b4db9947dbb902b4aec33c35401c0","EXTRACT_SUPER","{Class C at deps/v8/test/mjsunit/es6/super-ic-opt-no-turboprop.js:22}","{Class B at deps/v8/test/mjsunit/omit-default-ctors-array-iterator.js:14}","3","1"
"7772a2df9d0b4db9947dbb902b4aec33c35401c0","EXTRACT_SUPER","{Class C at deps/v8/test/mjsunit/es6/super-ic-opt.js:402}","{Class B at deps/v8/test/mjsunit/compiler/omit-default-ctors-array-iterator.js:14}","1","1"
"7772a2df9d0b4db9947dbb902b4aec33c35401c0","EXTRACT_SUPER","{Class D2 at deps/v8/test/mjsunit/compiler/omit-default-ctors.js:280}","{Class C at deps/v8/test/mjsunit/turbolev/regress-432520541.js:12}","1","5"
"7772a2df9d0b4db9947dbb902b4aec33c35401c0","MOVE","{Function testPackedFrozenArray1 at deps/v8/test/mjsunit/object-freeze.js:401}","{Function testPackedFrozenArray1 at deps/v8/test/mjsunit/object-freeze.js:401}","60","60"
"7772a2df9d0b4db9947dbb902b4aec33c35401c0","EXTRACT_SUPER","{Class C at deps/v8/test/mjsunit/compiler/omit-default-ctors.js:356}","{Class B at deps/v8/test/mjsunit/omit-default-ctors-array-iterator.js:14}","1","1"
"7772a2df9d0b4db9947dbb902b4aec33c35401c0","EXTRACT_SUPER","{Class D2 at deps/v8/test/mjsunit/compiler/omit-default-ctors.js:280}","{Class C at deps/v8/test/mjsunit/omit-default-ctors-array-iterator.js:15}","1","1"
"7772a2df9d0b4db9947dbb902b4aec33c35401c0","EXTRACT_SUPER","{Class C at deps/v8/test/mjsunit/compiler/omit-default-ctors.js:69}","{Class B at deps/v8/test/mjsunit/omit-default-ctors-array-iterator.js:14}","1","1"
"7772a2df9d0b4db9947dbb902b4aec33c35401c0","EXTRACT_SUPER","{Class C1 at deps/v8/test/mjsunit/compiler/omit-default-ctors.js:532}","{Class B at deps/v8/test/mjsunit/compiler/omit-default-ctors-array-iterator.js:14}","1","1"
"7772a2df9d0b4db9947dbb902b4aec33c35401c0","EXTRACT_SUPER","{Class B at deps/v8/test/mjsunit/compiler/omit-default-ctors.js:277}","{Class A at deps/v8/test/mjsunit/compiler/omit-default-ctors-array-iterator.js:13}","1","1"
"7757983da409c16836d59e63aeb76062cf2b36f2"
"03ab5975ab39557132b05906cab00b9ae7754f93"
"7f4aa1b7d3d74c853f0bae05d69c6b5799789c36"
"0c073841a544c4a172d6743ff80a6474f27670be"
"3987555b2ded796565e58ce652e29d6bde77aae2"
