"150b8b8fdd622e9f41f955721d127f9feb140365","CHANGE_SIGNATURE","{Method new(String, IndexVersion) at server/src/main/java/org/elasticsearch/index/mapper/KeywordFieldMapper.java:320}","{Method new(String, IndexSettings) at server/src/main/java/org/elasticsearch/index/mapper/KeywordFieldMapper.java:280}","-310","-270"
"150b8b8fdd622e9f41f955721d127f9feb140365","CHANGE_SIGNATURE","{Method new(String, IndexVersion, boolean) at server/src/main/java/org/elasticsearch/index/mapper/KeywordFieldMapper.java:324}","{Method new(String, IndexSettings, boolean) at server/src/main/java/org/elasticsearch/index/mapper/KeywordFieldMapper.java:284}","-314","-274"
"150b8b8fdd622e9f41f955721d127f9feb140365","CHANGE_SIGNATURE","{Method new(String, FieldType, KeywordFieldType, BuilderParams, Builder, String, SourceKeepMode) at server/src/main/java/org/elasticsearch/index/mapper/KeywordFieldMapper.java:1147}","{Method new(String, FieldType, KeywordFieldType, BuilderParams, Builder, String) at server/src/main/java/org/elasticsearch/index/mapper/KeywordFieldMapper.java:1065}","-1141","-1059"
"150b8b8fdd622e9f41f955721d127f9feb140365","CHANGE_SIGNATURE","{Method createInferenceField(MapperBuilderContext, IndexVersion, boolean, MinimalServiceSettings, SemanticTextIndexOptions, Function, IndexSettings) at x-pack/plugin/inference/src/main/java/org/elasticsearch/xpack/inference/mapper/SemanticTextFieldMapper.java:1290}","{Method createInferenceField(MapperBuilderContext, boolean, MinimalServiceSettings, SemanticTextIndexOptions, Function, IndexSettings) at x-pack/plugin/inference/src/main/java/org/elasticsearch/xpack/inference/mapper/SemanticTextFieldMapper.java:1282}","-1284","-1276"
"150b8b8fdd622e9f41f955721d127f9feb140365","CHANGE_SIGNATURE","{Method shouldUseDocValuesSkipper(boolean, IndexSortConfig, IndexMode, String) at server/src/main/java/org/elasticsearch/index/mapper/KeywordFieldMapper.java:544}","{Method shouldUseDocValuesSkipper(boolean, IndexSettings, String) at server/src/main/java/org/elasticsearch/index/mapper/KeywordFieldMapper.java:471}","-534","-461"
"150b8b8fdd622e9f41f955721d127f9feb140365","CHANGE_SIGNATURE","{Method createExtractQueryFieldBuilder(String, MapperBuilderContext, IndexVersion) at modules/percolator/src/main/java/org/elasticsearch/percolator/PercolatorFieldMapper.java:180}","{Method createExtractQueryFieldBuilder(String, MapperBuilderContext, IndexSettings) at modules/percolator/src/main/java/org/elasticsearch/percolator/PercolatorFieldMapper.java:171}","-170","-161"
"150b8b8fdd622e9f41f955721d127f9feb140365","CHANGE_SIGNATURE","{Method createMinimumShouldMatchField(MapperBuilderContext, IndexVersion) at modules/percolator/src/main/java/org/elasticsearch/percolator/PercolatorFieldMapper.java:203}","{Method createMinimumShouldMatchField(MapperBuilderContext, IndexSettings) at modules/percolator/src/main/java/org/elasticsearch/percolator/PercolatorFieldMapper.java:190}","-193","-180"
"150b8b8fdd622e9f41f955721d127f9feb140365","CHANGE_SIGNATURE","{Method buildWithDocValuesSkipper(String, IndexMode, IndexVersion, boolean, boolean) at server/src/main/java/org/elasticsearch/index/mapper/KeywordFieldMapper.java:328}","{Method buildWithDocValuesSkipper(String, IndexSettings, boolean) at server/src/main/java/org/elasticsearch/index/mapper/KeywordFieldMapper.java:288}","-318","-278"
"150b8b8fdd622e9f41f955721d127f9feb140365","CHANGE_SIGNATURE","{Method new(String, Supplier, boolean, IndexVersion, Supplier) at modules/percolator/src/main/java/org/elasticsearch/percolator/PercolatorFieldMapper.java:119}","{Method new(String, Supplier, boolean, IndexSettings, Supplier) at modules/percolator/src/main/java/org/elasticsearch/percolator/PercolatorFieldMapper.java:118}","-109","-108"
"150b8b8fdd622e9f41f955721d127f9feb140365","CHANGE_SIGNATURE","{Method new(String, IndexAnalyzers, ScriptCompiler, int, IndexVersion, IndexMode, IndexSortConfig, boolean, boolean, SourceKeepMode, boolean) at server/src/main/java/org/elasticsearch/index/mapper/KeywordFieldMapper.java:263}","{Method new(String, IndexAnalyzers, ScriptCompiler, IndexSettings, boolean, boolean) at server/src/main/java/org/elasticsearch/index/mapper/KeywordFieldMapper.java:229}","-253","-219"
"150b8b8fdd622e9f41f955721d127f9feb140365","CHANGE_SIGNATURE","{Method new(String, MappedFieldType, BuilderParams, Supplier, KeywordFieldMapper, KeywordFieldMapper, BinaryFieldMapper, RangeFieldMapper, NumberFieldMapper, boolean, IndexVersion, Supplier) at modules/percolator/src/main/java/org/elasticsearch/percolator/PercolatorFieldMapper.java:373}","{Method new(String, MappedFieldType, BuilderParams, Supplier, KeywordFieldMapper, KeywordFieldMapper, BinaryFieldMapper, RangeFieldMapper, NumberFieldMapper, boolean, IndexSettings, Supplier) at modules/percolator/src/main/java/org/elasticsearch/percolator/PercolatorFieldMapper.java:360}","-367","-354"
"150b8b8fdd622e9f41f955721d127f9feb140365","CHANGE_SIGNATURE","{Method createChunksField(IndexVersion, boolean, MinimalServiceSettings, SemanticTextIndexOptions, Function, IndexSettings) at x-pack/plugin/inference/src/main/java/org/elasticsearch/xpack/inference/mapper/SemanticTextFieldMapper.java:1304}","{Method createChunksField(boolean, MinimalServiceSettings, SemanticTextIndexOptions, Function, IndexSettings) at x-pack/plugin/inference/src/main/java/org/elasticsearch/xpack/inference/mapper/SemanticTextFieldMapper.java:1295}","-1298","-1289"
"2236cbf1bdf1aed5e8929edcf04c8da98aa5508a","EXTRACT_MOVE","{Method asSequentialAccessBits(int, ScorerSupplier, long) at server/src/main/java/org/elasticsearch/common/lucene/Lucene.java:856}","{Method docID() at server/src/main/java/org/elasticsearch/index/fielddata/fieldcomparator/SecondarySortIterator.java:55}","-850","-49"
"2236cbf1bdf1aed5e8929edcf04c8da98aa5508a","CHANGE_SIGNATURE","{Method wrap(LongValues) at server/src/main/java/org/elasticsearch/index/fielddata/fieldcomparator/LongValuesComparatorSource.java:166}","{Method wrap(LongValues, int) at server/src/main/java/org/elasticsearch/index/fielddata/fieldcomparator/LongValuesComparatorSource.java:204}","-160","-198"
"2236cbf1bdf1aed5e8929edcf04c8da98aa5508a","EXTRACT_MOVE","{Method get(int) at server/src/main/java/org/elasticsearch/common/lucene/Lucene.java:876}","{Method docID() at server/src/main/java/org/elasticsearch/index/fielddata/fieldcomparator/SecondarySortIterator.java:55}","-862","-49"
"2236cbf1bdf1aed5e8929edcf04c8da98aa5508a","EXTRACT_MOVE","{Method wrap(LongValues) at server/src/main/java/org/elasticsearch/index/fielddata/fieldcomparator/LongValuesComparatorSource.java:166}","{Method cost() at server/src/main/java/org/elasticsearch/index/fielddata/fieldcomparator/SecondarySortIterator.java:163}","-160","-157"
"2236cbf1bdf1aed5e8929edcf04c8da98aa5508a","EXTRACT_MOVE","{Method wrap(LongValues) at server/src/main/java/org/elasticsearch/index/fielddata/fieldcomparator/LongValuesComparatorSource.java:166}","{Method cost() at server/src/main/java/org/elasticsearch/lucene/comparators/XUpdateableDocIdSetIterator.java:45}","-160","-39"
"2236cbf1bdf1aed5e8929edcf04c8da98aa5508a","EXTRACT_MOVE","{Method wrap(LongValues) at server/src/main/java/org/elasticsearch/index/fielddata/fieldcomparator/LongValuesComparatorSource.java:166}","{Method docID() at server/src/main/java/org/elasticsearch/index/fielddata/fieldcomparator/SecondarySortIterator.java:55}","-160","-49"
"d0aed1ba1499f59ff08c08a94878459c3e116350"
"4cbd85921e1283841f0a9547800f84a8c6adb509"
"004fab6627b0ae65cf939e0d69a4db8dbd175798"
"95c237fb17293b920ebb260767728428893fb794"
"c95d632560585b06a5a41f92f15337c27e4d7957"
"29f98681006f259fc33aa0400712f856d54039ae"
"9108b5064a5673c3f7ea83024715a60640d77a91"
"9c273d7fa2f21b836d2cb448dd4b0f2618ba0d96"
"968f59a840c3a41e3f350c53c9cc44973720f46f"
"4f5d00163ccd441e290d0f49b3186be42efbe132","CHANGE_SIGNATURE","{Method newTransportService(PluginsService, Settings, Transport, ThreadPool, TransportInterceptor, Function, ClusterSettings, TaskManager, Tracer, String, LinkedProjectConfigService, ProjectResolver) at test/framework/src/main/java/org/elasticsearch/node/MockNode.java:167}","{Method newTransportService(PluginsService, Settings, Transport, ThreadPool, TransportInterceptor, Function, ClusterSettings, TaskManager, TelemetryProvider, String, LinkedProjectConfigService, ProjectResolver) at test/framework/src/main/java/org/elasticsearch/node/MockNode.java:168}","-157","-158"
"4f5d00163ccd441e290d0f49b3186be42efbe132","RENAME","{Method testConnectionAttemptLogging() at server/src/test/java/org/elasticsearch/transport/RemoteConnectionStrategyTests.java:193}","{Method testConnectionAttemptMetricsAndLogging() at server/src/test/java/org/elasticsearch/transport/RemoteConnectionStrategyTests.java:198}","-187","-192"
"4f5d00163ccd441e290d0f49b3186be42efbe132","CHANGE_SIGNATURE","{Method newTransportService(PluginsService, Settings, Transport, ThreadPool, TransportInterceptor, Function, ClusterSettings, TaskManager, Tracer, String, LinkedProjectConfigService, ProjectResolver) at server/src/main/java/org/elasticsearch/node/NodeServiceProvider.java:114}","{Method newTransportService(PluginsService, Settings, Transport, ThreadPool, TransportInterceptor, Function, ClusterSettings, TaskManager, TelemetryProvider, String, LinkedProjectConfigService, ProjectResolver) at server/src/main/java/org/elasticsearch/node/NodeServiceProvider.java:115}","-108","-109"
"4f5d00163ccd441e290d0f49b3186be42efbe132","CHANGE_SIGNATURE","{Method new(Settings, Transport, ThreadPool, TransportInterceptor, Function, ClusterSettings, ConnectionManager, TaskManager, LinkedProjectConfigService, ProjectResolver) at server/src/main/java/org/elasticsearch/transport/TransportService.java:284}","{Method new(Settings, Transport, ThreadPool, TransportInterceptor, Function, ClusterSettings, ConnectionManager, TaskManager, LinkedProjectConfigService, TelemetryProvider, ProjectResolver) at server/src/main/java/org/elasticsearch/transport/TransportService.java:287}","-278","-281"
"4f5d00163ccd441e290d0f49b3186be42efbe132","CHANGE_SIGNATURE","{Method new(Settings, StubbableTransport, ThreadPool, TransportInterceptor, Function, ClusterSettings, TaskManager, LinkedProjectConfigService, ProjectResolver) at test/framework/src/main/java/org/elasticsearch/test/transport/MockTransportService.java:271}","{Method new(Settings, StubbableTransport, ThreadPool, TransportInterceptor, Function, ClusterSettings, TaskManager, LinkedProjectConfigService, TelemetryProvider, ProjectResolver) at test/framework/src/main/java/org/elasticsearch/test/transport/MockTransportService.java:287}","-265","-281"
"43c500c85afcc7f8a80ea36debfecac832808cc6"
"edb40c564d5ee16cffe58f8ad0d01055ddd98e4c","EXTRACT_SUPER","{Class EnterpriseGeoIpDownloader at modules/ingest-geoip/src/main/java/org/elasticsearch/ingest/geoip/EnterpriseGeoIpDownloader.java:73}","{Class AbstractGeoIpDownloader at modules/ingest-geoip/src/main/java/org/elasticsearch/ingest/geoip/AbstractGeoIpDownloader.java:27}","-71","-25"
"edb40c564d5ee16cffe58f8ad0d01055ddd98e4c","EXTRACT_SUPER","{Class GeoIpDownloader at modules/ingest-geoip/src/main/java/org/elasticsearch/ingest/geoip/GeoIpDownloader.java:60}","{Class AbstractGeoIpDownloader at modules/ingest-geoip/src/main/java/org/elasticsearch/ingest/geoip/AbstractGeoIpDownloader.java:27}","-58","-25"
"edb40c564d5ee16cffe58f8ad0d01055ddd98e4c","PULL_UP","{Method runOnDemand() at modules/ingest-geoip/src/main/java/org/elasticsearch/ingest/geoip/EnterpriseGeoIpDownloader.java:472}","{Method runOnDemand() at modules/ingest-geoip/src/main/java/org/elasticsearch/ingest/geoip/AbstractGeoIpDownloader.java:129}","-466","-123"
"edb40c564d5ee16cffe58f8ad0d01055ddd98e4c","PULL_UP","{Method onCancelled() at modules/ingest-geoip/src/main/java/org/elasticsearch/ingest/geoip/EnterpriseGeoIpDownloader.java:534}","{Method onCancelled() at modules/ingest-geoip/src/main/java/org/elasticsearch/ingest/geoip/AbstractGeoIpDownloader.java:158}","-528","-152"
"edb40c564d5ee16cffe58f8ad0d01055ddd98e4c","PULL_UP","{Method restartPeriodicRun() at modules/ingest-geoip/src/main/java/org/elasticsearch/ingest/geoip/EnterpriseGeoIpDownloader.java:405}","{Method restartPeriodicRun() at modules/ingest-geoip/src/main/java/org/elasticsearch/ingest/geoip/AbstractGeoIpDownloader.java:62}","-399","-56"
"edb40c564d5ee16cffe58f8ad0d01055ddd98e4c","PULL_UP","{Method runPeriodic() at modules/ingest-geoip/src/main/java/org/elasticsearch/ingest/geoip/EnterpriseGeoIpDownloader.java:432}","{Method runPeriodic() at modules/ingest-geoip/src/main/java/org/elasticsearch/ingest/geoip/AbstractGeoIpDownloader.java:89}","-426","-83"
"edb40c564d5ee16cffe58f8ad0d01055ddd98e4c","PULL_UP","{Method requestRunOnDemand() at modules/ingest-geoip/src/main/java/org/elasticsearch/ingest/geoip/EnterpriseGeoIpDownloader.java:453}","{Method requestRunOnDemand() at modules/ingest-geoip/src/main/java/org/elasticsearch/ingest/geoip/AbstractGeoIpDownloader.java:110}","-447","-104"
"edb40c564d5ee16cffe58f8ad0d01055ddd98e4c","PULL_UP","{Method onCancelled() at modules/ingest-geoip/src/main/java/org/elasticsearch/ingest/geoip/GeoIpDownloader.java:351}","{Method onCancelled() at modules/ingest-geoip/src/main/java/org/elasticsearch/ingest/geoip/AbstractGeoIpDownloader.java:158}","-345","-152"
"f9c9d158eb03b4aa967659f2af8755f0e07f5230"
"734d84976e548c0f6200bd35d10049b4ec2d6bb6"
"d085661d1edc351b7150cf1fafe31f21aa35457e"
"0de0dce0fe66670403f678264c9386d25f964294","EXTRACT_MOVE","{Method shardMigrationStatus(CancellableTask, ClusterState, String, SingleNodeShutdownMetadata.Type, boolean, ClusterInfoService, SnapshotsInfoService, AllocationService, AllocationDeciders) at x-pack/plugin/shutdown/src/main/java/org/elasticsearch/xpack/shutdown/TransportGetShutdownStatusAction.java:170}","{Method cannotRemain() at server/src/main/java/org/elasticsearch/cluster/routing/allocation/MoveDecision.java:182}","-164","-176"
"0de0dce0fe66670403f678264c9386d25f964294","EXTRACT_MOVE","{Method moveShards() at server/src/main/java/org/elasticsearch/cluster/routing/allocation/allocator/BalancedShardsAllocator.java:816}","{Method cannotRemain() at server/src/main/java/org/elasticsearch/cluster/routing/allocation/MoveDecision.java:182}","-806","-176"
"0de0dce0fe66670403f678264c9386d25f964294","EXTRACT","{Method cannotRemainAndCanMove() at server/src/main/java/org/elasticsearch/cluster/routing/allocation/MoveDecision.java:154}","{Method cannotRemain() at server/src/main/java/org/elasticsearch/cluster/routing/allocation/MoveDecision.java:182}","-148","-176"
"0de0dce0fe66670403f678264c9386d25f964294","EXTRACT","{Method cannotRemainAndCannotMove() at server/src/main/java/org/elasticsearch/cluster/routing/allocation/MoveDecision.java:164}","{Method cannotRemain() at server/src/main/java/org/elasticsearch/cluster/routing/allocation/MoveDecision.java:182}","-158","-176"
"0de0dce0fe66670403f678264c9386d25f964294","EXTRACT","{Method getExplanation() at server/src/main/java/org/elasticsearch/cluster/routing/allocation/MoveDecision.java:235}","{Method cannotRemain() at server/src/main/java/org/elasticsearch/cluster/routing/allocation/MoveDecision.java:182}","-229","-176"
"0de0dce0fe66670403f678264c9386d25f964294","RENAME","{Method decideRebalance(ProjectIndex, ShardRouting, Decision) at server/src/main/java/org/elasticsearch/cluster/routing/allocation/allocator/BalancedShardsAllocator.java:468}","{Method explainRebalanceDecision(ProjectIndex, ShardRouting, Decision) at server/src/main/java/org/elasticsearch/cluster/routing/allocation/allocator/BalancedShardsAllocator.java:468}","-458","-458"
"0de0dce0fe66670403f678264c9386d25f964294","EXTRACT","{Method toXContentChunked(ToXContent.Params) at server/src/main/java/org/elasticsearch/cluster/routing/allocation/MoveDecision.java:273}","{Method cannotRemain() at server/src/main/java/org/elasticsearch/cluster/routing/allocation/MoveDecision.java:182}","-267","-176"
"3ae5ee17a5dc550ddc82d129519ec1adece9fcf9","RENAME","{Class CCMStorageService at x-pack/plugin/inference/src/main/java/org/elasticsearch/xpack/inference/services/elastic/ccm/CCMStorageService.java:27}","{Class CCMPersistentStorageService at x-pack/plugin/inference/src/main/java/org/elasticsearch/xpack/inference/services/elastic/ccm/CCMPersistentStorageService.java:30}","-25","-28"
"3ae5ee17a5dc550ddc82d129519ec1adece9fcf9","PUSH_DOWN","{Method createComponents() at x-pack/plugin/inference/src/internalClusterTest/java/org/elasticsearch/xpack/inference/integration/CCMStorageServiceIT.java:34}","{Method createComponents() at x-pack/plugin/inference/src/internalClusterTest/java/org/elasticsearch/xpack/inference/integration/CCMServiceIT.java:41}","-28","-35"
"3ae5ee17a5dc550ddc82d129519ec1adece9fcf9","EXTRACT","{Method testGet_ThrowsResourceNotFoundException_WhenCCMConfigurationDocumentDoesNotExist() at x-pack/plugin/inference/src/internalClusterTest/java/org/elasticsearch/xpack/inference/integration/CCMStorageServiceIT.java:65}","{Method assertCCMResourceDoesNotExist() at x-pack/plugin/inference/src/internalClusterTest/java/org/elasticsearch/xpack/inference/integration/CCMSingleNodeIT.java:92}","-59","-86"
"3ae5ee17a5dc550ddc82d129519ec1adece9fcf9","RENAME","{Class CCMStorageServiceIT at x-pack/plugin/inference/src/internalClusterTest/java/org/elasticsearch/xpack/inference/integration/CCMStorageServiceIT.java:31}","{Class CCMSingleNodeIT at x-pack/plugin/inference/src/internalClusterTest/java/org/elasticsearch/xpack/inference/integration/CCMSingleNodeIT.java:34}","-29","-32"
"3ae5ee17a5dc550ddc82d129519ec1adece9fcf9","EXTRACT_MOVE","{Method createComponents(PluginServices) at x-pack/plugin/inference/src/main/java/org/elasticsearch/xpack/inference/InferencePlugin.java:285}","{Method new() at x-pack/plugin/core/src/main/java/org/elasticsearch/xpack/core/inference/action/GetCCMConfigurationAction.java:29}","-279","-19"
"3ae5ee17a5dc550ddc82d129519ec1adece9fcf9","PUSH_DOWN","{Method createComponents() at x-pack/plugin/inference/src/internalClusterTest/java/org/elasticsearch/xpack/inference/integration/CCMStorageServiceIT.java:34}","{Method createComponents() at x-pack/plugin/inference/src/internalClusterTest/java/org/elasticsearch/xpack/inference/integration/CCMPersistentStorageServiceIT.java:39}","-28","-33"
"3ae5ee17a5dc550ddc82d129519ec1adece9fcf9","EXTRACT","{Method testStoreAndGetCCMModel() at x-pack/plugin/inference/src/internalClusterTest/java/org/elasticsearch/xpack/inference/integration/CCMStorageServiceIT.java:44}","{Method assertStoreCCMConfiguration(String) at x-pack/plugin/inference/src/internalClusterTest/java/org/elasticsearch/xpack/inference/integration/CCMSingleNodeIT.java:63}","-38","-57"
"3ae5ee17a5dc550ddc82d129519ec1adece9fcf9","EXTRACT_MOVE","{Method createComponents(PluginServices) at x-pack/plugin/inference/src/main/java/org/elasticsearch/xpack/inference/InferencePlugin.java:285}","{Method new() at x-pack/plugin/core/src/main/java/org/elasticsearch/xpack/core/inference/action/PutCCMConfigurationAction.java:113}","-279","-99"
"3ae5ee17a5dc550ddc82d129519ec1adece9fcf9","EXTRACT","{Method testGet_ThrowsResourceNotFoundException_WhenCCMIndexDoesNotExist() at x-pack/plugin/inference/src/internalClusterTest/java/org/elasticsearch/xpack/inference/integration/CCMStorageServiceIT.java:57}","{Method assertCCMResourceDoesNotExist() at x-pack/plugin/inference/src/internalClusterTest/java/org/elasticsearch/xpack/inference/integration/CCMSingleNodeIT.java:92}","-51","-86"
"3ae5ee17a5dc550ddc82d129519ec1adece9fcf9","EXTRACT","{Method testStoreAndGetCCMModel() at x-pack/plugin/inference/src/internalClusterTest/java/org/elasticsearch/xpack/inference/integration/CCMStorageServiceIT.java:44}","{Method assertStoreCCMConfiguration() at x-pack/plugin/inference/src/internalClusterTest/java/org/elasticsearch/xpack/inference/integration/CCMSingleNodeIT.java:59}","-38","-53"
"8fc8593aa48e7a6ef26c37d052ae02f416e7a764"
"2525ef3832dad0c7678deda73baae945b383fdee"
"526ec65255e44e11bf962f8ac9ba035885933499","CHANGE_SIGNATURE","{Method createFormatSupplier(boolean, IndexMode, String) at server/src/test/java/org/elasticsearch/index/codec/PerFieldMapperCodecTests.java:222}","{Method createFormatSupplier(Boolean, Boolean, IndexMode, String) at server/src/test/java/org/elasticsearch/index/codec/PerFieldMapperCodecTests.java:237}","-216","-231"
"d998f8bb6962eebc8f15f1dfc3594ef6249e5d4a"
"de09a89fa35aa5aaa315f614dfcf87d4544d140f","EXTRACT_MOVE","{Method ensureRemoteExpressionRequireIgnoreUnavailable(IndicesOptions, String, String[]) at server/src/main/java/org/elasticsearch/cluster/metadata/IndexNameExpressionResolver.java:477}","{Method getRemoteIndexExpressions(String...) at server/src/main/java/org/elasticsearch/transport/RemoteClusterAware.java:75}","-471","-69"
"d84f91af54ac9ec801210e589ad8ebc08f9b31ab"
"e916243b86560e938fa1d2c5f2607c28d7a49dd3","RENAME","{Method assertStackTraceObserved(InternalTestCluster, boolean) at test/framework/src/main/java/org/elasticsearch/search/ErrorTraceHelper.java:53}","{Method expectStackTraceObserved(InternalTestCluster, boolean) at test/framework/src/main/java/org/elasticsearch/search/ErrorTraceHelper.java:61}","-47","-55"
"49cdeaadfbca4cfdd0a3f7a26877dfa1ecf8ab97"
"13417fedc40d7416a89c2e833a9ad7ea72629850"
"d046d0e0d0cbaa92eb8b8e4292d48074d992add3"
"575850c9fcd725c2a12cea877e8681f489397970"
"b9ba4bc89cf961737d8b9b1eb61be0d3585068e6"
"22c15bce94ee6435a3eed1375e306fb0cac6eccb","RENAME","{Method getShareOfAdditionalRamBytesUsed(long) at server/src/main/java/org/elasticsearch/indices/IndicesQueryCache.java:92}","{Method getSharedRamSizeForShard(ShardId, CacheTotals) at server/src/main/java/org/elasticsearch/indices/IndicesQueryCache.java:161}","-86","-155"
"22c15bce94ee6435a3eed1375e306fb0cac6eccb","CHANGE_SIGNATURE","{Method getShardLevelStats(IndicesQueryCache, IndexShard, CommonStatsFlags) at server/src/main/java/org/elasticsearch/action/admin/indices/stats/CommonStats.java:157}","{Method getShardLevelStats(IndicesQueryCache, IndexShard, CommonStatsFlags, long) at server/src/main/java/org/elasticsearch/action/admin/indices/stats/CommonStats.java:157}","-151","-151"
"22c15bce94ee6435a3eed1375e306fb0cac6eccb","EXTRACT","{Method getShareOfAdditionalRamBytesUsed(long) at server/src/main/java/org/elasticsearch/indices/IndicesQueryCache.java:92}","{Method getCacheSizeForShard(ShardId) at server/src/main/java/org/elasticsearch/indices/IndicesQueryCache.java:96}","-86","-90"
"22c15bce94ee6435a3eed1375e306fb0cac6eccb","CHANGE_SIGNATURE","{Method indexShardStats(IndicesService, IndexShard, CommonStatsFlags) at server/src/main/java/org/elasticsearch/indices/IndicesService.java:549}","{Method indexShardStats(IndicesService, IndexShard, CommonStatsFlags, long) at server/src/main/java/org/elasticsearch/indices/IndicesService.java:547}","-543","-541"
"22c15bce94ee6435a3eed1375e306fb0cac6eccb","CHANGE_SIGNATURE","{Method getStats(ShardId) at server/src/main/java/org/elasticsearch/indices/IndicesQueryCache.java:147}","{Method getStats(ShardId, long) at server/src/main/java/org/elasticsearch/indices/IndicesQueryCache.java:202}","-141","-196"
"b00329c6e6f7dfcb4dc7ecdc1c974b5fd3744770"
"f5e8241304413b59a31fa8e784aef2377dc9b23d","EXTRACT","{Method createTestInstance() at x-pack/plugin/core/src/test/java/org/elasticsearch/xpack/core/transform/action/PreviewTransformActionRequestTests.java:47}","{Method randomTransformConfig() at x-pack/plugin/core/src/test/java/org/elasticsearch/xpack/core/transform/action/PreviewTransformActionRequestTests.java:58}","-41","-52"
"f5e8241304413b59a31fa8e784aef2377dc9b23d","CHANGE_SIGNATURE","{Method fromXContent(XContentParser, TimeValue) at x-pack/plugin/core/src/main/java/org/elasticsearch/xpack/core/transform/action/PreviewTransformAction.java:70}","{Method fromXContent(XContentParser, TimeValue, boolean) at x-pack/plugin/core/src/main/java/org/elasticsearch/xpack/core/transform/action/PreviewTransformAction.java:77}","-60","-67"
"f5e8241304413b59a31fa8e784aef2377dc9b23d","CHANGE_SIGNATURE","{Method new(TransformConfig, TimeValue) at x-pack/plugin/core/src/main/java/org/elasticsearch/xpack/core/transform/action/PreviewTransformAction.java:60}","{Method new(TransformConfig, TimeValue, boolean) at x-pack/plugin/core/src/main/java/org/elasticsearch/xpack/core/transform/action/PreviewTransformAction.java:65}","-50","-55"
"dcb3097d7847c9a57313c6fbf1a39b88e4bf8c93"
"2f34119d8bf9a2c42ea23ea4de72a5eba901a936"
"18dc946cc969eed4385e71085a6fa3f4198fa534"
"1a9cce15a68f852360eb2701fe0d29d25287100e"
"57eca776707dfeb5b3ed15362e7ebe15dfdd9f72"
"4bd1b4c2999144fd0a60b5ddfcfe467b33455d08"
"c436025a970d8c9a148f69842641f42991f69c1c"
"f08e7317360562458eec6fc609df81184ae53a9a"
"87e82d199ad35d95db1bf7687c19d18f07c98a7f","CHANGE_SIGNATURE","{Method availableDatasetsForEs(boolean, boolean, boolean, boolean) at x-pack/plugin/esql/qa/testFixtures/src/main/java/org/elasticsearch/xpack/esql/CsvTestsDataLoader.java:353}","{Method availableDatasetsForEs(boolean, boolean, boolean, boolean, boolean) at x-pack/plugin/esql/qa/testFixtures/src/main/java/org/elasticsearch/xpack/esql/CsvTestsDataLoader.java:355}","-347","-349"
"87e82d199ad35d95db1bf7687c19d18f07c98a7f","CHANGE_SIGNATURE","{Method loadDataSetIntoEs(RestClient, boolean, boolean, boolean, boolean) at x-pack/plugin/esql/qa/testFixtures/src/main/java/org/elasticsearch/xpack/esql/CsvTestsDataLoader.java:404}","{Method loadDataSetIntoEs(RestClient, boolean, boolean, boolean, boolean, boolean) at x-pack/plugin/esql/qa/testFixtures/src/main/java/org/elasticsearch/xpack/esql/CsvTestsDataLoader.java:429}","-398","-423"
"87e82d199ad35d95db1bf7687c19d18f07c98a7f","CHANGE_SIGNATURE","{Method loadDataSetIntoEs(RestClient, boolean, boolean, boolean, boolean, IndexCreator) at x-pack/plugin/esql/qa/testFixtures/src/main/java/org/elasticsearch/xpack/esql/CsvTestsDataLoader.java:423}","{Method loadDataSetIntoEs(RestClient, boolean, boolean, boolean, boolean, boolean, IndexCreator) at x-pack/plugin/esql/qa/testFixtures/src/main/java/org/elasticsearch/xpack/esql/CsvTestsDataLoader.java:450}","-417","-444"
"1d9ab1244232c72017cd4b0eedf900dcd73c8d2d","CHANGE_SIGNATURE","{Method new(int, FileChannel, int, int, int) at server/src/main/java/org/elasticsearch/index/store/AsyncDirectIOIndexInput.java:417}","{Method new(int, FileChannel, int, int) at server/src/main/java/org/elasticsearch/index/store/AsyncDirectIOIndexInput.java:424}","-407","-414"
"f969d7de63663ef498300b44a91d30dea7af9aef","PULL_UP","{Method equals(Object) at x-pack/plugin/esql/src/main/java/org/elasticsearch/xpack/esql/expression/function/fulltext/Match.java:454}","{Method equals(Object) at x-pack/plugin/esql/src/main/java/org/elasticsearch/xpack/esql/expression/function/fulltext/SingleFieldFullTextFunction.java:192}","-448","-186"
"f969d7de63663ef498300b44a91d30dea7af9aef","PULL_UP","{Method resolveQuery() at x-pack/plugin/esql/src/main/java/org/elasticsearch/xpack/esql/expression/function/fulltext/Match.java:320}","{Method resolveQuery() at x-pack/plugin/esql/src/main/java/org/elasticsearch/xpack/esql/expression/function/fulltext/SingleFieldFullTextFunction.java:96}","-314","-90"
"f969d7de63663ef498300b44a91d30dea7af9aef","EXTRACT_MOVE","{Method resolveQuery() at x-pack/plugin/esql/src/main/java/org/elasticsearch/xpack/esql/expression/function/fulltext/Match.java:320}","{Method getQueryDataTypes() at x-pack/plugin/esql/src/main/java/org/elasticsearch/xpack/esql/expression/function/fulltext/MatchPhrase.java:175}","-314","-169"
"f969d7de63663ef498300b44a91d30dea7af9aef","INLINE","{Method field() at x-pack/plugin/esql/src/main/java/org/elasticsearch/xpack/esql/expression/function/fulltext/MatchPhrase.java:223}","{Method fieldVerifier(LogicalPlan, FullTextFunction, Expression, Failures) at x-pack/plugin/esql/src/main/java/org/elasticsearch/xpack/esql/expression/function/fulltext/FullTextFunction.java:380}","-217","-374"
"f969d7de63663ef498300b44a91d30dea7af9aef","PULL_UP","{Method field() at x-pack/plugin/esql/src/main/java/org/elasticsearch/xpack/esql/expression/function/fulltext/MatchPhrase.java:223}","{Method field() at x-pack/plugin/esql/src/main/java/org/elasticsearch/xpack/esql/expression/function/fulltext/SingleFieldFullTextFunction.java:73}","-217","-67"
"f969d7de63663ef498300b44a91d30dea7af9aef","PULL_UP","{Method field() at x-pack/plugin/esql/src/main/java/org/elasticsearch/xpack/esql/expression/function/fulltext/Match.java:370}","{Method field() at x-pack/plugin/esql/src/main/java/org/elasticsearch/xpack/esql/expression/function/fulltext/SingleFieldFullTextFunction.java:73}","-364","-67"
"f969d7de63663ef498300b44a91d30dea7af9aef","EXTRACT_MOVE","{Method resolveField() at x-pack/plugin/esql/src/main/java/org/elasticsearch/xpack/esql/expression/function/fulltext/Match.java:308}","{Method getFieldDataTypes() at x-pack/plugin/esql/src/main/java/org/elasticsearch/xpack/esql/expression/function/fulltext/MatchPhrase.java:170}","-302","-164"
"f969d7de63663ef498300b44a91d30dea7af9aef","PULL_UP","{Method fieldAsFieldAttribute() at x-pack/plugin/esql/src/main/java/org/elasticsearch/xpack/esql/expression/function/fulltext/Match.java:450}","{Method fieldAsFieldAttribute() at x-pack/plugin/esql/src/main/java/org/elasticsearch/xpack/esql/expression/function/fulltext/SingleFieldFullTextFunction.java:154}","-444","-148"
"f969d7de63663ef498300b44a91d30dea7af9aef","PULL_UP","{Method hashCode() at x-pack/plugin/esql/src/main/java/org/elasticsearch/xpack/esql/expression/function/fulltext/Match.java:465}","{Method hashCode() at x-pack/plugin/esql/src/main/java/org/elasticsearch/xpack/esql/expression/function/fulltext/SingleFieldFullTextFunction.java:203}","-459","-197"
"f969d7de63663ef498300b44a91d30dea7af9aef","PULL_UP","{Method resolveField() at x-pack/plugin/esql/src/main/java/org/elasticsearch/xpack/esql/expression/function/fulltext/MatchPhrase.java:195}","{Method resolveField() at x-pack/plugin/esql/src/main/java/org/elasticsearch/xpack/esql/expression/function/fulltext/SingleFieldFullTextFunction.java:89}","-189","-83"
"f969d7de63663ef498300b44a91d30dea7af9aef","PULL_UP","{Method resolveField() at x-pack/plugin/esql/src/main/java/org/elasticsearch/xpack/esql/expression/function/fulltext/Match.java:308}","{Method resolveField() at x-pack/plugin/esql/src/main/java/org/elasticsearch/xpack/esql/expression/function/fulltext/SingleFieldFullTextFunction.java:89}","-302","-83"
"f969d7de63663ef498300b44a91d30dea7af9aef","PULL_UP","{Method hashCode() at x-pack/plugin/esql/src/main/java/org/elasticsearch/xpack/esql/expression/function/fulltext/MatchPhrase.java:315}","{Method hashCode() at x-pack/plugin/esql/src/main/java/org/elasticsearch/xpack/esql/expression/function/fulltext/SingleFieldFullTextFunction.java:203}","-309","-197"
"f969d7de63663ef498300b44a91d30dea7af9aef","PULL_UP","{Method options() at x-pack/plugin/esql/src/main/java/org/elasticsearch/xpack/esql/expression/function/fulltext/MatchPhrase.java:227}","{Method options() at x-pack/plugin/esql/src/main/java/org/elasticsearch/xpack/esql/expression/function/fulltext/SingleFieldFullTextFunction.java:77}","-221","-71"
"f969d7de63663ef498300b44a91d30dea7af9aef","PULL_UP","{Method resolveParams() at x-pack/plugin/esql/src/main/java/org/elasticsearch/xpack/esql/expression/function/vector/Knn.java:210}","{Method resolveParams() at x-pack/plugin/esql/src/main/java/org/elasticsearch/xpack/esql/expression/function/fulltext/SingleFieldFullTextFunction.java:81}","-204","-75"
"f969d7de63663ef498300b44a91d30dea7af9aef","EXTRACT_SUPER","{Class Knn at x-pack/plugin/esql/src/main/java/org/elasticsearch/xpack/esql/expression/function/vector/Knn.java:73}","{Class SingleFieldFullTextFunction at x-pack/plugin/esql/src/main/java/org/elasticsearch/xpack/esql/expression/function/fulltext/SingleFieldFullTextFunction.java:50}","-71","-48"
"f969d7de63663ef498300b44a91d30dea7af9aef","PULL_UP","{Method resolveQuery() at x-pack/plugin/esql/src/main/java/org/elasticsearch/xpack/esql/expression/function/vector/Knn.java:224}","{Method resolveQuery() at x-pack/plugin/esql/src/main/java/org/elasticsearch/xpack/esql/expression/function/fulltext/SingleFieldFullTextFunction.java:96}","-218","-90"
"f969d7de63663ef498300b44a91d30dea7af9aef","PULL_UP","{Method resolveQuery() at x-pack/plugin/esql/src/main/java/org/elasticsearch/xpack/esql/expression/function/fulltext/MatchPhrase.java:199}","{Method resolveQuery() at x-pack/plugin/esql/src/main/java/org/elasticsearch/xpack/esql/expression/function/fulltext/SingleFieldFullTextFunction.java:96}","-193","-90"
"f969d7de63663ef498300b44a91d30dea7af9aef","EXTRACT_SUPER","{Class MatchPhrase at x-pack/plugin/esql/src/main/java/org/elasticsearch/xpack/esql/expression/function/fulltext/MatchPhrase.java:71}","{Class SingleFieldFullTextFunction at x-pack/plugin/esql/src/main/java/org/elasticsearch/xpack/esql/expression/function/fulltext/SingleFieldFullTextFunction.java:50}","-69","-48"
"f969d7de63663ef498300b44a91d30dea7af9aef","PULL_UP","{Method options() at x-pack/plugin/esql/src/main/java/org/elasticsearch/xpack/esql/expression/function/vector/Knn.java:197}","{Method options() at x-pack/plugin/esql/src/main/java/org/elasticsearch/xpack/esql/expression/function/fulltext/SingleFieldFullTextFunction.java:77}","-191","-71"
"f969d7de63663ef498300b44a91d30dea7af9aef","PULL_UP","{Method equals(Object) at x-pack/plugin/esql/src/main/java/org/elasticsearch/xpack/esql/expression/function/fulltext/MatchPhrase.java:304}","{Method equals(Object) at x-pack/plugin/esql/src/main/java/org/elasticsearch/xpack/esql/expression/function/fulltext/SingleFieldFullTextFunction.java:192}","-298","-186"
"f969d7de63663ef498300b44a91d30dea7af9aef","PULL_UP","{Method resolveField() at x-pack/plugin/esql/src/main/java/org/elasticsearch/xpack/esql/expression/function/vector/Knn.java:215}","{Method resolveField() at x-pack/plugin/esql/src/main/java/org/elasticsearch/xpack/esql/expression/function/fulltext/SingleFieldFullTextFunction.java:89}","-209","-83"
"f969d7de63663ef498300b44a91d30dea7af9aef","PULL_UP","{Method postAnalysisPlanVerification() at x-pack/plugin/esql/src/main/java/org/elasticsearch/xpack/esql/expression/function/fulltext/Match.java:399}","{Method postAnalysisPlanVerification() at x-pack/plugin/esql/src/main/java/org/elasticsearch/xpack/esql/expression/function/fulltext/SingleFieldFullTextFunction.java:175}","-393","-169"
"f969d7de63663ef498300b44a91d30dea7af9aef","PULL_UP","{Method postAnalysisPlanVerification() at x-pack/plugin/esql/src/main/java/org/elasticsearch/xpack/esql/expression/function/vector/Knn.java:325}","{Method postAnalysisPlanVerification() at x-pack/plugin/esql/src/main/java/org/elasticsearch/xpack/esql/expression/function/fulltext/SingleFieldFullTextFunction.java:175}","-319","-169"
"f969d7de63663ef498300b44a91d30dea7af9aef","PULL_UP","{Method options() at x-pack/plugin/esql/src/main/java/org/elasticsearch/xpack/esql/expression/function/fulltext/Match.java:374}","{Method options() at x-pack/plugin/esql/src/main/java/org/elasticsearch/xpack/esql/expression/function/fulltext/SingleFieldFullTextFunction.java:77}","-368","-71"
"f969d7de63663ef498300b44a91d30dea7af9aef","PULL_UP","{Method field() at x-pack/plugin/esql/src/main/java/org/elasticsearch/xpack/esql/expression/function/vector/Knn.java:189}","{Method field() at x-pack/plugin/esql/src/main/java/org/elasticsearch/xpack/esql/expression/function/fulltext/SingleFieldFullTextFunction.java:73}","-183","-67"
"f969d7de63663ef498300b44a91d30dea7af9aef","INLINE","{Method field() at x-pack/plugin/esql/src/main/java/org/elasticsearch/xpack/esql/expression/function/vector/Knn.java:189}","{Method fieldVerifier(LogicalPlan, FullTextFunction, Expression, Failures) at x-pack/plugin/esql/src/main/java/org/elasticsearch/xpack/esql/expression/function/fulltext/FullTextFunction.java:380}","-183","-374"
"f969d7de63663ef498300b44a91d30dea7af9aef","EXTRACT","{Method resolveField() at x-pack/plugin/esql/src/main/java/org/elasticsearch/xpack/esql/expression/function/fulltext/Match.java:308}","{Method getFieldDataTypes() at x-pack/plugin/esql/src/main/java/org/elasticsearch/xpack/esql/expression/function/fulltext/Match.java:312}","-302","-306"
"f969d7de63663ef498300b44a91d30dea7af9aef","PULL_UP","{Method resolveParams() at x-pack/plugin/esql/src/main/java/org/elasticsearch/xpack/esql/expression/function/fulltext/MatchPhrase.java:190}","{Method resolveParams() at x-pack/plugin/esql/src/main/java/org/elasticsearch/xpack/esql/expression/function/fulltext/SingleFieldFullTextFunction.java:81}","-184","-75"
"f969d7de63663ef498300b44a91d30dea7af9aef","PULL_UP","{Method postAnalysisPlanVerification() at x-pack/plugin/esql/src/main/java/org/elasticsearch/xpack/esql/expression/function/fulltext/MatchPhrase.java:252}","{Method postAnalysisPlanVerification() at x-pack/plugin/esql/src/main/java/org/elasticsearch/xpack/esql/expression/function/fulltext/SingleFieldFullTextFunction.java:175}","-246","-169"
"f969d7de63663ef498300b44a91d30dea7af9aef","PULL_UP","{Method queryAsObject() at x-pack/plugin/esql/src/main/java/org/elasticsearch/xpack/esql/expression/function/fulltext/MatchPhrase.java:269}","{Method queryAsObject() at x-pack/plugin/esql/src/main/java/org/elasticsearch/xpack/esql/expression/function/fulltext/SingleFieldFullTextFunction.java:126}","-263","-120"
"f969d7de63663ef498300b44a91d30dea7af9aef","EXTRACT_SUPER","{Class Match at x-pack/plugin/esql/src/main/java/org/elasticsearch/xpack/esql/expression/function/fulltext/Match.java:89}","{Class SingleFieldFullTextFunction at x-pack/plugin/esql/src/main/java/org/elasticsearch/xpack/esql/expression/function/fulltext/SingleFieldFullTextFunction.java:50}","-87","-48"
"f969d7de63663ef498300b44a91d30dea7af9aef","PULL_UP","{Method postOptimizationPlanVerification() at x-pack/plugin/esql/src/main/java/org/elasticsearch/xpack/esql/expression/function/fulltext/MatchPhrase.java:260}","{Method postOptimizationPlanVerification() at x-pack/plugin/esql/src/main/java/org/elasticsearch/xpack/esql/expression/function/fulltext/SingleFieldFullTextFunction.java:183}","-254","-177"
"f969d7de63663ef498300b44a91d30dea7af9aef","PULL_UP","{Method postOptimizationPlanVerification() at x-pack/plugin/esql/src/main/java/org/elasticsearch/xpack/esql/expression/function/fulltext/Match.java:407}","{Method postOptimizationPlanVerification() at x-pack/plugin/esql/src/main/java/org/elasticsearch/xpack/esql/expression/function/fulltext/SingleFieldFullTextFunction.java:183}","-401","-177"
"f969d7de63663ef498300b44a91d30dea7af9aef","EXTRACT","{Method resolveQuery() at x-pack/plugin/esql/src/main/java/org/elasticsearch/xpack/esql/expression/function/fulltext/Match.java:320}","{Method getQueryDataTypes() at x-pack/plugin/esql/src/main/java/org/elasticsearch/xpack/esql/expression/function/fulltext/Match.java:317}","-314","-311"
"f969d7de63663ef498300b44a91d30dea7af9aef","PULL_UP","{Method postOptimizationPlanVerification() at x-pack/plugin/esql/src/main/java/org/elasticsearch/xpack/esql/expression/function/vector/Knn.java:343}","{Method postOptimizationPlanVerification() at x-pack/plugin/esql/src/main/java/org/elasticsearch/xpack/esql/expression/function/fulltext/SingleFieldFullTextFunction.java:183}","-337","-177"
"f969d7de63663ef498300b44a91d30dea7af9aef","PULL_UP","{Method queryAsObject() at x-pack/plugin/esql/src/main/java/org/elasticsearch/xpack/esql/expression/function/fulltext/Match.java:416}","{Method queryAsObject() at x-pack/plugin/esql/src/main/java/org/elasticsearch/xpack/esql/expression/function/fulltext/SingleFieldFullTextFunction.java:126}","-410","-120"
"f969d7de63663ef498300b44a91d30dea7af9aef","PULL_UP","{Method fieldAsFieldAttribute() at x-pack/plugin/esql/src/main/java/org/elasticsearch/xpack/esql/expression/function/fulltext/MatchPhrase.java:300}","{Method fieldAsFieldAttribute() at x-pack/plugin/esql/src/main/java/org/elasticsearch/xpack/esql/expression/function/fulltext/SingleFieldFullTextFunction.java:154}","-294","-148"
"ffa76e57d6ea7e5e9e02b7a44e2a55bf4e3e5d6d","EXTRACT","{Method add(ExponentialHistogram) at libs/exponential-histogram/src/main/java/org/elasticsearch/exponentialhistogram/ExponentialHistogramMerger.java:173}","{Method add(ExponentialHistogram, boolean) at libs/exponential-histogram/src/main/java/org/elasticsearch/exponentialhistogram/ExponentialHistogramMerger.java:187}","-167","-181"
"4c382462d5ac3c5bdafbb95e8c42e07f1a52d7c2","CHANGE_SIGNATURE","{Method new(ClusterSettings, ThreadPool) at server/src/main/java/org/elasticsearch/cluster/routing/allocation/allocator/DesiredBalanceReconciler.java:87}","{Method new(ClusterSettings, TimeProvider) at server/src/main/java/org/elasticsearch/cluster/routing/allocation/allocator/DesiredBalanceReconciler.java:88}","-81","-82"
"2e297b9fae2fd757284cbbfb10e960580b0567e4","EXTRACT","{Method testRRFPagination() at x-pack/plugin/rank-rrf/src/internalClusterTest/java/org/elasticsearch/xpack/rank/rrf/RRFRetrieverBuilderIT.java:156}","{Method assertRRFPagination(SearchSourceBuilder, int, int, int, int, List) at x-pack/plugin/rank-rrf/src/internalClusterTest/java/org/elasticsearch/xpack/rank/rrf/RRFRetrieverBuilderIT.java:185}","-150","-179"
"afd3a426eabdfda7d4fd6b0c52d76162e3c9c47e","EXTRACT_MOVE","{Method newIdLoader() at server/src/main/java/org/elasticsearch/search/DefaultSearchContext.java:951}","{Method create(MapperService) at server/src/main/java/org/elasticsearch/index/mapper/IdLoader.java:39}","-945","-33"
"d78c7e6d6cc07294dc90dad1cd17d6ff32ba64f7","EXTRACT_MOVE","{Method read(CircuitBreaker, StreamInput) at server/src/main/java/org/elasticsearch/search/aggregations/metrics/TDigestState.java:197}","{Method compression() at x-pack/plugin/analytics/src/main/java/org/elasticsearch/xpack/analytics/mapper/TDigestFieldMapper.java:152}","-191","-146"
"d78c7e6d6cc07294dc90dad1cd17d6ff32ba64f7","CHANGE_SIGNATURE","{Method createDigest() at libs/tdigest/src/test/java/org/elasticsearch/tdigest/BigCountTestsTreeDigestTests.java:25}","{Method createDigest(int) at libs/tdigest/src/test/java/org/elasticsearch/tdigest/BigCountTestsTreeDigestTests.java:25}","-19","-19"
"d78c7e6d6cc07294dc90dad1cd17d6ff32ba64f7","CHANGE_SIGNATURE","{Method createDigest() at libs/tdigest/src/test/java/org/elasticsearch/tdigest/BigCountTestsMergingDigestTests.java:25}","{Method createDigest(int) at libs/tdigest/src/test/java/org/elasticsearch/tdigest/BigCountTestsMergingDigestTests.java:25}","-19","-19"
"d78c7e6d6cc07294dc90dad1cd17d6ff32ba64f7","EXTRACT_MOVE","{Method new(CircuitBreaker, Type, double) at server/src/main/java/org/elasticsearch/search/aggregations/metrics/TDigestState.java:152}","{Method compression() at x-pack/plugin/analytics/src/main/java/org/elasticsearch/xpack/analytics/mapper/TDigestFieldMapper.java:152}","-146","-146"
"d78c7e6d6cc07294dc90dad1cd17d6ff32ba64f7","EXTRACT_MOVE","{Method createWithoutCircuitBreaking(double, TDigestExecutionHint) at server/src/main/java/org/elasticsearch/search/aggregations/metrics/TDigestState.java:116}","{Method compression() at x-pack/plugin/analytics/src/main/java/org/elasticsearch/xpack/analytics/mapper/TDigestFieldMapper.java:152}","-110","-146"
"d78c7e6d6cc07294dc90dad1cd17d6ff32ba64f7","EXTRACT_MOVE","{Method create(CircuitBreaker, double) at server/src/main/java/org/elasticsearch/search/aggregations/metrics/TDigestState.java:77}","{Method compression() at x-pack/plugin/analytics/src/main/java/org/elasticsearch/xpack/analytics/mapper/TDigestFieldMapper.java:152}","-71","-146"
"d78c7e6d6cc07294dc90dad1cd17d6ff32ba64f7","EXTRACT_MOVE","{Method addFakeCentroids(TDigest, double, int, int) at libs/tdigest/src/test/java/org/elasticsearch/tdigest/BigCountTests.java:61}","{Method compression() at x-pack/plugin/analytics/src/main/java/org/elasticsearch/xpack/analytics/mapper/TDigestFieldMapper.java:152}","-55","-146"
"d78c7e6d6cc07294dc90dad1cd17d6ff32ba64f7","EXTRACT_MOVE","{Method createOfType(CircuitBreaker, Type, double) at server/src/main/java/org/elasticsearch/search/aggregations/metrics/TDigestState.java:87}","{Method compression() at x-pack/plugin/analytics/src/main/java/org/elasticsearch/xpack/analytics/mapper/TDigestFieldMapper.java:152}","-81","-146"
"d78c7e6d6cc07294dc90dad1cd17d6ff32ba64f7","EXTRACT_MOVE","{Method createOptimizedForAccuracy(CircuitBreaker, double) at server/src/main/java/org/elasticsearch/search/aggregations/metrics/TDigestState.java:102}","{Method compression() at x-pack/plugin/analytics/src/main/java/org/elasticsearch/xpack/analytics/mapper/TDigestFieldMapper.java:152}","-96","-146"
"d78c7e6d6cc07294dc90dad1cd17d6ff32ba64f7","EXTRACT_MOVE","{Method compression() at server/src/main/java/org/elasticsearch/search/aggregations/metrics/TDigestState.java:170}","{Method compression() at x-pack/plugin/analytics/src/main/java/org/elasticsearch/xpack/analytics/mapper/TDigestFieldMapper.java:152}","-164","-146"
"d78c7e6d6cc07294dc90dad1cd17d6ff32ba64f7","EXTRACT_MOVE","{Method create(CircuitBreaker, double, TDigestExecutionHint) at server/src/main/java/org/elasticsearch/search/aggregations/metrics/TDigestState.java:129}","{Method compression() at x-pack/plugin/analytics/src/main/java/org/elasticsearch/xpack/analytics/mapper/TDigestFieldMapper.java:152}","-123","-146"
"d78c7e6d6cc07294dc90dad1cd17d6ff32ba64f7","EXTRACT_MOVE","{Method hashCode() at server/src/main/java/org/elasticsearch/search/aggregations/metrics/TDigestState.java:273}","{Method compression() at x-pack/plugin/analytics/src/main/java/org/elasticsearch/xpack/analytics/mapper/TDigestFieldMapper.java:152}","-267","-146"
"d78c7e6d6cc07294dc90dad1cd17d6ff32ba64f7","EXTRACT_MOVE","{Method equals(Object) at server/src/main/java/org/elasticsearch/search/aggregations/metrics/TDigestState.java:233}","{Method compression() at x-pack/plugin/analytics/src/main/java/org/elasticsearch/xpack/analytics/mapper/TDigestFieldMapper.java:152}","-227","-146"
"d78c7e6d6cc07294dc90dad1cd17d6ff32ba64f7","EXTRACT_MOVE","{Method write(TDigestState, StreamOutput) at server/src/main/java/org/elasticsearch/search/aggregations/metrics/TDigestState.java:174}","{Method compression() at x-pack/plugin/analytics/src/main/java/org/elasticsearch/xpack/analytics/mapper/TDigestFieldMapper.java:152}","-168","-146"
"d78c7e6d6cc07294dc90dad1cd17d6ff32ba64f7","CHANGE_SIGNATURE","{Method createDigest() at libs/tdigest/src/test/java/org/elasticsearch/tdigest/BigCountTests.java:44}","{Method createDigest(int) at libs/tdigest/src/test/java/org/elasticsearch/tdigest/BigCountTests.java:58}","-38","-52"
"d78c7e6d6cc07294dc90dad1cd17d6ff32ba64f7","EXTRACT_MOVE","{Method createWithoutCircuitBreaking(double) at server/src/main/java/org/elasticsearch/search/aggregations/metrics/TDigestState.java:66}","{Method compression() at x-pack/plugin/analytics/src/main/java/org/elasticsearch/xpack/analytics/mapper/TDigestFieldMapper.java:152}","-60","-146"
"d78c7e6d6cc07294dc90dad1cd17d6ff32ba64f7","EXTRACT_MOVE","{Method createUsingParamsFrom(TDigestState) at server/src/main/java/org/elasticsearch/search/aggregations/metrics/TDigestState.java:142}","{Method compression() at x-pack/plugin/analytics/src/main/java/org/elasticsearch/xpack/analytics/mapper/TDigestFieldMapper.java:152}","-136","-146"
"a19171c1303379402080aeb0691ac0621b0fed63"
"3e4a7862682d21317ebc880566fae7dbdbfd7ed0"
"2e8cbc9a84e757de2f3446de7e18937a8e0a56a6"
"7e531067b312877ef94cd9cebdca59bcd4951db1"
"7715f20449e863c35de16c0119625f35369bfba0"
"bcb1402212e6279819d98cbd9b6f173f840b5236"
"1a06745991082001a44c50ea3b0be549efd97524"
"cb11a7164033f79a0c401a85ca8db22105631888"
"11244e57b7e4a7f43f2f7e45e93d740680610b62"
"bc5bc54a0936f0557d4748f70e971c811515cfbf"
"02ea910e31b66d5ee08a67cb8836b11196c45670"
"e486766b84b4a2c21b5f01e328bd764f1edd20b2"
"774cf6af8654c1225a0666dd02b9f81955634f6c"
"bcb861ae10000f94977487193d242c6f30443741"
"ae77575d3b1cb66f44adeaf2c1fc7905affe93d8","CHANGE_SIGNATURE","{Method prepareRemoteRequest(String, FieldCapabilitiesRequest, OriginalIndices, long) at server/src/main/java/org/elasticsearch/action/fieldcaps/TransportFieldCapabilitiesAction.java:606}","{Method prepareRemoteRequest(String, FieldCapabilitiesRequest, OriginalIndices, long, boolean) at server/src/main/java/org/elasticsearch/action/fieldcaps/TransportFieldCapabilitiesAction.java:638}","-600","-632"
"ae77575d3b1cb66f44adeaf2c1fc7905affe93d8","CHANGE_SIGNATURE","{Method mergeIndexResponses(FieldCapabilitiesRequest, CancellableTask, Map, FailureCollector, List, Map, AtomicReference, ActionListener) at server/src/main/java/org/elasticsearch/action/fieldcaps/TransportFieldCapabilitiesAction.java:550}","{Method mergeIndexResponses(FieldCapabilitiesRequest, CancellableTask, Map, FailureCollector, ResolvedIndexExpressions, Map, AtomicReference, ActionListener) at server/src/main/java/org/elasticsearch/action/fieldcaps/TransportFieldCapabilitiesAction.java:583}","-544","-577"
"34e3417158280c446b132b753cf6894105f8ade7"
"c75196107b5492067589079847edda81ac2f9801"
"29f2d0c2bae6d5611825d096ed999809f89b0c55","CHANGE_SIGNATURE","{Method canAllocateToNode(IndexMetadata, DiscoveryNode) at x-pack/plugin/searchable-snapshots/src/main/java/org/elasticsearch/xpack/searchablesnapshots/allocation/decider/HasFrozenCacheAllocationDecider.java:84}","{Method canAllocateToNode(IndexMetadata, DiscoveryNode, RoutingAllocation) at x-pack/plugin/searchable-snapshots/src/main/java/org/elasticsearch/xpack/searchablesnapshots/allocation/decider/HasFrozenCacheAllocationDecider.java:90}","-78","-84"
"29f2d0c2bae6d5611825d096ed999809f89b0c55","CHANGE_SIGNATURE","{Method getRandomDecision() at server/src/test/java/org/elasticsearch/cluster/routing/allocation/RandomAllocationDeciderTests.java:212}","{Method getRandomDecision(boolean) at server/src/test/java/org/elasticsearch/cluster/routing/allocation/RandomAllocationDeciderTests.java:212}","-202","-202"
"3f6ad70cbe8d63b3c4d55aaa8759a995a5ac5a3c"
"58a986c7eddfdded463afcb8a7fad8b549969ad7"
"ca3dbf6c12248e694e1104f218fefaba57e049e2"
"a01ab1e4d47da3d423a4eae2b2ce985526cbe468","EXTRACT","{Method onShardDone() at server/src/main/java/org/elasticsearch/action/search/SearchQueryThenFetchAsyncAction.java:816}","{Method bwcRespond() at server/src/main/java/org/elasticsearch/action/search/SearchQueryThenFetchAsyncAction.java:951}","-806","-941"
"a01ab1e4d47da3d423a4eae2b2ce985526cbe468","EXTRACT","{Method onShardDone() at server/src/main/java/org/elasticsearch/action/search/SearchQueryThenFetchAsyncAction.java:816}","{Method writeReductionFailureResponse(RecyclerBytesStreamOutput, Exception) at server/src/main/java/org/elasticsearch/action/search/SearchQueryThenFetchAsyncAction.java:930}","-806","-920"
"a01ab1e4d47da3d423a4eae2b2ce985526cbe468","EXTRACT","{Method onShardDone() at server/src/main/java/org/elasticsearch/action/search/SearchQueryThenFetchAsyncAction.java:816}","{Method writeSuccessfulResponse(RecyclerBytesStreamOutput) at server/src/main/java/org/elasticsearch/action/search/SearchQueryThenFetchAsyncAction.java:891}","-806","-881"
"a01ab1e4d47da3d423a4eae2b2ce985526cbe468","EXTRACT","{Method handleException(TransportException) at server/src/main/java/org/elasticsearch/action/search/SearchQueryThenFetchAsyncAction.java:538}","{Method bwcHandleException(TransportException) at server/src/main/java/org/elasticsearch/action/search/SearchQueryThenFetchAsyncAction.java:584}","-516","-562"
"5230e10e763ac7e15aa85dc9f9e95ed26095fa43"
"d554d1526d4ba6fb1f1d161ba22009b27cdbf39c","MOVE","{Method addIndexAliasesRequests(IndicesAliasesRequestBuilder, String, String, ClusterState) at x-pack/plugin/ml/src/main/java/org/elasticsearch/xpack/ml/MlAnomaliesIndexUpdate.java:214}","{Method addIndexAliasesRequests(IndicesAliasesRequestBuilder, String, String, ClusterState) at x-pack/plugin/core/src/main/java/org/elasticsearch/xpack/core/ml/utils/MlIndexAndAlias.java:643}","-208","-637"
"d554d1526d4ba6fb1f1d161ba22009b27cdbf39c","MOVE","{Method latestIndexMatchingBaseName(String, IndexNameExpressionResolver, ClusterState) at x-pack/plugin/ml/src/main/java/org/elasticsearch/xpack/ml/MlAnomaliesIndexUpdate.java:276}","{Method latestIndexMatchingBaseName(String, IndexNameExpressionResolver, ClusterState) at x-pack/plugin/core/src/main/java/org/elasticsearch/xpack/core/ml/utils/MlIndexAndAlias.java:527}","-270","-521"
"d554d1526d4ba6fb1f1d161ba22009b27cdbf39c","MOVE","{Method testIsAnomaliesWriteAlias() at x-pack/plugin/ml/src/test/java/org/elasticsearch/xpack/ml/MlAnomaliesIndexUpdateTests.java:54}","{Method testIsAnomaliesWriteAlias() at x-pack/plugin/core/src/test/java/org/elasticsearch/xpack/core/ml/utils/MlIndexAndAliasTests.java:360}","-48","-354"
"d554d1526d4ba6fb1f1d161ba22009b27cdbf39c","MOVE","{Method testLatestIndexMatchingBaseName_hasLater() at x-pack/plugin/ml/src/test/java/org/elasticsearch/xpack/ml/MlAnomaliesIndexUpdateTests.java:205}","{Method testLatestIndexMatchingBaseName_hasLater() at x-pack/plugin/core/src/test/java/org/elasticsearch/xpack/core/ml/utils/MlIndexAndAliasTests.java:454}","-199","-448"
"d554d1526d4ba6fb1f1d161ba22009b27cdbf39c","MOVE","{Method testBuildIndexAliasesRequest() at x-pack/plugin/ml/src/test/java/org/elasticsearch/xpack/ml/MlAnomaliesIndexUpdateTests.java:96}","{Method testBuildIndexAliasesRequest() at x-pack/plugin/core/src/test/java/org/elasticsearch/xpack/core/ml/utils/MlIndexAndAliasTests.java:510}","-90","-504"
"d554d1526d4ba6fb1f1d161ba22009b27cdbf39c","EXTRACT_MOVE","{Method createAliasForRollover(String, String, ActionListener) at x-pack/plugin/ml/src/main/java/org/elasticsearch/xpack/ml/MlAnomaliesIndexUpdate.java:198}","{Method createAliasForRollover(Client, String, String, ActionListener) at x-pack/plugin/core/src/main/java/org/elasticsearch/xpack/core/ml/utils/MlIndexAndAlias.java:611}","-192","-605"
"d554d1526d4ba6fb1f1d161ba22009b27cdbf39c","MOVE","{Method isAnomaliesReadAlias(String) at x-pack/plugin/ml/src/main/java/org/elasticsearch/xpack/ml/MlAnomaliesIndexUpdate.java:254}","{Method isAnomaliesReadAlias(String) at x-pack/plugin/core/src/main/java/org/elasticsearch/xpack/core/ml/utils/MlIndexAndAlias.java:695}","-248","-689"
"d554d1526d4ba6fb1f1d161ba22009b27cdbf39c","MOVE","{Method testLatestIndexMatchingBaseName_isLatest() at x-pack/plugin/ml/src/test/java/org/elasticsearch/xpack/ml/MlAnomaliesIndexUpdateTests.java:189}","{Method testLatestIndexMatchingBaseName_isLatest() at x-pack/plugin/core/src/test/java/org/elasticsearch/xpack/core/ml/utils/MlIndexAndAliasTests.java:438}","-183","-432"
"d554d1526d4ba6fb1f1d161ba22009b27cdbf39c","CHANGE_SIGNATURE","{Method new(Settings, ThreadPool, Client, ClusterService, MlAssignmentNotifier, Supplier, boolean, boolean, boolean) at x-pack/plugin/ml/src/main/java/org/elasticsearch/xpack/ml/MlDailyMaintenanceService.java:87}","{Method new(Settings, ThreadPool, Client, ClusterService, MlAssignmentNotifier, Supplier, IndexNameExpressionResolver, boolean, boolean, boolean) at x-pack/plugin/ml/src/main/java/org/elasticsearch/xpack/ml/MlDailyMaintenanceService.java:111}","-81","-105"
"d554d1526d4ba6fb1f1d161ba22009b27cdbf39c","MOVE","{Method isAnomaliesWriteAlias(String) at x-pack/plugin/ml/src/main/java/org/elasticsearch/xpack/ml/MlAnomaliesIndexUpdate.java:250}","{Method isAnomaliesWriteAlias(String) at x-pack/plugin/core/src/main/java/org/elasticsearch/xpack/core/ml/utils/MlIndexAndAlias.java:685}","-244","-679"
"d554d1526d4ba6fb1f1d161ba22009b27cdbf39c","CHANGE_SIGNATURE","{Method new(Settings, ThreadPool, ClusterService, Client, AdaptiveAllocationsScalerService, MlAssignmentNotifier, boolean, boolean, boolean) at x-pack/plugin/ml/src/main/java/org/elasticsearch/xpack/ml/MlInitializationService.java:63}","{Method new(Settings, ThreadPool, ClusterService, Client, AdaptiveAllocationsScalerService, MlAssignmentNotifier, IndexNameExpressionResolver, boolean, boolean, boolean) at x-pack/plugin/ml/src/main/java/org/elasticsearch/xpack/ml/MlInitializationService.java:64}","-57","-58"
"d554d1526d4ba6fb1f1d161ba22009b27cdbf39c","MOVE","{Method testIsAnomaliesAlias() at x-pack/plugin/ml/src/test/java/org/elasticsearch/xpack/ml/MlAnomaliesIndexUpdateTests.java:60}","{Method testIsAnomaliesAlias() at x-pack/plugin/core/src/test/java/org/elasticsearch/xpack/core/ml/utils/MlIndexAndAliasTests.java:366}","-54","-360"
"d554d1526d4ba6fb1f1d161ba22009b27cdbf39c","EXTRACT_MOVE","{Method rollover(String, String, ActionListener) at x-pack/plugin/ml/src/main/java/org/elasticsearch/xpack/ml/MlAnomaliesIndexUpdate.java:182}","{Method rollover(Client, RolloverRequest, ActionListener) at x-pack/plugin/core/src/main/java/org/elasticsearch/xpack/core/ml/utils/MlIndexAndAlias.java:567}","-176","-561"
"d554d1526d4ba6fb1f1d161ba22009b27cdbf39c","MOVE","{Method updateAliases(IndicesAliasesRequestBuilder, ActionListener) at x-pack/plugin/ml/src/main/java/org/elasticsearch/xpack/ml/MlAnomaliesIndexUpdate.java:210}","{Method updateAliases(IndicesAliasesRequestBuilder, ActionListener) at x-pack/plugin/core/src/main/java/org/elasticsearch/xpack/core/ml/utils/MlIndexAndAlias.java:629}","-204","-623"
"d554d1526d4ba6fb1f1d161ba22009b27cdbf39c","MOVE","{Method testLatestIndexMatchingBaseName_CollidingIndexNames() at x-pack/plugin/ml/src/test/java/org/elasticsearch/xpack/ml/MlAnomaliesIndexUpdateTests.java:235}","{Method testLatestIndexMatchingBaseName_CollidingIndexNames() at x-pack/plugin/core/src/test/java/org/elasticsearch/xpack/core/ml/utils/MlIndexAndAliasTests.java:484}","-229","-478"
"d554d1526d4ba6fb1f1d161ba22009b27cdbf39c","EXTRACT","{Method testCreateJobsWithIndexNameOption() at x-pack/plugin/ml/qa/native-multi-node-tests/src/javaRestTest/java/org/elasticsearch/xpack/ml/integration/MlJobIT.java:205}","{Method getMlResultsIndices() at x-pack/plugin/ml/qa/native-multi-node-tests/src/javaRestTest/java/org/elasticsearch/xpack/ml/integration/MlJobIT.java:1151}","-199","-1145"
"d554d1526d4ba6fb1f1d161ba22009b27cdbf39c","CHANGE_SIGNATURE","{Method new(Settings, ClusterName, ThreadPool, Client, ClusterService, MlAssignmentNotifier, boolean, boolean, boolean) at x-pack/plugin/ml/src/main/java/org/elasticsearch/xpack/ml/MlDailyMaintenanceService.java:109}","{Method new(Settings, ClusterName, ThreadPool, Client, ClusterService, MlAssignmentNotifier, IndexNameExpressionResolver, boolean, boolean, boolean) at x-pack/plugin/ml/src/main/java/org/elasticsearch/xpack/ml/MlDailyMaintenanceService.java:136}","-103","-130"
"d554d1526d4ba6fb1f1d161ba22009b27cdbf39c","EXTRACT_MOVE","{Method rollAndUpdateAliases(ClusterState, String, ActionListener) at x-pack/plugin/ml/src/main/java/org/elasticsearch/xpack/ml/MlAnomaliesIndexUpdate.java:150}","{Method createRolloverAliasAndNewIndexName(String) at x-pack/plugin/core/src/main/java/org/elasticsearch/xpack/core/ml/utils/MlIndexAndAlias.java:580}","-144","-574"
"e8a9eb1703eaa4fa619f280f6a67007fa5335bef"
"4b1ccab3db10cf06377ba7fed31927a04e077588"
"6b699b5f511b4ce0bd7d92d3e61b4f37d9472155"
"12b17d98cc375dcd46b2077840a7a2c80fee14ab"
"e09566aa86324bd42829ff1b73447e0fef6d99a7"
"85576c43697dcd53368484bf0967e5d6cf1bca81"
"2c63c9a05dd121ebbae326f7d4a5026851612e53","RENAME","{Method masterOperation(Task, GetBasicStatusRequest, ClusterState, ActionListener) at x-pack/plugin/core/src/main/java/org/elasticsearch/license/TransportGetBasicStatusAction.java:43}","{Method localClusterStateOperation(Task, GetBasicStatusRequest, ClusterState, ActionListener) at x-pack/plugin/core/src/main/java/org/elasticsearch/license/TransportGetBasicStatusAction.java:47}","-37","-41"
"184c51b9edcf82fada430492acd28f4e336a0364","CHANGE_SIGNATURE","{Method new(IndexRouting.ExtractFromSource.ForRoutingPath, List) at server/src/main/java/org/elasticsearch/index/mapper/IdLoader.java:65}","{Method new(IndexRouting.ExtractFromSource.ForRoutingPath, List, boolean) at server/src/main/java/org/elasticsearch/index/mapper/IdLoader.java:70}","-55","-60"
"184c51b9edcf82fada430492acd28f4e336a0364","CHANGE_SIGNATURE","{Method new(Index, long, long, long, long, long[], State, int, int, Settings, MappingMetadata, ImmutableOpenMap, ImmutableOpenMap, ImmutableOpenMap, Map, DiscoveryNodeFilters, DiscoveryNodeFilters, DiscoveryNodeFilters, DiscoveryNodeFilters, IndexVersion, IndexVersion, int, int, List, List, ActiveShardCount, ImmutableOpenMap, boolean, boolean, IndexLongFieldRange, IndexLongFieldRange, int, long, boolean, List, int, String, LifecycleExecutionState, AutoExpandReplicas, boolean, boolean, IndexMode, Instant, Instant, IndexVersion, IndexMetadataStats, Double, Long, IndexReshardingMetadata) at server/src/main/java/org/elasticsearch/cluster/metadata/IndexMetadata.java:708}","{Method new(Index, long, long, long, long, long[], State, int, int, Settings, MappingMetadata, ImmutableOpenMap, ImmutableOpenMap, ImmutableOpenMap, Map, DiscoveryNodeFilters, DiscoveryNodeFilters, DiscoveryNodeFilters, DiscoveryNodeFilters, IndexVersion, IndexVersion, int, int, List, List, ActiveShardCount, ImmutableOpenMap, boolean, boolean, IndexLongFieldRange, IndexLongFieldRange, int, long, boolean, List, int, String, LifecycleExecutionState, AutoExpandReplicas, boolean, boolean, IndexMode, Instant, Instant, IndexVersion, IndexMetadataStats, Double, Long, IndexReshardingMetadata, boolean) at server/src/main/java/org/elasticsearch/cluster/metadata/IndexMetadata.java:710}","-702","-704"
"184c51b9edcf82fada430492acd28f4e336a0364","CHANGE_SIGNATURE","{Method timeSeriesLoadDocIdAndVersion(IndexReader, BytesRef, String, boolean) at server/src/main/java/org/elasticsearch/common/lucene/uid/VersionsAndSeqNoResolver.java:164}","{Method timeSeriesLoadDocIdAndVersion(IndexReader, BytesRef, String, boolean, boolean) at server/src/main/java/org/elasticsearch/common/lucene/uid/VersionsAndSeqNoResolver.java:165}","-158","-159"
"184c51b9edcf82fada430492acd28f4e336a0364","EXTRACT_MOVE","{Method timeSeriesLoadDocIdAndVersion(IndexReader, BytesRef, String, boolean) at server/src/main/java/org/elasticsearch/common/lucene/uid/VersionsAndSeqNoResolver.java:164}","{Method extractTimestampFromId(byte[]) at server/src/main/java/org/elasticsearch/index/mapper/TsidExtractingIdFieldMapper.java:125}","-158","-119"
"184c51b9edcf82fada430492acd28f4e336a0364","CHANGE_SIGNATURE","{Method logDocumentsDetails(List) at server/src/main/java/org/elasticsearch/index/engine/InternalEngine.java:1481}","{Method logDocumentsDetails(List, String, BytesRef) at server/src/main/java/org/elasticsearch/index/engine/InternalEngine.java:1487}","-1475","-1481"
"184c51b9edcf82fada430492acd28f4e336a0364","RENAME","{Class TSDBSyntheticIdFieldInfosFormat at server/src/main/java/org/elasticsearch/index/codec/tsdb/TSDBSyntheticIdCodec.java:63}","{Class RewriteFieldInfosFormat at server/src/main/java/org/elasticsearch/index/codec/tsdb/TSDBSyntheticIdCodec.java:80}","-57","-74"
"184c51b9edcf82fada430492acd28f4e336a0364","CHANGE_SIGNATURE","{Method createTsIdLoader(IndexRouting.ExtractFromSource.ForRoutingPath, List) at server/src/main/java/org/elasticsearch/index/mapper/IdLoader.java:41}","{Method createTsIdLoader(IndexRouting.ExtractFromSource.ForRoutingPath, List, boolean) at server/src/main/java/org/elasticsearch/index/mapper/IdLoader.java:41}","-35","-35"
"184c51b9edcf82fada430492acd28f4e336a0364","EXTRACT_MOVE","{Method nextDoc() at server/src/main/java/org/elasticsearch/index/codec/tsdb/TSDBSyntheticIdFieldsProducer.java:285}","{Method docTimestamp(int) at server/src/main/java/org/elasticsearch/index/codec/tsdb/TSDBSyntheticIdFieldsProducer.java:202}","-275","-192"
"184c51b9edcf82fada430492acd28f4e336a0364","EXTRACT_MOVE","{Method nextDoc() at server/src/main/java/org/elasticsearch/index/codec/tsdb/TSDBSyntheticIdFieldsProducer.java:285}","{Method docRoutingHash(int) at server/src/main/java/org/elasticsearch/index/codec/tsdb/TSDBSyntheticIdFieldsProducer.java:219}","-275","-209"
"184c51b9edcf82fada430492acd28f4e336a0364","RENAME","{Class FakeTermsEnum at server/src/main/java/org/elasticsearch/index/codec/tsdb/TSDBSyntheticIdFieldsProducer.java:142}","{Class SyntheticIdTermsEnum at server/src/main/java/org/elasticsearch/index/codec/tsdb/TSDBSyntheticIdFieldsProducer.java:380}","-136","-374"
"184c51b9edcf82fada430492acd28f4e336a0364","CHANGE_SIGNATURE","{Method expectedId(Doc, int) at server/src/test/java/org/elasticsearch/index/mapper/IdLoaderTests.java:243}","{Method expectedId(Doc, int, boolean) at server/src/test/java/org/elasticsearch/index/mapper/IdLoaderTests.java:246}","-237","-240"
"184c51b9edcf82fada430492acd28f4e336a0364","CHANGE_SIGNATURE","{Method deleteTombstone(SeqNoFieldMapper.SeqNoIndexOptions, boolean, String) at server/src/main/java/org/elasticsearch/index/mapper/ParsedDocument.java:85}","{Method deleteTombstone(SeqNoFieldMapper.SeqNoIndexOptions, boolean, boolean, String, BytesRef) at server/src/main/java/org/elasticsearch/index/mapper/ParsedDocument.java:88}","-79","-82"
"184c51b9edcf82fada430492acd28f4e336a0364","CHANGE_SIGNATURE","{Method putDataStreamTemplate(Random, String) at modules/data-streams/src/internalClusterTest/java/org/elasticsearch/datastreams/TSDBSyntheticIdsIT.java:225}","{Method putDataStreamTemplate(String, int) at modules/data-streams/src/internalClusterTest/java/org/elasticsearch/datastreams/TSDBSyntheticIdsIT.java:416}","-219","-410"
"184c51b9edcf82fada430492acd28f4e336a0364","EXTRACT_MOVE","{Method nextDoc() at server/src/main/java/org/elasticsearch/index/codec/tsdb/TSDBSyntheticIdFieldsProducer.java:285}","{Method docTsIdOrdinal(int) at server/src/main/java/org/elasticsearch/index/codec/tsdb/TSDBSyntheticIdFieldsProducer.java:184}","-275","-174"
"184c51b9edcf82fada430492acd28f4e336a0364","RENAME","{Class FakePostingsEnum at server/src/main/java/org/elasticsearch/index/codec/tsdb/TSDBSyntheticIdFieldsProducer.java:264}","{Class SyntheticIdPostingsEnum at server/src/main/java/org/elasticsearch/index/codec/tsdb/TSDBSyntheticIdFieldsProducer.java:539}","-258","-533"
"136677b4b0a9668be4f0b574db1fd4fdbdc0aa9a","EXTRACT_MOVE","{Method new(int, GPUInfoProvider) at x-pack/plugin/gpu/src/main/java/org/elasticsearch/xpack/gpu/codec/CuVSResourceManager.java:95}","{Method new(GPUInfoProvider) at x-pack/plugin/gpu/src/main/java/org/elasticsearch/xpack/gpu/codec/RealGPUMemoryService.java:20}","-85","-14"
"136677b4b0a9668be4f0b574db1fd4fdbdc0aa9a","CHANGE_SIGNATURE","{Method acquire(int, int, CuVSMatrix.DataType) at x-pack/plugin/gpu/src/main/java/org/elasticsearch/xpack/gpu/codec/CuVSResourceManager.java:130}","{Method acquire(int, int, CuVSMatrix.DataType, CagraIndexParams) at x-pack/plugin/gpu/src/main/java/org/elasticsearch/xpack/gpu/codec/CuVSResourceManager.java:128}","-120","-118"
"136677b4b0a9668be4f0b574db1fd4fdbdc0aa9a","CHANGE_SIGNATURE","{Method acquire(int, int, CuVSMatrix.DataType) at x-pack/plugin/gpu/src/main/java/org/elasticsearch/xpack/gpu/codec/CuVSResourceManager.java:53}","{Method acquire(int, int, CuVSMatrix.DataType, CagraIndexParams) at x-pack/plugin/gpu/src/main/java/org/elasticsearch/xpack/gpu/codec/CuVSResourceManager.java:50}","-47","-44"
"136677b4b0a9668be4f0b574db1fd4fdbdc0aa9a","EXTRACT_MOVE","{Method acquire(int, int, CuVSMatrix.DataType) at x-pack/plugin/gpu/src/main/java/org/elasticsearch/xpack/gpu/codec/CuVSResourceManager.java:130}","{Method new(GPUInfoProvider) at x-pack/plugin/gpu/src/main/java/org/elasticsearch/xpack/gpu/codec/RealGPUMemoryService.java:20}","-120","-14"
"136677b4b0a9668be4f0b574db1fd4fdbdc0aa9a","EXTRACT_MOVE","{Method acquire(int, int, CuVSMatrix.DataType) at x-pack/plugin/gpu/src/main/java/org/elasticsearch/xpack/gpu/codec/CuVSResourceManager.java:130}","{Method totalMemoryInBytes(CuVSResources) at x-pack/plugin/gpu/src/main/java/org/elasticsearch/xpack/gpu/codec/RealGPUMemoryService.java:24}","-120","-18"
"136677b4b0a9668be4f0b574db1fd4fdbdc0aa9a","CHANGE_SIGNATURE","{Method new(int, GPUInfoProvider) at x-pack/plugin/gpu/src/main/java/org/elasticsearch/xpack/gpu/codec/CuVSResourceManager.java:95}","{Method new(int, GPUMemoryService) at x-pack/plugin/gpu/src/main/java/org/elasticsearch/xpack/gpu/codec/CuVSResourceManager.java:93}","-85","-83"
"136677b4b0a9668be4f0b574db1fd4fdbdc0aa9a","CHANGE_SIGNATURE","{Method testBlockingOnInsufficientMemory() at x-pack/plugin/gpu/src/test/java/org/elasticsearch/xpack/gpu/codec/CuVSResourceManagerTests.java:78}","{Method testBlockingOnInsufficientMemory(CagraIndexParams, CuVSResourceManager) at x-pack/plugin/gpu/src/test/java/org/elasticsearch/xpack/gpu/codec/CuVSResourceManagerTests.java:113}","-72","-107"
"136677b4b0a9668be4f0b574db1fd4fdbdc0aa9a","CHANGE_SIGNATURE","{Method testBlocking() at x-pack/plugin/gpu/src/test/java/org/elasticsearch/xpack/gpu/codec/CuVSResourceManagerTests.java:55}","{Method testBlocking(CagraIndexParams) at x-pack/plugin/gpu/src/test/java/org/elasticsearch/xpack/gpu/codec/CuVSResourceManagerTests.java:82}","-49","-76"
"136677b4b0a9668be4f0b574db1fd4fdbdc0aa9a","CHANGE_SIGNATURE","{Method testBasic() at x-pack/plugin/gpu/src/test/java/org/elasticsearch/xpack/gpu/codec/CuVSResourceManagerTests.java:38}","{Method testBasic(CagraIndexParams) at x-pack/plugin/gpu/src/test/java/org/elasticsearch/xpack/gpu/codec/CuVSResourceManagerTests.java:36}","-32","-30"
"136677b4b0a9668be4f0b574db1fd4fdbdc0aa9a","CHANGE_SIGNATURE","{Method testNotBlockingOnSufficientMemory() at x-pack/plugin/gpu/src/test/java/org/elasticsearch/xpack/gpu/codec/CuVSResourceManagerTests.java:100}","{Method testNotBlockingOnSufficientMemory(CagraIndexParams, CuVSResourceManager) at x-pack/plugin/gpu/src/test/java/org/elasticsearch/xpack/gpu/codec/CuVSResourceManagerTests.java:144}","-94","-138"
"136677b4b0a9668be4f0b574db1fd4fdbdc0aa9a","CHANGE_SIGNATURE","{Method generateGpuGraphAndWriteMeta(ResourcesHolder, FieldInfo, CuVSMatrix) at x-pack/plugin/gpu/src/main/java/org/elasticsearch/xpack/gpu/codec/ES92GpuHnswVectorsWriter.java:265}","{Method generateGpuGraphAndWriteMeta(ResourcesHolder, FieldInfo, CuVSMatrix, CagraIndexParams) at x-pack/plugin/gpu/src/main/java/org/elasticsearch/xpack/gpu/codec/ES92GpuHnswVectorsWriter.java:272}","-259","-266"
"136677b4b0a9668be4f0b574db1fd4fdbdc0aa9a","RENAME","{Method buildGPUIndex(CuVSResourceManager.ManagedCuVSResources, VectorSimilarityFunction, CuVSMatrix) at x-pack/plugin/gpu/src/main/java/org/elasticsearch/xpack/gpu/codec/ES92GpuHnswVectorsWriter.java:310}","{Method createCagraIndexParams(VectorSimilarityFunction) at x-pack/plugin/gpu/src/main/java/org/elasticsearch/xpack/gpu/codec/ES92GpuHnswVectorsWriter.java:337}","-304","-331"
"136677b4b0a9668be4f0b574db1fd4fdbdc0aa9a","EXTRACT_MOVE","{Method acquire(int, int, CuVSMatrix.DataType) at x-pack/plugin/gpu/src/main/java/org/elasticsearch/xpack/gpu/codec/CuVSResourceManager.java:130}","{Method availableMemoryInBytes(CuVSResources) at x-pack/plugin/gpu/src/main/java/org/elasticsearch/xpack/gpu/codec/RealGPUMemoryService.java:29}","-120","-23"
"136677b4b0a9668be4f0b574db1fd4fdbdc0aa9a","CHANGE_SIGNATURE","{Method flushFieldWithGpuGraph(ResourcesHolder, FieldInfo, CuVSMatrix, Sorter.DocMap) at x-pack/plugin/gpu/src/main/java/org/elasticsearch/xpack/gpu/codec/ES92GpuHnswVectorsWriter.java:227}","{Method flushFieldWithGpuGraph(ResourcesHolder, FieldInfo, CuVSMatrix, Sorter.DocMap, CagraIndexParams) at x-pack/plugin/gpu/src/main/java/org/elasticsearch/xpack/gpu/codec/ES92GpuHnswVectorsWriter.java:229}","-221","-223"
"1b351789585d4a0209643702658fe631f6c5b403"
"d12e88d69a49189cd41ee57c6249e99ff6def27f"
"7a23516cce48dcd78aed0075a398b604531f1e81"
"7515dfd6a79d1e35ece1428bf2a53f9d38136cc2","MOVE_RENAME","{Method testAcceptsMismatchedServerlessBuildHash() at server/src/test/java/org/elasticsearch/transport/TransportServiceHandshakeTests.java:378}","{Method testAcceptsMismatchedServerlessBuildHashWithoutWarning() at qa/serverless-system-properties/src/test/java/org/elasticsearch/transport/ServerlessTransportHandshakeTests.java:99}","-372","-93"
"7515dfd6a79d1e35ece1428bf2a53f9d38136cc2","MOVE_RENAME","{Class DisruptingTransportInterceptor at server/src/test/java/org/elasticsearch/transport/TransportServiceHandshakeTests.java:429}","{Class BuildHashModifyingTransportInterceptor at test/framework/src/main/java/org/elasticsearch/transport/BuildHashModifyingTransportInterceptor.java:18}","-423","-16"
"c9c50eaaf0b05b4968a9c6993cedf8e576de425b","CHANGE_SIGNATURE","{Method createTestStateWithNumberOfNodesAndHotSpots(int, int, int) at server/src/test/java/org/elasticsearch/cluster/routing/allocation/WriteLoadConstraintMonitorTests.java:337}","{Method createTestStateWithNumberOfNodesAndHotSpots(int, int, int, int) at server/src/test/java/org/elasticsearch/cluster/routing/allocation/WriteLoadConstraintMonitorTests.java:345}","-331","-339"
"c9c50eaaf0b05b4968a9c6993cedf8e576de425b","RENAME","{Method nonSearchNodeBelowQueueLatencyThreshold(ClusterState, String, NodeUsageStatsForThreadPools, long) at server/src/test/java/org/elasticsearch/cluster/routing/allocation/WriteLoadConstraintMonitorTests.java:319}","{Method indexingNodeBelowQueueLatencyThreshold(ClusterState, String, NodeUsageStatsForThreadPools, long) at server/src/test/java/org/elasticsearch/cluster/routing/allocation/WriteLoadConstraintMonitorTests.java:320}","-313","-314"
"c9c50eaaf0b05b4968a9c6993cedf8e576de425b","CHANGE_SIGNATURE","{Method buildServerlessRoleNodes(String, int, int, int) at test/framework/src/main/java/org/elasticsearch/action/support/replication/ClusterStateCreationUtils.java:341}","{Method buildServerlessRoleNodes(String, int, int, int, int) at test/framework/src/main/java/org/elasticsearch/action/support/replication/ClusterStateCreationUtils.java:342}","-335","-336"
"bb71252622bf967fc0a8093278e92b87379bc2c5"
"b850c82b5b4bd6ca9d4dde4dafb1b16313013e98"
"5f20603d82bd2c625516b169028733a42ba41dd2"
"f7617d32b5565525b13d0da75d06b4220e1737ed"
"4bd894daee27907db3d1e205f9b00b98a9c522a7","INTERNAL_MOVE","{Method readOrds(BlockFactory, Docs, int) at server/src/main/java/org/elasticsearch/index/mapper/blockloader/docvalues/Utf8CodePointsFromOrdsBlockLoader.java:300}","{Method readOrds(SortedSetDocValues, Warnings, BlockFactory, Docs, int) at server/src/main/java/org/elasticsearch/index/mapper/blockloader/docvalues/Utf8CodePointsFromOrdsBlockLoader.java:525}","-290","-519"
"93137e6bb7cd000a5a49f6f5a34d84b9854ead9f"
"e3598dee45b542be65d702a042fa9c692340bc84"
"d657f7bef51da69d79134325ab5c3c5352ddf264"
"ff45c72bb0e070d5c3711131d8a89ae5cfbb7ed4"
"bc0478ac49d0812a5cd253d18e9b83e6647cf481","PULL_UP","{Method parameters() at server/src/test/java/org/elasticsearch/index/mapper/blockloader/docvalues/Utf8CodePointsFromOrdsBlockLoaderTests.java:36}","{Method parameters() at server/src/test/java/org/elasticsearch/index/mapper/blockloader/docvalues/AbstractFromOrdsBlockLoaderTests.java:32}","-30","-26"
"bc0478ac49d0812a5cd253d18e9b83e6647cf481","MOVE_RENAME","{Class Ordinals at server/src/main/java/org/elasticsearch/index/mapper/blockloader/docvalues/BytesRefsFromOrdsBlockLoader.java:129}","{Class SortedSet at server/src/main/java/org/elasticsearch/index/mapper/blockloader/docvalues/AbstractBytesRefsFromOrdsBlockLoader.java:117}","-123","-111"
"bc0478ac49d0812a5cd253d18e9b83e6647cf481","EXTRACT_MOVE","{Method test() at server/src/test/java/org/elasticsearch/index/mapper/blockloader/docvalues/Utf8CodePointsFromOrdsBlockLoaderTests.java:68}","{Method new(boolean, boolean, boolean) at server/src/test/java/org/elasticsearch/index/mapper/blockloader/docvalues/MvMinIntsFromDocValuesBlockLoaderTests.java:26}","-62","-20"
"bc0478ac49d0812a5cd253d18e9b83e6647cf481","CHANGE_SIGNATURE","{Method read(int, BlockLoader.StoredFields, Builder) at server/src/main/java/org/elasticsearch/index/mapper/blockloader/docvalues/IntsBlockLoader.java:77}","{Method read(int, StoredFields, Builder) at server/src/main/java/org/elasticsearch/index/mapper/blockloader/docvalues/AbstractIntsFromDocValuesBlockLoader.java:83}","-67","-73"
"bc0478ac49d0812a5cd253d18e9b83e6647cf481","CHANGE_SIGNATURE","{Method read(int, BlockLoader.StoredFields, Builder) at server/src/main/java/org/elasticsearch/index/mapper/blockloader/docvalues/BytesRefsFromOrdsBlockLoader.java:109}","{Method read(int, StoredFields, Builder) at server/src/main/java/org/elasticsearch/index/mapper/blockloader/docvalues/AbstractBytesRefsFromOrdsBlockLoader.java:97}","-99","-87"
"bc0478ac49d0812a5cd253d18e9b83e6647cf481","MOVE_RENAME","{Class SingletonOrdinals at server/src/main/java/org/elasticsearch/index/mapper/blockloader/docvalues/BytesRefsFromOrdsBlockLoader.java:68}","{Class Singleton at server/src/main/java/org/elasticsearch/index/mapper/blockloader/docvalues/AbstractBytesRefsFromOrdsBlockLoader.java:56}","-62","-50"
"bc0478ac49d0812a5cd253d18e9b83e6647cf481","EXTRACT_SUPER","{Class BytesRefsFromOrdsBlockLoader at server/src/main/java/org/elasticsearch/index/mapper/blockloader/docvalues/BytesRefsFromOrdsBlockLoader.java:24}","{Class AbstractBytesRefsFromOrdsBlockLoader at server/src/main/java/org/elasticsearch/index/mapper/blockloader/docvalues/AbstractBytesRefsFromOrdsBlockLoader.java:23}","-22","-21"
"bc0478ac49d0812a5cd253d18e9b83e6647cf481","MOVE_RENAME","{Class Ints at server/src/main/java/org/elasticsearch/index/mapper/blockloader/docvalues/IntsBlockLoader.java:103}","{Class Sorted at server/src/main/java/org/elasticsearch/index/mapper/blockloader/docvalues/AbstractIntsFromDocValuesBlockLoader.java:109}","-97","-103"
"bc0478ac49d0812a5cd253d18e9b83e6647cf481","PULL_UP","{Method reader(LeafReaderContext) at server/src/main/java/org/elasticsearch/index/mapper/blockloader/docvalues/IntsBlockLoader.java:32}","{Method reader(LeafReaderContext) at server/src/main/java/org/elasticsearch/index/mapper/blockloader/docvalues/AbstractIntsFromDocValuesBlockLoader.java:34}","-26","-28"
"bc0478ac49d0812a5cd253d18e9b83e6647cf481","RENAME","{Class Ordinals at server/src/main/java/org/elasticsearch/index/mapper/blockloader/docvalues/Utf8CodePointsFromOrdsBlockLoader.java:230}","{Class SortedSet at server/src/main/java/org/elasticsearch/index/mapper/blockloader/docvalues/Utf8CodePointsFromOrdsBlockLoader.java:230}","-224","-224"
"bc0478ac49d0812a5cd253d18e9b83e6647cf481","EXTRACT_SUPER","{Class IntsBlockLoader at server/src/main/java/org/elasticsearch/index/mapper/blockloader/docvalues/IntsBlockLoader.java:20}","{Class AbstractIntsFromDocValuesBlockLoader at server/src/main/java/org/elasticsearch/index/mapper/blockloader/docvalues/AbstractIntsFromDocValuesBlockLoader.java:22}","-18","-20"
"bc0478ac49d0812a5cd253d18e9b83e6647cf481","RENAME","{Class SingletonOrdinals at server/src/main/java/org/elasticsearch/index/mapper/blockloader/docvalues/Utf8CodePointsFromOrdsBlockLoader.java:96}","{Class Singleton at server/src/main/java/org/elasticsearch/index/mapper/blockloader/docvalues/Utf8CodePointsFromOrdsBlockLoader.java:96}","-90","-90"
"bc0478ac49d0812a5cd253d18e9b83e6647cf481","CHANGE_SIGNATURE","{Method read(int, BlockLoader.StoredFields, Builder) at server/src/main/java/org/elasticsearch/index/mapper/blockloader/docvalues/IntsBlockLoader.java:121}","{Method read(int, StoredFields, Builder) at server/src/main/java/org/elasticsearch/index/mapper/blockloader/docvalues/AbstractIntsFromDocValuesBlockLoader.java:127}","-111","-117"
"bc0478ac49d0812a5cd253d18e9b83e6647cf481","PULL_UP","{Method read(BlockLoader, BlockLoader.AllReader, LeafReaderContext, BlockLoader.Docs) at server/src/test/java/org/elasticsearch/index/mapper/blockloader/docvalues/Utf8CodePointsFromOrdsBlockLoaderTests.java:128}","{Method read(BlockLoader, BlockLoader.AllReader, LeafReaderContext, BlockLoader.Docs) at server/src/test/java/org/elasticsearch/index/mapper/blockloader/docvalues/AbstractFromOrdsBlockLoaderTests.java:86}","-122","-80"
"bc0478ac49d0812a5cd253d18e9b83e6647cf481","PULL_UP","{Method builder(BlockFactory, int) at server/src/main/java/org/elasticsearch/index/mapper/blockloader/docvalues/IntsBlockLoader.java:27}","{Method builder(BlockFactory, int) at server/src/main/java/org/elasticsearch/index/mapper/blockloader/docvalues/AbstractIntsFromDocValuesBlockLoader.java:29}","-21","-23"
"bc0478ac49d0812a5cd253d18e9b83e6647cf481","RENAME","{Method test() at server/src/test/java/org/elasticsearch/index/mapper/blockloader/docvalues/Utf8CodePointsFromOrdsBlockLoaderTests.java:68}","{Method innerTest(LeafReaderContext, int) at server/src/test/java/org/elasticsearch/index/mapper/blockloader/docvalues/Utf8CodePointsFromOrdsBlockLoaderTests.java:37}","-62","-31"
"bc0478ac49d0812a5cd253d18e9b83e6647cf481","PULL_UP","{Method builder(BlockFactory, int) at server/src/main/java/org/elasticsearch/index/mapper/blockloader/docvalues/BytesRefsFromOrdsBlockLoader.java:31}","{Method builder(BlockFactory, int) at server/src/main/java/org/elasticsearch/index/mapper/blockloader/docvalues/AbstractBytesRefsFromOrdsBlockLoader.java:30}","-25","-24"
"bc0478ac49d0812a5cd253d18e9b83e6647cf481","EXTRACT_SUPER","{Class Utf8CodePointsFromOrdsBlockLoaderTests at server/src/test/java/org/elasticsearch/index/mapper/blockloader/docvalues/Utf8CodePointsFromOrdsBlockLoaderTests.java:35}","{Class AbstractFromOrdsBlockLoaderTests at server/src/test/java/org/elasticsearch/index/mapper/blockloader/docvalues/AbstractFromOrdsBlockLoaderTests.java:31}","-33","-29"
"bc0478ac49d0812a5cd253d18e9b83e6647cf481","EXTRACT_MOVE","{Method test() at server/src/test/java/org/elasticsearch/index/mapper/blockloader/docvalues/Utf8CodePointsFromOrdsBlockLoaderTests.java:68}","{Method new(boolean, boolean, boolean) at server/src/test/java/org/elasticsearch/index/mapper/blockloader/docvalues/MvMaxIntsFromDocValuesBlockLoaderTests.java:26}","-62","-20"
"bc0478ac49d0812a5cd253d18e9b83e6647cf481","MOVE_RENAME","{Class SingletonInts at server/src/main/java/org/elasticsearch/index/mapper/blockloader/docvalues/IntsBlockLoader.java:49}","{Class Singleton at server/src/main/java/org/elasticsearch/index/mapper/blockloader/docvalues/AbstractIntsFromDocValuesBlockLoader.java:55}","-43","-49"
"bc0478ac49d0812a5cd253d18e9b83e6647cf481","PULL_UP","{Method reader(LeafReaderContext) at server/src/main/java/org/elasticsearch/index/mapper/blockloader/docvalues/BytesRefsFromOrdsBlockLoader.java:36}","{Method reader(LeafReaderContext) at server/src/main/java/org/elasticsearch/index/mapper/blockloader/docvalues/AbstractBytesRefsFromOrdsBlockLoader.java:35}","-30","-29"
"bc0478ac49d0812a5cd253d18e9b83e6647cf481","CHANGE_SIGNATURE","{Method read(int, BlockLoader.StoredFields, Builder) at server/src/main/java/org/elasticsearch/index/mapper/blockloader/docvalues/BytesRefsFromOrdsBlockLoader.java:166}","{Method read(int, StoredFields, Builder) at server/src/main/java/org/elasticsearch/index/mapper/blockloader/docvalues/AbstractBytesRefsFromOrdsBlockLoader.java:154}","-156","-144"
"8e4ad7606c30f1c41c08f1be9dbb82bdb64aaa30"
"ce626b3021799696327edf9081bf67362055ae0d","MOVE","{Method testGetEffectiveSettingsNoMatchingTemplate() at server/src/test/java/org/elasticsearch/cluster/metadata/DataStreamTests.java:2450}","{Method testGetEffectiveSettingsNoMatchingTemplate() at server/src/test/java/org/elasticsearch/cluster/metadata/MetadataDataStreamsServiceTests.java:577}","-2444","-571"
"ce626b3021799696327edf9081bf67362055ae0d","EXTRACT","{Method testUpdateDataStreamOptions() at server/src/test/java/org/elasticsearch/cluster/metadata/MetadataDataStreamsServiceTests.java:497}","{Method getTestInstance() at server/src/test/java/org/elasticsearch/cluster/metadata/MetadataDataStreamsServiceTests.java:691}","-491","-685"
"ce626b3021799696327edf9081bf67362055ae0d","MOVE","{Method testGetEffectiveSettings() at server/src/test/java/org/elasticsearch/cluster/metadata/DataStreamTests.java:2508}","{Method testGetEffectiveSettings() at server/src/test/java/org/elasticsearch/cluster/metadata/MetadataDataStreamsServiceTests.java:642}","-2502","-636"
"ce626b3021799696327edf9081bf67362055ae0d","EXTRACT","{Method testUpdateLifecycle() at server/src/test/java/org/elasticsearch/cluster/metadata/MetadataDataStreamsServiceTests.java:469}","{Method getTestInstance() at server/src/test/java/org/elasticsearch/cluster/metadata/MetadataDataStreamsServiceTests.java:691}","-463","-685"
"ce626b3021799696327edf9081bf67362055ae0d","MOVE","{Method testGetEffectiveSettingsComponentTemplateSettingsOnly() at server/src/test/java/org/elasticsearch/cluster/metadata/DataStreamTests.java:2472}","{Method testGetEffectiveSettingsComponentTemplateSettingsOnly() at server/src/test/java/org/elasticsearch/cluster/metadata/MetadataDataStreamsServiceTests.java:602}","-2466","-596"
"ce626b3021799696327edf9081bf67362055ae0d","MOVE","{Method testGetEffectiveSettingsDataStreamSettingsOnly() at server/src/test/java/org/elasticsearch/cluster/metadata/DataStreamTests.java:2492}","{Method testGetEffectiveSettingsDataStreamSettingsOnly() at server/src/test/java/org/elasticsearch/cluster/metadata/MetadataDataStreamsServiceTests.java:624}","-2486","-618"
"ce626b3021799696327edf9081bf67362055ae0d","CHANGE_SIGNATURE","{Method innerOperation(ProjectState, GetDataStreamAction.Request, IndexNameExpressionResolver, SystemIndices, ClusterSettings, DataStreamGlobalRetentionSettings, DataStreamFailureStoreSettings, IndexSettingProviders, Map) at modules/data-streams/src/main/java/org/elasticsearch/datastreams/action/TransportGetDataStreamsAction.java:224}","{Method innerOperation(ProjectState, GetDataStreamAction.Request, IndexNameExpressionResolver, SystemIndices, ClusterSettings, DataStreamGlobalRetentionSettings, DataStreamFailureStoreSettings, IndexSettingProviders, Map, MetadataDataStreamsService) at modules/data-streams/src/main/java/org/elasticsearch/datastreams/action/TransportGetDataStreamsAction.java:230}","-218","-224"
"ce626b3021799696327edf9081bf67362055ae0d","CHANGE_SIGNATURE","{Method new(TransportService, ClusterService, ThreadPool, ActionFilters, ProjectResolver, IndexNameExpressionResolver, SystemIndices, DataStreamGlobalRetentionSettings, DataStreamFailureStoreSettings, IndexSettingProviders, Client) at modules/data-streams/src/main/java/org/elasticsearch/datastreams/action/TransportGetDataStreamsAction.java:88}","{Method new(TransportService, ClusterService, ThreadPool, ActionFilters, ProjectResolver, IndexNameExpressionResolver, SystemIndices, DataStreamGlobalRetentionSettings, DataStreamFailureStoreSettings, IndexSettingProviders, Client, MetadataDataStreamsService) at modules/data-streams/src/main/java/org/elasticsearch/datastreams/action/TransportGetDataStreamsAction.java:90}","-82","-84"
"ce626b3021799696327edf9081bf67362055ae0d","MOVE","{Method testGetEffectiveSettingsTemplateSettingsOnly() at server/src/test/java/org/elasticsearch/cluster/metadata/DataStreamTests.java:2457}","{Method testGetEffectiveSettingsTemplateSettingsOnly() at server/src/test/java/org/elasticsearch/cluster/metadata/MetadataDataStreamsServiceTests.java:585}","-2451","-579"
"ce626b3021799696327edf9081bf67362055ae0d","CHANGE_SIGNATURE","{Method new(TransportService, ClusterService, ThreadPool, SettingsFilter, ActionFilters, ProjectResolver, IndexNameExpressionResolver) at modules/data-streams/src/main/java/org/elasticsearch/datastreams/action/TransportGetDataStreamSettingsAction.java:42}","{Method new(TransportService, ClusterService, ThreadPool, SettingsFilter, ActionFilters, ProjectResolver, IndexNameExpressionResolver, MetadataDataStreamsService) at modules/data-streams/src/main/java/org/elasticsearch/datastreams/action/TransportGetDataStreamSettingsAction.java:44}","-36","-38"
"5ae8eac46199ca91f6b67838b2435f12ff0ed802","RENAME","{Method notNull(Object, String) at x-pack/plugin/ql/src/main/java/org/elasticsearch/xpack/ql/util/Check.java:28}","{Method notNullInternal(Object, String, Object...) at x-pack/plugin/ql/src/main/java/org/elasticsearch/xpack/ql/util/Check.java:29}","-22","-23"
"5ae8eac46199ca91f6b67838b2435f12ff0ed802","RENAME","{Method isTrue(boolean, String) at x-pack/plugin/ql/src/main/java/org/elasticsearch/xpack/ql/util/Check.java:22}","{Method isTrueInternal(boolean, String, Object...) at x-pack/plugin/ql/src/main/java/org/elasticsearch/xpack/ql/util/Check.java:17}","-16","-11"
"f5cb6ea7d46cc4f62a4c1eb10cd528af1b5c0927","RENAME","{Method close() at x-pack/plugin/async-search/src/main/java/org/elasticsearch/xpack/search/MutableSearchResponse.java:494}","{Method closeInternal() at x-pack/plugin/async-search/src/main/java/org/elasticsearch/xpack/search/MutableSearchResponse.java:495}","-488","-489"
"f5cb6ea7d46cc4f62a4c1eb10cd528af1b5c0927","CHANGE_SIGNATURE","{Method getResponseWithHeaders() at x-pack/plugin/async-search/src/main/java/org/elasticsearch/xpack/search/AsyncSearchTask.java:342}","{Method getResponseWithHeaders(ActionListener) at x-pack/plugin/async-search/src/main/java/org/elasticsearch/xpack/search/AsyncSearchTask.java:406}","-336","-400"
"f5cb6ea7d46cc4f62a4c1eb10cd528af1b5c0927","CHANGE_SIGNATURE","{Method getResponse() at x-pack/plugin/async-search/src/main/java/org/elasticsearch/xpack/search/AsyncSearchTask.java:334}","{Method getResponse(ActionListener) at x-pack/plugin/async-search/src/main/java/org/elasticsearch/xpack/search/AsyncSearchTask.java:398}","-328","-392"
"f5cb6ea7d46cc4f62a4c1eb10cd528af1b5c0927","CHANGE_SIGNATURE","{Method new(long, String, String, TaskId, Supplier, TimeValue, Map, Map, AsyncExecutionId, Client, ThreadPool, Function) at x-pack/plugin/async-search/src/main/java/org/elasticsearch/xpack/search/AsyncSearchTask.java:95}","{Method new(long, String, String, TaskId, Supplier, TimeValue, Map, Map, AsyncExecutionId, Client, ThreadPool, Function, AsyncTaskIndexService) at x-pack/plugin/async-search/src/main/java/org/elasticsearch/xpack/search/AsyncSearchTask.java:98}","-89","-92"
"54c35e06ee96aac45387bc383255c0d410d99631","CHANGE_SIGNATURE","{Method createFilter(ThreadPool, Map, IndexingPressure, boolean, boolean, InferenceStats) at x-pack/plugin/inference/src/test/java/org/elasticsearch/xpack/inference/action/filter/ShardBulkInferenceActionFilterTests.java:964}","{Method createFilter(ThreadPool, Map, IndexingPressure, boolean, MockLicenseState, InferenceStats) at x-pack/plugin/inference/src/test/java/org/elasticsearch/xpack/inference/action/filter/ShardBulkInferenceActionFilterTests.java:1021}","-958","-1015"
"54c35e06ee96aac45387bc383255c0d410d99631","EXTRACT_MOVE","{Method addFieldInferenceRequests(BulkItemRequest, int, Map) at x-pack/plugin/inference/src/main/java/org/elasticsearch/xpack/inference/action/filter/ShardBulkInferenceActionFilter.java:479}","{Method new() at x-pack/plugin/inference/src/main/java/org/elasticsearch/xpack/inference/InferenceLicenceCheck.java:21}","-469","-15"
"54c35e06ee96aac45387bc383255c0d410d99631","EXTRACT_MOVE","{Method masterOperation(Task, UpdateInferenceModelAction.Request, ClusterState, ActionListener) at x-pack/plugin/inference/src/main/java/org/elasticsearch/xpack/inference/action/TransportUpdateInferenceModelAction.java:109}","{Method new() at x-pack/plugin/inference/src/main/java/org/elasticsearch/xpack/inference/InferenceLicenceCheck.java:21}","-103","-15"
"c6bdd287a48ea01aace7d8d53a48c73f33ba4583"
"45e38c1745af605ea303d4ecddb8cbd4e5ba2d76","EXTRACT","{Method assertStartedAndStop() at qa/packaging/src/test/java/org/elasticsearch/packaging/test/WindowsServiceTests.java:151}","{Method stopCommand(String) at qa/packaging/src/test/java/org/elasticsearch/packaging/test/WindowsServiceTests.java:55}","-145","-49"
"6f90938acde66a5182ac9f6cb3c5e2f54ffb98e1"
"c9b9eb1789152bd4f1437332f142696fe6e6012e","CHANGE_SIGNATURE","{Method new(ThreadPool, ClusterService, TransportService, ActionFilters, AnomalyDetectionAuditor, DataFrameAnalyticsAuditor, InferenceAuditor, TrainedModelStatsService) at x-pack/plugin/ml/src/main/java/org/elasticsearch/xpack/ml/action/TransportResetMlComponentsAction.java:41}","{Method new(ThreadPool, ClusterService, TransportService, ActionFilters, AnomalyDetectionAuditor, DataFrameAnalyticsAuditor, InferenceAuditor, TrainedModelStatsService, FeatureService) at x-pack/plugin/ml/src/main/java/org/elasticsearch/xpack/ml/action/TransportResetMlComponentsAction.java:45}","-35","-39"
"4e68eccd9f663c2d4879f20c409444f3d7aa558b"
"e20a629b7da71822cbf2471637b92465f03f836e"
"3bb4343ee2b5ee645f3a41b11012e08fd2a7c231","EXTRACT","{Method testDefaults() at server/src/test/java/org/elasticsearch/index/mapper/vectors/SparseVectorFieldMapperTests.java:246}","{Method getSampleValueForDocument(boolean) at server/src/test/java/org/elasticsearch/index/mapper/vectors/SparseVectorFieldMapperTests.java:100}","-240","-94"
"3bb4343ee2b5ee645f3a41b11012e08fd2a7c231","EXTRACT_MOVE","{Method example(int) at server/src/test/java/org/elasticsearch/index/mapper/vectors/SparseVectorFieldMapperTests.java:494}","{Method getSampleValueForDocument(boolean) at server/src/test/java/org/elasticsearch/index/mapper/vectors/SparseVectorFieldMapperTests.java:100}","-480","-94"
"3bb4343ee2b5ee645f3a41b11012e08fd2a7c231","EXTRACT_MOVE","{Method generateRandomDocWithFlatPath(XContentType) at server/src/test/java/org/elasticsearch/index/mapper/vectors/SyntheticVectorsMapperTestCase.java:213}","{Method getSampleValueForDocument(boolean) at server/src/test/java/org/elasticsearch/index/mapper/vectors/SparseVectorFieldMapperTests.java:100}","-207","-94"
"3bb4343ee2b5ee645f3a41b11012e08fd2a7c231","CHANGE_SIGNATURE","{Method new(ElementType, DenseVectorFieldMapper.VectorSimilarity, boolean, boolean) at x-pack/plugin/esql/src/internalClusterTest/java/org/elasticsearch/xpack/esql/DenseVectorFieldTypeIT.java:79}","{Method new(ElementType, DenseVectorFieldMapper.VectorSimilarity, boolean, VectorSourceOptions) at x-pack/plugin/esql/src/internalClusterTest/java/org/elasticsearch/xpack/esql/DenseVectorFieldTypeIT.java:90}","-73","-84"
"3bb4343ee2b5ee645f3a41b11012e08fd2a7c231","EXTRACT_MOVE","{Method syntheticSourceSupport(boolean) at server/src/test/java/org/elasticsearch/index/mapper/vectors/SparseVectorFieldMapperTests.java:486}","{Method getSampleValueForDocument(boolean) at x-pack/plugin/rank-vectors/src/test/java/org/elasticsearch/xpack/rank/vectors/mapper/RankVectorsFieldMapperTests.java:92}","-480","-86"
"3bb4343ee2b5ee645f3a41b11012e08fd2a7c231","CHANGE_SIGNATURE","{Method createIndexWithDenseVector(String) at x-pack/plugin/esql/src/internalClusterTest/java/org/elasticsearch/xpack/esql/DenseVectorFieldTypeIT.java:233}","{Method createIndexWithDenseVector(String, int) at x-pack/plugin/esql/src/internalClusterTest/java/org/elasticsearch/xpack/esql/DenseVectorFieldTypeIT.java:270}","-227","-264"
"3bb4343ee2b5ee645f3a41b11012e08fd2a7c231","EXTRACT_MOVE","{Method generateRandomDoc(XContentType, boolean, boolean, boolean, boolean, boolean) at server/src/test/java/org/elasticsearch/index/mapper/vectors/SyntheticVectorsMapperTestCase.java:149}","{Method getSampleValueForDocument(boolean) at x-pack/plugin/rank-vectors/src/test/java/org/elasticsearch/xpack/rank/vectors/mapper/RankVectorsFieldMapperTests.java:92}","-143","-86"
"3bb4343ee2b5ee645f3a41b11012e08fd2a7c231","EXTRACT_MOVE","{Method generateRandomDocWithFlatPath(XContentType) at server/src/test/java/org/elasticsearch/index/mapper/vectors/SyntheticVectorsMapperTestCase.java:213}","{Method getSampleValueForDocument(boolean) at x-pack/plugin/rank-vectors/src/test/java/org/elasticsearch/xpack/rank/vectors/mapper/RankVectorsFieldMapperTests.java:92}","-207","-86"
"3bb4343ee2b5ee645f3a41b11012e08fd2a7c231","EXTRACT_MOVE","{Method getSampleObjectForDocument() at server/src/test/java/org/elasticsearch/index/mapper/vectors/SparseVectorFieldMapperTests.java:100}","{Method getSampleValueForDocument(boolean) at x-pack/plugin/rank-vectors/src/test/java/org/elasticsearch/xpack/rank/vectors/mapper/RankVectorsFieldMapperTests.java:92}","-94","-86"
"3bb4343ee2b5ee645f3a41b11012e08fd2a7c231","EXTRACT_MOVE","{Method example(int) at server/src/test/java/org/elasticsearch/index/mapper/vectors/SparseVectorFieldMapperTests.java:494}","{Method getSampleValueForDocument(boolean) at x-pack/plugin/rank-vectors/src/test/java/org/elasticsearch/xpack/rank/vectors/mapper/RankVectorsFieldMapperTests.java:92}","-480","-86"
"3bb4343ee2b5ee645f3a41b11012e08fd2a7c231","EXTRACT","{Method syntheticSourceSupport(boolean) at server/src/test/java/org/elasticsearch/index/mapper/vectors/SparseVectorFieldMapperTests.java:486}","{Method getSampleValueForDocument(boolean) at server/src/test/java/org/elasticsearch/index/mapper/vectors/SparseVectorFieldMapperTests.java:100}","-480","-94"
"3bb4343ee2b5ee645f3a41b11012e08fd2a7c231","EXTRACT_MOVE","{Method generateRandomDoc(XContentType, boolean, boolean, boolean, boolean, boolean) at server/src/test/java/org/elasticsearch/index/mapper/vectors/SyntheticVectorsMapperTestCase.java:149}","{Method getSampleValueForDocument(boolean) at server/src/test/java/org/elasticsearch/index/mapper/vectors/SparseVectorFieldMapperTests.java:100}","-143","-94"
"3bb4343ee2b5ee645f3a41b11012e08fd2a7c231","RENAME","{Method parseHexEncodedVector(DocumentParserContext, IntBooleanConsumer, VectorSimilarity) at server/src/main/java/org/elasticsearch/index/mapper/vectors/DenseVectorFieldMapper.java:794}","{Method parseStringValue(String, IntBooleanConsumer, VectorSimilarity, Function) at server/src/main/java/org/elasticsearch/index/mapper/vectors/DenseVectorFieldMapper.java:796}","-784","-786"
"3bb4343ee2b5ee645f3a41b11012e08fd2a7c231","EXTRACT_MOVE","{Method testDefaults() at server/src/test/java/org/elasticsearch/index/mapper/vectors/SparseVectorFieldMapperTests.java:246}","{Method getSampleValueForDocument(boolean) at x-pack/plugin/rank-vectors/src/test/java/org/elasticsearch/xpack/rank/vectors/mapper/RankVectorsFieldMapperTests.java:92}","-240","-86"
"3bb4343ee2b5ee645f3a41b11012e08fd2a7c231","EXTRACT","{Method getSampleObjectForDocument() at server/src/test/java/org/elasticsearch/index/mapper/vectors/SparseVectorFieldMapperTests.java:100}","{Method getSampleValueForDocument(boolean) at server/src/test/java/org/elasticsearch/index/mapper/vectors/SparseVectorFieldMapperTests.java:100}","-94","-94"
"ffe6943bca6baf313d0347822b80d92fad6ab0e2"
"635fda1212c386e7d21a1bcf39e97820178087c2","CHANGE_SIGNATURE","{Method pipelineIdsForResource(ClusterState, Set) at x-pack/plugin/core/src/main/java/org/elasticsearch/xpack/core/ml/utils/InferenceProcessorInfoExtractor.java:122}","{Method pipelineIdsForResource(Metadata, Set) at x-pack/plugin/core/src/main/java/org/elasticsearch/xpack/core/ml/utils/InferenceProcessorInfoExtractor.java:122}","-116","-116"
"635fda1212c386e7d21a1bcf39e97820178087c2","CHANGE_SIGNATURE","{Method new(TransportService, ClusterService, ThreadPool, ActionFilters, XPackLicenseState, ModelRegistry, InferenceServiceRegistry, Settings, ProjectResolver) at x-pack/plugin/inference/src/main/java/org/elasticsearch/xpack/inference/action/TransportPutInferenceModelAction.java:71}","{Method new(TransportService, ClusterService, ThreadPool, ActionFilters, XPackLicenseState, ModelRegistry, InferenceServiceRegistry, Settings, ProjectResolver, Client) at x-pack/plugin/inference/src/main/java/org/elasticsearch/xpack/inference/action/TransportPutInferenceModelAction.java:83}","-65","-77"
"635fda1212c386e7d21a1bcf39e97820178087c2","CHANGE_SIGNATURE","{Method generateEmbedding(String, int, DenseVectorFieldMapper.ElementType) at x-pack/plugin/inference/qa/test-service-plugin/src/main/java/org/elasticsearch/xpack/inference/mock/TestDenseInferenceServiceExtension.java:233}","{Method generateEmbedding(String, int, DenseVectorFieldMapper.ElementType, SimilarityMeasure) at x-pack/plugin/inference/qa/test-service-plugin/src/main/java/org/elasticsearch/xpack/inference/mock/TestDenseInferenceServiceExtension.java:240}","-223","-230"
"635fda1212c386e7d21a1bcf39e97820178087c2","CHANGE_SIGNATURE","{Method parseAndStoreModel(InferenceService, String, TaskType, Map, TimeValue, ActionListener) at x-pack/plugin/inference/src/main/java/org/elasticsearch/xpack/inference/action/TransportPutInferenceModelAction.java:187}","{Method parseAndStoreModel(InferenceService, String, TaskType, Map, TimeValue, Metadata, ActionListener) at x-pack/plugin/inference/src/main/java/org/elasticsearch/xpack/inference/action/TransportPutInferenceModelAction.java:209}","-181","-203"
"635fda1212c386e7d21a1bcf39e97820178087c2","MOVE","{Method extractIndexesReferencingInferenceEndpoints(Metadata, Set) at x-pack/plugin/core/src/main/java/org/elasticsearch/xpack/core/ml/utils/SemanticTextInfoExtractor.java:26}","{Method extractIndexesReferencingInferenceEndpoints(Metadata, Set) at x-pack/plugin/inference/src/main/java/org/elasticsearch/xpack/inference/common/SemanticTextInfoExtractor.java:26}","-20","-20"
"6c979d9f4f4005c075eb94d3d7b0a73722a479e7"
"2d180d2ef29db0e0408e2e6127d7837a2df77c05"
"410d877d70428eb7aa9661778ccca4e3b365d18a","EXTRACT_MOVE","{Method preAnalyzeMainIndices(IndexPattern, IndexMode, PreAnalyzer.PreAnalysis, EsqlExecutionInfo, PreAnalysisResult, QueryBuilder, ActionListener) at x-pack/plugin/esql/src/main/java/org/elasticsearch/xpack/esql/session/EsqlSession.java:833}","{Method empty(String) at x-pack/plugin/esql/src/main/java/org/elasticsearch/xpack/esql/index/IndexResolution.java:39}","-827","-33"
"42607fc7c93133aaae5e67441e775507581bb807","RENAME","{Method hasTimestampField() at server/src/main/java/org/elasticsearch/index/mapper/MappingLookup.java:538}","{Method getTimestampFieldType() at server/src/main/java/org/elasticsearch/index/mapper/MappingLookup.java:537}","-532","-531"
"e5a7abf462ae3becdb25987f63be46f02a6d0bca"
"26ffe2e7f1244187865f27f18ac0ea860f08a833"
"c925aa0a332a15d1bf743dcd6c802c5f1a657123","CHANGE_SIGNATURE","{Method new(String, String) at server/src/main/java/org/elasticsearch/action/admin/indices/shrink/ResizeRequest.java:81}","{Method new(TimeValue, TimeValue, ResizeType, String, String) at server/src/main/java/org/elasticsearch/action/admin/indices/shrink/ResizeRequest.java:77}","-75","-71"
"c925aa0a332a15d1bf743dcd6c802c5f1a657123","MOVE_RENAME","{Method toXContent(XContentBuilder, Params) at server/src/main/java/org/elasticsearch/action/admin/indices/shrink/ResizeRequest.java:222}","{Method resizeRequestToXContent(ResizeRequest) at server/src/test/java/org/elasticsearch/action/admin/indices/shrink/ResizeRequestTests.java:214}","-216","-208"
"20ce72d7b9a4a1c6848c11ca4a372cf4b95689fe"
"2047c9abc9305cd0389a49b7eb286c6ed6bf0eee","CHANGE_SIGNATURE","{Method of(TypeName, String, String, String) at x-pack/plugin/esql/compute/gen/src/main/java/org/elasticsearch/compute/gen/Types.java:142}","{Method of(TypeName, String, String, String, ClassName) at x-pack/plugin/esql/compute/gen/src/main/java/org/elasticsearch/compute/gen/Types.java:146}","-132","-136"
"490a2d52f9f8e932545af4f8c0e45176694a8a2b","EXTRACT_MOVE","{Method testEncodeRangeWithSortedSetPrimarySortField() at server/src/test/java/org/elasticsearch/index/codec/tsdb/es819/ES819TSDBDocValuesFormatTests.java:1312}","{Method docValueCount() at server/src/test/java/org/elasticsearch/index/codec/tsdb/es819/ES819TSDBDocValuesConsumerVersion0.java:785}","-1306","-763"
"490a2d52f9f8e932545af4f8c0e45176694a8a2b","RENAME","{Method assertNewDocValuesFormatVersion(DirectoryReader) at server/src/test/java/org/elasticsearch/index/codec/tsdb/TsdbDocValueBwcTests.java:409}","{Method assert819DocValuesFormatVersion(DirectoryReader) at server/src/test/java/org/elasticsearch/index/codec/tsdb/TsdbDocValueBwcTests.java:428}","-403","-422"
"490a2d52f9f8e932545af4f8c0e45176694a8a2b","EXTRACT","{Method testMixedIndex(Codec, Codec) at server/src/test/java/org/elasticsearch/index/codec/tsdb/TsdbDocValueBwcTests.java:87}","{Method assertVersion819(DirectoryReader) at server/src/test/java/org/elasticsearch/index/codec/tsdb/TsdbDocValueBwcTests.java:114}","-81","-108"
"490a2d52f9f8e932545af4f8c0e45176694a8a2b","EXTRACT","{Method testMixedIndex(Codec, Codec) at server/src/test/java/org/elasticsearch/index/codec/tsdb/TsdbDocValueBwcTests.java:87}","{Method testMixedIndex(Codec, Codec, VersionAssert, VersionAssert) at server/src/test/java/org/elasticsearch/index/codec/tsdb/TsdbDocValueBwcTests.java:124}","-81","-118"
"490a2d52f9f8e932545af4f8c0e45176694a8a2b","RENAME","{Method assertOldDocValuesFormatVersion(DirectoryReader) at server/src/test/java/org/elasticsearch/index/codec/tsdb/TsdbDocValueBwcTests.java:388}","{Method assert87DocValuesFormatVersion(DirectoryReader) at server/src/test/java/org/elasticsearch/index/codec/tsdb/TsdbDocValueBwcTests.java:407}","-382","-401"
"490a2d52f9f8e932545af4f8c0e45176694a8a2b","EXTRACT_MOVE","{Method testTwoSegmentsTwoDifferentFields() at server/src/test/java/org/elasticsearch/index/codec/tsdb/es819/ES819TSDBDocValuesFormatTests.java:215}","{Method docValueCount() at server/src/test/java/org/elasticsearch/index/codec/tsdb/es819/ES819TSDBDocValuesConsumerVersion0.java:785}","-209","-763"
"490a2d52f9f8e932545af4f8c0e45176694a8a2b","EXTRACT_MOVE","{Method testForceMergeSparseCase() at server/src/test/java/org/elasticsearch/index/codec/tsdb/es819/ES819TSDBDocValuesFormatTests.java:313}","{Method docValueCount() at server/src/test/java/org/elasticsearch/index/codec/tsdb/es819/ES819TSDBDocValuesConsumerVersion0.java:785}","-307","-763"
"490a2d52f9f8e932545af4f8c0e45176694a8a2b","EXTRACT_MOVE","{Method testAddIndices() at server/src/test/java/org/elasticsearch/index/codec/tsdb/es819/ES819TSDBDocValuesFormatTests.java:554}","{Method docValueCount() at server/src/test/java/org/elasticsearch/index/codec/tsdb/es819/ES819TSDBDocValuesConsumerVersion0.java:785}","-548","-763"
"490a2d52f9f8e932545af4f8c0e45176694a8a2b","EXTRACT_MOVE","{Method testWithNoValueMultiValue() at server/src/test/java/org/elasticsearch/index/codec/tsdb/es819/ES819TSDBDocValuesFormatTests.java:465}","{Method docValueCount() at server/src/test/java/org/elasticsearch/index/codec/tsdb/es819/ES819TSDBDocValuesConsumerVersion0.java:785}","-459","-763"
"490a2d52f9f8e932545af4f8c0e45176694a8a2b","EXTRACT_MOVE","{Method testForceMergeDenseCase() at server/src/test/java/org/elasticsearch/index/codec/tsdb/es819/ES819TSDBDocValuesFormatTests.java:90}","{Method docValueCount() at server/src/test/java/org/elasticsearch/index/codec/tsdb/es819/ES819TSDBDocValuesConsumerVersion0.java:785}","-84","-763"
"490a2d52f9f8e932545af4f8c0e45176694a8a2b","EXTRACT","{Method testMixedIndex(Codec, Codec) at server/src/test/java/org/elasticsearch/index/codec/tsdb/TsdbDocValueBwcTests.java:87}","{Method assertVersion87(DirectoryReader) at server/src/test/java/org/elasticsearch/index/codec/tsdb/TsdbDocValueBwcTests.java:109}","-81","-103"
"94732160f9ca0a7e6f3cee9d1601c9336e4320fc","CHANGE_SIGNATURE","{Method merge(Map, CancellableTask, FieldCapabilitiesRequest, List, AtomicReference) at server/src/main/java/org/elasticsearch/action/fieldcaps/TransportFieldCapabilitiesAction.java:501}","{Method merge(Map, ResolvedIndexExpressions, Map, CancellableTask, FieldCapabilitiesRequest, List, AtomicReference) at server/src/main/java/org/elasticsearch/action/fieldcaps/TransportFieldCapabilitiesAction.java:634}","-495","-628"
"94732160f9ca0a7e6f3cee9d1601c9336e4320fc","CHANGE_SIGNATURE","{Method new(String[], Map, List, List, TransportVersion) at server/src/main/java/org/elasticsearch/action/fieldcaps/FieldCapabilitiesResponse.java:65}","{Method new(String[], ResolvedIndexExpressions, Map, Map, List, List, TransportVersion) at server/src/main/java/org/elasticsearch/action/fieldcaps/FieldCapabilitiesResponse.java:98}","-59","-92"
"94732160f9ca0a7e6f3cee9d1601c9336e4320fc","CHANGE_SIGNATURE","{Method mergeIndexResponses(FieldCapabilitiesRequest, CancellableTask, Map, FailureCollector, AtomicReference, ActionListener) at server/src/main/java/org/elasticsearch/action/fieldcaps/TransportFieldCapabilitiesAction.java:431}","{Method mergeIndexResponses(FieldCapabilitiesRequest, CancellableTask, Map, FailureCollector, List, Map, AtomicReference, ActionListener) at server/src/main/java/org/elasticsearch/action/fieldcaps/TransportFieldCapabilitiesAction.java:550}","-425","-544"
"1b74ec03be73972af94ab24153c0b4fb31dad5aa"
"4f3ff8191bd2b7027a05073193d493b982275e4b"
"b29af0f290fdf1b27431b20fec12f561f37cdad7"
"b54cd8e05f66df61b10aadb9b521eedf09cd4851"
"da8b9c63ed1b60492fca13454dc362317baa5555"
"846593cf411eca339bce09a77e5932536beed52c"
"ebca69f1cbbd8f26ca38f5140424b7873aad8582","RENAME","{Method loadData(RestClient, TestDataset, Logger) at x-pack/plugin/esql/qa/testFixtures/src/main/java/org/elasticsearch/xpack/esql/CsvTestsDataLoader.java:635}","{Method load(RestClient, TestDataset, Logger, IndexCreator) at x-pack/plugin/esql/qa/testFixtures/src/main/java/org/elasticsearch/xpack/esql/CsvTestsDataLoader.java:601}","-629","-595"
"60b89a88c570133555eacd745b06b71b732fd04a"
"ec0efafc2fdc49adffe4f58806ea71d28b7d9f49","INLINE","{Method new(DateHistogramInterval) at server/src/main/java/org/elasticsearch/action/downsample/DownsampleConfig.java:110}","{Method validateRounds(List) at server/src/main/java/org/elasticsearch/cluster/metadata/DataStreamLifecycle.java:598}","-104","-588"
"ec0efafc2fdc49adffe4f58806ea71d28b7d9f49","CHANGE_SIGNATURE","{Method create(TimeValue, Boolean, List) at server/src/main/java/org/elasticsearch/action/datastreams/lifecycle/PutDataStreamLifecycleAction.java:50}","{Method create(TimeValue, Boolean, List, DownsampleConfig.SamplingMethod) at server/src/main/java/org/elasticsearch/action/datastreams/lifecycle/PutDataStreamLifecycleAction.java:52}","-36","-38"
"ec0efafc2fdc49adffe4f58806ea71d28b7d9f49","INLINE","{Method new(DateHistogramInterval) at server/src/main/java/org/elasticsearch/action/downsample/DownsampleConfig.java:110}","{Method nextRound(DataStreamLifecycle.DownsamplingRound) at modules/data-streams/src/test/java/org/elasticsearch/datastreams/lifecycle/DataStreamLifecycleFixtures.java:184}","-104","-178"
"ec0efafc2fdc49adffe4f58806ea71d28b7d9f49","CHANGE_SIGNATURE","{Method createDataLifecycleTemplate(boolean, TimeValue, List) at server/src/main/java/org/elasticsearch/cluster/metadata/DataStreamLifecycle.java:625}","{Method createDataLifecycleTemplate(boolean, TimeValue, List, DownsampleConfig.SamplingMethod) at server/src/main/java/org/elasticsearch/cluster/metadata/DataStreamLifecycle.java:678}","-619","-672"
"ec0efafc2fdc49adffe4f58806ea71d28b7d9f49","INLINE","{Method new(DateHistogramInterval) at server/src/main/java/org/elasticsearch/action/downsample/DownsampleConfig.java:110}","{Method read(StreamInput) at server/src/main/java/org/elasticsearch/cluster/metadata/DataStreamLifecycle.java:629}","-104","-619"
"ec0efafc2fdc49adffe4f58806ea71d28b7d9f49","INLINE","{Method new(DateHistogramInterval) at server/src/main/java/org/elasticsearch/action/downsample/DownsampleConfig.java:110}","{Method nextRound(DataStreamLifecycle.DownsamplingRound) at modules/data-streams/src/test/java/org/elasticsearch/datastreams/MetadataIndexTemplateServiceTests.java:283}","-104","-277"
"ec0efafc2fdc49adffe4f58806ea71d28b7d9f49","CHANGE_SIGNATURE","{Method evaluateDownsampleStatus(ProjectId, DataStream, IndexMetadata.DownsampleTaskStatus, DataStreamLifecycle.DownsamplingRound, DataStreamLifecycle.DownsamplingRound, Index, Index) at modules/data-streams/src/main/java/org/elasticsearch/datastreams/lifecycle/DataStreamLifecycleService.java:629}","{Method evaluateDownsampleStatus(ProjectId, DataStream, IndexMetadata.DownsampleTaskStatus, DataStreamLifecycle.DownsamplingRound, DataStreamLifecycle.DownsamplingRound, DownsampleConfig.SamplingMethod, IndexMetadata, Index) at modules/data-streams/src/main/java/org/elasticsearch/datastreams/lifecycle/DataStreamLifecycleService.java:648}","-623","-642"
"ec0efafc2fdc49adffe4f58806ea71d28b7d9f49","RENAME","{Method randomDownsampling() at server/src/test/java/org/elasticsearch/cluster/metadata/DataStreamLifecycleTemplateTests.java:256}","{Method randomDownsamplingRounds() at server/src/test/java/org/elasticsearch/cluster/metadata/DataStreamLifecycleTemplateTests.java:283}","-250","-277"
"ec0efafc2fdc49adffe4f58806ea71d28b7d9f49","CHANGE_SIGNATURE","{Method validateSourceAndTargetIntervals(DownsampleConfig, DownsampleConfig) at server/src/main/java/org/elasticsearch/action/downsample/DownsampleConfig.java:147}","{Method validateSourceAndTargetIntervals(DateHistogramInterval, DateHistogramInterval) at server/src/main/java/org/elasticsearch/action/downsample/DownsampleConfig.java:136}","-141","-130"
"ec0efafc2fdc49adffe4f58806ea71d28b7d9f49","CHANGE_SIGNATURE","{Method createDataLifecycleTemplate(boolean, ResettableValue, ResettableValue) at server/src/main/java/org/elasticsearch/cluster/metadata/DataStreamLifecycle.java:637}","{Method createDataLifecycleTemplate(boolean, ResettableValue, ResettableValue, ResettableValue) at server/src/main/java/org/elasticsearch/cluster/metadata/DataStreamLifecycle.java:697}","-631","-691"
"ec0efafc2fdc49adffe4f58806ea71d28b7d9f49","CHANGE_SIGNATURE","{Method waitForInProgressOrTriggerDownsampling(DataStream, IndexMetadata, List, ProjectMetadata) at modules/data-streams/src/main/java/org/elasticsearch/datastreams/lifecycle/DataStreamLifecycleService.java:540}","{Method waitForInProgressOrTriggerDownsampling(DataStream, IndexMetadata, List, DownsampleConfig.SamplingMethod, ProjectMetadata) at modules/data-streams/src/main/java/org/elasticsearch/datastreams/lifecycle/DataStreamLifecycleService.java:543}","-534","-537"
"ec0efafc2fdc49adffe4f58806ea71d28b7d9f49","RENAME","{Method randomDownsampling() at server/src/test/java/org/elasticsearch/cluster/metadata/DataStreamLifecycleTests.java:531}","{Method randomDownsamplingRounds() at server/src/test/java/org/elasticsearch/cluster/metadata/DataStreamLifecycleTests.java:523}","-525","-517"
"ec0efafc2fdc49adffe4f58806ea71d28b7d9f49","RENAME","{Method downsampling(List) at server/src/main/java/org/elasticsearch/cluster/metadata/DataStreamLifecycle.java:936}","{Method downsamplingRounds(List) at server/src/main/java/org/elasticsearch/cluster/metadata/DataStreamLifecycle.java:1037}","-926","-1027"
"ec0efafc2fdc49adffe4f58806ea71d28b7d9f49","INLINE","{Method new(DateHistogramInterval) at server/src/main/java/org/elasticsearch/action/downsample/DownsampleConfig.java:110}","{Method downsampleIndexOnce(DataStreamLifecycle.DownsamplingRound, DownsampleConfig.SamplingMethod, ProjectId, IndexMetadata, String) at modules/data-streams/src/main/java/org/elasticsearch/datastreams/lifecycle/DataStreamLifecycleService.java:598}","-104","-592"
"ec0efafc2fdc49adffe4f58806ea71d28b7d9f49","CHANGE_SIGNATURE","{Method new(LifecycleType, boolean, TimeValue, List) at server/src/main/java/org/elasticsearch/cluster/metadata/DataStreamLifecycle.java:664}","{Method new(LifecycleType, boolean, TimeValue, List, DownsampleConfig.SamplingMethod) at server/src/main/java/org/elasticsearch/cluster/metadata/DataStreamLifecycle.java:732}","-654","-722"
"ec0efafc2fdc49adffe4f58806ea71d28b7d9f49","CHANGE_SIGNATURE","{Method new(TimeValue, TimeValue, String[], TimeValue, Boolean, List) at server/src/main/java/org/elasticsearch/action/datastreams/lifecycle/PutDataStreamLifecycleAction.java:142}","{Method new(TimeValue, TimeValue, String[], TimeValue, Boolean, List, DownsampleConfig.SamplingMethod) at server/src/main/java/org/elasticsearch/action/datastreams/lifecycle/PutDataStreamLifecycleAction.java:156}","-132","-146"
"ec0efafc2fdc49adffe4f58806ea71d28b7d9f49","RENAME","{Method downsampling(ResettableValue) at server/src/main/java/org/elasticsearch/cluster/metadata/DataStreamLifecycle.java:929}","{Method downsamplingRounds(ResettableValue) at server/src/main/java/org/elasticsearch/cluster/metadata/DataStreamLifecycle.java:1030}","-919","-1020"
"ec0efafc2fdc49adffe4f58806ea71d28b7d9f49","INLINE","{Method new(DateHistogramInterval) at server/src/main/java/org/elasticsearch/action/downsample/DownsampleConfig.java:110}","{Method nextRound(DataStreamLifecycle.DownsamplingRound) at server/src/test/java/org/elasticsearch/cluster/metadata/DataStreamLifecycleTests.java:539}","-104","-533"
"ec0efafc2fdc49adffe4f58806ea71d28b7d9f49","CHANGE_SIGNATURE","{Method createDataLifecycle(Boolean, TimeValue, List) at server/src/main/java/org/elasticsearch/cluster/metadata/DataStreamLifecycle.java:171}","{Method createDataLifecycle(Boolean, TimeValue, List, DownsampleConfig.SamplingMethod) at server/src/main/java/org/elasticsearch/cluster/metadata/DataStreamLifecycle.java:195}","-165","-189"
"ec0efafc2fdc49adffe4f58806ea71d28b7d9f49","CHANGE_SIGNATURE","{Method new(LifecycleType, Boolean, TimeValue, List) at server/src/main/java/org/elasticsearch/cluster/metadata/DataStreamLifecycle.java:151}","{Method new(LifecycleType, Boolean, TimeValue, List, DownsampleConfig.SamplingMethod) at server/src/main/java/org/elasticsearch/cluster/metadata/DataStreamLifecycle.java:170}","-145","-164"
"ec0efafc2fdc49adffe4f58806ea71d28b7d9f49","CHANGE_SIGNATURE","{Method downsampleIndexOnce(DataStreamLifecycle.DownsamplingRound, ProjectId, String, String) at modules/data-streams/src/main/java/org/elasticsearch/datastreams/lifecycle/DataStreamLifecycleService.java:593}","{Method downsampleIndexOnce(DataStreamLifecycle.DownsamplingRound, DownsampleConfig.SamplingMethod, ProjectId, IndexMetadata, String) at modules/data-streams/src/main/java/org/elasticsearch/datastreams/lifecycle/DataStreamLifecycleService.java:598}","-587","-592"
"ec0efafc2fdc49adffe4f58806ea71d28b7d9f49","RENAME","{Method downsampling() at server/src/main/java/org/elasticsearch/cluster/metadata/DataStreamLifecycle.java:309}","{Method downsamplingRounds() at server/src/main/java/org/elasticsearch/cluster/metadata/DataStreamLifecycle.java:334}","-303","-328"
"ec0efafc2fdc49adffe4f58806ea71d28b7d9f49","INLINE","{Method new(DateHistogramInterval) at server/src/main/java/org/elasticsearch/action/downsample/DownsampleConfig.java:110}","{Method waitForInProgressOrTriggerDownsampling(DataStream, IndexMetadata, List, DownsampleConfig.SamplingMethod, ProjectMetadata) at modules/data-streams/src/main/java/org/elasticsearch/datastreams/lifecycle/DataStreamLifecycleService.java:543}","-104","-537"
"0b8a37a2cc33595684ff1e2417d63d013a650e4a","CHANGE_SIGNATURE","{Method wrap(DirectoryReader, CharacterRunAutomaton, IgnoredSourceFieldMapper.IgnoredSourceFormat) at x-pack/plugin/core/src/main/java/org/elasticsearch/xpack/core/security/authz/accesscontrol/FieldSubsetReader.java:75}","{Method wrap(DirectoryReader, CharacterRunAutomaton, IgnoredSourceFieldMapper.IgnoredSourceFormat, Function) at x-pack/plugin/core/src/main/java/org/elasticsearch/xpack/core/security/authz/accesscontrol/FieldSubsetReader.java:80}","-69","-74"
"0b8a37a2cc33595684ff1e2417d63d013a650e4a","CHANGE_SIGNATURE","{Method new(DirectoryReader, CharacterRunAutomaton, IgnoredSourceFieldMapper.IgnoredSourceFormat) at x-pack/plugin/core/src/main/java/org/elasticsearch/xpack/core/security/authz/accesscontrol/FieldSubsetReader.java:89}","{Method new(DirectoryReader, CharacterRunAutomaton, IgnoredSourceFieldMapper.IgnoredSourceFormat, Function) at x-pack/plugin/core/src/main/java/org/elasticsearch/xpack/core/security/authz/accesscontrol/FieldSubsetReader.java:96}","-79","-86"
"0b8a37a2cc33595684ff1e2417d63d013a650e4a","CHANGE_SIGNATURE","{Method filter(DirectoryReader, IndexVersion) at x-pack/plugin/core/src/main/java/org/elasticsearch/xpack/core/security/authz/permission/FieldPermissions.java:248}","{Method filter(DirectoryReader, IndexVersion, Function) at x-pack/plugin/core/src/main/java/org/elasticsearch/xpack/core/security/authz/permission/FieldPermissions.java:249}","-242","-243"
"70507a6d8dfca5972297b0b9968586301bce8c07"
"3017e334274a7292997b0fea77f90d2c73b58eba"
"2f6ea7ad794fada7d4cd82236b175643fb92a7b8","MOVE","{Class MurmurHash3 at server/src/main/java/org/elasticsearch/index/codec/bloomfilter/ES87BloomFilterPostingsFormat.java:606}","{Class MurmurHash3 at server/src/main/java/org/elasticsearch/index/codec/bloomfilter/BloomFilterHashFunctions.java:56}","-600","-50"
"f2a05ea0b05823baed8b7223d6f789d65c2bfa10","CHANGE_SIGNATURE","{Method setup(String, int, int, long) at x-pack/plugin/downsample/src/internalClusterTest/java/org/elasticsearch/xpack/downsample/ILMDownsampleDisruptionIT.java:90}","{Method setup(String, int, int, long, DownsampleConfig) at x-pack/plugin/downsample/src/internalClusterTest/java/org/elasticsearch/xpack/downsample/ILMDownsampleDisruptionIT.java:89}","-84","-83"
"4d3e27f1958b915a0b512309be4966a4cb08586e","RENAME","{Method load(RestClient, TestDataset, Logger, IndexCreator) at x-pack/plugin/esql/qa/testFixtures/src/main/java/org/elasticsearch/xpack/esql/CsvTestsDataLoader.java:601}","{Method loadData(RestClient, TestDataset, Logger) at x-pack/plugin/esql/qa/testFixtures/src/main/java/org/elasticsearch/xpack/esql/CsvTestsDataLoader.java:635}","-595","-629"
"c3f1ae2a61a91fb0f920bfaf5cd9a69b92e03935"
"630a26e83f254f0bbe16f29eb38fc9dc3b1b7a78"
"5e471b44a2e3d7c1479bdc6b3b93b05e2b347ba3"
"030cdf4d238645e4453edc80f33e98ed8d373f92"
"9770442d77ceac0dda6f6e6a07d0d386885ab52a"
"e1c852bed7a4b13b139d5d4b1d63cd12b15c37d2"
"58fe75175e3f2a15d7b1afc59b2ef14f0bb52c01","MOVE","{Method closeContexts(DiscoveryNodes, SearchTransportService, Collection, ActionListener) at server/src/main/java/org/elasticsearch/action/search/ClearScrollController.java:150}","{Method closeContexts(DiscoveryNodes, SearchTransportService, Collection, ActionListener) at server/src/main/java/org/elasticsearch/action/search/TransportClosePointInTimeAction.java:70}","-144","-64"
"58fe75175e3f2a15d7b1afc59b2ef14f0bb52c01","EXTRACT","{Method encode(List, Map, TransportVersion, ShardSearchFailure[]) at server/src/main/java/org/elasticsearch/action/search/SearchContextId.java:60}","{Method encode(Map, Map, TransportVersion, ShardSearchFailure[]) at server/src/main/java/org/elasticsearch/action/search/SearchContextId.java:80}","-54","-74"
"58fe75175e3f2a15d7b1afc59b2ef14f0bb52c01","CHANGE_SIGNATURE","{Method removeReaderContext(long) at server/src/main/java/org/elasticsearch/search/SearchService.java:555}","{Method removeReaderContext(ShardSearchContextId) at server/src/main/java/org/elasticsearch/search/SearchService.java:556}","-549","-550"
"58fe75175e3f2a15d7b1afc59b2ef14f0bb52c01","CHANGE_SIGNATURE","{Method removeReaderContext(long) at test/framework/src/main/java/org/elasticsearch/search/MockSearchService.java:112}","{Method removeReaderContext(ShardSearchContextId) at test/framework/src/main/java/org/elasticsearch/search/MockSearchService.java:118}","-106","-112"
"58fe75175e3f2a15d7b1afc59b2ef14f0bb52c01","EXTRACT","{Method testRetryPointInTime() at x-pack/plugin/searchable-snapshots/src/internalClusterTest/java/org/elasticsearch/xpack/searchablesnapshots/RetrySearchIntegTests.java:110}","{Method createTestIndex(String, int, int) at x-pack/plugin/searchable-snapshots/src/internalClusterTest/java/org/elasticsearch/xpack/searchablesnapshots/RetrySearchIntegTests.java:238}","-104","-232"
"c92eef853f589ebf68aeb0da7734cd7edab90430"
"5e35a4eb0e6e536e680e9c6ac79f4c3a9511134d"
"410dab8c7e7c4cc2512a52552554ea83750b4c46"
"9154b75b59bbda2b1b2453a6657b4efedb1e19b9"
"c9868670aa79bf14139afb4af8f13d88ec4a212c"
"c3d7241285087f606fa47cc2a516023267c13787","MOVE","{Method checkIfDefinitelyOnReleaseBranch(Map) at build-tools-internal/src/main/java/org/elasticsearch/gradle/internal/transport/ValidateTransportVersionResourcesTask.java:333}","{Method checkIfDefinitelyOnReleaseBranch(Collection, String) at build-tools-internal/src/main/java/org/elasticsearch/gradle/internal/transport/TransportVersionResourcesService.java:263}","-327","-257"
"7aa001c0b5ba5ecbe3c8dad6d522ccee8ca9dc35"
"941f3022a1325a6ca3b813d878a53574ab073300"
"f3cc558ae0b58228263c71223cb021ee4be6102b"
"8c110cb2bc43dc6c135a13482e01ea5ccf85cd14"
"81ff1a7fd20568d33196698451ec307587e7ddaa"
"8cdfcd8318f5012af237d7d9caf5067d0842e05b"
"071d5497e2f19b82ea376a70ee4bdaf7f5c085f5"
"7d4c25dc000eea096488527d2ab639395e4659e4"
"85d6e071fc52d932bca86cc65bc0ab6b72126bb0"
"c9dcc3b380f5c95a0bb8e432a77d22e3cd60fb38","CHANGE_SIGNATURE","{Method new(DateHistogramInterval, TimeValue, Boolean) at x-pack/plugin/core/src/main/java/org/elasticsearch/xpack/core/ilm/DownsampleAction.java:95}","{Method new(DateHistogramInterval, TimeValue, Boolean, DownsampleConfig.SamplingMethod) at x-pack/plugin/core/src/main/java/org/elasticsearch/xpack/core/ilm/DownsampleAction.java:106}","-89","-100"
"c9dcc3b380f5c95a0bb8e432a77d22e3cd60fb38","EXTRACT_MOVE","{Method supportedAggs(TimeSeriesParams.MetricType, DownsampleConfig.SamplingMethod) at x-pack/plugin/downsample/src/test/java/org/elasticsearch/xpack/downsample/DownsampleActionSingleNodeTests.java:1596}","{Method samplingMethod() at x-pack/plugin/core/src/main/java/org/elasticsearch/xpack/core/ilm/DownsampleAction.java:185}","-1590","-179"
"c9dcc3b380f5c95a0bb8e432a77d22e3cd60fb38","EXTRACT_MOVE","{Method testDownsampleOfDownsample() at x-pack/plugin/downsample/src/test/java/org/elasticsearch/xpack/downsample/DownsampleActionSingleNodeTests.java:367}","{Method samplingMethod() at x-pack/plugin/core/src/main/java/org/elasticsearch/xpack/core/ilm/DownsampleAction.java:185}","-361","-179"
"c9dcc3b380f5c95a0bb8e432a77d22e3cd60fb38","CHANGE_SIGNATURE","{Method new(StepKey, StepKey, Client, DateHistogramInterval, TimeValue) at x-pack/plugin/core/src/main/java/org/elasticsearch/xpack/core/ilm/DownsampleStep.java:38}","{Method new(StepKey, StepKey, DateHistogramInterval, TimeValue, DownsampleConfig.SamplingMethod, Client) at x-pack/plugin/core/src/main/java/org/elasticsearch/xpack/core/ilm/DownsampleStep.java:39}","-32","-33"
"c9dcc3b380f5c95a0bb8e432a77d22e3cd60fb38","CHANGE_SIGNATURE","{Method assertTargetIndex(InternalTestCluster, String, int) at x-pack/plugin/downsample/src/internalClusterTest/java/org/elasticsearch/xpack/downsample/ILMDownsampleDisruptionIT.java:205}","{Method assertTargetIndex(InternalTestCluster, String, int, DownsampleConfig.SamplingMethod) at x-pack/plugin/downsample/src/internalClusterTest/java/org/elasticsearch/xpack/downsample/ILMDownsampleDisruptionIT.java:211}","-199","-205"
"c527bbf7e47d9da69e67fda46d857f923deb0a48"
"0a71ff49fbd61e2331295be326e87bcb874b06f0"
"18139f9d24e73abdcbb94d2331af8daae37f8752","RENAME","{Method testScaleDuringSplitOrClone() at x-pack/plugin/autoscaling/src/internalClusterTest/java/org/elasticsearch/xpack/autoscaling/storage/ReactiveStorageIT.java:403}","{Method testScaleDuringSplit() at x-pack/plugin/autoscaling/src/internalClusterTest/java/org/elasticsearch/xpack/autoscaling/storage/ReactiveStorageIT.java:402}","-397","-396"
"c1d69ec95d0f21697bea3fdfeebebb85c3d543c2"
"ddb1502d85c5c0fcc5ef286888d1acaea1375ef9"
"85c42bc342b6a2c8f95c625084175975a238f224"
"09f53492c7c62c3e5deff3b163942f3b0778df55"
"61025ffce3ef041d835c429bf323a7cce827016b"
"0ab324053bb74d7c0e638b5146ab92dfc4cbd8ea","CHANGE_SIGNATURE","{Method expectedStepKeys(String, boolean, boolean) at x-pack/plugin/core/src/test/java/org/elasticsearch/xpack/core/ilm/SearchableSnapshotActionTests.java:122}","{Method expectedStepKeys(String, boolean, boolean, Boolean) at x-pack/plugin/core/src/test/java/org/elasticsearch/xpack/core/ilm/SearchableSnapshotActionTests.java:127}","-116","-121"
"0ab324053bb74d7c0e638b5146ab92dfc4cbd8ea","CHANGE_SIGNATURE","{Method new(String, boolean, Integer, TimeValue) at x-pack/plugin/core/src/main/java/org/elasticsearch/xpack/core/ilm/SearchableSnapshotAction.java:116}","{Method new(String, boolean, Integer, TimeValue, Boolean) at x-pack/plugin/core/src/main/java/org/elasticsearch/xpack/core/ilm/SearchableSnapshotAction.java:127}","-110","-121"
"0ab324053bb74d7c0e638b5146ab92dfc4cbd8ea","CHANGE_SIGNATURE","{Method validateForceMergeClone(boolean, List) at x-pack/plugin/core/src/test/java/org/elasticsearch/xpack/core/ilm/SearchableSnapshotActionTests.java:73}","{Method validateForceMergeClone(boolean, Boolean, List) at x-pack/plugin/core/src/test/java/org/elasticsearch/xpack/core/ilm/SearchableSnapshotActionTests.java:78}","-67","-72"
"fa252fa56c17b47c3b45ac81d4e498895361bdb5","CHANGE_SIGNATURE","{Method attemptToSampleData(ProjectMetadata, IndexRequest, IngestDocument, Metadata) at server/src/main/java/org/elasticsearch/ingest/IngestService.java:1382}","{Method attemptToSampleData(ProjectMetadata, IndexRequest, IngestDocument) at server/src/main/java/org/elasticsearch/ingest/IngestService.java:1374}","-1376","-1368"
"fa252fa56c17b47c3b45ac81d4e498895361bdb5","CHANGE_SIGNATURE","{Method executePipelines(PipelineIterator, IndexRequest, IngestDocument, Function, ActionListener, Metadata) at server/src/main/java/org/elasticsearch/ingest/IngestService.java:1164}","{Method executePipelines(PipelineIterator, IndexRequest, IngestDocument, Function, ActionListener) at server/src/main/java/org/elasticsearch/ingest/IngestService.java:1157}","-1158","-1151"
"fa252fa56c17b47c3b45ac81d4e498895361bdb5","CHANGE_SIGNATURE","{Method maybeSample(ProjectMetadata, String, IndexRequest, IngestDocument) at server/src/main/java/org/elasticsearch/ingest/SamplingService.java:203}","{Method maybeSample(ProjectMetadata, IndexRequest, IngestDocument) at server/src/main/java/org/elasticsearch/ingest/SamplingService.java:204}","-197","-198"
"97e4ff34c167757aa9cd8436caf37b07cda8b14b","CHANGE_SIGNATURE","{Method new(Source, Expression, Expression, Expression) at x-pack/plugin/esql/src/main/java/org/elasticsearch/xpack/esql/expression/function/aggregate/Increase.java:71}","{Method new(Source, Expression, Expression, Expression, Expression) at x-pack/plugin/esql/src/main/java/org/elasticsearch/xpack/esql/expression/function/aggregate/Increase.java:66}","-65","-60"
"97e4ff34c167757aa9cd8436caf37b07cda8b14b","CHANGE_SIGNATURE","{Method new(Source, Expression, Expression, Expression) at x-pack/plugin/esql/src/main/java/org/elasticsearch/xpack/esql/expression/function/aggregate/Rate.java:71}","{Method new(Source, Expression, Expression, Expression, Expression) at x-pack/plugin/esql/src/main/java/org/elasticsearch/xpack/esql/expression/function/aggregate/Rate.java:66}","-65","-60"
"97e4ff34c167757aa9cd8436caf37b07cda8b14b","CHANGE_SIGNATURE","{Method new(Source, Expression, Expression) at x-pack/plugin/esql/src/main/java/org/elasticsearch/xpack/esql/expression/function/aggregate/Variance.java:48}","{Method new(Source, Expression, Expression, Expression) at x-pack/plugin/esql/src/main/java/org/elasticsearch/xpack/esql/expression/function/aggregate/Variance.java:48}","-42","-42"
"97e4ff34c167757aa9cd8436caf37b07cda8b14b","CHANGE_SIGNATURE","{Method new(Source, Expression, Expression, FieldExtractPreference) at x-pack/plugin/esql/src/main/java/org/elasticsearch/xpack/esql/expression/function/aggregate/SpatialAggregateFunction.java:31}","{Method new(Source, Expression, Expression, Expression, FieldExtractPreference) at x-pack/plugin/esql/src/main/java/org/elasticsearch/xpack/esql/expression/function/aggregate/SpatialAggregateFunction.java:31}","-25","-25"
"97e4ff34c167757aa9cd8436caf37b07cda8b14b","CHANGE_SIGNATURE","{Method new(Source, Expression, Expression) at x-pack/plugin/esql/src/main/java/org/elasticsearch/xpack/esql/expression/function/aggregate/Median.java:69}","{Method new(Source, Expression, Expression, Expression) at x-pack/plugin/esql/src/main/java/org/elasticsearch/xpack/esql/expression/function/aggregate/Median.java:69}","-63","-63"
"97e4ff34c167757aa9cd8436caf37b07cda8b14b","CHANGE_SIGNATURE","{Method new(Source, Expression, Expression, Expression, Expression) at x-pack/plugin/esql/src/main/java/org/elasticsearch/xpack/esql/expression/function/aggregate/Sample.java:116}","{Method new(Source, Expression, Expression, Expression, Expression, Expression) at x-pack/plugin/esql/src/main/java/org/elasticsearch/xpack/esql/expression/function/aggregate/Sample.java:112}","-110","-106"
"97e4ff34c167757aa9cd8436caf37b07cda8b14b","CHANGE_SIGNATURE","{Method new(Source, Expression, Expression) at x-pack/plugin/esql/src/main/java/org/elasticsearch/xpack/esql/expression/function/aggregate/Absent.java:90}","{Method new(Source, Expression, Expression, Expression) at x-pack/plugin/esql/src/main/java/org/elasticsearch/xpack/esql/expression/function/aggregate/Absent.java:90}","-84","-84"
"97e4ff34c167757aa9cd8436caf37b07cda8b14b","CHANGE_SIGNATURE","{Method new(Source, Expression, Expression, Expression) at x-pack/plugin/esql/src/main/java/org/elasticsearch/xpack/esql/expression/function/aggregate/FirstOverTime.java:75}","{Method new(Source, Expression, Expression, Expression, Expression) at x-pack/plugin/esql/src/main/java/org/elasticsearch/xpack/esql/expression/function/aggregate/FirstOverTime.java:70}","-69","-64"
"97e4ff34c167757aa9cd8436caf37b07cda8b14b","CHANGE_SIGNATURE","{Method new(Source, Expression, Expression, Expression) at x-pack/plugin/esql/src/main/java/org/elasticsearch/xpack/esql/expression/function/aggregate/First.java:65}","{Method new(Source, Expression, Expression, Expression, Expression) at x-pack/plugin/esql/src/main/java/org/elasticsearch/xpack/esql/expression/function/aggregate/First.java:65}","-59","-59"
"97e4ff34c167757aa9cd8436caf37b07cda8b14b","CHANGE_SIGNATURE","{Method new(Source, Expression, Expression) at x-pack/plugin/esql/src/main/java/org/elasticsearch/xpack/esql/expression/function/aggregate/CountOverTime.java:76}","{Method new(Source, Expression, Expression, Expression) at x-pack/plugin/esql/src/main/java/org/elasticsearch/xpack/esql/expression/function/aggregate/CountOverTime.java:76}","-70","-70"
"97e4ff34c167757aa9cd8436caf37b07cda8b14b","CHANGE_SIGNATURE","{Method new(Source, Expression, Expression) at x-pack/plugin/esql/src/main/java/org/elasticsearch/xpack/esql/expression/function/aggregate/MaxOverTime.java:69}","{Method new(Source, Expression, Expression, Expression) at x-pack/plugin/esql/src/main/java/org/elasticsearch/xpack/esql/expression/function/aggregate/MaxOverTime.java:69}","-63","-63"
"97e4ff34c167757aa9cd8436caf37b07cda8b14b","CHANGE_SIGNATURE","{Method new(Source, Expression, Expression) at x-pack/plugin/esql/src/main/java/org/elasticsearch/xpack/esql/expression/function/aggregate/Max.java:97}","{Method new(Source, Expression, Expression, Expression) at x-pack/plugin/esql/src/main/java/org/elasticsearch/xpack/esql/expression/function/aggregate/Max.java:97}","-91","-91"
"97e4ff34c167757aa9cd8436caf37b07cda8b14b","CHANGE_SIGNATURE","{Method new(Source, Expression, Expression) at x-pack/plugin/esql/src/main/java/org/elasticsearch/xpack/esql/expression/function/aggregate/MinOverTime.java:69}","{Method new(Source, Expression, Expression, Expression) at x-pack/plugin/esql/src/main/java/org/elasticsearch/xpack/esql/expression/function/aggregate/MinOverTime.java:69}","-63","-63"
"97e4ff34c167757aa9cd8436caf37b07cda8b14b","CHANGE_SIGNATURE","{Method new(Source, Expression, Expression) at x-pack/plugin/esql/src/main/java/org/elasticsearch/xpack/esql/expression/function/aggregate/SumOverTime.java:54}","{Method new(Source, Expression, Expression, Expression) at x-pack/plugin/esql/src/main/java/org/elasticsearch/xpack/esql/expression/function/aggregate/SumOverTime.java:54}","-48","-48"
"97e4ff34c167757aa9cd8436caf37b07cda8b14b","CHANGE_SIGNATURE","{Method new(Source, Expression, Expression, Expression) at x-pack/plugin/esql/src/main/java/org/elasticsearch/xpack/esql/expression/function/aggregate/Irate.java:67}","{Method new(Source, Expression, Expression, Expression, Expression) at x-pack/plugin/esql/src/main/java/org/elasticsearch/xpack/esql/expression/function/aggregate/Irate.java:62}","-61","-56"
"97e4ff34c167757aa9cd8436caf37b07cda8b14b","CHANGE_SIGNATURE","{Method new(Source, Expression, Expression) at x-pack/plugin/esql/src/main/java/org/elasticsearch/xpack/esql/expression/function/aggregate/Count.java:102}","{Method new(Source, Expression, Expression, Expression) at x-pack/plugin/esql/src/main/java/org/elasticsearch/xpack/esql/expression/function/aggregate/Count.java:102}","-96","-96"
"97e4ff34c167757aa9cd8436caf37b07cda8b14b","CHANGE_SIGNATURE","{Method new(Source, Expression, Expression) at x-pack/plugin/esql/src/main/java/org/elasticsearch/xpack/esql/expression/function/aggregate/VarianceOverTime.java:49}","{Method new(Source, Expression, Expression, Expression) at x-pack/plugin/esql/src/main/java/org/elasticsearch/xpack/esql/expression/function/aggregate/VarianceOverTime.java:49}","-43","-43"
"97e4ff34c167757aa9cd8436caf37b07cda8b14b","CHANGE_SIGNATURE","{Method new(Source, Expression, Expression, FieldExtractPreference) at x-pack/plugin/esql/src/main/java/org/elasticsearch/xpack/esql/expression/function/aggregate/SpatialExtent.java:66}","{Method new(Source, Expression, Expression, Expression, FieldExtractPreference) at x-pack/plugin/esql/src/main/java/org/elasticsearch/xpack/esql/expression/function/aggregate/SpatialExtent.java:66}","-60","-60"
"97e4ff34c167757aa9cd8436caf37b07cda8b14b","CHANGE_SIGNATURE","{Method new(Source, Expression, Expression) at x-pack/plugin/esql/src/test/java/org/elasticsearch/xpack/esql/expression/function/aggregate/SumSerializationTests.java:48}","{Method new(Source, Expression, Expression, Expression) at x-pack/plugin/esql/src/test/java/org/elasticsearch/xpack/esql/expression/function/aggregate/SumSerializationTests.java:50}","-38","-40"
"97e4ff34c167757aa9cd8436caf37b07cda8b14b","INLINE","{Method new(Source, Expression, Expression) at x-pack/plugin/esql/src/main/java/org/elasticsearch/xpack/esql/expression/function/aggregate/Sum.java:69}","{Method surrogate() at x-pack/plugin/esql/src/main/java/org/elasticsearch/xpack/esql/expression/function/aggregate/Count.java:156}","-63","-150"
"97e4ff34c167757aa9cd8436caf37b07cda8b14b","CHANGE_SIGNATURE","{Method new(Source, Expression, Expression, Expression) at x-pack/plugin/esql/src/main/java/org/elasticsearch/xpack/esql/expression/function/aggregate/CountDistinctOverTime.java:66}","{Method new(Source, Expression, Expression, Expression, Expression) at x-pack/plugin/esql/src/main/java/org/elasticsearch/xpack/esql/expression/function/aggregate/CountDistinctOverTime.java:66}","-60","-60"
"97e4ff34c167757aa9cd8436caf37b07cda8b14b","CHANGE_SIGNATURE","{Method new(Source, Expression, Expression) at x-pack/plugin/esql/src/main/java/org/elasticsearch/xpack/esql/expression/function/aggregate/FirstDocId.java:35}","{Method new(Source, Expression, Expression, Expression) at x-pack/plugin/esql/src/main/java/org/elasticsearch/xpack/esql/expression/function/aggregate/FirstDocId.java:35}","-29","-29"
"97e4ff34c167757aa9cd8436caf37b07cda8b14b","CHANGE_SIGNATURE","{Method new(Source, Expression, Expression, List) at x-pack/plugin/esql/src/main/java/org/elasticsearch/xpack/esql/expression/function/aggregate/NumericAggregate.java:52}","{Method new(Source, Expression, Expression, Expression, List) at x-pack/plugin/esql/src/main/java/org/elasticsearch/xpack/esql/expression/function/aggregate/NumericAggregate.java:48}","-46","-42"
"97e4ff34c167757aa9cd8436caf37b07cda8b14b","CHANGE_SIGNATURE","{Method new(Source, Expression, Expression, Expression) at x-pack/plugin/esql/src/main/java/org/elasticsearch/xpack/esql/expression/function/aggregate/WeightedAvg.java:61}","{Method new(Source, Expression, Expression, Expression, Expression) at x-pack/plugin/esql/src/main/java/org/elasticsearch/xpack/esql/expression/function/aggregate/WeightedAvg.java:61}","-55","-55"
"97e4ff34c167757aa9cd8436caf37b07cda8b14b","CHANGE_SIGNATURE","{Method new(Source, Expression, Expression) at x-pack/plugin/esql/src/main/java/org/elasticsearch/xpack/esql/expression/function/aggregate/Min.java:97}","{Method new(Source, Expression, Expression, Expression) at x-pack/plugin/esql/src/main/java/org/elasticsearch/xpack/esql/expression/function/aggregate/Min.java:97}","-91","-91"
"97e4ff34c167757aa9cd8436caf37b07cda8b14b","CHANGE_SIGNATURE","{Method new(Source, Expression, Expression) at x-pack/plugin/esql/src/main/java/org/elasticsearch/xpack/esql/expression/function/aggregate/PresentOverTime.java:76}","{Method new(Source, Expression, Expression, Expression) at x-pack/plugin/esql/src/main/java/org/elasticsearch/xpack/esql/expression/function/aggregate/PresentOverTime.java:76}","-70","-70"
"97e4ff34c167757aa9cd8436caf37b07cda8b14b","CHANGE_SIGNATURE","{Method new(Source, Expression, Expression, Expression) at x-pack/plugin/esql/src/main/java/org/elasticsearch/xpack/esql/expression/function/aggregate/LastOverTime.java:76}","{Method new(Source, Expression, Expression, Expression, Expression) at x-pack/plugin/esql/src/main/java/org/elasticsearch/xpack/esql/expression/function/aggregate/LastOverTime.java:71}","-70","-65"
"97e4ff34c167757aa9cd8436caf37b07cda8b14b","CHANGE_SIGNATURE","{Method new(Source, Expression, Expression, Expression) at x-pack/plugin/esql/src/main/java/org/elasticsearch/xpack/esql/expression/function/aggregate/Avg.java:61}","{Method new(Source, Expression, Expression, Expression, Expression) at x-pack/plugin/esql/src/main/java/org/elasticsearch/xpack/esql/expression/function/aggregate/Avg.java:62}","-55","-56"
"97e4ff34c167757aa9cd8436caf37b07cda8b14b","CHANGE_SIGNATURE","{Method new(Source, Expression, Expression) at x-pack/plugin/esql/src/main/java/org/elasticsearch/xpack/esql/expression/function/aggregate/Present.java:91}","{Method new(Source, Expression, Expression, Expression) at x-pack/plugin/esql/src/main/java/org/elasticsearch/xpack/esql/expression/function/aggregate/Present.java:91}","-85","-85"
"97e4ff34c167757aa9cd8436caf37b07cda8b14b","CHANGE_SIGNATURE","{Method new(Source, Expression, Expression, Expression) at x-pack/plugin/esql/src/main/java/org/elasticsearch/xpack/esql/expression/function/aggregate/PercentileOverTime.java:50}","{Method new(Source, Expression, Expression, Expression, Expression) at x-pack/plugin/esql/src/main/java/org/elasticsearch/xpack/esql/expression/function/aggregate/PercentileOverTime.java:48}","-44","-42"
"97e4ff34c167757aa9cd8436caf37b07cda8b14b","CHANGE_SIGNATURE","{Method new(Source, Expression, Expression, List) at x-pack/plugin/esql/src/main/java/org/elasticsearch/xpack/esql/expression/function/aggregate/AggregateFunction.java:56}","{Method new(Source, Expression, Expression, Expression, List) at x-pack/plugin/esql/src/main/java/org/elasticsearch/xpack/esql/expression/function/aggregate/AggregateFunction.java:62}","-50","-56"
"97e4ff34c167757aa9cd8436caf37b07cda8b14b","INLINE","{Method new(StreamInput) at x-pack/plugin/esql/src/main/java/org/elasticsearch/xpack/esql/expression/function/aggregate/PercentileOverTime.java:54}","{Method readFrom(StreamInput) at x-pack/plugin/esql/src/main/java/org/elasticsearch/xpack/esql/expression/function/aggregate/First.java:70}","-48","-64"
"97e4ff34c167757aa9cd8436caf37b07cda8b14b","CHANGE_SIGNATURE","{Method new(Source, Expression, Expression, Expression) at x-pack/plugin/esql/src/main/java/org/elasticsearch/xpack/esql/expression/function/aggregate/Sum.java:77}","{Method new(Source, Expression, Expression, Expression, Expression) at x-pack/plugin/esql/src/main/java/org/elasticsearch/xpack/esql/expression/function/aggregate/Sum.java:70}","-71","-64"
"97e4ff34c167757aa9cd8436caf37b07cda8b14b","INLINE","{Method new(Source, Expression, Expression) at x-pack/plugin/esql/src/main/java/org/elasticsearch/xpack/esql/expression/function/aggregate/Sum.java:69}","{Method surrogate() at x-pack/plugin/esql/src/main/java/org/elasticsearch/xpack/esql/expression/function/aggregate/WeightedAvg.java:145}","-63","-139"
"97e4ff34c167757aa9cd8436caf37b07cda8b14b","CHANGE_SIGNATURE","{Method new(Source, Expression, Expression) at x-pack/plugin/esql/src/main/java/org/elasticsearch/xpack/esql/expression/function/aggregate/StdDev.java:56}","{Method new(Source, Expression, Expression, Expression) at x-pack/plugin/esql/src/main/java/org/elasticsearch/xpack/esql/expression/function/aggregate/StdDev.java:56}","-50","-50"
"97e4ff34c167757aa9cd8436caf37b07cda8b14b","INLINE","{Method new(StreamInput) at x-pack/plugin/esql/src/main/java/org/elasticsearch/xpack/esql/expression/function/aggregate/PercentileOverTime.java:54}","{Method readFrom(StreamInput) at x-pack/plugin/esql/src/main/java/org/elasticsearch/xpack/esql/expression/function/aggregate/Last.java:70}","-48","-64"
"97e4ff34c167757aa9cd8436caf37b07cda8b14b","CHANGE_SIGNATURE","{Method new(Source, Expression, Expression, Expression) at x-pack/plugin/esql/src/main/java/org/elasticsearch/xpack/esql/expression/function/aggregate/CountDistinct.java:137}","{Method new(Source, Expression, Expression, Expression, Expression) at x-pack/plugin/esql/src/main/java/org/elasticsearch/xpack/esql/expression/function/aggregate/CountDistinct.java:137}","-131","-131"
"97e4ff34c167757aa9cd8436caf37b07cda8b14b","CHANGE_SIGNATURE","{Method new(Source, Expression, Expression, Expression) at x-pack/plugin/esql/src/main/java/org/elasticsearch/xpack/esql/expression/function/aggregate/Idelta.java:64}","{Method new(Source, Expression, Expression, Expression, Expression) at x-pack/plugin/esql/src/main/java/org/elasticsearch/xpack/esql/expression/function/aggregate/Idelta.java:59}","-58","-53"
"97e4ff34c167757aa9cd8436caf37b07cda8b14b","CHANGE_SIGNATURE","{Method new(Source, Expression, Expression, Expression) at x-pack/plugin/esql/src/main/java/org/elasticsearch/xpack/esql/expression/function/aggregate/Last.java:65}","{Method new(Source, Expression, Expression, Expression, Expression) at x-pack/plugin/esql/src/main/java/org/elasticsearch/xpack/esql/expression/function/aggregate/Last.java:65}","-59","-59"
"97e4ff34c167757aa9cd8436caf37b07cda8b14b","CHANGE_SIGNATURE","{Method new(Source, Expression, Expression) at x-pack/plugin/esql/src/main/java/org/elasticsearch/xpack/esql/expression/function/aggregate/MedianAbsoluteDeviation.java:73}","{Method new(Source, Expression, Expression, Expression) at x-pack/plugin/esql/src/main/java/org/elasticsearch/xpack/esql/expression/function/aggregate/MedianAbsoluteDeviation.java:73}","-67","-67"
"97e4ff34c167757aa9cd8436caf37b07cda8b14b","CHANGE_SIGNATURE","{Method new(Source, Expression, Expression) at x-pack/plugin/esql/src/main/java/org/elasticsearch/xpack/esql/expression/function/aggregate/AvgOverTime.java:60}","{Method new(Source, Expression, Expression, Expression) at x-pack/plugin/esql/src/main/java/org/elasticsearch/xpack/esql/expression/function/aggregate/AvgOverTime.java:61}","-54","-55"
"97e4ff34c167757aa9cd8436caf37b07cda8b14b","CHANGE_SIGNATURE","{Method new(Source, Expression, Expression) at x-pack/plugin/esql/src/main/java/org/elasticsearch/xpack/esql/expression/function/aggregate/AbsentOverTime.java:76}","{Method new(Source, Expression, Expression, Expression) at x-pack/plugin/esql/src/main/java/org/elasticsearch/xpack/esql/expression/function/aggregate/AbsentOverTime.java:74}","-70","-68"
"97e4ff34c167757aa9cd8436caf37b07cda8b14b","CHANGE_SIGNATURE","{Method new(Source, Expression, Expression, List) at x-pack/plugin/esql/src/main/java/org/elasticsearch/xpack/esql/expression/function/aggregate/CountDistinct.java:141}","{Method new(Source, Expression, Expression, Expression, List) at x-pack/plugin/esql/src/main/java/org/elasticsearch/xpack/esql/expression/function/aggregate/CountDistinct.java:141}","-135","-135"
"97e4ff34c167757aa9cd8436caf37b07cda8b14b","CHANGE_SIGNATURE","{Method new(Source, Expression, Expression, Expression, Expression) at x-pack/plugin/esql/src/main/java/org/elasticsearch/xpack/esql/expression/function/aggregate/Top.java:89}","{Method new(Source, Expression, Expression, Expression, Expression, Expression) at x-pack/plugin/esql/src/main/java/org/elasticsearch/xpack/esql/expression/function/aggregate/Top.java:89}","-83","-83"
"97e4ff34c167757aa9cd8436caf37b07cda8b14b","CHANGE_SIGNATURE","{Method new(Source, Expression, Expression) at x-pack/plugin/esql/src/main/java/org/elasticsearch/xpack/esql/expression/function/aggregate/Values.java:133}","{Method new(Source, Expression, Expression, Expression) at x-pack/plugin/esql/src/main/java/org/elasticsearch/xpack/esql/expression/function/aggregate/Values.java:133}","-127","-127"
"97e4ff34c167757aa9cd8436caf37b07cda8b14b","CHANGE_SIGNATURE","{Method new(Source, Expression, Expression) at x-pack/plugin/esql/src/main/java/org/elasticsearch/xpack/esql/expression/function/aggregate/StdDevOverTime.java:49}","{Method new(Source, Expression, Expression, Expression) at x-pack/plugin/esql/src/main/java/org/elasticsearch/xpack/esql/expression/function/aggregate/StdDevOverTime.java:49}","-43","-43"
"97e4ff34c167757aa9cd8436caf37b07cda8b14b","CHANGE_SIGNATURE","{Method new(Source, Expression, Expression, List) at x-pack/plugin/esql/src/main/java/org/elasticsearch/xpack/esql/expression/function/aggregate/TimeSeriesAggregateFunction.java:29}","{Method new(Source, Expression, Expression, Expression, List) at x-pack/plugin/esql/src/main/java/org/elasticsearch/xpack/esql/expression/function/aggregate/TimeSeriesAggregateFunction.java:29}","-23","-23"
"97e4ff34c167757aa9cd8436caf37b07cda8b14b","CHANGE_SIGNATURE","{Method new(Source, Expression, Expression, Expression) at x-pack/plugin/esql/src/main/java/org/elasticsearch/xpack/esql/expression/function/aggregate/Delta.java:62}","{Method new(Source, Expression, Expression, Expression, Expression) at x-pack/plugin/esql/src/main/java/org/elasticsearch/xpack/esql/expression/function/aggregate/Delta.java:57}","-56","-51"
"97e4ff34c167757aa9cd8436caf37b07cda8b14b","CHANGE_SIGNATURE","{Method new(Source, Expression, Expression, FieldExtractPreference) at x-pack/plugin/esql/src/main/java/org/elasticsearch/xpack/esql/expression/function/aggregate/SpatialCentroid.java:60}","{Method new(Source, Expression, Expression, Expression, FieldExtractPreference) at x-pack/plugin/esql/src/main/java/org/elasticsearch/xpack/esql/expression/function/aggregate/SpatialCentroid.java:60}","-54","-54"
"97e4ff34c167757aa9cd8436caf37b07cda8b14b","CHANGE_SIGNATURE","{Method new(Source, Expression, Expression, Expression) at x-pack/plugin/esql/src/main/java/org/elasticsearch/xpack/esql/expression/function/aggregate/Percentile.java:83}","{Method new(Source, Expression, Expression, Expression, Expression) at x-pack/plugin/esql/src/main/java/org/elasticsearch/xpack/esql/expression/function/aggregate/Percentile.java:83}","-77","-77"
"292f65b893949a2faaa52b361de604dfff268dc4","CHANGE_SIGNATURE","{Method new(String, boolean) at x-pack/plugin/analytics/src/main/java/org/elasticsearch/xpack/analytics/mapper/HistogramFieldMapper.java:76}","{Method new(String, boolean, boolean) at x-pack/plugin/analytics/src/main/java/org/elasticsearch/xpack/analytics/mapper/HistogramFieldMapper.java:83}","-66","-73"
"ae8cbcfb26a2b411d666e9096dadf7f2e45228cb","MOVE","{Class ZstdCompressor at server/src/main/java/org/elasticsearch/index/codec/zstd/Zstd814StoredFieldsFormat.java:166}","{Class ZstdCompressor at server/src/main/java/org/elasticsearch/index/codec/zstd/ZstdCompressionMode.java:49}","-160","-43"
"ae8cbcfb26a2b411d666e9096dadf7f2e45228cb","MOVE","{Class ZstdDecompressor at server/src/main/java/org/elasticsearch/index/codec/zstd/Zstd814StoredFieldsFormat.java:115}","{Class ZstdDecompressor at server/src/main/java/org/elasticsearch/index/codec/zstd/ZstdCompressionMode.java:107}","-109","-101"
"ae8cbcfb26a2b411d666e9096dadf7f2e45228cb","MOVE","{Class ZstdCompressionMode at server/src/main/java/org/elasticsearch/index/codec/zstd/Zstd814StoredFieldsFormat.java:92}","{Class ZstdCompressionMode at server/src/main/java/org/elasticsearch/index/codec/zstd/ZstdCompressionMode.java:27}","-86","-25"
"c534b979111f561c4874acabe2ea9170a793c5e6","PULL_UP","{Method testIndexing() at x-pack/plugin/logsdb/qa/rolling-upgrade/src/javaRestTest/java/org/elasticsearch/upgrades/TextRollingUpgradeIT.java:90}","{Method testIndexing() at x-pack/plugin/logsdb/qa/rolling-upgrade/src/javaRestTest/java/org/elasticsearch/upgrades/AbstractStringTypeRollingUpgradeIT.java:92}","-84","-86"
"c534b979111f561c4874acabe2ea9170a793c5e6","PULL_UP","{Method formatInstant(Instant) at x-pack/plugin/logsdb/qa/rolling-upgrade/src/javaRestTest/java/org/elasticsearch/upgrades/TextRollingUpgradeIT.java:325}","{Method formatInstant(Instant) at x-pack/plugin/logsdb/qa/rolling-upgrade/src/javaRestTest/java/org/elasticsearch/upgrades/AbstractStringTypeRollingUpgradeIT.java:328}","-319","-322"
"c534b979111f561c4874acabe2ea9170a793c5e6","PULL_UP","{Method createTemplate(String, String, String) at x-pack/plugin/logsdb/qa/rolling-upgrade/src/javaRestTest/java/org/elasticsearch/upgrades/MatchOnlyTextRollingUpgradeIT.java:162}","{Method createTemplate(String, String, String) at x-pack/plugin/logsdb/qa/rolling-upgrade/src/javaRestTest/java/org/elasticsearch/upgrades/AbstractStringTypeRollingUpgradeIT.java:157}","-156","-151"
"c534b979111f561c4874acabe2ea9170a793c5e6","PULL_UP","{Method phraseSearch(String) at x-pack/plugin/logsdb/qa/rolling-upgrade/src/javaRestTest/java/org/elasticsearch/upgrades/MatchOnlyTextRollingUpgradeIT.java:248}","{Method phraseSearch(String) at x-pack/plugin/logsdb/qa/rolling-upgrade/src/javaRestTest/java/org/elasticsearch/upgrades/AbstractStringTypeRollingUpgradeIT.java:255}","-242","-249"
"c534b979111f561c4874acabe2ea9170a793c5e6","PULL_UP","{Method query(String) at x-pack/plugin/logsdb/qa/rolling-upgrade/src/javaRestTest/java/org/elasticsearch/upgrades/TextRollingUpgradeIT.java:271}","{Method query(String) at x-pack/plugin/logsdb/qa/rolling-upgrade/src/javaRestTest/java/org/elasticsearch/upgrades/AbstractStringTypeRollingUpgradeIT.java:274}","-265","-268"
"c534b979111f561c4874acabe2ea9170a793c5e6","PULL_UP","{Method startTrial() at x-pack/plugin/logsdb/qa/rolling-upgrade/src/javaRestTest/java/org/elasticsearch/upgrades/MatchOnlyTextRollingUpgradeIT.java:295}","{Method startTrial() at x-pack/plugin/logsdb/qa/rolling-upgrade/src/javaRestTest/java/org/elasticsearch/upgrades/AbstractStringTypeRollingUpgradeIT.java:302}","-289","-296"
"c534b979111f561c4874acabe2ea9170a793c5e6","PULL_UP","{Method phraseSearch(String) at x-pack/plugin/logsdb/qa/rolling-upgrade/src/javaRestTest/java/org/elasticsearch/upgrades/TextRollingUpgradeIT.java:252}","{Method phraseSearch(String) at x-pack/plugin/logsdb/qa/rolling-upgrade/src/javaRestTest/java/org/elasticsearch/upgrades/AbstractStringTypeRollingUpgradeIT.java:255}","-246","-249"
"c534b979111f561c4874acabe2ea9170a793c5e6","PULL_UP","{Method bulkIndex(int, int) at x-pack/plugin/logsdb/qa/rolling-upgrade/src/javaRestTest/java/org/elasticsearch/upgrades/MatchOnlyTextRollingUpgradeIT.java:176}","{Method bulkIndex(int, int) at x-pack/plugin/logsdb/qa/rolling-upgrade/src/javaRestTest/java/org/elasticsearch/upgrades/AbstractStringTypeRollingUpgradeIT.java:171}","-170","-165"
"c534b979111f561c4874acabe2ea9170a793c5e6","PULL_UP","{Method formatInstant(Instant) at x-pack/plugin/logsdb/qa/rolling-upgrade/src/javaRestTest/java/org/elasticsearch/upgrades/MatchOnlyTextRollingUpgradeIT.java:321}","{Method formatInstant(Instant) at x-pack/plugin/logsdb/qa/rolling-upgrade/src/javaRestTest/java/org/elasticsearch/upgrades/AbstractStringTypeRollingUpgradeIT.java:328}","-315","-322"
"c534b979111f561c4874acabe2ea9170a793c5e6","PULL_UP","{Method bulkIndexRequestBody(int, Instant) at x-pack/plugin/logsdb/qa/rolling-upgrade/src/javaRestTest/java/org/elasticsearch/upgrades/MatchOnlyTextRollingUpgradeIT.java:196}","{Method bulkIndexRequestBody(int, Instant) at x-pack/plugin/logsdb/qa/rolling-upgrade/src/javaRestTest/java/org/elasticsearch/upgrades/AbstractStringTypeRollingUpgradeIT.java:191}","-190","-185"
"c534b979111f561c4874acabe2ea9170a793c5e6","PULL_UP","{Method recordSmallestMessage(String) at x-pack/plugin/logsdb/qa/rolling-upgrade/src/javaRestTest/java/org/elasticsearch/upgrades/MatchOnlyTextRollingUpgradeIT.java:225}","{Method recordSmallestMessage(String) at x-pack/plugin/logsdb/qa/rolling-upgrade/src/javaRestTest/java/org/elasticsearch/upgrades/AbstractStringTypeRollingUpgradeIT.java:232}","-219","-226"
"c534b979111f561c4874acabe2ea9170a793c5e6","EXTRACT_SUPER","{Class TextRollingUpgradeIT at x-pack/plugin/logsdb/qa/rolling-upgrade/src/javaRestTest/java/org/elasticsearch/upgrades/TextRollingUpgradeIT.java:37}","{Class AbstractStringTypeRollingUpgradeIT at x-pack/plugin/logsdb/qa/rolling-upgrade/src/javaRestTest/java/org/elasticsearch/upgrades/AbstractStringTypeRollingUpgradeIT.java:37}","-35","-35"
"c534b979111f561c4874acabe2ea9170a793c5e6","PULL_UP","{Method bulkIndex(int, int) at x-pack/plugin/logsdb/qa/rolling-upgrade/src/javaRestTest/java/org/elasticsearch/upgrades/TextRollingUpgradeIT.java:168}","{Method bulkIndex(int, int) at x-pack/plugin/logsdb/qa/rolling-upgrade/src/javaRestTest/java/org/elasticsearch/upgrades/AbstractStringTypeRollingUpgradeIT.java:171}","-162","-165"
"c534b979111f561c4874acabe2ea9170a793c5e6","PULL_UP","{Method createTemplate(String, String, String) at x-pack/plugin/logsdb/qa/rolling-upgrade/src/javaRestTest/java/org/elasticsearch/upgrades/TextRollingUpgradeIT.java:154}","{Method createTemplate(String, String, String) at x-pack/plugin/logsdb/qa/rolling-upgrade/src/javaRestTest/java/org/elasticsearch/upgrades/AbstractStringTypeRollingUpgradeIT.java:157}","-148","-151"
"c534b979111f561c4874acabe2ea9170a793c5e6","PULL_UP","{Method randomAlphasDelimitedBySpace(int, int, int) at x-pack/plugin/logsdb/qa/rolling-upgrade/src/javaRestTest/java/org/elasticsearch/upgrades/TextRollingUpgradeIT.java:220}","{Method randomAlphasDelimitedBySpace(int, int, int) at x-pack/plugin/logsdb/qa/rolling-upgrade/src/javaRestTest/java/org/elasticsearch/upgrades/AbstractStringTypeRollingUpgradeIT.java:223}","-214","-217"
"c534b979111f561c4874acabe2ea9170a793c5e6","PULL_UP","{Method bulkIndexRequestBody(int, Instant) at x-pack/plugin/logsdb/qa/rolling-upgrade/src/javaRestTest/java/org/elasticsearch/upgrades/TextRollingUpgradeIT.java:188}","{Method bulkIndexRequestBody(int, Instant) at x-pack/plugin/logsdb/qa/rolling-upgrade/src/javaRestTest/java/org/elasticsearch/upgrades/AbstractStringTypeRollingUpgradeIT.java:191}","-182","-185"
"c534b979111f561c4874acabe2ea9170a793c5e6","PULL_UP","{Method prepareTemplate() at x-pack/plugin/logsdb/qa/rolling-upgrade/src/javaRestTest/java/org/elasticsearch/upgrades/TextRollingUpgradeIT.java:144}","{Method prepareTemplate() at x-pack/plugin/logsdb/qa/rolling-upgrade/src/javaRestTest/java/org/elasticsearch/upgrades/AbstractStringTypeRollingUpgradeIT.java:146}","-138","-140"
"c534b979111f561c4874acabe2ea9170a793c5e6","PULL_UP","{Method search(String) at x-pack/plugin/logsdb/qa/rolling-upgrade/src/javaRestTest/java/org/elasticsearch/upgrades/MatchOnlyTextRollingUpgradeIT.java:231}","{Method search(String) at x-pack/plugin/logsdb/qa/rolling-upgrade/src/javaRestTest/java/org/elasticsearch/upgrades/AbstractStringTypeRollingUpgradeIT.java:238}","-225","-232"
"c534b979111f561c4874acabe2ea9170a793c5e6","PULL_UP","{Method getIndexSettingsWithDefaults(String) at x-pack/plugin/logsdb/qa/rolling-upgrade/src/javaRestTest/java/org/elasticsearch/upgrades/TextRollingUpgradeIT.java:311}","{Method getIndexSettingsWithDefaults(String) at x-pack/plugin/logsdb/qa/rolling-upgrade/src/javaRestTest/java/org/elasticsearch/upgrades/AbstractStringTypeRollingUpgradeIT.java:314}","-305","-308"
"c534b979111f561c4874acabe2ea9170a793c5e6","PULL_UP","{Method getIndexSettingsWithDefaults(String) at x-pack/plugin/logsdb/qa/rolling-upgrade/src/javaRestTest/java/org/elasticsearch/upgrades/MatchOnlyTextRollingUpgradeIT.java:307}","{Method getIndexSettingsWithDefaults(String) at x-pack/plugin/logsdb/qa/rolling-upgrade/src/javaRestTest/java/org/elasticsearch/upgrades/AbstractStringTypeRollingUpgradeIT.java:314}","-301","-308"
"c534b979111f561c4874acabe2ea9170a793c5e6","PULL_UP","{Method prepareTemplate() at x-pack/plugin/logsdb/qa/rolling-upgrade/src/javaRestTest/java/org/elasticsearch/upgrades/MatchOnlyTextRollingUpgradeIT.java:152}","{Method prepareTemplate() at x-pack/plugin/logsdb/qa/rolling-upgrade/src/javaRestTest/java/org/elasticsearch/upgrades/AbstractStringTypeRollingUpgradeIT.java:146}","-146","-140"
"c534b979111f561c4874acabe2ea9170a793c5e6","PULL_UP","{Method search(String) at x-pack/plugin/logsdb/qa/rolling-upgrade/src/javaRestTest/java/org/elasticsearch/upgrades/TextRollingUpgradeIT.java:235}","{Method search(String) at x-pack/plugin/logsdb/qa/rolling-upgrade/src/javaRestTest/java/org/elasticsearch/upgrades/AbstractStringTypeRollingUpgradeIT.java:238}","-229","-232"
"c534b979111f561c4874acabe2ea9170a793c5e6","PULL_UP","{Method query(String) at x-pack/plugin/logsdb/qa/rolling-upgrade/src/javaRestTest/java/org/elasticsearch/upgrades/MatchOnlyTextRollingUpgradeIT.java:267}","{Method query(String) at x-pack/plugin/logsdb/qa/rolling-upgrade/src/javaRestTest/java/org/elasticsearch/upgrades/AbstractStringTypeRollingUpgradeIT.java:274}","-261","-268"
"c534b979111f561c4874acabe2ea9170a793c5e6","EXTRACT_SUPER","{Class MatchOnlyTextRollingUpgradeIT at x-pack/plugin/logsdb/qa/rolling-upgrade/src/javaRestTest/java/org/elasticsearch/upgrades/MatchOnlyTextRollingUpgradeIT.java:40}","{Class AbstractStringTypeRollingUpgradeIT at x-pack/plugin/logsdb/qa/rolling-upgrade/src/javaRestTest/java/org/elasticsearch/upgrades/AbstractStringTypeRollingUpgradeIT.java:37}","-38","-35"
"c534b979111f561c4874acabe2ea9170a793c5e6","PULL_UP","{Method startTrial() at x-pack/plugin/logsdb/qa/rolling-upgrade/src/javaRestTest/java/org/elasticsearch/upgrades/TextRollingUpgradeIT.java:299}","{Method startTrial() at x-pack/plugin/logsdb/qa/rolling-upgrade/src/javaRestTest/java/org/elasticsearch/upgrades/AbstractStringTypeRollingUpgradeIT.java:302}","-293","-296"
"c534b979111f561c4874acabe2ea9170a793c5e6","PULL_UP","{Method recordSmallestMessage(String) at x-pack/plugin/logsdb/qa/rolling-upgrade/src/javaRestTest/java/org/elasticsearch/upgrades/TextRollingUpgradeIT.java:229}","{Method recordSmallestMessage(String) at x-pack/plugin/logsdb/qa/rolling-upgrade/src/javaRestTest/java/org/elasticsearch/upgrades/AbstractStringTypeRollingUpgradeIT.java:232}","-223","-226"
"4ae62d601a94dec8182bd13fb090add1778cd229","CHANGE_SIGNATURE","{Method new(TransportService, SearchService, ActionFilters, ClusterService, TransportSearchAction, SearchTransportService, ProjectResolver, IndexNameExpressionResolver) at server/src/main/java/org/elasticsearch/action/search/TransportSearchShardsAction.java:64}","{Method new(TransportService, SearchService, ActionFilters, ClusterService, TransportSearchAction, SearchTransportService, ProjectResolver, IndexNameExpressionResolver, SearchResponseMetrics) at server/src/main/java/org/elasticsearch/action/search/TransportSearchShardsAction.java:66}","-58","-60"
"4ae62d601a94dec8182bd13fb090add1778cd229","CHANGE_SIGNATURE","{Method execute(Logger, SearchTransportService, BiFunction, Map, Map, Executor, SearchRequest, List, TransportSearchAction.SearchTimeProvider, SearchTask, boolean, CoordinatorRewriteContextProvider) at server/src/main/java/org/elasticsearch/action/search/CanMatchPreFilterSearchPhase.java:127}","{Method execute(Logger, SearchTransportService, BiFunction, Map, Map, Executor, SearchRequest, List, TransportSearchAction.SearchTimeProvider, SearchTask, boolean, CoordinatorRewriteContextProvider, SearchResponseMetrics) at server/src/main/java/org/elasticsearch/action/search/CanMatchPreFilterSearchPhase.java:130}","-121","-124"
"4ae62d601a94dec8182bd13fb090add1778cd229","CHANGE_SIGNATURE","{Method assertMeasurements(Collection) at server/src/test/java/org/elasticsearch/rest/action/search/SearchPhaseCoordinatorAPMMetricsTests.java:123}","{Method assertMeasurements(Collection, int) at server/src/test/java/org/elasticsearch/rest/action/search/SearchPhaseCoordinatorAPMMetricsTests.java:210}","-117","-204"
"2c64f47022c82b7fa131b6bed14884e62b27e212","CHANGE_SIGNATURE","{Method new(JwkSetLoader, PkcJwkSetReloadNotifier) at x-pack/plugin/security/src/main/java/org/elasticsearch/xpack/security/authc/jwt/JwtSignatureValidator.java:264}","{Method new(JwkSetLoader) at x-pack/plugin/security/src/main/java/org/elasticsearch/xpack/security/authc/jwt/JwtSignatureValidator.java:264}","-254","-254"
"2c64f47022c82b7fa131b6bed14884e62b27e212","EXTRACT_MOVE","{Method loadInternal(ActionListener) at x-pack/plugin/security/src/main/java/org/elasticsearch/xpack/security/authc/jwt/JwkSetLoader.java:118}","{Method load(ActionListener) at x-pack/plugin/security/src/main/java/org/elasticsearch/xpack/security/authc/jwt/JwkSetLoader.java:253}","-112","-243"
"2c64f47022c82b7fa131b6bed14884e62b27e212","CHANGE_SIGNATURE","{Method createJwtRealmSettingsBuilder(JwtIssuer, int, int) at x-pack/plugin/security/src/test/java/org/elasticsearch/xpack/security/authc/jwt/JwtRealmAuthenticateAccessTokenTypeTests.java:75}","{Method createJwtRealmSettingsBuilder(JwtIssuer, int, int, boolean) at x-pack/plugin/security/src/test/java/org/elasticsearch/xpack/security/authc/jwt/JwtRealmAuthenticateAccessTokenTypeTests.java:77}","-69","-71"
"2c64f47022c82b7fa131b6bed14884e62b27e212","CHANGE_SIGNATURE","{Method createJwtRealmSettingsBuilder(JwtIssuer, int, int) at x-pack/plugin/security/src/test/java/org/elasticsearch/xpack/security/authc/jwt/JwtRealmTestCase.java:181}","{Method createJwtRealmSettingsBuilder(JwtIssuer, int, int, boolean) at x-pack/plugin/security/src/test/java/org/elasticsearch/xpack/security/authc/jwt/JwtRealmTestCase.java:207}","-175","-201"
"2c64f47022c82b7fa131b6bed14884e62b27e212","MOVE","{Interface PkcJwkSetReloadNotifier at x-pack/plugin/security/src/main/java/org/elasticsearch/xpack/security/authc/jwt/JwtSignatureValidator.java:461}","{Interface PkcJwkSetReloadNotifier at x-pack/plugin/security/src/main/java/org/elasticsearch/xpack/security/authc/jwt/PkcJwkSetReloadNotifier.java:10}","-455","-8"
"2c64f47022c82b7fa131b6bed14884e62b27e212","CHANGE_SIGNATURE","{Method new(RealmConfig, SSLService, UserRoleMapper) at x-pack/plugin/security/src/main/java/org/elasticsearch/xpack/security/authc/jwt/JwtRealm.java:86}","{Method new(RealmConfig, SSLService, UserRoleMapper, ThreadPool) at x-pack/plugin/security/src/main/java/org/elasticsearch/xpack/security/authc/jwt/JwtRealm.java:87}","-80","-81"
"2c64f47022c82b7fa131b6bed14884e62b27e212","RENAME","{Method readBytes(CloseableHttpAsyncClient, URI, ActionListener) at x-pack/plugin/security/src/main/java/org/elasticsearch/xpack/security/authc/jwt/JwtUtil.java:321}","{Method readResponse(CloseableHttpAsyncClient, URI, ActionListener) at x-pack/plugin/security/src/main/java/org/elasticsearch/xpack/security/authc/jwt/JwtUtil.java:329}","-315","-323"
"2c64f47022c82b7fa131b6bed14884e62b27e212","CHANGE_SIGNATURE","{Method new(RealmConfig, SSLService, JwtSignatureValidator.PkcJwkSetReloadNotifier) at x-pack/plugin/security/src/main/java/org/elasticsearch/xpack/security/authc/jwt/JwtAuthenticator.java:44}","{Method new(RealmConfig, SSLService, PkcJwkSetReloadNotifier, ThreadPool) at x-pack/plugin/security/src/main/java/org/elasticsearch/xpack/security/authc/jwt/JwtAuthenticator.java:45}","-38","-39"
"2c64f47022c82b7fa131b6bed14884e62b27e212","CHANGE_SIGNATURE","{Method new(RealmConfig, List, SSLService) at x-pack/plugin/security/src/main/java/org/elasticsearch/xpack/security/authc/jwt/JwkSetLoader.java:59}","{Method new(RealmConfig, List, SSLService, ThreadPool, PkcJwkSetReloadNotifier) at x-pack/plugin/security/src/main/java/org/elasticsearch/xpack/security/authc/jwt/JwkSetLoader.java:72}","-53","-66"
"2c64f47022c82b7fa131b6bed14884e62b27e212","CHANGE_SIGNATURE","{Method createJwtIssuer(int, int, int, int, int, boolean) at x-pack/plugin/security/src/test/java/org/elasticsearch/xpack/security/authc/jwt/JwtRealmTestCase.java:150}","{Method createJwtIssuer(int, int, int, int, int, boolean, boolean) at x-pack/plugin/security/src/test/java/org/elasticsearch/xpack/security/authc/jwt/JwtRealmTestCase.java:171}","-144","-165"
"2c64f47022c82b7fa131b6bed14884e62b27e212","CHANGE_SIGNATURE","{Method new(RealmConfig, SSLService, PkcJwkSetReloadNotifier) at x-pack/plugin/security/src/main/java/org/elasticsearch/xpack/security/authc/jwt/JwtSignatureValidator.java:67}","{Method new(RealmConfig, SSLService, PkcJwkSetReloadNotifier, ThreadPool) at x-pack/plugin/security/src/main/java/org/elasticsearch/xpack/security/authc/jwt/JwtSignatureValidator.java:68}","-57","-58"
"2c64f47022c82b7fa131b6bed14884e62b27e212","EXTRACT_MOVE","{Method close() at x-pack/plugin/security/src/main/java/org/elasticsearch/xpack/security/authc/jwt/JwkSetLoader.java:178}","{Method stop() at x-pack/plugin/security/src/main/java/org/elasticsearch/xpack/security/authc/jwt/JwkSetLoader.java:352}","-172","-342"
"2c64f47022c82b7fa131b6bed14884e62b27e212","CHANGE_SIGNATURE","{Method generateJwtIssuerRealmPairs(int, int, int, int, int, int, int, boolean) at x-pack/plugin/security/src/test/java/org/elasticsearch/xpack/security/authc/jwt/JwtRealmTestCase.java:113}","{Method generateJwtIssuerRealmPairs(int, int, int, int, int, int, int, boolean, boolean) at x-pack/plugin/security/src/test/java/org/elasticsearch/xpack/security/authc/jwt/JwtRealmTestCase.java:120}","-107","-114"
"6c0fd35806b5b21a7f4b8b6ed7e12199a9140a88","EXTRACT","{Method createTestInstance() at x-pack/plugin/inference/src/test/java/org/elasticsearch/xpack/inference/action/InferenceActionResponseTests.java:39}","{Method getRandomResults() at x-pack/plugin/inference/src/test/java/org/elasticsearch/xpack/inference/action/InferenceActionResponseTests.java:45}","-33","-39"
"6c0fd35806b5b21a7f4b8b6ed7e12199a9140a88","INLINE","{Method createRandomWithNonNullUrl() at x-pack/plugin/inference/src/test/java/org/elasticsearch/xpack/inference/services/voyageai/VoyageAIServiceSettingsTests.java:29}","{Method mutateInstance(HuggingFaceChatCompletionServiceSettings) at x-pack/plugin/inference/src/test/java/org/elasticsearch/xpack/inference/services/huggingface/completion/HuggingFaceChatCompletionServiceSettingsTests.java:233}","-23","-227"
"6c0fd35806b5b21a7f4b8b6ed7e12199a9140a88","EXTRACT","{Method createRandom() at x-pack/plugin/inference/src/test/java/org/elasticsearch/xpack/inference/services/amazonbedrock/embeddings/AmazonBedrockEmbeddingsServiceSettingsTests.java:392}","{Method randomSimilarityOrNull() at x-pack/plugin/inference/src/test/java/org/elasticsearch/xpack/inference/services/amazonbedrock/embeddings/AmazonBedrockEmbeddingsServiceSettingsTests.java:435}","-386","-429"
"6c0fd35806b5b21a7f4b8b6ed7e12199a9140a88","INLINE","{Method createRandomWithNonNullUrl() at x-pack/plugin/inference/src/test/java/org/elasticsearch/xpack/inference/services/voyageai/VoyageAIServiceSettingsTests.java:29}","{Method mutateInstance(OpenAiChatCompletionServiceSettings) at x-pack/plugin/inference/src/test/java/org/elasticsearch/xpack/inference/services/openai/completion/OpenAiChatCompletionServiceSettingsTests.java:233}","-23","-227"
"6c0fd35806b5b21a7f4b8b6ed7e12199a9140a88","EXTRACT","{Method createRandom() at x-pack/plugin/inference/src/test/java/org/elasticsearch/xpack/inference/services/custom/InputTypeTranslatorTests.java:31}","{Method getRandomTranslation() at x-pack/plugin/inference/src/test/java/org/elasticsearch/xpack/inference/services/custom/InputTypeTranslatorTests.java:36}","-25","-30"
"6c0fd35806b5b21a7f4b8b6ed7e12199a9140a88","EXTRACT","{Method createRandom() at x-pack/plugin/inference/src/test/java/org/elasticsearch/xpack/inference/services/custom/CustomSecretSettingsTests.java:30}","{Method createRandomSecretParameters() at x-pack/plugin/inference/src/test/java/org/elasticsearch/xpack/inference/services/custom/CustomSecretSettingsTests.java:34}","-24","-28"
"6c0fd35806b5b21a7f4b8b6ed7e12199a9140a88","INLINE","{Method createRandomWithNonNullUrl() at x-pack/plugin/inference/src/test/java/org/elasticsearch/xpack/inference/services/voyageai/VoyageAIServiceSettingsTests.java:29}","{Method mutateInstance(OpenAiEmbeddingsServiceSettings) at x-pack/plugin/inference/src/test/java/org/elasticsearch/xpack/inference/services/openai/embeddings/OpenAiEmbeddingsServiceSettingsTests.java:531}","-23","-525"
"6c0fd35806b5b21a7f4b8b6ed7e12199a9140a88","EXTRACT","{Method createRandom() at x-pack/plugin/inference/src/test/java/org/elasticsearch/xpack/inference/services/azureaistudio/embeddings/AzureAiStudioEmbeddingsServiceSettingsTests.java:453}","{Method randomSimilarityMeasureOrNull() at x-pack/plugin/inference/src/test/java/org/elasticsearch/xpack/inference/services/azureaistudio/embeddings/AzureAiStudioEmbeddingsServiceSettingsTests.java:500}","-447","-494"
"6c0fd35806b5b21a7f4b8b6ed7e12199a9140a88","INLINE","{Method createRandomWithNonNullUrl() at x-pack/plugin/inference/src/test/java/org/elasticsearch/xpack/inference/services/voyageai/VoyageAIServiceSettingsTests.java:29}","{Method createTestInstance() at x-pack/plugin/inference/src/test/java/org/elasticsearch/xpack/inference/services/voyageai/VoyageAIServiceSettingsTests.java:86}","-23","-80"
"6c0fd35806b5b21a7f4b8b6ed7e12199a9140a88","INLINE","{Method createRandom(String) at x-pack/plugin/inference/src/test/java/org/elasticsearch/xpack/inference/services/custom/CustomServiceSettingsTests.java:44}","{Method createRandom() at x-pack/plugin/inference/src/test/java/org/elasticsearch/xpack/inference/services/custom/CustomServiceSettingsTests.java:49}","-38","-43"
"ac0bc487771aa0405dbd50dcbae3b0803b7fac84"
"87807f05360114102672df3028c503b0c5857006","CHANGE_SIGNATURE","{Method collectSearchShards(IndicesOptions, String, String, QueryBuilder, boolean, SearchContextId, Map, SearchResponse.Clusters, SearchTimeProvider, TransportService, ActionListener, TimeValue) at server/src/main/java/org/elasticsearch/action/search/TransportSearchAction.java:945}","{Method collectSearchShards(IndicesOptions, String, String, QueryBuilder, boolean, SearchContextId, Map, SearchResponse.Clusters, SearchTimeProvider, TransportService, ActionListener, TimeValue, boolean, ResolvedIndexExpressions) at server/src/main/java/org/elasticsearch/action/search/TransportSearchAction.java:1054}","-939","-1048"
"a5171c7c584ac07a27b545a5055f7e346b790c8d"
"42049d1431aee47cb0fb24deccf08f4d2daeca8e"
"2cadeffc9410ca77b5006e5e934ce795736a14af"
"9aed5f4584bafbbaa6129d3ee2345b56ddb744c9","EXTRACT","{Method canMatch(ShardSearchRequest) at server/src/main/java/org/elasticsearch/search/SearchService.java:1960}","{Method createCanMatchContext(ShardSearchRequest) at server/src/main/java/org/elasticsearch/search/SearchService.java:1961}","-1954","-1955"
"9aed5f4584bafbbaa6129d3ee2345b56ddb744c9","EXTRACT","{Method executeQueryPhase(ShardSearchRequest, CancellableTask, ActionListener) at server/src/main/java/org/elasticsearch/search/SearchService.java:704}","{Method createCanMatchContext(ShardSearchRequest) at server/src/main/java/org/elasticsearch/search/SearchService.java:1961}","-698","-1955"
"e1a91702e5d07bc85ad052d36dda0391ca0fd41c"
"3ebd7a3f6c43455cc061162d20c6976973ce9b6a"
"4a7db66a80bc57941a844d911a2135ee17dcf2c1"
"d0ef515d18e011f2b2396763996a41653fef646c"
"b3ebfd122985f06dfe3f046c25d508774e804958","CHANGE_SIGNATURE","{Method mergeIndicators(boolean, List) at server/src/main/java/org/elasticsearch/health/node/ShardsCapacityHealthIndicatorService.java:128}","{Method mergeIndicators(boolean, List, HealthMetadata) at server/src/main/java/org/elasticsearch/health/node/ShardsCapacityHealthIndicatorService.java:205}","-122","-199"
"b3ebfd122985f06dfe3f046c25d508774e804958","CHANGE_SIGNATURE","{Method calculateFrom(int, DiscoveryNodes, Metadata, ShardsCapacityChecker) at server/src/main/java/org/elasticsearch/health/node/ShardsCapacityHealthIndicatorService.java:175}","{Method calculateFrom(int, DiscoveryNodes, Metadata, ShardsCapacityChecker, int, int) at server/src/main/java/org/elasticsearch/health/node/ShardsCapacityHealthIndicatorService.java:252}","-169","-246"
"b3ebfd122985f06dfe3f046c25d508774e804958","EXTRACT","{Method randomShardLimitsMetadata() at server/src/test/java/org/elasticsearch/health/metadata/HealthMetadataSerializationTests.java:65}","{Method randomShardLimitsMetadataNonNull() at server/src/test/java/org/elasticsearch/health/metadata/HealthMetadataSerializationTests.java:69}","-59","-63"
"6489bd3db0034456ba7a282c15253f8ddc51b23e"
"e522df6b16dd7d5c90f01b81506891e11f09b776","RENAME","{Method loadValue(int, CompressedExponentialHistogram, BytesRef) at x-pack/plugin/esql/compute/src/main/java/org/elasticsearch/compute/data/ExponentialHistogramArrayBlock.java:81}","{Method getExponentialHistogram(int, ExponentialHistogramScratch) at x-pack/plugin/esql/compute/src/main/java/org/elasticsearch/compute/data/ExponentialHistogramArrayBlock.java:81}","-75","-75"
"e3bfec1231949e3d7756fc09f607a107bd48a84a","EXTRACT_MOVE","{Method histogramValue() at x-pack/plugin/mapper-exponential-histogram/src/main/java/org/elasticsearch/xpack/exponentialhistogram/ExponentialHistogramFieldMapper.java:595}","{Method valueCounts() at test/framework/src/main/java/org/elasticsearch/index/mapper/TestBlock.java:803}","-585","-793"
"e3bfec1231949e3d7756fc09f607a107bd48a84a","EXTRACT_MOVE","{Method build() at x-pack/plugin/esql/compute/src/main/java/org/elasticsearch/compute/data/ExponentialHistogramBlockBuilder.java:103}","{Method encodedHistograms() at test/framework/src/main/java/org/elasticsearch/index/mapper/TestBlock.java:813}","-97","-803"
"e3bfec1231949e3d7756fc09f607a107bd48a84a","EXTRACT_MOVE","{Method advanceExact(int) at x-pack/plugin/mapper-exponential-histogram/src/main/java/org/elasticsearch/xpack/exponentialhistogram/ExponentialHistogramFieldMapper.java:588}","{Method valueCounts() at test/framework/src/main/java/org/elasticsearch/index/mapper/TestBlock.java:803}","-578","-793"
"e3bfec1231949e3d7756fc09f607a107bd48a84a","EXTRACT_MOVE","{Method build() at x-pack/plugin/esql/compute/src/main/java/org/elasticsearch/compute/data/ExponentialHistogramBlockBuilder.java:103}","{Method zeroThresholds() at test/framework/src/main/java/org/elasticsearch/index/mapper/TestBlock.java:808}","-97","-798"
"e3bfec1231949e3d7756fc09f607a107bd48a84a","EXTRACT_MOVE","{Method build() at x-pack/plugin/esql/compute/src/main/java/org/elasticsearch/compute/data/ExponentialHistogramBlockBuilder.java:103}","{Method sums() at test/framework/src/main/java/org/elasticsearch/index/mapper/TestBlock.java:798}","-97","-788"
"e3bfec1231949e3d7756fc09f607a107bd48a84a","EXTRACT_MOVE","{Method hasAnyValues() at x-pack/plugin/mapper-exponential-histogram/src/main/java/org/elasticsearch/xpack/exponentialhistogram/ExponentialHistogramFieldMapper.java:584}","{Method valueCounts() at test/framework/src/main/java/org/elasticsearch/index/mapper/TestBlock.java:803}","-574","-793"
"e3bfec1231949e3d7756fc09f607a107bd48a84a","EXTRACT_MOVE","{Method build() at x-pack/plugin/esql/compute/src/main/java/org/elasticsearch/compute/data/ExponentialHistogramBlockBuilder.java:103}","{Method minima() at test/framework/src/main/java/org/elasticsearch/index/mapper/TestBlock.java:788}","-97","-778"
"e3bfec1231949e3d7756fc09f607a107bd48a84a","EXTRACT_MOVE","{Method build() at x-pack/plugin/esql/compute/src/main/java/org/elasticsearch/compute/data/ExponentialHistogramBlockBuilder.java:103}","{Method maxima() at test/framework/src/main/java/org/elasticsearch/index/mapper/TestBlock.java:793}","-97","-783"
"e3bfec1231949e3d7756fc09f607a107bd48a84a","EXTRACT_MOVE","{Method new(LeafReader, String) at x-pack/plugin/mapper-exponential-histogram/src/main/java/org/elasticsearch/xpack/exponentialhistogram/ExponentialHistogramFieldMapper.java:575}","{Method zeroThresholds() at test/framework/src/main/java/org/elasticsearch/index/mapper/TestBlock.java:808}","-565","-798"
"e3bfec1231949e3d7756fc09f607a107bd48a84a","EXTRACT_MOVE","{Method histogramValue() at x-pack/plugin/mapper-exponential-histogram/src/main/java/org/elasticsearch/xpack/exponentialhistogram/ExponentialHistogramFieldMapper.java:595}","{Method zeroThresholds() at test/framework/src/main/java/org/elasticsearch/index/mapper/TestBlock.java:808}","-585","-798"
"e3bfec1231949e3d7756fc09f607a107bd48a84a","EXTRACT_MOVE","{Method valuesCountValue() at x-pack/plugin/mapper-exponential-histogram/src/main/java/org/elasticsearch/xpack/exponentialhistogram/ExponentialHistogramFieldMapper.java:625}","{Method valueCounts() at test/framework/src/main/java/org/elasticsearch/index/mapper/TestBlock.java:803}","-615","-793"
"e3bfec1231949e3d7756fc09f607a107bd48a84a","EXTRACT_MOVE","{Method new(LeafReader, String) at x-pack/plugin/mapper-exponential-histogram/src/main/java/org/elasticsearch/xpack/exponentialhistogram/ExponentialHistogramFieldMapper.java:575}","{Method valueCounts() at test/framework/src/main/java/org/elasticsearch/index/mapper/TestBlock.java:803}","-565","-793"
"e3bfec1231949e3d7756fc09f607a107bd48a84a","EXTRACT_MOVE","{Method build() at x-pack/plugin/esql/compute/src/main/java/org/elasticsearch/compute/data/ExponentialHistogramBlockBuilder.java:103}","{Method valueCounts() at test/framework/src/main/java/org/elasticsearch/index/mapper/TestBlock.java:803}","-97","-793"
"1f29688dd2419feb9e6946c93053d7051b3b3486","EXTRACT","{Method getQueryPackedLength(int) at server/src/main/java/org/elasticsearch/index/codec/vectors/diskbbq/next/ESNextDiskBBQVectorsFormat.java:159}","{Method getDocPackedLength(int) at server/src/main/java/org/elasticsearch/index/codec/vectors/diskbbq/next/ESNextDiskBBQVectorsFormat.java:180}","-149","-170"
"c097a1b83eddc11c89c9b4d091ad06f62cca125f","CHANGE_SIGNATURE","{Method relocated(String, String, BiConsumer, ActionListener) at server/src/main/java/org/elasticsearch/index/shard/IndexShard.java:805}","{Method relocated(String, String, CheckedBiConsumer, ActionListener) at server/src/main/java/org/elasticsearch/index/shard/IndexShard.java:806}","-799","-800"
"c097a1b83eddc11c89c9b4d091ad06f62cca125f","CHANGE_SIGNATURE","{Method blockingCallRelocated(IndexShard, ShardRouting, BiConsumer) at server/src/test/java/org/elasticsearch/index/shard/IndexShardTests.java:5852}","{Method blockingCallRelocated(IndexShard, ShardRouting, CheckedBiConsumer) at server/src/test/java/org/elasticsearch/index/shard/IndexShardTests.java:5861}","-5846","-5855"
"f130e98fdddecc3d63f3baba250b74873a4dbc79","MOVE","{Class ExponentialHistogramAggregatorTestCase at x-pack/plugin/mapper-exponential-histogram/src/test/java/org/elasticsearch/xpack/exponentialhistogram/aggregations/metrics/ExponentialHistogramAggregatorTestCase.java:29}","{Class ExponentialHistogramAggregatorTestCase at x-pack/plugin/mapper-exponential-histogram/src/test/java/org/elasticsearch/xpack/exponentialhistogram/aggregations/ExponentialHistogramAggregatorTestCase.java:29}","-27","-27"
"f130e98fdddecc3d63f3baba250b74873a4dbc79","MOVE","{Class ExponentialHistogramAggregatorsRegistrar at x-pack/plugin/mapper-exponential-histogram/src/main/java/org/elasticsearch/xpack/exponentialhistogram/aggregations/metrics/ExponentialHistogramAggregatorsRegistrar.java:18}","{Class ExponentialHistogramAggregatorsRegistrar at x-pack/plugin/mapper-exponential-histogram/src/main/java/org/elasticsearch/xpack/exponentialhistogram/aggregations/ExponentialHistogramAggregatorsRegistrar.java:23}","-16","-21"
"70ba2aff9e12a5a05f0e8c1b76d952e57a94c2a3"
"1caa6e33d76ddc603199b0487e73efccdb494fbb"
"f77a0734a73d67299bc78489c95d065e48fe535c"
"94a867883da5406fa20b47a9adc6b165af8887d1"
"d220b339b3bbe842375b185faaeb17fb18a3ddcc","EXTRACT_MOVE","{Method checkVectorBounds(float[]) at server/src/main/java/org/elasticsearch/index/mapper/vectors/DenseVectorFieldMapper.java:550}","{Method vector() at server/src/main/java/org/elasticsearch/index/mapper/vectors/DenseVectorFieldMapper.java:3207}","-540","-3197"
"d220b339b3bbe842375b185faaeb17fb18a3ddcc","EXTRACT_MOVE","{Method testSimilarityBetweenConstantVectors() at x-pack/plugin/esql/src/internalClusterTest/java/org/elasticsearch/xpack/esql/vector/VectorSimilarityFunctionsIT.java:178}","{Method similarityFunction() at server/src/main/java/org/elasticsearch/index/mapper/vectors/DenseVectorFieldMapper.java:3211}","-172","-3201"
"d220b339b3bbe842375b185faaeb17fb18a3ddcc","EXTRACT_MOVE","{Method checkVectorErrors(float[]) at server/src/main/java/org/elasticsearch/index/mapper/vectors/DenseVectorFieldMapper.java:662}","{Method vector() at server/src/main/java/org/elasticsearch/index/mapper/vectors/DenseVectorFieldMapper.java:3207}","-652","-3197"
"d220b339b3bbe842375b185faaeb17fb18a3ddcc","EXTRACT_MOVE","{Method getDimensions() at x-pack/plugin/esql/src/main/java/org/elasticsearch/xpack/esql/expression/function/vector/VectorSimilarityFunction.java:265}","{Method vector() at server/src/main/java/org/elasticsearch/index/mapper/vectors/DenseVectorFieldMapper.java:3207}","-255","-3197"
"d220b339b3bbe842375b185faaeb17fb18a3ddcc","EXTRACT_MOVE","{Method checkValidVector(float[], ElementType...) at server/src/main/java/org/elasticsearch/index/mapper/vectors/DenseVectorFieldMapper.java:503}","{Method vector() at server/src/main/java/org/elasticsearch/index/mapper/vectors/DenseVectorFieldMapper.java:3207}","-493","-3197"
"d220b339b3bbe842375b185faaeb17fb18a3ddcc","CHANGE_SIGNATURE","{Method new(String, SimilarityEvaluatorFunction) at x-pack/plugin/esql/src/internalClusterTest/java/org/elasticsearch/xpack/esql/vector/VectorSimilarityFunctionsIT.java:87}","{Method new(String, DenseVectorFieldMapper.SimilarityFunction, ElementType) at x-pack/plugin/esql/src/internalClusterTest/java/org/elasticsearch/xpack/esql/vector/VectorSimilarityFunctionsIT.java:96}","-81","-90"
"d220b339b3bbe842375b185faaeb17fb18a3ddcc","EXTRACT_MOVE","{Method parseKnnVector(DocumentParserContext, int, IntBooleanConsumer, VectorSimilarity) at server/src/main/java/org/elasticsearch/index/mapper/vectors/DenseVectorFieldMapper.java:1002}","{Method vector() at server/src/main/java/org/elasticsearch/index/mapper/vectors/DenseVectorFieldMapper.java:3207}","-992","-3197"
"d220b339b3bbe842375b185faaeb17fb18a3ddcc","EXTRACT_MOVE","{Method similarityParameters(String, VectorSimilarityFunction.SimilarityEvaluatorFunction) at x-pack/plugin/esql/src/test/java/org/elasticsearch/xpack/esql/expression/function/vector/AbstractVectorSimilarityFunctionTestCase.java:44}","{Method similarityFunction() at server/src/main/java/org/elasticsearch/index/mapper/vectors/DenseVectorFieldMapper.java:3211}","-38","-3201"
"d220b339b3bbe842375b185faaeb17fb18a3ddcc","CHANGE_SIGNATURE","{Method read(BlockFactory, Docs, int, boolean) at server/src/main/java/org/elasticsearch/index/mapper/blockloader/docvalues/DenseVectorBlockLoader.java:82}","{Method read(BlockLoader.BlockFactory, BlockLoader.Docs, int, boolean) at server/src/main/java/org/elasticsearch/index/mapper/blockloader/docvalues/DenseVectorBlockLoader.java:111}","-72","-101"
"d220b339b3bbe842375b185faaeb17fb18a3ddcc","EXTRACT_MOVE","{Method errorElementsAppender(float[]) at server/src/main/java/org/elasticsearch/index/mapper/vectors/DenseVectorFieldMapper.java:1054}","{Method vector() at server/src/main/java/org/elasticsearch/index/mapper/vectors/DenseVectorFieldMapper.java:3207}","-1044","-3197"
"d220b339b3bbe842375b185faaeb17fb18a3ddcc","EXTRACT_MOVE","{Method eval(Page) at x-pack/plugin/esql/src/main/java/org/elasticsearch/xpack/esql/expression/function/vector/VectorSimilarityFunction.java:155}","{Method appendNull(B) at server/src/main/java/org/elasticsearch/index/mapper/blockloader/docvalues/DenseVectorBlockLoaderProcessor.java:46}","-145","-40"
"d220b339b3bbe842375b185faaeb17fb18a3ddcc","CHANGE_SIGNATURE","{Method blockLoader(String, boolean, MappedFieldType.FieldExtractPreference) at x-pack/plugin/esql/compute/src/test/java/org/elasticsearch/compute/lucene/LuceneSourceOperatorTests.java:465}","{Method blockLoader(String, boolean, MappedFieldType.FieldExtractPreference, MappedFieldType.BlockLoaderFunctionConfig) at x-pack/plugin/esql/compute/src/test/java/org/elasticsearch/compute/lucene/LuceneSourceOperatorTests.java:465}","-455","-455"
"d220b339b3bbe842375b185faaeb17fb18a3ddcc","CHANGE_SIGNATURE","{Method new(ByteVectorValues, int) at server/src/main/java/org/elasticsearch/index/mapper/blockloader/docvalues/DenseVectorBlockLoader.java:196}","{Method new(ByteVectorValues, int, DenseVectorBlockLoaderProcessor) at server/src/main/java/org/elasticsearch/index/mapper/blockloader/docvalues/DenseVectorBlockLoader.java:246}","-186","-236"
"d220b339b3bbe842375b185faaeb17fb18a3ddcc","EXTRACT_MOVE","{Method eval(Page) at x-pack/plugin/esql/src/main/java/org/elasticsearch/xpack/esql/expression/function/vector/VectorSimilarityFunction.java:155}","{Method similarityFunction() at server/src/main/java/org/elasticsearch/index/mapper/vectors/DenseVectorFieldMapper.java:3211}","-145","-3201"
"d220b339b3bbe842375b185faaeb17fb18a3ddcc","EXTRACT_MOVE","{Method errorElementsAppender(byte[]) at server/src/main/java/org/elasticsearch/index/mapper/vectors/DenseVectorFieldMapper.java:869}","{Method vector() at server/src/main/java/org/elasticsearch/index/mapper/vectors/DenseVectorFieldMapper.java:3207}","-859","-3197"
"d220b339b3bbe842375b185faaeb17fb18a3ddcc","EXTRACT_MOVE","{Method checkVectorErrors(float[]) at server/src/main/java/org/elasticsearch/index/mapper/vectors/DenseVectorFieldMapper.java:557}","{Method vector() at server/src/main/java/org/elasticsearch/index/mapper/vectors/DenseVectorFieldMapper.java:3207}","-547","-3197"
"d220b339b3bbe842375b185faaeb17fb18a3ddcc","EXTRACT_MOVE","{Method baseRamBytesUsed() at x-pack/plugin/esql/src/main/java/org/elasticsearch/xpack/esql/expression/function/vector/VectorSimilarityFunction.java:280}","{Method vector() at server/src/main/java/org/elasticsearch/index/mapper/vectors/DenseVectorFieldMapper.java:3207}","-270","-3197"
"d220b339b3bbe842375b185faaeb17fb18a3ddcc","CHANGE_SIGNATURE","{Method new(T, int) at server/src/main/java/org/elasticsearch/index/mapper/blockloader/docvalues/DenseVectorBlockLoader.java:76}","{Method new(T, DenseVectorBlockLoaderProcessor, int) at server/src/main/java/org/elasticsearch/index/mapper/blockloader/docvalues/DenseVectorBlockLoader.java:104}","-66","-94"
"d220b339b3bbe842375b185faaeb17fb18a3ddcc","EXTRACT_MOVE","{Method build(DriverContext) at x-pack/plugin/esql/src/main/java/org/elasticsearch/xpack/esql/expression/function/vector/VectorSimilarityFunction.java:233}","{Method vector() at server/src/main/java/org/elasticsearch/index/mapper/vectors/DenseVectorFieldMapper.java:3207}","-219","-3197"
"d220b339b3bbe842375b185faaeb17fb18a3ddcc","EXTRACT_MOVE","{Method appendErrorElements(StringBuilder, float[]) at server/src/main/java/org/elasticsearch/index/mapper/vectors/DenseVectorFieldMapper.java:1038}","{Method vector() at server/src/main/java/org/elasticsearch/index/mapper/vectors/DenseVectorFieldMapper.java:3207}","-1028","-3197"
"d220b339b3bbe842375b185faaeb17fb18a3ddcc","EXTRACT","{Method toEvaluator(EvaluatorMapper.ToEvaluator) at x-pack/plugin/esql/src/main/java/org/elasticsearch/xpack/esql/expression/function/vector/VectorSimilarityFunction.java:85}","{Method getEvaluatorSimilarityFunction() at x-pack/plugin/esql/src/main/java/org/elasticsearch/xpack/esql/expression/function/vector/VectorSimilarityFunction.java:118}","-79","-112"
"d220b339b3bbe842375b185faaeb17fb18a3ddcc","CHANGE_SIGNATURE","{Method blockLoader(String, boolean, MappedFieldType.FieldExtractPreference) at x-pack/plugin/esql/src/test/java/org/elasticsearch/xpack/esql/planner/ConstantShardContextIndexedByShardId.java:68}","{Method blockLoader(String, boolean, MappedFieldType.FieldExtractPreference, MappedFieldType.BlockLoaderFunctionConfig) at x-pack/plugin/esql/src/test/java/org/elasticsearch/xpack/esql/planner/ConstantShardContextIndexedByShardId.java:68}","-58","-58"
"d220b339b3bbe842375b185faaeb17fb18a3ddcc","EXTRACT_MOVE","{Method testNonIndexedDenseVectorField() at x-pack/plugin/esql/src/internalClusterTest/java/org/elasticsearch/xpack/esql/DenseVectorFieldTypeIT.java:171}","{Method vector() at server/src/main/java/org/elasticsearch/index/mapper/vectors/DenseVectorFieldMapper.java:3207}","-165","-3197"
"d220b339b3bbe842375b185faaeb17fb18a3ddcc","EXTRACT_MOVE","{Method get(DriverContext) at x-pack/plugin/esql/src/main/java/org/elasticsearch/xpack/esql/expression/function/vector/VectorSimilarityFunction.java:127}","{Method similarityFunction() at server/src/main/java/org/elasticsearch/index/mapper/vectors/DenseVectorFieldMapper.java:3211}","-117","-3201"
"d220b339b3bbe842375b185faaeb17fb18a3ddcc","RENAME","{Class DenseVectorValuesBlockReader at server/src/main/java/org/elasticsearch/index/mapper/blockloader/docvalues/DenseVectorBlockLoader.java:71}","{Class AbstractVectorValuesReader at server/src/main/java/org/elasticsearch/index/mapper/blockloader/docvalues/DenseVectorBlockLoader.java:96}","-65","-90"
"d220b339b3bbe842375b185faaeb17fb18a3ddcc","EXTRACT_MOVE","{Method setup() at x-pack/plugin/esql/src/internalClusterTest/java/org/elasticsearch/xpack/esql/DenseVectorFieldTypeIT.java:200}","{Method vector() at server/src/main/java/org/elasticsearch/index/mapper/vectors/DenseVectorFieldMapper.java:3207}","-194","-3197"
"d220b339b3bbe842375b185faaeb17fb18a3ddcc","CHANGE_SIGNATURE","{Method new(FloatVectorValues, int) at server/src/main/java/org/elasticsearch/index/mapper/blockloader/docvalues/DenseVectorBlockLoader.java:127}","{Method new(FloatVectorValues, int, DenseVectorBlockLoaderProcessor) at server/src/main/java/org/elasticsearch/index/mapper/blockloader/docvalues/DenseVectorBlockLoader.java:164}","-117","-154"
"d220b339b3bbe842375b185faaeb17fb18a3ddcc","EXTRACT_MOVE","{Method new(List) at x-pack/plugin/esql/src/main/java/org/elasticsearch/xpack/esql/expression/function/vector/VectorSimilarityFunction.java:247}","{Method vector() at server/src/main/java/org/elasticsearch/index/mapper/vectors/DenseVectorFieldMapper.java:3207}","-237","-3197"
"d220b339b3bbe842375b185faaeb17fb18a3ddcc","CHANGE_SIGNATURE","{Method blockLoader(String, boolean, MappedFieldType.FieldExtractPreference) at x-pack/plugin/esql/compute/src/main/java/org/elasticsearch/compute/lucene/ShardContext.java:57}","{Method blockLoader(String, boolean, MappedFieldType.FieldExtractPreference, MappedFieldType.BlockLoaderFunctionConfig) at x-pack/plugin/esql/compute/src/main/java/org/elasticsearch/compute/lucene/ShardContext.java:57}","-51","-51"
"d220b339b3bbe842375b185faaeb17fb18a3ddcc","EXTRACT_MOVE","{Method new(String, SimilarityEvaluatorFunction) at x-pack/plugin/esql/src/internalClusterTest/java/org/elasticsearch/xpack/esql/vector/VectorSimilarityFunctionsIT.java:87}","{Method similarityFunction() at server/src/main/java/org/elasticsearch/index/mapper/vectors/DenseVectorFieldMapper.java:3211}","-81","-3201"
"d220b339b3bbe842375b185faaeb17fb18a3ddcc","EXTRACT_MOVE","{Method createIndexWithDenseVector(String) at x-pack/plugin/esql/src/internalClusterTest/java/org/elasticsearch/xpack/esql/DenseVectorFieldTypeIT.java:233}","{Method vector() at server/src/main/java/org/elasticsearch/index/mapper/vectors/DenseVectorFieldMapper.java:3207}","-227","-3197"
"d220b339b3bbe842375b185faaeb17fb18a3ddcc","CHANGE_SIGNATURE","{Method similarityParameters(String, VectorSimilarityFunction.SimilarityEvaluatorFunction) at x-pack/plugin/esql/src/test/java/org/elasticsearch/xpack/esql/expression/function/vector/AbstractVectorSimilarityFunctionTestCase.java:44}","{Method similarityParameters(String, DenseVectorFieldMapper.SimilarityFunction) at x-pack/plugin/esql/src/test/java/org/elasticsearch/xpack/esql/expression/function/vector/AbstractVectorSimilarityFunctionTestCase.java:45}","-38","-39"
"d220b339b3bbe842375b185faaeb17fb18a3ddcc","EXTRACT_MOVE","{Method toString() at x-pack/plugin/esql/src/main/java/org/elasticsearch/xpack/esql/expression/function/vector/VectorSimilarityFunction.java:285}","{Method vector() at server/src/main/java/org/elasticsearch/index/mapper/vectors/DenseVectorFieldMapper.java:3207}","-275","-3197"
"d220b339b3bbe842375b185faaeb17fb18a3ddcc","EXTRACT_MOVE","{Method parseKnnVectorAndIndex(DocumentParserContext, DenseVectorFieldMapper) at server/src/main/java/org/elasticsearch/index/mapper/vectors/DenseVectorFieldMapper.java:969}","{Method vector() at server/src/main/java/org/elasticsearch/index/mapper/vectors/DenseVectorFieldMapper.java:3207}","-959","-3197"
"d220b339b3bbe842375b185faaeb17fb18a3ddcc","CHANGE_SIGNATURE","{Method read(int, BlockLoader.FloatBuilder) at server/src/main/java/org/elasticsearch/index/mapper/blockloader/docvalues/DenseVectorBlockLoader.java:98}","{Method read(int, B) at server/src/main/java/org/elasticsearch/index/mapper/blockloader/docvalues/DenseVectorBlockLoader.java:133}","-88","-123"
"d220b339b3bbe842375b185faaeb17fb18a3ddcc","EXTRACT_MOVE","{Method parseVectorArray(DocumentParserContext, int, IntBooleanConsumer, VectorSimilarity) at server/src/main/java/org/elasticsearch/index/mapper/vectors/DenseVectorFieldMapper.java:743}","{Method vector() at server/src/main/java/org/elasticsearch/index/mapper/vectors/DenseVectorFieldMapper.java:3207}","-733","-3197"
"d220b339b3bbe842375b185faaeb17fb18a3ddcc","EXTRACT_MOVE","{Method createKnnVectorField(String, byte[], VectorSimilarityFunction) at server/src/main/java/org/elasticsearch/index/mapper/vectors/DenseVectorFieldMapper.java:639}","{Method vector() at server/src/main/java/org/elasticsearch/index/mapper/vectors/DenseVectorFieldMapper.java:3207}","-629","-3197"
"d220b339b3bbe842375b185faaeb17fb18a3ddcc","CHANGE_SIGNATURE","{Method read(int, BlockLoader.StoredFields, Builder) at server/src/main/java/org/elasticsearch/index/mapper/blockloader/docvalues/DenseVectorBlockLoader.java:93}","{Method read(int, BlockLoader.StoredFields, BlockLoader.Builder) at server/src/main/java/org/elasticsearch/index/mapper/blockloader/docvalues/DenseVectorBlockLoader.java:123}","-83","-113"
"d220b339b3bbe842375b185faaeb17fb18a3ddcc","EXTRACT","{Method randomVector() at x-pack/plugin/esql/src/internalClusterTest/java/org/elasticsearch/xpack/esql/vector/VectorSimilarityFunctionsIT.java:231}","{Method randomVector(int) at x-pack/plugin/esql/src/internalClusterTest/java/org/elasticsearch/xpack/esql/vector/VectorSimilarityFunctionsIT.java:324}","-225","-318"
"d220b339b3bbe842375b185faaeb17fb18a3ddcc","EXTRACT_MOVE","{Method read(int, BlockLoader.FloatBuilder) at server/src/main/java/org/elasticsearch/index/mapper/blockloader/docvalues/DenseVectorBlockLoader.java:98}","{Method appendNull(B) at server/src/main/java/org/elasticsearch/index/mapper/blockloader/docvalues/DenseVectorBlockLoaderProcessor.java:46}","-88","-40"
"d220b339b3bbe842375b185faaeb17fb18a3ddcc","EXTRACT_MOVE","{Method getVector(int) at x-pack/plugin/esql/src/main/java/org/elasticsearch/xpack/esql/expression/function/vector/VectorSimilarityFunction.java:260}","{Method vector() at server/src/main/java/org/elasticsearch/index/mapper/vectors/DenseVectorFieldMapper.java:3207}","-250","-3197"
"d220b339b3bbe842375b185faaeb17fb18a3ddcc","CHANGE_SIGNATURE","{Method new(FloatVectorValues, int, NumericDocValues) at server/src/main/java/org/elasticsearch/index/mapper/blockloader/docvalues/DenseVectorBlockLoader.java:147}","{Method new(FloatVectorValues, int, DenseVectorBlockLoaderProcessor, NumericDocValues) at server/src/main/java/org/elasticsearch/index/mapper/blockloader/docvalues/DenseVectorBlockLoader.java:189}","-137","-179"
"d220b339b3bbe842375b185faaeb17fb18a3ddcc","EXTRACT_MOVE","{Method testSimilarityBetweenVectors() at x-pack/plugin/esql/src/internalClusterTest/java/org/elasticsearch/xpack/esql/vector/VectorSimilarityFunctionsIT.java:95}","{Method similarityFunction() at server/src/main/java/org/elasticsearch/index/mapper/vectors/DenseVectorFieldMapper.java:3211}","-89","-3201"
"d220b339b3bbe842375b185faaeb17fb18a3ddcc","EXTRACT_MOVE","{Method testSimilarityWithOneDimVector() at x-pack/plugin/esql/src/internalClusterTest/java/org/elasticsearch/xpack/esql/vector/VectorSimilarityFunctionsIT.java:145}","{Method similarityFunction() at server/src/main/java/org/elasticsearch/index/mapper/vectors/DenseVectorFieldMapper.java:3211}","-139","-3201"
"d220b339b3bbe842375b185faaeb17fb18a3ddcc","EXTRACT_MOVE","{Method testRetrieveFieldType() at x-pack/plugin/esql/src/internalClusterTest/java/org/elasticsearch/xpack/esql/DenseVectorFieldTypeIT.java:93}","{Method vector() at server/src/main/java/org/elasticsearch/index/mapper/vectors/DenseVectorFieldMapper.java:3207}","-87","-3197"
"d220b339b3bbe842375b185faaeb17fb18a3ddcc","CHANGE_SIGNATURE","{Method new(String, int, DenseVectorFieldMapper.DenseVectorFieldType) at server/src/main/java/org/elasticsearch/index/mapper/blockloader/docvalues/DenseVectorBlockLoader.java:29}","{Method new(String, int, DenseVectorFieldMapper.DenseVectorFieldType, DenseVectorBlockLoaderProcessor) at server/src/main/java/org/elasticsearch/index/mapper/blockloader/docvalues/DenseVectorBlockLoader.java:36}","-23","-30"
"d220b339b3bbe842375b185faaeb17fb18a3ddcc","CHANGE_SIGNATURE","{Method new(ByteVectorValues, int) at server/src/main/java/org/elasticsearch/index/mapper/blockloader/docvalues/DenseVectorBlockLoader.java:177}","{Method new(ByteVectorValues, int, DenseVectorBlockLoaderProcessor) at server/src/main/java/org/elasticsearch/index/mapper/blockloader/docvalues/DenseVectorBlockLoader.java:227}","-167","-217"
"d220b339b3bbe842375b185faaeb17fb18a3ddcc","CHANGE_SIGNATURE","{Method blockLoader(String, boolean, MappedFieldType.FieldExtractPreference) at x-pack/plugin/esql/src/main/java/org/elasticsearch/xpack/esql/planner/EsPhysicalOperationProviders.java:480}","{Method blockLoader(String, boolean, MappedFieldType.FieldExtractPreference, MappedFieldType.BlockLoaderFunctionConfig) at x-pack/plugin/esql/src/main/java/org/elasticsearch/xpack/esql/planner/EsPhysicalOperationProviders.java:486}","-470","-476"
"d220b339b3bbe842375b185faaeb17fb18a3ddcc","EXTRACT_MOVE","{Method appendErrorElements(StringBuilder, byte[]) at server/src/main/java/org/elasticsearch/index/mapper/vectors/DenseVectorFieldMapper.java:853}","{Method vector() at server/src/main/java/org/elasticsearch/index/mapper/vectors/DenseVectorFieldMapper.java:3207}","-843","-3197"
"d220b339b3bbe842375b185faaeb17fb18a3ddcc","EXTRACT_MOVE","{Method createKnnVectorField(String, float[], VectorSimilarityFunction) at server/src/main/java/org/elasticsearch/index/mapper/vectors/DenseVectorFieldMapper.java:891}","{Method vector() at server/src/main/java/org/elasticsearch/index/mapper/vectors/DenseVectorFieldMapper.java:3207}","-881","-3197"
"d220b339b3bbe842375b185faaeb17fb18a3ddcc","EXTRACT_MOVE","{Method testSimilarityBetweenConstantVectorAndField() at x-pack/plugin/esql/src/internalClusterTest/java/org/elasticsearch/xpack/esql/vector/VectorSimilarityFunctionsIT.java:120}","{Method similarityFunction() at server/src/main/java/org/elasticsearch/index/mapper/vectors/DenseVectorFieldMapper.java:3211}","-114","-3201"
"d220b339b3bbe842375b185faaeb17fb18a3ddcc","EXTRACT_MOVE","{Method checkNanAndInfinite(float[]) at server/src/main/java/org/elasticsearch/index/mapper/vectors/DenseVectorFieldMapper.java:585}","{Method vector() at server/src/main/java/org/elasticsearch/index/mapper/vectors/DenseVectorFieldMapper.java:3207}","-575","-3197"
"d220b339b3bbe842375b185faaeb17fb18a3ddcc","EXTRACT_MOVE","{Method toString() at x-pack/plugin/esql/src/main/java/org/elasticsearch/xpack/esql/expression/function/vector/VectorSimilarityFunction.java:237}","{Method vector() at server/src/main/java/org/elasticsearch/index/mapper/vectors/DenseVectorFieldMapper.java:3207}","-223","-3197"
"b6d9132dfd93ccbd18c1b9c2570b2c5d5279e3fc","CHANGE_SIGNATURE","{Method resolve(String, ProjectRoutingInfo, List) at server/src/main/java/org/elasticsearch/search/crossproject/CrossProjectRoutingResolver.java:70}","{Method resolve(String, TargetProjects) at server/src/main/java/org/elasticsearch/search/crossproject/CrossProjectRoutingResolver.java:69}","-64","-63"
"b6d9132dfd93ccbd18c1b9c2570b2c5d5279e3fc","CHANGE_SIGNATURE","{Method validate(IndicesOptions, ResolvedIndexExpressions, Map) at server/src/main/java/org/elasticsearch/search/crossproject/CrossProjectIndexResolutionValidator.java:73}","{Method validate(IndicesOptions, String, ResolvedIndexExpressions, Map) at server/src/main/java/org/elasticsearch/search/crossproject/CrossProjectIndexResolutionValidator.java:76}","-67","-70"
"82df0825778dc24773236299d5ecff6ae48d6786"
"558d38c3a6a28dd976afda1435584d084ccc3461"
"6c33c943219ce8dc1bda547891f1a9fa8043eec4"
"c81eee54663612cc49a173ad78127f823a7a0482","RENAME","{Method decideShardAllocation(ShardRouting, RoutingAllocation) at server/src/test/java/org/elasticsearch/action/admin/cluster/allocation/ClusterAllocationExplainActionTests.java:83}","{Method explainShardAllocation(ShardRouting, RoutingAllocation) at server/src/test/java/org/elasticsearch/action/admin/cluster/allocation/ClusterAllocationExplainActionTests.java:83}","-65","-65"
"c81eee54663612cc49a173ad78127f823a7a0482","RENAME","{Method decideShardAllocation(ShardRouting, RoutingAllocation) at server/src/test/java/org/elasticsearch/cluster/routing/allocation/AllocationStatsServiceTests.java:217}","{Method explainShardAllocation(ShardRouting, RoutingAllocation) at server/src/test/java/org/elasticsearch/cluster/routing/allocation/AllocationStatsServiceTests.java:217}","-203","-203"
"c81eee54663612cc49a173ad78127f823a7a0482","RENAME","{Method testDecideShardAllocation() at server/src/test/java/org/elasticsearch/cluster/routing/allocation/allocator/BalancedShardsAllocatorTests.java:105}","{Method testExplainShardAllocation() at server/src/test/java/org/elasticsearch/cluster/routing/allocation/allocator/BalancedShardsAllocatorTests.java:105}","-99","-99"
"c81eee54663612cc49a173ad78127f823a7a0482","RENAME","{Method decideShardAllocation(ShardRouting, RoutingAllocation) at server/src/main/java/org/elasticsearch/cluster/routing/allocation/allocator/BalancedShardsAllocator.java:245}","{Method explainShardAllocation(ShardRouting, RoutingAllocation) at server/src/main/java/org/elasticsearch/cluster/routing/allocation/allocator/BalancedShardsAllocator.java:245}","-239","-239"
"c81eee54663612cc49a173ad78127f823a7a0482","RENAME","{Method decideShardAllocation(ShardRouting, RoutingAllocation) at server/src/test/java/org/elasticsearch/cluster/ClusterModuleTests.java:113}","{Method explainShardAllocation(ShardRouting, RoutingAllocation) at server/src/test/java/org/elasticsearch/cluster/ClusterModuleTests.java:113}","-103","-103"
"c81eee54663612cc49a173ad78127f823a7a0482","RENAME","{Method decideShardAllocation(ShardRouting, RoutingAllocation) at server/src/test/java/org/elasticsearch/cluster/routing/allocation/allocator/DesiredBalanceReconcilerTests.java:1478}","{Method explainShardAllocation(ShardRouting, RoutingAllocation) at server/src/test/java/org/elasticsearch/cluster/routing/allocation/allocator/DesiredBalanceReconcilerTests.java:1478}","-1464","-1464"
"c81eee54663612cc49a173ad78127f823a7a0482","RENAME","{Method decideShardAllocation(ShardRouting, RoutingAllocation) at server/src/main/java/org/elasticsearch/cluster/routing/allocation/allocator/ShardsAllocator.java:88}","{Method explainShardAllocation(ShardRouting, RoutingAllocation) at server/src/main/java/org/elasticsearch/cluster/routing/allocation/allocator/ShardsAllocator.java:83}","-82","-77"
"c81eee54663612cc49a173ad78127f823a7a0482","RENAME","{Method decideShardAllocation(ShardRouting, RoutingAllocation) at server/src/test/java/org/elasticsearch/cluster/routing/allocation/AllocationServiceTests.java:150}","{Method explainShardAllocation(ShardRouting, RoutingAllocation) at server/src/test/java/org/elasticsearch/cluster/routing/allocation/AllocationServiceTests.java:150}","-132","-132"
"c81eee54663612cc49a173ad78127f823a7a0482","RENAME","{Method decideShardAllocation(ShardRouting, RoutingAllocation) at server/src/test/java/org/elasticsearch/cluster/routing/allocation/allocator/DesiredBalanceShardsAllocatorTests.java:1352}","{Method explainShardAllocation(ShardRouting, RoutingAllocation) at server/src/test/java/org/elasticsearch/cluster/routing/allocation/allocator/DesiredBalanceShardsAllocatorTests.java:1352}","-1338","-1338"
"c81eee54663612cc49a173ad78127f823a7a0482","RENAME","{Method testDecideShardAllocationWhenThereAreMultipleProjects() at server/src/test/java/org/elasticsearch/cluster/routing/allocation/allocator/BalancedShardsAllocatorTests.java:141}","{Method testExplainShardAllocationWhenThereAreMultipleProjects() at server/src/test/java/org/elasticsearch/cluster/routing/allocation/allocator/BalancedShardsAllocatorTests.java:141}","-135","-135"
"c81eee54663612cc49a173ad78127f823a7a0482","RENAME","{Method decideShardAllocation(ShardRouting, RoutingAllocation) at server/src/test/java/org/elasticsearch/cluster/routing/allocation/allocator/DesiredBalanceComputerTests.java:652}","{Method explainShardAllocation(ShardRouting, RoutingAllocation) at server/src/test/java/org/elasticsearch/cluster/routing/allocation/allocator/DesiredBalanceComputerTests.java:652}","-638","-638"
"c81eee54663612cc49a173ad78127f823a7a0482","RENAME","{Method decideShardAllocation(ShardRouting, RoutingAllocation) at server/src/test/java/org/elasticsearch/cluster/routing/allocation/allocator/DesiredBalanceComputerTests.java:451}","{Method explainShardAllocation(ShardRouting, RoutingAllocation) at server/src/test/java/org/elasticsearch/cluster/routing/allocation/allocator/DesiredBalanceComputerTests.java:451}","-437","-437"
"c81eee54663612cc49a173ad78127f823a7a0482","RENAME","{Method decideShardAllocation(ShardRouting, RoutingAllocation) at server/src/test/java/org/elasticsearch/cluster/routing/allocation/allocator/DesiredBalanceComputerTests.java:587}","{Method explainShardAllocation(ShardRouting, RoutingAllocation) at server/src/test/java/org/elasticsearch/cluster/routing/allocation/allocator/DesiredBalanceComputerTests.java:587}","-573","-573"
"c81eee54663612cc49a173ad78127f823a7a0482","RENAME","{Method decideShardAllocation(ShardRouting, RoutingAllocation) at server/src/test/java/org/elasticsearch/cluster/routing/allocation/allocator/DesiredBalanceShardsAllocatorTests.java:854}","{Method explainShardAllocation(ShardRouting, RoutingAllocation) at server/src/test/java/org/elasticsearch/cluster/routing/allocation/allocator/DesiredBalanceShardsAllocatorTests.java:854}","-840","-840"
"c81eee54663612cc49a173ad78127f823a7a0482","RENAME","{Method decideShardAllocation(ShardRouting, RoutingAllocation) at server/src/test/java/org/elasticsearch/cluster/routing/allocation/allocator/DesiredBalanceComputerTests.java:1955}","{Method explainShardAllocation(ShardRouting, RoutingAllocation) at server/src/test/java/org/elasticsearch/cluster/routing/allocation/allocator/DesiredBalanceComputerTests.java:1955}","-1941","-1941"
"c81eee54663612cc49a173ad78127f823a7a0482","RENAME","{Method decideShardAllocation(ShardRouting, RoutingAllocation) at server/src/test/java/org/elasticsearch/cluster/routing/allocation/allocator/DesiredBalanceShardsAllocatorTests.java:400}","{Method explainShardAllocation(ShardRouting, RoutingAllocation) at server/src/test/java/org/elasticsearch/cluster/routing/allocation/allocator/DesiredBalanceShardsAllocatorTests.java:400}","-386","-386"
"c81eee54663612cc49a173ad78127f823a7a0482","RENAME","{Method decideShardAllocation(ShardRouting, RoutingAllocation) at server/src/test/java/org/elasticsearch/cluster/routing/allocation/allocator/DesiredBalanceComputerTests.java:1408}","{Method explainShardAllocation(ShardRouting, RoutingAllocation) at server/src/test/java/org/elasticsearch/cluster/routing/allocation/allocator/DesiredBalanceComputerTests.java:1408}","-1394","-1394"
"c81eee54663612cc49a173ad78127f823a7a0482","RENAME","{Method decideShardAllocation(ShardRouting, RoutingAllocation) at server/src/main/java/org/elasticsearch/cluster/routing/allocation/allocator/DesiredBalanceShardsAllocator.java:248}","{Method explainShardAllocation(ShardRouting, RoutingAllocation) at server/src/main/java/org/elasticsearch/cluster/routing/allocation/allocator/DesiredBalanceShardsAllocator.java:248}","-242","-242"
"aa643b10021c9f9479fc9ee61986ad8c85f204db","RENAME","{Method remain(Decision) at server/src/main/java/org/elasticsearch/cluster/routing/allocation/MoveDecision.java:95}","{Method createRemainYesDecision(Decision) at server/src/main/java/org/elasticsearch/cluster/routing/allocation/MoveDecision.java:95}","-89","-89"
"480d198535717bacbb3aa4e6271a599fefa13c3f","EXTRACT","{Method createDataStream(String, String) at x-pack/plugin/logsdb/src/internalClusterTest/java/org/elasticsearch/xpack/logsdb/LogsdbSortConfigIT.java:183}","{Method createDataStream(String, String, UnaryOperator) at x-pack/plugin/logsdb/src/internalClusterTest/java/org/elasticsearch/xpack/logsdb/LogsdbSortConfigIT.java:271}","-177","-265"
"03bc16cd1885df2591cab2f40db1d6ad269e70b8","EXTRACT_MOVE","{Method createMappingForIndex(CsvTestsDataLoader.TestDataset) at x-pack/plugin/esql/src/test/java/org/elasticsearch/xpack/esql/CsvTests.java:451}","{Method field() at x-pack/plugin/esql/src/main/java/org/elasticsearch/xpack/esql/expression/function/scalar/string/Chunk.java:171}","-445","-165"
"03bc16cd1885df2591cab2f40db1d6ad269e70b8","EXTRACT_MOVE","{Method mergeMappings(List) at x-pack/plugin/esql/src/test/java/org/elasticsearch/xpack/esql/CsvTests.java:486}","{Method field() at x-pack/plugin/esql/src/main/java/org/elasticsearch/xpack/esql/expression/function/scalar/string/Chunk.java:171}","-480","-165"
"03bc16cd1885df2591cab2f40db1d6ad269e70b8","EXTRACT_MOVE","{Method build(Source, Expression, List, Expression) at x-pack/plugin/esql/src/main/java/org/elasticsearch/xpack/esql/expression/function/EsqlFunctionRegistry.java:1167}","{Method options() at x-pack/plugin/esql/src/main/java/org/elasticsearch/xpack/esql/expression/function/scalar/string/Chunk.java:175}","-1157","-169"
"03bc16cd1885df2591cab2f40db1d6ad269e70b8","EXTRACT_MOVE","{Method def(Class, BinaryVariadicWithOptionsBuilder, String...) at x-pack/plugin/esql/src/main/java/org/elasticsearch/xpack/esql/expression/function/EsqlFunctionRegistry.java:1170}","{Method options() at x-pack/plugin/esql/src/main/java/org/elasticsearch/xpack/esql/expression/function/scalar/string/Chunk.java:175}","-1164","-169"
"15a147205f1d0349853889cdf8eb258f65c62c51"
"663f24bfde6d05e0b89d4d7e82bf93597aebf907"
"88a468901ac7426a05671f2349f65694d5bdb2e8","CHANGE_SIGNATURE","{Method getRewriteContext(LongSupplier, TransportVersion, String, ResolvedIndices, PointInTimeBuilder, Boolean, boolean) at server/src/main/java/org/elasticsearch/indices/IndicesService.java:1848}","{Method getRewriteContext(LongSupplier, TransportVersion, String, ResolvedIndices, PointInTimeBuilder, Boolean, boolean, boolean) at server/src/main/java/org/elasticsearch/indices/IndicesService.java:1848}","-1842","-1842"
"88a468901ac7426a05671f2349f65694d5bdb2e8","CHANGE_SIGNATURE","{Method new(XContentParserConfiguration, Client, LongSupplier, MapperService, MappingLookup, Map, IndexSettings, TransportVersion, String, Index, Predicate, NamedWriteableRegistry, ValuesSourceRegistry, BooleanSupplier, ScriptCompiler, ResolvedIndices, PointInTimeBuilder, QueryRewriteInterceptor, Boolean, boolean) at server/src/main/java/org/elasticsearch/index/query/QueryRewriteContext.java:86}","{Method new(XContentParserConfiguration, Client, LongSupplier, MapperService, MappingLookup, Map, IndexSettings, TransportVersion, String, Index, Predicate, NamedWriteableRegistry, ValuesSourceRegistry, BooleanSupplier, ScriptCompiler, ResolvedIndices, PointInTimeBuilder, QueryRewriteInterceptor, Boolean, boolean, boolean) at server/src/main/java/org/elasticsearch/index/query/QueryRewriteContext.java:87}","-80","-81"
"88a468901ac7426a05671f2349f65694d5bdb2e8","CHANGE_SIGNATURE","{Method new(int, float, int, String, String) at x-pack/plugin/inference/src/main/java/org/elasticsearch/xpack/inference/rank/textsimilarity/TextSimilarityRankDoc.java:31}","{Method new(int, float, int, String, String, ChunkScorerConfig) at x-pack/plugin/inference/src/main/java/org/elasticsearch/xpack/inference/rank/textsimilarity/TextSimilarityRankDoc.java:39}","-25","-33"
"88a468901ac7426a05671f2349f65694d5bdb2e8","CHANGE_SIGNATURE","{Method getRewriteContext(LongSupplier, TransportVersion, String, ResolvedIndices, PointInTimeBuilder, Boolean, boolean) at server/src/main/java/org/elasticsearch/search/SearchService.java:2167}","{Method getRewriteContext(LongSupplier, TransportVersion, String, ResolvedIndices, PointInTimeBuilder, Boolean, boolean, boolean) at server/src/main/java/org/elasticsearch/search/SearchService.java:2167}","-2161","-2161"
"88a468901ac7426a05671f2349f65694d5bdb2e8","CHANGE_SIGNATURE","{Method new(XContentParserConfiguration, Client, LongSupplier, TransportVersion, String, ResolvedIndices, PointInTimeBuilder, QueryRewriteInterceptor, Boolean, boolean) at server/src/main/java/org/elasticsearch/index/query/QueryRewriteContext.java:182}","{Method new(XContentParserConfiguration, Client, LongSupplier, TransportVersion, String, ResolvedIndices, PointInTimeBuilder, QueryRewriteInterceptor, Boolean, boolean, boolean) at server/src/main/java/org/elasticsearch/index/query/QueryRewriteContext.java:187}","-176","-181"
"2a9e654a67d5c23d0f44684dad79074a9403286f"
"82e9f3ee4770589772881a821e5036f23d2dbe76"
"78b4f85af2ca900e9a7da55d29c6ba567e929732"
"fafb16242669a416bbf7a53ad73058c2fa9b0574"
"34324727ebcc0ba5fd7887090768c04226be56fb"
"c1be09f8a50de8d24f45b399470cd5ca72787c61","CHANGE_SIGNATURE","{Method newIndexService(IndexCreationContext, NodeEnvironment, XContentParserConfiguration, IndexService.ShardStoreDeleter, CircuitBreakerService, BigArrays, ThreadPool, ThreadPoolMergeExecutorService, ScriptService, ClusterService, Client, IndicesQueryCache, MapperRegistry, IndicesFieldDataCache, NamedWriteableRegistry, IdFieldMapper, ValuesSourceRegistry, IndexStorePlugin.IndexFoldersDeletionListener, Map, QueryRewriteInterceptor) at server/src/main/java/org/elasticsearch/index/IndexModule.java:479}","{Method newIndexService(IndexCreationContext, NodeEnvironment, XContentParserConfiguration, IndexService.ShardStoreDeleter, CircuitBreakerService, BigArrays, ThreadPool, ThreadPoolMergeExecutorService, ScriptService, ClusterService, Client, IndicesQueryCache, MapperRegistry, IndicesFieldDataCache, NamedWriteableRegistry, IdFieldMapper, ValuesSourceRegistry, IndexStorePlugin.IndexFoldersDeletionListener, Map) at server/src/main/java/org/elasticsearch/index/IndexModule.java:478}","-473","-472"
"c1be09f8a50de8d24f45b399470cd5ca72787c61","CHANGE_SIGNATURE","{Method new(IndexSettings, IndexCreationContext, NodeEnvironment, XContentParserConfiguration, SimilarityService, ShardStoreDeleter, IndexAnalyzers, EngineFactory, CircuitBreakerService, BigArrays, ThreadPool, ThreadPoolMergeExecutorService, ScriptService, ClusterService, Client, QueryCache, IndexStorePlugin.DirectoryFactory, IndexEventListener, Function, MapperRegistry, IndicesFieldDataCache, List, List, NamedWriteableRegistry, IdFieldMapper, BooleanSupplier, IndexNameExpressionResolver, ValuesSourceRegistry, IndexStorePlugin.RecoveryStateFactory, IndexStorePlugin.IndexFoldersDeletionListener, IndexStorePlugin.SnapshotCommitSupplier, Engine.IndexCommitListener, MapperMetrics, QueryRewriteInterceptor, IndexingStatsSettings, SearchStatsSettings, MergeMetrics) at server/src/main/java/org/elasticsearch/index/IndexService.java:178}","{Method new(IndexSettings, IndexCreationContext, NodeEnvironment, XContentParserConfiguration, SimilarityService, ShardStoreDeleter, IndexAnalyzers, EngineFactory, CircuitBreakerService, BigArrays, ThreadPool, ThreadPoolMergeExecutorService, ScriptService, ClusterService, Client, QueryCache, IndexStorePlugin.DirectoryFactory, IndexEventListener, Function, MapperRegistry, IndicesFieldDataCache, List, List, NamedWriteableRegistry, IdFieldMapper, BooleanSupplier, IndexNameExpressionResolver, ValuesSourceRegistry, IndexStorePlugin.RecoveryStateFactory, IndexStorePlugin.IndexFoldersDeletionListener, IndexStorePlugin.SnapshotCommitSupplier, Engine.IndexCommitListener, MapperMetrics, IndexingStatsSettings, SearchStatsSettings, MergeMetrics) at server/src/main/java/org/elasticsearch/index/IndexService.java:176}","-172","-170"
"b79ed627e3237cd1d35fc6bb1db00df4b3808b6b"
"169e48f37a9b72b19b9ccb8d83196c984962be8a"
"838ec7164202045b62a24fbdbb4ac2528e753c73","CHANGE_SIGNATURE","{Method new(String, IndexVersion, IndexSettings, boolean, boolean) at x-pack/plugin/logsdb/src/main/java/org/elasticsearch/xpack/logsdb/patterntext/PatternTextFieldMapper.java:109}","{Method new(String, IndexVersion, IndexSettings, boolean) at x-pack/plugin/logsdb/src/main/java/org/elasticsearch/xpack/logsdb/patterntext/PatternTextFieldMapper.java:102}","-99","-92"
"838ec7164202045b62a24fbdbb4ac2528e753c73","RENAME","{Class BuilderWithSyntheticSourceContext at server/src/main/java/org/elasticsearch/index/mapper/FieldMapper.java:1666}","{Class TextFamilyBuilder at server/src/main/java/org/elasticsearch/index/mapper/FieldMapper.java:1666}","-1660","-1660"
"838ec7164202045b62a24fbdbb4ac2528e753c73","CHANGE_SIGNATURE","{Method new(String, IndexVersion, IndexAnalyzers, boolean, boolean, boolean) at modules/mapper-extras/src/main/java/org/elasticsearch/index/mapper/extras/MatchOnlyTextFieldMapper.java:110}","{Method new(String, IndexVersion, IndexAnalyzers, boolean, boolean) at modules/mapper-extras/src/main/java/org/elasticsearch/index/mapper/extras/MatchOnlyTextFieldMapper.java:110}","-100","-100"
"cd3839c4ef3f12beacdf1a4ff162aca17b81f9f9"
"d07a00339d94fb9cf99e41d18f0825eb29036802"
"22fe5be3953c8abb33fc10c3fd7df964ee060e50","MOVE","{Method storeCorruptedModel(Model, boolean) at x-pack/plugin/inference/src/test/java/org/elasticsearch/xpack/inference/registry/ModelRegistryTests.java:316}","{Method storeCorruptedModel(Model, boolean) at x-pack/plugin/inference/src/internalClusterTest/java/org/elasticsearch/xpack/inference/integration/ModelRegistryIT.java:988}","-310","-982"
"22fe5be3953c8abb33fc10c3fd7df964ee060e50","MOVE","{Method testGetModelNoSecrets() at x-pack/plugin/inference/src/test/java/org/elasticsearch/xpack/inference/registry/ModelRegistryTests.java:107}","{Method testGetModelNoSecrets() at x-pack/plugin/inference/src/internalClusterTest/java/org/elasticsearch/xpack/inference/integration/ModelRegistryIT.java:874}","-101","-868"
"22fe5be3953c8abb33fc10c3fd7df964ee060e50","EXTRACT","{Method withAddedModel(String, MinimalServiceSettings) at x-pack/plugin/inference/src/main/java/org/elasticsearch/xpack/inference/registry/ModelRegistryMetadata.java:95}","{Method withAddedModels(List) at x-pack/plugin/inference/src/main/java/org/elasticsearch/xpack/inference/registry/ModelRegistryMetadata.java:99}","-89","-93"
"22fe5be3953c8abb33fc10c3fd7df964ee060e50","MOVE","{Method testStoreModel_DoesNotDeleteIndexDocs_WhenModelAlreadyExists() at x-pack/plugin/inference/src/test/java/org/elasticsearch/xpack/inference/registry/ModelRegistryTests.java:256}","{Method testStoreModel_DoesNotDeleteIndexDocs_WhenModelAlreadyExists() at x-pack/plugin/inference/src/internalClusterTest/java/org/elasticsearch/xpack/inference/integration/ModelRegistryIT.java:925}","-250","-919"
"22fe5be3953c8abb33fc10c3fd7df964ee060e50","MOVE","{Method assertIndicesContainExpectedDocsCount(TestModel, int) at x-pack/plugin/inference/src/test/java/org/elasticsearch/xpack/inference/registry/ModelRegistryTests.java:302}","{Method assertIndicesContainExpectedDocsCount(TestModel, int) at x-pack/plugin/inference/src/internalClusterTest/java/org/elasticsearch/xpack/inference/integration/ModelRegistryIT.java:974}","-296","-968"
"22fe5be3953c8abb33fc10c3fd7df964ee060e50","EXTRACT","{Method assertStoreModel(ModelRegistry, Model) at x-pack/plugin/inference/src/test/java/org/elasticsearch/xpack/inference/registry/ModelRegistryTests.java:338}","{Method assertMinimalServiceSettings(ModelRegistry, Model) at x-pack/plugin/inference/src/test/java/org/elasticsearch/xpack/inference/registry/ModelRegistryTests.java:171}","-332","-165"
"22fe5be3953c8abb33fc10c3fd7df964ee060e50","MOVE","{Method testGetUnparsedModelMap_ThrowsResourceNotFound_WhenNoHitsReturned() at x-pack/plugin/inference/src/test/java/org/elasticsearch/xpack/inference/registry/ModelRegistryTests.java:71}","{Method testGetUnparsedModelMap_ThrowsResourceNotFound_WhenNoHitsReturned() at x-pack/plugin/inference/src/internalClusterTest/java/org/elasticsearch/xpack/inference/integration/ModelRegistryIT.java:594}","-65","-588"
"22fe5be3953c8abb33fc10c3fd7df964ee060e50","MOVE","{Method testStoreModel_DeletesIndexDocs_WhenInferenceIndexDocumentAlreadyExists() at x-pack/plugin/inference/src/test/java/org/elasticsearch/xpack/inference/registry/ModelRegistryTests.java:248}","{Method testStoreModel_DeletesIndexDocs_WhenInferenceIndexDocumentAlreadyExists() at x-pack/plugin/inference/src/internalClusterTest/java/org/elasticsearch/xpack/inference/integration/ModelRegistryIT.java:917}","-242","-911"
"22fe5be3953c8abb33fc10c3fd7df964ee060e50","CHANGE_SIGNATURE","{Method new(ProjectId, String, MinimalServiceSettings, ActionListener) at x-pack/plugin/inference/src/main/java/org/elasticsearch/xpack/inference/registry/ModelRegistry.java:1131}","{Method new(ProjectId, List, ActionListener) at x-pack/plugin/inference/src/main/java/org/elasticsearch/xpack/inference/registry/ModelRegistry.java:1245}","-1121","-1235"
"22fe5be3953c8abb33fc10c3fd7df964ee060e50","MOVE","{Method testStoreModel_DeletesIndexDocs_WhenInferenceSecretsIndexDocumentAlreadyExists() at x-pack/plugin/inference/src/test/java/org/elasticsearch/xpack/inference/registry/ModelRegistryTests.java:252}","{Method testStoreModel_DeletesIndexDocs_WhenInferenceSecretsIndexDocumentAlreadyExists() at x-pack/plugin/inference/src/internalClusterTest/java/org/elasticsearch/xpack/inference/integration/ModelRegistryIT.java:921}","-246","-915"
"22fe5be3953c8abb33fc10c3fd7df964ee060e50","MOVE","{Method testStoreModel_ReturnsTrue_WhenNoFailuresOccur() at x-pack/plugin/inference/src/test/java/org/elasticsearch/xpack/inference/registry/ModelRegistryTests.java:131}","{Method testStoreModel_ReturnsTrue_WhenNoFailuresOccur() at x-pack/plugin/inference/src/internalClusterTest/java/org/elasticsearch/xpack/inference/integration/ModelRegistryIT.java:900}","-125","-894"
"22fe5be3953c8abb33fc10c3fd7df964ee060e50","MOVE","{Method storeCorruptedModelThenStoreModel(boolean) at x-pack/plugin/inference/src/test/java/org/elasticsearch/xpack/inference/registry/ModelRegistryTests.java:280}","{Method storeCorruptedModelThenStoreModel(boolean) at x-pack/plugin/inference/src/internalClusterTest/java/org/elasticsearch/xpack/inference/integration/ModelRegistryIT.java:950}","-274","-944"
"22fe5be3953c8abb33fc10c3fd7df964ee060e50","MOVE_RENAME","{Method testStoreModel_ThrowsResourceAlreadyExistsException_WhenFailureIsAVersionConflict() at x-pack/plugin/inference/src/test/java/org/elasticsearch/xpack/inference/registry/ModelRegistryTests.java:136}","{Method testStoreModel_ThrowsException_WhenFailureIsAVersionConflict() at x-pack/plugin/inference/src/internalClusterTest/java/org/elasticsearch/xpack/inference/integration/ModelRegistryIT.java:905}","-130","-899"
"24a0c72416e29f4ff1380aa8ff7007727f9d8b6b","CHANGE_SIGNATURE","{Method getEntryPointColumns(String, FindUsagesClassVisitor.EntryPoint) at libs/entitlement/tools/public-callers-finder/src/main/java/org/elasticsearch/entitlement/tools/publiccallersfinder/Main.java:157}","{Method getEntryPointColumns(String, EntryPoint) at libs/entitlement/tools/public-callers-finder/src/main/java/org/elasticsearch/entitlement/tools/publiccallersfinder/Main.java:163}","-151","-157"
"24a0c72416e29f4ff1380aa8ff7007727f9d8b6b","CHANGE_SIGNATURE","{Method findTransitiveUsages(Collection, List, Set, boolean, UsageConsumer) at libs/entitlement/tools/public-callers-finder/src/main/java/org/elasticsearch/entitlement/tools/publiccallersfinder/Main.java:47}","{Method findTransitiveUsages(Collection, List, boolean, UsageConsumer) at libs/entitlement/tools/public-callers-finder/src/main/java/org/elasticsearch/entitlement/tools/publiccallersfinder/Main.java:80}","-41","-74"
"24a0c72416e29f4ff1380aa8ff7007727f9d8b6b","RENAME","{Method getModuleClass(String) at libs/entitlement/tools/jdk-api-extractor/src/main/java/org/elasticsearch/entitlement/tools/jdkapi/JdkApiExtractor.java:274}","{Method getModuleClassFromName(String) at libs/entitlement/tools/common/src/main/java/org/elasticsearch/entitlement/tools/AccessibleJdkMethods.java:153}","-264","-143"
"24a0c72416e29f4ff1380aa8ff7007727f9d8b6b","RENAME","{Method toLine(ModuleClass) at libs/entitlement/tools/jdk-api-extractor/src/main/java/org/elasticsearch/entitlement/tools/jdkapi/JdkApiExtractor.java:187}","{Method writeLine(ModuleClass, AccessibleMethod) at libs/entitlement/tools/jdk-api-extractor/src/main/java/org/elasticsearch/entitlement/tools/jdkapi/JdkApiExtractor.java:76}","-177","-70"
"24a0c72416e29f4ff1380aa8ff7007727f9d8b6b","CHANGE_SIGNATURE","{Method writeFile(Path, Map, Predicate) at libs/entitlement/tools/jdk-api-extractor/src/main/java/org/elasticsearch/entitlement/tools/jdkapi/JdkApiExtractor.java:160}","{Method writeFile(Path, Stream, boolean) at libs/entitlement/tools/jdk-api-extractor/src/main/java/org/elasticsearch/entitlement/tools/jdkapi/JdkApiExtractor.java:91}","-154","-85"
"24a0c72416e29f4ff1380aa8ff7007727f9d8b6b","EXTRACT","{Method identifyTopLevelEntryPoints(FindUsagesClassVisitor.MethodDescriptor, String, EnumSet, boolean) at libs/entitlement/tools/public-callers-finder/src/main/java/org/elasticsearch/entitlement/tools/publiccallersfinder/Main.java:90}","{Method visitClasses(FindUsagesClassVisitor, List) at libs/entitlement/tools/public-callers-finder/src/main/java/org/elasticsearch/entitlement/tools/publiccallersfinder/Main.java:69}","-84","-63"
"24a0c72416e29f4ff1380aa8ff7007727f9d8b6b","EXTRACT","{Method findTransitiveUsages(Collection, List, Set, boolean, UsageConsumer) at libs/entitlement/tools/public-callers-finder/src/main/java/org/elasticsearch/entitlement/tools/publiccallersfinder/Main.java:47}","{Method visitClasses(FindUsagesClassVisitor, List) at libs/entitlement/tools/public-callers-finder/src/main/java/org/elasticsearch/entitlement/tools/publiccallersfinder/Main.java:69}","-41","-63"
"24a0c72416e29f4ff1380aa8ff7007727f9d8b6b","MOVE","{Method internalClassName(Path, String) at libs/entitlement/tools/jdk-api-extractor/src/main/java/org/elasticsearch/entitlement/tools/jdkapi/JdkApiExtractor.java:123}","{Method internalClassName(Path, String) at libs/entitlement/tools/common/src/main/java/org/elasticsearch/entitlement/tools/Utils.java:116}","-117","-110"
"24a0c72416e29f4ff1380aa8ff7007727f9d8b6b","RENAME","{Method findModuleExports() at libs/entitlement/tools/common/src/main/java/org/elasticsearch/entitlement/tools/Utils.java:51}","{Method loadExportsByModule() at libs/entitlement/tools/common/src/main/java/org/elasticsearch/entitlement/tools/Utils.java:56}","-45","-50"
"24a0c72416e29f4ff1380aa8ff7007727f9d8b6b","EXTRACT","{Method identifyTopLevelEntryPoints(FindUsagesClassVisitor.MethodDescriptor, String, EnumSet, boolean) at libs/entitlement/tools/public-callers-finder/src/main/java/org/elasticsearch/entitlement/tools/publiccallersfinder/Main.java:90}","{Method isPublic() at libs/entitlement/tools/public-callers-finder/src/main/java/org/elasticsearch/entitlement/tools/publiccallersfinder/Main.java:52}","-84","-42"
"24a0c72416e29f4ff1380aa8ff7007727f9d8b6b","MOVE_RENAME","{Class AccessibleClassVisitor at libs/entitlement/tools/jdk-api-extractor/src/main/java/org/elasticsearch/entitlement/tools/jdkapi/JdkApiExtractor.java:207}","{Class AccessibleMethodsVisitor at libs/entitlement/tools/common/src/main/java/org/elasticsearch/entitlement/tools/AccessibleJdkMethods.java:74}","-201","-68"
"24a0c72416e29f4ff1380aa8ff7007727f9d8b6b","CHANGE_SIGNATURE","{Method new(Set, MethodDescriptor, CallerConsumer) at libs/entitlement/tools/public-callers-finder/src/main/java/org/elasticsearch/entitlement/tools/publiccallersfinder/FindUsagesClassVisitor.java:57}","{Method new(MethodDescriptor, Predicate, CallerConsumer) at libs/entitlement/tools/public-callers-finder/src/main/java/org/elasticsearch/entitlement/tools/publiccallersfinder/FindUsagesClassVisitor.java:52}","-51","-46"
"24a0c72416e29f4ff1380aa8ff7007727f9d8b6b","CHANGE_SIGNATURE","{Method fromPermissions(boolean, boolean, boolean, boolean) at libs/entitlement/tools/common/src/main/java/org/elasticsearch/entitlement/tools/ExternalAccess.java:27}","{Method fromPermissions(boolean, boolean, boolean) at libs/entitlement/tools/common/src/main/java/org/elasticsearch/entitlement/tools/ExternalAccess.java:27}","-21","-21"
"24a0c72416e29f4ff1380aa8ff7007727f9d8b6b","EXTRACT_MOVE","{Method main(String[]) at libs/entitlement/tools/jdk-api-extractor/src/main/java/org/elasticsearch/entitlement/tools/jdkapi/JdkApiExtractor.java:63}","{Method modulePredicate(boolean) at libs/entitlement/tools/common/src/main/java/org/elasticsearch/entitlement/tools/Utils.java:52}","-57","-46"
"24a0c72416e29f4ff1380aa8ff7007727f9d8b6b","EXTRACT_MOVE","{Method main(String[]) at libs/entitlement/tools/jdk-api-extractor/src/main/java/org/elasticsearch/entitlement/tools/jdkapi/JdkApiExtractor.java:63}","{Method loadAccessibleMethods(Predicate) at libs/entitlement/tools/common/src/main/java/org/elasticsearch/entitlement/tools/AccessibleJdkMethods.java:58}","-57","-52"
"24a0c72416e29f4ff1380aa8ff7007727f9d8b6b","EXTRACT","{Method findTransitiveUsages(Collection, List, Set, boolean, UsageConsumer) at libs/entitlement/tools/public-callers-finder/src/main/java/org/elasticsearch/entitlement/tools/publiccallersfinder/Main.java:47}","{Method isPublic() at libs/entitlement/tools/public-callers-finder/src/main/java/org/elasticsearch/entitlement/tools/publiccallersfinder/Main.java:52}","-41","-42"
"24a0c72416e29f4ff1380aa8ff7007727f9d8b6b","CHANGE_SIGNATURE","{Method identifyTopLevelEntryPoints(FindUsagesClassVisitor.MethodDescriptor, String, EnumSet, boolean) at libs/entitlement/tools/public-callers-finder/src/main/java/org/elasticsearch/entitlement/tools/publiccallersfinder/Main.java:90}","{Method identifyTopLevelEntryPoints(Predicate, MethodDescriptor, String, EnumSet, boolean) at libs/entitlement/tools/public-callers-finder/src/main/java/org/elasticsearch/entitlement/tools/publiccallersfinder/Main.java:114}","-84","-108"
"24a0c72416e29f4ff1380aa8ff7007727f9d8b6b","CHANGE_SIGNATURE","{Method accept(FindUsagesClassVisitor.MethodDescriptor, String, EnumSet) at libs/entitlement/tools/public-callers-finder/src/main/java/org/elasticsearch/entitlement/tools/publiccallersfinder/Main.java:189}","{Method accept(MethodDescriptor, String, EnumSet) at libs/entitlement/tools/public-callers-finder/src/main/java/org/elasticsearch/entitlement/tools/publiccallersfinder/Main.java:195}","-179","-185"
"19e9f56068d39e8e10bea52964dd5b2f2c0e33fc"
"ef9dd6aea72a78d510eded60fd740f3380823a8d"
"deba9f1d56b151bc4a4cc808bb2fb1ce6e81e829"
"b46f2454d02b8100b86db72d3e0cb1b0c269eac7"
"4d9fc84345de9ede782e83370b7a745526bc96f9"
"52feb00a3bf86b87e761be636948dddcd1c864da"
"a61e479b3e041c98b53a9f8d7c8c7af02283d6f3"
"a328b58259ac365da0f84c5d389d729e05f7e5f2","EXTRACT","{Method configuration(QueryPragmas, String) at x-pack/plugin/esql/qa/testFixtures/src/main/java/org/elasticsearch/xpack/esql/EsqlTestUtils.java:566}","{Method configuration(QueryPragmas, String, EsqlStatement) at x-pack/plugin/esql/qa/testFixtures/src/main/java/org/elasticsearch/xpack/esql/EsqlTestUtils.java:567}","-560","-561"
"a328b58259ac365da0f84c5d389d729e05f7e5f2","CHANGE_SIGNATURE","{Method analyzedPlan(LogicalPlan, Map, TransportVersion) at x-pack/plugin/esql/src/test/java/org/elasticsearch/xpack/esql/CsvTests.java:552}","{Method analyzedPlan(LogicalPlan, Configuration, Map, TransportVersion) at x-pack/plugin/esql/src/test/java/org/elasticsearch/xpack/esql/CsvTests.java:557}","-546","-551"
"a328b58259ac365da0f84c5d389d729e05f7e5f2","CHANGE_SIGNATURE","{Method new(List, Matcher, DataType, Matcher, String[], String[], String, Class, String, Object, boolean) at x-pack/plugin/esql/src/test/java/org/elasticsearch/xpack/esql/expression/function/TestCaseSupplier.java:1672}","{Method new(Source, Configuration, List, Matcher, DataType, Matcher, String[], String[], String, Class, String, Object, boolean) at x-pack/plugin/esql/src/test/java/org/elasticsearch/xpack/esql/expression/function/TestCaseSupplier.java:1686}","-1662","-1676"
"a328b58259ac365da0f84c5d389d729e05f7e5f2","RENAME","{Method getQueryStartTimeNanos() at x-pack/plugin/esql/src/main/java/org/elasticsearch/xpack/esql/session/Configuration.java:205}","{Method queryStartTimeNanos() at x-pack/plugin/esql/src/main/java/org/elasticsearch/xpack/esql/session/Configuration.java:205}","-199","-199"
"c5b036017de28c82f8e5bf86413e5881be033dab"
"6b2c55af252f958f913fa29ecc8879c2ee373aa6","RENAME","{Method startThreadPool() at x-pack/plugin/inference/src/test/java/org/elasticsearch/xpack/inference/mapper/SemanticTextFieldMapperTests.java:141}","{Method initializeTestEnvironment() at x-pack/plugin/inference/src/test/java/org/elasticsearch/xpack/inference/mapper/SemanticTextFieldMapperTests.java:147}","-135","-141"
"330c666f075796d0b2df4d82a4fe707a1baa0e8d"
"3850256eb58404de22b8f5b83d1bfcb934d1651f","RENAME","{Method testReindexFromRemoteDoesNotSupportSlices() at server/src/test/java/org/elasticsearch/index/reindex/ReindexRequestTests.java:165}","{Method testReindexFromRemoteDoesNotSupportSlicesParameterGreaterThan1() at server/src/test/java/org/elasticsearch/index/reindex/ReindexRequestTests.java:165}","-159","-159"
"48c1583c24135adcc7476bbc1a1d9300dacb835b"
"7edc0479a3a1c5dd502276bf314fc485a2027008","EXTRACT_MOVE","{Method testSearchAgainstIndex() at x-pack/plugin/security/src/test/java/org/elasticsearch/xpack/security/authz/AuthorizationServiceTests.java:1215}","{Method indices() at server/src/main/java/org/elasticsearch/action/ResolvedIndexExpression.java:106}","-1209","-96"
"7edc0479a3a1c5dd502276bf314fc485a2027008","EXTRACT_MOVE","{Method testGrantAllRestrictedUserCannotExecuteOperationAgainstSecurityIndices() at x-pack/plugin/security/src/test/java/org/elasticsearch/xpack/security/authz/AuthorizationServiceTests.java:2224}","{Method indices() at server/src/main/java/org/elasticsearch/action/ResolvedIndexExpression.java:106}","-2218","-96"
"7edc0479a3a1c5dd502276bf314fc485a2027008","EXTRACT_MOVE","{Method testScrollRelatedRequestsAllowed() at x-pack/plugin/security/src/test/java/org/elasticsearch/xpack/security/authz/AuthorizationServiceTests.java:1495}","{Method indices() at server/src/main/java/org/elasticsearch/action/ResolvedIndexExpression.java:106}","-1489","-96"
"7edc0479a3a1c5dd502276bf314fc485a2027008","EXTRACT_MOVE","{Method validate(IndicesOptions, ResolvedIndexExpressions, Map) at server/src/main/java/org/elasticsearch/search/crossproject/CrossProjectIndexResolutionValidator.java:73}","{Method exception() at server/src/main/java/org/elasticsearch/action/ResolvedIndexExpression.java:114}","-67","-104"
"7edc0479a3a1c5dd502276bf314fc485a2027008","EXTRACT_MOVE","{Method testThatNonIndicesAndNonClusterActionIsDenied() at x-pack/plugin/security/src/test/java/org/elasticsearch/xpack/security/authz/AuthorizationServiceTests.java:1077}","{Method indices() at server/src/main/java/org/elasticsearch/action/ResolvedIndexExpression.java:106}","-1071","-96"
"7edc0479a3a1c5dd502276bf314fc485a2027008","EXTRACT_MOVE","{Method checkSingleRemoteExpression(Map, String, String, String, IndicesOptions) at server/src/main/java/org/elasticsearch/search/crossproject/CrossProjectIndexResolutionValidator.java:177}","{Method localIndexResolutionResult() at server/src/main/java/org/elasticsearch/action/ResolvedIndexExpression.java:110}","-171","-100"
"7edc0479a3a1c5dd502276bf314fc485a2027008","EXTRACT_MOVE","{Method testAuthorizeIndicesFailures() at x-pack/plugin/security/src/test/java/org/elasticsearch/xpack/security/authz/AuthorizationServiceTests.java:1579}","{Method indices() at server/src/main/java/org/elasticsearch/action/ResolvedIndexExpression.java:106}","-1573","-96"
"7edc0479a3a1c5dd502276bf314fc485a2027008","EXTRACT_MOVE","{Method testRunAsRequestWithRunAsUserWithoutPermission() at x-pack/plugin/security/src/test/java/org/elasticsearch/xpack/security/authz/AuthorizationServiceTests.java:2125}","{Method indices() at server/src/main/java/org/elasticsearch/action/ResolvedIndexExpression.java:106}","-2119","-96"
"7edc0479a3a1c5dd502276bf314fc485a2027008","EXTRACT_MOVE","{Method testDenialForAnonymousUser() at x-pack/plugin/security/src/test/java/org/elasticsearch/xpack/security/authz/AuthorizationServiceTests.java:1914}","{Method indices() at server/src/main/java/org/elasticsearch/action/ResolvedIndexExpression.java:106}","-1908","-96"
"7edc0479a3a1c5dd502276bf314fc485a2027008","EXTRACT_MOVE","{Method testAuthorizationOfSingleActionMultipleIndicesBulkItems() at x-pack/plugin/security/src/test/java/org/elasticsearch/xpack/security/authz/AuthorizationServiceTests.java:2752}","{Method indices() at server/src/main/java/org/elasticsearch/action/ResolvedIndexExpression.java:106}","-2746","-96"
"7edc0479a3a1c5dd502276bf314fc485a2027008","EXTRACT_MOVE","{Method testActionDeniedForCrossClusterAccessAuthentication() at x-pack/plugin/security/src/test/java/org/elasticsearch/xpack/security/authz/AuthorizationServiceTests.java:3798}","{Method indices() at server/src/main/java/org/elasticsearch/action/ResolvedIndexExpression.java:106}","-3792","-96"
"7edc0479a3a1c5dd502276bf314fc485a2027008","EXTRACT_MOVE","{Method testSearchAgainstEmptyCluster() at x-pack/plugin/security/src/test/java/org/elasticsearch/xpack/security/authz/AuthorizationServiceTests.java:1150}","{Method indices() at server/src/main/java/org/elasticsearch/action/ResolvedIndexExpression.java:106}","-1144","-96"
"7edc0479a3a1c5dd502276bf314fc485a2027008","EXTRACT_MOVE","{Method authorizeBulkItems(RequestInfo, AuthorizationContext, AuthorizationEngine, AsyncSupplier, ProjectMetadata, String, ActionListener) at x-pack/plugin/security/src/main/java/org/elasticsearch/xpack/security/authz/AuthorizationService.java:854}","{Method indices() at server/src/main/java/org/elasticsearch/action/ResolvedIndexExpression.java:106}","-848","-96"
"7edc0479a3a1c5dd502276bf314fc485a2027008","EXTRACT_MOVE","{Method testUserWithNoRolesCanPerformRemoteSearch() at x-pack/plugin/security/src/test/java/org/elasticsearch/xpack/security/authz/AuthorizationServiceTests.java:791}","{Method indices() at server/src/main/java/org/elasticsearch/action/ResolvedIndexExpression.java:106}","-785","-96"
"7edc0479a3a1c5dd502276bf314fc485a2027008","EXTRACT_MOVE","{Method testDenialErrorMessagesForInvalidateApiKeyAction() at x-pack/plugin/security/src/test/java/org/elasticsearch/xpack/security/authz/AuthorizationServiceTests.java:1854}","{Method indices() at server/src/main/java/org/elasticsearch/action/ResolvedIndexExpression.java:106}","-1848","-96"
"7edc0479a3a1c5dd502276bf314fc485a2027008","EXTRACT_MOVE","{Method testRunAsRequestRunningAsUnAllowedUser() at x-pack/plugin/security/src/test/java/org/elasticsearch/xpack/security/authz/AuthorizationServiceTests.java:2096}","{Method indices() at server/src/main/java/org/elasticsearch/action/ResolvedIndexExpression.java:106}","-2090","-96"
"7edc0479a3a1c5dd502276bf314fc485a2027008","EXTRACT_MOVE","{Method testResolveIndexActionWithProjectAuthorizationFailure() at x-pack/plugin/security/src/test/java/org/elasticsearch/xpack/security/authz/AuthorizationServiceTests.java:1358}","{Method indices() at server/src/main/java/org/elasticsearch/action/ResolvedIndexExpression.java:106}","-1352","-96"
"7edc0479a3a1c5dd502276bf314fc485a2027008","EXTRACT_MOVE","{Method testDenialErrorMessagesForClusterHealthAction() at x-pack/plugin/security/src/test/java/org/elasticsearch/xpack/security/authz/AuthorizationServiceTests.java:1787}","{Method indices() at server/src/main/java/org/elasticsearch/action/ResolvedIndexExpression.java:106}","-1781","-96"
"7edc0479a3a1c5dd502276bf314fc485a2027008","EXTRACT","{Method writeTo(StreamOutput) at server/src/main/java/org/elasticsearch/action/ResolvedIndexExpression.java:103}","{Method localIndexResolutionResult() at server/src/main/java/org/elasticsearch/action/ResolvedIndexExpression.java:110}","-93","-100"
"7edc0479a3a1c5dd502276bf314fc485a2027008","EXTRACT","{Method writeTo(StreamOutput) at server/src/main/java/org/elasticsearch/action/ResolvedIndexExpression.java:103}","{Method exception() at server/src/main/java/org/elasticsearch/action/ResolvedIndexExpression.java:114}","-93","-104"
"7edc0479a3a1c5dd502276bf314fc485a2027008","EXTRACT_MOVE","{Method testProxyRequestAuthenticationGranted() at x-pack/plugin/security/src/test/java/org/elasticsearch/xpack/security/authz/AuthorizationServiceTests.java:3457}","{Method indices() at server/src/main/java/org/elasticsearch/action/ResolvedIndexExpression.java:106}","-3451","-96"
"7edc0479a3a1c5dd502276bf314fc485a2027008","EXTRACT_MOVE","{Method testAuthorizationOfMultipleActionsSingleIndexBulkItems() at x-pack/plugin/security/src/test/java/org/elasticsearch/xpack/security/authz/AuthorizationServiceTests.java:2996}","{Method indices() at server/src/main/java/org/elasticsearch/action/ResolvedIndexExpression.java:106}","-2990","-96"
"7edc0479a3a1c5dd502276bf314fc485a2027008","EXTRACT_MOVE","{Method testAuditTrailIsRecordedWhenIndexWildcardThrowsError() at x-pack/plugin/security/src/test/java/org/elasticsearch/xpack/security/authz/AuthorizationServiceTests.java:2020}","{Method indices() at server/src/main/java/org/elasticsearch/action/ResolvedIndexExpression.java:106}","-2014","-96"
"7edc0479a3a1c5dd502276bf314fc485a2027008","EXTRACT_MOVE","{Method testUserWithNoRolesCanPerformMultiClusterSearch() at x-pack/plugin/security/src/test/java/org/elasticsearch/xpack/security/authz/AuthorizationServiceTests.java:874}","{Method indices() at server/src/main/java/org/elasticsearch/action/ResolvedIndexExpression.java:106}","-868","-96"
"7edc0479a3a1c5dd502276bf314fc485a2027008","EXTRACT_MOVE","{Method testAuthorizationOfIndividualIndexAndDeleteBulkItems() at x-pack/plugin/security/src/test/java/org/elasticsearch/xpack/security/authz/AuthorizationServiceTests.java:3137}","{Method indices() at server/src/main/java/org/elasticsearch/action/ResolvedIndexExpression.java:106}","-3131","-96"
"7edc0479a3a1c5dd502276bf314fc485a2027008","EXTRACT_MOVE","{Method testAuthorizationOfIndividualBulkItemsWithDateMath() at x-pack/plugin/security/src/test/java/org/elasticsearch/xpack/security/authz/AuthorizationServiceTests.java:3227}","{Method indices() at server/src/main/java/org/elasticsearch/action/ResolvedIndexExpression.java:106}","-3221","-96"
"7edc0479a3a1c5dd502276bf314fc485a2027008","EXTRACT_MOVE","{Method testProxyRequestAuthenticationDeniedWithReadPrivileges() at x-pack/plugin/security/src/test/java/org/elasticsearch/xpack/security/authz/AuthorizationServiceTests.java:3483}","{Method indices() at server/src/main/java/org/elasticsearch/action/ResolvedIndexExpression.java:106}","-3477","-96"
"7edc0479a3a1c5dd502276bf314fc485a2027008","EXTRACT_MOVE","{Method testRunAsRequestWithValidPermissions() at x-pack/plugin/security/src/test/java/org/elasticsearch/xpack/security/authz/AuthorizationServiceTests.java:2185}","{Method indices() at server/src/main/java/org/elasticsearch/action/ResolvedIndexExpression.java:106}","-2179","-96"
"7edc0479a3a1c5dd502276bf314fc485a2027008","EXTRACT","{Method writeTo(StreamOutput) at server/src/main/java/org/elasticsearch/action/ResolvedIndexExpression.java:103}","{Method indices() at server/src/main/java/org/elasticsearch/action/ResolvedIndexExpression.java:106}","-93","-96"
"7edc0479a3a1c5dd502276bf314fc485a2027008","EXTRACT_MOVE","{Method testDenialErrorMessagesForSearchAction() at x-pack/plugin/security/src/test/java/org/elasticsearch/xpack/security/authz/AuthorizationServiceTests.java:1678}","{Method indices() at server/src/main/java/org/elasticsearch/action/ResolvedIndexExpression.java:106}","-1672","-96"
"7edc0479a3a1c5dd502276bf314fc485a2027008","EXTRACT_MOVE","{Method validate(IndicesOptions, ResolvedIndexExpressions, Map) at server/src/main/java/org/elasticsearch/search/crossproject/CrossProjectIndexResolutionValidator.java:73}","{Method localIndexResolutionResult() at server/src/main/java/org/elasticsearch/action/ResolvedIndexExpression.java:110}","-67","-100"
"7edc0479a3a1c5dd502276bf314fc485a2027008","EXTRACT_MOVE","{Method testCreateIndexWithAlias() at x-pack/plugin/security/src/test/java/org/elasticsearch/xpack/security/authz/AuthorizationServiceTests.java:1643}","{Method indices() at server/src/main/java/org/elasticsearch/action/ResolvedIndexExpression.java:106}","-1637","-96"
"7edc0479a3a1c5dd502276bf314fc485a2027008","EXTRACT_MOVE","{Method testRemoteIndicesOnlyWorkWithApplicableRequestTypes() at x-pack/plugin/security/src/test/java/org/elasticsearch/xpack/security/authz/AuthorizationServiceTests.java:915}","{Method indices() at server/src/main/java/org/elasticsearch/action/ResolvedIndexExpression.java:106}","-909","-96"
"7edc0479a3a1c5dd502276bf314fc485a2027008","EXTRACT_MOVE","{Method testCompositeActionsIndicesAreNotChecked() at x-pack/plugin/security/src/test/java/org/elasticsearch/xpack/security/authz/AuthorizationServiceTests.java:2647}","{Method indices() at server/src/main/java/org/elasticsearch/action/ResolvedIndexExpression.java:106}","-2641","-96"
"7edc0479a3a1c5dd502276bf314fc485a2027008","EXTRACT_MOVE","{Method testResolveIndexActionWithProjectAuthorization() at x-pack/plugin/security/src/test/java/org/elasticsearch/xpack/security/authz/AuthorizationServiceTests.java:1290}","{Method indices() at server/src/main/java/org/elasticsearch/action/ResolvedIndexExpression.java:106}","-1284","-96"
"7edc0479a3a1c5dd502276bf314fc485a2027008","CHANGE_SIGNATURE","{Method checkResolutionFailure(Set, ResolvedIndexExpression.LocalIndexResolutionResult, String, IndicesOptions) at server/src/main/java/org/elasticsearch/search/crossproject/CrossProjectIndexResolutionValidator.java:225}","{Method checkResolutionFailure(ResolvedIndexExpression.LocalExpressions, ResolvedIndexExpression.LocalIndexResolutionResult, String, IndicesOptions) at server/src/main/java/org/elasticsearch/search/crossproject/CrossProjectIndexResolutionValidator.java:225}","-219","-219"
"7edc0479a3a1c5dd502276bf314fc485a2027008","EXTRACT_MOVE","{Method testUserWithNoRolesOpenPointInTimeWithRemoteIndices() at x-pack/plugin/security/src/test/java/org/elasticsearch/xpack/security/authz/AuthorizationServiceTests.java:936}","{Method indices() at server/src/main/java/org/elasticsearch/action/ResolvedIndexExpression.java:106}","-930","-96"
"7edc0479a3a1c5dd502276bf314fc485a2027008","EXTRACT_MOVE","{Method testProxyRequestAuthenticationGrantedWithAllPrivileges() at x-pack/plugin/security/src/test/java/org/elasticsearch/xpack/security/authz/AuthorizationServiceTests.java:3430}","{Method indices() at server/src/main/java/org/elasticsearch/action/ResolvedIndexExpression.java:106}","-3424","-96"
"7edc0479a3a1c5dd502276bf314fc485a2027008","EXTRACT_MOVE","{Method testCompositeActionsIndicesAreCheckedAtTheShardLevel() at x-pack/plugin/security/src/test/java/org/elasticsearch/xpack/security/authz/AuthorizationServiceTests.java:2694}","{Method indices() at server/src/main/java/org/elasticsearch/action/ResolvedIndexExpression.java:106}","-2688","-96"
"7edc0479a3a1c5dd502276bf314fc485a2027008","EXTRACT_MOVE","{Method testSearchPITAgainstIndex() at x-pack/plugin/security/src/test/java/org/elasticsearch/xpack/security/authz/AuthorizationServiceTests.java:1429}","{Method indices() at server/src/main/java/org/elasticsearch/action/ResolvedIndexExpression.java:106}","-1423","-96"
"7edc0479a3a1c5dd502276bf314fc485a2027008","EXTRACT_MOVE","{Method testCompositeActionsMustImplementCompositeIndicesRequest() at x-pack/plugin/security/src/test/java/org/elasticsearch/xpack/security/authz/AuthorizationServiceTests.java:2673}","{Method indices() at server/src/main/java/org/elasticsearch/action/ResolvedIndexExpression.java:106}","-2667","-96"
"7edc0479a3a1c5dd502276bf314fc485a2027008","EXTRACT_MOVE","{Method testDenialErrorMessagesForBulkIngest() at x-pack/plugin/security/src/test/java/org/elasticsearch/xpack/security/authz/AuthorizationServiceTests.java:1728}","{Method indices() at server/src/main/java/org/elasticsearch/action/ResolvedIndexExpression.java:106}","-1722","-96"
"7edc0479a3a1c5dd502276bf314fc485a2027008","EXTRACT_MOVE","{Method testSuperusersCanExecuteReadOperationAgainstSecurityIndexWithWildcard() at x-pack/plugin/security/src/test/java/org/elasticsearch/xpack/security/authz/AuthorizationServiceTests.java:2599}","{Method indices() at server/src/main/java/org/elasticsearch/action/ResolvedIndexExpression.java:106}","-2593","-96"
"7edc0479a3a1c5dd502276bf314fc485a2027008","EXTRACT_MOVE","{Method testDenialForAnonymousUserAuthorizationExceptionDisabled() at x-pack/plugin/security/src/test/java/org/elasticsearch/xpack/security/authz/AuthorizationServiceTests.java:1964}","{Method indices() at server/src/main/java/org/elasticsearch/action/ResolvedIndexExpression.java:106}","-1958","-96"
"7edc0479a3a1c5dd502276bf314fc485a2027008","EXTRACT_MOVE","{Method testCreateIndexWithAliasWithoutPermissions() at x-pack/plugin/security/src/test/java/org/elasticsearch/xpack/security/authz/AuthorizationServiceTests.java:1605}","{Method indices() at server/src/main/java/org/elasticsearch/action/ResolvedIndexExpression.java:106}","-1599","-96"
"7edc0479a3a1c5dd502276bf314fc485a2027008","EXTRACT_MOVE","{Method testUserWithNoRolesCannotPerformLocalSearch() at x-pack/plugin/security/src/test/java/org/elasticsearch/xpack/security/authz/AuthorizationServiceTests.java:849}","{Method indices() at server/src/main/java/org/elasticsearch/action/ResolvedIndexExpression.java:106}","-843","-96"
"7edc0479a3a1c5dd502276bf314fc485a2027008","EXTRACT_MOVE","{Method testMonitoringOperationsAgainstSecurityIndexRequireAllowRestricted() at x-pack/plugin/security/src/test/java/org/elasticsearch/xpack/security/authz/AuthorizationServiceTests.java:2372}","{Method indices() at server/src/main/java/org/elasticsearch/action/ResolvedIndexExpression.java:106}","-2366","-96"
"7edc0479a3a1c5dd502276bf314fc485a2027008","EXTRACT_MOVE","{Method testRemoteActionDenied() at x-pack/plugin/security/src/test/java/org/elasticsearch/xpack/security/authz/AuthorizationServiceTests.java:3771}","{Method indices() at server/src/main/java/org/elasticsearch/action/ResolvedIndexExpression.java:106}","-3765","-96"
"93a26490bdbc58ef0940150bbb5bf45ab3a91bcd"
"dc8afd28c7f23d94b0317912a1cde4759eecc551","INLINE","{Method register() at modules/repository-s3/src/javaRestTest/java/org/elasticsearch/repositories/s3/AbstractRepositoryS3RestTestCase.java:38}","{Method testSnapshotAndRestore() at modules/repository-s3/src/javaRestTest/java/org/elasticsearch/repositories/s3/AbstractRepositoryS3RestTestCase.java:276}","-28","-270"
"dc8afd28c7f23d94b0317912a1cde4759eecc551","CHANGE_SIGNATURE","{Method new(ProjectId, S3Service, String, boolean, ByteSizeValue, ByteSizeValue, String, String, RepositoryMetadata, BigArrays, ThreadPool, S3RepositoriesMetrics, BackoffPolicy) at modules/repository-s3/src/main/java/org/elasticsearch/repositories/s3/S3BlobStore.java:112}","{Method new(ProjectId, S3Service, String, boolean, ByteSizeValue, ByteSizeValue, String, String, boolean, RepositoryMetadata, BigArrays, ThreadPool, S3RepositoriesMetrics, BackoffPolicy) at modules/repository-s3/src/main/java/org/elasticsearch/repositories/s3/S3BlobStore.java:114}","-106","-108"
"dc8afd28c7f23d94b0317912a1cde4759eecc551","EXTRACT","{Method repositorySettings() at x-pack/plugin/snapshot-repo-test-kit/qa/s3/src/javaRestTest/java/org/elasticsearch/repositories/blobstore/testkit/analyze/S3RepositoryAnalysisRestIT.java:100}","{Method randomBooleanSetting(String) at x-pack/plugin/snapshot-repo-test-kit/qa/s3/src/javaRestTest/java/org/elasticsearch/repositories/blobstore/testkit/analyze/S3RepositoryAnalysisRestIT.java:122}","-94","-116"
"aebedd62209b3eabbef4a03a09f99efd8a09921c","RENAME","{Method testEmptyBlock() at x-pack/plugin/esql/compute/src/test/java/org/elasticsearch/compute/data/ExponentialHistogramBlockEqualityTests.java:23}","{Method testEmptyBlockEquality() at x-pack/plugin/esql/compute/src/test/java/org/elasticsearch/compute/data/ExponentialHistogramBlockTests.java:68}","-17","-62"
"aebedd62209b3eabbef4a03a09f99efd8a09921c","RENAME","{Class ExponentialHistogramBlockEqualityTests at x-pack/plugin/esql/compute/src/test/java/org/elasticsearch/compute/data/ExponentialHistogramBlockEqualityTests.java:21}","{Class ExponentialHistogramBlockTests at x-pack/plugin/esql/compute/src/test/java/org/elasticsearch/compute/data/ExponentialHistogramBlockTests.java:24}","-19","-22"
"8436d0cdfe59b126849e242508c5955163cca8bf"
"e2b30845a0175280d19452feb8f159fc2b77caf4"
"becef203aea873f5005268a1fbd42bb8881a6ca7"
"caa029fb3fa6bbc1154ac83ab4fea60c7135e1f2"
"3304416d5391283f77cae7c3c916725da5ecf82b"
"f4e89c936df81ca56149980452450015d84b32aa"
"12df1714d73b5b789901f3f4b05a0f550d007ef6","EXTRACT","{Method allProjectAliases() at server/src/main/java/org/elasticsearch/search/crossproject/TargetProjects.java:56}","{Method allProjects() at server/src/main/java/org/elasticsearch/search/crossproject/TargetProjects.java:64}","-50","-58"
"c3ee0211c6bf59c640369e2a2c44aeeb7d3c424b"
"84014cd3b9c9e139149f0cbf18acf9ee7fd01a96"
"6e35e1adb927272ee768f3a09920e5bbd264ea22"
"386b1568dba063854281cda74bda6e6721222858"
"34145ed1d1ff9f06f225ae57c15c938f3797aacc"
"ec0f171cddb0d0fac944e9e59441f8c96b4878f3","EXTRACT_MOVE","{Method serialize(XContentBuilder, ExponentialHistogram) at libs/exponential-histogram/src/main/java/org/elasticsearch/exponentialhistogram/ExponentialHistogramXContent.java:51}","{Method negativeBuckets() at x-pack/plugin/esql/qa/testFixtures/src/main/java/org/elasticsearch/xpack/esql/WriteableExponentialHistogram.java:63}","-45","-57"
"ec0f171cddb0d0fac944e9e59441f8c96b4878f3","EXTRACT_MOVE","{Method assertExpanded(Block) at x-pack/plugin/esql/compute/src/test/java/org/elasticsearch/compute/data/BlockMultiValuedTests.java:256}","{Method getTotalValueCount() at x-pack/plugin/esql/compute/src/main/java/org/elasticsearch/compute/data/ExponentialHistogramArrayBlock.java:105}","-250","-99"
"ec0f171cddb0d0fac944e9e59441f8c96b4878f3","EXTRACT_MOVE","{Method testMultiValued() at x-pack/plugin/esql/compute/src/test/java/org/elasticsearch/compute/data/BlockMultiValuedTests.java:70}","{Method getTotalValueCount() at x-pack/plugin/esql/compute/src/main/java/org/elasticsearch/compute/data/ExponentialHistogramArrayBlock.java:105}","-64","-99"
"ec0f171cddb0d0fac944e9e59441f8c96b4878f3","EXTRACT_MOVE","{Method serialize(XContentBuilder, ExponentialHistogram) at libs/exponential-histogram/src/main/java/org/elasticsearch/exponentialhistogram/ExponentialHistogramXContent.java:51}","{Method positiveBuckets() at x-pack/plugin/esql/qa/testFixtures/src/main/java/org/elasticsearch/xpack/esql/WriteableExponentialHistogram.java:58}","-45","-52"
"ec0f171cddb0d0fac944e9e59441f8c96b4878f3","EXTRACT_MOVE","{Method equals(Object) at x-pack/plugin/esql/compute/src/main/java/org/elasticsearch/compute/data/ConstantNullBlock.java:126}","{Method areAllValuesNull() at x-pack/plugin/esql/compute/src/main/java/org/elasticsearch/compute/data/ExponentialHistogramArrayBlock.java:150}","-120","-144"
"ec0f171cddb0d0fac944e9e59441f8c96b4878f3","EXTRACT_MOVE","{Method testAllNullsImpl(Block.Builder, int) at x-pack/plugin/esql/compute/src/test/java/org/elasticsearch/compute/data/BlockBuilderTests.java:61}","{Method areAllValuesNull() at x-pack/plugin/esql/compute/src/main/java/org/elasticsearch/compute/data/ExponentialHistogramArrayBlock.java:150}","-55","-144"
"ec0f171cddb0d0fac944e9e59441f8c96b4878f3","EXTRACT_MOVE","{Method assertFiltered(boolean, boolean) at x-pack/plugin/esql/compute/src/test/java/org/elasticsearch/compute/data/BlockMultiValuedTests.java:208}","{Method getTotalValueCount() at x-pack/plugin/esql/compute/src/main/java/org/elasticsearch/compute/data/ExponentialHistogramArrayBlock.java:105}","-202","-99"
"48f38e5be9d438be6b1b8814e4d7daf6a2ccd5da"
"d1c3d6e47496caea370661e6c96e8d8b5b337b99"
"80d91ce0368616f1a841202c7550736f5cb19386","RENAME","{Class SevenBitDiskBBQBulkWriter at server/src/main/java/org/elasticsearch/index/codec/vectors/diskbbq/DiskBBQBulkWriter.java:96}","{Class LargeBitDiskBBQBulkWriter at server/src/main/java/org/elasticsearch/index/codec/vectors/diskbbq/DiskBBQBulkWriter.java:111}","-90","-105"
"80d91ce0368616f1a841202c7550736f5cb19386","CHANGE_SIGNATURE","{Method quantized4BitScore(byte[]) at libs/simdvec/src/main/java/org/elasticsearch/simdvec/ESNextOSQVectorsScorer.java:76}","{Method quantized4BitScore(byte[], int) at libs/simdvec/src/main/java/org/elasticsearch/simdvec/ESNextOSQVectorsScorer.java:88}","-70","-82"
"80d91ce0368616f1a841202c7550736f5cb19386","RENAME","{Class OneBitDiskBBQBulkWriter at server/src/main/java/org/elasticsearch/index/codec/vectors/diskbbq/DiskBBQBulkWriter.java:34}","{Class SmallBitDiskBBQBulkWriter at server/src/main/java/org/elasticsearch/index/codec/vectors/diskbbq/DiskBBQBulkWriter.java:49}","-28","-43"
"ced3ca8bdb9a60ee0f032c8a37959ce056d59e65"
"00a8bbdc7cd727be384578c818027fcfe25d5a8c"
"2d45a8d047917b49baed0c7fe0b1090c73a182be"
"60406a6315bb9b1fc847e614175899a9161b2e82"
"7e757468e0e98560bb8b62df1502dab69e047147","EXTRACT_MOVE","{Method new(Source, Expression, Expression) at x-pack/plugin/esql/src/main/java/org/elasticsearch/xpack/esql/expression/function/aggregate/Rate.java:66}","{Method timestamp() at x-pack/plugin/esql/src/main/java/org/elasticsearch/xpack/esql/expression/function/scalar/date/TRange.java:131}","-60","-125"
"7e757468e0e98560bb8b62df1502dab69e047147","EXTRACT_MOVE","{Method new(Source, Expression, Expression) at x-pack/plugin/esql/src/main/java/org/elasticsearch/xpack/esql/expression/function/aggregate/Irate.java:62}","{Method timestamp() at x-pack/plugin/esql/src/main/java/org/elasticsearch/xpack/esql/expression/function/aggregate/Idelta.java:139}","-56","-133"
"7e757468e0e98560bb8b62df1502dab69e047147","EXTRACT_MOVE","{Method timestamp() at x-pack/plugin/esql/src/main/java/org/elasticsearch/xpack/esql/expression/function/aggregate/Delta.java:145}","{Method timestamp() at x-pack/plugin/esql/src/main/java/org/elasticsearch/xpack/esql/expression/function/aggregate/Idelta.java:139}","-139","-133"
"7e757468e0e98560bb8b62df1502dab69e047147","EXTRACT_MOVE","{Method new(Source, Expression, Expression) at x-pack/plugin/esql/src/main/java/org/elasticsearch/xpack/esql/expression/function/aggregate/LastOverTime.java:74}","{Method timestamp() at x-pack/plugin/esql/src/main/java/org/elasticsearch/xpack/esql/expression/function/aggregate/Idelta.java:139}","-68","-133"
"7e757468e0e98560bb8b62df1502dab69e047147","EXTRACT_MOVE","{Method new(Source, Expression, Expression, Expression, Configuration) at x-pack/plugin/esql/src/main/java/org/elasticsearch/xpack/esql/expression/function/scalar/date/TRange.java:108}","{Method timestamp() at x-pack/plugin/esql/src/main/java/org/elasticsearch/xpack/esql/expression/function/aggregate/Irate.java:136}","-102","-130"
"7e757468e0e98560bb8b62df1502dab69e047147","EXTRACT_MOVE","{Method build(Source, List) at x-pack/plugin/esql/src/test/java/org/elasticsearch/xpack/esql/expression/function/scalar/date/TRangeErrorTests.java:137}","{Method timestamp() at x-pack/plugin/esql/src/main/java/org/elasticsearch/xpack/esql/expression/function/aggregate/Irate.java:136}","-131","-130"
"7e757468e0e98560bb8b62df1502dab69e047147","EXTRACT_MOVE","{Method foldable() at x-pack/plugin/esql/src/main/java/org/elasticsearch/xpack/esql/expression/function/scalar/date/TRange.java:135}","{Method timestamp() at x-pack/plugin/esql/src/main/java/org/elasticsearch/xpack/esql/expression/function/aggregate/Idelta.java:139}","-129","-133"
"7e757468e0e98560bb8b62df1502dab69e047147","EXTRACT_MOVE","{Method build(Source, List) at x-pack/plugin/esql/src/test/java/org/elasticsearch/xpack/esql/expression/function/scalar/date/TRangeErrorTests.java:137}","{Method timestamp() at x-pack/plugin/esql/src/main/java/org/elasticsearch/xpack/esql/expression/function/scalar/date/TRange.java:131}","-131","-125"
"7e757468e0e98560bb8b62df1502dab69e047147","EXTRACT_MOVE","{Method new(Source, Expression, Expression) at x-pack/plugin/esql/src/main/java/org/elasticsearch/xpack/esql/expression/function/aggregate/Rate.java:66}","{Method timestamp() at x-pack/plugin/esql/src/main/java/org/elasticsearch/xpack/esql/expression/function/aggregate/Irate.java:136}","-60","-130"
"7e757468e0e98560bb8b62df1502dab69e047147","EXTRACT_MOVE","{Method new(Source, Expression, Expression, Expression) at x-pack/plugin/esql/src/main/java/org/elasticsearch/xpack/esql/expression/function/aggregate/Increase.java:82}","{Method timestamp() at x-pack/plugin/esql/src/main/java/org/elasticsearch/xpack/esql/expression/function/aggregate/Idelta.java:139}","-76","-133"
"7e757468e0e98560bb8b62df1502dab69e047147","EXTRACT_MOVE","{Method timestamp() at x-pack/plugin/esql/src/main/java/org/elasticsearch/xpack/esql/expression/function/aggregate/FirstOverTime.java:159}","{Method timestamp() at x-pack/plugin/esql/src/main/java/org/elasticsearch/xpack/esql/expression/function/aggregate/Irate.java:136}","-153","-130"
"7e757468e0e98560bb8b62df1502dab69e047147","EXTRACT_MOVE","{Method new(Source, Expression, Expression, Expression) at x-pack/plugin/esql/src/main/java/org/elasticsearch/xpack/esql/expression/function/aggregate/Rate.java:79}","{Method timestamp() at x-pack/plugin/esql/src/main/java/org/elasticsearch/xpack/esql/expression/function/aggregate/Irate.java:136}","-73","-130"
"7e757468e0e98560bb8b62df1502dab69e047147","EXTRACT_MOVE","{Method new(Source, Expression, Expression) at x-pack/plugin/esql/src/main/java/org/elasticsearch/xpack/esql/expression/function/aggregate/FirstOverTime.java:70}","{Method timestamp() at x-pack/plugin/esql/src/main/java/org/elasticsearch/xpack/esql/expression/function/scalar/date/TRange.java:131}","-64","-125"
"7e757468e0e98560bb8b62df1502dab69e047147","EXTRACT_MOVE","{Method info() at x-pack/plugin/esql/src/main/java/org/elasticsearch/xpack/esql/expression/function/aggregate/FirstOverTime.java:98}","{Method timestamp() at x-pack/plugin/esql/src/main/java/org/elasticsearch/xpack/esql/expression/function/scalar/date/TRange.java:131}","-92","-125"
"7e757468e0e98560bb8b62df1502dab69e047147","EXTRACT","{Method new(Source, Expression, Expression, Expression) at x-pack/plugin/esql/src/main/java/org/elasticsearch/xpack/esql/expression/function/aggregate/Idelta.java:72}","{Method timestamp() at x-pack/plugin/esql/src/main/java/org/elasticsearch/xpack/esql/expression/function/aggregate/Idelta.java:139}","-66","-133"
"7e757468e0e98560bb8b62df1502dab69e047147","EXTRACT_MOVE","{Method withFilter(Expression) at x-pack/plugin/esql/src/main/java/org/elasticsearch/xpack/esql/expression/function/aggregate/Increase.java:115}","{Method timestamp() at x-pack/plugin/esql/src/main/java/org/elasticsearch/xpack/esql/expression/function/scalar/date/TRange.java:131}","-109","-125"
"7e757468e0e98560bb8b62df1502dab69e047147","EXTRACT_MOVE","{Method new(Source, Expression, Expression) at x-pack/plugin/esql/src/main/java/org/elasticsearch/xpack/esql/expression/function/aggregate/Delta.java:61}","{Method timestamp() at x-pack/plugin/esql/src/main/java/org/elasticsearch/xpack/esql/expression/function/aggregate/Idelta.java:139}","-55","-133"
"7e757468e0e98560bb8b62df1502dab69e047147","EXTRACT_MOVE","{Method new(Source, Expression, Expression) at x-pack/plugin/esql/src/main/java/org/elasticsearch/xpack/esql/expression/function/aggregate/Increase.java:69}","{Method timestamp() at x-pack/plugin/esql/src/main/java/org/elasticsearch/xpack/esql/expression/function/aggregate/Irate.java:136}","-63","-130"
"7e757468e0e98560bb8b62df1502dab69e047147","EXTRACT_MOVE","{Method withFilter(Expression) at x-pack/plugin/esql/src/main/java/org/elasticsearch/xpack/esql/expression/function/aggregate/Delta.java:103}","{Method timestamp() at x-pack/plugin/esql/src/main/java/org/elasticsearch/xpack/esql/expression/function/scalar/date/TRange.java:131}","-97","-125"
"7e757468e0e98560bb8b62df1502dab69e047147","EXTRACT_MOVE","{Method info() at x-pack/plugin/esql/src/main/java/org/elasticsearch/xpack/esql/expression/function/aggregate/LastOverTime.java:102}","{Method timestamp() at x-pack/plugin/esql/src/main/java/org/elasticsearch/xpack/esql/expression/function/aggregate/Idelta.java:139}","-96","-133"
"7e757468e0e98560bb8b62df1502dab69e047147","EXTRACT_MOVE","{Method dataType() at x-pack/plugin/esql/src/main/java/org/elasticsearch/xpack/esql/expression/function/grouping/TBucket.java:110}","{Method timestamp() at x-pack/plugin/esql/src/main/java/org/elasticsearch/xpack/esql/expression/function/aggregate/Irate.java:136}","-104","-130"
"7e757468e0e98560bb8b62df1502dab69e047147","EXTRACT_MOVE","{Method withFilter(Expression) at x-pack/plugin/esql/src/main/java/org/elasticsearch/xpack/esql/expression/function/aggregate/Idelta.java:105}","{Method timestamp() at x-pack/plugin/esql/src/main/java/org/elasticsearch/xpack/esql/expression/function/scalar/date/TRange.java:131}","-99","-125"
"7e757468e0e98560bb8b62df1502dab69e047147","EXTRACT_MOVE","{Method info() at x-pack/plugin/esql/src/main/java/org/elasticsearch/xpack/esql/expression/function/aggregate/Irate.java:94}","{Method timestamp() at x-pack/plugin/esql/src/main/java/org/elasticsearch/xpack/esql/expression/function/scalar/date/TRange.java:131}","-88","-125"
"7e757468e0e98560bb8b62df1502dab69e047147","EXTRACT_MOVE","{Method dataType() at x-pack/plugin/esql/src/main/java/org/elasticsearch/xpack/esql/expression/function/grouping/TBucket.java:110}","{Method timestamp() at x-pack/plugin/esql/src/main/java/org/elasticsearch/xpack/esql/expression/function/scalar/date/TRange.java:131}","-104","-125"
"7e757468e0e98560bb8b62df1502dab69e047147","EXTRACT_MOVE","{Method surrogate() at x-pack/plugin/esql/src/main/java/org/elasticsearch/xpack/esql/expression/function/grouping/TBucket.java:95}","{Method timestamp() at x-pack/plugin/esql/src/main/java/org/elasticsearch/xpack/esql/expression/function/aggregate/Idelta.java:139}","-89","-133"
"7e757468e0e98560bb8b62df1502dab69e047147","EXTRACT_MOVE","{Method new(Source, Expression, Expression, Expression) at x-pack/plugin/esql/src/main/java/org/elasticsearch/xpack/esql/expression/function/aggregate/Idelta.java:72}","{Method timestamp() at x-pack/plugin/esql/src/main/java/org/elasticsearch/xpack/esql/expression/function/scalar/date/TRange.java:131}","-66","-125"
"7e757468e0e98560bb8b62df1502dab69e047147","EXTRACT_MOVE","{Method info() at x-pack/plugin/esql/src/main/java/org/elasticsearch/xpack/esql/expression/function/aggregate/Rate.java:98}","{Method timestamp() at x-pack/plugin/esql/src/main/java/org/elasticsearch/xpack/esql/expression/function/aggregate/Irate.java:136}","-92","-130"
"7e757468e0e98560bb8b62df1502dab69e047147","EXTRACT","{Method surrogate() at x-pack/plugin/esql/src/main/java/org/elasticsearch/xpack/esql/expression/function/scalar/date/TRange.java:198}","{Method timestamp() at x-pack/plugin/esql/src/main/java/org/elasticsearch/xpack/esql/expression/function/scalar/date/TRange.java:131}","-192","-125"
"7e757468e0e98560bb8b62df1502dab69e047147","EXTRACT_MOVE","{Method surrogate() at x-pack/plugin/esql/src/main/java/org/elasticsearch/xpack/esql/expression/function/scalar/date/TRange.java:198}","{Method timestamp() at x-pack/plugin/esql/src/main/java/org/elasticsearch/xpack/esql/expression/function/aggregate/Idelta.java:139}","-192","-133"
"7e757468e0e98560bb8b62df1502dab69e047147","EXTRACT","{Method info() at x-pack/plugin/esql/src/main/java/org/elasticsearch/xpack/esql/expression/function/scalar/date/TRange.java:208}","{Method timestamp() at x-pack/plugin/esql/src/main/java/org/elasticsearch/xpack/esql/expression/function/scalar/date/TRange.java:131}","-202","-125"
"7e757468e0e98560bb8b62df1502dab69e047147","EXTRACT_MOVE","{Method new(Source, Expression, Expression, Expression) at x-pack/plugin/esql/src/main/java/org/elasticsearch/xpack/esql/expression/function/aggregate/FirstOverTime.java:79}","{Method timestamp() at x-pack/plugin/esql/src/main/java/org/elasticsearch/xpack/esql/expression/function/aggregate/Idelta.java:139}","-73","-133"
"7e757468e0e98560bb8b62df1502dab69e047147","EXTRACT_MOVE","{Method info() at x-pack/plugin/esql/src/main/java/org/elasticsearch/xpack/esql/expression/function/grouping/TBucket.java:120}","{Method timestamp() at x-pack/plugin/esql/src/main/java/org/elasticsearch/xpack/esql/expression/function/aggregate/Irate.java:136}","-114","-130"
"7e757468e0e98560bb8b62df1502dab69e047147","EXTRACT","{Method def(Class, BinaryConfigurationAwareBuilder, String...) at x-pack/plugin/esql/src/main/java/org/elasticsearch/xpack/esql/expression/function/EsqlFunctionRegistry.java:1236}","{Method checkIsOptionalBiFunction(Class, int) at x-pack/plugin/esql/src/main/java/org/elasticsearch/xpack/esql/expression/function/EsqlFunctionRegistry.java:1333}","-1230","-1327"
"7e757468e0e98560bb8b62df1502dab69e047147","EXTRACT_MOVE","{Method new(Source, Expression, Expression, Expression) at x-pack/plugin/esql/src/main/java/org/elasticsearch/xpack/esql/expression/function/aggregate/Delta.java:70}","{Method timestamp() at x-pack/plugin/esql/src/main/java/org/elasticsearch/xpack/esql/expression/function/aggregate/Idelta.java:139}","-64","-133"
"7e757468e0e98560bb8b62df1502dab69e047147","EXTRACT","{Method resolveType() at x-pack/plugin/esql/src/main/java/org/elasticsearch/xpack/esql/expression/function/scalar/date/TRange.java:140}","{Method timestamp() at x-pack/plugin/esql/src/main/java/org/elasticsearch/xpack/esql/expression/function/scalar/date/TRange.java:131}","-134","-125"
"7e757468e0e98560bb8b62df1502dab69e047147","EXTRACT_MOVE","{Method timestamp() at x-pack/plugin/esql/src/main/java/org/elasticsearch/xpack/esql/expression/function/aggregate/FirstOverTime.java:159}","{Method timestamp() at x-pack/plugin/esql/src/main/java/org/elasticsearch/xpack/esql/expression/function/scalar/date/TRange.java:131}","-153","-125"
"7e757468e0e98560bb8b62df1502dab69e047147","EXTRACT_MOVE","{Method withFilter(Expression) at x-pack/plugin/esql/src/main/java/org/elasticsearch/xpack/esql/expression/function/aggregate/FirstOverTime.java:112}","{Method timestamp() at x-pack/plugin/esql/src/main/java/org/elasticsearch/xpack/esql/expression/function/aggregate/Idelta.java:139}","-106","-133"
"7e757468e0e98560bb8b62df1502dab69e047147","EXTRACT_MOVE","{Method withFilter(Expression) at x-pack/plugin/esql/src/main/java/org/elasticsearch/xpack/esql/expression/function/aggregate/Irate.java:108}","{Method timestamp() at x-pack/plugin/esql/src/main/java/org/elasticsearch/xpack/esql/expression/function/aggregate/Idelta.java:139}","-102","-133"
"7e757468e0e98560bb8b62df1502dab69e047147","EXTRACT_MOVE","{Method resolveType() at x-pack/plugin/esql/src/main/java/org/elasticsearch/xpack/esql/expression/function/aggregate/LastOverTime.java:126}","{Method timestamp() at x-pack/plugin/esql/src/main/java/org/elasticsearch/xpack/esql/expression/function/aggregate/Irate.java:136}","-120","-130"
"7e757468e0e98560bb8b62df1502dab69e047147","EXTRACT","{Method foldable() at x-pack/plugin/esql/src/main/java/org/elasticsearch/xpack/esql/expression/function/scalar/date/TRange.java:135}","{Method timestamp() at x-pack/plugin/esql/src/main/java/org/elasticsearch/xpack/esql/expression/function/scalar/date/TRange.java:131}","-129","-125"
"7e757468e0e98560bb8b62df1502dab69e047147","EXTRACT_MOVE","{Method new(Source, Expression, Expression) at x-pack/plugin/esql/src/main/java/org/elasticsearch/xpack/esql/expression/function/aggregate/Idelta.java:63}","{Method timestamp() at x-pack/plugin/esql/src/main/java/org/elasticsearch/xpack/esql/expression/function/aggregate/Irate.java:136}","-57","-130"
"7e757468e0e98560bb8b62df1502dab69e047147","EXTRACT_MOVE","{Method timestamp() at x-pack/plugin/esql/src/main/java/org/elasticsearch/xpack/esql/expression/function/aggregate/LastOverTime.java:164}","{Method timestamp() at x-pack/plugin/esql/src/main/java/org/elasticsearch/xpack/esql/expression/function/aggregate/Irate.java:136}","-158","-130"
"7e757468e0e98560bb8b62df1502dab69e047147","EXTRACT_MOVE","{Method withFilter(Expression) at x-pack/plugin/esql/src/main/java/org/elasticsearch/xpack/esql/expression/function/aggregate/Increase.java:115}","{Method timestamp() at x-pack/plugin/esql/src/main/java/org/elasticsearch/xpack/esql/expression/function/aggregate/Irate.java:136}","-109","-130"
"7e757468e0e98560bb8b62df1502dab69e047147","EXTRACT_MOVE","{Method resolveType() at x-pack/plugin/esql/src/main/java/org/elasticsearch/xpack/esql/expression/function/scalar/date/TRange.java:140}","{Method timestamp() at x-pack/plugin/esql/src/main/java/org/elasticsearch/xpack/esql/expression/function/aggregate/Idelta.java:139}","-134","-133"
"7e757468e0e98560bb8b62df1502dab69e047147","EXTRACT_MOVE","{Method timestamp() at x-pack/plugin/esql/src/main/java/org/elasticsearch/xpack/esql/expression/function/aggregate/Rate.java:148}","{Method timestamp() at x-pack/plugin/esql/src/main/java/org/elasticsearch/xpack/esql/expression/function/aggregate/Irate.java:136}","-142","-130"
"7e757468e0e98560bb8b62df1502dab69e047147","EXTRACT_MOVE","{Method withFilter(Expression) at x-pack/plugin/esql/src/main/java/org/elasticsearch/xpack/esql/expression/function/aggregate/LastOverTime.java:116}","{Method timestamp() at x-pack/plugin/esql/src/main/java/org/elasticsearch/xpack/esql/expression/function/aggregate/Irate.java:136}","-110","-130"
"7e757468e0e98560bb8b62df1502dab69e047147","CHANGE_SIGNATURE","{Method new(Source, String) at x-pack/plugin/esql-core/src/main/java/org/elasticsearch/xpack/esql/core/expression/UnresolvedTimestamp.java:18}","{Method new(Source) at x-pack/plugin/esql-core/src/main/java/org/elasticsearch/xpack/esql/core/expression/UnresolvedTimestamp.java:23}","-12","-17"
"7e757468e0e98560bb8b62df1502dab69e047147","EXTRACT_MOVE","{Method info() at x-pack/plugin/esql/src/main/java/org/elasticsearch/xpack/esql/expression/function/scalar/date/TRange.java:208}","{Method timestamp() at x-pack/plugin/esql/src/main/java/org/elasticsearch/xpack/esql/expression/function/aggregate/Irate.java:136}","-202","-130"
"7e757468e0e98560bb8b62df1502dab69e047147","EXTRACT","{Method def(Class, TernaryBuilder, String...) at x-pack/plugin/esql/src/main/java/org/elasticsearch/xpack/esql/expression/function/EsqlFunctionRegistry.java:1047}","{Method checkIsOptionalTriFunction(Class, int) at x-pack/plugin/esql/src/main/java/org/elasticsearch/xpack/esql/expression/function/EsqlFunctionRegistry.java:1342}","-1041","-1336"
"7e757468e0e98560bb8b62df1502dab69e047147","RENAME","{Method field() at x-pack/plugin/esql/src/main/java/org/elasticsearch/xpack/esql/expression/function/grouping/TBucket.java:125}","{Method timestamp() at x-pack/plugin/esql/src/main/java/org/elasticsearch/xpack/esql/expression/function/grouping/TBucket.java:118}","-119","-112"
"7e757468e0e98560bb8b62df1502dab69e047147","EXTRACT","{Method new(Source, Expression, Expression) at x-pack/plugin/esql/src/main/java/org/elasticsearch/xpack/esql/expression/function/aggregate/Idelta.java:63}","{Method timestamp() at x-pack/plugin/esql/src/main/java/org/elasticsearch/xpack/esql/expression/function/aggregate/Idelta.java:139}","-57","-133"
"7e757468e0e98560bb8b62df1502dab69e047147","EXTRACT_MOVE","{Method info() at x-pack/plugin/esql/src/main/java/org/elasticsearch/xpack/esql/expression/function/aggregate/Increase.java:101}","{Method timestamp() at x-pack/plugin/esql/src/main/java/org/elasticsearch/xpack/esql/expression/function/scalar/date/TRange.java:131}","-95","-125"
"7e757468e0e98560bb8b62df1502dab69e047147","EXTRACT_MOVE","{Method resolveType() at x-pack/plugin/esql/src/main/java/org/elasticsearch/xpack/esql/expression/function/aggregate/FirstOverTime.java:122}","{Method timestamp() at x-pack/plugin/esql/src/main/java/org/elasticsearch/xpack/esql/expression/function/aggregate/Idelta.java:139}","-116","-133"
"7e757468e0e98560bb8b62df1502dab69e047147","EXTRACT_MOVE","{Method new(Source, Expression, Expression, Expression) at x-pack/plugin/esql/src/main/java/org/elasticsearch/xpack/esql/expression/function/aggregate/LastOverTime.java:83}","{Method timestamp() at x-pack/plugin/esql/src/main/java/org/elasticsearch/xpack/esql/expression/function/aggregate/Idelta.java:139}","-77","-133"
"7e757468e0e98560bb8b62df1502dab69e047147","EXTRACT_MOVE","{Method timestamp() at x-pack/plugin/esql/src/main/java/org/elasticsearch/xpack/esql/expression/function/aggregate/Rate.java:148}","{Method timestamp() at x-pack/plugin/esql/src/main/java/org/elasticsearch/xpack/esql/expression/function/scalar/date/TRange.java:131}","-142","-125"
"7e757468e0e98560bb8b62df1502dab69e047147","EXTRACT_MOVE","{Method withFilter(Expression) at x-pack/plugin/esql/src/main/java/org/elasticsearch/xpack/esql/expression/function/aggregate/LastOverTime.java:116}","{Method timestamp() at x-pack/plugin/esql/src/main/java/org/elasticsearch/xpack/esql/expression/function/scalar/date/TRange.java:131}","-110","-125"
"7e757468e0e98560bb8b62df1502dab69e047147","EXTRACT_MOVE","{Method info() at x-pack/plugin/esql/src/main/java/org/elasticsearch/xpack/esql/expression/function/aggregate/Increase.java:101}","{Method timestamp() at x-pack/plugin/esql/src/main/java/org/elasticsearch/xpack/esql/expression/function/aggregate/Irate.java:136}","-95","-130"
"7e757468e0e98560bb8b62df1502dab69e047147","EXTRACT_MOVE","{Method timestamp() at x-pack/plugin/esql/src/main/java/org/elasticsearch/xpack/esql/expression/function/aggregate/Increase.java:151}","{Method timestamp() at x-pack/plugin/esql/src/main/java/org/elasticsearch/xpack/esql/expression/function/aggregate/Idelta.java:139}","-145","-133"
"7e757468e0e98560bb8b62df1502dab69e047147","EXTRACT","{Method def(Class, BiFunction, String...) at x-pack/plugin/esql/src/main/java/org/elasticsearch/xpack/esql/expression/function/EsqlFunctionRegistry.java:991}","{Method checkIsUniFunction(int) at x-pack/plugin/esql/src/main/java/org/elasticsearch/xpack/esql/expression/function/EsqlFunctionRegistry.java:1327}","-985","-1321"
"7e757468e0e98560bb8b62df1502dab69e047147","EXTRACT","{Method withFilter(Expression) at x-pack/plugin/esql/src/main/java/org/elasticsearch/xpack/esql/expression/function/aggregate/Irate.java:108}","{Method timestamp() at x-pack/plugin/esql/src/main/java/org/elasticsearch/xpack/esql/expression/function/aggregate/Irate.java:136}","-102","-130"
"7e757468e0e98560bb8b62df1502dab69e047147","EXTRACT_MOVE","{Method new(Source, Expression, Expression) at x-pack/plugin/esql/src/main/java/org/elasticsearch/xpack/esql/expression/function/grouping/TBucket.java:74}","{Method timestamp() at x-pack/plugin/esql/src/main/java/org/elasticsearch/xpack/esql/expression/function/scalar/date/TRange.java:131}","-68","-125"
"7e757468e0e98560bb8b62df1502dab69e047147","EXTRACT_MOVE","{Method info() at x-pack/plugin/esql/src/main/java/org/elasticsearch/xpack/esql/expression/function/aggregate/Delta.java:89}","{Method timestamp() at x-pack/plugin/esql/src/main/java/org/elasticsearch/xpack/esql/expression/function/scalar/date/TRange.java:131}","-83","-125"
"7e757468e0e98560bb8b62df1502dab69e047147","EXTRACT_MOVE","{Method info() at x-pack/plugin/esql/src/main/java/org/elasticsearch/xpack/esql/expression/function/aggregate/Idelta.java:91}","{Method timestamp() at x-pack/plugin/esql/src/main/java/org/elasticsearch/xpack/esql/expression/function/aggregate/Irate.java:136}","-85","-130"
"7e757468e0e98560bb8b62df1502dab69e047147","EXTRACT_MOVE","{Method nullable() at x-pack/plugin/esql/src/main/java/org/elasticsearch/xpack/esql/expression/function/scalar/date/TRange.java:213}","{Method timestamp() at x-pack/plugin/esql/src/main/java/org/elasticsearch/xpack/esql/expression/function/aggregate/Idelta.java:139}","-207","-133"
"7e757468e0e98560bb8b62df1502dab69e047147","EXTRACT_MOVE","{Method dataType() at x-pack/plugin/esql/src/main/java/org/elasticsearch/xpack/esql/expression/function/grouping/TBucket.java:110}","{Method timestamp() at x-pack/plugin/esql/src/main/java/org/elasticsearch/xpack/esql/expression/function/aggregate/Idelta.java:139}","-104","-133"
"7e757468e0e98560bb8b62df1502dab69e047147","EXTRACT_MOVE","{Method resolveType() at x-pack/plugin/esql/src/main/java/org/elasticsearch/xpack/esql/expression/function/aggregate/LastOverTime.java:126}","{Method timestamp() at x-pack/plugin/esql/src/main/java/org/elasticsearch/xpack/esql/expression/function/scalar/date/TRange.java:131}","-120","-125"
"7e757468e0e98560bb8b62df1502dab69e047147","EXTRACT_MOVE","{Method info() at x-pack/plugin/esql/src/main/java/org/elasticsearch/xpack/esql/expression/function/aggregate/Idelta.java:91}","{Method timestamp() at x-pack/plugin/esql/src/main/java/org/elasticsearch/xpack/esql/expression/function/scalar/date/TRange.java:131}","-85","-125"
"7e757468e0e98560bb8b62df1502dab69e047147","EXTRACT_MOVE","{Method resolveType() at x-pack/plugin/esql/src/main/java/org/elasticsearch/xpack/esql/expression/function/grouping/TBucket.java:100}","{Method timestamp() at x-pack/plugin/esql/src/main/java/org/elasticsearch/xpack/esql/expression/function/aggregate/Idelta.java:139}","-94","-133"
"7e757468e0e98560bb8b62df1502dab69e047147","EXTRACT_MOVE","{Method withFilter(Expression) at x-pack/plugin/esql/src/main/java/org/elasticsearch/xpack/esql/expression/function/aggregate/FirstOverTime.java:112}","{Method timestamp() at x-pack/plugin/esql/src/main/java/org/elasticsearch/xpack/esql/expression/function/scalar/date/TRange.java:131}","-106","-125"
"7e757468e0e98560bb8b62df1502dab69e047147","EXTRACT_MOVE","{Method new(Source, Expression, Expression, Expression) at x-pack/plugin/esql/src/main/java/org/elasticsearch/xpack/esql/expression/function/aggregate/Delta.java:70}","{Method timestamp() at x-pack/plugin/esql/src/main/java/org/elasticsearch/xpack/esql/expression/function/scalar/date/TRange.java:131}","-64","-125"
"7e757468e0e98560bb8b62df1502dab69e047147","EXTRACT_MOVE","{Method info() at x-pack/plugin/esql/src/main/java/org/elasticsearch/xpack/esql/expression/function/aggregate/Rate.java:98}","{Method timestamp() at x-pack/plugin/esql/src/main/java/org/elasticsearch/xpack/esql/expression/function/scalar/date/TRange.java:131}","-92","-125"
"7e757468e0e98560bb8b62df1502dab69e047147","EXTRACT_MOVE","{Method info() at x-pack/plugin/esql/src/main/java/org/elasticsearch/xpack/esql/expression/function/aggregate/FirstOverTime.java:98}","{Method timestamp() at x-pack/plugin/esql/src/main/java/org/elasticsearch/xpack/esql/expression/function/aggregate/Idelta.java:139}","-92","-133"
"7e757468e0e98560bb8b62df1502dab69e047147","EXTRACT_MOVE","{Method withFilter(Expression) at x-pack/plugin/esql/src/main/java/org/elasticsearch/xpack/esql/expression/function/aggregate/Irate.java:108}","{Method timestamp() at x-pack/plugin/esql/src/main/java/org/elasticsearch/xpack/esql/expression/function/scalar/date/TRange.java:131}","-102","-125"
"7e757468e0e98560bb8b62df1502dab69e047147","EXTRACT","{Method new(Source, Expression, Expression) at x-pack/plugin/esql/src/main/java/org/elasticsearch/xpack/esql/expression/function/aggregate/Irate.java:62}","{Method timestamp() at x-pack/plugin/esql/src/main/java/org/elasticsearch/xpack/esql/expression/function/aggregate/Irate.java:136}","-56","-130"
"7e757468e0e98560bb8b62df1502dab69e047147","EXTRACT_MOVE","{Method new(Source, Expression, Expression) at x-pack/plugin/esql/src/main/java/org/elasticsearch/xpack/esql/expression/function/grouping/TBucket.java:74}","{Method timestamp() at x-pack/plugin/esql/src/main/java/org/elasticsearch/xpack/esql/expression/function/aggregate/Irate.java:136}","-68","-130"
"7e757468e0e98560bb8b62df1502dab69e047147","EXTRACT","{Method nullable() at x-pack/plugin/esql/src/main/java/org/elasticsearch/xpack/esql/expression/function/scalar/date/TRange.java:213}","{Method timestamp() at x-pack/plugin/esql/src/main/java/org/elasticsearch/xpack/esql/expression/function/scalar/date/TRange.java:131}","-207","-125"
"7e757468e0e98560bb8b62df1502dab69e047147","CHANGE_SIGNATURE","{Method new(Source, String, String, NameId, String, Object) at x-pack/plugin/esql-core/src/main/java/org/elasticsearch/xpack/esql/core/expression/UnresolvedAttribute.java:61}","{Method new(Source, String, String, NameId, String) at x-pack/plugin/esql-core/src/main/java/org/elasticsearch/xpack/esql/core/expression/UnresolvedAttribute.java:53}","-55","-47"
"7e757468e0e98560bb8b62df1502dab69e047147","EXTRACT_MOVE","{Method info() at x-pack/plugin/esql/src/main/java/org/elasticsearch/xpack/esql/expression/function/aggregate/Delta.java:89}","{Method timestamp() at x-pack/plugin/esql/src/main/java/org/elasticsearch/xpack/esql/expression/function/aggregate/Irate.java:136}","-83","-130"
"7e757468e0e98560bb8b62df1502dab69e047147","EXTRACT_MOVE","{Method new(Source, Expression, Expression) at x-pack/plugin/esql/src/main/java/org/elasticsearch/xpack/esql/expression/function/aggregate/FirstOverTime.java:70}","{Method timestamp() at x-pack/plugin/esql/src/main/java/org/elasticsearch/xpack/esql/expression/function/aggregate/Irate.java:136}","-64","-130"
"7e757468e0e98560bb8b62df1502dab69e047147","EXTRACT_MOVE","{Method new(Source, Expression, Expression, Expression) at x-pack/plugin/esql/src/main/java/org/elasticsearch/xpack/esql/expression/function/aggregate/Rate.java:79}","{Method timestamp() at x-pack/plugin/esql/src/main/java/org/elasticsearch/xpack/esql/expression/function/scalar/date/TRange.java:131}","-73","-125"
"7e757468e0e98560bb8b62df1502dab69e047147","EXTRACT_MOVE","{Method withFilter(Expression) at x-pack/plugin/esql/src/main/java/org/elasticsearch/xpack/esql/expression/function/aggregate/Delta.java:103}","{Method timestamp() at x-pack/plugin/esql/src/main/java/org/elasticsearch/xpack/esql/expression/function/aggregate/Irate.java:136}","-97","-130"
"7e757468e0e98560bb8b62df1502dab69e047147","EXTRACT","{Method getRange(FoldContext) at x-pack/plugin/esql/src/main/java/org/elasticsearch/xpack/esql/expression/function/scalar/date/TRange.java:218}","{Method timestamp() at x-pack/plugin/esql/src/main/java/org/elasticsearch/xpack/esql/expression/function/scalar/date/TRange.java:131}","-212","-125"
"7e757468e0e98560bb8b62df1502dab69e047147","EXTRACT_MOVE","{Method getRange(FoldContext) at x-pack/plugin/esql/src/main/java/org/elasticsearch/xpack/esql/expression/function/scalar/date/TRange.java:218}","{Method timestamp() at x-pack/plugin/esql/src/main/java/org/elasticsearch/xpack/esql/expression/function/aggregate/Idelta.java:139}","-212","-133"
"7e757468e0e98560bb8b62df1502dab69e047147","EXTRACT_MOVE","{Method timestamp() at x-pack/plugin/esql/src/main/java/org/elasticsearch/xpack/esql/expression/function/aggregate/Delta.java:145}","{Method timestamp() at x-pack/plugin/esql/src/main/java/org/elasticsearch/xpack/esql/expression/function/scalar/date/TRange.java:131}","-139","-125"
"7e757468e0e98560bb8b62df1502dab69e047147","EXTRACT_MOVE","{Method new(Source, Expression, Expression) at x-pack/plugin/esql/src/main/java/org/elasticsearch/xpack/esql/expression/function/aggregate/LastOverTime.java:74}","{Method timestamp() at x-pack/plugin/esql/src/main/java/org/elasticsearch/xpack/esql/expression/function/scalar/date/TRange.java:131}","-68","-125"
"7e757468e0e98560bb8b62df1502dab69e047147","EXTRACT_MOVE","{Method new(Source, Expression, Expression) at x-pack/plugin/esql/src/main/java/org/elasticsearch/xpack/esql/expression/function/aggregate/Rate.java:66}","{Method timestamp() at x-pack/plugin/esql/src/main/java/org/elasticsearch/xpack/esql/expression/function/aggregate/Idelta.java:139}","-60","-133"
"7e757468e0e98560bb8b62df1502dab69e047147","EXTRACT_MOVE","{Method new(Source, Expression, Expression) at x-pack/plugin/esql/src/main/java/org/elasticsearch/xpack/esql/expression/function/aggregate/Irate.java:62}","{Method timestamp() at x-pack/plugin/esql/src/main/java/org/elasticsearch/xpack/esql/expression/function/scalar/date/TRange.java:131}","-56","-125"
"7e757468e0e98560bb8b62df1502dab69e047147","EXTRACT_MOVE","{Method withFilter(Expression) at x-pack/plugin/esql/src/main/java/org/elasticsearch/xpack/esql/expression/function/aggregate/Rate.java:112}","{Method timestamp() at x-pack/plugin/esql/src/main/java/org/elasticsearch/xpack/esql/expression/function/scalar/date/TRange.java:131}","-106","-125"
"7e757468e0e98560bb8b62df1502dab69e047147","EXTRACT_MOVE","{Method resolveType() at x-pack/plugin/esql/src/main/java/org/elasticsearch/xpack/esql/expression/function/scalar/date/TRange.java:140}","{Method timestamp() at x-pack/plugin/esql/src/main/java/org/elasticsearch/xpack/esql/expression/function/aggregate/Irate.java:136}","-134","-130"
"7e757468e0e98560bb8b62df1502dab69e047147","EXTRACT_MOVE","{Method new(Source, Expression, Expression) at x-pack/plugin/esql/src/main/java/org/elasticsearch/xpack/esql/expression/function/aggregate/LastOverTime.java:74}","{Method timestamp() at x-pack/plugin/esql/src/main/java/org/elasticsearch/xpack/esql/expression/function/aggregate/Irate.java:136}","-68","-130"
"7e757468e0e98560bb8b62df1502dab69e047147","EXTRACT_MOVE","{Method withFilter(Expression) at x-pack/plugin/esql/src/main/java/org/elasticsearch/xpack/esql/expression/function/aggregate/Delta.java:103}","{Method timestamp() at x-pack/plugin/esql/src/main/java/org/elasticsearch/xpack/esql/expression/function/aggregate/Idelta.java:139}","-97","-133"
"7e757468e0e98560bb8b62df1502dab69e047147","EXTRACT_MOVE","{Method withFilter(Expression) at x-pack/plugin/esql/src/main/java/org/elasticsearch/xpack/esql/expression/function/aggregate/Rate.java:112}","{Method timestamp() at x-pack/plugin/esql/src/main/java/org/elasticsearch/xpack/esql/expression/function/aggregate/Irate.java:136}","-106","-130"
"7e757468e0e98560bb8b62df1502dab69e047147","EXTRACT","{Method info() at x-pack/plugin/esql/src/main/java/org/elasticsearch/xpack/esql/expression/function/aggregate/Idelta.java:91}","{Method timestamp() at x-pack/plugin/esql/src/main/java/org/elasticsearch/xpack/esql/expression/function/aggregate/Idelta.java:139}","-85","-133"
"7e757468e0e98560bb8b62df1502dab69e047147","EXTRACT_MOVE","{Method timestamp() at x-pack/plugin/esql/src/main/java/org/elasticsearch/xpack/esql/expression/function/aggregate/Delta.java:145}","{Method timestamp() at x-pack/plugin/esql/src/main/java/org/elasticsearch/xpack/esql/expression/function/aggregate/Irate.java:136}","-139","-130"
"7e757468e0e98560bb8b62df1502dab69e047147","EXTRACT_MOVE","{Method new(Source, Expression, Expression, Expression) at x-pack/plugin/esql/src/main/java/org/elasticsearch/xpack/esql/expression/function/aggregate/Increase.java:82}","{Method timestamp() at x-pack/plugin/esql/src/main/java/org/elasticsearch/xpack/esql/expression/function/scalar/date/TRange.java:131}","-76","-125"
"7e757468e0e98560bb8b62df1502dab69e047147","EXTRACT_MOVE","{Method new(Source, Expression, Expression) at x-pack/plugin/esql/src/main/java/org/elasticsearch/xpack/esql/expression/function/aggregate/Delta.java:61}","{Method timestamp() at x-pack/plugin/esql/src/main/java/org/elasticsearch/xpack/esql/expression/function/aggregate/Irate.java:136}","-55","-130"
"7e757468e0e98560bb8b62df1502dab69e047147","EXTRACT_MOVE","{Method new(Source, Expression, Expression) at x-pack/plugin/esql/src/main/java/org/elasticsearch/xpack/esql/expression/function/aggregate/FirstOverTime.java:70}","{Method timestamp() at x-pack/plugin/esql/src/main/java/org/elasticsearch/xpack/esql/expression/function/aggregate/Idelta.java:139}","-64","-133"
"7e757468e0e98560bb8b62df1502dab69e047147","EXTRACT_MOVE","{Method timestamp() at x-pack/plugin/esql/src/main/java/org/elasticsearch/xpack/esql/expression/function/aggregate/FirstOverTime.java:159}","{Method timestamp() at x-pack/plugin/esql/src/main/java/org/elasticsearch/xpack/esql/expression/function/aggregate/Idelta.java:139}","-153","-133"
"7e757468e0e98560bb8b62df1502dab69e047147","EXTRACT_MOVE","{Method new(Source, Expression, Expression, Expression) at x-pack/plugin/esql/src/main/java/org/elasticsearch/xpack/esql/expression/function/aggregate/FirstOverTime.java:79}","{Method timestamp() at x-pack/plugin/esql/src/main/java/org/elasticsearch/xpack/esql/expression/function/scalar/date/TRange.java:131}","-73","-125"
"7e757468e0e98560bb8b62df1502dab69e047147","EXTRACT_MOVE","{Method build(Source, List) at x-pack/plugin/esql/src/test/java/org/elasticsearch/xpack/esql/expression/function/scalar/date/TRangeErrorTests.java:137}","{Method timestamp() at x-pack/plugin/esql/src/main/java/org/elasticsearch/xpack/esql/expression/function/aggregate/Idelta.java:139}","-131","-133"
"7e757468e0e98560bb8b62df1502dab69e047147","EXTRACT_MOVE","{Method new(Source, Expression, Expression, Expression, Configuration) at x-pack/plugin/esql/src/main/java/org/elasticsearch/xpack/esql/expression/function/scalar/date/TRange.java:108}","{Method timestamp() at x-pack/plugin/esql/src/main/java/org/elasticsearch/xpack/esql/expression/function/aggregate/Idelta.java:139}","-102","-133"
"7e757468e0e98560bb8b62df1502dab69e047147","EXTRACT_MOVE","{Method surrogate() at x-pack/plugin/esql/src/main/java/org/elasticsearch/xpack/esql/expression/function/grouping/TBucket.java:95}","{Method timestamp() at x-pack/plugin/esql/src/main/java/org/elasticsearch/xpack/esql/expression/function/aggregate/Irate.java:136}","-89","-130"
"7e757468e0e98560bb8b62df1502dab69e047147","EXTRACT_MOVE","{Method resolveType() at x-pack/plugin/esql/src/main/java/org/elasticsearch/xpack/esql/expression/function/grouping/TBucket.java:100}","{Method timestamp() at x-pack/plugin/esql/src/main/java/org/elasticsearch/xpack/esql/expression/function/scalar/date/TRange.java:131}","-94","-125"
"7e757468e0e98560bb8b62df1502dab69e047147","CHANGE_SIGNATURE","{Method new(Source, String, NameId, String, Object) at x-pack/plugin/esql-core/src/main/java/org/elasticsearch/xpack/esql/core/expression/UnresolvedAttribute.java:51}","{Method new(Source, String, NameId, String) at x-pack/plugin/esql-core/src/main/java/org/elasticsearch/xpack/esql/core/expression/UnresolvedAttribute.java:49}","-45","-43"
"7e757468e0e98560bb8b62df1502dab69e047147","EXTRACT_MOVE","{Method info() at x-pack/plugin/esql/src/main/java/org/elasticsearch/xpack/esql/expression/function/aggregate/LastOverTime.java:102}","{Method timestamp() at x-pack/plugin/esql/src/main/java/org/elasticsearch/xpack/esql/expression/function/scalar/date/TRange.java:131}","-96","-125"
"7e757468e0e98560bb8b62df1502dab69e047147","EXTRACT_MOVE","{Method info() at x-pack/plugin/esql/src/main/java/org/elasticsearch/xpack/esql/expression/function/aggregate/LastOverTime.java:102}","{Method timestamp() at x-pack/plugin/esql/src/main/java/org/elasticsearch/xpack/esql/expression/function/aggregate/Irate.java:136}","-96","-130"
"7e757468e0e98560bb8b62df1502dab69e047147","EXTRACT","{Method new(Source, Expression, Expression, Expression, Configuration) at x-pack/plugin/esql/src/main/java/org/elasticsearch/xpack/esql/expression/function/scalar/date/TRange.java:108}","{Method timestamp() at x-pack/plugin/esql/src/main/java/org/elasticsearch/xpack/esql/expression/function/scalar/date/TRange.java:131}","-102","-125"
"7e757468e0e98560bb8b62df1502dab69e047147","EXTRACT_MOVE","{Method new(Source, Expression, Expression) at x-pack/plugin/esql/src/main/java/org/elasticsearch/xpack/esql/expression/function/aggregate/Increase.java:69}","{Method timestamp() at x-pack/plugin/esql/src/main/java/org/elasticsearch/xpack/esql/expression/function/aggregate/Idelta.java:139}","-63","-133"
"7e757468e0e98560bb8b62df1502dab69e047147","EXTRACT_MOVE","{Method withFilter(Expression) at x-pack/plugin/esql/src/main/java/org/elasticsearch/xpack/esql/expression/function/aggregate/FirstOverTime.java:112}","{Method timestamp() at x-pack/plugin/esql/src/main/java/org/elasticsearch/xpack/esql/expression/function/aggregate/Irate.java:136}","-106","-130"
"7e757468e0e98560bb8b62df1502dab69e047147","EXTRACT_MOVE","{Method new(Source, Expression, Expression, Expression) at x-pack/plugin/esql/src/main/java/org/elasticsearch/xpack/esql/expression/function/aggregate/Delta.java:70}","{Method timestamp() at x-pack/plugin/esql/src/main/java/org/elasticsearch/xpack/esql/expression/function/aggregate/Irate.java:136}","-64","-130"
"7e757468e0e98560bb8b62df1502dab69e047147","EXTRACT_MOVE","{Method timestamp() at x-pack/plugin/esql/src/main/java/org/elasticsearch/xpack/esql/expression/function/aggregate/LastOverTime.java:164}","{Method timestamp() at x-pack/plugin/esql/src/main/java/org/elasticsearch/xpack/esql/expression/function/aggregate/Idelta.java:139}","-158","-133"
"7e757468e0e98560bb8b62df1502dab69e047147","EXTRACT_MOVE","{Method new(Source, Expression, Expression, Expression) at x-pack/plugin/esql/src/main/java/org/elasticsearch/xpack/esql/expression/function/aggregate/FirstOverTime.java:79}","{Method timestamp() at x-pack/plugin/esql/src/main/java/org/elasticsearch/xpack/esql/expression/function/aggregate/Irate.java:136}","-73","-130"
"7e757468e0e98560bb8b62df1502dab69e047147","EXTRACT_MOVE","{Method new(Source, Expression, Expression, Expression) at x-pack/plugin/esql/src/main/java/org/elasticsearch/xpack/esql/expression/function/aggregate/Rate.java:79}","{Method timestamp() at x-pack/plugin/esql/src/main/java/org/elasticsearch/xpack/esql/expression/function/aggregate/Idelta.java:139}","-73","-133"
"7e757468e0e98560bb8b62df1502dab69e047147","EXTRACT_MOVE","{Method new(Source, Expression, Expression) at x-pack/plugin/esql/src/main/java/org/elasticsearch/xpack/esql/expression/function/aggregate/Delta.java:61}","{Method timestamp() at x-pack/plugin/esql/src/main/java/org/elasticsearch/xpack/esql/expression/function/scalar/date/TRange.java:131}","-55","-125"
"7e757468e0e98560bb8b62df1502dab69e047147","EXTRACT_MOVE","{Method surrogate() at x-pack/plugin/esql/src/main/java/org/elasticsearch/xpack/esql/expression/function/scalar/date/TRange.java:198}","{Method timestamp() at x-pack/plugin/esql/src/main/java/org/elasticsearch/xpack/esql/expression/function/aggregate/Irate.java:136}","-192","-130"
"7e757468e0e98560bb8b62df1502dab69e047147","EXTRACT_MOVE","{Method withFilter(Expression) at x-pack/plugin/esql/src/main/java/org/elasticsearch/xpack/esql/expression/function/aggregate/Increase.java:115}","{Method timestamp() at x-pack/plugin/esql/src/main/java/org/elasticsearch/xpack/esql/expression/function/aggregate/Idelta.java:139}","-109","-133"
"7e757468e0e98560bb8b62df1502dab69e047147","EXTRACT_MOVE","{Method info() at x-pack/plugin/esql/src/main/java/org/elasticsearch/xpack/esql/expression/function/aggregate/Increase.java:101}","{Method timestamp() at x-pack/plugin/esql/src/main/java/org/elasticsearch/xpack/esql/expression/function/aggregate/Idelta.java:139}","-95","-133"
"7e757468e0e98560bb8b62df1502dab69e047147","EXTRACT_MOVE","{Method info() at x-pack/plugin/esql/src/main/java/org/elasticsearch/xpack/esql/expression/function/grouping/TBucket.java:120}","{Method timestamp() at x-pack/plugin/esql/src/main/java/org/elasticsearch/xpack/esql/expression/function/aggregate/Idelta.java:139}","-114","-133"
"7e757468e0e98560bb8b62df1502dab69e047147","EXTRACT_MOVE","{Method info() at x-pack/plugin/esql/src/main/java/org/elasticsearch/xpack/esql/expression/function/aggregate/Rate.java:98}","{Method timestamp() at x-pack/plugin/esql/src/main/java/org/elasticsearch/xpack/esql/expression/function/aggregate/Idelta.java:139}","-92","-133"
"7e757468e0e98560bb8b62df1502dab69e047147","EXTRACT_MOVE","{Method foldable() at x-pack/plugin/esql/src/main/java/org/elasticsearch/xpack/esql/expression/function/scalar/date/TRange.java:135}","{Method timestamp() at x-pack/plugin/esql/src/main/java/org/elasticsearch/xpack/esql/expression/function/aggregate/Irate.java:136}","-129","-130"
"7e757468e0e98560bb8b62df1502dab69e047147","EXTRACT_MOVE","{Method resolveType() at x-pack/plugin/esql/src/main/java/org/elasticsearch/xpack/esql/expression/function/aggregate/LastOverTime.java:126}","{Method timestamp() at x-pack/plugin/esql/src/main/java/org/elasticsearch/xpack/esql/expression/function/aggregate/Idelta.java:139}","-120","-133"
"7e757468e0e98560bb8b62df1502dab69e047147","EXTRACT_MOVE","{Method new(Source, Expression, Expression, Expression) at x-pack/plugin/esql/src/main/java/org/elasticsearch/xpack/esql/expression/function/aggregate/LastOverTime.java:83}","{Method timestamp() at x-pack/plugin/esql/src/main/java/org/elasticsearch/xpack/esql/expression/function/scalar/date/TRange.java:131}","-77","-125"
"7e757468e0e98560bb8b62df1502dab69e047147","EXTRACT_MOVE","{Method info() at x-pack/plugin/esql/src/main/java/org/elasticsearch/xpack/esql/expression/function/scalar/date/TRange.java:208}","{Method timestamp() at x-pack/plugin/esql/src/main/java/org/elasticsearch/xpack/esql/expression/function/aggregate/Idelta.java:139}","-202","-133"
"7e757468e0e98560bb8b62df1502dab69e047147","EXTRACT_MOVE","{Method withFilter(Expression) at x-pack/plugin/esql/src/main/java/org/elasticsearch/xpack/esql/expression/function/aggregate/LastOverTime.java:116}","{Method timestamp() at x-pack/plugin/esql/src/main/java/org/elasticsearch/xpack/esql/expression/function/aggregate/Idelta.java:139}","-110","-133"
"7e757468e0e98560bb8b62df1502dab69e047147","EXTRACT_MOVE","{Method info() at x-pack/plugin/esql/src/main/java/org/elasticsearch/xpack/esql/expression/function/aggregate/Delta.java:89}","{Method timestamp() at x-pack/plugin/esql/src/main/java/org/elasticsearch/xpack/esql/expression/function/aggregate/Idelta.java:139}","-83","-133"
"7e757468e0e98560bb8b62df1502dab69e047147","EXTRACT_MOVE","{Method new(Source, Expression, Expression, Expression) at x-pack/plugin/esql/src/main/java/org/elasticsearch/xpack/esql/expression/function/aggregate/Irate.java:75}","{Method timestamp() at x-pack/plugin/esql/src/main/java/org/elasticsearch/xpack/esql/expression/function/aggregate/Idelta.java:139}","-69","-133"
"7e757468e0e98560bb8b62df1502dab69e047147","EXTRACT_MOVE","{Method new(Source, Expression, Expression, Expression) at x-pack/plugin/esql/src/main/java/org/elasticsearch/xpack/esql/expression/function/aggregate/Irate.java:75}","{Method timestamp() at x-pack/plugin/esql/src/main/java/org/elasticsearch/xpack/esql/expression/function/scalar/date/TRange.java:131}","-69","-125"
"7e757468e0e98560bb8b62df1502dab69e047147","EXTRACT_MOVE","{Method timestamp() at x-pack/plugin/esql/src/main/java/org/elasticsearch/xpack/esql/expression/function/aggregate/LastOverTime.java:164}","{Method timestamp() at x-pack/plugin/esql/src/main/java/org/elasticsearch/xpack/esql/expression/function/scalar/date/TRange.java:131}","-158","-125"
"7e757468e0e98560bb8b62df1502dab69e047147","EXTRACT","{Method withFilter(Expression) at x-pack/plugin/esql/src/main/java/org/elasticsearch/xpack/esql/expression/function/aggregate/Idelta.java:105}","{Method timestamp() at x-pack/plugin/esql/src/main/java/org/elasticsearch/xpack/esql/expression/function/aggregate/Idelta.java:139}","-99","-133"
"7e757468e0e98560bb8b62df1502dab69e047147","EXTRACT_MOVE","{Method info() at x-pack/plugin/esql/src/main/java/org/elasticsearch/xpack/esql/expression/function/grouping/TBucket.java:120}","{Method timestamp() at x-pack/plugin/esql/src/main/java/org/elasticsearch/xpack/esql/expression/function/scalar/date/TRange.java:131}","-114","-125"
"7e757468e0e98560bb8b62df1502dab69e047147","EXTRACT_MOVE","{Method resolveType() at x-pack/plugin/esql/src/main/java/org/elasticsearch/xpack/esql/expression/function/aggregate/FirstOverTime.java:122}","{Method timestamp() at x-pack/plugin/esql/src/main/java/org/elasticsearch/xpack/esql/expression/function/scalar/date/TRange.java:131}","-116","-125"
"7e757468e0e98560bb8b62df1502dab69e047147","EXTRACT_MOVE","{Method new(Source, Expression, Expression, Expression) at x-pack/plugin/esql/src/main/java/org/elasticsearch/xpack/esql/expression/function/aggregate/LastOverTime.java:83}","{Method timestamp() at x-pack/plugin/esql/src/main/java/org/elasticsearch/xpack/esql/expression/function/aggregate/Irate.java:136}","-77","-130"
"7e757468e0e98560bb8b62df1502dab69e047147","EXTRACT_MOVE","{Method timestamp() at x-pack/plugin/esql/src/main/java/org/elasticsearch/xpack/esql/expression/function/aggregate/Increase.java:151}","{Method timestamp() at x-pack/plugin/esql/src/main/java/org/elasticsearch/xpack/esql/expression/function/aggregate/Irate.java:136}","-145","-130"
"7e757468e0e98560bb8b62df1502dab69e047147","EXTRACT_MOVE","{Method new(Source, Expression, Expression) at x-pack/plugin/esql/src/main/java/org/elasticsearch/xpack/esql/expression/function/aggregate/Idelta.java:63}","{Method timestamp() at x-pack/plugin/esql/src/main/java/org/elasticsearch/xpack/esql/expression/function/scalar/date/TRange.java:131}","-57","-125"
"7e757468e0e98560bb8b62df1502dab69e047147","EXTRACT_MOVE","{Method withFilter(Expression) at x-pack/plugin/esql/src/main/java/org/elasticsearch/xpack/esql/expression/function/aggregate/Idelta.java:105}","{Method timestamp() at x-pack/plugin/esql/src/main/java/org/elasticsearch/xpack/esql/expression/function/aggregate/Irate.java:136}","-99","-130"
"7e757468e0e98560bb8b62df1502dab69e047147","EXTRACT_MOVE","{Method info() at x-pack/plugin/esql/src/main/java/org/elasticsearch/xpack/esql/expression/function/aggregate/Irate.java:94}","{Method timestamp() at x-pack/plugin/esql/src/main/java/org/elasticsearch/xpack/esql/expression/function/aggregate/Idelta.java:139}","-88","-133"
"7e757468e0e98560bb8b62df1502dab69e047147","EXTRACT_MOVE","{Method getRange(FoldContext) at x-pack/plugin/esql/src/main/java/org/elasticsearch/xpack/esql/expression/function/scalar/date/TRange.java:218}","{Method timestamp() at x-pack/plugin/esql/src/main/java/org/elasticsearch/xpack/esql/expression/function/aggregate/Irate.java:136}","-212","-130"
"7e757468e0e98560bb8b62df1502dab69e047147","EXTRACT_MOVE","{Method info() at x-pack/plugin/esql/src/main/java/org/elasticsearch/xpack/esql/expression/function/aggregate/FirstOverTime.java:98}","{Method timestamp() at x-pack/plugin/esql/src/main/java/org/elasticsearch/xpack/esql/expression/function/aggregate/Irate.java:136}","-92","-130"
"7e757468e0e98560bb8b62df1502dab69e047147","EXTRACT_MOVE","{Method new(Source, Expression, Expression, Expression) at x-pack/plugin/esql/src/main/java/org/elasticsearch/xpack/esql/expression/function/aggregate/Idelta.java:72}","{Method timestamp() at x-pack/plugin/esql/src/main/java/org/elasticsearch/xpack/esql/expression/function/aggregate/Irate.java:136}","-66","-130"
"7e757468e0e98560bb8b62df1502dab69e047147","EXTRACT_MOVE","{Method new(Source, Expression, Expression, Expression) at x-pack/plugin/esql/src/main/java/org/elasticsearch/xpack/esql/expression/function/aggregate/Increase.java:82}","{Method timestamp() at x-pack/plugin/esql/src/main/java/org/elasticsearch/xpack/esql/expression/function/aggregate/Irate.java:136}","-76","-130"
"7e757468e0e98560bb8b62df1502dab69e047147","EXTRACT","{Method new(Source, Expression, Expression, Expression) at x-pack/plugin/esql/src/main/java/org/elasticsearch/xpack/esql/expression/function/aggregate/Irate.java:75}","{Method timestamp() at x-pack/plugin/esql/src/main/java/org/elasticsearch/xpack/esql/expression/function/aggregate/Irate.java:136}","-69","-130"
"7e757468e0e98560bb8b62df1502dab69e047147","CHANGE_SIGNATURE","{Method new(Source, String, String, NameId, String, Object, String) at x-pack/plugin/esql-core/src/main/java/org/elasticsearch/xpack/esql/core/expression/UnresolvedTimestamp.java:22}","{Method new(Source, String, String, NameId, String) at x-pack/plugin/esql-core/src/main/java/org/elasticsearch/xpack/esql/core/expression/UnresolvedTimestamp.java:27}","-16","-21"
"7e757468e0e98560bb8b62df1502dab69e047147","EXTRACT_MOVE","{Method timestamp() at x-pack/plugin/esql/src/main/java/org/elasticsearch/xpack/esql/expression/function/aggregate/Increase.java:151}","{Method timestamp() at x-pack/plugin/esql/src/main/java/org/elasticsearch/xpack/esql/expression/function/scalar/date/TRange.java:131}","-145","-125"
"7e757468e0e98560bb8b62df1502dab69e047147","EXTRACT","{Method info() at x-pack/plugin/esql/src/main/java/org/elasticsearch/xpack/esql/expression/function/aggregate/Irate.java:94}","{Method timestamp() at x-pack/plugin/esql/src/main/java/org/elasticsearch/xpack/esql/expression/function/aggregate/Irate.java:136}","-88","-130"
"7e757468e0e98560bb8b62df1502dab69e047147","EXTRACT_MOVE","{Method new(Source, Expression, Expression) at x-pack/plugin/esql/src/main/java/org/elasticsearch/xpack/esql/expression/function/grouping/TBucket.java:74}","{Method timestamp() at x-pack/plugin/esql/src/main/java/org/elasticsearch/xpack/esql/expression/function/aggregate/Idelta.java:139}","-68","-133"
"7e757468e0e98560bb8b62df1502dab69e047147","EXTRACT_MOVE","{Method new(Source, Expression, Expression) at x-pack/plugin/esql/src/main/java/org/elasticsearch/xpack/esql/expression/function/aggregate/Increase.java:69}","{Method timestamp() at x-pack/plugin/esql/src/main/java/org/elasticsearch/xpack/esql/expression/function/scalar/date/TRange.java:131}","-63","-125"
"7e757468e0e98560bb8b62df1502dab69e047147","EXTRACT_MOVE","{Method withFilter(Expression) at x-pack/plugin/esql/src/main/java/org/elasticsearch/xpack/esql/expression/function/aggregate/Rate.java:112}","{Method timestamp() at x-pack/plugin/esql/src/main/java/org/elasticsearch/xpack/esql/expression/function/aggregate/Idelta.java:139}","-106","-133"
"7e757468e0e98560bb8b62df1502dab69e047147","EXTRACT_MOVE","{Method resolveType() at x-pack/plugin/esql/src/main/java/org/elasticsearch/xpack/esql/expression/function/grouping/TBucket.java:100}","{Method timestamp() at x-pack/plugin/esql/src/main/java/org/elasticsearch/xpack/esql/expression/function/aggregate/Irate.java:136}","-94","-130"
"7e757468e0e98560bb8b62df1502dab69e047147","EXTRACT","{Method new(Source, String, String, NameId, String, Object) at x-pack/plugin/esql-core/src/main/java/org/elasticsearch/xpack/esql/core/expression/UnresolvedAttribute.java:61}","{Method defaultUnresolvedMessage(List) at x-pack/plugin/esql-core/src/main/java/org/elasticsearch/xpack/esql/core/expression/UnresolvedAttribute.java:156}","-55","-150"
"7e757468e0e98560bb8b62df1502dab69e047147","EXTRACT_MOVE","{Method resolveType() at x-pack/plugin/esql/src/main/java/org/elasticsearch/xpack/esql/expression/function/aggregate/FirstOverTime.java:122}","{Method timestamp() at x-pack/plugin/esql/src/main/java/org/elasticsearch/xpack/esql/expression/function/aggregate/Irate.java:136}","-116","-130"
"7e757468e0e98560bb8b62df1502dab69e047147","EXTRACT_MOVE","{Method nullable() at x-pack/plugin/esql/src/main/java/org/elasticsearch/xpack/esql/expression/function/scalar/date/TRange.java:213}","{Method timestamp() at x-pack/plugin/esql/src/main/java/org/elasticsearch/xpack/esql/expression/function/aggregate/Irate.java:136}","-207","-130"
"7e757468e0e98560bb8b62df1502dab69e047147","EXTRACT_MOVE","{Method surrogate() at x-pack/plugin/esql/src/main/java/org/elasticsearch/xpack/esql/expression/function/grouping/TBucket.java:95}","{Method timestamp() at x-pack/plugin/esql/src/main/java/org/elasticsearch/xpack/esql/expression/function/scalar/date/TRange.java:131}","-89","-125"
"7e757468e0e98560bb8b62df1502dab69e047147","EXTRACT_MOVE","{Method timestamp() at x-pack/plugin/esql/src/main/java/org/elasticsearch/xpack/esql/expression/function/aggregate/Rate.java:148}","{Method timestamp() at x-pack/plugin/esql/src/main/java/org/elasticsearch/xpack/esql/expression/function/aggregate/Idelta.java:139}","-142","-133"
"772e6a18997f3f5594f783072f7e35dac626d62f","CHANGE_SIGNATURE","{Method new(Set, Collection) at test/framework/src/main/java/org/elasticsearch/test/rest/ESRestTestFeatureService.java:48}","{Method new(ESRestTestCase.VersionFeaturesPredicate, Collection) at test/framework/src/main/java/org/elasticsearch/test/rest/ESRestTestFeatureService.java:48}","-42","-42"
"772e6a18997f3f5594f783072f7e35dac626d62f","CHANGE_SIGNATURE","{Method createTestFeatureService(Map, Set) at test/framework/src/main/java/org/elasticsearch/test/rest/ESRestTestCase.java:468}","{Method createTestFeatureService(Map, VersionFeaturesPredicate) at test/framework/src/main/java/org/elasticsearch/test/rest/ESRestTestCase.java:466}","-462","-460"
"5e61b1e1338fd7c3d29636f324fdd1641b1daa0d","CHANGE_SIGNATURE","{Method validate(EsqlStatement, RemoteClusterService) at x-pack/plugin/esql/src/main/java/org/elasticsearch/xpack/esql/plan/QuerySettings.java:62}","{Method validate(EsqlStatement, SettingsValidationContext) at x-pack/plugin/esql/src/main/java/org/elasticsearch/xpack/esql/plan/QuerySettings.java:60}","-56","-54"
"5e61b1e1338fd7c3d29636f324fdd1641b1daa0d","CHANGE_SIGNATURE","{Method validate(Literal, RemoteClusterService) at x-pack/plugin/esql/src/main/java/org/elasticsearch/xpack/esql/plan/QuerySettings.java:148}","{Method validate(Literal, SettingsValidationContext) at x-pack/plugin/esql/src/main/java/org/elasticsearch/xpack/esql/plan/QuerySettings.java:150}","-134","-136"
"5e61b1e1338fd7c3d29636f324fdd1641b1daa0d","EXTRACT","{Method assertInvalid(String, Expression, String) at x-pack/plugin/esql/src/test/java/org/elasticsearch/xpack/esql/plan/QuerySettingsTests.java:80}","{Method assertInvalid(String, SettingsValidationContext, Expression, String) at x-pack/plugin/esql/src/test/java/org/elasticsearch/xpack/esql/plan/QuerySettingsTests.java:113}","-74","-107"
"9558e19d26ae3a76eb0d492cb64251d29261e64c"
"5ffa07cdf83b2a104270a5ef1f5891affa23efbe"
"a9a9f0caae6e740480eb122b16b06b0d43d181b5"
"940ac1392b09a3a417861b0014c90ec94b499924"
"6ee83d1bea47d3bf5f8de4a57c7682399d5c1932"
"83f6f0b4bcdacfd8705131880e8766da38478c01"
"d0bf1de702dedf9026fff38c7dea9f5501062e2b"
"4245e18b45ac665d58b41e3a492636e0869f36f0"
"cf35486ff6276c9eb7d11bdb42b6cddcb9123224"
"af2912e77eeae3f4cb1dbe1e7d05a9fc783e7888","INLINE","{Method addRawInput(int, IntArrayBlock, IntVector) at x-pack/plugin/esql/compute/src/main/generated/org/elasticsearch/compute/aggregation/spatial/SpatialExtentGeoShapeDocValuesGroupingAggregatorFunction.java:133}","{Method add(int, IntBigArrayBlock) at x-pack/plugin/esql/compute/src/main/generated/org/elasticsearch/compute/aggregation/spatial/SpatialExtentCartesianShapeDocValuesGroupingAggregatorFunction.java:97}","-129","-89"
"af2912e77eeae3f4cb1dbe1e7d05a9fc783e7888","INLINE","{Method addRawInput(int, IntArrayBlock, IntVector) at x-pack/plugin/esql/compute/src/main/generated/org/elasticsearch/compute/aggregation/spatial/SpatialExtentGeoShapeDocValuesGroupingAggregatorFunction.java:133}","{Method prepareProcessRawInputPage(SeenGroupIds, Page) at x-pack/plugin/esql/compute/src/main/generated/org/elasticsearch/compute/aggregation/spatial/SpatialExtentCartesianShapeDocValuesGroupingAggregatorFunction.java:63}","-129","-59"
"af2912e77eeae3f4cb1dbe1e7d05a9fc783e7888","INLINE","{Method blockName() at x-pack/plugin/esql/compute/gen/src/main/java/org/elasticsearch/compute/gen/AggregatorImplementer.java:771}","{Method prepareProcessRawInputPage() at x-pack/plugin/esql/compute/gen/src/main/java/org/elasticsearch/compute/gen/GroupingAggregatorImplementer.java:323}","-761","-317"
"af2912e77eeae3f4cb1dbe1e7d05a9fc783e7888","INLINE","{Method addRawInput(int, IntArrayBlock, IntVector) at x-pack/plugin/esql/compute/src/main/generated/org/elasticsearch/compute/aggregation/spatial/SpatialExtentGeoShapeDocValuesGroupingAggregatorFunction.java:133}","{Method add(int, IntArrayBlock) at x-pack/plugin/esql/compute/src/main/generated/org/elasticsearch/compute/aggregation/spatial/SpatialExtentCartesianShapeDocValuesGroupingAggregatorFunction.java:92}","-129","-84"
"af2912e77eeae3f4cb1dbe1e7d05a9fc783e7888","INLINE","{Method addRawInput(int, IntVector, IntVector) at x-pack/plugin/esql/compute/src/main/generated/org/elasticsearch/compute/aggregation/spatial/SpatialExtentCartesianShapeDocValuesGroupingAggregatorFunction.java:246}","{Method add(int, IntBigArrayBlock) at x-pack/plugin/esql/compute/src/main/generated/org/elasticsearch/compute/aggregation/spatial/SpatialExtentGeoShapeDocValuesGroupingAggregatorFunction.java:99}","-242","-91"
"af2912e77eeae3f4cb1dbe1e7d05a9fc783e7888","INLINE","{Method addRawInput(int, IntArrayBlock, IntVector) at x-pack/plugin/esql/compute/src/main/generated/org/elasticsearch/compute/aggregation/spatial/SpatialExtentCartesianShapeDocValuesGroupingAggregatorFunction.java:131}","{Method add(int, IntArrayBlock) at x-pack/plugin/esql/compute/src/main/generated/org/elasticsearch/compute/aggregation/spatial/SpatialExtentGeoShapeDocValuesGroupingAggregatorFunction.java:94}","-127","-86"
"af2912e77eeae3f4cb1dbe1e7d05a9fc783e7888","INLINE","{Method addRawInput(int, IntArrayBlock, IntVector) at x-pack/plugin/esql/compute/src/main/generated/org/elasticsearch/compute/aggregation/spatial/SpatialExtentGeoShapeDocValuesGroupingAggregatorFunction.java:133}","{Method add(int, IntVector) at x-pack/plugin/esql/compute/src/main/generated/org/elasticsearch/compute/aggregation/spatial/SpatialExtentCartesianShapeDocValuesGroupingAggregatorFunction.java:102}","-129","-94"
"af2912e77eeae3f4cb1dbe1e7d05a9fc783e7888","INLINE","{Method addRawInput(int, IntVector, IntVector) at x-pack/plugin/esql/compute/src/main/generated/org/elasticsearch/compute/aggregation/spatial/SpatialExtentCartesianShapeDocValuesGroupingAggregatorFunction.java:246}","{Method add(int, IntVector) at x-pack/plugin/esql/compute/src/main/generated/org/elasticsearch/compute/aggregation/spatial/SpatialExtentGeoShapeDocValuesGroupingAggregatorFunction.java:104}","-242","-96"
"af2912e77eeae3f4cb1dbe1e7d05a9fc783e7888","INLINE","{Method addRawInput(int, IntVector, IntVector) at x-pack/plugin/esql/compute/src/main/generated/org/elasticsearch/compute/aggregation/spatial/SpatialExtentGeoShapeDocValuesGroupingAggregatorFunction.java:268}","{Method prepareProcessRawInputPage(SeenGroupIds, Page) at x-pack/plugin/esql/compute/src/main/generated/org/elasticsearch/compute/aggregation/spatial/SpatialExtentGeoShapeDocValuesGroupingAggregatorFunction.java:65}","-264","-61"
"af2912e77eeae3f4cb1dbe1e7d05a9fc783e7888","INLINE","{Method addRawInput(int, IntVector, IntVector) at x-pack/plugin/esql/compute/src/main/generated/org/elasticsearch/compute/aggregation/spatial/SpatialExtentGeoShapeDocValuesGroupingAggregatorFunction.java:268}","{Method add(int, IntBigArrayBlock) at x-pack/plugin/esql/compute/src/main/generated/org/elasticsearch/compute/aggregation/spatial/SpatialExtentGeoShapeDocValuesGroupingAggregatorFunction.java:99}","-264","-91"
"af2912e77eeae3f4cb1dbe1e7d05a9fc783e7888","INLINE","{Method addRawInput(int, IntBigArrayBlock, IntVector) at x-pack/plugin/esql/compute/src/main/generated/org/elasticsearch/compute/aggregation/spatial/SpatialExtentGeoShapeDocValuesGroupingAggregatorFunction.java:204}","{Method add(int, IntVector) at x-pack/plugin/esql/compute/src/main/generated/org/elasticsearch/compute/aggregation/spatial/SpatialExtentCartesianShapeDocValuesGroupingAggregatorFunction.java:102}","-200","-94"
"af2912e77eeae3f4cb1dbe1e7d05a9fc783e7888","INLINE","{Method addRawInput(int, IntBigArrayBlock, IntVector) at x-pack/plugin/esql/compute/src/main/generated/org/elasticsearch/compute/aggregation/spatial/SpatialExtentCartesianShapeDocValuesGroupingAggregatorFunction.java:192}","{Method prepareProcessRawInputPage(SeenGroupIds, Page) at x-pack/plugin/esql/compute/src/main/generated/org/elasticsearch/compute/aggregation/spatial/SpatialExtentCartesianShapeDocValuesGroupingAggregatorFunction.java:63}","-188","-59"
"af2912e77eeae3f4cb1dbe1e7d05a9fc783e7888","INLINE","{Method addRawInput(int, IntArrayBlock, IntVector) at x-pack/plugin/esql/compute/src/main/generated/org/elasticsearch/compute/aggregation/spatial/SpatialExtentCartesianShapeDocValuesGroupingAggregatorFunction.java:131}","{Method prepareProcessRawInputPage(SeenGroupIds, Page) at x-pack/plugin/esql/compute/src/main/generated/org/elasticsearch/compute/aggregation/spatial/SpatialExtentCartesianShapeDocValuesGroupingAggregatorFunction.java:63}","-127","-59"
"af2912e77eeae3f4cb1dbe1e7d05a9fc783e7888","INLINE","{Method addRawInput(int, IntArrayBlock, IntVector) at x-pack/plugin/esql/compute/src/main/generated/org/elasticsearch/compute/aggregation/spatial/SpatialExtentCartesianShapeDocValuesGroupingAggregatorFunction.java:131}","{Method add(int, IntBigArrayBlock) at x-pack/plugin/esql/compute/src/main/generated/org/elasticsearch/compute/aggregation/spatial/SpatialExtentGeoShapeDocValuesGroupingAggregatorFunction.java:99}","-127","-91"
"af2912e77eeae3f4cb1dbe1e7d05a9fc783e7888","INLINE","{Method addRawInput(int, IntArrayBlock, IntVector) at x-pack/plugin/esql/compute/src/main/generated/org/elasticsearch/compute/aggregation/spatial/SpatialExtentCartesianShapeDocValuesGroupingAggregatorFunction.java:131}","{Method add(int, IntArrayBlock) at x-pack/plugin/esql/compute/src/main/generated/org/elasticsearch/compute/aggregation/spatial/SpatialExtentCartesianShapeDocValuesGroupingAggregatorFunction.java:92}","-127","-84"
"af2912e77eeae3f4cb1dbe1e7d05a9fc783e7888","INLINE","{Method addRawInput(int, IntBigArrayBlock, IntVector) at x-pack/plugin/esql/compute/src/main/generated/org/elasticsearch/compute/aggregation/spatial/SpatialExtentCartesianShapeDocValuesGroupingAggregatorFunction.java:192}","{Method add(int, IntVector) at x-pack/plugin/esql/compute/src/main/generated/org/elasticsearch/compute/aggregation/spatial/SpatialExtentCartesianShapeDocValuesGroupingAggregatorFunction.java:102}","-188","-94"
"af2912e77eeae3f4cb1dbe1e7d05a9fc783e7888","INLINE","{Method addRawInput(int, IntVector, IntVector) at x-pack/plugin/esql/compute/src/main/generated/org/elasticsearch/compute/aggregation/spatial/SpatialExtentCartesianShapeDocValuesGroupingAggregatorFunction.java:246}","{Method add(int, IntArrayBlock) at x-pack/plugin/esql/compute/src/main/generated/org/elasticsearch/compute/aggregation/spatial/SpatialExtentGeoShapeDocValuesGroupingAggregatorFunction.java:94}","-242","-86"
"af2912e77eeae3f4cb1dbe1e7d05a9fc783e7888","INLINE","{Method addRawInput(int, IntBigArrayBlock, IntVector) at x-pack/plugin/esql/compute/src/main/generated/org/elasticsearch/compute/aggregation/spatial/SpatialExtentGeoShapeDocValuesGroupingAggregatorFunction.java:204}","{Method add(int, IntVector) at x-pack/plugin/esql/compute/src/main/generated/org/elasticsearch/compute/aggregation/spatial/SpatialExtentGeoShapeDocValuesGroupingAggregatorFunction.java:104}","-200","-96"
"af2912e77eeae3f4cb1dbe1e7d05a9fc783e7888","INLINE","{Method addRawInput(int, IntVector, IntVector) at x-pack/plugin/esql/compute/src/main/generated/org/elasticsearch/compute/aggregation/spatial/SpatialExtentGeoShapeDocValuesGroupingAggregatorFunction.java:268}","{Method prepareProcessRawInputPage(SeenGroupIds, Page) at x-pack/plugin/esql/compute/src/main/generated/org/elasticsearch/compute/aggregation/spatial/SpatialExtentCartesianShapeDocValuesGroupingAggregatorFunction.java:63}","-264","-59"
"af2912e77eeae3f4cb1dbe1e7d05a9fc783e7888","INLINE","{Method addRawInput(int, IntBigArrayBlock, IntVector) at x-pack/plugin/esql/compute/src/main/generated/org/elasticsearch/compute/aggregation/spatial/SpatialExtentCartesianShapeDocValuesGroupingAggregatorFunction.java:192}","{Method add(int, IntBigArrayBlock) at x-pack/plugin/esql/compute/src/main/generated/org/elasticsearch/compute/aggregation/spatial/SpatialExtentCartesianShapeDocValuesGroupingAggregatorFunction.java:97}","-188","-89"
"af2912e77eeae3f4cb1dbe1e7d05a9fc783e7888","INLINE","{Method addRawInput(int, IntVector, IntVector) at x-pack/plugin/esql/compute/src/main/generated/org/elasticsearch/compute/aggregation/spatial/SpatialExtentCartesianShapeDocValuesGroupingAggregatorFunction.java:246}","{Method prepareProcessRawInputPage(SeenGroupIds, Page) at x-pack/plugin/esql/compute/src/main/generated/org/elasticsearch/compute/aggregation/spatial/SpatialExtentGeoShapeDocValuesGroupingAggregatorFunction.java:65}","-242","-61"
"af2912e77eeae3f4cb1dbe1e7d05a9fc783e7888","INLINE","{Method addRawInput(int, IntArrayBlock, IntVector) at x-pack/plugin/esql/compute/src/main/generated/org/elasticsearch/compute/aggregation/spatial/SpatialExtentCartesianShapeDocValuesGroupingAggregatorFunction.java:131}","{Method add(int, IntVector) at x-pack/plugin/esql/compute/src/main/generated/org/elasticsearch/compute/aggregation/spatial/SpatialExtentCartesianShapeDocValuesGroupingAggregatorFunction.java:102}","-127","-94"
"af2912e77eeae3f4cb1dbe1e7d05a9fc783e7888","INLINE","{Method addRawInput(int, IntVector, IntVector) at x-pack/plugin/esql/compute/src/main/generated/org/elasticsearch/compute/aggregation/spatial/SpatialExtentGeoShapeDocValuesGroupingAggregatorFunction.java:268}","{Method add(int, IntArrayBlock) at x-pack/plugin/esql/compute/src/main/generated/org/elasticsearch/compute/aggregation/spatial/SpatialExtentGeoShapeDocValuesGroupingAggregatorFunction.java:94}","-264","-86"
"af2912e77eeae3f4cb1dbe1e7d05a9fc783e7888","INLINE","{Method addRawInput(int, IntBigArrayBlock, IntVector) at x-pack/plugin/esql/compute/src/main/generated/org/elasticsearch/compute/aggregation/spatial/SpatialExtentGeoShapeDocValuesGroupingAggregatorFunction.java:204}","{Method add(int, IntBigArrayBlock) at x-pack/plugin/esql/compute/src/main/generated/org/elasticsearch/compute/aggregation/spatial/SpatialExtentCartesianShapeDocValuesGroupingAggregatorFunction.java:97}","-200","-89"
"af2912e77eeae3f4cb1dbe1e7d05a9fc783e7888","INLINE","{Method addRawInput(int, IntArrayBlock, IntVector) at x-pack/plugin/esql/compute/src/main/generated/org/elasticsearch/compute/aggregation/spatial/SpatialExtentGeoShapeDocValuesGroupingAggregatorFunction.java:133}","{Method add(int, IntArrayBlock) at x-pack/plugin/esql/compute/src/main/generated/org/elasticsearch/compute/aggregation/spatial/SpatialExtentGeoShapeDocValuesGroupingAggregatorFunction.java:94}","-129","-86"
"af2912e77eeae3f4cb1dbe1e7d05a9fc783e7888","INLINE","{Method addRawInput(int, IntArrayBlock, IntVector) at x-pack/plugin/esql/compute/src/main/generated/org/elasticsearch/compute/aggregation/spatial/SpatialExtentGeoShapeDocValuesGroupingAggregatorFunction.java:133}","{Method prepareProcessRawInputPage(SeenGroupIds, Page) at x-pack/plugin/esql/compute/src/main/generated/org/elasticsearch/compute/aggregation/spatial/SpatialExtentGeoShapeDocValuesGroupingAggregatorFunction.java:65}","-129","-61"
"af2912e77eeae3f4cb1dbe1e7d05a9fc783e7888","INLINE","{Method addRawInput(int, IntVector, IntVector) at x-pack/plugin/esql/compute/src/main/generated/org/elasticsearch/compute/aggregation/spatial/SpatialExtentCartesianShapeDocValuesGroupingAggregatorFunction.java:246}","{Method prepareProcessRawInputPage(SeenGroupIds, Page) at x-pack/plugin/esql/compute/src/main/generated/org/elasticsearch/compute/aggregation/spatial/SpatialExtentCartesianShapeDocValuesGroupingAggregatorFunction.java:63}","-242","-59"
"af2912e77eeae3f4cb1dbe1e7d05a9fc783e7888","INLINE","{Method addRawInput(int, IntVector, IntVector) at x-pack/plugin/esql/compute/src/main/generated/org/elasticsearch/compute/aggregation/spatial/SpatialExtentCartesianShapeDocValuesGroupingAggregatorFunction.java:246}","{Method add(int, IntArrayBlock) at x-pack/plugin/esql/compute/src/main/generated/org/elasticsearch/compute/aggregation/spatial/SpatialExtentCartesianShapeDocValuesGroupingAggregatorFunction.java:92}","-242","-84"
"af2912e77eeae3f4cb1dbe1e7d05a9fc783e7888","INLINE","{Method addRawInput(int, IntBigArrayBlock, IntVector) at x-pack/plugin/esql/compute/src/main/generated/org/elasticsearch/compute/aggregation/spatial/SpatialExtentCartesianShapeDocValuesGroupingAggregatorFunction.java:192}","{Method add(int, IntBigArrayBlock) at x-pack/plugin/esql/compute/src/main/generated/org/elasticsearch/compute/aggregation/spatial/SpatialExtentGeoShapeDocValuesGroupingAggregatorFunction.java:99}","-188","-91"
"af2912e77eeae3f4cb1dbe1e7d05a9fc783e7888","INLINE","{Method addRawInput(int, IntVector, IntVector) at x-pack/plugin/esql/compute/src/main/generated/org/elasticsearch/compute/aggregation/spatial/SpatialExtentGeoShapeDocValuesGroupingAggregatorFunction.java:268}","{Method add(int, IntVector) at x-pack/plugin/esql/compute/src/main/generated/org/elasticsearch/compute/aggregation/spatial/SpatialExtentCartesianShapeDocValuesGroupingAggregatorFunction.java:102}","-264","-94"
"af2912e77eeae3f4cb1dbe1e7d05a9fc783e7888","INLINE","{Method addRawInput(int, IntBigArrayBlock, IntVector) at x-pack/plugin/esql/compute/src/main/generated/org/elasticsearch/compute/aggregation/spatial/SpatialExtentCartesianShapeDocValuesGroupingAggregatorFunction.java:192}","{Method add(int, IntVector) at x-pack/plugin/esql/compute/src/main/generated/org/elasticsearch/compute/aggregation/spatial/SpatialExtentGeoShapeDocValuesGroupingAggregatorFunction.java:104}","-188","-96"
"af2912e77eeae3f4cb1dbe1e7d05a9fc783e7888","INLINE","{Method addRawInput(int, IntVector, IntVector) at x-pack/plugin/esql/compute/src/main/generated/org/elasticsearch/compute/aggregation/spatial/SpatialExtentGeoShapeDocValuesGroupingAggregatorFunction.java:268}","{Method add(int, IntArrayBlock) at x-pack/plugin/esql/compute/src/main/generated/org/elasticsearch/compute/aggregation/spatial/SpatialExtentCartesianShapeDocValuesGroupingAggregatorFunction.java:92}","-264","-84"
"af2912e77eeae3f4cb1dbe1e7d05a9fc783e7888","INLINE","{Method addRawInput(int, IntArrayBlock, IntVector) at x-pack/plugin/esql/compute/src/main/generated/org/elasticsearch/compute/aggregation/spatial/SpatialExtentCartesianShapeDocValuesGroupingAggregatorFunction.java:131}","{Method add(int, IntVector) at x-pack/plugin/esql/compute/src/main/generated/org/elasticsearch/compute/aggregation/spatial/SpatialExtentGeoShapeDocValuesGroupingAggregatorFunction.java:104}","-127","-96"
"af2912e77eeae3f4cb1dbe1e7d05a9fc783e7888","INLINE","{Method addRawInput(int, IntVector, IntVector) at x-pack/plugin/esql/compute/src/main/generated/org/elasticsearch/compute/aggregation/spatial/SpatialExtentCartesianShapeDocValuesGroupingAggregatorFunction.java:246}","{Method add(int, IntBigArrayBlock) at x-pack/plugin/esql/compute/src/main/generated/org/elasticsearch/compute/aggregation/spatial/SpatialExtentCartesianShapeDocValuesGroupingAggregatorFunction.java:97}","-242","-89"
"af2912e77eeae3f4cb1dbe1e7d05a9fc783e7888","INLINE","{Method addRawInput(int, IntBigArrayBlock, IntVector) at x-pack/plugin/esql/compute/src/main/generated/org/elasticsearch/compute/aggregation/spatial/SpatialExtentCartesianShapeDocValuesGroupingAggregatorFunction.java:192}","{Method prepareProcessRawInputPage(SeenGroupIds, Page) at x-pack/plugin/esql/compute/src/main/generated/org/elasticsearch/compute/aggregation/spatial/SpatialExtentGeoShapeDocValuesGroupingAggregatorFunction.java:65}","-188","-61"
"af2912e77eeae3f4cb1dbe1e7d05a9fc783e7888","INLINE","{Method addRawInput(int, IntBigArrayBlock, IntVector) at x-pack/plugin/esql/compute/src/main/generated/org/elasticsearch/compute/aggregation/spatial/SpatialExtentGeoShapeDocValuesGroupingAggregatorFunction.java:204}","{Method prepareProcessRawInputPage(SeenGroupIds, Page) at x-pack/plugin/esql/compute/src/main/generated/org/elasticsearch/compute/aggregation/spatial/SpatialExtentGeoShapeDocValuesGroupingAggregatorFunction.java:65}","-200","-61"
"af2912e77eeae3f4cb1dbe1e7d05a9fc783e7888","INLINE","{Method addRawInput(int, IntArrayBlock, IntVector) at x-pack/plugin/esql/compute/src/main/generated/org/elasticsearch/compute/aggregation/spatial/SpatialExtentGeoShapeDocValuesGroupingAggregatorFunction.java:133}","{Method add(int, IntBigArrayBlock) at x-pack/plugin/esql/compute/src/main/generated/org/elasticsearch/compute/aggregation/spatial/SpatialExtentGeoShapeDocValuesGroupingAggregatorFunction.java:99}","-129","-91"
"af2912e77eeae3f4cb1dbe1e7d05a9fc783e7888","INLINE","{Method addRawInput(int, IntBigArrayBlock, IntVector) at x-pack/plugin/esql/compute/src/main/generated/org/elasticsearch/compute/aggregation/spatial/SpatialExtentGeoShapeDocValuesGroupingAggregatorFunction.java:204}","{Method add(int, IntBigArrayBlock) at x-pack/plugin/esql/compute/src/main/generated/org/elasticsearch/compute/aggregation/spatial/SpatialExtentGeoShapeDocValuesGroupingAggregatorFunction.java:99}","-200","-91"
"af2912e77eeae3f4cb1dbe1e7d05a9fc783e7888","INLINE","{Method addRawInput(int, IntBigArrayBlock, IntVector) at x-pack/plugin/esql/compute/src/main/generated/org/elasticsearch/compute/aggregation/spatial/SpatialExtentCartesianShapeDocValuesGroupingAggregatorFunction.java:192}","{Method add(int, IntArrayBlock) at x-pack/plugin/esql/compute/src/main/generated/org/elasticsearch/compute/aggregation/spatial/SpatialExtentGeoShapeDocValuesGroupingAggregatorFunction.java:94}","-188","-86"
"af2912e77eeae3f4cb1dbe1e7d05a9fc783e7888","INLINE","{Method addRawInput(int, IntArrayBlock, IntVector) at x-pack/plugin/esql/compute/src/main/generated/org/elasticsearch/compute/aggregation/spatial/SpatialExtentCartesianShapeDocValuesGroupingAggregatorFunction.java:131}","{Method prepareProcessRawInputPage(SeenGroupIds, Page) at x-pack/plugin/esql/compute/src/main/generated/org/elasticsearch/compute/aggregation/spatial/SpatialExtentGeoShapeDocValuesGroupingAggregatorFunction.java:65}","-127","-61"
"af2912e77eeae3f4cb1dbe1e7d05a9fc783e7888","INLINE","{Method addRawInput(int, IntBigArrayBlock, IntVector) at x-pack/plugin/esql/compute/src/main/generated/org/elasticsearch/compute/aggregation/spatial/SpatialExtentGeoShapeDocValuesGroupingAggregatorFunction.java:204}","{Method add(int, IntArrayBlock) at x-pack/plugin/esql/compute/src/main/generated/org/elasticsearch/compute/aggregation/spatial/SpatialExtentCartesianShapeDocValuesGroupingAggregatorFunction.java:92}","-200","-84"
"af2912e77eeae3f4cb1dbe1e7d05a9fc783e7888","INLINE","{Method addRawInput(int, IntBigArrayBlock, IntVector) at x-pack/plugin/esql/compute/src/main/generated/org/elasticsearch/compute/aggregation/spatial/SpatialExtentGeoShapeDocValuesGroupingAggregatorFunction.java:204}","{Method prepareProcessRawInputPage(SeenGroupIds, Page) at x-pack/plugin/esql/compute/src/main/generated/org/elasticsearch/compute/aggregation/spatial/SpatialExtentCartesianShapeDocValuesGroupingAggregatorFunction.java:63}","-200","-59"
"af2912e77eeae3f4cb1dbe1e7d05a9fc783e7888","INLINE","{Method addRawInput(int, IntVector, IntVector) at x-pack/plugin/esql/compute/src/main/generated/org/elasticsearch/compute/aggregation/spatial/SpatialExtentCartesianShapeDocValuesGroupingAggregatorFunction.java:246}","{Method add(int, IntVector) at x-pack/plugin/esql/compute/src/main/generated/org/elasticsearch/compute/aggregation/spatial/SpatialExtentCartesianShapeDocValuesGroupingAggregatorFunction.java:102}","-242","-94"
"af2912e77eeae3f4cb1dbe1e7d05a9fc783e7888","INLINE","{Method addRawInput(int, IntArrayBlock, IntVector) at x-pack/plugin/esql/compute/src/main/generated/org/elasticsearch/compute/aggregation/spatial/SpatialExtentCartesianShapeDocValuesGroupingAggregatorFunction.java:131}","{Method add(int, IntBigArrayBlock) at x-pack/plugin/esql/compute/src/main/generated/org/elasticsearch/compute/aggregation/spatial/SpatialExtentCartesianShapeDocValuesGroupingAggregatorFunction.java:97}","-127","-89"
"af2912e77eeae3f4cb1dbe1e7d05a9fc783e7888","INLINE","{Method vectorName() at x-pack/plugin/esql/compute/gen/src/main/java/org/elasticsearch/compute/gen/AggregatorImplementer.java:775}","{Method prepareProcessRawInputPage() at x-pack/plugin/esql/compute/gen/src/main/java/org/elasticsearch/compute/gen/GroupingAggregatorImplementer.java:323}","-765","-317"
"af2912e77eeae3f4cb1dbe1e7d05a9fc783e7888","INLINE","{Method addRawInput(int, IntVector, IntVector) at x-pack/plugin/esql/compute/src/main/generated/org/elasticsearch/compute/aggregation/spatial/SpatialExtentGeoShapeDocValuesGroupingAggregatorFunction.java:268}","{Method add(int, IntBigArrayBlock) at x-pack/plugin/esql/compute/src/main/generated/org/elasticsearch/compute/aggregation/spatial/SpatialExtentCartesianShapeDocValuesGroupingAggregatorFunction.java:97}","-264","-89"
"af2912e77eeae3f4cb1dbe1e7d05a9fc783e7888","INLINE","{Method addRawInput(int, IntVector, IntVector) at x-pack/plugin/esql/compute/src/main/generated/org/elasticsearch/compute/aggregation/spatial/SpatialExtentGeoShapeDocValuesGroupingAggregatorFunction.java:268}","{Method add(int, IntVector) at x-pack/plugin/esql/compute/src/main/generated/org/elasticsearch/compute/aggregation/spatial/SpatialExtentGeoShapeDocValuesGroupingAggregatorFunction.java:104}","-264","-96"
"af2912e77eeae3f4cb1dbe1e7d05a9fc783e7888","INLINE","{Method addRawInput(int, IntArrayBlock, IntVector) at x-pack/plugin/esql/compute/src/main/generated/org/elasticsearch/compute/aggregation/spatial/SpatialExtentGeoShapeDocValuesGroupingAggregatorFunction.java:133}","{Method add(int, IntVector) at x-pack/plugin/esql/compute/src/main/generated/org/elasticsearch/compute/aggregation/spatial/SpatialExtentGeoShapeDocValuesGroupingAggregatorFunction.java:104}","-129","-96"
"af2912e77eeae3f4cb1dbe1e7d05a9fc783e7888","INLINE","{Method addRawInput(int, IntBigArrayBlock, IntVector) at x-pack/plugin/esql/compute/src/main/generated/org/elasticsearch/compute/aggregation/spatial/SpatialExtentCartesianShapeDocValuesGroupingAggregatorFunction.java:192}","{Method add(int, IntArrayBlock) at x-pack/plugin/esql/compute/src/main/generated/org/elasticsearch/compute/aggregation/spatial/SpatialExtentCartesianShapeDocValuesGroupingAggregatorFunction.java:92}","-188","-84"
"af2912e77eeae3f4cb1dbe1e7d05a9fc783e7888","INLINE","{Method addRawInput(int, IntBigArrayBlock, IntVector) at x-pack/plugin/esql/compute/src/main/generated/org/elasticsearch/compute/aggregation/spatial/SpatialExtentGeoShapeDocValuesGroupingAggregatorFunction.java:204}","{Method add(int, IntArrayBlock) at x-pack/plugin/esql/compute/src/main/generated/org/elasticsearch/compute/aggregation/spatial/SpatialExtentGeoShapeDocValuesGroupingAggregatorFunction.java:94}","-200","-86"
"5016931fc6f80faafcedcd2fa915a8ec48a737c0"
"90bf689b81e4e783e0bc810fde5aa0ad89615d53","RENAME","{Class StddevOverTimeTests at x-pack/plugin/esql/src/test/java/org/elasticsearch/xpack/esql/expression/function/aggregate/StddevOverTimeTests.java:20}","{Class StdDevOverTimeTests at x-pack/plugin/esql/src/test/java/org/elasticsearch/xpack/esql/expression/function/aggregate/StdDevOverTimeTests.java:20}","-18","-18"
"797cf9d9acf0d81a605bfc34f8687f78d21ed287"
"c08a60535a014bea6da125fdb640f3a26101603f","CHANGE_SIGNATURE","{Method new(FieldCapabilitiesResponse, TransportVersion) at x-pack/plugin/esql/src/main/java/org/elasticsearch/xpack/esql/action/EsqlResolveFieldsResponse.java:27}","{Method new(FieldCapabilitiesResponse) at x-pack/plugin/esql/src/main/java/org/elasticsearch/xpack/esql/action/EsqlResolveFieldsResponse.java:28}","-21","-22"
"c08a60535a014bea6da125fdb640f3a26101603f","CHANGE_SIGNATURE","{Method doExecuteForked(Task, FieldCapabilitiesRequest, ActionListener) at server/src/main/java/org/elasticsearch/action/fieldcaps/TransportFieldCapabilitiesAction.java:142}","{Method doExecuteForked(Task, FieldCapabilitiesRequest, LinkedRequestExecutor, ActionListener) at server/src/main/java/org/elasticsearch/action/fieldcaps/TransportFieldCapabilitiesAction.java:175}","-136","-169"
"c08a60535a014bea6da125fdb640f3a26101603f","CHANGE_SIGNATURE","{Method buildSingleThreadedExecutor(Executor, Logger) at server/src/main/java/org/elasticsearch/action/fieldcaps/TransportFieldCapabilitiesAction.java:328}","{Method buildSingleThreadedExecutor() at server/src/main/java/org/elasticsearch/action/fieldcaps/TransportFieldCapabilitiesAction.java:380}","-322","-374"
"c08a60535a014bea6da125fdb640f3a26101603f","EXTRACT_MOVE","{Method doExecuteForked(Task, FieldCapabilitiesRequest, ActionListener) at server/src/main/java/org/elasticsearch/action/fieldcaps/TransportFieldCapabilitiesAction.java:142}","{Method executeRemoteRequest(TransportService, Transport.Connection, FieldCapabilitiesRequest, ActionListenerResponseHandler) at server/src/main/java/org/elasticsearch/action/fieldcaps/TransportFieldCapabilitiesAction.java:138}","-136","-124"
"c08a60535a014bea6da125fdb640f3a26101603f","CHANGE_SIGNATURE","{Method executeRequest(Task, FieldCapabilitiesRequest, ActionListener) at server/src/main/java/org/elasticsearch/action/fieldcaps/TransportFieldCapabilitiesAction.java:137}","{Method executeRequest(Task, FieldCapabilitiesRequest, LinkedRequestExecutor, ActionListener) at server/src/main/java/org/elasticsearch/action/fieldcaps/TransportFieldCapabilitiesAction.java:165}","-131","-159"
"ce9f17d69870be46a6d2edc89a7474a777f18e02"
"3d272e1d2025b48a8f2185ae25fe9502b10554e6"
"703eb4358cd07d9a583ed14e883dad57ef08d8f3"
"a259e9e618f2e6bc11e8ccde57f257be6ac92610"
"e24ea4bdd987bdfa7ba2156a55a2cb6683a3cd53"
"7de5108b0468de9a6f1ab4ee3cb34ff6790bc956"
"f6f0cc759d3432716b822786ebea273601f40fd4"
"2a77e7911fef7c9cfada3bbe1522ceaac2d94e10"
"dd9cdd994ec65b74bdf101e66fa57313d56bba84"
"585e4a5933a78e2c8dc7dcf6d49d2d026c19c8e1"
"fb70dd812a37f9390d0cf5130aca1258c9de6c7d"
"9605f386f6e97e2a9bdbf7664f798b6c13bfae8a"
"dc2dcecfd1e67620bd74856236decd55109b9e2d"
"20a85130d71de53c3741a36055ee38333b539b1f","EXTRACT_MOVE","{Method testPushDownFilterPastLeftJoinWithNotButStillPushable() at x-pack/plugin/esql/src/test/java/org/elasticsearch/xpack/esql/optimizer/rules/logical/PushDownAndCombineFiltersTests.java:548}","{Method output() at x-pack/plugin/esql/src/main/java/org/elasticsearch/xpack/esql/plan/logical/Subquery.java:56}","-542","-50"
"20a85130d71de53c3741a36055ee38333b539b1f","EXTRACT_MOVE","{Method output() at x-pack/plugin/esql/src/main/java/org/elasticsearch/xpack/esql/plan/logical/Fork.java:102}","{Method output() at x-pack/plugin/esql/src/main/java/org/elasticsearch/xpack/esql/plan/logical/Subquery.java:56}","-96","-50"
"20a85130d71de53c3741a36055ee38333b539b1f","EXTRACT_MOVE","{Method testMultipleLookupShadowing() at x-pack/plugin/esql/src/test/java/org/elasticsearch/xpack/esql/optimizer/LogicalPlanOptimizerTests.java:7608}","{Method output() at x-pack/plugin/esql/src/main/java/org/elasticsearch/xpack/esql/plan/logical/Subquery.java:56}","-7602","-50"
"20a85130d71de53c3741a36055ee38333b539b1f","EXTRACT_MOVE","{Method testCounterTypes() at x-pack/plugin/esql/src/test/java/org/elasticsearch/xpack/esql/analysis/AnalyzerTests.java:1866}","{Method output() at x-pack/plugin/esql/src/main/java/org/elasticsearch/xpack/esql/plan/logical/Subquery.java:56}","-1860","-50"
"20a85130d71de53c3741a36055ee38333b539b1f","EXTRACT_MOVE","{Method testPruneJoinOnNullMatchingField() at x-pack/plugin/esql/src/test/java/org/elasticsearch/xpack/esql/optimizer/LogicalPlanOptimizerTests.java:2546}","{Method output() at x-pack/plugin/esql/src/main/java/org/elasticsearch/xpack/esql/plan/logical/Subquery.java:56}","-2540","-50"
"20a85130d71de53c3741a36055ee38333b539b1f","EXTRACT_MOVE","{Method testPushDownFilterPastLeftJoinWithExistingFilter() at x-pack/plugin/esql/src/test/java/org/elasticsearch/xpack/esql/optimizer/rules/logical/PushDownAndCombineFiltersTests.java:398}","{Method output() at x-pack/plugin/esql/src/main/java/org/elasticsearch/xpack/esql/plan/logical/Subquery.java:56}","-392","-50"
"20a85130d71de53c3741a36055ee38333b539b1f","EXTRACT_MOVE","{Method testTranslateTRangeFoldsToLocalRelation() at x-pack/plugin/esql/src/test/java/org/elasticsearch/xpack/esql/optimizer/LogicalPlanOptimizerTests.java:9577}","{Method output() at x-pack/plugin/esql/src/main/java/org/elasticsearch/xpack/esql/plan/logical/Subquery.java:56}","-9571","-50"
"20a85130d71de53c3741a36055ee38333b539b1f","EXTRACT_MOVE","{Method resolveLookupJoin(LookupJoin, AnalyzerContext) at x-pack/plugin/esql/src/main/java/org/elasticsearch/xpack/esql/analysis/Analyzer.java:838}","{Method output() at x-pack/plugin/esql/src/main/java/org/elasticsearch/xpack/esql/plan/logical/Subquery.java:56}","-828","-50"
"20a85130d71de53c3741a36055ee38333b539b1f","EXTRACT_MOVE","{Method testInlineStatsWithAggAndInlineStatsGetsPruned() at x-pack/plugin/esql/src/test/java/org/elasticsearch/xpack/esql/optimizer/LogicalPlanOptimizerTests.java:6370}","{Method output() at x-pack/plugin/esql/src/main/java/org/elasticsearch/xpack/esql/plan/logical/Subquery.java:56}","-6364","-50"
"20a85130d71de53c3741a36055ee38333b539b1f","RENAME","{Method indexPattern() at x-pack/plugin/esql/src/main/java/org/elasticsearch/xpack/esql/parser/EsqlBaseParser.java:1369}","{Method indexPatternOrSubquery() at x-pack/plugin/esql/src/main/java/org/elasticsearch/xpack/esql/parser/EsqlBaseParser.java:1371}","-1363","-1365"
"20a85130d71de53c3741a36055ee38333b539b1f","EXTRACT_MOVE","{Method testAggsOverGroupingKeyWithAlias() at x-pack/plugin/esql/src/test/java/org/elasticsearch/xpack/esql/analysis/AnalyzerTests.java:1454}","{Method output() at x-pack/plugin/esql/src/main/java/org/elasticsearch/xpack/esql/plan/logical/Subquery.java:56}","-1448","-50"
"20a85130d71de53c3741a36055ee38333b539b1f","EXTRACT_MOVE","{Method addGeneratedFieldsToEsRelations(LogicalPlan, List) at x-pack/plugin/esql/src/main/java/org/elasticsearch/xpack/esql/analysis/Analyzer.java:1962}","{Method output() at x-pack/plugin/esql/src/main/java/org/elasticsearch/xpack/esql/plan/logical/Subquery.java:56}","-1952","-50"
"20a85130d71de53c3741a36055ee38333b539b1f","EXTRACT_MOVE","{Method new(Source, List, List) at x-pack/plugin/esql/src/main/java/org/elasticsearch/xpack/esql/plan/logical/Fork.java:44}","{Method output() at x-pack/plugin/esql/src/main/java/org/elasticsearch/xpack/esql/plan/logical/Subquery.java:56}","-38","-50"
"20a85130d71de53c3741a36055ee38333b539b1f","CHANGE_SIGNATURE","{Method checkFullTextQueryFunctionForCondition(LogicalPlan, Failures, Expression, boolean) at x-pack/plugin/esql/src/main/java/org/elasticsearch/xpack/esql/expression/function/fulltext/FullTextFunction.java:220}","{Method checkFullTextQueryFunctionForCondition(LogicalPlan, Failures, Expression, boolean, boolean) at x-pack/plugin/esql/src/main/java/org/elasticsearch/xpack/esql/expression/function/fulltext/FullTextFunction.java:230}","-214","-224"
"20a85130d71de53c3741a36055ee38333b539b1f","EXTRACT_MOVE","{Method testPruneJoinOnNullMatchingFieldExpressionJoin() at x-pack/plugin/esql/src/test/java/org/elasticsearch/xpack/esql/optimizer/LogicalPlanOptimizerTests.java:2570}","{Method output() at x-pack/plugin/esql/src/main/java/org/elasticsearch/xpack/esql/plan/logical/Subquery.java:56}","-2564","-50"
"20a85130d71de53c3741a36055ee38333b539b1f","EXTRACT","{Method new(StreamInput) at x-pack/plugin/esql/src/main/java/org/elasticsearch/xpack/esql/action/EsqlExecutionInfo.java:118}","{Method skipOnFailurePredicate() at x-pack/plugin/esql/src/main/java/org/elasticsearch/xpack/esql/action/EsqlExecutionInfo.java:154}","-112","-148"
"20a85130d71de53c3741a36055ee38333b539b1f","EXTRACT_MOVE","{Method testPushDownFilterPastLeftJoinWithNotNonPushable() at x-pack/plugin/esql/src/test/java/org/elasticsearch/xpack/esql/optimizer/rules/logical/PushDownAndCombineFiltersTests.java:565}","{Method output() at x-pack/plugin/esql/src/main/java/org/elasticsearch/xpack/esql/plan/logical/Subquery.java:56}","-559","-50"
"20a85130d71de53c3741a36055ee38333b539b1f","EXTRACT_MOVE","{Method testPushDownFilterPastLeftJoinWithOr() at x-pack/plugin/esql/src/test/java/org/elasticsearch/xpack/esql/optimizer/rules/logical/PushDownAndCombineFiltersTests.java:530}","{Method output() at x-pack/plugin/esql/src/main/java/org/elasticsearch/xpack/esql/plan/logical/Subquery.java:56}","-524","-50"
"20a85130d71de53c3741a36055ee38333b539b1f","EXTRACT_MOVE","{Method testInlineStatsWithAvg() at x-pack/plugin/esql/src/test/java/org/elasticsearch/xpack/esql/optimizer/LogicalPlanOptimizerTests.java:6464}","{Method output() at x-pack/plugin/esql/src/main/java/org/elasticsearch/xpack/esql/plan/logical/Subquery.java:56}","-6458","-50"
"20a85130d71de53c3741a36055ee38333b539b1f","EXTRACT_MOVE","{Method testResolveInsist_multiIndexFieldPartiallyExistsWithMultiTypesWithKeyword_createsAnInvalidMappedField() at x-pack/plugin/esql/src/test/java/org/elasticsearch/xpack/esql/analysis/AnalyzerTests.java:3257}","{Method output() at x-pack/plugin/esql/src/main/java/org/elasticsearch/xpack/esql/plan/logical/Subquery.java:56}","-3251","-50"
"20a85130d71de53c3741a36055ee38333b539b1f","EXTRACT_MOVE","{Method checkFork(LogicalPlan, Failures) at x-pack/plugin/esql/src/main/java/org/elasticsearch/xpack/esql/plan/logical/Fork.java:182}","{Method output() at x-pack/plugin/esql/src/main/java/org/elasticsearch/xpack/esql/plan/logical/Subquery.java:56}","-176","-50"
"20a85130d71de53c3741a36055ee38333b539b1f","EXTRACT_MOVE","{Method rule(LogicalPlan, LogicalOptimizerContext) at x-pack/plugin/esql/src/test/java/org/elasticsearch/xpack/esql/optimizer/LogicalPlanOptimizerTests.java:9237}","{Method output() at x-pack/plugin/esql/src/main/java/org/elasticsearch/xpack/esql/plan/logical/Subquery.java:56}","-9219","-50"
"20a85130d71de53c3741a36055ee38333b539b1f","EXTRACT_MOVE","{Method testLookup() at x-pack/plugin/esql/src/test/java/org/elasticsearch/xpack/esql/analysis/AnalyzerTests.java:2132}","{Method output() at x-pack/plugin/esql/src/main/java/org/elasticsearch/xpack/esql/plan/logical/Subquery.java:56}","-2126","-50"
"20a85130d71de53c3741a36055ee38333b539b1f","EXTRACT_MOVE","{Method assertProjectionTypes(String, DataType...) at x-pack/plugin/esql/src/test/java/org/elasticsearch/xpack/esql/analysis/AnalyzerTests.java:3773}","{Method output() at x-pack/plugin/esql/src/main/java/org/elasticsearch/xpack/esql/plan/logical/Subquery.java:56}","-3767","-50"
"20a85130d71de53c3741a36055ee38333b539b1f","EXTRACT_MOVE","{Method testEvalAfterGroupBy() at x-pack/plugin/esql/src/test/java/org/elasticsearch/xpack/esql/optimizer/LogicalPlanOptimizerTests.java:2679}","{Method output() at x-pack/plugin/esql/src/main/java/org/elasticsearch/xpack/esql/plan/logical/Subquery.java:56}","-2673","-50"
"20a85130d71de53c3741a36055ee38333b539b1f","EXTRACT_MOVE","{Method testResolveRerankScoreField() at x-pack/plugin/esql/src/test/java/org/elasticsearch/xpack/esql/analysis/AnalyzerTests.java:4038}","{Method output() at x-pack/plugin/esql/src/main/java/org/elasticsearch/xpack/esql/plan/logical/Subquery.java:56}","-4032","-50"
"20a85130d71de53c3741a36055ee38333b539b1f","EXTRACT_MOVE","{Method testEvalAfterStats() at x-pack/plugin/esql/src/test/java/org/elasticsearch/xpack/esql/optimizer/LogicalPlanOptimizerTests.java:2658}","{Method output() at x-pack/plugin/esql/src/main/java/org/elasticsearch/xpack/esql/plan/logical/Subquery.java:56}","-2652","-50"
"20a85130d71de53c3741a36055ee38333b539b1f","EXTRACT_MOVE","{Method testEnrichFieldsIncludeMatchField() at x-pack/plugin/esql/src/test/java/org/elasticsearch/xpack/esql/analysis/AnalyzerTests.java:1822}","{Method output() at x-pack/plugin/esql/src/main/java/org/elasticsearch/xpack/esql/plan/logical/Subquery.java:56}","-1816","-50"
"20a85130d71de53c3741a36055ee38333b539b1f","EXTRACT_MOVE","{Method testTripleInlineStatsMultipleAssignmentsGetsPrunedPartially() at x-pack/plugin/esql/src/test/java/org/elasticsearch/xpack/esql/optimizer/LogicalPlanOptimizerTests.java:6172}","{Method output() at x-pack/plugin/esql/src/main/java/org/elasticsearch/xpack/esql/plan/logical/Subquery.java:56}","-6166","-50"
"20a85130d71de53c3741a36055ee38333b539b1f","EXTRACT_MOVE","{Method assertProjection(LogicalPlan, String...) at x-pack/plugin/esql/src/test/java/org/elasticsearch/xpack/esql/analysis/AnalyzerTests.java:3768}","{Method output() at x-pack/plugin/esql/src/main/java/org/elasticsearch/xpack/esql/plan/logical/Subquery.java:56}","-3762","-50"
"20a85130d71de53c3741a36055ee38333b539b1f","EXTRACT","{Method shouldSkipOnFailure(String) at x-pack/plugin/esql/src/main/java/org/elasticsearch/xpack/esql/action/EsqlExecutionInfo.java:213}","{Method skipOnFailurePredicate() at x-pack/plugin/esql/src/main/java/org/elasticsearch/xpack/esql/action/EsqlExecutionInfo.java:154}","-207","-148"
"20a85130d71de53c3741a36055ee38333b539b1f","EXTRACT_MOVE","{Method testDoNotPushDownExistingFilterAgain() at x-pack/plugin/esql/src/test/java/org/elasticsearch/xpack/esql/optimizer/rules/logical/PushDownAndCombineFiltersTests.java:439}","{Method output() at x-pack/plugin/esql/src/main/java/org/elasticsearch/xpack/esql/plan/logical/Subquery.java:56}","-433","-50"
"20a85130d71de53c3741a36055ee38333b539b1f","EXTRACT_MOVE","{Method testResolveInsist_multiIndexFieldPartiallyMappedWithSingleKeywordType_createsUnmappedField() at x-pack/plugin/esql/src/test/java/org/elasticsearch/xpack/esql/analysis/AnalyzerTests.java:3157}","{Method output() at x-pack/plugin/esql/src/main/java/org/elasticsearch/xpack/esql/plan/logical/Subquery.java:56}","-3151","-50"
"20a85130d71de53c3741a36055ee38333b539b1f","EXTRACT_MOVE","{Method testVerifierOnAttributeDatatypeChanged() at x-pack/plugin/esql/src/test/java/org/elasticsearch/xpack/esql/optimizer/LogicalPlanOptimizerTests.java:9220}","{Method output() at x-pack/plugin/esql/src/main/java/org/elasticsearch/xpack/esql/plan/logical/Subquery.java:56}","-9214","-50"
"20a85130d71de53c3741a36055ee38333b539b1f","EXTRACT_MOVE","{Method testEmptyMappingIndex() at x-pack/plugin/esql/src/test/java/org/elasticsearch/xpack/esql/optimizer/LogicalPlanOptimizerTests.java:5322}","{Method output() at x-pack/plugin/esql/src/main/java/org/elasticsearch/xpack/esql/plan/logical/Subquery.java:56}","-5316","-50"
"20a85130d71de53c3741a36055ee38333b539b1f","EXTRACT","{Method new(Predicate, boolean) at x-pack/plugin/esql/src/main/java/org/elasticsearch/xpack/esql/action/EsqlExecutionInfo.java:101}","{Method skipOnFailurePredicate() at x-pack/plugin/esql/src/main/java/org/elasticsearch/xpack/esql/action/EsqlExecutionInfo.java:154}","-95","-148"
"20a85130d71de53c3741a36055ee38333b539b1f","EXTRACT_MOVE","{Method output() at x-pack/plugin/esql/src/test/java/org/elasticsearch/xpack/esql/optimizer/LogicalPlanOptimizerTests.java:9244}","{Method output() at x-pack/plugin/esql/src/main/java/org/elasticsearch/xpack/esql/plan/logical/Subquery.java:56}","-9214","-50"
"20a85130d71de53c3741a36055ee38333b539b1f","EXTRACT_MOVE","{Method testPushShadowingGeneratingPlanPastProject() at x-pack/plugin/esql/src/test/java/org/elasticsearch/xpack/esql/optimizer/LogicalPlanOptimizerTests.java:5704}","{Method output() at x-pack/plugin/esql/src/main/java/org/elasticsearch/xpack/esql/plan/logical/Subquery.java:56}","-5698","-50"
"20a85130d71de53c3741a36055ee38333b539b1f","EXTRACT_MOVE","{Method testLeftJoinOnExpressionPushable() at x-pack/plugin/esql/src/test/java/org/elasticsearch/xpack/esql/optimizer/rules/logical/PushDownAndCombineFiltersTests.java:859}","{Method output() at x-pack/plugin/esql/src/main/java/org/elasticsearch/xpack/esql/plan/logical/Subquery.java:56}","-853","-50"
"20a85130d71de53c3741a36055ee38333b539b1f","EXTRACT_MOVE","{Method testResolveCompletionOutputFieldOverwriteInputField() at x-pack/plugin/esql/src/test/java/org/elasticsearch/xpack/esql/analysis/AnalyzerTests.java:4268}","{Method output() at x-pack/plugin/esql/src/main/java/org/elasticsearch/xpack/esql/plan/logical/Subquery.java:56}","-4262","-50"
"20a85130d71de53c3741a36055ee38333b539b1f","EXTRACT_MOVE","{Method testLookupJoinKeepNoLookupFields() at x-pack/plugin/esql/src/test/java/org/elasticsearch/xpack/esql/optimizer/LogicalPlanOptimizerTests.java:7565}","{Method output() at x-pack/plugin/esql/src/main/java/org/elasticsearch/xpack/esql/plan/logical/Subquery.java:56}","-7559","-50"
"20a85130d71de53c3741a36055ee38333b539b1f","EXTRACT_MOVE","{Method testResolveAggregateMetricDouble() at x-pack/plugin/esql/src/test/java/org/elasticsearch/xpack/esql/analysis/AnalyzerTests.java:3336}","{Method output() at x-pack/plugin/esql/src/main/java/org/elasticsearch/xpack/esql/plan/logical/Subquery.java:56}","-3330","-50"
"20a85130d71de53c3741a36055ee38333b539b1f","EXTRACT_MOVE","{Method testPushDownFilterPastLeftJoinExpressionWithPartiallyPushableAnd() at x-pack/plugin/esql/src/test/java/org/elasticsearch/xpack/esql/optimizer/rules/logical/PushDownAndCombineFiltersTests.java:904}","{Method output() at x-pack/plugin/esql/src/main/java/org/elasticsearch/xpack/esql/plan/logical/Subquery.java:56}","-898","-50"
"20a85130d71de53c3741a36055ee38333b539b1f","EXTRACT_MOVE","{Method testLookupStats() at x-pack/plugin/esql/src/test/java/org/elasticsearch/xpack/esql/optimizer/LogicalPlanOptimizerTests.java:7148}","{Method output() at x-pack/plugin/esql/src/main/java/org/elasticsearch/xpack/esql/plan/logical/Subquery.java:56}","-7142","-50"
"20a85130d71de53c3741a36055ee38333b539b1f","EXTRACT_MOVE","{Method testAttributeResolutionOfChainedReferences() at x-pack/plugin/esql/src/test/java/org/elasticsearch/xpack/esql/analysis/AnalyzerTests.java:234}","{Method output() at x-pack/plugin/esql/src/main/java/org/elasticsearch/xpack/esql/plan/logical/Subquery.java:56}","-228","-50"
"20a85130d71de53c3741a36055ee38333b539b1f","EXTRACT_MOVE","{Method testPushShadowingGeneratingPlanPastRenamingProject() at x-pack/plugin/esql/src/test/java/org/elasticsearch/xpack/esql/optimizer/LogicalPlanOptimizerTests.java:5755}","{Method output() at x-pack/plugin/esql/src/main/java/org/elasticsearch/xpack/esql/plan/logical/Subquery.java:56}","-5749","-50"
"20a85130d71de53c3741a36055ee38333b539b1f","EXTRACT_MOVE","{Method replaceSubPlans(List) at x-pack/plugin/esql/src/main/java/org/elasticsearch/xpack/esql/plan/logical/Fork.java:98}","{Method output() at x-pack/plugin/esql/src/main/java/org/elasticsearch/xpack/esql/plan/logical/Subquery.java:56}","-92","-50"
"20a85130d71de53c3741a36055ee38333b539b1f","EXTRACT_MOVE","{Method rule(LogicalPlan, AnalyzerContext) at x-pack/plugin/esql/src/main/java/org/elasticsearch/xpack/esql/analysis/Analyzer.java:487}","{Method output() at x-pack/plugin/esql/src/main/java/org/elasticsearch/xpack/esql/plan/logical/Subquery.java:56}","-477","-50"
"20a85130d71de53c3741a36055ee38333b539b1f","EXTRACT_MOVE","{Method optimize(LogicalPlan) at x-pack/plugin/esql/src/main/java/org/elasticsearch/xpack/esql/optimizer/LogicalPlanOptimizer.java:118}","{Method output() at x-pack/plugin/esql/src/main/java/org/elasticsearch/xpack/esql/plan/logical/Subquery.java:56}","-112","-50"
"20a85130d71de53c3741a36055ee38333b539b1f","EXTRACT_MOVE","{Method outputUnion(List) at x-pack/plugin/esql/src/main/java/org/elasticsearch/xpack/esql/plan/logical/Fork.java:107}","{Method output() at x-pack/plugin/esql/src/main/java/org/elasticsearch/xpack/esql/plan/logical/Subquery.java:56}","-101","-50"
"20a85130d71de53c3741a36055ee38333b539b1f","EXTRACT_MOVE","{Method testTranslateTRangeFoldsToLiteralWhenTimestampOutsideRange() at x-pack/plugin/esql/src/test/java/org/elasticsearch/xpack/esql/optimizer/LogicalPlanOptimizerTests.java:9555}","{Method output() at x-pack/plugin/esql/src/main/java/org/elasticsearch/xpack/esql/plan/logical/Subquery.java:56}","-9549","-50"
"20a85130d71de53c3741a36055ee38333b539b1f","EXTRACT_MOVE","{Method testPushShadowingGeneratingPlanPastRenamingProjectWithResolution() at x-pack/plugin/esql/src/test/java/org/elasticsearch/xpack/esql/optimizer/LogicalPlanOptimizerTests.java:5817}","{Method output() at x-pack/plugin/esql/src/main/java/org/elasticsearch/xpack/esql/plan/logical/Subquery.java:56}","-5811","-50"
"20a85130d71de53c3741a36055ee38333b539b1f","EXTRACT_MOVE","{Method info() at x-pack/plugin/esql/src/main/java/org/elasticsearch/xpack/esql/plan/logical/Fork.java:93}","{Method output() at x-pack/plugin/esql/src/main/java/org/elasticsearch/xpack/esql/plan/logical/Subquery.java:56}","-87","-50"
"20a85130d71de53c3741a36055ee38333b539b1f","EXTRACT_MOVE","{Method executeSubPlan(BigArrays, FoldContext, TestPhysicalOperationProviders, PhysicalPlan, ActionListener) at x-pack/plugin/esql/src/test/java/org/elasticsearch/xpack/esql/CsvTests.java:742}","{Method output() at x-pack/plugin/esql/src/main/java/org/elasticsearch/xpack/esql/plan/logical/Subquery.java:56}","-736","-50"
"20a85130d71de53c3741a36055ee38333b539b1f","EXTRACT_MOVE","{Method assertProjectionWithMapping(String, String, QueryParams, String...) at x-pack/plugin/esql/src/test/java/org/elasticsearch/xpack/esql/analysis/AnalyzerTests.java:3785}","{Method output() at x-pack/plugin/esql/src/main/java/org/elasticsearch/xpack/esql/plan/logical/Subquery.java:56}","-3779","-50"
"20a85130d71de53c3741a36055ee38333b539b1f","EXTRACT_MOVE","{Method testNestedMultiExpressionsInGroupingAndAggs() at x-pack/plugin/esql/src/test/java/org/elasticsearch/xpack/esql/optimizer/LogicalPlanOptimizerTests.java:4504}","{Method output() at x-pack/plugin/esql/src/main/java/org/elasticsearch/xpack/esql/plan/logical/Subquery.java:56}","-4498","-50"
"20a85130d71de53c3741a36055ee38333b539b1f","EXTRACT_MOVE","{Method testPushDownFilterPastLeftJoinWithPartiallyPushableAnd() at x-pack/plugin/esql/src/test/java/org/elasticsearch/xpack/esql/optimizer/rules/logical/PushDownAndCombineFiltersTests.java:508}","{Method output() at x-pack/plugin/esql/src/main/java/org/elasticsearch/xpack/esql/plan/logical/Subquery.java:56}","-502","-50"
"20a85130d71de53c3741a36055ee38333b539b1f","EXTRACT_MOVE","{Method outputUnsupportedAttributeNames(List) at x-pack/plugin/esql/src/main/java/org/elasticsearch/xpack/esql/plan/logical/Fork.java:138}","{Method output() at x-pack/plugin/esql/src/main/java/org/elasticsearch/xpack/esql/plan/logical/Subquery.java:56}","-132","-50"
"20a85130d71de53c3741a36055ee38333b539b1f","EXTRACT_MOVE","{Method expressionsResolved() at x-pack/plugin/esql/src/main/java/org/elasticsearch/xpack/esql/plan/logical/Fork.java:68}","{Method output() at x-pack/plugin/esql/src/main/java/org/elasticsearch/xpack/esql/plan/logical/Subquery.java:56}","-62","-50"
"20a85130d71de53c3741a36055ee38333b539b1f","EXTRACT_MOVE","{Method testAggsOverGroupingKey() at x-pack/plugin/esql/src/test/java/org/elasticsearch/xpack/esql/analysis/AnalyzerTests.java:1432}","{Method output() at x-pack/plugin/esql/src/main/java/org/elasticsearch/xpack/esql/plan/logical/Subquery.java:56}","-1426","-50"
"20a85130d71de53c3741a36055ee38333b539b1f","EXTRACT_MOVE","{Method testPushDownFilterPastLeftJoinWithPushable() at x-pack/plugin/esql/src/test/java/org/elasticsearch/xpack/esql/optimizer/rules/logical/PushDownAndCombineFiltersTests.java:380}","{Method output() at x-pack/plugin/esql/src/main/java/org/elasticsearch/xpack/esql/plan/logical/Subquery.java:56}","-374","-50"
"20a85130d71de53c3741a36055ee38333b539b1f","EXTRACT_MOVE","{Method testEmptyProjectionInStat() at x-pack/plugin/esql/src/test/java/org/elasticsearch/xpack/esql/optimizer/LogicalPlanOptimizerTests.java:263}","{Method output() at x-pack/plugin/esql/src/main/java/org/elasticsearch/xpack/esql/plan/logical/Subquery.java:56}","-257","-50"
"20a85130d71de53c3741a36055ee38333b539b1f","EXTRACT_MOVE","{Method testPruneJoinOnNullAssignedMatchingField() at x-pack/plugin/esql/src/test/java/org/elasticsearch/xpack/esql/optimizer/LogicalPlanOptimizerTests.java:2600}","{Method output() at x-pack/plugin/esql/src/main/java/org/elasticsearch/xpack/esql/plan/logical/Subquery.java:56}","-2594","-50"
"20a85130d71de53c3741a36055ee38333b539b1f","EXTRACT_MOVE","{Method testAggsWithOverridingInputAndGrouping() at x-pack/plugin/esql/src/test/java/org/elasticsearch/xpack/esql/analysis/AnalyzerTests.java:1411}","{Method output() at x-pack/plugin/esql/src/main/java/org/elasticsearch/xpack/esql/plan/logical/Subquery.java:56}","-1405","-50"
"20a85130d71de53c3741a36055ee38333b539b1f","EXTRACT_MOVE","{Method assertPartialTypeKeyword(EsRelation, String) at x-pack/plugin/esql/src/test/java/org/elasticsearch/xpack/esql/optimizer/LogicalPlanOptimizerTests.java:2902}","{Method output() at x-pack/plugin/esql/src/main/java/org/elasticsearch/xpack/esql/plan/logical/Subquery.java:56}","-2896","-50"
"20a85130d71de53c3741a36055ee38333b539b1f","EXTRACT_MOVE","{Method testAggsWithDuplicates() at x-pack/plugin/esql/src/test/java/org/elasticsearch/xpack/esql/analysis/AnalyzerTests.java:1388}","{Method output() at x-pack/plugin/esql/src/main/java/org/elasticsearch/xpack/esql/plan/logical/Subquery.java:56}","-1382","-50"
"20a85130d71de53c3741a36055ee38333b539b1f","EXTRACT_MOVE","{Method mapLeaf(LeafPlan) at x-pack/plugin/esql/src/main/java/org/elasticsearch/xpack/esql/planner/mapper/MapperUtils.java:60}","{Method output() at x-pack/plugin/esql/src/main/java/org/elasticsearch/xpack/esql/plan/logical/Subquery.java:56}","-54","-50"
"20a85130d71de53c3741a36055ee38333b539b1f","EXTRACT_MOVE","{Method testResolveInsist_fieldExists_insistedOutputContainsNoUnmappedFields() at x-pack/plugin/esql/src/test/java/org/elasticsearch/xpack/esql/analysis/AnalyzerTests.java:3117}","{Method output() at x-pack/plugin/esql/src/main/java/org/elasticsearch/xpack/esql/plan/logical/Subquery.java:56}","-3111","-50"
"20a85130d71de53c3741a36055ee38333b539b1f","EXTRACT","{Method new(ConcurrentMap, boolean) at x-pack/plugin/esql/src/main/java/org/elasticsearch/xpack/esql/action/EsqlExecutionInfo.java:111}","{Method skipOnFailurePredicate() at x-pack/plugin/esql/src/main/java/org/elasticsearch/xpack/esql/action/EsqlExecutionInfo.java:154}","-105","-148"
"20a85130d71de53c3741a36055ee38333b539b1f","EXTRACT_MOVE","{Method testResolveRerankFields() at x-pack/plugin/esql/src/test/java/org/elasticsearch/xpack/esql/analysis/AnalyzerTests.java:3960}","{Method output() at x-pack/plugin/esql/src/main/java/org/elasticsearch/xpack/esql/plan/logical/Subquery.java:56}","-3954","-50"
"20a85130d71de53c3741a36055ee38333b539b1f","EXTRACT_MOVE","{Method testInlineStatsGetsPrunedPartially() at x-pack/plugin/esql/src/test/java/org/elasticsearch/xpack/esql/optimizer/LogicalPlanOptimizerTests.java:6095}","{Method output() at x-pack/plugin/esql/src/main/java/org/elasticsearch/xpack/esql/plan/logical/Subquery.java:56}","-6089","-50"
"20a85130d71de53c3741a36055ee38333b539b1f","EXTRACT_MOVE","{Method testTripleInlineStatsGetsPrunedPartially() at x-pack/plugin/esql/src/test/java/org/elasticsearch/xpack/esql/optimizer/LogicalPlanOptimizerTests.java:6122}","{Method output() at x-pack/plugin/esql/src/main/java/org/elasticsearch/xpack/esql/plan/logical/Subquery.java:56}","-6116","-50"
"20a85130d71de53c3741a36055ee38333b539b1f","EXTRACT_MOVE","{Method resolveLookup(Lookup, List) at x-pack/plugin/esql/src/main/java/org/elasticsearch/xpack/esql/analysis/Analyzer.java:668}","{Method output() at x-pack/plugin/esql/src/main/java/org/elasticsearch/xpack/esql/plan/logical/Subquery.java:56}","-658","-50"
"20a85130d71de53c3741a36055ee38333b539b1f","EXTRACT_MOVE","{Method testResolveInsist_multiIndexSameMapping_fieldIsMapped() at x-pack/plugin/esql/src/test/java/org/elasticsearch/xpack/esql/analysis/AnalyzerTests.java:3234}","{Method output() at x-pack/plugin/esql/src/main/java/org/elasticsearch/xpack/esql/plan/logical/Subquery.java:56}","-3228","-50"
"20a85130d71de53c3741a36055ee38333b539b1f","EXTRACT_MOVE","{Method resolveFork(Fork, AnalyzerContext) at x-pack/plugin/esql/src/main/java/org/elasticsearch/xpack/esql/analysis/Analyzer.java:891}","{Method output() at x-pack/plugin/esql/src/main/java/org/elasticsearch/xpack/esql/plan/logical/Subquery.java:56}","-881","-50"
"20a85130d71de53c3741a36055ee38333b539b1f","EXTRACT_MOVE","{Method testPruneJoinOnNullAssignedMatchingFieldExpr() at x-pack/plugin/esql/src/test/java/org/elasticsearch/xpack/esql/optimizer/LogicalPlanOptimizerTests.java:2625}","{Method output() at x-pack/plugin/esql/src/main/java/org/elasticsearch/xpack/esql/plan/logical/Subquery.java:56}","-2619","-50"
"20a85130d71de53c3741a36055ee38333b539b1f","RENAME","{Method indexPattern(int) at x-pack/plugin/esql/src/main/java/org/elasticsearch/xpack/esql/parser/EsqlBaseParser.java:1372}","{Method indexPatternOrSubquery(int) at x-pack/plugin/esql/src/main/java/org/elasticsearch/xpack/esql/parser/EsqlBaseParser.java:1374}","-1366","-1368"
"20a85130d71de53c3741a36055ee38333b539b1f","EXTRACT_MOVE","{Method assertEmptyEsRelation(LogicalPlan) at x-pack/plugin/esql/src/test/java/org/elasticsearch/xpack/esql/analysis/AnalyzerTests.java:3818}","{Method output() at x-pack/plugin/esql/src/main/java/org/elasticsearch/xpack/esql/plan/logical/Subquery.java:56}","-3812","-50"
"20a85130d71de53c3741a36055ee38333b539b1f","EXTRACT_MOVE","{Method testRerankFieldValidTypes() at x-pack/plugin/esql/src/test/java/org/elasticsearch/xpack/esql/analysis/AnalyzerTests.java:4140}","{Method output() at x-pack/plugin/esql/src/main/java/org/elasticsearch/xpack/esql/plan/logical/Subquery.java:56}","-4134","-50"
"20a85130d71de53c3741a36055ee38333b539b1f","EXTRACT_MOVE","{Method testClashingAggAvgReplacement() at x-pack/plugin/esql/src/test/java/org/elasticsearch/xpack/esql/optimizer/LogicalPlanOptimizerTests.java:3205}","{Method output() at x-pack/plugin/esql/src/main/java/org/elasticsearch/xpack/esql/plan/logical/Subquery.java:56}","-3199","-50"
"20a85130d71de53c3741a36055ee38333b539b1f","EXTRACT_MOVE","{Method planWithoutSyntheticAttributes(LogicalPlan) at x-pack/plugin/esql/src/main/java/org/elasticsearch/xpack/esql/analysis/Analyzer.java:2173}","{Method output() at x-pack/plugin/esql/src/main/java/org/elasticsearch/xpack/esql/plan/logical/Subquery.java:56}","-2163","-50"
"20a85130d71de53c3741a36055ee38333b539b1f","EXTRACT_MOVE","{Method testAttributeResolution() at x-pack/plugin/esql/src/test/java/org/elasticsearch/xpack/esql/analysis/AnalyzerTests.java:209}","{Method output() at x-pack/plugin/esql/src/main/java/org/elasticsearch/xpack/esql/plan/logical/Subquery.java:56}","-203","-50"
"20a85130d71de53c3741a36055ee38333b539b1f","EXTRACT_MOVE","{Method testResolveInsist_fieldDoesNotExist_createsUnmappedField() at x-pack/plugin/esql/src/test/java/org/elasticsearch/xpack/esql/analysis/AnalyzerTests.java:3144}","{Method output() at x-pack/plugin/esql/src/main/java/org/elasticsearch/xpack/esql/plan/logical/Subquery.java:56}","-3138","-50"
"20a85130d71de53c3741a36055ee38333b539b1f","EXTRACT_MOVE","{Method testResolveCompletionPrompt() at x-pack/plugin/esql/src/test/java/org/elasticsearch/xpack/esql/analysis/AnalyzerTests.java:4246}","{Method output() at x-pack/plugin/esql/src/main/java/org/elasticsearch/xpack/esql/plan/logical/Subquery.java:56}","-4240","-50"
"20a85130d71de53c3741a36055ee38333b539b1f","EXTRACT_MOVE","{Method testLeftJoinOnExpressionPushableLeftAndRight() at x-pack/plugin/esql/src/test/java/org/elasticsearch/xpack/esql/optimizer/rules/logical/PushDownAndCombineFiltersTests.java:877}","{Method output() at x-pack/plugin/esql/src/main/java/org/elasticsearch/xpack/esql/plan/logical/Subquery.java:56}","-871","-50"
"20a85130d71de53c3741a36055ee38333b539b1f","EXTRACT_MOVE","{Method doRule(LogicalPlan, List) at x-pack/plugin/esql/src/main/java/org/elasticsearch/xpack/esql/analysis/Analyzer.java:1929}","{Method output() at x-pack/plugin/esql/src/main/java/org/elasticsearch/xpack/esql/plan/logical/Subquery.java:56}","-1919","-50"
"20a85130d71de53c3741a36055ee38333b539b1f","EXTRACT_MOVE","{Method testResolveDenseVector() at x-pack/plugin/esql/src/test/java/org/elasticsearch/xpack/esql/analysis/AnalyzerTests.java:3311}","{Method output() at x-pack/plugin/esql/src/main/java/org/elasticsearch/xpack/esql/plan/logical/Subquery.java:56}","-3305","-50"
"20a85130d71de53c3741a36055ee38333b539b1f","EXTRACT_MOVE","{Method testRowAttributeResolution() at x-pack/plugin/esql/src/test/java/org/elasticsearch/xpack/esql/analysis/AnalyzerTests.java:265}","{Method output() at x-pack/plugin/esql/src/main/java/org/elasticsearch/xpack/esql/plan/logical/Subquery.java:56}","-259","-50"
"20a85130d71de53c3741a36055ee38333b539b1f","EXTRACT_MOVE","{Method testResolveInsist_multiIndexFieldExistsWithSingleTypeButIsNotKeywordAndMissingCast_createsAnInvalidMappedField() at x-pack/plugin/esql/src/test/java/org/elasticsearch/xpack/esql/analysis/AnalyzerTests.java:3182}","{Method output() at x-pack/plugin/esql/src/main/java/org/elasticsearch/xpack/esql/plan/logical/Subquery.java:56}","-3176","-50"
"20a85130d71de53c3741a36055ee38333b539b1f","EXTRACT_MOVE","{Method testInlineStatsWithRow() at x-pack/plugin/esql/src/test/java/org/elasticsearch/xpack/esql/optimizer/LogicalPlanOptimizerTests.java:6499}","{Method output() at x-pack/plugin/esql/src/main/java/org/elasticsearch/xpack/esql/plan/logical/Subquery.java:56}","-6493","-50"
"20a85130d71de53c3741a36055ee38333b539b1f","EXTRACT_MOVE","{Method resolveUsingColumns(List, List, String) at x-pack/plugin/esql/src/main/java/org/elasticsearch/xpack/esql/analysis/Analyzer.java:1002}","{Method output() at x-pack/plugin/esql/src/main/java/org/elasticsearch/xpack/esql/plan/logical/Subquery.java:56}","-992","-50"
"20a85130d71de53c3741a36055ee38333b539b1f","EXTRACT_MOVE","{Method testResolveInsist_multiIndexFieldPartiallyExistsWithMultiTypesNoKeyword_createsAnInvalidMappedField() at x-pack/plugin/esql/src/test/java/org/elasticsearch/xpack/esql/analysis/AnalyzerTests.java:3208}","{Method output() at x-pack/plugin/esql/src/main/java/org/elasticsearch/xpack/esql/plan/logical/Subquery.java:56}","-3202","-50"
"20a85130d71de53c3741a36055ee38333b539b1f","EXTRACT_MOVE","{Method testPushDownFilterPastLeftJoinWithExistingFilterCalledTwice() at x-pack/plugin/esql/src/test/java/org/elasticsearch/xpack/esql/optimizer/rules/logical/PushDownAndCombineFiltersTests.java:466}","{Method output() at x-pack/plugin/esql/src/main/java/org/elasticsearch/xpack/esql/plan/logical/Subquery.java:56}","-460","-50"
"20a85130d71de53c3741a36055ee38333b539b1f","EXTRACT_MOVE","{Method assertProjectionWithMapping(String, String, String...) at x-pack/plugin/esql/src/test/java/org/elasticsearch/xpack/esql/analysis/AnalyzerTests.java:3779}","{Method output() at x-pack/plugin/esql/src/main/java/org/elasticsearch/xpack/esql/plan/logical/Subquery.java:56}","-3773","-50"
"20a85130d71de53c3741a36055ee38333b539b1f","EXTRACT_MOVE","{Method testPushDownFilterPastLeftJoinWithNonPushable() at x-pack/plugin/esql/src/test/java/org/elasticsearch/xpack/esql/optimizer/rules/logical/PushDownAndCombineFiltersTests.java:493}","{Method output() at x-pack/plugin/esql/src/main/java/org/elasticsearch/xpack/esql/plan/logical/Subquery.java:56}","-487","-50"
"20a85130d71de53c3741a36055ee38333b539b1f","EXTRACT_MOVE","{Method replaceChildren(List) at x-pack/plugin/esql/src/main/java/org/elasticsearch/xpack/esql/plan/logical/Fork.java:53}","{Method output() at x-pack/plugin/esql/src/main/java/org/elasticsearch/xpack/esql/plan/logical/Subquery.java:56}","-47","-50"
"20a85130d71de53c3741a36055ee38333b539b1f","EXTRACT_MOVE","{Method testLookupSimple() at x-pack/plugin/esql/src/test/java/org/elasticsearch/xpack/esql/optimizer/LogicalPlanOptimizerTests.java:7068}","{Method output() at x-pack/plugin/esql/src/main/java/org/elasticsearch/xpack/esql/plan/logical/Subquery.java:56}","-7062","-50"
"c0342b01078f801ff5fed4eeb96dbc103fadb13a","RENAME","{Method createAutomaton(boolean) at x-pack/plugin/esql-core/src/main/java/org/elasticsearch/xpack/esql/core/expression/predicate/regex/WildcardPatternList.java:53}","{Method doCreateAutomaton(boolean) at x-pack/plugin/esql-core/src/main/java/org/elasticsearch/xpack/esql/core/expression/predicate/regex/WildcardPatternList.java:53}","-47","-47"
"c0342b01078f801ff5fed4eeb96dbc103fadb13a","RENAME","{Method createAutomaton(boolean) at x-pack/plugin/esql-core/src/main/java/org/elasticsearch/xpack/esql/core/expression/predicate/regex/RLikePattern.java:36}","{Method doCreateAutomaton(boolean) at x-pack/plugin/esql-core/src/main/java/org/elasticsearch/xpack/esql/core/expression/predicate/regex/RLikePattern.java:36}","-30","-30"
"c0342b01078f801ff5fed4eeb96dbc103fadb13a","RENAME","{Method createAutomaton(boolean) at x-pack/plugin/esql-core/src/main/java/org/elasticsearch/xpack/esql/core/expression/predicate/regex/WildcardPattern.java:55}","{Method doCreateAutomaton(boolean) at x-pack/plugin/esql-core/src/main/java/org/elasticsearch/xpack/esql/core/expression/predicate/regex/WildcardPattern.java:55}","-49","-49"
"c0342b01078f801ff5fed4eeb96dbc103fadb13a","RENAME","{Method createAutomaton(boolean) at x-pack/plugin/esql-core/src/main/java/org/elasticsearch/xpack/esql/core/expression/predicate/regex/RLikePatternList.java:45}","{Method doCreateAutomaton(boolean) at x-pack/plugin/esql-core/src/main/java/org/elasticsearch/xpack/esql/core/expression/predicate/regex/RLikePatternList.java:45}","-39","-39"
"e94903649b5c879b664a27605224226d2728319c"
"eb793cfe2619ff476a3cba480c0f6c313b8c080e","RENAME","{Class SpySpanBuilder at modules/apm/src/test/java/org/elasticsearch/telemetry/apm/internal/tracing/APMTracerTests.java:279}","{Class MockSpanBuilder at modules/apm/src/test/java/org/elasticsearch/telemetry/apm/internal/tracing/APMTracerTests.java:316}","-269","-306"
"191602e46c16056d073f564429e25284f7d6f6b7"
"bf51b0c691256141c606ec6aff3221ea9ee07d17"
"97004bf9108034cff871abf7eb8a4288282ab9ba"
"a5d52e8b41daf3c517ba7b745c6905230f57b909"
"d1df43f884e429170dc9944f3acfb6258c3dfeec"
"3c022be2fdaf12bf2bb850a48b4cfe8c45d7b95a"
"df67e2733f365778ab2dbbac2a8d418c55964af9"
"045893799b7adc0484935745873d5a787af1b678"
"d066e86b90803a407699afeded56173c6a99881a"
"8b7d6216d229417a8397f801a838bd789aeec45c"
"7b0573e78ce65cbb44121a6b6973ad8bea31aba2","CHANGE_SIGNATURE","{Method new(boolean, Boolean) at x-pack/plugin/core/src/main/java/org/elasticsearch/xpack/core/action/SetResetModeActionRequest.java:46}","{Method new(TimeValue, boolean, Boolean) at x-pack/plugin/core/src/main/java/org/elasticsearch/xpack/core/action/SetResetModeActionRequest.java:38}","-40","-32"
"7b0573e78ce65cbb44121a6b6973ad8bea31aba2","CHANGE_SIGNATURE","{Method disabled(boolean) at x-pack/plugin/core/src/main/java/org/elasticsearch/xpack/core/action/SetResetModeActionRequest.java:27}","{Method disabled(TimeValue, boolean) at x-pack/plugin/core/src/main/java/org/elasticsearch/xpack/core/action/SetResetModeActionRequest.java:28}","-21","-22"
"7b0573e78ce65cbb44121a6b6973ad8bea31aba2","CHANGE_SIGNATURE","{Method new(boolean) at x-pack/plugin/core/src/main/java/org/elasticsearch/xpack/core/ml/action/SetUpgradeModeAction.java:39}","{Method new(TimeValue, TimeValue, boolean) at x-pack/plugin/core/src/main/java/org/elasticsearch/xpack/core/ml/action/SetUpgradeModeAction.java:28}","-29","-18"
"7b0573e78ce65cbb44121a6b6973ad8bea31aba2","CHANGE_SIGNATURE","{Method enabled() at x-pack/plugin/core/src/main/java/org/elasticsearch/xpack/core/action/SetResetModeActionRequest.java:23}","{Method enabled(TimeValue) at x-pack/plugin/core/src/main/java/org/elasticsearch/xpack/core/action/SetResetModeActionRequest.java:24}","-17","-18"
"4d7621a21417176e5b764a4ffbd057cd9a28d353","CHANGE_SIGNATURE","{Method combineIntermediate(StdDevStates.SingleState, double, double, long) at x-pack/plugin/esql/compute/src/main/generated-src/org/elasticsearch/compute/aggregation/StdDevIntAggregator.java:39}","{Method combineIntermediate(VarianceStates.SingleState, double, double, long) at x-pack/plugin/esql/compute/src/main/generated-src/org/elasticsearch/compute/aggregation/StdDevIntAggregator.java:39}","-33","-33"
"4d7621a21417176e5b764a4ffbd057cd9a28d353","CHANGE_SIGNATURE","{Method evaluateFinal(StdDevStates.GroupingState, IntVector, GroupingAggregatorEvaluationContext) at x-pack/plugin/esql/compute/src/main/generated-src/org/elasticsearch/compute/aggregation/StdDevIntAggregator.java:59}","{Method evaluateFinal(VarianceStates.GroupingState, IntVector, GroupingAggregatorEvaluationContext) at x-pack/plugin/esql/compute/src/main/generated-src/org/elasticsearch/compute/aggregation/StdDevIntAggregator.java:59}","-53","-53"
"4d7621a21417176e5b764a4ffbd057cd9a28d353","CHANGE_SIGNATURE","{Method new(List, StdDevStates.GroupingState, DriverContext) at x-pack/plugin/esql/compute/src/main/generated/org/elasticsearch/compute/aggregation/StdDevLongGroupingAggregatorFunction.java:40}","{Method new(List, VarianceStates.GroupingState, DriverContext, boolean) at x-pack/plugin/esql/compute/src/main/generated/org/elasticsearch/compute/aggregation/StdDevLongGroupingAggregatorFunction.java:42}","-36","-38"
"4d7621a21417176e5b764a4ffbd057cd9a28d353","CHANGE_SIGNATURE","{Method new() at x-pack/plugin/esql/compute/src/main/generated/org/elasticsearch/compute/aggregation/StdDevLongAggregatorFunctionSupplier.java:18}","{Method new(boolean) at x-pack/plugin/esql/compute/src/main/generated/org/elasticsearch/compute/aggregation/StdDevLongAggregatorFunctionSupplier.java:20}","-14","-16"
"4d7621a21417176e5b764a4ffbd057cd9a28d353","CHANGE_SIGNATURE","{Method new(DriverContext, List, StdDevStates.SingleState) at x-pack/plugin/esql/compute/src/main/generated/org/elasticsearch/compute/aggregation/StdDevFloatAggregatorFunction.java:40}","{Method new(DriverContext, List, VarianceStates.SingleState, boolean) at x-pack/plugin/esql/compute/src/main/generated/org/elasticsearch/compute/aggregation/StdDevFloatAggregatorFunction.java:42}","-36","-38"
"4d7621a21417176e5b764a4ffbd057cd9a28d353","CHANGE_SIGNATURE","{Method initSingle() at x-pack/plugin/esql/compute/src/main/generated-src/org/elasticsearch/compute/aggregation/StdDevIntAggregator.java:31}","{Method initSingle(boolean) at x-pack/plugin/esql/compute/src/main/generated-src/org/elasticsearch/compute/aggregation/StdDevIntAggregator.java:31}","-25","-25"
"4d7621a21417176e5b764a4ffbd057cd9a28d353","CHANGE_SIGNATURE","{Method create(List, DriverContext) at x-pack/plugin/esql/compute/src/main/generated/org/elasticsearch/compute/aggregation/StdDevFloatGroupingAggregatorFunction.java:49}","{Method create(List, DriverContext, boolean) at x-pack/plugin/esql/compute/src/main/generated/org/elasticsearch/compute/aggregation/StdDevFloatGroupingAggregatorFunction.java:52}","-45","-48"
"4d7621a21417176e5b764a4ffbd057cd9a28d353","CHANGE_SIGNATURE","{Method create(DriverContext, List) at x-pack/plugin/esql/compute/src/main/generated/org/elasticsearch/compute/aggregation/StdDevLongAggregatorFunction.java:45}","{Method create(DriverContext, List, boolean) at x-pack/plugin/esql/compute/src/main/generated/org/elasticsearch/compute/aggregation/StdDevLongAggregatorFunction.java:48}","-41","-44"
"4d7621a21417176e5b764a4ffbd057cd9a28d353","CHANGE_SIGNATURE","{Method combineIntermediate(StdDevStates.GroupingState, int, double, double, long) at x-pack/plugin/esql/compute/src/main/generated-src/org/elasticsearch/compute/aggregation/StdDevIntAggregator.java:55}","{Method combineIntermediate(VarianceStates.GroupingState, int, double, double, long) at x-pack/plugin/esql/compute/src/main/generated-src/org/elasticsearch/compute/aggregation/StdDevIntAggregator.java:55}","-49","-49"
"4d7621a21417176e5b764a4ffbd057cd9a28d353","CHANGE_SIGNATURE","{Method evaluateFinal(StdDevStates.SingleState, DriverContext) at x-pack/plugin/esql/compute/src/main/generated-src/org/elasticsearch/compute/aggregation/StdDevDoubleAggregator.java:43}","{Method evaluateFinal(VarianceStates.SingleState, DriverContext) at x-pack/plugin/esql/compute/src/main/generated-src/org/elasticsearch/compute/aggregation/StdDevDoubleAggregator.java:43}","-37","-37"
"4d7621a21417176e5b764a4ffbd057cd9a28d353","CHANGE_SIGNATURE","{Method evaluateFinal(StdDevStates.SingleState, DriverContext) at x-pack/plugin/esql/compute/src/main/generated-src/org/elasticsearch/compute/aggregation/StdDevFloatAggregator.java:43}","{Method evaluateFinal(VarianceStates.SingleState, DriverContext) at x-pack/plugin/esql/compute/src/main/generated-src/org/elasticsearch/compute/aggregation/StdDevFloatAggregator.java:43}","-37","-37"
"4d7621a21417176e5b764a4ffbd057cd9a28d353","CHANGE_SIGNATURE","{Method new() at x-pack/plugin/esql/compute/src/main/generated/org/elasticsearch/compute/aggregation/StdDevDoubleAggregatorFunctionSupplier.java:18}","{Method new(boolean) at x-pack/plugin/esql/compute/src/main/generated/org/elasticsearch/compute/aggregation/StdDevDoubleAggregatorFunctionSupplier.java:20}","-14","-16"
"4d7621a21417176e5b764a4ffbd057cd9a28d353","CHANGE_SIGNATURE","{Method new(List, StdDevStates.GroupingState, DriverContext) at x-pack/plugin/esql/compute/src/main/generated/org/elasticsearch/compute/aggregation/StdDevFloatGroupingAggregatorFunction.java:42}","{Method new(List, VarianceStates.GroupingState, DriverContext, boolean) at x-pack/plugin/esql/compute/src/main/generated/org/elasticsearch/compute/aggregation/StdDevFloatGroupingAggregatorFunction.java:44}","-38","-40"
"4d7621a21417176e5b764a4ffbd057cd9a28d353","CHANGE_SIGNATURE","{Method initGrouping(BigArrays) at x-pack/plugin/esql/compute/src/main/generated-src/org/elasticsearch/compute/aggregation/StdDevIntAggregator.java:47}","{Method initGrouping(BigArrays, boolean) at x-pack/plugin/esql/compute/src/main/generated-src/org/elasticsearch/compute/aggregation/StdDevIntAggregator.java:47}","-41","-41"
"4d7621a21417176e5b764a4ffbd057cd9a28d353","CHANGE_SIGNATURE","{Method new(List, StdDevStates.GroupingState, DriverContext) at x-pack/plugin/esql/compute/src/main/generated/org/elasticsearch/compute/aggregation/StdDevDoubleGroupingAggregatorFunction.java:40}","{Method new(List, VarianceStates.GroupingState, DriverContext, boolean) at x-pack/plugin/esql/compute/src/main/generated/org/elasticsearch/compute/aggregation/StdDevDoubleGroupingAggregatorFunction.java:42}","-36","-38"
"4d7621a21417176e5b764a4ffbd057cd9a28d353","CHANGE_SIGNATURE","{Method new(DriverContext, List, StdDevStates.SingleState) at x-pack/plugin/esql/compute/src/main/generated/org/elasticsearch/compute/aggregation/StdDevDoubleAggregatorFunction.java:38}","{Method new(DriverContext, List, VarianceStates.SingleState, boolean) at x-pack/plugin/esql/compute/src/main/generated/org/elasticsearch/compute/aggregation/StdDevDoubleAggregatorFunction.java:40}","-34","-36"
"4d7621a21417176e5b764a4ffbd057cd9a28d353","CHANGE_SIGNATURE","{Method create(List, DriverContext) at x-pack/plugin/esql/compute/src/main/generated/org/elasticsearch/compute/aggregation/StdDevDoubleGroupingAggregatorFunction.java:47}","{Method create(List, DriverContext, boolean) at x-pack/plugin/esql/compute/src/main/generated/org/elasticsearch/compute/aggregation/StdDevDoubleGroupingAggregatorFunction.java:50}","-43","-46"
"4d7621a21417176e5b764a4ffbd057cd9a28d353","CHANGE_SIGNATURE","{Method evaluateFinal(StdDevStates.SingleState, DriverContext) at x-pack/plugin/esql/compute/src/main/generated-src/org/elasticsearch/compute/aggregation/StdDevIntAggregator.java:43}","{Method evaluateFinal(VarianceStates.SingleState, DriverContext) at x-pack/plugin/esql/compute/src/main/generated-src/org/elasticsearch/compute/aggregation/StdDevIntAggregator.java:43}","-37","-37"
"4d7621a21417176e5b764a4ffbd057cd9a28d353","CHANGE_SIGNATURE","{Method new() at x-pack/plugin/esql/compute/src/main/generated/org/elasticsearch/compute/aggregation/StdDevIntAggregatorFunctionSupplier.java:18}","{Method new(boolean) at x-pack/plugin/esql/compute/src/main/generated/org/elasticsearch/compute/aggregation/StdDevIntAggregatorFunctionSupplier.java:20}","-14","-16"
"4d7621a21417176e5b764a4ffbd057cd9a28d353","CHANGE_SIGNATURE","{Method combineIntermediate(StdDevStates.SingleState, double, double, long) at x-pack/plugin/esql/compute/src/main/generated-src/org/elasticsearch/compute/aggregation/StdDevFloatAggregator.java:39}","{Method combineIntermediate(VarianceStates.SingleState, double, double, long) at x-pack/plugin/esql/compute/src/main/generated-src/org/elasticsearch/compute/aggregation/StdDevFloatAggregator.java:39}","-33","-33"
"4d7621a21417176e5b764a4ffbd057cd9a28d353","CHANGE_SIGNATURE","{Method initSingle() at x-pack/plugin/esql/compute/src/main/generated-src/org/elasticsearch/compute/aggregation/StdDevFloatAggregator.java:31}","{Method initSingle(boolean) at x-pack/plugin/esql/compute/src/main/generated-src/org/elasticsearch/compute/aggregation/StdDevFloatAggregator.java:31}","-25","-25"
"4d7621a21417176e5b764a4ffbd057cd9a28d353","CHANGE_SIGNATURE","{Method create(List, DriverContext) at x-pack/plugin/esql/compute/src/main/generated/org/elasticsearch/compute/aggregation/StdDevIntGroupingAggregatorFunction.java:48}","{Method create(List, DriverContext, boolean) at x-pack/plugin/esql/compute/src/main/generated/org/elasticsearch/compute/aggregation/StdDevIntGroupingAggregatorFunction.java:51}","-44","-47"
"4d7621a21417176e5b764a4ffbd057cd9a28d353","CHANGE_SIGNATURE","{Method evaluateFinal(StdDevStates.GroupingState, IntVector, GroupingAggregatorEvaluationContext) at x-pack/plugin/esql/compute/src/main/generated-src/org/elasticsearch/compute/aggregation/StdDevFloatAggregator.java:59}","{Method evaluateFinal(VarianceStates.GroupingState, IntVector, GroupingAggregatorEvaluationContext) at x-pack/plugin/esql/compute/src/main/generated-src/org/elasticsearch/compute/aggregation/StdDevFloatAggregator.java:59}","-53","-53"
"4d7621a21417176e5b764a4ffbd057cd9a28d353","CHANGE_SIGNATURE","{Method new(DriverContext, List, StdDevStates.SingleState) at x-pack/plugin/esql/compute/src/main/generated/org/elasticsearch/compute/aggregation/StdDevIntAggregatorFunction.java:40}","{Method new(DriverContext, List, VarianceStates.SingleState, boolean) at x-pack/plugin/esql/compute/src/main/generated/org/elasticsearch/compute/aggregation/StdDevIntAggregatorFunction.java:42}","-36","-38"
"4d7621a21417176e5b764a4ffbd057cd9a28d353","CHANGE_SIGNATURE","{Method new(BigArrays) at x-pack/plugin/esql/compute/src/main/java/org/elasticsearch/compute/aggregation/StdDevStates.java:94}","{Method new(BigArrays, boolean) at x-pack/plugin/esql/compute/src/main/java/org/elasticsearch/compute/aggregation/VarianceStates.java:97}","-84","-87"
"4d7621a21417176e5b764a4ffbd057cd9a28d353","CHANGE_SIGNATURE","{Method evaluateFinal(StdDevStates.SingleState, DriverContext) at x-pack/plugin/esql/compute/src/main/generated-src/org/elasticsearch/compute/aggregation/StdDevLongAggregator.java:43}","{Method evaluateFinal(VarianceStates.SingleState, DriverContext) at x-pack/plugin/esql/compute/src/main/generated-src/org/elasticsearch/compute/aggregation/StdDevLongAggregator.java:43}","-37","-37"
"4d7621a21417176e5b764a4ffbd057cd9a28d353","CHANGE_SIGNATURE","{Method evaluateFinal(StdDevStates.GroupingState, IntVector, GroupingAggregatorEvaluationContext) at x-pack/plugin/esql/compute/src/main/generated-src/org/elasticsearch/compute/aggregation/StdDevLongAggregator.java:59}","{Method evaluateFinal(VarianceStates.GroupingState, IntVector, GroupingAggregatorEvaluationContext) at x-pack/plugin/esql/compute/src/main/generated-src/org/elasticsearch/compute/aggregation/StdDevLongAggregator.java:59}","-53","-53"
"4d7621a21417176e5b764a4ffbd057cd9a28d353","CHANGE_SIGNATURE","{Method evaluate() at x-pack/plugin/esql/compute/src/main/java/org/elasticsearch/compute/aggregation/WelfordAlgorithm.java:76}","{Method evaluate(boolean) at x-pack/plugin/esql/compute/src/main/java/org/elasticsearch/compute/aggregation/WelfordAlgorithm.java:81}","-70","-75"
"4d7621a21417176e5b764a4ffbd057cd9a28d353","CHANGE_SIGNATURE","{Method combine(StdDevStates.SingleState, double) at x-pack/plugin/esql/compute/src/main/generated-src/org/elasticsearch/compute/aggregation/StdDevDoubleAggregator.java:35}","{Method combine(VarianceStates.SingleState, double) at x-pack/plugin/esql/compute/src/main/generated-src/org/elasticsearch/compute/aggregation/StdDevDoubleAggregator.java:35}","-29","-29"
"4d7621a21417176e5b764a4ffbd057cd9a28d353","CHANGE_SIGNATURE","{Method new(double, double, long) at x-pack/plugin/esql/compute/src/main/java/org/elasticsearch/compute/aggregation/StdDevStates.java:31}","{Method new(double, double, long, boolean) at x-pack/plugin/esql/compute/src/main/java/org/elasticsearch/compute/aggregation/VarianceStates.java:32}","-21","-22"
"4d7621a21417176e5b764a4ffbd057cd9a28d353","CHANGE_SIGNATURE","{Method create(List, DriverContext) at x-pack/plugin/esql/compute/src/main/generated/org/elasticsearch/compute/aggregation/StdDevLongGroupingAggregatorFunction.java:47}","{Method create(List, DriverContext, boolean) at x-pack/plugin/esql/compute/src/main/generated/org/elasticsearch/compute/aggregation/StdDevLongGroupingAggregatorFunction.java:50}","-43","-46"
"4d7621a21417176e5b764a4ffbd057cd9a28d353","CHANGE_SIGNATURE","{Method initGrouping(BigArrays) at x-pack/plugin/esql/compute/src/main/generated-src/org/elasticsearch/compute/aggregation/StdDevDoubleAggregator.java:47}","{Method initGrouping(BigArrays, boolean) at x-pack/plugin/esql/compute/src/main/generated-src/org/elasticsearch/compute/aggregation/StdDevDoubleAggregator.java:47}","-41","-41"
"4d7621a21417176e5b764a4ffbd057cd9a28d353","CHANGE_SIGNATURE","{Method initGrouping(BigArrays) at x-pack/plugin/esql/compute/src/main/generated-src/org/elasticsearch/compute/aggregation/StdDevLongAggregator.java:47}","{Method initGrouping(BigArrays, boolean) at x-pack/plugin/esql/compute/src/main/generated-src/org/elasticsearch/compute/aggregation/StdDevLongAggregator.java:47}","-41","-41"
"4d7621a21417176e5b764a4ffbd057cd9a28d353","CHANGE_SIGNATURE","{Method new(List, StdDevStates.GroupingState, DriverContext) at x-pack/plugin/esql/compute/src/main/generated/org/elasticsearch/compute/aggregation/StdDevIntGroupingAggregatorFunction.java:41}","{Method new(List, VarianceStates.GroupingState, DriverContext, boolean) at x-pack/plugin/esql/compute/src/main/generated/org/elasticsearch/compute/aggregation/StdDevIntGroupingAggregatorFunction.java:43}","-37","-39"
"4d7621a21417176e5b764a4ffbd057cd9a28d353","CHANGE_SIGNATURE","{Method combineIntermediate(StdDevStates.SingleState, double, double, long) at x-pack/plugin/esql/compute/src/main/generated-src/org/elasticsearch/compute/aggregation/StdDevDoubleAggregator.java:39}","{Method combineIntermediate(VarianceStates.SingleState, double, double, long) at x-pack/plugin/esql/compute/src/main/generated-src/org/elasticsearch/compute/aggregation/StdDevDoubleAggregator.java:39}","-33","-33"
"4d7621a21417176e5b764a4ffbd057cd9a28d353","CHANGE_SIGNATURE","{Method combine(StdDevStates.GroupingState, int, long) at x-pack/plugin/esql/compute/src/main/generated-src/org/elasticsearch/compute/aggregation/StdDevLongAggregator.java:51}","{Method combine(VarianceStates.GroupingState, int, long) at x-pack/plugin/esql/compute/src/main/generated-src/org/elasticsearch/compute/aggregation/StdDevLongAggregator.java:51}","-45","-45"
"4d7621a21417176e5b764a4ffbd057cd9a28d353","CHANGE_SIGNATURE","{Method create(DriverContext, List) at x-pack/plugin/esql/compute/src/main/generated/org/elasticsearch/compute/aggregation/StdDevDoubleAggregatorFunction.java:45}","{Method create(DriverContext, List, boolean) at x-pack/plugin/esql/compute/src/main/generated/org/elasticsearch/compute/aggregation/StdDevDoubleAggregatorFunction.java:48}","-41","-44"
"4d7621a21417176e5b764a4ffbd057cd9a28d353","CHANGE_SIGNATURE","{Method combineIntermediate(StdDevStates.GroupingState, int, double, double, long) at x-pack/plugin/esql/compute/src/main/generated-src/org/elasticsearch/compute/aggregation/StdDevLongAggregator.java:55}","{Method combineIntermediate(VarianceStates.GroupingState, int, double, double, long) at x-pack/plugin/esql/compute/src/main/generated-src/org/elasticsearch/compute/aggregation/StdDevLongAggregator.java:55}","-49","-49"
"4d7621a21417176e5b764a4ffbd057cd9a28d353","CHANGE_SIGNATURE","{Method initSingle() at x-pack/plugin/esql/compute/src/main/generated-src/org/elasticsearch/compute/aggregation/StdDevDoubleAggregator.java:31}","{Method initSingle(boolean) at x-pack/plugin/esql/compute/src/main/generated-src/org/elasticsearch/compute/aggregation/StdDevDoubleAggregator.java:31}","-25","-25"
"4d7621a21417176e5b764a4ffbd057cd9a28d353","RENAME","{Class StdDevStates at x-pack/plugin/esql/compute/src/main/java/org/elasticsearch/compute/aggregation/StdDevStates.java:19}","{Class VarianceStates at x-pack/plugin/esql/compute/src/main/java/org/elasticsearch/compute/aggregation/VarianceStates.java:19}","-17","-17"
"4d7621a21417176e5b764a4ffbd057cd9a28d353","CHANGE_SIGNATURE","{Method combine(StdDevStates.GroupingState, int, int) at x-pack/plugin/esql/compute/src/main/generated-src/org/elasticsearch/compute/aggregation/StdDevIntAggregator.java:51}","{Method combine(VarianceStates.GroupingState, int, int) at x-pack/plugin/esql/compute/src/main/generated-src/org/elasticsearch/compute/aggregation/StdDevIntAggregator.java:51}","-45","-45"
"4d7621a21417176e5b764a4ffbd057cd9a28d353","CHANGE_SIGNATURE","{Method initGrouping(BigArrays) at x-pack/plugin/esql/compute/src/main/generated-src/org/elasticsearch/compute/aggregation/StdDevFloatAggregator.java:47}","{Method initGrouping(BigArrays, boolean) at x-pack/plugin/esql/compute/src/main/generated-src/org/elasticsearch/compute/aggregation/StdDevFloatAggregator.java:47}","-41","-41"
"4d7621a21417176e5b764a4ffbd057cd9a28d353","CHANGE_SIGNATURE","{Method combine(StdDevStates.SingleState, int) at x-pack/plugin/esql/compute/src/main/generated-src/org/elasticsearch/compute/aggregation/StdDevIntAggregator.java:35}","{Method combine(VarianceStates.SingleState, int) at x-pack/plugin/esql/compute/src/main/generated-src/org/elasticsearch/compute/aggregation/StdDevIntAggregator.java:35}","-29","-29"
"4d7621a21417176e5b764a4ffbd057cd9a28d353","CHANGE_SIGNATURE","{Method combineIntermediate(StdDevStates.GroupingState, int, double, double, long) at x-pack/plugin/esql/compute/src/main/generated-src/org/elasticsearch/compute/aggregation/StdDevFloatAggregator.java:55}","{Method combineIntermediate(VarianceStates.GroupingState, int, double, double, long) at x-pack/plugin/esql/compute/src/main/generated-src/org/elasticsearch/compute/aggregation/StdDevFloatAggregator.java:55}","-49","-49"
"4d7621a21417176e5b764a4ffbd057cd9a28d353","CHANGE_SIGNATURE","{Method combine(StdDevStates.GroupingState, int, double) at x-pack/plugin/esql/compute/src/main/generated-src/org/elasticsearch/compute/aggregation/StdDevDoubleAggregator.java:51}","{Method combine(VarianceStates.GroupingState, int, double) at x-pack/plugin/esql/compute/src/main/generated-src/org/elasticsearch/compute/aggregation/StdDevDoubleAggregator.java:51}","-45","-45"
"4d7621a21417176e5b764a4ffbd057cd9a28d353","CHANGE_SIGNATURE","{Method evaluateFinal(StdDevStates.GroupingState, IntVector, GroupingAggregatorEvaluationContext) at x-pack/plugin/esql/compute/src/main/generated-src/org/elasticsearch/compute/aggregation/StdDevDoubleAggregator.java:59}","{Method evaluateFinal(VarianceStates.GroupingState, IntVector, GroupingAggregatorEvaluationContext) at x-pack/plugin/esql/compute/src/main/generated-src/org/elasticsearch/compute/aggregation/StdDevDoubleAggregator.java:59}","-53","-53"
"4d7621a21417176e5b764a4ffbd057cd9a28d353","CHANGE_SIGNATURE","{Method new() at x-pack/plugin/esql/compute/src/main/java/org/elasticsearch/compute/aggregation/StdDevStates.java:27}","{Method new(boolean) at x-pack/plugin/esql/compute/src/main/java/org/elasticsearch/compute/aggregation/VarianceStates.java:28}","-17","-18"
"4d7621a21417176e5b764a4ffbd057cd9a28d353","CHANGE_SIGNATURE","{Method initSingle() at x-pack/plugin/esql/compute/src/main/generated-src/org/elasticsearch/compute/aggregation/StdDevLongAggregator.java:31}","{Method initSingle(boolean) at x-pack/plugin/esql/compute/src/main/generated-src/org/elasticsearch/compute/aggregation/StdDevLongAggregator.java:31}","-25","-25"
"4d7621a21417176e5b764a4ffbd057cd9a28d353","CHANGE_SIGNATURE","{Method combine(StdDevStates.SingleState, long) at x-pack/plugin/esql/compute/src/main/generated-src/org/elasticsearch/compute/aggregation/StdDevLongAggregator.java:35}","{Method combine(VarianceStates.SingleState, long) at x-pack/plugin/esql/compute/src/main/generated-src/org/elasticsearch/compute/aggregation/StdDevLongAggregator.java:35}","-29","-29"
"4d7621a21417176e5b764a4ffbd057cd9a28d353","CHANGE_SIGNATURE","{Method combineIntermediate(StdDevStates.SingleState, double, double, long) at x-pack/plugin/esql/compute/src/main/generated-src/org/elasticsearch/compute/aggregation/StdDevLongAggregator.java:39}","{Method combineIntermediate(VarianceStates.SingleState, double, double, long) at x-pack/plugin/esql/compute/src/main/generated-src/org/elasticsearch/compute/aggregation/StdDevLongAggregator.java:39}","-33","-33"
"4d7621a21417176e5b764a4ffbd057cd9a28d353","CHANGE_SIGNATURE","{Method create(DriverContext, List) at x-pack/plugin/esql/compute/src/main/generated/org/elasticsearch/compute/aggregation/StdDevFloatAggregatorFunction.java:47}","{Method create(DriverContext, List, boolean) at x-pack/plugin/esql/compute/src/main/generated/org/elasticsearch/compute/aggregation/StdDevFloatAggregatorFunction.java:50}","-43","-46"
"4d7621a21417176e5b764a4ffbd057cd9a28d353","CHANGE_SIGNATURE","{Method combine(StdDevStates.GroupingState, int, float) at x-pack/plugin/esql/compute/src/main/generated-src/org/elasticsearch/compute/aggregation/StdDevFloatAggregator.java:51}","{Method combine(VarianceStates.GroupingState, int, float) at x-pack/plugin/esql/compute/src/main/generated-src/org/elasticsearch/compute/aggregation/StdDevFloatAggregator.java:51}","-45","-45"
"4d7621a21417176e5b764a4ffbd057cd9a28d353","CHANGE_SIGNATURE","{Method combineIntermediate(StdDevStates.GroupingState, int, double, double, long) at x-pack/plugin/esql/compute/src/main/generated-src/org/elasticsearch/compute/aggregation/StdDevDoubleAggregator.java:55}","{Method combineIntermediate(VarianceStates.GroupingState, int, double, double, long) at x-pack/plugin/esql/compute/src/main/generated-src/org/elasticsearch/compute/aggregation/StdDevDoubleAggregator.java:55}","-49","-49"
"4d7621a21417176e5b764a4ffbd057cd9a28d353","CHANGE_SIGNATURE","{Method create(DriverContext, List) at x-pack/plugin/esql/compute/src/main/generated/org/elasticsearch/compute/aggregation/StdDevIntAggregatorFunction.java:47}","{Method create(DriverContext, List, boolean) at x-pack/plugin/esql/compute/src/main/generated/org/elasticsearch/compute/aggregation/StdDevIntAggregatorFunction.java:50}","-43","-46"
"4d7621a21417176e5b764a4ffbd057cd9a28d353","CHANGE_SIGNATURE","{Method combine(StdDevStates.SingleState, float) at x-pack/plugin/esql/compute/src/main/generated-src/org/elasticsearch/compute/aggregation/StdDevFloatAggregator.java:35}","{Method combine(VarianceStates.SingleState, float) at x-pack/plugin/esql/compute/src/main/generated-src/org/elasticsearch/compute/aggregation/StdDevFloatAggregator.java:35}","-29","-29"
"4d7621a21417176e5b764a4ffbd057cd9a28d353","CHANGE_SIGNATURE","{Method new() at x-pack/plugin/esql/compute/src/main/generated/org/elasticsearch/compute/aggregation/StdDevFloatAggregatorFunctionSupplier.java:18}","{Method new(boolean) at x-pack/plugin/esql/compute/src/main/generated/org/elasticsearch/compute/aggregation/StdDevFloatAggregatorFunctionSupplier.java:20}","-14","-16"
"4d7621a21417176e5b764a4ffbd057cd9a28d353","CHANGE_SIGNATURE","{Method new(DriverContext, List, StdDevStates.SingleState) at x-pack/plugin/esql/compute/src/main/generated/org/elasticsearch/compute/aggregation/StdDevLongAggregatorFunction.java:38}","{Method new(DriverContext, List, VarianceStates.SingleState, boolean) at x-pack/plugin/esql/compute/src/main/generated/org/elasticsearch/compute/aggregation/StdDevLongAggregatorFunction.java:40}","-34","-36"
"7799d8446062020a940a57b00eebfff1c7877f78"
"c5490f238a64d4076b133c37c1b9525701d8f012"
"47e3f8c05a054b13c4d357891f305021a1d638df"
"bd94fd85d23e36f0b8a4db031e303182a14bcf3a"
"558650bdbfa8cbf736dc0afa6a86e9d57798b95b"
"4a5355184ef7e1fa4d48a6c851ca02e5c204a388","CHANGE_SIGNATURE","{Method updateIndexMappingsAndBuildSortOrder(IndexService, CreateIndexClusterStateUpdateRequest, List, IndexMetadata) at server/src/main/java/org/elasticsearch/cluster/metadata/MetadataCreateIndexService.java:1550}","{Method updateIndexMappingsAndBuildSortOrder(IndexService, CreateIndexClusterStateUpdateRequest, List) at server/src/main/java/org/elasticsearch/cluster/metadata/MetadataCreateIndexService.java:1554}","-1544","-1548"
"d70878f488dfa2e2ba4d02e335c15be7cd4d5af2"
"a93ee21393fbfbe5301547e615eecddd9e08b49b","EXTRACT_MOVE","{Method reader(LeafReaderContext) at x-pack/plugin/logsdb/src/main/java/org/elasticsearch/xpack/logsdb/patterntext/PatternTextBlockLoader.java:31}","{Method createReader(BinaryDocValues) at server/src/main/java/org/elasticsearch/index/mapper/blockloader/docvalues/BytesRefsFromBinaryBlockLoader.java:38}","-25","-32"
"a93ee21393fbfbe5301547e615eecddd9e08b49b","MOVE","{Class BytesRefsFromBinary at x-pack/plugin/logsdb/src/main/java/org/elasticsearch/xpack/logsdb/patterntext/PatternTextBlockLoader.java:44}","{Class BytesRefsFromBinary at server/src/main/java/org/elasticsearch/index/mapper/blockloader/docvalues/BytesRefsFromBinaryBlockLoader.java:49}","-38","-43"
"70c7743717a79e1e99633514a8fe97cca12bf403"
"4e2b41664b71c1ae34a7445618a25ede04d9c0ff"
"ef9199d2436e5fa2b225850afd0e918a1af1227d"
"f40259a1c3955b7688e4c671b27d8510f8b9d8af"
"aaa9202c506ea290c95c5ceffbe2b23fd215e410"
"f446a4b3973e7fbd2636d2400ba82bbc445186fd","EXTRACT","{Method startDeployment(String, String) at x-pack/qa/rolling-upgrade/src/test/java/org/elasticsearch/upgrades/MlAssignmentPlannerUpgradeIT.java:254}","{Method startDeployment(String, String, String) at x-pack/qa/rolling-upgrade/src/test/java/org/elasticsearch/upgrades/MlAssignmentPlannerUpgradeIT.java:257}","-248","-251"
"58847252e24cd670c22e70097918ae0241b8ff4e"
"b05bf64670c10508269ea71fd21efa62f57f4233"
"4ef77572868cdf1928bd9bba2775ee7614d7e958","CHANGE_SIGNATURE","{Method assertWarnings(List) at x-pack/plugin/esql/qa/testFixtures/src/main/java/org/elasticsearch/xpack/esql/AssertWarnings.java:38}","{Method assertWarnings(List, Object) at x-pack/plugin/esql/qa/testFixtures/src/main/java/org/elasticsearch/xpack/esql/AssertWarnings.java:52}","-28","-42"
"4ef77572868cdf1928bd9bba2775ee7614d7e958","CHANGE_SIGNATURE","{Method assertWarnings(Response, AssertWarnings) at x-pack/plugin/esql/qa/server/src/main/java/org/elasticsearch/xpack/esql/qa/rest/RestEsqlTestCase.java:1914}","{Method assertWarnings(Response, AssertWarnings, Object) at x-pack/plugin/esql/qa/server/src/main/java/org/elasticsearch/xpack/esql/qa/rest/RestEsqlTestCase.java:1914}","-1908","-1908"
"4ef77572868cdf1928bd9bba2775ee7614d7e958","CHANGE_SIGNATURE","{Method assertWarnings(List) at x-pack/plugin/esql/qa/testFixtures/src/main/java/org/elasticsearch/xpack/esql/AssertWarnings.java:21}","{Method assertWarnings(List, Object) at x-pack/plugin/esql/qa/testFixtures/src/main/java/org/elasticsearch/xpack/esql/AssertWarnings.java:21}","-15","-15"
"4ef77572868cdf1928bd9bba2775ee7614d7e958","CHANGE_SIGNATURE","{Method assertWarnings(List) at x-pack/plugin/esql/qa/testFixtures/src/main/java/org/elasticsearch/xpack/esql/AssertWarnings.java:31}","{Method assertWarnings(List, Object) at x-pack/plugin/esql/qa/testFixtures/src/main/java/org/elasticsearch/xpack/esql/AssertWarnings.java:45}","-21","-35"
"4ef77572868cdf1928bd9bba2775ee7614d7e958","CHANGE_SIGNATURE","{Method assertWarnings(List) at x-pack/plugin/esql/qa/testFixtures/src/main/java/org/elasticsearch/xpack/esql/AssertWarnings.java:45}","{Method assertWarnings(List, Object) at x-pack/plugin/esql/qa/testFixtures/src/main/java/org/elasticsearch/xpack/esql/AssertWarnings.java:63}","-35","-53"
"4ef77572868cdf1928bd9bba2775ee7614d7e958","CHANGE_SIGNATURE","{Method assertWarnings(List) at x-pack/plugin/esql/src/test/java/org/elasticsearch/xpack/esql/CsvTests.java:720}","{Method assertWarnings(List, Object) at x-pack/plugin/esql/src/test/java/org/elasticsearch/xpack/esql/CsvTests.java:720}","-714","-714"
"4ef77572868cdf1928bd9bba2775ee7614d7e958","CHANGE_SIGNATURE","{Method assertWarnings(List) at x-pack/plugin/esql/qa/testFixtures/src/main/java/org/elasticsearch/xpack/esql/AssertWarnings.java:24}","{Method assertWarnings(List, Object) at x-pack/plugin/esql/qa/testFixtures/src/main/java/org/elasticsearch/xpack/esql/AssertWarnings.java:38}","-14","-28"
"d93350fceac23a8286e633f291e6ddb2b97d8f12","CHANGE_SIGNATURE","{Method new(ScriptService, ClusterService, ProjectResolver, Settings) at server/src/main/java/org/elasticsearch/ingest/SamplingService.java:136}","{Method new(ScriptService, ClusterService, Settings) at server/src/main/java/org/elasticsearch/ingest/SamplingService.java:129}","-130","-123"
"d93350fceac23a8286e633f291e6ddb2b97d8f12","CHANGE_SIGNATURE","{Method create(ScriptService, ClusterService, ProjectResolver, Settings) at server/src/main/java/org/elasticsearch/ingest/SamplingService.java:125}","{Method create(ScriptService, ClusterService, Settings) at server/src/main/java/org/elasticsearch/ingest/SamplingService.java:123}","-119","-117"
"d93350fceac23a8286e633f291e6ddb2b97d8f12","CHANGE_SIGNATURE","{Method atLeastOneSampleConfigured() at server/src/main/java/org/elasticsearch/ingest/SamplingService.java:343}","{Method atLeastOneSampleConfigured(ProjectMetadata) at server/src/main/java/org/elasticsearch/ingest/SamplingService.java:330}","-337","-324"
"7ac4676600d4d2a7ef5073e1e9046418fb5429b0"
"7e9049e74cdc397431bb9203595c7434d20ffca2"
"b852cf9ef1a15df97321a1dc1f7096b36eb94ddb"
"8090c2aa43935c871b07ff86e02f2ec1ae22c02b","EXTRACT_MOVE","{Method mergeIndexResponses(FieldCapabilitiesRequest, CancellableTask, Map, FailureCollector, ActionListener) at server/src/main/java/org/elasticsearch/action/fieldcaps/TransportFieldCapabilitiesAction.java:358}","{Method new() at server/src/main/java/org/elasticsearch/action/fieldcaps/FieldCapabilitiesResponse.java:233}","-352","-223"
"8090c2aa43935c871b07ff86e02f2ec1ae22c02b","CHANGE_SIGNATURE","{Method new(String[], Map, List, List) at server/src/main/java/org/elasticsearch/action/fieldcaps/FieldCapabilitiesResponse.java:59}","{Method new(String[], Map, List, List, TransportVersion) at server/src/main/java/org/elasticsearch/action/fieldcaps/FieldCapabilitiesResponse.java:65}","-53","-59"
"8090c2aa43935c871b07ff86e02f2ec1ae22c02b","CHANGE_SIGNATURE","{Method merge(Map, CancellableTask, FieldCapabilitiesRequest, List) at server/src/main/java/org/elasticsearch/action/fieldcaps/TransportFieldCapabilitiesAction.java:422}","{Method merge(Map, CancellableTask, FieldCapabilitiesRequest, List, AtomicReference) at server/src/main/java/org/elasticsearch/action/fieldcaps/TransportFieldCapabilitiesAction.java:434}","-416","-428"
"8090c2aa43935c871b07ff86e02f2ec1ae22c02b","CHANGE_SIGNATURE","{Method mergeIndexResponses(FieldCapabilitiesRequest, CancellableTask, Map, FailureCollector, ActionListener) at server/src/main/java/org/elasticsearch/action/fieldcaps/TransportFieldCapabilitiesAction.java:358}","{Method mergeIndexResponses(FieldCapabilitiesRequest, CancellableTask, Map, FailureCollector, AtomicReference, ActionListener) at server/src/main/java/org/elasticsearch/action/fieldcaps/TransportFieldCapabilitiesAction.java:364}","-352","-358"
"70e7fa4da0b10dd2f32792b92fcafdc8bafc3b4a"
"5ef646c52ce5bbc3444c093515c174014ceec41f"
"78b39a83f6cbc634fc5c60575bb0fd4bfaed146e"
"88d4704a9a48e0c58dcb16d7f6efac2612b12901"
"5ea782ca7b7aface103eebab22d0b255b4e9e89e"
"ef8672300415896990d7682df9b3805aa15a945c","MOVE_RENAME","{Class BlockDocValuesReader at server/src/main/java/org/elasticsearch/index/mapper/BlockDocValuesReader.java:45}","{Class DenseVectorBlockLoader at server/src/main/java/org/elasticsearch/index/mapper/blockloader/docvalues/DenseVectorBlockLoader.java:24}","-43","-22"
"ef8672300415896990d7682df9b3805aa15a945c","MOVE","{Class BooleansBlockLoader at server/src/main/java/org/elasticsearch/index/mapper/BlockDocValuesReader.java:1174}","{Class BooleansBlockLoader at server/src/main/java/org/elasticsearch/index/mapper/blockloader/docvalues/BooleansBlockLoader.java:20}","-1168","-18"
"ef8672300415896990d7682df9b3805aa15a945c","MOVE","{Class AbstractBytesRefsFromBinary at server/src/main/java/org/elasticsearch/index/mapper/BlockDocValuesReader.java:928}","{Class AbstractBytesRefsFromBinary at server/src/main/java/org/elasticsearch/index/mapper/blockloader/docvalues/BytesRefsFromCustomBinaryBlockLoader.java:42}","-922","-36"
"ef8672300415896990d7682df9b3805aa15a945c","MOVE","{Class FloatDenseVectorFromBinary at server/src/main/java/org/elasticsearch/index/mapper/BlockDocValuesReader.java:1115}","{Class FloatDenseVectorFromBinary at server/src/main/java/org/elasticsearch/index/mapper/blockloader/docvalues/DenseVectorFromBinaryBlockLoader.java:112}","-1109","-106"
"ef8672300415896990d7682df9b3805aa15a945c","MOVE","{Class Ints at server/src/main/java/org/elasticsearch/index/mapper/BlockDocValuesReader.java:319}","{Class Ints at server/src/main/java/org/elasticsearch/index/mapper/blockloader/docvalues/IntsBlockLoader.java:103}","-313","-97"
"ef8672300415896990d7682df9b3805aa15a945c","MOVE","{Class Longs at server/src/main/java/org/elasticsearch/index/mapper/BlockDocValuesReader.java:184}","{Class Longs at server/src/main/java/org/elasticsearch/index/mapper/blockloader/docvalues/LongsBlockLoader.java:103}","-178","-97"
"ef8672300415896990d7682df9b3805aa15a945c","MOVE","{Interface NumericDocValuesAccessor at server/src/main/java/org/elasticsearch/index/mapper/BlockDocValuesReader.java:126}","{Interface NumericDocValuesAccessor at server/src/main/java/org/elasticsearch/index/mapper/blockloader/docvalues/BlockDocValuesReader.java:74}","-120","-68"
"ef8672300415896990d7682df9b3805aa15a945c","MOVE","{Class BytesRefsFromCustomBinary at server/src/main/java/org/elasticsearch/index/mapper/BlockDocValuesReader.java:962}","{Class BytesRefsFromCustomBinary at server/src/main/java/org/elasticsearch/index/mapper/blockloader/docvalues/BytesRefsFromCustomBinaryBlockLoader.java:76}","-956","-70"
"ef8672300415896990d7682df9b3805aa15a945c","MOVE","{Class BytesRefsFromOrdsBlockLoader at server/src/main/java/org/elasticsearch/index/mapper/BlockDocValuesReader.java:710}","{Class BytesRefsFromOrdsBlockLoader at server/src/main/java/org/elasticsearch/index/mapper/blockloader/docvalues/BytesRefsFromOrdsBlockLoader.java:24}","-704","-22"
"ef8672300415896990d7682df9b3805aa15a945c","MOVE","{Class SingletonBooleans at server/src/main/java/org/elasticsearch/index/mapper/BlockDocValuesReader.java:1204}","{Class SingletonBooleans at server/src/main/java/org/elasticsearch/index/mapper/blockloader/docvalues/BooleansBlockLoader.java:49}","-1198","-43"
"ef8672300415896990d7682df9b3805aa15a945c","MOVE","{Class LongsBlockLoader at server/src/main/java/org/elasticsearch/index/mapper/BlockDocValuesReader.java:95}","{Class LongsBlockLoader at server/src/main/java/org/elasticsearch/index/mapper/blockloader/docvalues/LongsBlockLoader.java:20}","-89","-18"
"ef8672300415896990d7682df9b3805aa15a945c","MOVE","{Class Doubles at server/src/main/java/org/elasticsearch/index/mapper/BlockDocValuesReader.java:467}","{Class Doubles at server/src/main/java/org/elasticsearch/index/mapper/blockloader/docvalues/DoublesBlockLoader.java:107}","-461","-101"
"ef8672300415896990d7682df9b3805aa15a945c","MOVE","{Class BytesRefsFromCustomBinaryBlockLoader at server/src/main/java/org/elasticsearch/index/mapper/BlockDocValuesReader.java:906}","{Class BytesRefsFromCustomBinaryBlockLoader at server/src/main/java/org/elasticsearch/index/mapper/blockloader/docvalues/BytesRefsFromCustomBinaryBlockLoader.java:21}","-900","-19"
"ef8672300415896990d7682df9b3805aa15a945c","PULL_UP","{Method canReuse(int) at server/src/main/java/org/elasticsearch/index/mapper/BlockDocValuesReader.java:57}","{Method canReuse(int) at server/src/main/java/org/elasticsearch/index/mapper/blockloader/docvalues/BlockDocValuesReader.java:35}","-51","-29"
"ef8672300415896990d7682df9b3805aa15a945c","PULL_UP","{Method docId() at server/src/main/java/org/elasticsearch/index/mapper/BlockDocValuesReader.java:52}","{Method docId() at server/src/main/java/org/elasticsearch/index/mapper/blockloader/docvalues/BlockDocValuesReader.java:30}","-46","-24"
"ef8672300415896990d7682df9b3805aa15a945c","PULL_UP","{Method toString() at server/src/main/java/org/elasticsearch/index/mapper/BlockDocValuesReader.java:62}","{Method toString() at server/src/main/java/org/elasticsearch/index/mapper/blockloader/docvalues/BlockDocValuesReader.java:40}","-56","-34"
"ef8672300415896990d7682df9b3805aa15a945c","MOVE","{Class BytesRefsFromBinary at server/src/main/java/org/elasticsearch/index/mapper/BlockDocValuesReader.java:1008}","{Class BytesRefsFromBinary at x-pack/plugin/logsdb/src/main/java/org/elasticsearch/xpack/logsdb/patterntext/PatternTextBlockLoader.java:44}","-1002","-38"
"ef8672300415896990d7682df9b3805aa15a945c","MOVE","{Class SingletonLongs at server/src/main/java/org/elasticsearch/index/mapper/BlockDocValuesReader.java:130}","{Class SingletonLongs at server/src/main/java/org/elasticsearch/index/mapper/blockloader/docvalues/LongsBlockLoader.java:49}","-124","-43"
"ef8672300415896990d7682df9b3805aa15a945c","MOVE","{Class SingletonOrdinals at server/src/main/java/org/elasticsearch/index/mapper/BlockDocValuesReader.java:755}","{Class SingletonOrdinals at server/src/main/java/org/elasticsearch/index/mapper/blockloader/docvalues/BytesRefsFromOrdsBlockLoader.java:68}","-749","-62"
"ef8672300415896990d7682df9b3805aa15a945c","MOVE","{Class DocValuesBlockLoader at server/src/main/java/org/elasticsearch/index/mapper/BlockDocValuesReader.java:65}","{Class DocValuesBlockLoader at server/src/main/java/org/elasticsearch/index/mapper/blockloader/docvalues/BlockDocValuesReader.java:43}","-59","-37"
"ef8672300415896990d7682df9b3805aa15a945c","MOVE","{Class IntsBlockLoader at server/src/main/java/org/elasticsearch/index/mapper/BlockDocValuesReader.java:235}","{Class IntsBlockLoader at server/src/main/java/org/elasticsearch/index/mapper/blockloader/docvalues/IntsBlockLoader.java:20}","-229","-18"
"ef8672300415896990d7682df9b3805aa15a945c","MOVE","{Class DenseVectorFromBinaryBlockLoader at server/src/main/java/org/elasticsearch/index/mapper/BlockDocValuesReader.java:1029}","{Class DenseVectorFromBinaryBlockLoader at server/src/main/java/org/elasticsearch/index/mapper/blockloader/docvalues/DenseVectorFromBinaryBlockLoader.java:22}","-1023","-20"
"ef8672300415896990d7682df9b3805aa15a945c","MOVE","{Class SingletonInts at server/src/main/java/org/elasticsearch/index/mapper/BlockDocValuesReader.java:265}","{Class SingletonInts at server/src/main/java/org/elasticsearch/index/mapper/blockloader/docvalues/IntsBlockLoader.java:49}","-259","-43"
"ef8672300415896990d7682df9b3805aa15a945c","MOVE","{Class ByteDenseVectorFromBinary at server/src/main/java/org/elasticsearch/index/mapper/BlockDocValuesReader.java:1138}","{Class ByteDenseVectorFromBinary at server/src/main/java/org/elasticsearch/index/mapper/blockloader/docvalues/DenseVectorFromBinaryBlockLoader.java:135}","-1132","-129"
"ef8672300415896990d7682df9b3805aa15a945c","EXTRACT_SUPER","{Class BlockDocValuesReader at server/src/main/java/org/elasticsearch/index/mapper/BlockDocValuesReader.java:45}","{Class BlockDocValuesReader at server/src/main/java/org/elasticsearch/index/mapper/blockloader/docvalues/BlockDocValuesReader.java:23}","-43","-21"
"ef8672300415896990d7682df9b3805aa15a945c","MOVE","{Class Booleans at server/src/main/java/org/elasticsearch/index/mapper/BlockDocValuesReader.java:1252}","{Class Booleans at server/src/main/java/org/elasticsearch/index/mapper/blockloader/docvalues/BooleansBlockLoader.java:97}","-1246","-91"
"ef8672300415896990d7682df9b3805aa15a945c","MOVE","{Class Ordinals at server/src/main/java/org/elasticsearch/index/mapper/BlockDocValuesReader.java:816}","{Class Ordinals at server/src/main/java/org/elasticsearch/index/mapper/blockloader/docvalues/BytesRefsFromOrdsBlockLoader.java:129}","-810","-123"
"ef8672300415896990d7682df9b3805aa15a945c","INTERNAL_MOVE","{Method builder(BlockFactory, int) at server/src/main/java/org/elasticsearch/index/mapper/BlockDocValuesReader.java:531}","{Method builder(BlockFactory, int) at server/src/main/java/org/elasticsearch/index/mapper/blockloader/docvalues/DenseVectorBlockLoader.java:35}","-521","-29"
"ef8672300415896990d7682df9b3805aa15a945c","INTERNAL_MOVE","{Method reader(LeafReaderContext) at server/src/main/java/org/elasticsearch/index/mapper/BlockDocValuesReader.java:536}","{Method reader(LeafReaderContext) at server/src/main/java/org/elasticsearch/index/mapper/blockloader/docvalues/DenseVectorBlockLoader.java:40}","-526","-34"
"ef8672300415896990d7682df9b3805aa15a945c","MOVE","{Class DoublesBlockLoader at server/src/main/java/org/elasticsearch/index/mapper/BlockDocValuesReader.java:379}","{Class DoublesBlockLoader at server/src/main/java/org/elasticsearch/index/mapper/blockloader/docvalues/DoublesBlockLoader.java:20}","-373","-18"
"ef8672300415896990d7682df9b3805aa15a945c","MOVE","{Class SingletonDoubles at server/src/main/java/org/elasticsearch/index/mapper/BlockDocValuesReader.java:411}","{Class SingletonDoubles at server/src/main/java/org/elasticsearch/index/mapper/blockloader/docvalues/DoublesBlockLoader.java:51}","-405","-45"
"ef8672300415896990d7682df9b3805aa15a945c","MOVE","{Interface ToDouble at server/src/main/java/org/elasticsearch/index/mapper/BlockDocValuesReader.java:375}","{Interface ToDouble at server/src/main/java/org/elasticsearch/index/mapper/blockloader/docvalues/BlockDocValuesReader.java:83}","-369","-77"
"ef8672300415896990d7682df9b3805aa15a945c","MOVE","{Class AbstractDenseVectorFromBinary at server/src/main/java/org/elasticsearch/index/mapper/BlockDocValuesReader.java:1062}","{Class AbstractDenseVectorFromBinary at server/src/main/java/org/elasticsearch/index/mapper/blockloader/docvalues/DenseVectorFromBinaryBlockLoader.java:59}","-1056","-53"
"ef8672300415896990d7682df9b3805aa15a945c","MOVE","{Class BitDenseVectorFromBinary at server/src/main/java/org/elasticsearch/index/mapper/BlockDocValuesReader.java:1163}","{Class BitDenseVectorFromBinary at server/src/main/java/org/elasticsearch/index/mapper/blockloader/docvalues/DenseVectorFromBinaryBlockLoader.java:160}","-1157","-154"
"ad5d545b48880e2d28c81f5398fe6ce1752a8188"
"9607c933a1e34bb944ca39d3f1d8f9afc169e18b"
"e2997665c66c5a87801426a977818b52437cdc91"
"041696cee93305e30eccbf8615838b88a5cad833"
"904e098c35353571a1173e7109e4e41f841ed4a7"
"b3113833db08ec7124c7f738eabbbb5e4e08fb9d","EXTRACT","{Method resolveAsMergedMappingAndRetrieveMinimumVersion(String, Set, QueryBuilder, boolean, boolean, boolean, ActionListener) at x-pack/plugin/esql/src/main/java/org/elasticsearch/xpack/esql/session/IndexResolver.java:115}","{Method effectiveMinTransportVersion() at x-pack/plugin/esql/src/main/java/org/elasticsearch/xpack/esql/session/IndexResolver.java:193}","-109","-183"
"b3113833db08ec7124c7f738eabbbb5e4e08fb9d","CHANGE_SIGNATURE","{Method supportedOn(TransportVersion) at x-pack/plugin/esql-core/src/main/java/org/elasticsearch/xpack/esql/core/type/SupportedVersion.java:58}","{Method supportedOn(TransportVersion, boolean) at x-pack/plugin/esql-core/src/main/java/org/elasticsearch/xpack/esql/core/type/SupportedVersion.java:58}","-48","-48"
"b3113833db08ec7124c7f738eabbbb5e4e08fb9d","CHANGE_SIGNATURE","{Method expectedValue(DataType) at x-pack/plugin/esql/qa/server/src/main/java/org/elasticsearch/xpack/esql/qa/rest/AllSupportedFieldsTestCase.java:413}","{Method expectedValue(DataType, NodeInfo) at x-pack/plugin/esql/qa/server/src/main/java/org/elasticsearch/xpack/esql/qa/rest/AllSupportedFieldsTestCase.java:457}","-407","-451"
"b3113833db08ec7124c7f738eabbbb5e4e08fb9d","CHANGE_SIGNATURE","{Method supportedOn(TransportVersion) at x-pack/plugin/esql-core/src/main/java/org/elasticsearch/xpack/esql/core/type/SupportedVersion.java:78}","{Method supportedOn(TransportVersion, boolean) at x-pack/plugin/esql-core/src/main/java/org/elasticsearch/xpack/esql/core/type/SupportedVersion.java:78}","-64","-64"
"b3113833db08ec7124c7f738eabbbb5e4e08fb9d","CHANGE_SIGNATURE","{Method supportedOn(TransportVersion) at x-pack/plugin/esql-core/src/main/java/org/elasticsearch/xpack/esql/core/type/SupportedVersion.java:14}","{Method supportedOn(TransportVersion, boolean) at x-pack/plugin/esql-core/src/main/java/org/elasticsearch/xpack/esql/core/type/SupportedVersion.java:14}","-8","-8"
"b3113833db08ec7124c7f738eabbbb5e4e08fb9d","CHANGE_SIGNATURE","{Method supportedOn(TransportVersion) at x-pack/plugin/esql-core/src/main/java/org/elasticsearch/xpack/esql/core/type/SupportedVersion.java:21}","{Method supportedOn(TransportVersion, boolean) at x-pack/plugin/esql-core/src/main/java/org/elasticsearch/xpack/esql/core/type/SupportedVersion.java:21}","-11","-11"
"d213909657ee411a30cdcfc67a406b0d03deaaa8","EXTRACT_MOVE","{Method configuration(QueryPragmas) at x-pack/plugin/esql/qa/testFixtures/src/main/java/org/elasticsearch/xpack/esql/EsqlTestUtils.java:549}","{Method configuration() at x-pack/plugin/esql/src/main/java/org/elasticsearch/xpack/esql/analysis/AnalyzerContext.java:51}","-543","-45"
"d213909657ee411a30cdcfc67a406b0d03deaaa8","EXTRACT","{Method new(Configuration, EsqlFunctionRegistry, EsqlSession.PreAnalysisResult) at x-pack/plugin/esql/src/main/java/org/elasticsearch/xpack/esql/analysis/AnalyzerContext.java:52}","{Method indexResolution() at x-pack/plugin/esql/src/main/java/org/elasticsearch/xpack/esql/analysis/AnalyzerContext.java:59}","-46","-53"
"d213909657ee411a30cdcfc67a406b0d03deaaa8","EXTRACT","{Method new(Configuration, EsqlFunctionRegistry, EsqlSession.PreAnalysisResult) at x-pack/plugin/esql/src/main/java/org/elasticsearch/xpack/esql/analysis/AnalyzerContext.java:52}","{Method functionRegistry() at x-pack/plugin/esql/src/main/java/org/elasticsearch/xpack/esql/analysis/AnalyzerContext.java:55}","-46","-49"
"d213909657ee411a30cdcfc67a406b0d03deaaa8","EXTRACT_MOVE","{Method testAnalyzerContext(Configuration, EsqlFunctionRegistry, Map, Map, EnrichResolution, InferenceResolution) at x-pack/plugin/esql/qa/testFixtures/src/main/java/org/elasticsearch/xpack/esql/EsqlTestUtils.java:465}","{Method inferenceResolution() at x-pack/plugin/esql/src/main/java/org/elasticsearch/xpack/esql/analysis/AnalyzerContext.java:71}","-459","-65"
"d213909657ee411a30cdcfc67a406b0d03deaaa8","EXTRACT_MOVE","{Method resolveInferencePlan(InferencePlan, AnalyzerContext) at x-pack/plugin/esql/src/main/java/org/elasticsearch/xpack/esql/analysis/Analyzer.java:1437}","{Method inferenceResolution() at x-pack/plugin/esql/src/main/java/org/elasticsearch/xpack/esql/analysis/AnalyzerContext.java:71}","-1427","-65"
"d213909657ee411a30cdcfc67a406b0d03deaaa8","EXTRACT_MOVE","{Method rule(LogicalPlan, AnalyzerContext) at x-pack/plugin/esql/src/main/java/org/elasticsearch/xpack/esql/analysis/Analyzer.java:1398}","{Method functionRegistry() at x-pack/plugin/esql/src/main/java/org/elasticsearch/xpack/esql/analysis/AnalyzerContext.java:55}","-1388","-49"
"d213909657ee411a30cdcfc67a406b0d03deaaa8","EXTRACT_MOVE","{Method analyzer(IndexResolution, Map, EnrichResolution, Verifier) at x-pack/plugin/esql/src/test/java/org/elasticsearch/xpack/esql/analysis/AnalyzerTestUtils.java:86}","{Method indexResolution() at x-pack/plugin/esql/src/main/java/org/elasticsearch/xpack/esql/analysis/AnalyzerContext.java:59}","-80","-53"
"d213909657ee411a30cdcfc67a406b0d03deaaa8","EXTRACT_MOVE","{Method rule(UnresolvedRelation, AnalyzerContext) at x-pack/plugin/esql/src/main/java/org/elasticsearch/xpack/esql/analysis/Analyzer.java:248}","{Method indexResolution() at x-pack/plugin/esql/src/main/java/org/elasticsearch/xpack/esql/analysis/AnalyzerContext.java:59}","-238","-53"
"d213909657ee411a30cdcfc67a406b0d03deaaa8","EXTRACT","{Method new(Configuration, EsqlFunctionRegistry, Map, Map, EnrichResolution, InferenceResolution, TransportVersion) at x-pack/plugin/esql/src/main/java/org/elasticsearch/xpack/esql/analysis/AnalyzerContext.java:30}","{Method functionRegistry() at x-pack/plugin/esql/src/main/java/org/elasticsearch/xpack/esql/analysis/AnalyzerContext.java:55}","-24","-49"
"d213909657ee411a30cdcfc67a406b0d03deaaa8","EXTRACT_MOVE","{Method testAnalyzerContext(Configuration, EsqlFunctionRegistry, Map, EnrichResolution, InferenceResolution) at x-pack/plugin/esql/qa/testFixtures/src/main/java/org/elasticsearch/xpack/esql/EsqlTestUtils.java:452}","{Method enrichResolution() at x-pack/plugin/esql/src/main/java/org/elasticsearch/xpack/esql/analysis/AnalyzerContext.java:67}","-446","-61"
"d213909657ee411a30cdcfc67a406b0d03deaaa8","EXTRACT_MOVE","{Method rule(LogicalPlan, AnalyzerContext) at x-pack/plugin/esql/src/main/java/org/elasticsearch/xpack/esql/analysis/Analyzer.java:1398}","{Method configuration() at x-pack/plugin/esql/src/main/java/org/elasticsearch/xpack/esql/analysis/AnalyzerContext.java:51}","-1388","-45"
"d213909657ee411a30cdcfc67a406b0d03deaaa8","EXTRACT_MOVE","{Method testAnalyzerContext(Configuration, EsqlFunctionRegistry, Map, EnrichResolution, InferenceResolution) at x-pack/plugin/esql/qa/testFixtures/src/main/java/org/elasticsearch/xpack/esql/EsqlTestUtils.java:452}","{Method configuration() at x-pack/plugin/esql/src/main/java/org/elasticsearch/xpack/esql/analysis/AnalyzerContext.java:51}","-446","-45"
"d213909657ee411a30cdcfc67a406b0d03deaaa8","EXTRACT","{Method new(Configuration, EsqlFunctionRegistry, Map, Map, EnrichResolution, InferenceResolution, TransportVersion) at x-pack/plugin/esql/src/main/java/org/elasticsearch/xpack/esql/analysis/AnalyzerContext.java:30}","{Method configuration() at x-pack/plugin/esql/src/main/java/org/elasticsearch/xpack/esql/analysis/AnalyzerContext.java:51}","-24","-45"
"d213909657ee411a30cdcfc67a406b0d03deaaa8","EXTRACT_MOVE","{Method analyzer(IndexResolution, Map) at x-pack/plugin/esql/src/test/java/org/elasticsearch/xpack/esql/analysis/AnalyzerTestUtils.java:74}","{Method lookupResolution() at x-pack/plugin/esql/src/main/java/org/elasticsearch/xpack/esql/analysis/AnalyzerContext.java:63}","-68","-57"
"d213909657ee411a30cdcfc67a406b0d03deaaa8","EXTRACT_MOVE","{Method resolveFunction(UnresolvedFunction, Configuration, EsqlFunctionRegistry) at x-pack/plugin/esql/src/main/java/org/elasticsearch/xpack/esql/analysis/Analyzer.java:1408}","{Method configuration() at x-pack/plugin/esql/src/main/java/org/elasticsearch/xpack/esql/analysis/AnalyzerContext.java:51}","-1398","-45"
"d213909657ee411a30cdcfc67a406b0d03deaaa8","EXTRACT","{Method new(Configuration, EsqlFunctionRegistry, EsqlSession.PreAnalysisResult) at x-pack/plugin/esql/src/main/java/org/elasticsearch/xpack/esql/analysis/AnalyzerContext.java:52}","{Method configuration() at x-pack/plugin/esql/src/main/java/org/elasticsearch/xpack/esql/analysis/AnalyzerContext.java:51}","-46","-45"
"d213909657ee411a30cdcfc67a406b0d03deaaa8","EXTRACT_MOVE","{Method analyzer(IndexResolution) at x-pack/plugin/esql/src/test/java/org/elasticsearch/xpack/esql/analysis/AnalyzerTestUtils.java:65}","{Method indexResolution() at x-pack/plugin/esql/src/main/java/org/elasticsearch/xpack/esql/analysis/AnalyzerContext.java:59}","-59","-53"
"d213909657ee411a30cdcfc67a406b0d03deaaa8","EXTRACT_MOVE","{Method rule(Lookup, AnalyzerContext) at x-pack/plugin/esql/src/main/java/org/elasticsearch/xpack/esql/analysis/Analyzer.java:433}","{Method configuration() at x-pack/plugin/esql/src/main/java/org/elasticsearch/xpack/esql/analysis/AnalyzerContext.java:51}","-423","-45"
"d213909657ee411a30cdcfc67a406b0d03deaaa8","EXTRACT_MOVE","{Method analyzer(IndexResolution, Verifier) at x-pack/plugin/esql/src/test/java/org/elasticsearch/xpack/esql/analysis/AnalyzerTestUtils.java:78}","{Method indexResolution() at x-pack/plugin/esql/src/main/java/org/elasticsearch/xpack/esql/analysis/AnalyzerContext.java:59}","-72","-53"
"d213909657ee411a30cdcfc67a406b0d03deaaa8","EXTRACT","{Method new(Configuration, EsqlFunctionRegistry, EsqlSession.PreAnalysisResult) at x-pack/plugin/esql/src/main/java/org/elasticsearch/xpack/esql/analysis/AnalyzerContext.java:52}","{Method enrichResolution() at x-pack/plugin/esql/src/main/java/org/elasticsearch/xpack/esql/analysis/AnalyzerContext.java:67}","-46","-61"
"d213909657ee411a30cdcfc67a406b0d03deaaa8","EXTRACT_MOVE","{Method testEnrichPolicyWithError() at x-pack/plugin/esql/src/test/java/org/elasticsearch/xpack/esql/analysis/AnalyzerTests.java:1661}","{Method enrichResolution() at x-pack/plugin/esql/src/main/java/org/elasticsearch/xpack/esql/analysis/AnalyzerContext.java:67}","-1655","-61"
"d213909657ee411a30cdcfc67a406b0d03deaaa8","EXTRACT_MOVE","{Method loadEnrichPolicyResolution(EnrichResolution, String, String, String, String, String) at x-pack/plugin/esql/src/test/java/org/elasticsearch/xpack/esql/analysis/AnalyzerTestUtils.java:322}","{Method indexResolution() at x-pack/plugin/esql/src/main/java/org/elasticsearch/xpack/esql/analysis/AnalyzerContext.java:59}","-316","-53"
"d213909657ee411a30cdcfc67a406b0d03deaaa8","EXTRACT_MOVE","{Method testEnrichPolicyWithError() at x-pack/plugin/esql/src/test/java/org/elasticsearch/xpack/esql/analysis/AnalyzerTests.java:1661}","{Method configuration() at x-pack/plugin/esql/src/main/java/org/elasticsearch/xpack/esql/analysis/AnalyzerContext.java:51}","-1655","-45"
"d213909657ee411a30cdcfc67a406b0d03deaaa8","EXTRACT_MOVE","{Method analyze(String, String, String, QueryParams) at x-pack/plugin/esql/src/test/java/org/elasticsearch/xpack/esql/analysis/AnalyzerTestUtils.java:174}","{Method configuration() at x-pack/plugin/esql/src/main/java/org/elasticsearch/xpack/esql/analysis/AnalyzerContext.java:51}","-168","-45"
"d213909657ee411a30cdcfc67a406b0d03deaaa8","EXTRACT_MOVE","{Method rule(UnresolvedRelation, AnalyzerContext) at x-pack/plugin/esql/src/main/java/org/elasticsearch/xpack/esql/analysis/Analyzer.java:248}","{Method lookupResolution() at x-pack/plugin/esql/src/main/java/org/elasticsearch/xpack/esql/analysis/AnalyzerContext.java:63}","-238","-57"
"d213909657ee411a30cdcfc67a406b0d03deaaa8","EXTRACT","{Method new(Configuration, EsqlFunctionRegistry, Map, Map, EnrichResolution, InferenceResolution, TransportVersion) at x-pack/plugin/esql/src/main/java/org/elasticsearch/xpack/esql/analysis/AnalyzerContext.java:30}","{Method minimumVersion() at x-pack/plugin/esql/src/main/java/org/elasticsearch/xpack/esql/analysis/AnalyzerContext.java:75}","-24","-69"
"d213909657ee411a30cdcfc67a406b0d03deaaa8","EXTRACT","{Method new(Configuration, EsqlFunctionRegistry, Map, Map, EnrichResolution, InferenceResolution, TransportVersion) at x-pack/plugin/esql/src/main/java/org/elasticsearch/xpack/esql/analysis/AnalyzerContext.java:30}","{Method lookupResolution() at x-pack/plugin/esql/src/main/java/org/elasticsearch/xpack/esql/analysis/AnalyzerContext.java:63}","-24","-57"
"d213909657ee411a30cdcfc67a406b0d03deaaa8","EXTRACT_MOVE","{Method testAnalyzerContext(Configuration, EsqlFunctionRegistry, Map, EnrichResolution, InferenceResolution) at x-pack/plugin/esql/qa/testFixtures/src/main/java/org/elasticsearch/xpack/esql/EsqlTestUtils.java:452}","{Method functionRegistry() at x-pack/plugin/esql/src/main/java/org/elasticsearch/xpack/esql/analysis/AnalyzerContext.java:55}","-446","-49"
"d213909657ee411a30cdcfc67a406b0d03deaaa8","EXTRACT_MOVE","{Method resolveInferenceFunction(InferenceFunction, AnalyzerContext) at x-pack/plugin/esql/src/main/java/org/elasticsearch/xpack/esql/analysis/Analyzer.java:1464}","{Method inferenceResolution() at x-pack/plugin/esql/src/main/java/org/elasticsearch/xpack/esql/analysis/AnalyzerContext.java:71}","-1454","-65"
"d213909657ee411a30cdcfc67a406b0d03deaaa8","EXTRACT_MOVE","{Method loadEnrichPolicyResolution(EnrichResolution, Enrich.Mode, String, String, String, String, String) at x-pack/plugin/esql/src/test/java/org/elasticsearch/xpack/esql/analysis/AnalyzerTestUtils.java:340}","{Method indexResolution() at x-pack/plugin/esql/src/main/java/org/elasticsearch/xpack/esql/analysis/AnalyzerContext.java:59}","-334","-53"
"d213909657ee411a30cdcfc67a406b0d03deaaa8","EXTRACT_MOVE","{Method defaultEnrichResolution() at x-pack/plugin/esql/src/test/java/org/elasticsearch/xpack/esql/analysis/AnalyzerTestUtils.java:242}","{Method enrichResolution() at x-pack/plugin/esql/src/main/java/org/elasticsearch/xpack/esql/analysis/AnalyzerContext.java:67}","-236","-61"
"d213909657ee411a30cdcfc67a406b0d03deaaa8","EXTRACT_MOVE","{Method testAnalyzerContext(Configuration, EsqlFunctionRegistry, Map, Map, EnrichResolution, InferenceResolution) at x-pack/plugin/esql/qa/testFixtures/src/main/java/org/elasticsearch/xpack/esql/EsqlTestUtils.java:465}","{Method enrichResolution() at x-pack/plugin/esql/src/main/java/org/elasticsearch/xpack/esql/analysis/AnalyzerContext.java:67}","-459","-61"
"d213909657ee411a30cdcfc67a406b0d03deaaa8","EXTRACT_MOVE","{Method analyzer(IndexResolution, Map, EnrichResolution, Verifier) at x-pack/plugin/esql/src/test/java/org/elasticsearch/xpack/esql/analysis/AnalyzerTestUtils.java:86}","{Method lookupResolution() at x-pack/plugin/esql/src/main/java/org/elasticsearch/xpack/esql/analysis/AnalyzerContext.java:63}","-80","-57"
"d213909657ee411a30cdcfc67a406b0d03deaaa8","EXTRACT_MOVE","{Method resolveIndex(UnresolvedRelation, IndexResolution) at x-pack/plugin/esql/src/main/java/org/elasticsearch/xpack/esql/analysis/Analyzer.java:256}","{Method indexResolution() at x-pack/plugin/esql/src/main/java/org/elasticsearch/xpack/esql/analysis/AnalyzerContext.java:59}","-246","-53"
"d213909657ee411a30cdcfc67a406b0d03deaaa8","EXTRACT_MOVE","{Method testEnrichFieldsIncludeMatchField() at x-pack/plugin/esql/src/test/java/org/elasticsearch/xpack/esql/analysis/AnalyzerTests.java:1815}","{Method configuration() at x-pack/plugin/esql/src/main/java/org/elasticsearch/xpack/esql/analysis/AnalyzerContext.java:51}","-1809","-45"
"d213909657ee411a30cdcfc67a406b0d03deaaa8","EXTRACT_MOVE","{Method analyzer(IndexResolution, Map, Verifier) at x-pack/plugin/esql/src/test/java/org/elasticsearch/xpack/esql/analysis/AnalyzerTestUtils.java:82}","{Method indexResolution() at x-pack/plugin/esql/src/main/java/org/elasticsearch/xpack/esql/analysis/AnalyzerContext.java:59}","-76","-53"
"d213909657ee411a30cdcfc67a406b0d03deaaa8","EXTRACT_MOVE","{Method testAnalyzerContext(Configuration, EsqlFunctionRegistry, Map, Map, EnrichResolution, InferenceResolution) at x-pack/plugin/esql/qa/testFixtures/src/main/java/org/elasticsearch/xpack/esql/EsqlTestUtils.java:465}","{Method configuration() at x-pack/plugin/esql/src/main/java/org/elasticsearch/xpack/esql/analysis/AnalyzerContext.java:51}","-459","-45"
"d213909657ee411a30cdcfc67a406b0d03deaaa8","EXTRACT_MOVE","{Method analyzeWithEmptyFieldCapsResponse(String) at x-pack/plugin/esql/src/test/java/org/elasticsearch/xpack/esql/analysis/AnalyzerTests.java:3801}","{Method configuration() at x-pack/plugin/esql/src/main/java/org/elasticsearch/xpack/esql/analysis/AnalyzerContext.java:51}","-3795","-45"
"d213909657ee411a30cdcfc67a406b0d03deaaa8","EXTRACT_MOVE","{Method testEnrichFieldsIncludeMatchField() at x-pack/plugin/esql/src/test/java/org/elasticsearch/xpack/esql/analysis/AnalyzerTests.java:1815}","{Method enrichResolution() at x-pack/plugin/esql/src/main/java/org/elasticsearch/xpack/esql/analysis/AnalyzerContext.java:67}","-1809","-61"
"d213909657ee411a30cdcfc67a406b0d03deaaa8","EXTRACT_MOVE","{Method analyzer(Map, Map, EnrichResolution, Verifier, Configuration) at x-pack/plugin/esql/src/test/java/org/elasticsearch/xpack/esql/analysis/AnalyzerTestUtils.java:95}","{Method lookupResolution() at x-pack/plugin/esql/src/main/java/org/elasticsearch/xpack/esql/analysis/AnalyzerContext.java:63}","-89","-57"
"d213909657ee411a30cdcfc67a406b0d03deaaa8","EXTRACT_MOVE","{Method configuration(String) at x-pack/plugin/esql/qa/testFixtures/src/main/java/org/elasticsearch/xpack/esql/EsqlTestUtils.java:553}","{Method configuration() at x-pack/plugin/esql/src/main/java/org/elasticsearch/xpack/esql/analysis/AnalyzerContext.java:51}","-547","-45"
"d213909657ee411a30cdcfc67a406b0d03deaaa8","EXTRACT_MOVE","{Method testEmptyMappingIndex() at x-pack/plugin/esql/src/test/java/org/elasticsearch/xpack/esql/optimizer/LogicalPlanOptimizerTests.java:5320}","{Method enrichResolution() at x-pack/plugin/esql/src/main/java/org/elasticsearch/xpack/esql/analysis/AnalyzerContext.java:67}","-5314","-61"
"d213909657ee411a30cdcfc67a406b0d03deaaa8","EXTRACT_MOVE","{Method init() at x-pack/plugin/esql/src/test/java/org/elasticsearch/xpack/esql/optimizer/AbstractLogicalPlanOptimizerTests.java:79}","{Method enrichResolution() at x-pack/plugin/esql/src/main/java/org/elasticsearch/xpack/esql/analysis/AnalyzerContext.java:67}","-73","-61"
"d213909657ee411a30cdcfc67a406b0d03deaaa8","EXTRACT","{Method new(Configuration, EsqlFunctionRegistry, EsqlSession.PreAnalysisResult) at x-pack/plugin/esql/src/main/java/org/elasticsearch/xpack/esql/analysis/AnalyzerContext.java:52}","{Method inferenceResolution() at x-pack/plugin/esql/src/main/java/org/elasticsearch/xpack/esql/analysis/AnalyzerContext.java:71}","-46","-65"
"d213909657ee411a30cdcfc67a406b0d03deaaa8","EXTRACT_MOVE","{Method apply(LogicalPlan, AnalyzerContext) at x-pack/plugin/esql/src/main/java/org/elasticsearch/xpack/esql/analysis/Analyzer.java:1496}","{Method configuration() at x-pack/plugin/esql/src/main/java/org/elasticsearch/xpack/esql/analysis/AnalyzerContext.java:51}","-1486","-45"
"d213909657ee411a30cdcfc67a406b0d03deaaa8","EXTRACT_MOVE","{Method init() at x-pack/plugin/esql/src/test/java/org/elasticsearch/xpack/esql/optimizer/AbstractLogicalPlanOptimizerTests.java:79}","{Method configuration() at x-pack/plugin/esql/src/main/java/org/elasticsearch/xpack/esql/analysis/AnalyzerContext.java:51}","-73","-45"
"d213909657ee411a30cdcfc67a406b0d03deaaa8","EXTRACT_MOVE","{Method analyzer(IndexResolution, Map, Verifier) at x-pack/plugin/esql/src/test/java/org/elasticsearch/xpack/esql/analysis/AnalyzerTestUtils.java:82}","{Method lookupResolution() at x-pack/plugin/esql/src/main/java/org/elasticsearch/xpack/esql/analysis/AnalyzerContext.java:63}","-76","-57"
"d213909657ee411a30cdcfc67a406b0d03deaaa8","EXTRACT","{Method checkFullTextQueryFunctions(LogicalPlan, Failures) at x-pack/plugin/esql/src/main/java/org/elasticsearch/xpack/esql/expression/function/fulltext/FullTextFunction.java:188}","{Method checkFullTextQueryFunctionForCondition(LogicalPlan, Failures, Expression, boolean) at x-pack/plugin/esql/src/main/java/org/elasticsearch/xpack/esql/expression/function/fulltext/FullTextFunction.java:220}","-182","-214"
"d213909657ee411a30cdcfc67a406b0d03deaaa8","EXTRACT","{Method new(Configuration, EsqlFunctionRegistry, Map, Map, EnrichResolution, InferenceResolution, TransportVersion) at x-pack/plugin/esql/src/main/java/org/elasticsearch/xpack/esql/analysis/AnalyzerContext.java:30}","{Method inferenceResolution() at x-pack/plugin/esql/src/main/java/org/elasticsearch/xpack/esql/analysis/AnalyzerContext.java:71}","-24","-65"
"d213909657ee411a30cdcfc67a406b0d03deaaa8","CHANGE_SIGNATURE","{Method resolveLookupJoin(LookupJoin) at x-pack/plugin/esql/src/main/java/org/elasticsearch/xpack/esql/analysis/Analyzer.java:772}","{Method resolveLookupJoin(LookupJoin, AnalyzerContext) at x-pack/plugin/esql/src/main/java/org/elasticsearch/xpack/esql/analysis/Analyzer.java:838}","-762","-828"
"d213909657ee411a30cdcfc67a406b0d03deaaa8","EXTRACT_MOVE","{Method resolveInferenceFunction(InferenceFunction, AnalyzerContext) at x-pack/plugin/esql/src/main/java/org/elasticsearch/xpack/esql/analysis/Analyzer.java:1464}","{Method functionRegistry() at x-pack/plugin/esql/src/main/java/org/elasticsearch/xpack/esql/analysis/AnalyzerContext.java:55}","-1454","-49"
"d213909657ee411a30cdcfc67a406b0d03deaaa8","EXTRACT_MOVE","{Method testResolveInsist_multiIndexFieldPartiallyMappedWithSingleKeywordType_createsUnmappedField() at x-pack/plugin/esql/src/test/java/org/elasticsearch/xpack/esql/analysis/AnalyzerTests.java:3150}","{Method configuration() at x-pack/plugin/esql/src/main/java/org/elasticsearch/xpack/esql/analysis/AnalyzerContext.java:51}","-3144","-45"
"d213909657ee411a30cdcfc67a406b0d03deaaa8","EXTRACT_MOVE","{Method analyzer(IndexResolution, Map) at x-pack/plugin/esql/src/test/java/org/elasticsearch/xpack/esql/analysis/AnalyzerTestUtils.java:74}","{Method indexResolution() at x-pack/plugin/esql/src/main/java/org/elasticsearch/xpack/esql/analysis/AnalyzerContext.java:59}","-68","-53"
"d213909657ee411a30cdcfc67a406b0d03deaaa8","EXTRACT","{Method runLookup(List, PopulateIndices, PhysicalPlan) at x-pack/plugin/esql/src/internalClusterTest/java/org/elasticsearch/xpack/esql/action/LookupFromIndexIT.java:253}","{Method getPredicateFromFilter(Filter) at x-pack/plugin/esql/src/internalClusterTest/java/org/elasticsearch/xpack/esql/action/LookupFromIndexIT.java:482}","-247","-476"
"d213909657ee411a30cdcfc67a406b0d03deaaa8","EXTRACT_MOVE","{Method testAnalyzerContext(Configuration, EsqlFunctionRegistry, Map, Map, EnrichResolution, InferenceResolution) at x-pack/plugin/esql/qa/testFixtures/src/main/java/org/elasticsearch/xpack/esql/EsqlTestUtils.java:465}","{Method functionRegistry() at x-pack/plugin/esql/src/main/java/org/elasticsearch/xpack/esql/analysis/AnalyzerContext.java:55}","-459","-49"
"d213909657ee411a30cdcfc67a406b0d03deaaa8","EXTRACT_MOVE","{Method rule(Enrich, AnalyzerContext) at x-pack/plugin/esql/src/main/java/org/elasticsearch/xpack/esql/analysis/Analyzer.java:347}","{Method enrichResolution() at x-pack/plugin/esql/src/main/java/org/elasticsearch/xpack/esql/analysis/AnalyzerContext.java:67}","-337","-61"
"d213909657ee411a30cdcfc67a406b0d03deaaa8","CHANGE_SIGNATURE","{Method addJoinExpression(Expression, List, List) at x-pack/plugin/esql/src/main/java/org/elasticsearch/xpack/esql/parser/LogicalPlanBuilder.java:792}","{Method addJoinExpression(Expression, List, List, EsqlBaseParser.JoinConditionContext) at x-pack/plugin/esql/src/main/java/org/elasticsearch/xpack/esql/parser/LogicalPlanBuilder.java:808}","-786","-802"
"d213909657ee411a30cdcfc67a406b0d03deaaa8","EXTRACT_MOVE","{Method testVerifierOnAttributeDatatypeChanged() at x-pack/plugin/esql/src/test/java/org/elasticsearch/xpack/esql/optimizer/LogicalPlanOptimizerTests.java:9057}","{Method minimumVersion() at x-pack/plugin/esql/src/main/java/org/elasticsearch/xpack/esql/analysis/AnalyzerContext.java:75}","-9051","-69"
"d213909657ee411a30cdcfc67a406b0d03deaaa8","EXTRACT_MOVE","{Method resolveFunction(UnresolvedFunction, Configuration, EsqlFunctionRegistry) at x-pack/plugin/esql/src/main/java/org/elasticsearch/xpack/esql/analysis/Analyzer.java:1408}","{Method functionRegistry() at x-pack/plugin/esql/src/main/java/org/elasticsearch/xpack/esql/analysis/AnalyzerContext.java:55}","-1398","-49"
"d213909657ee411a30cdcfc67a406b0d03deaaa8","EXTRACT_MOVE","{Method testVerifierOnAdditionalAttributeAdded() at x-pack/plugin/esql/src/test/java/org/elasticsearch/xpack/esql/optimizer/LogicalPlanOptimizerTests.java:9017}","{Method minimumVersion() at x-pack/plugin/esql/src/main/java/org/elasticsearch/xpack/esql/analysis/AnalyzerContext.java:75}","-9011","-69"
"d213909657ee411a30cdcfc67a406b0d03deaaa8","EXTRACT_MOVE","{Method testAnalyzerContext(Configuration, EsqlFunctionRegistry, Map, EnrichResolution, InferenceResolution) at x-pack/plugin/esql/qa/testFixtures/src/main/java/org/elasticsearch/xpack/esql/EsqlTestUtils.java:452}","{Method inferenceResolution() at x-pack/plugin/esql/src/main/java/org/elasticsearch/xpack/esql/analysis/AnalyzerContext.java:71}","-446","-65"
"d213909657ee411a30cdcfc67a406b0d03deaaa8","EXTRACT","{Method buildJoinOnForExpressionJoin(Expression, List, Page, ClusterService, Warnings) at x-pack/plugin/esql/src/main/java/org/elasticsearch/xpack/esql/enrich/ExpressionQueryList.java:135}","{Method applyAsLeftRightBinaryComparison(Expression, List, Page, ClusterService, Warnings) at x-pack/plugin/esql/src/main/java/org/elasticsearch/xpack/esql/enrich/ExpressionQueryList.java:179}","-129","-173"
"d213909657ee411a30cdcfc67a406b0d03deaaa8","EXTRACT_MOVE","{Method analyze(String, String, String) at x-pack/plugin/esql/src/test/java/org/elasticsearch/xpack/esql/analysis/AnalyzerTestUtils.java:144}","{Method configuration() at x-pack/plugin/esql/src/main/java/org/elasticsearch/xpack/esql/analysis/AnalyzerContext.java:51}","-138","-45"
"d213909657ee411a30cdcfc67a406b0d03deaaa8","EXTRACT_MOVE","{Method collectIndexResolutions(LogicalPlan, AnalyzerContext) at x-pack/plugin/esql/src/main/java/org/elasticsearch/xpack/esql/analysis/Analyzer.java:969}","{Method indexResolution() at x-pack/plugin/esql/src/main/java/org/elasticsearch/xpack/esql/analysis/AnalyzerContext.java:59}","-959","-53"
"d213909657ee411a30cdcfc67a406b0d03deaaa8","EXTRACT_MOVE","{Method apply(LogicalPlan, AnalyzerContext) at x-pack/plugin/esql/src/main/java/org/elasticsearch/xpack/esql/analysis/Analyzer.java:1588}","{Method functionRegistry() at x-pack/plugin/esql/src/main/java/org/elasticsearch/xpack/esql/analysis/AnalyzerContext.java:55}","-1578","-49"
"d213909657ee411a30cdcfc67a406b0d03deaaa8","EXTRACT_MOVE","{Method getCustomRulesLogicalPlanOptimizer(List, TransportVersion) at x-pack/plugin/esql/src/test/java/org/elasticsearch/xpack/esql/optimizer/LogicalPlanOptimizerTests.java:9003}","{Method minimumVersion() at x-pack/plugin/esql/src/main/java/org/elasticsearch/xpack/esql/analysis/AnalyzerContext.java:75}","-8997","-69"
"d213909657ee411a30cdcfc67a406b0d03deaaa8","EXTRACT","{Method new(Configuration, EsqlFunctionRegistry, Map, Map, EnrichResolution, InferenceResolution, TransportVersion) at x-pack/plugin/esql/src/main/java/org/elasticsearch/xpack/esql/analysis/AnalyzerContext.java:30}","{Method enrichResolution() at x-pack/plugin/esql/src/main/java/org/elasticsearch/xpack/esql/analysis/AnalyzerContext.java:67}","-24","-61"
"d213909657ee411a30cdcfc67a406b0d03deaaa8","CHANGE_SIGNATURE","{Method resolveAndOrientJoinCondition(Expression, AttributeSet, AttributeSet) at x-pack/plugin/esql/src/main/java/org/elasticsearch/xpack/esql/analysis/Analyzer.java:743}","{Method resolveAndOrientJoinCondition(Expression, AttributeSet, AttributeSet, List, List, AnalyzerContext) at x-pack/plugin/esql/src/main/java/org/elasticsearch/xpack/esql/analysis/Analyzer.java:780}","-733","-770"
"d213909657ee411a30cdcfc67a406b0d03deaaa8","RENAME","{Method addToPreJoinFilters(QueryBuilder) at x-pack/plugin/esql/src/main/java/org/elasticsearch/xpack/esql/enrich/ExpressionQueryList.java:215}","{Method addToLucenePushableFilters(QueryBuilder) at x-pack/plugin/esql/src/main/java/org/elasticsearch/xpack/esql/enrich/ExpressionQueryList.java:232}","-209","-226"
"d213909657ee411a30cdcfc67a406b0d03deaaa8","EXTRACT_MOVE","{Method testAnalyzerContext(Configuration, EsqlFunctionRegistry, Map, Map, EnrichResolution, InferenceResolution) at x-pack/plugin/esql/qa/testFixtures/src/main/java/org/elasticsearch/xpack/esql/EsqlTestUtils.java:465}","{Method lookupResolution() at x-pack/plugin/esql/src/main/java/org/elasticsearch/xpack/esql/analysis/AnalyzerContext.java:63}","-459","-57"
"d213909657ee411a30cdcfc67a406b0d03deaaa8","EXTRACT","{Method new(Configuration, EsqlFunctionRegistry, Map, Map, EnrichResolution, InferenceResolution, TransportVersion) at x-pack/plugin/esql/src/main/java/org/elasticsearch/xpack/esql/analysis/AnalyzerContext.java:30}","{Method indexResolution() at x-pack/plugin/esql/src/main/java/org/elasticsearch/xpack/esql/analysis/AnalyzerContext.java:59}","-24","-53"
"d213909657ee411a30cdcfc67a406b0d03deaaa8","EXTRACT_MOVE","{Method analyzer(Map, Map, EnrichResolution, Verifier, Configuration) at x-pack/plugin/esql/src/test/java/org/elasticsearch/xpack/esql/analysis/AnalyzerTestUtils.java:95}","{Method enrichResolution() at x-pack/plugin/esql/src/main/java/org/elasticsearch/xpack/esql/analysis/AnalyzerContext.java:67}","-89","-61"
"d213909657ee411a30cdcfc67a406b0d03deaaa8","EXTRACT_MOVE","{Method analyzer(IndexResolution, Map, EnrichResolution, Verifier) at x-pack/plugin/esql/src/test/java/org/elasticsearch/xpack/esql/analysis/AnalyzerTestUtils.java:86}","{Method enrichResolution() at x-pack/plugin/esql/src/main/java/org/elasticsearch/xpack/esql/analysis/AnalyzerContext.java:67}","-80","-61"
"e054e2a83acc754224d0db90bc1bce21d5c2bdc0"
"279a88021278d78e14a7d111b87e3078872d7aa0"
"ea36c8a846cf83771377bd124ce214c1e423a724"
"f1876b85fba6c2ab8558938402eb490a40dbf498"
"10e5c0d25f8e332f34f0eea0b28c2d04d8b8d5e5","CHANGE_SIGNATURE","{Method randomGPUSupportedSimilarity(DenseVectorFieldMapper.DenseVectorIndexOptions) at server/src/test/java/org/elasticsearch/index/mapper/vectors/DenseVectorFieldTypeTests.java:99}","{Method randomGPUSupportedSimilarity(DenseVectorFieldMapper.VectorIndexType) at server/src/test/java/org/elasticsearch/index/mapper/vectors/DenseVectorFieldTypeTests.java:99}","-93","-93"
"8cbccc6531529da7901e06cb6d86b2c5c7023d16"
"440faee03ee04b4ab8dbf2e41afcc3cc6f0a26c0"
"08c1e1b1ddfd05da75156c75ab016653e4034af7","EXTRACT_SUPER","{Class InferencePlan at x-pack/plugin/esql/src/main/java/org/elasticsearch/xpack/esql/plan/logical/inference/InferencePlan.java:26}","{Interface Streaming at x-pack/plugin/esql/src/main/java/org/elasticsearch/xpack/esql/plan/logical/Streaming.java:56}","-24","-54"
"08c1e1b1ddfd05da75156c75ab016653e4034af7","EXTRACT_SUPER","{Class Insist at x-pack/plugin/esql/src/main/java/org/elasticsearch/xpack/esql/plan/logical/Insist.java:21}","{Interface Streaming at x-pack/plugin/esql/src/main/java/org/elasticsearch/xpack/esql/plan/logical/Streaming.java:56}","-19","-54"
"08c1e1b1ddfd05da75156c75ab016653e4034af7","EXTRACT_SUPER","{Class Eval at x-pack/plugin/esql/src/main/java/org/elasticsearch/xpack/esql/plan/logical/Eval.java:39}","{Interface Streaming at x-pack/plugin/esql/src/main/java/org/elasticsearch/xpack/esql/plan/logical/Streaming.java:56}","-37","-54"
"08c1e1b1ddfd05da75156c75ab016653e4034af7","EXTRACT_SUPER","{Class Drop at x-pack/plugin/esql/src/main/java/org/elasticsearch/xpack/esql/plan/logical/Drop.java:20}","{Interface Streaming at x-pack/plugin/esql/src/main/java/org/elasticsearch/xpack/esql/plan/logical/Streaming.java:56}","-18","-54"
"08c1e1b1ddfd05da75156c75ab016653e4034af7","EXTRACT_SUPER","{Class Enrich at x-pack/plugin/esql/src/main/java/org/elasticsearch/xpack/esql/plan/logical/Enrich.java:48}","{Interface Streaming at x-pack/plugin/esql/src/main/java/org/elasticsearch/xpack/esql/plan/logical/Streaming.java:56}","-46","-54"
"08c1e1b1ddfd05da75156c75ab016653e4034af7","EXTRACT_SUPER","{Class Project at x-pack/plugin/esql/src/main/java/org/elasticsearch/xpack/esql/plan/logical/Project.java:30}","{Interface Streaming at x-pack/plugin/esql/src/main/java/org/elasticsearch/xpack/esql/plan/logical/Streaming.java:56}","-28","-54"
"08c1e1b1ddfd05da75156c75ab016653e4034af7","EXTRACT_SUPER","{Class Rename at x-pack/plugin/esql/src/main/java/org/elasticsearch/xpack/esql/plan/logical/Rename.java:25}","{Interface Streaming at x-pack/plugin/esql/src/main/java/org/elasticsearch/xpack/esql/plan/logical/Streaming.java:56}","-23","-54"
"08c1e1b1ddfd05da75156c75ab016653e4034af7","EXTRACT_SUPER","{Class Keep at x-pack/plugin/esql/src/main/java/org/elasticsearch/xpack/esql/plan/logical/Keep.java:18}","{Interface Streaming at x-pack/plugin/esql/src/main/java/org/elasticsearch/xpack/esql/plan/logical/Streaming.java:56}","-16","-54"
"08c1e1b1ddfd05da75156c75ab016653e4034af7","EXTRACT_SUPER","{Class RegexExtract at x-pack/plugin/esql/src/main/java/org/elasticsearch/xpack/esql/plan/logical/RegexExtract.java:27}","{Interface Streaming at x-pack/plugin/esql/src/main/java/org/elasticsearch/xpack/esql/plan/logical/Streaming.java:56}","-25","-54"
"ceafb55a652e3133b04d1eee620639ff77eaf6c3"
"192ff7ee82e00f5dcf36d9aded96230e66ce002e","CHANGE_SIGNATURE","{Method calculateCentroids(FieldInfo, FloatVectorValues, float[]) at server/src/main/java/org/elasticsearch/index/codec/vectors/diskbbq/IVFVectorsWriter.java:144}","{Method calculateCentroids(FieldInfo, FloatVectorValues) at server/src/main/java/org/elasticsearch/index/codec/vectors/diskbbq/IVFVectorsWriter.java:144}","-138","-138"
"192ff7ee82e00f5dcf36d9aded96230e66ce002e","EXTRACT_MOVE","{Method mergeOneFieldIVF(FieldInfo, MergeState) at server/src/main/java/org/elasticsearch/index/codec/vectors/diskbbq/IVFVectorsWriter.java:317}","{Method calculateCentroids(FieldInfo, FloatVectorValues, MergeState) at server/src/main/java/org/elasticsearch/index/codec/vectors/diskbbq/next/ESNextDiskBBQVectorsWriter.java:514}","-311","-508"
"192ff7ee82e00f5dcf36d9aded96230e66ce002e","RENAME","{Method buildCentroidAssignments(FloatVectorValues, int) at server/src/main/java/org/elasticsearch/index/codec/vectors/diskbbq/next/ESNextDiskBBQVectorsWriter.java:549}","{Method calculateCentroids(FieldInfo, FloatVectorValues) at server/src/main/java/org/elasticsearch/index/codec/vectors/diskbbq/next/ESNextDiskBBQVectorsWriter.java:529}","-543","-523"
"192ff7ee82e00f5dcf36d9aded96230e66ce002e","EXTRACT_MOVE","{Method flush(int, Sorter.DocMap) at server/src/main/java/org/elasticsearch/index/codec/vectors/diskbbq/IVFVectorsWriter.java:185}","{Method calculateCentroids(FieldInfo, FloatVectorValues, MergeState) at server/src/main/java/org/elasticsearch/index/codec/vectors/diskbbq/ES920DiskBBQVectorsWriter.java:526}","-179","-520"
"192ff7ee82e00f5dcf36d9aded96230e66ce002e","EXTRACT_MOVE","{Method mergeOneFieldIVF(FieldInfo, MergeState) at server/src/main/java/org/elasticsearch/index/codec/vectors/diskbbq/IVFVectorsWriter.java:317}","{Method calculateCentroids(FieldInfo, FloatVectorValues, MergeState) at server/src/main/java/org/elasticsearch/index/codec/vectors/diskbbq/ES920DiskBBQVectorsWriter.java:526}","-311","-520"
"192ff7ee82e00f5dcf36d9aded96230e66ce002e","EXTRACT_MOVE","{Method flush(int, Sorter.DocMap) at server/src/main/java/org/elasticsearch/index/codec/vectors/diskbbq/IVFVectorsWriter.java:185}","{Method calculateCentroids(FieldInfo, FloatVectorValues, MergeState) at server/src/main/java/org/elasticsearch/index/codec/vectors/diskbbq/next/ESNextDiskBBQVectorsWriter.java:514}","-179","-508"
"192ff7ee82e00f5dcf36d9aded96230e66ce002e","CHANGE_SIGNATURE","{Method new(float[][], int[], int[]) at server/src/main/java/org/elasticsearch/index/codec/vectors/diskbbq/CentroidAssignments.java:14}","{Method new(int, float[][], int[], int[]) at server/src/main/java/org/elasticsearch/index/codec/vectors/diskbbq/CentroidAssignments.java:20}","-8","-14"
"192ff7ee82e00f5dcf36d9aded96230e66ce002e","RENAME","{Method buildCentroidAssignments(FloatVectorValues, int) at server/src/main/java/org/elasticsearch/index/codec/vectors/diskbbq/ES920DiskBBQVectorsWriter.java:561}","{Method calculateCentroids(FieldInfo, FloatVectorValues) at server/src/main/java/org/elasticsearch/index/codec/vectors/diskbbq/ES920DiskBBQVectorsWriter.java:541}","-555","-535"
"d7fda61dcff3cb7f4c63f0b433a8d53ba8fb4bba","EXTRACT","{Method state(ProjectId, String, int, int) at test/framework/src/main/java/org/elasticsearch/action/support/replication/ClusterStateCreationUtils.java:314}","{Method buildIndex(String, int, Set) at test/framework/src/main/java/org/elasticsearch/action/support/replication/ClusterStateCreationUtils.java:374}","-308","-368"
"d7fda61dcff3cb7f4c63f0b433a8d53ba8fb4bba","EXTRACT","{Method createRandomTestStateThatWillTriggerReroute() at server/src/test/java/org/elasticsearch/cluster/routing/allocation/WriteLoadConstraintMonitorTests.java:283}","{Method createTestStateWithNumberOfNodesAndHotSpots(int, int, int) at server/src/test/java/org/elasticsearch/cluster/routing/allocation/WriteLoadConstraintMonitorTests.java:337}","-277","-331"
"9ad14c58609aa2a64d6555c507e3447663e408b6","CHANGE_SIGNATURE","{Method analyzer(IndexResolution, Verifier, Configuration) at x-pack/plugin/esql/src/test/java/org/elasticsearch/xpack/esql/analysis/AnalyzerTestUtils.java:103}","{Method analyzer(Map, Verifier, Configuration) at x-pack/plugin/esql/src/test/java/org/elasticsearch/xpack/esql/analysis/AnalyzerTestUtils.java:124}","-97","-118"
"9ad14c58609aa2a64d6555c507e3447663e408b6","CHANGE_SIGNATURE","{Method resolveInsistAttribute(Attribute, List, IndexResolution) at x-pack/plugin/esql/src/main/java/org/elasticsearch/xpack/esql/analysis/Analyzer.java:969}","{Method resolveInsistAttribute(Attribute, List, List) at x-pack/plugin/esql/src/main/java/org/elasticsearch/xpack/esql/analysis/Analyzer.java:980}","-959","-970"
"9ad14c58609aa2a64d6555c507e3447663e408b6","CHANGE_SIGNATURE","{Method updateExecutionInfoWithClustersWithNoMatchingIndices(EsqlExecutionInfo, IndexResolution) at x-pack/plugin/esql/src/main/java/org/elasticsearch/xpack/esql/session/EsqlCCSUtils.java:261}","{Method updateExecutionInfoWithClustersWithNoMatchingIndices(EsqlExecutionInfo, Set) at x-pack/plugin/esql/src/main/java/org/elasticsearch/xpack/esql/session/EsqlCCSUtils.java:266}","-255","-260"
"9ad14c58609aa2a64d6555c507e3447663e408b6","CHANGE_SIGNATURE","{Method analyzedPlan(LogicalPlan, CsvTestsDataLoader.MultiIndexTestDataset, TransportVersion) at x-pack/plugin/esql/src/test/java/org/elasticsearch/xpack/esql/CsvTests.java:527}","{Method analyzedPlan(LogicalPlan, Map, TransportVersion) at x-pack/plugin/esql/src/test/java/org/elasticsearch/xpack/esql/CsvTests.java:548}","-521","-542"
"9ad14c58609aa2a64d6555c507e3447663e408b6","RENAME","{Method preAnalyzeMainIndicesAndRetrieveMinTransportVersion(PreAnalyzer.PreAnalysis, EsqlExecutionInfo, PreAnalysisResult, QueryBuilder, ActionListener) at x-pack/plugin/esql/src/main/java/org/elasticsearch/xpack/esql/session/EsqlSession.java:782}","{Method preAnalyzeMainIndices(IndexPattern, IndexMode, PreAnalyzer.PreAnalysis, EsqlExecutionInfo, PreAnalysisResult, QueryBuilder, ActionListener) at x-pack/plugin/esql/src/main/java/org/elasticsearch/xpack/esql/session/EsqlSession.java:824}","-776","-818"
"9ad14c58609aa2a64d6555c507e3447663e408b6","CHANGE_SIGNATURE","{Method resolveInsist(Insist, List, IndexResolution) at x-pack/plugin/esql/src/main/java/org/elasticsearch/xpack/esql/analysis/Analyzer.java:961}","{Method resolveInsist(Insist, List, AnalyzerContext) at x-pack/plugin/esql/src/main/java/org/elasticsearch/xpack/esql/analysis/Analyzer.java:960}","-951","-950"
"9ad14c58609aa2a64d6555c507e3447663e408b6","CHANGE_SIGNATURE","{Method updateExecutionInfoWithClustersWithNoMatchingIndices(EsqlExecutionInfo, IndexResolution, boolean) at x-pack/plugin/esql/src/main/java/org/elasticsearch/xpack/esql/session/EsqlCCSUtils.java:187}","{Method updateExecutionInfoWithClustersWithNoMatchingIndices(EsqlExecutionInfo, Collection, boolean) at x-pack/plugin/esql/src/main/java/org/elasticsearch/xpack/esql/session/EsqlCCSUtils.java:188}","-181","-182"
"9ad14c58609aa2a64d6555c507e3447663e408b6","CHANGE_SIGNATURE","{Method initCrossClusterState(IndicesExpressionGrouper, XPackLicenseState, IndexPattern, EsqlExecutionInfo) at x-pack/plugin/esql/src/main/java/org/elasticsearch/xpack/esql/session/EsqlCCSUtils.java:310}","{Method initCrossClusterState(IndicesExpressionGrouper, XPackLicenseState, Set, EsqlExecutionInfo) at x-pack/plugin/esql/src/main/java/org/elasticsearch/xpack/esql/session/EsqlCCSUtils.java:318}","-304","-312"
"9ad14c58609aa2a64d6555c507e3447663e408b6","CHANGE_SIGNATURE","{Method makeAnalyzer(String) at x-pack/plugin/esql/src/test/java/org/elasticsearch/xpack/esql/planner/QueryTranslatorTests.java:48}","{Method makeAnalyzer(String, String) at x-pack/plugin/esql/src/test/java/org/elasticsearch/xpack/esql/planner/QueryTranslatorTests.java:49}","-42","-43"
"9ad14c58609aa2a64d6555c507e3447663e408b6","CHANGE_SIGNATURE","{Method analyzer(IndexResolution, Map, EnrichResolution, Verifier, Configuration) at x-pack/plugin/esql/src/test/java/org/elasticsearch/xpack/esql/analysis/AnalyzerTestUtils.java:83}","{Method analyzer(Map, Map, EnrichResolution, Verifier, Configuration) at x-pack/plugin/esql/src/test/java/org/elasticsearch/xpack/esql/analysis/AnalyzerTestUtils.java:95}","-77","-89"
"9ad14c58609aa2a64d6555c507e3447663e408b6","EXTRACT","{Method handleFieldCapsFailures(boolean, EsqlExecutionInfo, Map) at x-pack/plugin/esql/src/main/java/org/elasticsearch/xpack/esql/session/EsqlSession.java:459}","{Method handleFieldCapsFailures(boolean, EsqlExecutionInfo, Map, FailureCollector) at x-pack/plugin/esql/src/main/java/org/elasticsearch/xpack/esql/session/EsqlSession.java:474}","-453","-468"
"9ad14c58609aa2a64d6555c507e3447663e408b6","CHANGE_SIGNATURE","{Method testOperationProviders(FoldContext, CsvTestsDataLoader.MultiIndexTestDataset) at x-pack/plugin/esql/src/test/java/org/elasticsearch/xpack/esql/CsvTests.java:583}","{Method testOperationProviders(FoldContext, Map) at x-pack/plugin/esql/src/test/java/org/elasticsearch/xpack/esql/CsvTests.java:619}","-577","-613"
"9ad14c58609aa2a64d6555c507e3447663e408b6","CHANGE_SIGNATURE","{Method new(Configuration, EsqlFunctionRegistry, IndexResolution, Map, EnrichResolution, InferenceResolution, TransportVersion) at x-pack/plugin/esql/src/main/java/org/elasticsearch/xpack/esql/analysis/AnalyzerContext.java:29}","{Method new(Configuration, EsqlFunctionRegistry, Map, Map, EnrichResolution, InferenceResolution, TransportVersion) at x-pack/plugin/esql/src/main/java/org/elasticsearch/xpack/esql/analysis/AnalyzerContext.java:30}","-23","-24"
"9ad14c58609aa2a64d6555c507e3447663e408b6","CHANGE_SIGNATURE","{Method testAnalyzerContext(Configuration, EsqlFunctionRegistry, IndexResolution, Map, EnrichResolution, InferenceResolution) at x-pack/plugin/esql/qa/testFixtures/src/main/java/org/elasticsearch/xpack/esql/EsqlTestUtils.java:464}","{Method testAnalyzerContext(Configuration, EsqlFunctionRegistry, Map, Map, EnrichResolution, InferenceResolution) at x-pack/plugin/esql/qa/testFixtures/src/main/java/org/elasticsearch/xpack/esql/EsqlTestUtils.java:465}","-458","-459"
"9ad14c58609aa2a64d6555c507e3447663e408b6","CHANGE_SIGNATURE","{Method testAnalyzerContext(Configuration, EsqlFunctionRegistry, IndexResolution, EnrichResolution, InferenceResolution) at x-pack/plugin/esql/qa/testFixtures/src/main/java/org/elasticsearch/xpack/esql/EsqlTestUtils.java:451}","{Method testAnalyzerContext(Configuration, EsqlFunctionRegistry, Map, EnrichResolution, InferenceResolution) at x-pack/plugin/esql/qa/testFixtures/src/main/java/org/elasticsearch/xpack/esql/EsqlTestUtils.java:452}","-445","-446"
"79791c8160afea071246c5c7fb92c89a6af2605d","PULL_UP","{Method restAdminSettings() at x-pack/plugin/watcher/qa/with-security/src/javaRestTest/java/org/elasticsearch/smoketest/SmokeTestWatcherWithSecurityIT.java:62}","{Method restAdminSettings() at x-pack/plugin/watcher/src/javaRestTest/java/org/elasticsearch/smoketest/WatcherRestTestCase.java:58}","-56","-52"
"79791c8160afea071246c5c7fb92c89a6af2605d","MOVE","{Method restAdminSettings() at x-pack/plugin/watcher/qa/rest/src/javaRestTest/java/org/elasticsearch/smoketest/SmokeTestWatcherTestSuiteIT.java:43}","{Method restAdminSettings() at x-pack/plugin/watcher/src/yamlRestTest/java/org/elasticsearch/smoketest/WatcherYamlSuiteTestCase.java:72}","-37","-66"
"79791c8160afea071246c5c7fb92c89a6af2605d","PULL_UP","{Method restClientSettings() at x-pack/plugin/watcher/qa/with-security/src/javaRestTest/java/org/elasticsearch/smoketest/SmokeTestWatcherWithSecurityIT.java:56}","{Method restClientSettings() at x-pack/plugin/watcher/src/javaRestTest/java/org/elasticsearch/smoketest/WatcherRestTestCase.java:52}","-50","-46"
"79791c8160afea071246c5c7fb92c89a6af2605d","MOVE","{Class WatcherYamlSuiteTestCase at x-pack/plugin/watcher/qa/common/src/main/java/org/elasticsearch/xpack/watcher/WatcherYamlSuiteTestCase.java:29}","{Class WatcherYamlSuiteTestCase at x-pack/plugin/watcher/src/yamlRestTest/java/org/elasticsearch/smoketest/WatcherYamlSuiteTestCase.java:37}","-27","-35"
"79791c8160afea071246c5c7fb92c89a6af2605d","MOVE","{Method restClientSettings() at x-pack/plugin/watcher/qa/rest/src/javaRestTest/java/org/elasticsearch/smoketest/SmokeTestWatcherTestSuiteIT.java:37}","{Method restClientSettings() at x-pack/plugin/watcher/src/yamlRestTest/java/org/elasticsearch/smoketest/WatcherYamlSuiteTestCase.java:66}","-31","-60"
"79791c8160afea071246c5c7fb92c89a6af2605d","MOVE","{Class WatcherRestTestCase at x-pack/plugin/watcher/qa/common/src/main/java/org/elasticsearch/xpack/watcher/WatcherRestTestCase.java:27}","{Class WatcherRestTestCase at x-pack/plugin/watcher/src/javaRestTest/java/org/elasticsearch/smoketest/WatcherRestTestCase.java:32}","-25","-30"
"79791c8160afea071246c5c7fb92c89a6af2605d","RENAME","{Class SmokeTestWatcherWithSecurityClientYamlTestSuiteIT at x-pack/plugin/watcher/qa/with-security/src/yamlRestTest/java/org/elasticsearch/smoketest/SmokeTestWatcherWithSecurityClientYamlTestSuiteIT.java:20}","{Class WatcherYamlRestWithSecurityIT at x-pack/plugin/watcher/src/yamlRestTest/java/org/elasticsearch/smoketest/WatcherYamlRestWithSecurityIT.java:19}","-18","-17"
"5e53d0170c2490524c1b6408145a1db39425e9fe"
"1c41f698394ed80d48d7bf15cbec40524343a7e2","RENAME","{Method supports(TransportVersion) at x-pack/plugin/esql-core/src/main/java/org/elasticsearch/xpack/esql/core/type/SupportedVersion.java:21}","{Method supportedOn(TransportVersion) at x-pack/plugin/esql-core/src/main/java/org/elasticsearch/xpack/esql/core/type/SupportedVersion.java:21}","-11","-11"
"1c41f698394ed80d48d7bf15cbec40524343a7e2","INTERNAL_MOVE_RENAME","{Method supports(TransportVersion) at x-pack/plugin/esql-core/src/main/java/org/elasticsearch/xpack/esql/core/type/SupportedVersion.java:78}","{Method supportedOn(TransportVersion) at x-pack/plugin/esql-core/src/main/java/org/elasticsearch/xpack/esql/core/type/SupportedVersion.java:78}","-64","-64"
"1c41f698394ed80d48d7bf15cbec40524343a7e2","INTERNAL_MOVE","{Method toString() at x-pack/plugin/esql-core/src/main/java/org/elasticsearch/xpack/esql/core/type/SupportedVersion.java:83}","{Method toString() at x-pack/plugin/esql-core/src/main/java/org/elasticsearch/xpack/esql/core/type/SupportedVersion.java:83}","-69","-69"
"1c41f698394ed80d48d7bf15cbec40524343a7e2","RENAME","{Method supportedOn(TransportVersion) at x-pack/plugin/esql-core/src/main/java/org/elasticsearch/xpack/esql/core/type/DataType.java:958}","{Method supportedSince(TransportVersion) at x-pack/plugin/esql-core/src/main/java/org/elasticsearch/xpack/esql/core/type/DataType.java:962}","-948","-952"
"1c41f698394ed80d48d7bf15cbec40524343a7e2","RENAME","{Method supports(TransportVersion) at x-pack/plugin/esql-core/src/main/java/org/elasticsearch/xpack/esql/core/type/SupportedVersion.java:58}","{Method supportedOn(TransportVersion) at x-pack/plugin/esql-core/src/main/java/org/elasticsearch/xpack/esql/core/type/SupportedVersion.java:58}","-48","-48"
"efca15a8a6e085d32d1f0f419c104a718e947d59","EXTRACT_MOVE","{Method blockLoader(BlockLoaderContext) at server/src/main/java/org/elasticsearch/index/mapper/DateFieldMapper.java:927}","{Method indexType() at server/src/main/java/org/elasticsearch/index/fielddata/plain/SortedDoublesIndexFieldData.java:106}","-917","-100"
"efca15a8a6e085d32d1f0f419c104a718e947d59","EXTRACT_MOVE","{Method getFieldDataBuilder(MappedFieldType, ValuesSourceType) at server/src/main/java/org/elasticsearch/index/mapper/NumberFieldMapper.java:454}","{Method indexType() at x-pack/plugin/mapper-unsigned-long/src/main/java/org/elasticsearch/xpack/unsignedlong/UnsignedLongIndexFieldData.java:58}","-440","-52"
"efca15a8a6e085d32d1f0f419c104a718e947d59","EXTRACT_MOVE","{Method isSearchable() at server/src/main/java/org/elasticsearch/index/mapper/NumberFieldMapper.java:1995}","{Method indexType() at server/src/main/java/org/elasticsearch/index/fielddata/plain/SortedDoublesIndexFieldData.java:106}","-1985","-100"
"efca15a8a6e085d32d1f0f419c104a718e947d59","EXTRACT_MOVE","{Method termQuery(Object, SearchExecutionContext) at modules/mapper-extras/src/main/java/org/elasticsearch/index/mapper/extras/ScaledFloatFieldMapper.java:328}","{Method indexType() at x-pack/plugin/mapper-unsigned-long/src/main/java/org/elasticsearch/xpack/unsignedlong/UnsignedLongIndexFieldData.java:58}","-318","-52"
"efca15a8a6e085d32d1f0f419c104a718e947d59","EXTRACT_MOVE","{Method getFieldDataBuilder(MappedFieldType, ValuesSourceType) at server/src/main/java/org/elasticsearch/index/mapper/NumberFieldMapper.java:942}","{Method indexType() at server/src/main/java/org/elasticsearch/index/fielddata/plain/SortedDoublesIndexFieldData.java:106}","-928","-100"
"efca15a8a6e085d32d1f0f419c104a718e947d59","EXTRACT_MOVE","{Method new(String, IndexType, boolean, boolean, DateFormatter, Resolution, String, FieldValues, Map) at server/src/main/java/org/elasticsearch/index/mapper/DateFieldMapper.java:464}","{Method indexType() at server/src/main/java/org/elasticsearch/index/fielddata/plain/SortedNumericIndexFieldData.java:115}","-454","-109"
"efca15a8a6e085d32d1f0f419c104a718e947d59","EXTRACT_MOVE","{Method termsQuery(Collection, SearchExecutionContext) at server/src/main/java/org/elasticsearch/index/mapper/NumberFieldMapper.java:2005}","{Method indexType() at server/src/main/java/org/elasticsearch/index/fielddata/plain/SortedNumericIndexFieldData.java:115}","-1995","-109"
"efca15a8a6e085d32d1f0f419c104a718e947d59","EXTRACT_MOVE","{Method rangeQuery(Long, Long, boolean, boolean, SearchExecutionContext) at server/src/main/java/org/elasticsearch/index/mapper/DateFieldMapper.java:763}","{Method indexType() at server/src/main/java/org/elasticsearch/index/fielddata/plain/SortedNumericIndexFieldData.java:115}","-753","-109"
"efca15a8a6e085d32d1f0f419c104a718e947d59","EXTRACT_MOVE","{Method termsQuery(Collection, SearchExecutionContext) at server/src/main/java/org/elasticsearch/index/mapper/SeqNoFieldMapper.java:197}","{Method indexType() at server/src/main/java/org/elasticsearch/index/fielddata/plain/SortedNumericIndexFieldData.java:115}","-187","-109"
"efca15a8a6e085d32d1f0f419c104a718e947d59","EXTRACT_MOVE","{Method termsQuery(Collection, SearchExecutionContext) at modules/mapper-extras/src/main/java/org/elasticsearch/index/mapper/extras/ScaledFloatFieldMapper.java:335}","{Method indexType() at server/src/main/java/org/elasticsearch/index/fielddata/plain/SortedNumericIndexFieldData.java:115}","-325","-109"
"efca15a8a6e085d32d1f0f419c104a718e947d59","EXTRACT_MOVE","{Method new(String, IndexType, boolean, DateFormatter, Resolution, String, FieldValues, Map) at server/src/main/java/org/elasticsearch/index/mapper/DateFieldMapper.java:484}","{Method indexType() at server/src/main/java/org/elasticsearch/index/fielddata/plain/SortedNumericIndexFieldData.java:115}","-474","-109"
"efca15a8a6e085d32d1f0f419c104a718e947d59","EXTRACT_MOVE","{Method new(String, NumberType, IndexType, boolean, boolean, Number, Map, FieldValues, boolean, MetricType, IndexMode, boolean) at server/src/main/java/org/elasticsearch/index/mapper/NumberFieldMapper.java:1911}","{Method indexType() at server/src/main/java/org/elasticsearch/index/fielddata/plain/SortedNumericIndexFieldData.java:115}","-1901","-109"
"efca15a8a6e085d32d1f0f419c104a718e947d59","EXTRACT_MOVE","{Method rangeQuery(Object, Object, boolean, boolean, ShapeRelation, ZoneId, DateMathParser, SearchExecutionContext) at server/src/main/java/org/elasticsearch/index/mapper/DateFieldMapper.java:638}","{Method indexType() at server/src/main/java/org/elasticsearch/index/fielddata/plain/SortedNumericIndexFieldData.java:115}","-628","-109"
"efca15a8a6e085d32d1f0f419c104a718e947d59","EXTRACT_MOVE","{Method isSearchable() at server/src/main/java/org/elasticsearch/index/mapper/SeqNoFieldMapper.java:244}","{Method indexType() at server/src/main/java/org/elasticsearch/index/fielddata/plain/SortedDoublesIndexFieldData.java:106}","-234","-100"
"efca15a8a6e085d32d1f0f419c104a718e947d59","EXTRACT_MOVE","{Method getFieldDataBuilder(MappedFieldType, ValuesSourceType) at server/src/main/java/org/elasticsearch/index/mapper/NumberFieldMapper.java:1434}","{Method indexType() at x-pack/plugin/mapper-unsigned-long/src/main/java/org/elasticsearch/xpack/unsignedlong/UnsignedLongIndexFieldData.java:58}","-1420","-52"
"efca15a8a6e085d32d1f0f419c104a718e947d59","EXTRACT_MOVE","{Method rangeQuery(Object, Object, boolean, boolean, SearchExecutionContext) at server/src/main/java/org/elasticsearch/index/mapper/NumberFieldMapper.java:2015}","{Method indexType() at server/src/main/java/org/elasticsearch/index/fielddata/plain/SortedNumericIndexFieldData.java:115}","-2005","-109"
"efca15a8a6e085d32d1f0f419c104a718e947d59","EXTRACT_MOVE","{Method isSearchable() at server/src/main/java/org/elasticsearch/index/mapper/BooleanFieldMapper.java:267}","{Method indexType() at server/src/main/java/org/elasticsearch/index/fielddata/plain/SortedDoublesIndexFieldData.java:106}","-257","-100"
"efca15a8a6e085d32d1f0f419c104a718e947d59","EXTRACT_MOVE","{Method isSearchable() at server/src/main/java/org/elasticsearch/index/mapper/DateFieldMapper.java:628}","{Method indexType() at server/src/main/java/org/elasticsearch/index/fielddata/plain/SortedDoublesIndexFieldData.java:106}","-618","-100"
"efca15a8a6e085d32d1f0f419c104a718e947d59","EXTRACT_MOVE","{Method pointReaderIfPossible() at server/src/main/java/org/elasticsearch/index/mapper/DateFieldMapper.java:919}","{Method indexType() at server/src/main/java/org/elasticsearch/index/fielddata/plain/SortedNumericIndexFieldData.java:115}","-909","-109"
"efca15a8a6e085d32d1f0f419c104a718e947d59","CHANGE_SIGNATURE","{Method new(String, NumericType, ValuesSourceType, ToScriptFieldFactory, boolean) at server/src/main/java/org/elasticsearch/index/fielddata/plain/SortedNumericIndexFieldData.java:84}","{Method new(String, NumericType, ValuesSourceType, ToScriptFieldFactory, IndexType) at server/src/main/java/org/elasticsearch/index/fielddata/plain/SortedNumericIndexFieldData.java:85}","-78","-79"
"efca15a8a6e085d32d1f0f419c104a718e947d59","EXTRACT_MOVE","{Method new(String, IndexType, boolean, Number, Map, boolean, MetricType, IndexMode, boolean) at x-pack/plugin/mapper-unsigned-long/src/main/java/org/elasticsearch/xpack/unsignedlong/UnsignedLongFieldMapper.java:277}","{Method indexType() at x-pack/plugin/mapper-unsigned-long/src/main/java/org/elasticsearch/xpack/unsignedlong/UnsignedLongIndexFieldData.java:58}","-267","-52"
"efca15a8a6e085d32d1f0f419c104a718e947d59","EXTRACT_MOVE","{Method rangeQuery(Object, Object, boolean, boolean, SearchExecutionContext) at modules/mapper-extras/src/main/java/org/elasticsearch/index/mapper/extras/ScaledFloatFieldMapper.java:350}","{Method indexType() at x-pack/plugin/mapper-unsigned-long/src/main/java/org/elasticsearch/xpack/unsignedlong/UnsignedLongIndexFieldData.java:58}","-340","-52"
"efca15a8a6e085d32d1f0f419c104a718e947d59","EXTRACT_MOVE","{Method new(String, Builder, boolean) at server/src/main/java/org/elasticsearch/index/mapper/NumberFieldMapper.java:1936}","{Method indexType() at server/src/main/java/org/elasticsearch/index/fielddata/plain/SortedNumericIndexFieldData.java:115}","-1926","-109"
"efca15a8a6e085d32d1f0f419c104a718e947d59","EXTRACT_MOVE","{Method blockLoader(BlockLoaderContext) at server/src/main/java/org/elasticsearch/index/mapper/BooleanFieldMapper.java:351}","{Method indexType() at server/src/main/java/org/elasticsearch/index/fielddata/plain/SortedDoublesIndexFieldData.java:106}","-341","-100"
"efca15a8a6e085d32d1f0f419c104a718e947d59","EXTRACT_MOVE","{Method pointReaderIfPossible() at server/src/main/java/org/elasticsearch/index/mapper/NumberFieldMapper.java:2036}","{Method indexType() at x-pack/plugin/mapper-unsigned-long/src/main/java/org/elasticsearch/xpack/unsignedlong/UnsignedLongIndexFieldData.java:58}","-2026","-52"
"efca15a8a6e085d32d1f0f419c104a718e947d59","EXTRACT_MOVE","{Method termsQuery(Collection, SearchExecutionContext) at server/src/main/java/org/elasticsearch/index/mapper/SeqNoFieldMapper.java:197}","{Method indexType() at x-pack/plugin/mapper-unsigned-long/src/main/java/org/elasticsearch/xpack/unsignedlong/UnsignedLongIndexFieldData.java:58}","-187","-52"
"efca15a8a6e085d32d1f0f419c104a718e947d59","EXTRACT_MOVE","{Method isSearchable() at server/src/main/java/org/elasticsearch/index/mapper/DateFieldMapper.java:628}","{Method indexType() at server/src/main/java/org/elasticsearch/index/fielddata/plain/SortedNumericIndexFieldData.java:115}","-618","-109"
"efca15a8a6e085d32d1f0f419c104a718e947d59","EXTRACT_MOVE","{Method isSearchable() at server/src/main/java/org/elasticsearch/index/mapper/BooleanFieldMapper.java:267}","{Method indexType() at server/src/main/java/org/elasticsearch/index/fielddata/plain/SortedNumericIndexFieldData.java:115}","-257","-109"
"efca15a8a6e085d32d1f0f419c104a718e947d59","EXTRACT_MOVE","{Method termQuery(Object, SearchExecutionContext) at server/src/main/java/org/elasticsearch/index/mapper/BooleanFieldMapper.java:454}","{Method indexType() at server/src/main/java/org/elasticsearch/index/fielddata/plain/SortedNumericIndexFieldData.java:115}","-444","-109"
"efca15a8a6e085d32d1f0f419c104a718e947d59","EXTRACT_MOVE","{Method getFieldDataBuilder(MappedFieldType, ValuesSourceType) at server/src/main/java/org/elasticsearch/index/mapper/NumberFieldMapper.java:808}","{Method indexType() at server/src/main/java/org/elasticsearch/index/fielddata/plain/SortedDoublesIndexFieldData.java:106}","-794","-100"
"efca15a8a6e085d32d1f0f419c104a718e947d59","EXTRACT_MOVE","{Method rangeQuery(Object, Object, boolean, boolean, SearchExecutionContext) at server/src/main/java/org/elasticsearch/index/mapper/SeqNoFieldMapper.java:207}","{Method indexType() at server/src/main/java/org/elasticsearch/index/fielddata/plain/SortedDoublesIndexFieldData.java:106}","-197","-100"
"efca15a8a6e085d32d1f0f419c104a718e947d59","EXTRACT_MOVE","{Method getFieldDataBuilder(MappedFieldType, ValuesSourceType) at server/src/main/java/org/elasticsearch/index/mapper/NumberFieldMapper.java:1272}","{Method indexType() at server/src/main/java/org/elasticsearch/index/fielddata/plain/SortedDoublesIndexFieldData.java:106}","-1258","-100"
"efca15a8a6e085d32d1f0f419c104a718e947d59","EXTRACT_MOVE","{Method termQuery(Object, SearchExecutionContext) at server/src/main/java/org/elasticsearch/index/mapper/SeqNoFieldMapper.java:187}","{Method indexType() at x-pack/plugin/mapper-unsigned-long/src/main/java/org/elasticsearch/xpack/unsignedlong/UnsignedLongIndexFieldData.java:58}","-177","-52"
"efca15a8a6e085d32d1f0f419c104a718e947d59","EXTRACT_MOVE","{Method new(String, IndexType, boolean, Map, double, Double, TimeSeriesParams.MetricType, IndexMode, boolean, boolean) at modules/mapper-extras/src/main/java/org/elasticsearch/index/mapper/extras/ScaledFloatFieldMapper.java:275}","{Method indexType() at server/src/main/java/org/elasticsearch/index/fielddata/plain/SortedNumericIndexFieldData.java:115}","-265","-109"
"efca15a8a6e085d32d1f0f419c104a718e947d59","EXTRACT_MOVE","{Method termsQuery(Collection, SearchExecutionContext) at server/src/main/java/org/elasticsearch/index/mapper/BooleanFieldMapper.java:464}","{Method indexType() at server/src/main/java/org/elasticsearch/index/fielddata/plain/SortedNumericIndexFieldData.java:115}","-454","-109"
"efca15a8a6e085d32d1f0f419c104a718e947d59","EXTRACT_MOVE","{Method build(MapperBuilderContext) at server/src/main/java/org/elasticsearch/index/mapper/DateFieldMapper.java:412}","{Method indexType() at x-pack/plugin/mapper-unsigned-long/src/main/java/org/elasticsearch/xpack/unsignedlong/UnsignedLongIndexFieldData.java:58}","-402","-52"
"efca15a8a6e085d32d1f0f419c104a718e947d59","EXTRACT_MOVE","{Method isSearchable() at modules/mapper-extras/src/main/java/org/elasticsearch/index/mapper/extras/ScaledFloatFieldMapper.java:318}","{Method indexType() at server/src/main/java/org/elasticsearch/index/fielddata/plain/SortedDoublesIndexFieldData.java:106}","-308","-100"
"efca15a8a6e085d32d1f0f419c104a718e947d59","EXTRACT_MOVE","{Method isFieldWithinQuery(IndexReader, Object, Object, boolean, boolean, ZoneId, DateMathParser, QueryRewriteContext) at server/src/main/java/org/elasticsearch/index/mapper/DateFieldMapper.java:818}","{Method indexType() at server/src/main/java/org/elasticsearch/index/fielddata/plain/SortedDoublesIndexFieldData.java:106}","-808","-100"
"efca15a8a6e085d32d1f0f419c104a718e947d59","EXTRACT_MOVE","{Method blockLoader(BlockLoaderContext) at server/src/main/java/org/elasticsearch/index/mapper/BooleanFieldMapper.java:351}","{Method indexType() at server/src/main/java/org/elasticsearch/index/fielddata/plain/SortedNumericIndexFieldData.java:115}","-341","-109"
"efca15a8a6e085d32d1f0f419c104a718e947d59","EXTRACT_MOVE","{Method isFieldWithinQuery(IndexReader, Object, Object, boolean, boolean, ZoneId, DateMathParser, QueryRewriteContext) at server/src/main/java/org/elasticsearch/index/mapper/DateFieldMapper.java:818}","{Method indexType() at x-pack/plugin/mapper-unsigned-long/src/main/java/org/elasticsearch/xpack/unsignedlong/UnsignedLongIndexFieldData.java:58}","-808","-52"
"efca15a8a6e085d32d1f0f419c104a718e947d59","EXTRACT_MOVE","{Method isFieldWithinRangeTestCase(DateFieldType) at server/src/test/java/org/elasticsearch/index/mapper/DateFieldTypeTests.java:116}","{Method indexType() at server/src/main/java/org/elasticsearch/index/fielddata/plain/SortedDoublesIndexFieldData.java:106}","-110","-100"
"efca15a8a6e085d32d1f0f419c104a718e947d59","EXTRACT_MOVE","{Method getFieldDataBuilder(MappedFieldType, ValuesSourceType) at server/src/main/java/org/elasticsearch/index/mapper/NumberFieldMapper.java:648}","{Method indexType() at server/src/main/java/org/elasticsearch/index/fielddata/plain/SortedDoublesIndexFieldData.java:106}","-634","-100"
"efca15a8a6e085d32d1f0f419c104a718e947d59","EXTRACT_MOVE","{Method fielddataBuilder(FieldDataContext) at server/src/main/java/org/elasticsearch/index/mapper/DateFieldMapper.java:996}","{Method indexType() at server/src/main/java/org/elasticsearch/index/fielddata/plain/SortedNumericIndexFieldData.java:115}","-986","-109"
"efca15a8a6e085d32d1f0f419c104a718e947d59","EXTRACT_MOVE","{Method termsQuery(Collection, SearchExecutionContext) at modules/mapper-extras/src/main/java/org/elasticsearch/index/mapper/extras/ScaledFloatFieldMapper.java:335}","{Method indexType() at server/src/main/java/org/elasticsearch/index/fielddata/plain/SortedDoublesIndexFieldData.java:106}","-325","-100"
"efca15a8a6e085d32d1f0f419c104a718e947d59","EXTRACT_MOVE","{Method new(String, NumberType, IndexType, boolean, boolean, Number, Map, FieldValues, boolean, MetricType, IndexMode, boolean) at server/src/main/java/org/elasticsearch/index/mapper/NumberFieldMapper.java:1911}","{Method indexType() at server/src/main/java/org/elasticsearch/index/fielddata/plain/SortedDoublesIndexFieldData.java:106}","-1901","-100"
"efca15a8a6e085d32d1f0f419c104a718e947d59","EXTRACT_MOVE","{Method pointReaderIfPossible() at x-pack/plugin/mapper-unsigned-long/src/main/java/org/elasticsearch/xpack/unsignedlong/UnsignedLongFieldMapper.java:567}","{Method indexType() at server/src/main/java/org/elasticsearch/index/fielddata/plain/SortedNumericIndexFieldData.java:115}","-557","-109"
"efca15a8a6e085d32d1f0f419c104a718e947d59","EXTRACT_MOVE","{Method distanceFeatureQuery(Object, String, SearchExecutionContext) at server/src/main/java/org/elasticsearch/index/mapper/DateFieldMapper.java:798}","{Method indexType() at x-pack/plugin/mapper-unsigned-long/src/main/java/org/elasticsearch/xpack/unsignedlong/UnsignedLongIndexFieldData.java:58}","-788","-52"
"efca15a8a6e085d32d1f0f419c104a718e947d59","EXTRACT_MOVE","{Method new(String, Builder, boolean) at server/src/main/java/org/elasticsearch/index/mapper/NumberFieldMapper.java:1936}","{Method indexType() at server/src/main/java/org/elasticsearch/index/fielddata/plain/SortedDoublesIndexFieldData.java:106}","-1926","-100"
"efca15a8a6e085d32d1f0f419c104a718e947d59","EXTRACT_MOVE","{Method fielddataBuilder(FieldDataContext) at modules/mapper-extras/src/main/java/org/elasticsearch/index/mapper/extras/ScaledFloatFieldMapper.java:459}","{Method indexType() at x-pack/plugin/mapper-unsigned-long/src/main/java/org/elasticsearch/xpack/unsignedlong/UnsignedLongIndexFieldData.java:58}","-449","-52"
"efca15a8a6e085d32d1f0f419c104a718e947d59","EXTRACT_MOVE","{Method rangeQuery(Object, Object, boolean, boolean, ShapeRelation, ZoneId, DateMathParser, SearchExecutionContext) at server/src/main/java/org/elasticsearch/index/mapper/DateFieldMapper.java:638}","{Method indexType() at x-pack/plugin/mapper-unsigned-long/src/main/java/org/elasticsearch/xpack/unsignedlong/UnsignedLongIndexFieldData.java:58}","-628","-52"
"efca15a8a6e085d32d1f0f419c104a718e947d59","EXTRACT_MOVE","{Method new(String, NumberType, IndexType, boolean, boolean, Number, Map, FieldValues, boolean, MetricType, IndexMode, boolean) at server/src/main/java/org/elasticsearch/index/mapper/NumberFieldMapper.java:1911}","{Method indexType() at x-pack/plugin/mapper-unsigned-long/src/main/java/org/elasticsearch/xpack/unsignedlong/UnsignedLongIndexFieldData.java:58}","-1901","-52"
"efca15a8a6e085d32d1f0f419c104a718e947d59","EXTRACT_MOVE","{Method getFieldDataBuilder(MappedFieldType, ValuesSourceType) at server/src/main/java/org/elasticsearch/index/mapper/NumberFieldMapper.java:942}","{Method indexType() at server/src/main/java/org/elasticsearch/index/fielddata/plain/SortedNumericIndexFieldData.java:115}","-928","-109"
"efca15a8a6e085d32d1f0f419c104a718e947d59","EXTRACT_MOVE","{Method new(String, IndexType, boolean, DateFormatter, Resolution, String, FieldValues, Map) at server/src/main/java/org/elasticsearch/index/mapper/DateFieldMapper.java:484}","{Method indexType() at x-pack/plugin/mapper-unsigned-long/src/main/java/org/elasticsearch/xpack/unsignedlong/UnsignedLongIndexFieldData.java:58}","-474","-52"
"efca15a8a6e085d32d1f0f419c104a718e947d59","EXTRACT_MOVE","{Method build(MapperBuilderContext) at modules/mapper-extras/src/main/java/org/elasticsearch/index/mapper/extras/ScaledFloatFieldMapper.java:221}","{Method indexType() at x-pack/plugin/mapper-unsigned-long/src/main/java/org/elasticsearch/xpack/unsignedlong/UnsignedLongIndexFieldData.java:58}","-211","-52"
"efca15a8a6e085d32d1f0f419c104a718e947d59","EXTRACT_MOVE","{Method pointReaderIfPossible() at server/src/main/java/org/elasticsearch/index/mapper/DateFieldMapper.java:919}","{Method indexType() at x-pack/plugin/mapper-unsigned-long/src/main/java/org/elasticsearch/xpack/unsignedlong/UnsignedLongIndexFieldData.java:58}","-909","-52"
"efca15a8a6e085d32d1f0f419c104a718e947d59","EXTRACT_MOVE","{Method pointReaderIfPossible() at x-pack/plugin/mapper-unsigned-long/src/main/java/org/elasticsearch/xpack/unsignedlong/UnsignedLongFieldMapper.java:567}","{Method indexType() at server/src/main/java/org/elasticsearch/index/fielddata/plain/SortedDoublesIndexFieldData.java:106}","-557","-100"
"efca15a8a6e085d32d1f0f419c104a718e947d59","EXTRACT_MOVE","{Method rangeQuery(Object, Object, boolean, boolean, SearchExecutionContext) at server/src/main/java/org/elasticsearch/index/mapper/BooleanFieldMapper.java:479}","{Method indexType() at server/src/main/java/org/elasticsearch/index/fielddata/plain/SortedNumericIndexFieldData.java:115}","-469","-109"
"efca15a8a6e085d32d1f0f419c104a718e947d59","EXTRACT_MOVE","{Method termQuery(Object, SearchExecutionContext) at server/src/main/java/org/elasticsearch/index/mapper/NumberFieldMapper.java:1999}","{Method indexType() at server/src/main/java/org/elasticsearch/index/fielddata/plain/SortedDoublesIndexFieldData.java:106}","-1989","-100"
"efca15a8a6e085d32d1f0f419c104a718e947d59","EXTRACT_MOVE","{Method rangeQuery(Object, Object, boolean, boolean, SearchExecutionContext) at modules/mapper-extras/src/main/java/org/elasticsearch/index/mapper/extras/ScaledFloatFieldMapper.java:350}","{Method indexType() at server/src/main/java/org/elasticsearch/index/fielddata/plain/SortedNumericIndexFieldData.java:115}","-340","-109"
"efca15a8a6e085d32d1f0f419c104a718e947d59","EXTRACT_MOVE","{Method blockLoader(BlockLoaderContext) at server/src/main/java/org/elasticsearch/index/mapper/DateFieldMapper.java:927}","{Method indexType() at x-pack/plugin/mapper-unsigned-long/src/main/java/org/elasticsearch/xpack/unsignedlong/UnsignedLongIndexFieldData.java:58}","-917","-52"
"efca15a8a6e085d32d1f0f419c104a718e947d59","EXTRACT_MOVE","{Method new(String, Builder, boolean) at server/src/main/java/org/elasticsearch/index/mapper/NumberFieldMapper.java:1936}","{Method indexType() at x-pack/plugin/mapper-unsigned-long/src/main/java/org/elasticsearch/xpack/unsignedlong/UnsignedLongIndexFieldData.java:58}","-1926","-52"
"efca15a8a6e085d32d1f0f419c104a718e947d59","EXTRACT_MOVE","{Method isFieldWithinRangeTestCase(DateFieldType) at server/src/test/java/org/elasticsearch/index/mapper/DateFieldTypeTests.java:116}","{Method indexType() at server/src/main/java/org/elasticsearch/index/fielddata/plain/SortedNumericIndexFieldData.java:115}","-110","-109"
"efca15a8a6e085d32d1f0f419c104a718e947d59","EXTRACT_MOVE","{Method rangeQuery(Object, Object, boolean, boolean, SearchExecutionContext) at server/src/main/java/org/elasticsearch/index/mapper/BooleanFieldMapper.java:479}","{Method indexType() at server/src/main/java/org/elasticsearch/index/fielddata/plain/SortedDoublesIndexFieldData.java:106}","-469","-100"
"efca15a8a6e085d32d1f0f419c104a718e947d59","EXTRACT_MOVE","{Method termQuery(Object, SearchExecutionContext) at server/src/main/java/org/elasticsearch/index/mapper/NumberFieldMapper.java:1999}","{Method indexType() at server/src/main/java/org/elasticsearch/index/fielddata/plain/SortedNumericIndexFieldData.java:115}","-1989","-109"
"efca15a8a6e085d32d1f0f419c104a718e947d59","EXTRACT_MOVE","{Method getFieldDataBuilder(MappedFieldType, ValuesSourceType) at server/src/main/java/org/elasticsearch/index/mapper/NumberFieldMapper.java:648}","{Method indexType() at server/src/main/java/org/elasticsearch/index/fielddata/plain/SortedNumericIndexFieldData.java:115}","-634","-109"
"efca15a8a6e085d32d1f0f419c104a718e947d59","EXTRACT_MOVE","{Method termsQuery(Collection, SearchExecutionContext) at server/src/main/java/org/elasticsearch/index/mapper/SeqNoFieldMapper.java:197}","{Method indexType() at server/src/main/java/org/elasticsearch/index/fielddata/plain/SortedDoublesIndexFieldData.java:106}","-187","-100"
"efca15a8a6e085d32d1f0f419c104a718e947d59","EXTRACT_MOVE","{Method rangeQuery(Object, Object, boolean, boolean, SearchExecutionContext) at modules/mapper-extras/src/main/java/org/elasticsearch/index/mapper/extras/ScaledFloatFieldMapper.java:350}","{Method indexType() at server/src/main/java/org/elasticsearch/index/fielddata/plain/SortedDoublesIndexFieldData.java:106}","-340","-100"
"efca15a8a6e085d32d1f0f419c104a718e947d59","EXTRACT_MOVE","{Method getFieldDataBuilder(MappedFieldType, ValuesSourceType) at server/src/main/java/org/elasticsearch/index/mapper/NumberFieldMapper.java:808}","{Method indexType() at x-pack/plugin/mapper-unsigned-long/src/main/java/org/elasticsearch/xpack/unsignedlong/UnsignedLongIndexFieldData.java:58}","-794","-52"
"efca15a8a6e085d32d1f0f419c104a718e947d59","EXTRACT_MOVE","{Method rangeQuery(Object, Object, boolean, boolean, SearchExecutionContext) at server/src/main/java/org/elasticsearch/index/mapper/SeqNoFieldMapper.java:207}","{Method indexType() at server/src/main/java/org/elasticsearch/index/fielddata/plain/SortedNumericIndexFieldData.java:115}","-197","-109"
"efca15a8a6e085d32d1f0f419c104a718e947d59","EXTRACT_MOVE","{Method isSearchable() at modules/mapper-extras/src/main/java/org/elasticsearch/index/mapper/extras/ScaledFloatFieldMapper.java:318}","{Method indexType() at x-pack/plugin/mapper-unsigned-long/src/main/java/org/elasticsearch/xpack/unsignedlong/UnsignedLongIndexFieldData.java:58}","-308","-52"
"efca15a8a6e085d32d1f0f419c104a718e947d59","EXTRACT_MOVE","{Method build(MapperBuilderContext) at server/src/main/java/org/elasticsearch/index/mapper/DateFieldMapper.java:412}","{Method indexType() at server/src/main/java/org/elasticsearch/index/fielddata/plain/SortedDoublesIndexFieldData.java:106}","-402","-100"
"efca15a8a6e085d32d1f0f419c104a718e947d59","EXTRACT_MOVE","{Method getFieldDataBuilder(MappedFieldType, ValuesSourceType) at server/src/main/java/org/elasticsearch/index/mapper/NumberFieldMapper.java:1272}","{Method indexType() at server/src/main/java/org/elasticsearch/index/fielddata/plain/SortedNumericIndexFieldData.java:115}","-1258","-109"
"efca15a8a6e085d32d1f0f419c104a718e947d59","EXTRACT_MOVE","{Method getFieldDataBuilder(MappedFieldType, ValuesSourceType) at server/src/main/java/org/elasticsearch/index/mapper/NumberFieldMapper.java:808}","{Method indexType() at server/src/main/java/org/elasticsearch/index/fielddata/plain/SortedNumericIndexFieldData.java:115}","-794","-109"
"efca15a8a6e085d32d1f0f419c104a718e947d59","EXTRACT_MOVE","{Method getFieldDataBuilder(MappedFieldType, ValuesSourceType) at server/src/main/java/org/elasticsearch/index/mapper/NumberFieldMapper.java:942}","{Method indexType() at x-pack/plugin/mapper-unsigned-long/src/main/java/org/elasticsearch/xpack/unsignedlong/UnsignedLongIndexFieldData.java:58}","-928","-52"
"efca15a8a6e085d32d1f0f419c104a718e947d59","EXTRACT_MOVE","{Method distanceFeatureQuery(Object, String, SearchExecutionContext) at server/src/main/java/org/elasticsearch/index/mapper/DateFieldMapper.java:798}","{Method indexType() at server/src/main/java/org/elasticsearch/index/fielddata/plain/SortedNumericIndexFieldData.java:115}","-788","-109"
"efca15a8a6e085d32d1f0f419c104a718e947d59","EXTRACT_MOVE","{Method fielddataBuilder(FieldDataContext) at modules/mapper-extras/src/main/java/org/elasticsearch/index/mapper/extras/ScaledFloatFieldMapper.java:459}","{Method indexType() at server/src/main/java/org/elasticsearch/index/fielddata/plain/SortedNumericIndexFieldData.java:115}","-449","-109"
"efca15a8a6e085d32d1f0f419c104a718e947d59","EXTRACT_MOVE","{Method isSearchable() at server/src/main/java/org/elasticsearch/index/mapper/BooleanFieldMapper.java:267}","{Method indexType() at x-pack/plugin/mapper-unsigned-long/src/main/java/org/elasticsearch/xpack/unsignedlong/UnsignedLongIndexFieldData.java:58}","-257","-52"
"efca15a8a6e085d32d1f0f419c104a718e947d59","EXTRACT_MOVE","{Method isFieldWithinQuery(IndexReader, Object, Object, boolean, boolean, ZoneId, DateMathParser, QueryRewriteContext) at server/src/main/java/org/elasticsearch/index/mapper/DateFieldMapper.java:818}","{Method indexType() at server/src/main/java/org/elasticsearch/index/fielddata/plain/SortedNumericIndexFieldData.java:115}","-808","-109"
"efca15a8a6e085d32d1f0f419c104a718e947d59","EXTRACT_MOVE","{Method isSearchable() at server/src/main/java/org/elasticsearch/index/mapper/NumberFieldMapper.java:1995}","{Method indexType() at x-pack/plugin/mapper-unsigned-long/src/main/java/org/elasticsearch/xpack/unsignedlong/UnsignedLongIndexFieldData.java:58}","-1985","-52"
"efca15a8a6e085d32d1f0f419c104a718e947d59","EXTRACT_MOVE","{Method new(String, IndexType, boolean, Number, Map, boolean, MetricType, IndexMode, boolean) at x-pack/plugin/mapper-unsigned-long/src/main/java/org/elasticsearch/xpack/unsignedlong/UnsignedLongFieldMapper.java:277}","{Method indexType() at server/src/main/java/org/elasticsearch/index/fielddata/plain/SortedDoublesIndexFieldData.java:106}","-267","-100"
"efca15a8a6e085d32d1f0f419c104a718e947d59","EXTRACT_MOVE","{Method pointReaderIfPossible() at x-pack/plugin/mapper-unsigned-long/src/main/java/org/elasticsearch/xpack/unsignedlong/UnsignedLongFieldMapper.java:567}","{Method indexType() at x-pack/plugin/mapper-unsigned-long/src/main/java/org/elasticsearch/xpack/unsignedlong/UnsignedLongIndexFieldData.java:58}","-557","-52"
"efca15a8a6e085d32d1f0f419c104a718e947d59","EXTRACT_MOVE","{Method pointReaderIfPossible() at server/src/main/java/org/elasticsearch/index/mapper/DateFieldMapper.java:919}","{Method indexType() at server/src/main/java/org/elasticsearch/index/fielddata/plain/SortedDoublesIndexFieldData.java:106}","-909","-100"
"efca15a8a6e085d32d1f0f419c104a718e947d59","EXTRACT_MOVE","{Method isSearchable() at server/src/main/java/org/elasticsearch/index/mapper/DateFieldMapper.java:628}","{Method indexType() at x-pack/plugin/mapper-unsigned-long/src/main/java/org/elasticsearch/xpack/unsignedlong/UnsignedLongIndexFieldData.java:58}","-618","-52"
"efca15a8a6e085d32d1f0f419c104a718e947d59","EXTRACT_MOVE","{Method isSearchable() at server/src/main/java/org/elasticsearch/index/mapper/SeqNoFieldMapper.java:244}","{Method indexType() at x-pack/plugin/mapper-unsigned-long/src/main/java/org/elasticsearch/xpack/unsignedlong/UnsignedLongIndexFieldData.java:58}","-234","-52"
"efca15a8a6e085d32d1f0f419c104a718e947d59","EXTRACT_MOVE","{Method getFieldDataBuilder(MappedFieldType, ValuesSourceType) at server/src/main/java/org/elasticsearch/index/mapper/NumberFieldMapper.java:1434}","{Method indexType() at server/src/main/java/org/elasticsearch/index/fielddata/plain/SortedDoublesIndexFieldData.java:106}","-1420","-100"
"efca15a8a6e085d32d1f0f419c104a718e947d59","EXTRACT_MOVE","{Method pointReaderIfPossible() at server/src/main/java/org/elasticsearch/index/mapper/NumberFieldMapper.java:2036}","{Method indexType() at server/src/main/java/org/elasticsearch/index/fielddata/plain/SortedDoublesIndexFieldData.java:106}","-2026","-100"
"efca15a8a6e085d32d1f0f419c104a718e947d59","EXTRACT_MOVE","{Method getFieldDataBuilder(MappedFieldType, ValuesSourceType) at server/src/main/java/org/elasticsearch/index/mapper/NumberFieldMapper.java:454}","{Method indexType() at server/src/main/java/org/elasticsearch/index/fielddata/plain/SortedDoublesIndexFieldData.java:106}","-440","-100"
"efca15a8a6e085d32d1f0f419c104a718e947d59","EXTRACT_MOVE","{Method rangeQuery(Object, Object, boolean, boolean, SearchExecutionContext) at server/src/main/java/org/elasticsearch/index/mapper/BooleanFieldMapper.java:479}","{Method indexType() at x-pack/plugin/mapper-unsigned-long/src/main/java/org/elasticsearch/xpack/unsignedlong/UnsignedLongIndexFieldData.java:58}","-469","-52"
"efca15a8a6e085d32d1f0f419c104a718e947d59","EXTRACT_MOVE","{Method rangeQuery(Object, Object, boolean, boolean, ShapeRelation, ZoneId, DateMathParser, SearchExecutionContext) at server/src/main/java/org/elasticsearch/index/mapper/DateFieldMapper.java:638}","{Method indexType() at server/src/main/java/org/elasticsearch/index/fielddata/plain/SortedDoublesIndexFieldData.java:106}","-628","-100"
"efca15a8a6e085d32d1f0f419c104a718e947d59","EXTRACT_MOVE","{Method fielddataBuilder(FieldDataContext) at server/src/main/java/org/elasticsearch/index/mapper/SeqNoFieldMapper.java:238}","{Method indexType() at server/src/main/java/org/elasticsearch/index/fielddata/plain/SortedDoublesIndexFieldData.java:106}","-228","-100"
"efca15a8a6e085d32d1f0f419c104a718e947d59","EXTRACT_MOVE","{Method new(String, IndexType, boolean, Map, double, Double, TimeSeriesParams.MetricType, IndexMode, boolean, boolean) at modules/mapper-extras/src/main/java/org/elasticsearch/index/mapper/extras/ScaledFloatFieldMapper.java:275}","{Method indexType() at server/src/main/java/org/elasticsearch/index/fielddata/plain/SortedDoublesIndexFieldData.java:106}","-265","-100"
"efca15a8a6e085d32d1f0f419c104a718e947d59","EXTRACT_MOVE","{Method blockLoader(BlockLoaderContext) at server/src/main/java/org/elasticsearch/index/mapper/NumberFieldMapper.java:2044}","{Method indexType() at x-pack/plugin/mapper-unsigned-long/src/main/java/org/elasticsearch/xpack/unsignedlong/UnsignedLongIndexFieldData.java:58}","-2034","-52"
"efca15a8a6e085d32d1f0f419c104a718e947d59","EXTRACT_MOVE","{Method hasDocValuesSkipper() at server/src/main/java/org/elasticsearch/index/mapper/DateFieldMapper.java:561}","{Method indexType() at x-pack/plugin/mapper-unsigned-long/src/main/java/org/elasticsearch/xpack/unsignedlong/UnsignedLongIndexFieldData.java:58}","-551","-52"
"efca15a8a6e085d32d1f0f419c104a718e947d59","CHANGE_SIGNATURE","{Method new(String, NumericType, ValuesSourceType, ToScriptFieldFactory, boolean) at server/src/main/java/org/elasticsearch/index/fielddata/plain/SortedDoublesIndexFieldData.java:49}","{Method new(String, NumericType, ValuesSourceType, ToScriptFieldFactory, IndexType) at server/src/main/java/org/elasticsearch/index/fielddata/plain/SortedDoublesIndexFieldData.java:50}","-39","-40"
"efca15a8a6e085d32d1f0f419c104a718e947d59","EXTRACT_MOVE","{Method isFieldWithinRangeTestCase(DateFieldType) at server/src/test/java/org/elasticsearch/index/mapper/DateFieldTypeTests.java:116}","{Method indexType() at x-pack/plugin/mapper-unsigned-long/src/main/java/org/elasticsearch/xpack/unsignedlong/UnsignedLongIndexFieldData.java:58}","-110","-52"
"efca15a8a6e085d32d1f0f419c104a718e947d59","EXTRACT_MOVE","{Method fielddataBuilder(FieldDataContext) at server/src/main/java/org/elasticsearch/index/mapper/SeqNoFieldMapper.java:238}","{Method indexType() at server/src/main/java/org/elasticsearch/index/fielddata/plain/SortedNumericIndexFieldData.java:115}","-228","-109"
"efca15a8a6e085d32d1f0f419c104a718e947d59","CHANGE_SIGNATURE","{Method new(IndexNumericFieldData, ToScriptFieldFactory, boolean) at x-pack/plugin/mapper-unsigned-long/src/main/java/org/elasticsearch/xpack/unsignedlong/UnsignedLongIndexFieldData.java:22}","{Method new(IndexNumericFieldData, ToScriptFieldFactory, IndexType) at x-pack/plugin/mapper-unsigned-long/src/main/java/org/elasticsearch/xpack/unsignedlong/UnsignedLongIndexFieldData.java:23}","-16","-17"
"efca15a8a6e085d32d1f0f419c104a718e947d59","EXTRACT_MOVE","{Method isSearchable() at server/src/main/java/org/elasticsearch/index/mapper/NumberFieldMapper.java:1995}","{Method indexType() at server/src/main/java/org/elasticsearch/index/fielddata/plain/SortedNumericIndexFieldData.java:115}","-1985","-109"
"efca15a8a6e085d32d1f0f419c104a718e947d59","EXTRACT_MOVE","{Method getFieldDataBuilder(MappedFieldType, ValuesSourceType) at server/src/main/java/org/elasticsearch/index/mapper/NumberFieldMapper.java:1070}","{Method indexType() at x-pack/plugin/mapper-unsigned-long/src/main/java/org/elasticsearch/xpack/unsignedlong/UnsignedLongIndexFieldData.java:58}","-1056","-52"
"efca15a8a6e085d32d1f0f419c104a718e947d59","EXTRACT_MOVE","{Method fielddataBuilder(FieldDataContext) at server/src/main/java/org/elasticsearch/index/mapper/DateFieldMapper.java:996}","{Method indexType() at server/src/main/java/org/elasticsearch/index/fielddata/plain/SortedDoublesIndexFieldData.java:106}","-986","-100"
"efca15a8a6e085d32d1f0f419c104a718e947d59","EXTRACT_MOVE","{Method termsQuery(Collection, SearchExecutionContext) at server/src/main/java/org/elasticsearch/index/mapper/NumberFieldMapper.java:2005}","{Method indexType() at server/src/main/java/org/elasticsearch/index/fielddata/plain/SortedDoublesIndexFieldData.java:106}","-1995","-100"
"efca15a8a6e085d32d1f0f419c104a718e947d59","EXTRACT_MOVE","{Method termQuery(Object, SearchExecutionContext) at server/src/main/java/org/elasticsearch/index/mapper/NumberFieldMapper.java:1999}","{Method indexType() at x-pack/plugin/mapper-unsigned-long/src/main/java/org/elasticsearch/xpack/unsignedlong/UnsignedLongIndexFieldData.java:58}","-1989","-52"
"efca15a8a6e085d32d1f0f419c104a718e947d59","EXTRACT_MOVE","{Method rangeQuery(Long, Long, boolean, boolean, SearchExecutionContext) at server/src/main/java/org/elasticsearch/index/mapper/DateFieldMapper.java:763}","{Method indexType() at server/src/main/java/org/elasticsearch/index/fielddata/plain/SortedDoublesIndexFieldData.java:106}","-753","-100"
"efca15a8a6e085d32d1f0f419c104a718e947d59","EXTRACT_MOVE","{Method getFieldDataBuilder(MappedFieldType, ValuesSourceType) at server/src/main/java/org/elasticsearch/index/mapper/NumberFieldMapper.java:1272}","{Method indexType() at x-pack/plugin/mapper-unsigned-long/src/main/java/org/elasticsearch/xpack/unsignedlong/UnsignedLongIndexFieldData.java:58}","-1258","-52"
"efca15a8a6e085d32d1f0f419c104a718e947d59","EXTRACT_MOVE","{Method isSearchable() at modules/mapper-extras/src/main/java/org/elasticsearch/index/mapper/extras/ScaledFloatFieldMapper.java:318}","{Method indexType() at server/src/main/java/org/elasticsearch/index/fielddata/plain/SortedNumericIndexFieldData.java:115}","-308","-109"
"efca15a8a6e085d32d1f0f419c104a718e947d59","EXTRACT_MOVE","{Method termQuery(Object, SearchExecutionContext) at server/src/main/java/org/elasticsearch/index/mapper/BooleanFieldMapper.java:454}","{Method indexType() at server/src/main/java/org/elasticsearch/index/fielddata/plain/SortedDoublesIndexFieldData.java:106}","-444","-100"
"efca15a8a6e085d32d1f0f419c104a718e947d59","EXTRACT_MOVE","{Method new(String, IndexType, boolean, Map, double, Double, TimeSeriesParams.MetricType, IndexMode, boolean, boolean) at modules/mapper-extras/src/main/java/org/elasticsearch/index/mapper/extras/ScaledFloatFieldMapper.java:275}","{Method indexType() at x-pack/plugin/mapper-unsigned-long/src/main/java/org/elasticsearch/xpack/unsignedlong/UnsignedLongIndexFieldData.java:58}","-265","-52"
"efca15a8a6e085d32d1f0f419c104a718e947d59","EXTRACT_MOVE","{Method getFieldDataBuilder(MappedFieldType, ValuesSourceType) at server/src/main/java/org/elasticsearch/index/mapper/NumberFieldMapper.java:1434}","{Method indexType() at server/src/main/java/org/elasticsearch/index/fielddata/plain/SortedNumericIndexFieldData.java:115}","-1420","-109"
"efca15a8a6e085d32d1f0f419c104a718e947d59","EXTRACT_MOVE","{Method termQuery(Object, SearchExecutionContext) at modules/mapper-extras/src/main/java/org/elasticsearch/index/mapper/extras/ScaledFloatFieldMapper.java:328}","{Method indexType() at server/src/main/java/org/elasticsearch/index/fielddata/plain/SortedNumericIndexFieldData.java:115}","-318","-109"
"efca15a8a6e085d32d1f0f419c104a718e947d59","EXTRACT_MOVE","{Method new(String, IndexType, boolean, boolean, DateFormatter, Resolution, String, FieldValues, Map) at server/src/main/java/org/elasticsearch/index/mapper/DateFieldMapper.java:464}","{Method indexType() at x-pack/plugin/mapper-unsigned-long/src/main/java/org/elasticsearch/xpack/unsignedlong/UnsignedLongIndexFieldData.java:58}","-454","-52"
"efca15a8a6e085d32d1f0f419c104a718e947d59","EXTRACT_MOVE","{Method isSearchable() at server/src/main/java/org/elasticsearch/index/mapper/SeqNoFieldMapper.java:244}","{Method indexType() at server/src/main/java/org/elasticsearch/index/fielddata/plain/SortedNumericIndexFieldData.java:115}","-234","-109"
"efca15a8a6e085d32d1f0f419c104a718e947d59","EXTRACT_MOVE","{Method termsQuery(Collection, SearchExecutionContext) at server/src/main/java/org/elasticsearch/index/mapper/BooleanFieldMapper.java:464}","{Method indexType() at server/src/main/java/org/elasticsearch/index/fielddata/plain/SortedDoublesIndexFieldData.java:106}","-454","-100"
"efca15a8a6e085d32d1f0f419c104a718e947d59","EXTRACT_MOVE","{Method new(String, IndexType, boolean, DateFormatter, Resolution, String, FieldValues, Map) at server/src/main/java/org/elasticsearch/index/mapper/DateFieldMapper.java:484}","{Method indexType() at server/src/main/java/org/elasticsearch/index/fielddata/plain/SortedDoublesIndexFieldData.java:106}","-474","-100"
"efca15a8a6e085d32d1f0f419c104a718e947d59","RENAME","{Method isIndexed() at modules/mapper-extras/src/main/java/org/elasticsearch/index/mapper/extras/ScaledFloatFieldMapper.java:788}","{Method indexType() at modules/mapper-extras/src/main/java/org/elasticsearch/index/mapper/extras/ScaledFloatFieldMapper.java:788}","-778","-778"
"efca15a8a6e085d32d1f0f419c104a718e947d59","EXTRACT_MOVE","{Method getFieldDataBuilder(MappedFieldType, ValuesSourceType) at server/src/main/java/org/elasticsearch/index/mapper/NumberFieldMapper.java:454}","{Method indexType() at server/src/main/java/org/elasticsearch/index/fielddata/plain/SortedNumericIndexFieldData.java:115}","-440","-109"
"efca15a8a6e085d32d1f0f419c104a718e947d59","EXTRACT_MOVE","{Method getFieldDataBuilder(MappedFieldType, ValuesSourceType) at server/src/main/java/org/elasticsearch/index/mapper/NumberFieldMapper.java:648}","{Method indexType() at x-pack/plugin/mapper-unsigned-long/src/main/java/org/elasticsearch/xpack/unsignedlong/UnsignedLongIndexFieldData.java:58}","-634","-52"
"efca15a8a6e085d32d1f0f419c104a718e947d59","EXTRACT_MOVE","{Method termQuery(Object, SearchExecutionContext) at server/src/main/java/org/elasticsearch/index/mapper/BooleanFieldMapper.java:454}","{Method indexType() at x-pack/plugin/mapper-unsigned-long/src/main/java/org/elasticsearch/xpack/unsignedlong/UnsignedLongIndexFieldData.java:58}","-444","-52"
"efca15a8a6e085d32d1f0f419c104a718e947d59","EXTRACT_MOVE","{Method rangeQuery(Long, Long, boolean, boolean, SearchExecutionContext) at server/src/main/java/org/elasticsearch/index/mapper/DateFieldMapper.java:763}","{Method indexType() at x-pack/plugin/mapper-unsigned-long/src/main/java/org/elasticsearch/xpack/unsignedlong/UnsignedLongIndexFieldData.java:58}","-753","-52"
"efca15a8a6e085d32d1f0f419c104a718e947d59","CHANGE_SIGNATURE","{Method new(String, NumericType, ValuesSourceType, ToScriptFieldFactory, boolean) at server/src/main/java/org/elasticsearch/index/fielddata/plain/SortedDoublesIndexFieldData.java:75}","{Method new(String, NumericType, ValuesSourceType, ToScriptFieldFactory, IndexType) at server/src/main/java/org/elasticsearch/index/fielddata/plain/SortedDoublesIndexFieldData.java:76}","-69","-70"
"efca15a8a6e085d32d1f0f419c104a718e947d59","EXTRACT_MOVE","{Method blockLoader(BlockLoaderContext) at server/src/main/java/org/elasticsearch/index/mapper/DateFieldMapper.java:927}","{Method indexType() at server/src/main/java/org/elasticsearch/index/fielddata/plain/SortedNumericIndexFieldData.java:115}","-917","-109"
"efca15a8a6e085d32d1f0f419c104a718e947d59","EXTRACT_MOVE","{Method rangeQuery(Object, Object, boolean, boolean, SearchExecutionContext) at server/src/main/java/org/elasticsearch/index/mapper/NumberFieldMapper.java:2015}","{Method indexType() at server/src/main/java/org/elasticsearch/index/fielddata/plain/SortedDoublesIndexFieldData.java:106}","-2005","-100"
"efca15a8a6e085d32d1f0f419c104a718e947d59","EXTRACT_MOVE","{Method termsQuery(Collection, SearchExecutionContext) at modules/mapper-extras/src/main/java/org/elasticsearch/index/mapper/extras/ScaledFloatFieldMapper.java:335}","{Method indexType() at x-pack/plugin/mapper-unsigned-long/src/main/java/org/elasticsearch/xpack/unsignedlong/UnsignedLongIndexFieldData.java:58}","-325","-52"
"efca15a8a6e085d32d1f0f419c104a718e947d59","EXTRACT_MOVE","{Method hasDocValuesSkipper() at server/src/main/java/org/elasticsearch/index/mapper/DateFieldMapper.java:561}","{Method indexType() at server/src/main/java/org/elasticsearch/index/fielddata/plain/SortedDoublesIndexFieldData.java:106}","-551","-100"
"efca15a8a6e085d32d1f0f419c104a718e947d59","EXTRACT_MOVE","{Method build(MapperBuilderContext) at modules/mapper-extras/src/main/java/org/elasticsearch/index/mapper/extras/ScaledFloatFieldMapper.java:221}","{Method indexType() at server/src/main/java/org/elasticsearch/index/fielddata/plain/SortedDoublesIndexFieldData.java:106}","-211","-100"
"efca15a8a6e085d32d1f0f419c104a718e947d59","EXTRACT_MOVE","{Method new(String, IndexType, boolean, boolean, DateFormatter, Resolution, String, FieldValues, Map) at server/src/main/java/org/elasticsearch/index/mapper/DateFieldMapper.java:464}","{Method indexType() at server/src/main/java/org/elasticsearch/index/fielddata/plain/SortedDoublesIndexFieldData.java:106}","-454","-100"
"efca15a8a6e085d32d1f0f419c104a718e947d59","CHANGE_SIGNATURE","{Method new(String, NumericType, ToScriptFieldFactory, boolean) at server/src/main/java/org/elasticsearch/index/fielddata/plain/SortedNumericIndexFieldData.java:49}","{Method new(String, NumericType, ToScriptFieldFactory, IndexType) at server/src/main/java/org/elasticsearch/index/fielddata/plain/SortedNumericIndexFieldData.java:50}","-39","-40"
"efca15a8a6e085d32d1f0f419c104a718e947d59","EXTRACT_MOVE","{Method distanceFeatureQuery(Object, String, SearchExecutionContext) at server/src/main/java/org/elasticsearch/index/mapper/DateFieldMapper.java:798}","{Method indexType() at server/src/main/java/org/elasticsearch/index/fielddata/plain/SortedDoublesIndexFieldData.java:106}","-788","-100"
"efca15a8a6e085d32d1f0f419c104a718e947d59","EXTRACT_MOVE","{Method new(String, IndexType, boolean, Number, Map, boolean, MetricType, IndexMode, boolean) at x-pack/plugin/mapper-unsigned-long/src/main/java/org/elasticsearch/xpack/unsignedlong/UnsignedLongFieldMapper.java:277}","{Method indexType() at server/src/main/java/org/elasticsearch/index/fielddata/plain/SortedNumericIndexFieldData.java:115}","-267","-109"
"efca15a8a6e085d32d1f0f419c104a718e947d59","RENAME","{Method isIndexed() at server/src/test/java/org/elasticsearch/index/query/functionscore/FunctionScoreTests.java:242}","{Method indexType() at server/src/test/java/org/elasticsearch/index/query/functionscore/FunctionScoreTests.java:243}","-232","-233"
"efca15a8a6e085d32d1f0f419c104a718e947d59","EXTRACT_MOVE","{Method fielddataBuilder(FieldDataContext) at modules/mapper-extras/src/main/java/org/elasticsearch/index/mapper/extras/ScaledFloatFieldMapper.java:459}","{Method indexType() at server/src/main/java/org/elasticsearch/index/fielddata/plain/SortedDoublesIndexFieldData.java:106}","-449","-100"
"efca15a8a6e085d32d1f0f419c104a718e947d59","EXTRACT_MOVE","{Method rangeQuery(Object, Object, boolean, boolean, SearchExecutionContext) at server/src/main/java/org/elasticsearch/index/mapper/NumberFieldMapper.java:2015}","{Method indexType() at x-pack/plugin/mapper-unsigned-long/src/main/java/org/elasticsearch/xpack/unsignedlong/UnsignedLongIndexFieldData.java:58}","-2005","-52"
"efca15a8a6e085d32d1f0f419c104a718e947d59","EXTRACT_MOVE","{Method getFieldDataBuilder(MappedFieldType, ValuesSourceType) at server/src/main/java/org/elasticsearch/index/mapper/NumberFieldMapper.java:1070}","{Method indexType() at server/src/main/java/org/elasticsearch/index/fielddata/plain/SortedNumericIndexFieldData.java:115}","-1056","-109"
"efca15a8a6e085d32d1f0f419c104a718e947d59","EXTRACT_MOVE","{Method build(MapperBuilderContext) at modules/mapper-extras/src/main/java/org/elasticsearch/index/mapper/extras/ScaledFloatFieldMapper.java:221}","{Method indexType() at server/src/main/java/org/elasticsearch/index/fielddata/plain/SortedNumericIndexFieldData.java:115}","-211","-109"
"efca15a8a6e085d32d1f0f419c104a718e947d59","EXTRACT_MOVE","{Method hasDocValuesSkipper() at server/src/main/java/org/elasticsearch/index/mapper/DateFieldMapper.java:561}","{Method indexType() at server/src/main/java/org/elasticsearch/index/fielddata/plain/SortedNumericIndexFieldData.java:115}","-551","-109"
"efca15a8a6e085d32d1f0f419c104a718e947d59","EXTRACT_MOVE","{Method termQuery(Object, SearchExecutionContext) at server/src/main/java/org/elasticsearch/index/mapper/SeqNoFieldMapper.java:187}","{Method indexType() at server/src/main/java/org/elasticsearch/index/fielddata/plain/SortedDoublesIndexFieldData.java:106}","-177","-100"
"efca15a8a6e085d32d1f0f419c104a718e947d59","EXTRACT_MOVE","{Method fielddataBuilder(FieldDataContext) at server/src/main/java/org/elasticsearch/index/mapper/SeqNoFieldMapper.java:238}","{Method indexType() at x-pack/plugin/mapper-unsigned-long/src/main/java/org/elasticsearch/xpack/unsignedlong/UnsignedLongIndexFieldData.java:58}","-228","-52"
"efca15a8a6e085d32d1f0f419c104a718e947d59","EXTRACT_MOVE","{Method pointReaderIfPossible() at server/src/main/java/org/elasticsearch/index/mapper/NumberFieldMapper.java:2036}","{Method indexType() at server/src/main/java/org/elasticsearch/index/fielddata/plain/SortedNumericIndexFieldData.java:115}","-2026","-109"
"efca15a8a6e085d32d1f0f419c104a718e947d59","EXTRACT_MOVE","{Method blockLoader(BlockLoaderContext) at server/src/main/java/org/elasticsearch/index/mapper/NumberFieldMapper.java:2044}","{Method indexType() at server/src/main/java/org/elasticsearch/index/fielddata/plain/SortedNumericIndexFieldData.java:115}","-2034","-109"
"efca15a8a6e085d32d1f0f419c104a718e947d59","CHANGE_SIGNATURE","{Method new(String, NumericType, ValuesSourceType, ToScriptFieldFactory, boolean) at server/src/main/java/org/elasticsearch/index/fielddata/plain/SortedNumericIndexFieldData.java:58}","{Method new(String, NumericType, ValuesSourceType, ToScriptFieldFactory, IndexType) at server/src/main/java/org/elasticsearch/index/fielddata/plain/SortedNumericIndexFieldData.java:59}","-48","-49"
"efca15a8a6e085d32d1f0f419c104a718e947d59","EXTRACT_MOVE","{Method build(MapperBuilderContext) at server/src/main/java/org/elasticsearch/index/mapper/DateFieldMapper.java:412}","{Method indexType() at server/src/main/java/org/elasticsearch/index/fielddata/plain/SortedNumericIndexFieldData.java:115}","-402","-109"
"efca15a8a6e085d32d1f0f419c104a718e947d59","EXTRACT_MOVE","{Method fielddataBuilder(FieldDataContext) at server/src/main/java/org/elasticsearch/index/mapper/DateFieldMapper.java:996}","{Method indexType() at x-pack/plugin/mapper-unsigned-long/src/main/java/org/elasticsearch/xpack/unsignedlong/UnsignedLongIndexFieldData.java:58}","-986","-52"
"efca15a8a6e085d32d1f0f419c104a718e947d59","EXTRACT_MOVE","{Method termQuery(Object, SearchExecutionContext) at server/src/main/java/org/elasticsearch/index/mapper/SeqNoFieldMapper.java:187}","{Method indexType() at server/src/main/java/org/elasticsearch/index/fielddata/plain/SortedNumericIndexFieldData.java:115}","-177","-109"
"efca15a8a6e085d32d1f0f419c104a718e947d59","EXTRACT_MOVE","{Method termsQuery(Collection, SearchExecutionContext) at server/src/main/java/org/elasticsearch/index/mapper/NumberFieldMapper.java:2005}","{Method indexType() at x-pack/plugin/mapper-unsigned-long/src/main/java/org/elasticsearch/xpack/unsignedlong/UnsignedLongIndexFieldData.java:58}","-1995","-52"
"efca15a8a6e085d32d1f0f419c104a718e947d59","EXTRACT_MOVE","{Method termsQuery(Collection, SearchExecutionContext) at server/src/main/java/org/elasticsearch/index/mapper/BooleanFieldMapper.java:464}","{Method indexType() at x-pack/plugin/mapper-unsigned-long/src/main/java/org/elasticsearch/xpack/unsignedlong/UnsignedLongIndexFieldData.java:58}","-454","-52"
"efca15a8a6e085d32d1f0f419c104a718e947d59","EXTRACT_MOVE","{Method getFieldDataBuilder(MappedFieldType, ValuesSourceType) at server/src/main/java/org/elasticsearch/index/mapper/NumberFieldMapper.java:1070}","{Method indexType() at server/src/main/java/org/elasticsearch/index/fielddata/plain/SortedDoublesIndexFieldData.java:106}","-1056","-100"
"efca15a8a6e085d32d1f0f419c104a718e947d59","EXTRACT_MOVE","{Method blockLoader(BlockLoaderContext) at server/src/main/java/org/elasticsearch/index/mapper/BooleanFieldMapper.java:351}","{Method indexType() at x-pack/plugin/mapper-unsigned-long/src/main/java/org/elasticsearch/xpack/unsignedlong/UnsignedLongIndexFieldData.java:58}","-341","-52"
"efca15a8a6e085d32d1f0f419c104a718e947d59","EXTRACT_MOVE","{Method blockLoader(BlockLoaderContext) at server/src/main/java/org/elasticsearch/index/mapper/NumberFieldMapper.java:2044}","{Method indexType() at server/src/main/java/org/elasticsearch/index/fielddata/plain/SortedDoublesIndexFieldData.java:106}","-2034","-100"
"efca15a8a6e085d32d1f0f419c104a718e947d59","EXTRACT_MOVE","{Method rangeQuery(Object, Object, boolean, boolean, SearchExecutionContext) at server/src/main/java/org/elasticsearch/index/mapper/SeqNoFieldMapper.java:207}","{Method indexType() at x-pack/plugin/mapper-unsigned-long/src/main/java/org/elasticsearch/xpack/unsignedlong/UnsignedLongIndexFieldData.java:58}","-197","-52"
"efca15a8a6e085d32d1f0f419c104a718e947d59","EXTRACT_MOVE","{Method termQuery(Object, SearchExecutionContext) at modules/mapper-extras/src/main/java/org/elasticsearch/index/mapper/extras/ScaledFloatFieldMapper.java:328}","{Method indexType() at server/src/main/java/org/elasticsearch/index/fielddata/plain/SortedDoublesIndexFieldData.java:106}","-318","-100"
"409a2a16dc5f2eb0fbfbb0406597c8bcfbb77a7a","CHANGE_SIGNATURE","{Method new(TransportService, ClusterService, ThreadPool, ActionFilters, SamplingService, ProjectResolver) at server/src/main/java/org/elasticsearch/action/admin/indices/sampling/TransportGetSampleStatsAction.java:38}","{Method new(TransportService, ClusterService, ThreadPool, ActionFilters, SamplingService, ProjectResolver, IndexNameExpressionResolver) at server/src/main/java/org/elasticsearch/action/admin/indices/sampling/TransportGetSampleStatsAction.java:40}","-32","-34"
"c51d17fba6f25cd553fc9241f21c93b3e3196725","CHANGE_SIGNATURE","{Method new(int, int, boolean, boolean, int, ExecutorService) at server/src/main/java/org/elasticsearch/index/codec/vectors/es93/ES93HnswBinaryQuantizedVectorsFormat.java:80}","{Method new(int, int, ES93GenericFlatVectorsFormat.ElementType, boolean, int, ExecutorService) at server/src/main/java/org/elasticsearch/index/codec/vectors/es93/ES93HnswBinaryQuantizedVectorsFormat.java:85}","-74","-79"
"c51d17fba6f25cd553fc9241f21c93b3e3196725","CHANGE_SIGNATURE","{Method new(int, int, boolean, boolean) at server/src/main/java/org/elasticsearch/index/codec/vectors/es93/ES93HnswBinaryQuantizedVectorsFormat.java:64}","{Method new(int, int, ES93GenericFlatVectorsFormat.ElementType, boolean) at server/src/main/java/org/elasticsearch/index/codec/vectors/es93/ES93HnswBinaryQuantizedVectorsFormat.java:64}","-58","-58"
"c51d17fba6f25cd553fc9241f21c93b3e3196725","CHANGE_SIGNATURE","{Method new(int, int, boolean, boolean) at server/src/main/java/org/elasticsearch/index/codec/vectors/es93/ES93HnswVectorsFormat.java:40}","{Method new(int, int, ES93GenericFlatVectorsFormat.ElementType, boolean) at server/src/main/java/org/elasticsearch/index/codec/vectors/es93/ES93HnswVectorsFormat.java:40}","-34","-34"
"c51d17fba6f25cd553fc9241f21c93b3e3196725","CHANGE_SIGNATURE","{Method new(boolean, boolean) at server/src/main/java/org/elasticsearch/index/codec/vectors/es93/ES93HnswBinaryQuantizedVectorsFormat.java:52}","{Method new(ES93GenericFlatVectorsFormat.ElementType, boolean) at server/src/main/java/org/elasticsearch/index/codec/vectors/es93/ES93HnswBinaryQuantizedVectorsFormat.java:52}","-46","-46"
"c51d17fba6f25cd553fc9241f21c93b3e3196725","CHANGE_SIGNATURE","{Method new(int, int, boolean, boolean, int, ExecutorService) at server/src/main/java/org/elasticsearch/index/codec/vectors/es93/ES93HnswVectorsFormat.java:45}","{Method new(int, int, ES93GenericFlatVectorsFormat.ElementType, boolean, int, ExecutorService) at server/src/main/java/org/elasticsearch/index/codec/vectors/es93/ES93HnswVectorsFormat.java:45}","-39","-39"
"c51d17fba6f25cd553fc9241f21c93b3e3196725","CHANGE_SIGNATURE","{Method new(boolean, boolean) at server/src/main/java/org/elasticsearch/index/codec/vectors/es93/ES93HnswVectorsFormat.java:35}","{Method new(ES93GenericFlatVectorsFormat.ElementType, boolean) at server/src/main/java/org/elasticsearch/index/codec/vectors/es93/ES93HnswVectorsFormat.java:35}","-29","-29"
"c51d17fba6f25cd553fc9241f21c93b3e3196725","CHANGE_SIGNATURE","{Method new(boolean, boolean) at server/src/main/java/org/elasticsearch/index/codec/vectors/es93/ES93BinaryQuantizedVectorsFormat.java:103}","{Method new(ES93GenericFlatVectorsFormat.ElementType, boolean) at server/src/main/java/org/elasticsearch/index/codec/vectors/es93/ES93BinaryQuantizedVectorsFormat.java:103}","-97","-97"
"da4f894a0c10f1dc70ec0a0e643acff34e961c42","EXTRACT_MOVE","{Method planIndexingAsPrimary(Index) at server/src/main/java/org/elasticsearch/index/engine/InternalEngine.java:1356}","{Method term() at server/src/main/java/org/elasticsearch/index/codec/tsdb/TSDBSyntheticIdFieldsProducer.java:217}","-1350","-207"
"da4f894a0c10f1dc70ec0a0e643acff34e961c42","EXTRACT_MOVE","{Method tryDeleteDocument(IndexReader, int) at server/src/main/java/org/elasticsearch/index/engine/InternalEngine.java:3415}","{Method docID() at server/src/main/java/org/elasticsearch/index/codec/tsdb/TSDBSyntheticIdFieldsProducer.java:280}","-3405","-270"
"da4f894a0c10f1dc70ec0a0e643acff34e961c42","EXTRACT_MOVE","{Method createField(DocumentParserContext, RoutingHashBuilder, BytesRef) at server/src/main/java/org/elasticsearch/index/mapper/TsidExtractingIdFieldMapper.java:50}","{Method syntheticIdField(String) at server/src/main/java/org/elasticsearch/index/mapper/IdFieldMapper.java:84}","-44","-78"
"da4f894a0c10f1dc70ec0a0e643acff34e961c42","EXTRACT_MOVE","{Method compareOpToVersionMapOnSeqNo(String, long, long, VersionValue) at server/src/main/java/org/elasticsearch/index/engine/InternalEngine.java:1003}","{Method term() at server/src/main/java/org/elasticsearch/index/codec/tsdb/TSDBSyntheticIdFieldsProducer.java:217}","-997","-207"
"da4f894a0c10f1dc70ec0a0e643acff34e961c42","EXTRACT_MOVE","{Method realtimeGetUnderLock(Get, MappingLookup, DocumentParser, Function, boolean) at server/src/main/java/org/elasticsearch/index/engine/InternalEngine.java:912}","{Method term() at server/src/main/java/org/elasticsearch/index/codec/tsdb/TSDBSyntheticIdFieldsProducer.java:217}","-906","-207"
"da4f894a0c10f1dc70ec0a0e643acff34e961c42","EXTRACT_MOVE","{Method planDeletionAsPrimary(Delete) at server/src/main/java/org/elasticsearch/index/engine/InternalEngine.java:1785}","{Method term() at server/src/main/java/org/elasticsearch/index/codec/tsdb/TSDBSyntheticIdFieldsProducer.java:217}","-1779","-207"
"da4f894a0c10f1dc70ec0a0e643acff34e961c42","EXTRACT_MOVE","{Method validate(Boolean, Map) at server/src/main/java/org/elasticsearch/index/IndexSettings.java:737}","{Method new() at server/src/main/java/org/elasticsearch/index/codec/tsdb/TSDBSyntheticIdFieldsProducer.java:150}","-723","-140"
"da4f894a0c10f1dc70ec0a0e643acff34e961c42","EXTRACT_MOVE","{Method validate(Boolean, Map) at server/src/main/java/org/elasticsearch/index/IndexSettings.java:737}","{Method new() at test/framework/src/main/java/org/elasticsearch/action/admin/indices/diskusage/AnalyzeIndexDiskUsageTestUtils.java:16}","-723","-10"
"da4f894a0c10f1dc70ec0a0e643acff34e961c42","EXTRACT","{Method deleteTombstone(SeqNoFieldMapper.SeqNoIndexOptions, String) at server/src/main/java/org/elasticsearch/index/mapper/ParsedDocument.java:75}","{Method deleteTombstone(SeqNoFieldMapper.SeqNoIndexOptions, boolean, String) at server/src/main/java/org/elasticsearch/index/mapper/ParsedDocument.java:85}","-69","-79"
"da4f894a0c10f1dc70ec0a0e643acff34e961c42","EXTRACT_MOVE","{Method new(String, Codec) at server/src/main/java/org/elasticsearch/index/codec/CodecService.java:97}","{Method fieldInfosFormat() at server/src/main/java/org/elasticsearch/index/codec/tsdb/TSDBSyntheticIdCodec.java:55}","-87","-49"
"93d08aaf3dc6c1924e32e5500abcf14cf0c53815"
"d0555e5b0d638a6611507cb4ca77a6b2274934c2","EXTRACT","{Method buildLayout(Layout.Builder, Expression) at x-pack/plugin/esql/src/test/java/org/elasticsearch/xpack/esql/expression/function/AbstractFunctionTestCase.java:652}","{Method dedupAndBuildLayout(Set, Layout.Builder, Expression) at x-pack/plugin/esql/src/test/java/org/elasticsearch/xpack/esql/expression/function/AbstractFunctionTestCase.java:657}","-646","-651"
"c71e06222e1b018f6d054ab5a82e144683a14807"
"e946ca80d6a7530d86c0e900b2cf7e9f281fb389"
"ffbf05c994b0364f081b75ff0a146957ec005555"
"7e522802c6e84a1c798a0db134478c5743adb380"
"3b1bdc92ac1885ae8e2cdb0906e7db94123063cc"
"f396a187c79257ae6b7ad34e9e3d496555c4b9b8"
"1c49afa635039abcf290b7372f539a0c47f7614b"
"92d2ee1cc1c10fa774334ac087a7d1f25d64c172","EXTRACT","{Method createScratch(MethodSpec.Builder) at x-pack/plugin/esql/compute/gen/src/main/java/org/elasticsearch/compute/gen/argument/StandardArgument.java:88}","{Method isBytesRef() at x-pack/plugin/esql/compute/gen/src/main/java/org/elasticsearch/compute/gen/argument/Argument.java:104}","-82","-98"
"92d2ee1cc1c10fa774334ac087a7d1f25d64c172","EXTRACT","{Method read(MethodSpec.Builder, boolean) at x-pack/plugin/esql/compute/gen/src/main/java/org/elasticsearch/compute/gen/argument/StandardArgument.java:117}","{Method isBytesRef() at x-pack/plugin/esql/compute/gen/src/main/java/org/elasticsearch/compute/gen/argument/Argument.java:104}","-111","-98"
"92d2ee1cc1c10fa774334ac087a7d1f25d64c172","EXTRACT","{Method initAddRaw(boolean, boolean) at x-pack/plugin/esql/compute/gen/src/main/java/org/elasticsearch/compute/gen/AggregatorImplementer.java:486}","{Method addRawName(boolean) at x-pack/plugin/esql/compute/gen/src/main/java/org/elasticsearch/compute/gen/AggregatorImplementer.java:365}","-480","-359"
"92d2ee1cc1c10fa774334ac087a7d1f25d64c172","CHANGE_SIGNATURE","{Method resolveVectors(MethodSpec.Builder, String) at x-pack/plugin/esql/compute/gen/src/main/java/org/elasticsearch/compute/gen/argument/BuilderArgument.java:64}","{Method resolveVectors(MethodSpec.Builder, String...) at x-pack/plugin/esql/compute/gen/src/main/java/org/elasticsearch/compute/gen/argument/FixedArgument.java:86}","-58","-80"
"92d2ee1cc1c10fa774334ac087a7d1f25d64c172","CHANGE_SIGNATURE","{Method resolveVectors(MethodSpec.Builder, String) at x-pack/plugin/esql/compute/gen/src/main/java/org/elasticsearch/compute/gen/argument/FixedArgument.java:86}","{Method resolveVectors(MethodSpec.Builder, String...) at x-pack/plugin/esql/compute/gen/src/main/java/org/elasticsearch/compute/gen/argument/PositionArgument.java:66}","-80","-60"
"92d2ee1cc1c10fa774334ac087a7d1f25d64c172","CHANGE_SIGNATURE","{Method resolveVectors(MethodSpec.Builder, String) at x-pack/plugin/esql/compute/gen/src/main/java/org/elasticsearch/compute/gen/argument/Argument.java:124}","{Method resolveVectors(MethodSpec.Builder, String...) at x-pack/plugin/esql/compute/gen/src/main/java/org/elasticsearch/compute/gen/argument/Argument.java:173}","-118","-167"
"92d2ee1cc1c10fa774334ac087a7d1f25d64c172","EXTRACT","{Method addRawInputExploded(boolean) at x-pack/plugin/esql/compute/gen/src/main/java/org/elasticsearch/compute/gen/AggregatorImplementer.java:329}","{Method invokeAddRaw(boolean, boolean) at x-pack/plugin/esql/compute/gen/src/main/java/org/elasticsearch/compute/gen/AggregatorImplementer.java:357}","-323","-351"
"92d2ee1cc1c10fa774334ac087a7d1f25d64c172","CHANGE_SIGNATURE","{Method resolveVectors(MethodSpec.Builder, String) at x-pack/plugin/esql/compute/gen/src/main/java/org/elasticsearch/compute/gen/argument/StandardArgument.java:82}","{Method resolveVectors(MethodSpec.Builder, String...) at x-pack/plugin/esql/compute/gen/src/main/java/org/elasticsearch/compute/gen/argument/StandardArgument.java:82}","-76","-76"
"92d2ee1cc1c10fa774334ac087a7d1f25d64c172","CHANGE_SIGNATURE","{Method resolveVectors(MethodSpec.Builder, String) at x-pack/plugin/esql/compute/gen/src/main/java/org/elasticsearch/compute/gen/argument/PositionArgument.java:66}","{Method resolveVectors(MethodSpec.Builder, String...) at x-pack/plugin/esql/compute/gen/src/main/java/org/elasticsearch/compute/gen/argument/BuilderArgument.java:64}","-60","-58"
"92d2ee1cc1c10fa774334ac087a7d1f25d64c172","CHANGE_SIGNATURE","{Method resolveVectors(MethodSpec.Builder, String) at x-pack/plugin/esql/compute/gen/src/main/java/org/elasticsearch/compute/gen/argument/BlockArgument.java:69}","{Method resolveVectors(MethodSpec.Builder, String...) at x-pack/plugin/esql/compute/gen/src/main/java/org/elasticsearch/compute/gen/argument/BlockArgument.java:76}","-63","-70"
"92d2ee1cc1c10fa774334ac087a7d1f25d64c172","CHANGE_SIGNATURE","{Method resolveVectors(MethodSpec.Builder, String) at x-pack/plugin/esql/compute/gen/src/main/java/org/elasticsearch/compute/gen/argument/ArrayArgument.java:94}","{Method resolveVectors(MethodSpec.Builder, String...) at x-pack/plugin/esql/compute/gen/src/main/java/org/elasticsearch/compute/gen/argument/ArrayArgument.java:94}","-88","-88"
"143e992ec5bfac5e6c19b4a10a8145e94fa28d0f"
"0e9f162789bf4be12e6da0f36289fe4f0414c8a3","MOVE","{Method packAsBinaryLegacy(int[], byte[]) at server/src/main/java/org/elasticsearch/index/codec/vectors/BQVectorUtils.java:45}","{Method packAsBinaryLegacy(int[], byte[]) at libs/simdvec/src/test/java/org/elasticsearch/simdvec/ESVectorUtilTests.java:585}","-39","-579"
"0e9f162789bf4be12e6da0f36289fe4f0414c8a3","MOVE_RENAME","{Method testPackAsBinary() at server/src/test/java/org/elasticsearch/index/codec/vectors/BQVectorUtilsTests.java:41}","{Method testPackAsBinaryCorrectness() at libs/simdvec/src/test/java/org/elasticsearch/simdvec/ESVectorUtilTests.java:373}","-35","-367"
"0e9f162789bf4be12e6da0f36289fe4f0414c8a3","MOVE","{Method testPackAsBinaryDuel() at server/src/test/java/org/elasticsearch/index/codec/vectors/BQVectorUtilsTests.java:67}","{Method testPackAsBinaryDuel() at libs/simdvec/src/test/java/org/elasticsearch/simdvec/ESVectorUtilTests.java:399}","-61","-393"
"0e9f162789bf4be12e6da0f36289fe4f0414c8a3","MOVE","{Method transposeHalfByteLegacy(byte[], byte[]) at server/src/main/java/org/elasticsearch/index/codec/vectors/BQSpaceUtils.java:92}","{Method transposeHalfByteLegacy(int[], byte[]) at benchmarks/src/main/java/org/elasticsearch/benchmark/vector/TransposeHalfByteBenchmark.java:96}","-86","-90"
"0e9f162789bf4be12e6da0f36289fe4f0414c8a3","MOVE","{Method testIntegerTransposeHalfByte() at server/src/test/java/org/elasticsearch/index/codec/vectors/BQSpaceUtilsTests.java:16}","{Method testIntegerTransposeHalfByte() at libs/simdvec/src/test/java/org/elasticsearch/simdvec/ESVectorUtilTests.java:413}","-10","-407"
"0e9f162789bf4be12e6da0f36289fe4f0414c8a3","MOVE","{Method transposeHalfByteLegacy(int[], byte[]) at server/src/main/java/org/elasticsearch/index/codec/vectors/BQSpaceUtils.java:131}","{Method transposeHalfByteLegacy(int[], byte[]) at libs/simdvec/src/test/java/org/elasticsearch/simdvec/ESVectorUtilTests.java:599}","-125","-593"
"c1c87f112dbe00f73e031eeed7b51a830a95181f"
"76088eb6653228e78c2bace0d4c4a7e05edbd510"
"1cbb557e9ff9914ef7706dd07b777793190122b6"
"b59f9329e4331a30b94b78e2e469cfc21142e2c3"
"f44b8b29893fe553a418e80ca366fefee02fdf41","RENAME","{Method validateApiKeyTypeAndExpiration(ApiKeyDoc, ApiKeyCredentials, Clock, ActionListener) at x-pack/plugin/security/src/main/java/org/elasticsearch/xpack/security/authc/ApiKeyService.java:1474}","{Method completeApiKeyAuthentication(ApiKeyDoc, ApiKeyCredentials, Clock, ActionListener) at x-pack/plugin/security/src/main/java/org/elasticsearch/xpack/security/authc/ApiKeyService.java:1494}","-1468","-1488"
"f44b8b29893fe553a418e80ca366fefee02fdf41","RENAME","{Method testValidateApiKeyTypeAndExpiration() at x-pack/plugin/security/src/test/java/org/elasticsearch/xpack/security/authc/ApiKeyServiceTests.java:3082}","{Method testCompleteApiKeyAuthentication() at x-pack/plugin/security/src/test/java/org/elasticsearch/xpack/security/authc/ApiKeyServiceTests.java:3084}","-3076","-3078"
"f44b8b29893fe553a418e80ca366fefee02fdf41","CHANGE_SIGNATURE","{Method getCredentialsFromHeader(String, ApiKey.Type) at x-pack/plugin/security/src/main/java/org/elasticsearch/xpack/security/authc/ApiKeyService.java:1525}","{Method getCredentialsFromHeader(String, String, ApiKey.Type) at x-pack/plugin/security/src/main/java/org/elasticsearch/xpack/security/authc/ApiKeyService.java:1596}","-1519","-1590"
"f44b8b29893fe553a418e80ca366fefee02fdf41","EXTRACT","{Method getEncodedCrossClusterAccessApiKeyWithId() at x-pack/plugin/security/src/test/java/org/elasticsearch/xpack/security/authc/CrossClusterAccessAuthenticationServiceIntegTests.java:316}","{Method getEncodedCrossClusterAccessApiKeyWithId(CertificateIdentity) at x-pack/plugin/security/src/test/java/org/elasticsearch/xpack/security/authc/CrossClusterAccessAuthenticationServiceIntegTests.java:392}","-310","-386"
"f44b8b29893fe553a418e80ca366fefee02fdf41","CHANGE_SIGNATURE","{Method parseApiKey(SecureString, ApiKey.Type) at x-pack/plugin/security/src/main/java/org/elasticsearch/xpack/security/authc/ApiKeyService.java:1533}","{Method parseApiKey(SecureString, String, ApiKey.Type) at x-pack/plugin/security/src/main/java/org/elasticsearch/xpack/security/authc/ApiKeyService.java:1604}","-1527","-1598"
"f44b8b29893fe553a418e80ca366fefee02fdf41","EXTRACT","{Method parseCredentialsHeader(String) at x-pack/plugin/security/src/main/java/org/elasticsearch/xpack/security/authc/CrossClusterAccessHeaders.java:99}","{Method parseCredentialsHeader(String, String) at x-pack/plugin/security/src/main/java/org/elasticsearch/xpack/security/authc/CrossClusterAccessHeaders.java:115}","-93","-109"
"f44b8b29893fe553a418e80ca366fefee02fdf41","CHANGE_SIGNATURE","{Method assertCrossClusterAuthFail() at x-pack/plugin/security/qa/multi-cluster/src/javaRestTest/java/org/elasticsearch/xpack/remotecluster/RemoteClusterSecurityCrossClusterApiKeySigningIT.java:112}","{Method assertCrossClusterAuthFail(String) at x-pack/plugin/security/qa/multi-cluster/src/javaRestTest/java/org/elasticsearch/xpack/remotecluster/RemoteClusterSecurityCrossClusterApiKeySigningIT.java:202}","-106","-196"
"7c8aa09d4a39e82c484077e7986c0b4d1350eb8b"
"9435f4104c8ea56bcbd1a52a4ec0d70baf26f283"
"f39b6d5f946817e54e8ecf8352d528d76adf92fe","CHANGE_SIGNATURE","{Method serializeBuckets(StreamOutput, List) at x-pack/plugin/mapper-exponential-histogram/src/main/java/org/elasticsearch/xpack/exponentialhistogram/EncodedHistogramData.java:213}","{Method serializeBuckets(OutputStream, BucketIterator) at libs/exponential-histogram/src/main/java/org/elasticsearch/exponentialhistogram/CompressedHistogramData.java:223}","-203","-213"
"f39b6d5f946817e54e8ecf8352d528d76adf92fe","CHANGE_SIGNATURE","{Method write(StreamOutput, int, List, List) at x-pack/plugin/mapper-exponential-histogram/src/main/java/org/elasticsearch/xpack/exponentialhistogram/EncodedHistogramData.java:99}","{Method write(OutputStream, int, BucketIterator, BucketIterator) at libs/exponential-histogram/src/main/java/org/elasticsearch/exponentialhistogram/CompressedHistogramData.java:110}","-93","-104"
"f39b6d5f946817e54e8ecf8352d528d76adf92fe","MOVE","{Class CompressedExponentialHistogram at x-pack/plugin/mapper-exponential-histogram/src/main/java/org/elasticsearch/xpack/exponentialhistogram/CompressedExponentialHistogram.java:32}","{Class CompressedExponentialHistogram at libs/exponential-histogram/src/main/java/org/elasticsearch/exponentialhistogram/CompressedExponentialHistogram.java:41}","-30","-39"
"f39b6d5f946817e54e8ecf8352d528d76adf92fe","CHANGE_SIGNATURE","{Method writeHistogramBytes(StreamOutput, int, List, List) at x-pack/plugin/mapper-exponential-histogram/src/main/java/org/elasticsearch/xpack/exponentialhistogram/CompressedExponentialHistogram.java:126}","{Method writeHistogramBytes(OutputStream, int, BucketIterator, BucketIterator) at libs/exponential-histogram/src/main/java/org/elasticsearch/exponentialhistogram/CompressedExponentialHistogram.java:135}","-120","-129"
"f39b6d5f946817e54e8ecf8352d528d76adf92fe","CHANGE_SIGNATURE","{Method new(EncodedHistogramData.BucketsDecoder) at x-pack/plugin/mapper-exponential-histogram/src/main/java/org/elasticsearch/xpack/exponentialhistogram/CompressedExponentialHistogram.java:195}","{Method new(CompressedHistogramData.BucketsDecoder) at libs/exponential-histogram/src/main/java/org/elasticsearch/exponentialhistogram/CompressedExponentialHistogram.java:200}","-181","-186"
"f39b6d5f946817e54e8ecf8352d528d76adf92fe","MOVE_RENAME","{Class EncodedHistogramData at x-pack/plugin/mapper-exponential-histogram/src/main/java/org/elasticsearch/xpack/exponentialhistogram/EncodedHistogramData.java:29}","{Class CompressedHistogramData at libs/exponential-histogram/src/main/java/org/elasticsearch/exponentialhistogram/CompressedHistogramData.java:41}","-27","-39"
"5ef1c356f2aa18fa85001ead6ca837eafe98e99c","EXTRACT","{Method createAllocationService(Settings, GatewayAllocator, ClusterInfoService, SnapshotsInfoService) at test/framework/src/main/java/org/elasticsearch/cluster/ESAllocationTestCase.java:138}","{Method createAllocationService(Settings, GatewayAllocator, ClusterInfoService, SnapshotsInfoService, List) at test/framework/src/main/java/org/elasticsearch/cluster/ESAllocationTestCase.java:148}","-132","-142"
"5ef1c356f2aa18fa85001ead6ca837eafe98e99c","EXTRACT","{Method testClusterConcurrentRebalance() at server/src/test/java/org/elasticsearch/cluster/routing/allocation/ConcurrentRebalanceRoutingTests.java:34}","{Method testClusterConcurrentInternal(AllocationService, Metadata, Supplier) at server/src/test/java/org/elasticsearch/cluster/routing/allocation/ConcurrentRebalanceRoutingTests.java:104}","-28","-98"
"5ef1c356f2aa18fa85001ead6ca837eafe98e99c","EXTRACT","{Method randomAllocationDeciders(Settings, ClusterSettings) at test/framework/src/main/java/org/elasticsearch/cluster/ESAllocationTestCase.java:153}","{Method randomAllocationDeciders(Settings, ClusterSettings, List) at test/framework/src/main/java/org/elasticsearch/cluster/ESAllocationTestCase.java:168}","-147","-162"
"087021ef51d9206eeca0588b428247af66522aa7"
"9634fd6f610345b77fced6bac34c156996a987da","EXTRACT_MOVE","{Method score(float, ElementType, int) at server/src/main/java/org/elasticsearch/index/mapper/vectors/DenseVectorFieldMapper.java:1168}","{Method similarity() at server/src/main/java/org/elasticsearch/index/mapper/vectors/DenseVectorFieldMapper.java:2289}","-1154","-2279"
"9634fd6f610345b77fced6bac34c156996a987da","EXTRACT","{Method getSimilarity() at server/src/main/java/org/elasticsearch/index/mapper/vectors/DenseVectorFieldMapper.java:2664}","{Method similarity() at server/src/main/java/org/elasticsearch/index/mapper/vectors/DenseVectorFieldMapper.java:2289}","-2654","-2279"
"9634fd6f610345b77fced6bac34c156996a987da","CHANGE_SIGNATURE","{Method getKnnVectorsFormat(IndexSettings, DenseVectorFieldMapper.DenseVectorIndexOptions) at server/src/main/java/org/elasticsearch/index/mapper/vectors/VectorsFormatProvider.java:29}","{Method getKnnVectorsFormat(IndexSettings, DenseVectorFieldMapper.DenseVectorIndexOptions, DenseVectorFieldMapper.VectorSimilarity) at server/src/main/java/org/elasticsearch/index/mapper/vectors/VectorsFormatProvider.java:30}","-23","-24"
"9634fd6f610345b77fced6bac34c156996a987da","EXTRACT_MOVE","{Method score(float, ElementType, int) at server/src/main/java/org/elasticsearch/index/mapper/vectors/DenseVectorFieldMapper.java:1187}","{Method similarity() at server/src/main/java/org/elasticsearch/index/mapper/vectors/DenseVectorFieldMapper.java:2289}","-1177","-2279"
"9634fd6f610345b77fced6bac34c156996a987da","EXTRACT","{Method isNormalized() at server/src/main/java/org/elasticsearch/index/mapper/vectors/DenseVectorFieldMapper.java:2363}","{Method similarity() at server/src/main/java/org/elasticsearch/index/mapper/vectors/DenseVectorFieldMapper.java:2289}","-2353","-2279"
"9634fd6f610345b77fced6bac34c156996a987da","EXTRACT","{Method createExactKnnByteQuery(byte[]) at server/src/main/java/org/elasticsearch/index/mapper/vectors/DenseVectorFieldMapper.java:2372}","{Method similarity() at server/src/main/java/org/elasticsearch/index/mapper/vectors/DenseVectorFieldMapper.java:2289}","-2362","-2279"
"9634fd6f610345b77fced6bac34c156996a987da","EXTRACT_MOVE","{Method parseKnnVectorAndIndex(DocumentParserContext, DenseVectorFieldMapper) at server/src/main/java/org/elasticsearch/index/mapper/vectors/DenseVectorFieldMapper.java:725}","{Method similarity() at server/src/main/java/org/elasticsearch/index/mapper/vectors/DenseVectorFieldMapper.java:2289}","-715","-2279"
"9634fd6f610345b77fced6bac34c156996a987da","EXTRACT_MOVE","{Method getParameters() at server/src/main/java/org/elasticsearch/index/mapper/vectors/DenseVectorFieldMapper.java:407}","{Method similarity() at server/src/main/java/org/elasticsearch/index/mapper/vectors/DenseVectorFieldMapper.java:2289}","-397","-2279"
"9634fd6f610345b77fced6bac34c156996a987da","EXTRACT_MOVE","{Method parseKnnVector(DocumentParserContext, int, IntBooleanConsumer, VectorSimilarity) at server/src/main/java/org/elasticsearch/index/mapper/vectors/DenseVectorFieldMapper.java:538}","{Method similarity() at server/src/main/java/org/elasticsearch/index/mapper/vectors/DenseVectorFieldMapper.java:2289}","-528","-2279"
"9634fd6f610345b77fced6bac34c156996a987da","EXTRACT_MOVE","{Method build(MapperBuilderContext) at server/src/main/java/org/elasticsearch/index/mapper/vectors/DenseVectorFieldMapper.java:432}","{Method similarity() at server/src/main/java/org/elasticsearch/index/mapper/vectors/DenseVectorFieldMapper.java:2289}","-422","-2279"
"9634fd6f610345b77fced6bac34c156996a987da","EXTRACT_MOVE","{Method score(float, ElementType, int) at server/src/main/java/org/elasticsearch/index/mapper/vectors/DenseVectorFieldMapper.java:1122}","{Method similarity() at server/src/main/java/org/elasticsearch/index/mapper/vectors/DenseVectorFieldMapper.java:2289}","-1108","-2279"
"9634fd6f610345b77fced6bac34c156996a987da","EXTRACT_MOVE","{Method similarity(VectorSimilarity) at server/src/main/java/org/elasticsearch/index/mapper/vectors/DenseVectorFieldMapper.java:412}","{Method similarity() at server/src/main/java/org/elasticsearch/index/mapper/vectors/DenseVectorFieldMapper.java:2289}","-402","-2279"
"9634fd6f610345b77fced6bac34c156996a987da","EXTRACT","{Method createExactKnnFloatQuery(float[]) at server/src/main/java/org/elasticsearch/index/mapper/vectors/DenseVectorFieldMapper.java:2381}","{Method similarity() at server/src/main/java/org/elasticsearch/index/mapper/vectors/DenseVectorFieldMapper.java:2289}","-2371","-2279"
"9634fd6f610345b77fced6bac34c156996a987da","EXTRACT_MOVE","{Method parseVectorArray(DocumentParserContext, int, IntBooleanConsumer, VectorSimilarity) at server/src/main/java/org/elasticsearch/index/mapper/vectors/DenseVectorFieldMapper.java:1084}","{Method similarity() at server/src/main/java/org/elasticsearch/index/mapper/vectors/DenseVectorFieldMapper.java:2289}","-1074","-2279"
"9634fd6f610345b77fced6bac34c156996a987da","EXTRACT_MOVE","{Method checkVectorMagnitude(VectorSimilarity, UnaryOperator, float) at server/src/main/java/org/elasticsearch/index/mapper/vectors/DenseVectorFieldMapper.java:935}","{Method similarity() at server/src/main/java/org/elasticsearch/index/mapper/vectors/DenseVectorFieldMapper.java:2289}","-925","-2279"
"9634fd6f610345b77fced6bac34c156996a987da","EXTRACT","{Method createExactKnnQuery(VectorData, Float) at server/src/main/java/org/elasticsearch/index/mapper/vectors/DenseVectorFieldMapper.java:2342}","{Method similarity() at server/src/main/java/org/elasticsearch/index/mapper/vectors/DenseVectorFieldMapper.java:2289}","-2332","-2279"
"9634fd6f610345b77fced6bac34c156996a987da","EXTRACT","{Method new(String, IndexVersion, ElementType, Integer, boolean, VectorSimilarity, DenseVectorIndexOptions, Map, boolean) at server/src/main/java/org/elasticsearch/index/mapper/vectors/DenseVectorFieldMapper.java:2268}","{Method similarity() at server/src/main/java/org/elasticsearch/index/mapper/vectors/DenseVectorFieldMapper.java:2289}","-2258","-2279"
"9634fd6f610345b77fced6bac34c156996a987da","EXTRACT_MOVE","{Method checkVectorMagnitude(VectorSimilarity, UnaryOperator, float) at server/src/main/java/org/elasticsearch/index/mapper/vectors/DenseVectorFieldMapper.java:705}","{Method similarity() at server/src/main/java/org/elasticsearch/index/mapper/vectors/DenseVectorFieldMapper.java:2289}","-695","-2279"
"9634fd6f610345b77fced6bac34c156996a987da","EXTRACT","{Method createKnnBitQuery(byte[], int, int, Query, Float, BitSetProducer, KnnSearchStrategy, boolean) at server/src/main/java/org/elasticsearch/index/mapper/vectors/DenseVectorFieldMapper.java:2471}","{Method similarity() at server/src/main/java/org/elasticsearch/index/mapper/vectors/DenseVectorFieldMapper.java:2289}","-2461","-2279"
"9634fd6f610345b77fced6bac34c156996a987da","CHANGE_SIGNATURE","{Method getVectorsFormat(DenseVectorFieldMapper.DenseVectorIndexOptions) at x-pack/plugin/gpu/src/main/java/org/elasticsearch/xpack/gpu/GPUPlugin.java:93}","{Method getVectorsFormat(DenseVectorFieldMapper.DenseVectorIndexOptions, DenseVectorFieldMapper.VectorSimilarity) at x-pack/plugin/gpu/src/main/java/org/elasticsearch/xpack/gpu/GPUPlugin.java:93}","-87","-87"
"9634fd6f610345b77fced6bac34c156996a987da","EXTRACT_MOVE","{Method syntheticSourceSupport() at server/src/main/java/org/elasticsearch/index/mapper/vectors/DenseVectorFieldMapper.java:2936}","{Method similarity() at server/src/main/java/org/elasticsearch/index/mapper/vectors/DenseVectorFieldMapper.java:2289}","-2930","-2279"
"9634fd6f610345b77fced6bac34c156996a987da","EXTRACT_MOVE","{Method checkVectorMagnitude(VectorSimilarity, UnaryOperator, float) at server/src/main/java/org/elasticsearch/index/mapper/vectors/DenseVectorFieldMapper.java:560}","{Method similarity() at server/src/main/java/org/elasticsearch/index/mapper/vectors/DenseVectorFieldMapper.java:2289}","-550","-2279"
"9634fd6f610345b77fced6bac34c156996a987da","EXTRACT_MOVE","{Method syntheticVectorsLoader() at server/src/main/java/org/elasticsearch/index/mapper/vectors/DenseVectorFieldMapper.java:2924}","{Method similarity() at server/src/main/java/org/elasticsearch/index/mapper/vectors/DenseVectorFieldMapper.java:2289}","-2918","-2279"
"9634fd6f610345b77fced6bac34c156996a987da","EXTRACT_MOVE","{Method score(float, ElementType, int) at server/src/main/java/org/elasticsearch/index/mapper/vectors/DenseVectorFieldMapper.java:1136}","{Method similarity() at server/src/main/java/org/elasticsearch/index/mapper/vectors/DenseVectorFieldMapper.java:2289}","-1122","-2279"
"9634fd6f610345b77fced6bac34c156996a987da","EXTRACT_MOVE","{Method parseHexEncodedVector(DocumentParserContext, IntBooleanConsumer, VectorSimilarity) at server/src/main/java/org/elasticsearch/index/mapper/vectors/DenseVectorFieldMapper.java:792}","{Method similarity() at server/src/main/java/org/elasticsearch/index/mapper/vectors/DenseVectorFieldMapper.java:2289}","-782","-2279"
"9634fd6f610345b77fced6bac34c156996a987da","EXTRACT_MOVE","{Method parseKnnVectorAndIndex(DocumentParserContext, DenseVectorFieldMapper) at server/src/main/java/org/elasticsearch/index/mapper/vectors/DenseVectorFieldMapper.java:968}","{Method similarity() at server/src/main/java/org/elasticsearch/index/mapper/vectors/DenseVectorFieldMapper.java:2289}","-958","-2279"
"9634fd6f610345b77fced6bac34c156996a987da","EXTRACT_MOVE","{Method parseKnnVector(DocumentParserContext, int, IntBooleanConsumer, VectorSimilarity) at server/src/main/java/org/elasticsearch/index/mapper/vectors/DenseVectorFieldMapper.java:802}","{Method similarity() at server/src/main/java/org/elasticsearch/index/mapper/vectors/DenseVectorFieldMapper.java:2289}","-792","-2279"
"9634fd6f610345b77fced6bac34c156996a987da","EXTRACT_MOVE","{Method parseBinaryDocValuesVectorAndIndex(DocumentParserContext) at server/src/main/java/org/elasticsearch/index/mapper/vectors/DenseVectorFieldMapper.java:2786}","{Method similarity() at server/src/main/java/org/elasticsearch/index/mapper/vectors/DenseVectorFieldMapper.java:2289}","-2780","-2279"
"9634fd6f610345b77fced6bac34c156996a987da","EXTRACT_MOVE","{Method parseVectorArray(DocumentParserContext, int, IntBooleanConsumer, VectorSimilarity) at server/src/main/java/org/elasticsearch/index/mapper/vectors/DenseVectorFieldMapper.java:742}","{Method similarity() at server/src/main/java/org/elasticsearch/index/mapper/vectors/DenseVectorFieldMapper.java:2289}","-732","-2279"
"9634fd6f610345b77fced6bac34c156996a987da","EXTRACT_MOVE","{Method parseKnnVector(DocumentParserContext, int, IntBooleanConsumer, VectorSimilarity) at server/src/main/java/org/elasticsearch/index/mapper/vectors/DenseVectorFieldMapper.java:1001}","{Method similarity() at server/src/main/java/org/elasticsearch/index/mapper/vectors/DenseVectorFieldMapper.java:2289}","-991","-2279"
"9634fd6f610345b77fced6bac34c156996a987da","EXTRACT_MOVE","{Method new(String, IndexVersion, boolean, List) at server/src/main/java/org/elasticsearch/index/mapper/vectors/DenseVectorFieldMapper.java:257}","{Method similarity() at server/src/main/java/org/elasticsearch/index/mapper/vectors/DenseVectorFieldMapper.java:2289}","-247","-2279"
"9634fd6f610345b77fced6bac34c156996a987da","EXTRACT","{Method createKnnByteQuery(byte[], int, int, Query, Float, BitSetProducer, KnnSearchStrategy, boolean) at server/src/main/java/org/elasticsearch/index/mapper/vectors/DenseVectorFieldMapper.java:2516}","{Method similarity() at server/src/main/java/org/elasticsearch/index/mapper/vectors/DenseVectorFieldMapper.java:2289}","-2506","-2279"
"9634fd6f610345b77fced6bac34c156996a987da","EXTRACT_MOVE","{Method score(float, ElementType, int) at server/src/main/java/org/elasticsearch/index/mapper/vectors/DenseVectorFieldMapper.java:1153}","{Method similarity() at server/src/main/java/org/elasticsearch/index/mapper/vectors/DenseVectorFieldMapper.java:2289}","-1139","-2279"
"9634fd6f610345b77fced6bac34c156996a987da","EXTRACT","{Method createKnnFloatQuery(float[], int, int, Float, Float, Query, Float, BitSetProducer, KnnSearchStrategy, boolean) at server/src/main/java/org/elasticsearch/index/mapper/vectors/DenseVectorFieldMapper.java:2566}","{Method similarity() at server/src/main/java/org/elasticsearch/index/mapper/vectors/DenseVectorFieldMapper.java:2289}","-2556","-2279"
"e258b6f04627bb65b56fefbee086d85caa6ba07a"
"567304efabc107621d1c1ddf0376698a08b53508"
"7d4ea3f91a2a2613e37d8b014abb9d5cd2fa9ee2"
"fc7ae8e31dfd44b9a02f8fb7ff05d4caafca8726","MOVE","{Method isLinkLocalMulticast(InetAddress) at modules/ingest-common/src/main/java/org/elasticsearch/ingest/common/NetworkDirectionProcessor.java:203}","{Method isLinkLocalMulticast(InetAddress) at server/src/main/java/org/elasticsearch/common/network/NetworkDirectionUtils.java:95}","-197","-89"
"fc7ae8e31dfd44b9a02f8fb7ff05d4caafca8726","EXTRACT_MOVE","{Method getDirection(IngestDocument) at modules/ingest-common/src/main/java/org/elasticsearch/ingest/common/NetworkDirectionProcessor.java:119}","{Method sourceIpField() at x-pack/plugin/esql/src/main/java/org/elasticsearch/xpack/esql/expression/function/scalar/ip/NetworkDirection.java:192}","-113","-186"
"fc7ae8e31dfd44b9a02f8fb7ff05d4caafca8726","EXTRACT_MOVE","{Method new(String, String, String, String, String, List, String, boolean) at modules/ingest-common/src/main/java/org/elasticsearch/ingest/common/NetworkDirectionProcessor.java:61}","{Method sourceIpField() at x-pack/plugin/esql/src/main/java/org/elasticsearch/xpack/esql/expression/function/scalar/ip/NetworkDirection.java:192}","-55","-186"
"fc7ae8e31dfd44b9a02f8fb7ff05d4caafca8726","EXTRACT_MOVE","{Method getDestinationIpField() at modules/ingest-common/src/main/java/org/elasticsearch/ingest/common/NetworkDirectionProcessor.java:84}","{Method destinationIpField() at x-pack/plugin/esql/src/main/java/org/elasticsearch/xpack/esql/expression/function/scalar/ip/NetworkDirection.java:196}","-78","-190"
"fc7ae8e31dfd44b9a02f8fb7ff05d4caafca8726","MOVE","{Method isInternal(List, String) at modules/ingest-common/src/main/java/org/elasticsearch/ingest/common/NetworkDirectionProcessor.java:158}","{Method isInternal(List, String) at server/src/main/java/org/elasticsearch/common/network/NetworkDirectionUtils.java:38}","-152","-32"
"fc7ae8e31dfd44b9a02f8fb7ff05d4caafca8726","EXTRACT_MOVE","{Method create(Map, String, String, Map, ProjectId) at modules/ingest-common/src/main/java/org/elasticsearch/ingest/common/NetworkDirectionProcessor.java:250}","{Method internalNetworks() at x-pack/plugin/esql/src/main/java/org/elasticsearch/xpack/esql/expression/function/scalar/ip/NetworkDirection.java:200}","-240","-194"
"fc7ae8e31dfd44b9a02f8fb7ff05d4caafca8726","EXTRACT_MOVE","{Method testNetworkDirectionProcessor(Map, String[], String, boolean) at modules/ingest-common/src/test/java/org/elasticsearch/ingest/common/NetworkDirectionProcessorTests.java:170}","{Method internalNetworks() at x-pack/plugin/esql/src/main/java/org/elasticsearch/xpack/esql/expression/function/scalar/ip/NetworkDirection.java:200}","-164","-194"
"fc7ae8e31dfd44b9a02f8fb7ff05d4caafca8726","EXTRACT_MOVE","{Method getDirection(IngestDocument) at modules/ingest-common/src/main/java/org/elasticsearch/ingest/common/NetworkDirectionProcessor.java:119}","{Method getDirection(boolean, boolean) at server/src/main/java/org/elasticsearch/common/network/NetworkDirectionUtils.java:62}","-113","-56"
"fc7ae8e31dfd44b9a02f8fb7ff05d4caafca8726","EXTRACT_MOVE","{Method getSourceIpField() at modules/ingest-common/src/main/java/org/elasticsearch/ingest/common/NetworkDirectionProcessor.java:80}","{Method sourceIpField() at x-pack/plugin/esql/src/main/java/org/elasticsearch/xpack/esql/expression/function/scalar/ip/NetworkDirection.java:192}","-74","-186"
"fc7ae8e31dfd44b9a02f8fb7ff05d4caafca8726","MOVE","{Method inNetwork(String, String) at modules/ingest-common/src/main/java/org/elasticsearch/ingest/common/NetworkDirectionProcessor.java:167}","{Method inNetwork(InetAddress, String) at server/src/main/java/org/elasticsearch/common/network/NetworkDirectionUtils.java:47}","-161","-41"
"fc7ae8e31dfd44b9a02f8fb7ff05d4caafca8726","EXTRACT_MOVE","{Method testNetworkDirectionProcessor(Map, String[]) at modules/ingest-common/src/test/java/org/elasticsearch/ingest/common/NetworkDirectionProcessorTests.java:120}","{Method internalNetworks() at x-pack/plugin/esql/src/main/java/org/elasticsearch/xpack/esql/expression/function/scalar/ip/NetworkDirection.java:200}","-114","-194"
"fc7ae8e31dfd44b9a02f8fb7ff05d4caafca8726","EXTRACT_MOVE","{Method testNetworkDirectionProcessor(Map, String[], String) at modules/ingest-common/src/test/java/org/elasticsearch/ingest/common/NetworkDirectionProcessorTests.java:124}","{Method internalNetworks() at x-pack/plugin/esql/src/main/java/org/elasticsearch/xpack/esql/expression/function/scalar/ip/NetworkDirection.java:200}","-118","-194"
"fc7ae8e31dfd44b9a02f8fb7ff05d4caafca8726","MOVE","{Method isInterfaceLocalMulticast(InetAddress) at modules/ingest-common/src/main/java/org/elasticsearch/ingest/common/NetworkDirectionProcessor.java:199}","{Method isInterfaceLocalMulticast(InetAddress) at server/src/main/java/org/elasticsearch/common/network/NetworkDirectionUtils.java:91}","-193","-85"
"fc7ae8e31dfd44b9a02f8fb7ff05d4caafca8726","MOVE","{Method isLinkLocalUnicast(InetAddress) at modules/ingest-common/src/main/java/org/elasticsearch/ingest/common/NetworkDirectionProcessor.java:195}","{Method isLinkLocalUnicast(InetAddress) at server/src/main/java/org/elasticsearch/common/network/NetworkDirectionUtils.java:87}","-189","-81"
"fc7ae8e31dfd44b9a02f8fb7ff05d4caafca8726","EXTRACT_MOVE","{Method create(Map, String, String, Map, ProjectId) at modules/ingest-common/src/main/java/org/elasticsearch/ingest/common/NetworkDirectionProcessor.java:250}","{Method sourceIpField() at x-pack/plugin/esql/src/main/java/org/elasticsearch/xpack/esql/expression/function/scalar/ip/NetworkDirection.java:192}","-240","-186"
"fc7ae8e31dfd44b9a02f8fb7ff05d4caafca8726","MOVE","{Method isLocalOrPrivate(String) at modules/ingest-common/src/main/java/org/elasticsearch/ingest/common/NetworkDirectionProcessor.java:224}","{Method isLocalOrPrivate(String) at server/src/main/java/org/elasticsearch/common/network/NetworkDirectionUtils.java:116}","-218","-110"
"fc7ae8e31dfd44b9a02f8fb7ff05d4caafca8726","MOVE","{Method isLoopback(InetAddress) at modules/ingest-common/src/main/java/org/elasticsearch/ingest/common/NetworkDirectionProcessor.java:183}","{Method isLoopback(InetAddress) at server/src/main/java/org/elasticsearch/common/network/NetworkDirectionUtils.java:75}","-177","-69"
"fc7ae8e31dfd44b9a02f8fb7ff05d4caafca8726","MOVE","{Method isPublic(String) at modules/ingest-common/src/main/java/org/elasticsearch/ingest/common/NetworkDirectionProcessor.java:220}","{Method isPublic(String) at server/src/main/java/org/elasticsearch/common/network/NetworkDirectionUtils.java:112}","-214","-106"
"fc7ae8e31dfd44b9a02f8fb7ff05d4caafca8726","MOVE","{Method isPrivate(String) at modules/ingest-common/src/main/java/org/elasticsearch/ingest/common/NetworkDirectionProcessor.java:216}","{Method isPrivate(String) at server/src/main/java/org/elasticsearch/common/network/NetworkDirectionUtils.java:108}","-210","-102"
"fc7ae8e31dfd44b9a02f8fb7ff05d4caafca8726","EXTRACT_MOVE","{Method new(String, String, String, String, String, List, String, boolean) at modules/ingest-common/src/main/java/org/elasticsearch/ingest/common/NetworkDirectionProcessor.java:61}","{Method internalNetworks() at x-pack/plugin/esql/src/main/java/org/elasticsearch/xpack/esql/expression/function/scalar/ip/NetworkDirection.java:200}","-55","-194"
"fc7ae8e31dfd44b9a02f8fb7ff05d4caafca8726","EXTRACT_MOVE","{Method getDirection(IngestDocument) at modules/ingest-common/src/main/java/org/elasticsearch/ingest/common/NetworkDirectionProcessor.java:119}","{Method destinationIpField() at x-pack/plugin/esql/src/main/java/org/elasticsearch/xpack/esql/expression/function/scalar/ip/NetworkDirection.java:196}","-113","-190"
"fc7ae8e31dfd44b9a02f8fb7ff05d4caafca8726","MOVE","{Method isUnicast(InetAddress) at modules/ingest-common/src/main/java/org/elasticsearch/ingest/common/NetworkDirectionProcessor.java:187}","{Method isUnicast(InetAddress) at server/src/main/java/org/elasticsearch/common/network/NetworkDirectionUtils.java:79}","-181","-73"
"fc7ae8e31dfd44b9a02f8fb7ff05d4caafca8726","MOVE","{Method isMulticast(InetAddress) at modules/ingest-common/src/main/java/org/elasticsearch/ingest/common/NetworkDirectionProcessor.java:207}","{Method isMulticast(InetAddress) at server/src/main/java/org/elasticsearch/common/network/NetworkDirectionUtils.java:99}","-201","-93"
"fc7ae8e31dfd44b9a02f8fb7ff05d4caafca8726","EXTRACT_MOVE","{Method getInternalNetworks() at modules/ingest-common/src/main/java/org/elasticsearch/ingest/common/NetworkDirectionProcessor.java:92}","{Method internalNetworks() at x-pack/plugin/esql/src/main/java/org/elasticsearch/xpack/esql/expression/function/scalar/ip/NetworkDirection.java:200}","-86","-194"
"fc7ae8e31dfd44b9a02f8fb7ff05d4caafca8726","EXTRACT_MOVE","{Method getDirection(IngestDocument) at modules/ingest-common/src/main/java/org/elasticsearch/ingest/common/NetworkDirectionProcessor.java:119}","{Method internalNetworks() at x-pack/plugin/esql/src/main/java/org/elasticsearch/xpack/esql/expression/function/scalar/ip/NetworkDirection.java:200}","-113","-194"
"fc7ae8e31dfd44b9a02f8fb7ff05d4caafca8726","EXTRACT_MOVE","{Method new(String, String, String, String, String, List, String, boolean) at modules/ingest-common/src/main/java/org/elasticsearch/ingest/common/NetworkDirectionProcessor.java:61}","{Method destinationIpField() at x-pack/plugin/esql/src/main/java/org/elasticsearch/xpack/esql/expression/function/scalar/ip/NetworkDirection.java:196}","-55","-190"
"fc7ae8e31dfd44b9a02f8fb7ff05d4caafca8726","MOVE","{Method isUnspecified(InetAddress) at modules/ingest-common/src/main/java/org/elasticsearch/ingest/common/NetworkDirectionProcessor.java:211}","{Method isUnspecified(InetAddress) at server/src/main/java/org/elasticsearch/common/network/NetworkDirectionUtils.java:103}","-205","-97"
"2d7d514b8652d7221739888b3afb24ad7c048dfd","CHANGE_SIGNATURE","{Method new(String, ReservedStateChunk, ReservedStateVersionCheck, Map, Collection, Consumer, ActionListener) at server/src/main/java/org/elasticsearch/reservedstate/service/ReservedStateUpdateTask.java:56}","{Method new(String, ReservedStateChunk, ReservedStateVersionCheck, Map, SequencedCollection, Consumer, ActionListener) at server/src/main/java/org/elasticsearch/reservedstate/service/ReservedStateUpdateTask.java:66}","-50","-60"
"2d7d514b8652d7221739888b3afb24ad7c048dfd","CHANGE_SIGNATURE","{Method new(String, ReservedStateChunk, ReservedStateVersionCheck, Map, Collection, Consumer, ActionListener) at server/src/main/java/org/elasticsearch/reservedstate/service/ReservedClusterStateUpdateTask.java:27}","{Method new(String, ReservedStateChunk, ReservedStateVersionCheck, Map, SequencedCollection, Consumer, ActionListener) at server/src/main/java/org/elasticsearch/reservedstate/service/ReservedClusterStateUpdateTask.java:27}","-21","-21"
"2d7d514b8652d7221739888b3afb24ad7c048dfd","MOVE","{Method addStateHandler(Map, String, Set, SequencedSet, SequencedSet) at server/src/main/java/org/elasticsearch/reservedstate/service/ReservedClusterStateService.java:766}","{Method addStateHandler(Map, String, Collection, SequencedSet, SequencedSet) at server/src/main/java/org/elasticsearch/reservedstate/service/ReservedStateUpdateTask.java:281}","-760","-275"
"2d7d514b8652d7221739888b3afb24ad7c048dfd","CHANGE_SIGNATURE","{Method trialRun(ProjectId, String, ClusterState, ReservedStateChunk, SequencedSet) at server/src/main/java/org/elasticsearch/reservedstate/service/ReservedClusterStateService.java:641}","{Method trialRun(ProjectId, String, ClusterState, ReservedStateChunk, SequencedCollection) at server/src/main/java/org/elasticsearch/reservedstate/service/ReservedClusterStateService.java:643}","-635","-637"
"2d7d514b8652d7221739888b3afb24ad7c048dfd","CHANGE_SIGNATURE","{Method trialRun(ReservedStateMetadata, ClusterState, ReservedStateChunk, Map, SequencedSet) at server/src/main/java/org/elasticsearch/reservedstate/service/ReservedClusterStateService.java:689}","{Method trialRun(ReservedStateMetadata, ClusterState, ReservedStateChunk, Map, SequencedCollection) at server/src/main/java/org/elasticsearch/reservedstate/service/ReservedClusterStateService.java:691}","-683","-685"
"2d7d514b8652d7221739888b3afb24ad7c048dfd","CHANGE_SIGNATURE","{Method trialRun(String, ClusterState, ReservedStateChunk, SequencedSet) at server/src/main/java/org/elasticsearch/reservedstate/service/ReservedClusterStateService.java:617}","{Method trialRun(String, ClusterState, ReservedStateChunk, SequencedCollection) at server/src/main/java/org/elasticsearch/reservedstate/service/ReservedClusterStateService.java:619}","-611","-613"
"2d7d514b8652d7221739888b3afb24ad7c048dfd","CHANGE_SIGNATURE","{Method trialRun(ProjectId, ReservedStateMetadata, ClusterState, ReservedStateChunk, Map, SequencedSet) at server/src/main/java/org/elasticsearch/reservedstate/service/ReservedClusterStateService.java:658}","{Method trialRun(ProjectId, ReservedStateMetadata, ClusterState, ReservedStateChunk, Map, SequencedCollection) at server/src/main/java/org/elasticsearch/reservedstate/service/ReservedClusterStateService.java:660}","-652","-654"
"2d7d514b8652d7221739888b3afb24ad7c048dfd","CHANGE_SIGNATURE","{Method new(ProjectId, String, ReservedStateChunk, ReservedStateVersionCheck, Map, Collection, Consumer, ActionListener) at server/src/main/java/org/elasticsearch/reservedstate/service/ReservedProjectStateUpdateTask.java:30}","{Method new(ProjectId, String, ReservedStateChunk, ReservedStateVersionCheck, Map, SequencedCollection, Consumer, ActionListener) at server/src/main/java/org/elasticsearch/reservedstate/service/ReservedProjectStateUpdateTask.java:30}","-24","-24"
"8668064a8fcc86122d9cc6197bbaa8c648490e5b"
"9c422bbe11a47c5df75478618d0bfda45ac32826","EXTRACT","{Method testResults_toXContentChunked() at x-pack/plugin/core/src/test/java/org/elasticsearch/xpack/core/inference/results/StreamingUnifiedChatCompletionResultsTests.java:36}","{Method testResults_toXContentChunkedWithCachedTokens(boolean) at x-pack/plugin/core/src/test/java/org/elasticsearch/xpack/core/inference/results/StreamingUnifiedChatCompletionResultsTests.java:44}","-30","-38"
"af370264b5a3104c977fa2d9b7beb5184316748e"
"6235ffa5fda148c37fe358b4cbf880b878e69942"
"663773218c09f72e9a62f4915e3ff0f58987fe54"
"2fd9d33327d464b2d673aad6c8b4fc92f624b56e"
"75e6e8a9d3b9a666daf303dd936e0fe2ddc8e2b9"
"1b1791c70484b0fbe6037eaf2f75b343b2af3d45"
"e2eb70925c7ad0d218ae375550bcfe9ff7053189"
"1d2177804cf84225d83a368ad27c0157d2ea1bcd","EXTRACT_MOVE","{Method doCreateTestQueryBuilder(boolean) at x-pack/plugin/spatial/src/test/java/org/elasticsearch/xpack/spatial/index/query/ShapeQueryBuilderTests.java:80}","{Method ignoreUnmapped() at server/src/main/java/org/elasticsearch/index/query/AbstractGeometryQueryBuilder.java:291}","-74","-285"
"1d2177804cf84225d83a368ad27c0157d2ea1bcd","EXTRACT_MOVE","{Method testIgnoreUnmapped() at x-pack/plugin/spatial/src/test/java/org/elasticsearch/xpack/spatial/index/query/ShapeQueryBuilderTests.java:202}","{Method ignoreUnmapped() at server/src/main/java/org/elasticsearch/index/query/AbstractGeometryQueryBuilder.java:291}","-196","-285"
"1d2177804cf84225d83a368ad27c0157d2ea1bcd","EXTRACT","{Method doToQuery(SearchExecutionContext) at server/src/main/java/org/elasticsearch/index/query/AbstractGeometryQueryBuilder.java:303}","{Method ignoreUnmapped() at server/src/main/java/org/elasticsearch/index/query/AbstractGeometryQueryBuilder.java:291}","-297","-285"
"1d2177804cf84225d83a368ad27c0157d2ea1bcd","EXTRACT","{Method parsedParamsFromXContent(XContentParser, ParsedGeometryQueryParams) at server/src/main/java/org/elasticsearch/index/query/AbstractGeometryQueryBuilder.java:475}","{Method ignoreUnmapped() at server/src/main/java/org/elasticsearch/index/query/AbstractGeometryQueryBuilder.java:291}","-469","-285"
"1d2177804cf84225d83a368ad27c0157d2ea1bcd","EXTRACT","{Method doHashCode() at server/src/main/java/org/elasticsearch/index/query/AbstractGeometryQueryBuilder.java:423}","{Method ignoreUnmapped() at server/src/main/java/org/elasticsearch/index/query/AbstractGeometryQueryBuilder.java:291}","-417","-285"
"1d2177804cf84225d83a368ad27c0157d2ea1bcd","EXTRACT","{Method doEquals(AbstractGeometryQueryBuilder) at server/src/main/java/org/elasticsearch/index/query/AbstractGeometryQueryBuilder.java:409}","{Method ignoreUnmapped() at server/src/main/java/org/elasticsearch/index/query/AbstractGeometryQueryBuilder.java:291}","-403","-285"
"1d2177804cf84225d83a368ad27c0157d2ea1bcd","EXTRACT","{Method doWriteTo(StreamOutput) at server/src/main/java/org/elasticsearch/index/query/AbstractGeometryQueryBuilder.java:162}","{Method ignoreUnmapped() at server/src/main/java/org/elasticsearch/index/query/AbstractGeometryQueryBuilder.java:291}","-156","-285"
"1d2177804cf84225d83a368ad27c0157d2ea1bcd","EXTRACT","{Method doXContent(XContentBuilder, Params) at server/src/main/java/org/elasticsearch/index/query/AbstractGeometryQueryBuilder.java:373}","{Method ignoreUnmapped() at server/src/main/java/org/elasticsearch/index/query/AbstractGeometryQueryBuilder.java:291}","-367","-285"
"1d2177804cf84225d83a368ad27c0157d2ea1bcd","EXTRACT","{Method ignoreUnmapped(boolean) at server/src/main/java/org/elasticsearch/index/query/AbstractGeometryQueryBuilder.java:282}","{Method ignoreUnmapped() at server/src/main/java/org/elasticsearch/index/query/AbstractGeometryQueryBuilder.java:291}","-276","-285"
"1d2177804cf84225d83a368ad27c0157d2ea1bcd","EXTRACT","{Method new(StreamInput) at server/src/main/java/org/elasticsearch/index/query/AbstractGeometryQueryBuilder.java:144}","{Method ignoreUnmapped() at server/src/main/java/org/elasticsearch/index/query/AbstractGeometryQueryBuilder.java:291}","-138","-285"
"1d2177804cf84225d83a368ad27c0157d2ea1bcd","EXTRACT_MOVE","{Method testIgnoreUnmapped() at test/framework/src/main/java/org/elasticsearch/search/geo/GeoShapeQueryBuilderTestCase.java:190}","{Method ignoreUnmapped() at server/src/main/java/org/elasticsearch/index/query/AbstractGeometryQueryBuilder.java:291}","-184","-285"
"af6d157d009bc1b331257ddbd182adef6f4aa560"
"17c9dc454cc27685d243f3336c58ede9aa42c929"
"01380e82e386f258177a55295a0c16b380ebec07"
"f54987f9690c7a2c8e40cc0c59c6aa4576dc9b96"
"830af20dd868abac6d396841d648876515f8b4d1"
"3542bceaa791314dcc0d6751e0c6200b459c0df7","MOVE","{Method randomClusterSettings() at test/framework/src/main/java/org/elasticsearch/http/AbstractHttpServerTransportTestCase.java:17}","{Method randomClusterSettings() at modules/transport-netty4/src/test/java/org/elasticsearch/http/netty4/Netty4TestUtils.java:23}","-11","-17"
"1815c9dda3c2efad1d4cd81eb0ae80717dbd1cd7"
"fd70808de0425fc40064be374748c8648e297926"
"af7b97da736400f2a93189b6d6be4fa9ed94a5fc","RENAME","{Method testRecordWithModel() at server/src/test/java/org/elasticsearch/inference/telemetry/InferenceStatsTests.java:44}","{Method testRecordWithService() at server/src/test/java/org/elasticsearch/inference/telemetry/InferenceStatsTests.java:44}","-38","-38"
"af7b97da736400f2a93189b6d6be4fa9ed94a5fc","RENAME","{Method modelAttributes(UnparsedModel) at server/src/main/java/org/elasticsearch/inference/telemetry/InferenceStats.java:64}","{Method serviceAttributes(UnparsedModel) at server/src/main/java/org/elasticsearch/inference/telemetry/InferenceStats.java:56}","-58","-50"
"af7b97da736400f2a93189b6d6be4fa9ed94a5fc","RENAME","{Method modelAndResponseAttributes(Model, Throwable) at server/src/main/java/org/elasticsearch/inference/telemetry/InferenceStats.java:80}","{Method serviceAndResponseAttributes(Model, Throwable) at server/src/main/java/org/elasticsearch/inference/telemetry/InferenceStats.java:72}","-74","-66"
"f7d44220b5416d111cc097bbb58614285ea90734","CHANGE_SIGNATURE","{Method innerEquals(Object) at x-pack/plugin/esql-core/src/main/java/org/elasticsearch/xpack/esql/core/expression/UnresolvedAttribute.java:181}","{Method innerEquals(Object, boolean) at x-pack/plugin/esql-core/src/main/java/org/elasticsearch/xpack/esql/core/expression/UnresolvedAttribute.java:187}","-175","-181"
"f7d44220b5416d111cc097bbb58614285ea90734","MOVE","{Class UnresolvedAttributeTests at x-pack/plugin/esql-core/src/test/java/org/elasticsearch/xpack/esql/core/expression/UnresolvedAttributeTests.java:17}","{Class UnresolvedAttributeTests at x-pack/plugin/esql/src/test/java/org/elasticsearch/xpack/esql/expression/UnresolvedAttributeTests.java:18}","-15","-16"
"f7d44220b5416d111cc097bbb58614285ea90734","CHANGE_SIGNATURE","{Method innerEquals(Object) at x-pack/plugin/esql-core/src/main/java/org/elasticsearch/xpack/esql/core/expression/EmptyAttribute.java:86}","{Method innerEquals(Object, boolean) at x-pack/plugin/esql-core/src/main/java/org/elasticsearch/xpack/esql/core/expression/EmptyAttribute.java:86}","-80","-80"
"f7d44220b5416d111cc097bbb58614285ea90734","EXTRACT","{Method initConfig() at x-pack/plugin/esql/src/test/java/org/elasticsearch/xpack/esql/type/MultiTypeEsFieldTests.java:63}","{Method config() at x-pack/plugin/esql/src/test/java/org/elasticsearch/xpack/esql/type/MultiTypeEsFieldTests.java:56}","-57","-50"
"f7d44220b5416d111cc097bbb58614285ea90734","CHANGE_SIGNATURE","{Method innerEquals(Object) at x-pack/plugin/esql/src/main/java/org/elasticsearch/xpack/esql/expression/function/UnsupportedAttribute.java:186}","{Method innerEquals(Object, boolean) at x-pack/plugin/esql/src/main/java/org/elasticsearch/xpack/esql/expression/function/UnsupportedAttribute.java:185}","-180","-179"
"f7d44220b5416d111cc097bbb58614285ea90734","CHANGE_SIGNATURE","{Method innerEquals(Object) at x-pack/plugin/esql/src/main/java/org/elasticsearch/xpack/esql/expression/UnresolvedNamePattern.java:106}","{Method innerEquals(Object, boolean) at x-pack/plugin/esql/src/main/java/org/elasticsearch/xpack/esql/expression/UnresolvedNamePattern.java:105}","-100","-99"
"f7d44220b5416d111cc097bbb58614285ea90734","RENAME","{Method mutate(UnsupportedEsField) at x-pack/plugin/esql/src/test/java/org/elasticsearch/xpack/esql/type/UnsupportedEsFieldTests.java:34}","{Method mutateInstance(UnsupportedEsField) at x-pack/plugin/esql/src/test/java/org/elasticsearch/xpack/esql/type/UnsupportedEsFieldTests.java:34}","-28","-28"
"f7d44220b5416d111cc097bbb58614285ea90734","CHANGE_SIGNATURE","{Method copyInstance(EsField, TransportVersion) at x-pack/plugin/esql/src/test/java/org/elasticsearch/xpack/esql/type/AbstractEsFieldTypeTests.java:44}","{Method copyInstance(T, TransportVersion) at x-pack/plugin/esql/src/test/java/org/elasticsearch/xpack/esql/type/AbstractEsFieldTypeTests.java:44}","-38","-38"
"f7d44220b5416d111cc097bbb58614285ea90734","EXTRACT_MOVE","{Method testLookupJoinPushDownDisabledForLookupField() at x-pack/plugin/esql/src/test/java/org/elasticsearch/xpack/esql/optimizer/LogicalPlanOptimizerTests.java:7218}","{Method config() at x-pack/plugin/esql/src/test/java/org/elasticsearch/xpack/esql/type/MultiTypeEsFieldTests.java:56}","-7212","-50"
"f7d44220b5416d111cc097bbb58614285ea90734","CHANGE_SIGNATURE","{Method innerEquals(Object) at x-pack/plugin/esql-core/src/main/java/org/elasticsearch/xpack/esql/core/expression/FieldAttribute.java:239}","{Method innerEquals(Object, boolean) at x-pack/plugin/esql-core/src/main/java/org/elasticsearch/xpack/esql/core/expression/FieldAttribute.java:238}","-233","-232"
"f7d44220b5416d111cc097bbb58614285ea90734","EXTRACT_MOVE","{Method initConfig() at x-pack/plugin/esql/src/test/java/org/elasticsearch/xpack/esql/plan/AbstractNodeSerializationTests.java:94}","{Method config() at x-pack/plugin/esql/src/test/java/org/elasticsearch/xpack/esql/type/MultiTypeEsFieldTests.java:56}","-88","-50"
"f7d44220b5416d111cc097bbb58614285ea90734","EXTRACT_MOVE","{Method testLookupJoinExpressionSwapped() at x-pack/plugin/esql/src/test/java/org/elasticsearch/xpack/esql/optimizer/LogicalPlanOptimizerTests.java:9189}","{Method config() at x-pack/plugin/esql/src/test/java/org/elasticsearch/xpack/esql/type/MultiTypeEsFieldTests.java:56}","-9183","-50"
"f7d44220b5416d111cc097bbb58614285ea90734","CHANGE_SIGNATURE","{Method innerEquals(Object) at x-pack/plugin/esql-core/src/main/java/org/elasticsearch/xpack/esql/core/expression/NamedExpression.java:81}","{Method innerEquals(Object, boolean) at x-pack/plugin/esql-core/src/main/java/org/elasticsearch/xpack/esql/core/expression/NamedExpression.java:103}","-75","-97"
"f7d44220b5416d111cc097bbb58614285ea90734","EXTRACT_MOVE","{Method testValidJoinPatternFieldJoin() at x-pack/plugin/esql/src/test/java/org/elasticsearch/xpack/esql/parser/StatementParserTests.java:3225}","{Method config() at x-pack/plugin/esql/src/test/java/org/elasticsearch/xpack/esql/type/MultiTypeEsFieldTests.java:56}","-3219","-50"
"f7d44220b5416d111cc097bbb58614285ea90734","CHANGE_SIGNATURE","{Method innerEquals(Object) at x-pack/plugin/esql-core/src/main/java/org/elasticsearch/xpack/esql/core/expression/TypedAttribute.java:54}","{Method innerEquals(Object, boolean) at x-pack/plugin/esql-core/src/main/java/org/elasticsearch/xpack/esql/core/expression/TypedAttribute.java:57}","-48","-51"
"f7d44220b5416d111cc097bbb58614285ea90734","EXTRACT_MOVE","{Method testDoubleInlineStatsWithEvalGetsPrunedEntirely() at x-pack/plugin/esql/src/test/java/org/elasticsearch/xpack/esql/optimizer/LogicalPlanOptimizerTests.java:5939}","{Method config() at x-pack/plugin/esql/src/test/java/org/elasticsearch/xpack/esql/type/MultiTypeEsFieldTests.java:56}","-5933","-50"
"f7d44220b5416d111cc097bbb58614285ea90734","RENAME","{Method create() at x-pack/plugin/esql/src/test/java/org/elasticsearch/xpack/esql/expression/function/FieldAttributeTests.java:37}","{Method createTestInstance() at x-pack/plugin/esql/src/test/java/org/elasticsearch/xpack/esql/expression/function/FieldAttributeTests.java:38}","-31","-32"
"f7d44220b5416d111cc097bbb58614285ea90734","EXTRACT_MOVE","{Method isConfigationSet(Config, String) at x-pack/plugin/esql/qa/testFixtures/src/main/java/org/elasticsearch/xpack/esql/EsqlTestUtils.java:377}","{Method config() at x-pack/plugin/esql/src/test/java/org/elasticsearch/xpack/esql/type/MultiTypeEsFieldTests.java:56}","-367","-50"
"f7d44220b5416d111cc097bbb58614285ea90734","RENAME","{Method create() at x-pack/plugin/esql/src/test/java/org/elasticsearch/xpack/esql/expression/function/MetadataAttributeTests.java:17}","{Method createTestInstance() at x-pack/plugin/esql/src/test/java/org/elasticsearch/xpack/esql/expression/function/MetadataAttributeTests.java:18}","-11","-12"
"f7d44220b5416d111cc097bbb58614285ea90734","CHANGE_SIGNATURE","{Method innerEquals(Object) at x-pack/plugin/esql-core/src/main/java/org/elasticsearch/xpack/esql/core/expression/MetadataAttribute.java:178}","{Method innerEquals(Object, boolean) at x-pack/plugin/esql-core/src/main/java/org/elasticsearch/xpack/esql/core/expression/MetadataAttribute.java:177}","-172","-171"
"f7d44220b5416d111cc097bbb58614285ea90734","EXTRACT","{Method copyInstance(EsField, TransportVersion) at x-pack/plugin/esql/src/test/java/org/elasticsearch/xpack/esql/type/AbstractEsFieldTypeTests.java:44}","{Method config() at x-pack/plugin/esql/src/test/java/org/elasticsearch/xpack/esql/type/AbstractEsFieldTypeTests.java:60}","-38","-54"
"f7d44220b5416d111cc097bbb58614285ea90734","RENAME","{Method create() at x-pack/plugin/esql/src/test/java/org/elasticsearch/xpack/esql/expression/function/UnsupportedAttributeTests.java:16}","{Method createTestInstance() at x-pack/plugin/esql/src/test/java/org/elasticsearch/xpack/esql/expression/function/UnsupportedAttributeTests.java:17}","-10","-11"
"f7d44220b5416d111cc097bbb58614285ea90734","EXTRACT_MOVE","{Method testLookupJoinPushDownDisabledForDisjunctionBetweenLeftAndRightField() at x-pack/plugin/esql/src/test/java/org/elasticsearch/xpack/esql/optimizer/LogicalPlanOptimizerTests.java:7317}","{Method config() at x-pack/plugin/esql/src/test/java/org/elasticsearch/xpack/esql/type/MultiTypeEsFieldTests.java:56}","-7311","-50"
"f7d44220b5416d111cc097bbb58614285ea90734","RENAME","{Method create() at x-pack/plugin/esql/src/test/java/org/elasticsearch/xpack/esql/expression/function/ReferenceAttributeTests.java:29}","{Method createTestInstance() at x-pack/plugin/esql/src/test/java/org/elasticsearch/xpack/esql/expression/function/ReferenceAttributeTests.java:30}","-23","-24"
"f7d44220b5416d111cc097bbb58614285ea90734","RENAME","{Method mutate(KeywordEsField) at x-pack/plugin/esql/src/test/java/org/elasticsearch/xpack/esql/type/KeywordEsFieldTests.java:33}","{Method mutateInstance(KeywordEsField) at x-pack/plugin/esql/src/test/java/org/elasticsearch/xpack/esql/type/KeywordEsFieldTests.java:33}","-27","-27"
"f7d44220b5416d111cc097bbb58614285ea90734","EXTRACT_MOVE","{Method testInlineStatsWithLookupJoin() at x-pack/plugin/esql/src/test/java/org/elasticsearch/xpack/esql/optimizer/LogicalPlanOptimizerTests.java:6332}","{Method config() at x-pack/plugin/esql/src/test/java/org/elasticsearch/xpack/esql/type/MultiTypeEsFieldTests.java:56}","-6326","-50"
"f7d44220b5416d111cc097bbb58614285ea90734","RENAME","{Method mutate(MetadataAttribute) at x-pack/plugin/esql/src/test/java/org/elasticsearch/xpack/esql/expression/function/MetadataAttributeTests.java:32}","{Method mutateInstance(MetadataAttribute) at x-pack/plugin/esql/src/test/java/org/elasticsearch/xpack/esql/expression/function/MetadataAttributeTests.java:33}","-26","-27"
"f7d44220b5416d111cc097bbb58614285ea90734","RENAME","{Method mutate(InvalidMappedField) at x-pack/plugin/esql/src/test/java/org/elasticsearch/xpack/esql/type/InvalidMappedFieldTests.java:28}","{Method mutateInstance(InvalidMappedField) at x-pack/plugin/esql/src/test/java/org/elasticsearch/xpack/esql/type/InvalidMappedFieldTests.java:28}","-22","-22"
"f7d44220b5416d111cc097bbb58614285ea90734","EXTRACT_MOVE","{Method testTripleInlineStatsGetsPrunedPartially() at x-pack/plugin/esql/src/test/java/org/elasticsearch/xpack/esql/optimizer/LogicalPlanOptimizerTests.java:6041}","{Method config() at x-pack/plugin/esql/src/test/java/org/elasticsearch/xpack/esql/type/MultiTypeEsFieldTests.java:56}","-6035","-50"
"f7d44220b5416d111cc097bbb58614285ea90734","RENAME","{Method mutate(UnsupportedAttribute) at x-pack/plugin/esql/src/test/java/org/elasticsearch/xpack/esql/expression/function/UnsupportedAttributeTests.java:30}","{Method mutateInstance(UnsupportedAttribute) at x-pack/plugin/esql/src/test/java/org/elasticsearch/xpack/esql/expression/function/UnsupportedAttributeTests.java:31}","-24","-25"
"f7d44220b5416d111cc097bbb58614285ea90734","RENAME","{Method mutate(FieldAttribute) at x-pack/plugin/esql/src/test/java/org/elasticsearch/xpack/esql/expression/function/FieldAttributeTests.java:42}","{Method mutateInstance(FieldAttribute) at x-pack/plugin/esql/src/test/java/org/elasticsearch/xpack/esql/expression/function/FieldAttributeTests.java:43}","-36","-37"
"f7d44220b5416d111cc097bbb58614285ea90734","EXTRACT_MOVE","{Method resolveLookupJoin(LookupJoin) at x-pack/plugin/esql/src/main/java/org/elasticsearch/xpack/esql/analysis/Analyzer.java:773}","{Method config() at x-pack/plugin/esql/src/test/java/org/elasticsearch/xpack/esql/type/MultiTypeEsFieldTests.java:56}","-763","-50"
"f7d44220b5416d111cc097bbb58614285ea90734","EXTRACT_MOVE","{Method serializeDeserialize(T, Serializer, Deserializer, Configuration) at x-pack/plugin/esql/src/test/java/org/elasticsearch/xpack/esql/SerializationTestUtils.java:82}","{Method config() at x-pack/plugin/esql/src/test/java/org/elasticsearch/xpack/esql/type/MultiTypeEsFieldTests.java:56}","-76","-50"
"f7d44220b5416d111cc097bbb58614285ea90734","EXTRACT_MOVE","{Method testLookupStats() at x-pack/plugin/esql/src/test/java/org/elasticsearch/xpack/esql/optimizer/LogicalPlanOptimizerTests.java:7037}","{Method config() at x-pack/plugin/esql/src/test/java/org/elasticsearch/xpack/esql/type/MultiTypeEsFieldTests.java:56}","-7031","-50"
"f7d44220b5416d111cc097bbb58614285ea90734","EXTRACT","{Method apply(long) at x-pack/plugin/esql/src/main/java/org/elasticsearch/xpack/esql/io/stream/PlanStreamInput.java:57}","{Method seen() at x-pack/plugin/esql/src/main/java/org/elasticsearch/xpack/esql/io/stream/PlanStreamInput.java:62}","-47","-52"
"f7d44220b5416d111cc097bbb58614285ea90734","RENAME","{Method mutate(EsField) at x-pack/plugin/esql/src/test/java/org/elasticsearch/xpack/esql/type/EsFieldTests.java:31}","{Method mutateInstance(EsField) at x-pack/plugin/esql/src/test/java/org/elasticsearch/xpack/esql/type/EsFieldTests.java:31}","-25","-25"
"f7d44220b5416d111cc097bbb58614285ea90734","EXTRACT_MOVE","{Method testDoubleParamsForIdentifier() at x-pack/plugin/esql/src/test/java/org/elasticsearch/xpack/esql/parser/StatementParserTests.java:4374}","{Method config() at x-pack/plugin/esql/src/test/java/org/elasticsearch/xpack/esql/type/MultiTypeEsFieldTests.java:56}","-4368","-50"
"f7d44220b5416d111cc097bbb58614285ea90734","EXTRACT_MOVE","{Method testLookupJoinExpressionSameAttrsDifferentConditions() at x-pack/plugin/esql/src/test/java/org/elasticsearch/xpack/esql/optimizer/LogicalPlanOptimizerTests.java:9226}","{Method config() at x-pack/plugin/esql/src/test/java/org/elasticsearch/xpack/esql/type/MultiTypeEsFieldTests.java:56}","-9220","-50"
"f7d44220b5416d111cc097bbb58614285ea90734","EXTRACT_MOVE","{Method testMixedSingleDoubleParams() at x-pack/plugin/esql/src/test/java/org/elasticsearch/xpack/esql/parser/StatementParserTests.java:4878}","{Method config() at x-pack/plugin/esql/src/test/java/org/elasticsearch/xpack/esql/type/MultiTypeEsFieldTests.java:56}","-4872","-50"
"f7d44220b5416d111cc097bbb58614285ea90734","EXTRACT_MOVE","{Method new(String, Configuration) at x-pack/plugin/esql/src/test/java/org/elasticsearch/xpack/esql/optimizer/IgnoreNullMetricsPhysicalPlannerTests.java:26}","{Method config() at x-pack/plugin/esql/src/test/java/org/elasticsearch/xpack/esql/type/MultiTypeEsFieldTests.java:56}","-20","-50"
"f7d44220b5416d111cc097bbb58614285ea90734","EXTRACT_MOVE","{Method testInlineStatsGetsPrunedPartially() at x-pack/plugin/esql/src/test/java/org/elasticsearch/xpack/esql/optimizer/LogicalPlanOptimizerTests.java:6014}","{Method config() at x-pack/plugin/esql/src/test/java/org/elasticsearch/xpack/esql/type/MultiTypeEsFieldTests.java:56}","-6008","-50"
"f7d44220b5416d111cc097bbb58614285ea90734","EXTRACT","{Method equals(Object) at x-pack/plugin/esql-core/src/main/java/org/elasticsearch/xpack/esql/core/expression/NamedExpression.java:70}","{Method equals(Object, boolean) at x-pack/plugin/esql-core/src/main/java/org/elasticsearch/xpack/esql/core/expression/NamedExpression.java:90}","-64","-84"
"f7d44220b5416d111cc097bbb58614285ea90734","EXTRACT_MOVE","{Method testLookupJoinPushDownFilterOnLeftSideField() at x-pack/plugin/esql/src/test/java/org/elasticsearch/xpack/esql/optimizer/LogicalPlanOptimizerTests.java:7174}","{Method config() at x-pack/plugin/esql/src/test/java/org/elasticsearch/xpack/esql/type/MultiTypeEsFieldTests.java:56}","-7168","-50"
"f7d44220b5416d111cc097bbb58614285ea90734","EXTRACT_MOVE","{Method testValidJoinPatternExpressionJoin() at x-pack/plugin/esql/src/test/java/org/elasticsearch/xpack/esql/parser/StatementParserTests.java:3268}","{Method config() at x-pack/plugin/esql/src/test/java/org/elasticsearch/xpack/esql/type/MultiTypeEsFieldTests.java:56}","-3262","-50"
"f7d44220b5416d111cc097bbb58614285ea90734","RENAME","{Method mutate(TextEsField) at x-pack/plugin/esql/src/test/java/org/elasticsearch/xpack/esql/type/TextEsFieldTests.java:30}","{Method mutateInstance(TextEsField) at x-pack/plugin/esql/src/test/java/org/elasticsearch/xpack/esql/type/TextEsFieldTests.java:30}","-24","-24"
"f7d44220b5416d111cc097bbb58614285ea90734","EXTRACT_MOVE","{Method configuration() at x-pack/plugin/esql/src/test/java/org/elasticsearch/xpack/esql/plan/AbstractNodeSerializationTests.java:80}","{Method config() at x-pack/plugin/esql/src/test/java/org/elasticsearch/xpack/esql/type/MultiTypeEsFieldTests.java:56}","-74","-50"
"f7d44220b5416d111cc097bbb58614285ea90734","RENAME","{Method mutate(ReferenceAttribute) at x-pack/plugin/esql/src/test/java/org/elasticsearch/xpack/esql/expression/function/ReferenceAttributeTests.java:34}","{Method mutateInstance(ReferenceAttribute) at x-pack/plugin/esql/src/test/java/org/elasticsearch/xpack/esql/expression/function/ReferenceAttributeTests.java:35}","-28","-29"
"f7d44220b5416d111cc097bbb58614285ea90734","EXTRACT_MOVE","{Method equals(Object) at x-pack/plugin/esql-core/src/main/java/org/elasticsearch/xpack/esql/core/expression/NamedExpression.java:70}","{Method equals(Object) at x-pack/plugin/esql-core/src/main/java/org/elasticsearch/xpack/esql/core/expression/Attribute.java:51}","-64","-41"
"f7d44220b5416d111cc097bbb58614285ea90734","CHANGE_SIGNATURE","{Method innerEquals(Object) at x-pack/plugin/esql-core/src/main/java/org/elasticsearch/xpack/esql/core/expression/Attribute.java:169}","{Method innerEquals(Object, boolean) at x-pack/plugin/esql-core/src/main/java/org/elasticsearch/xpack/esql/core/expression/Attribute.java:207}","-163","-201"
"f7d44220b5416d111cc097bbb58614285ea90734","CHANGE_SIGNATURE","{Method innerEquals(Object) at x-pack/plugin/esql-core/src/main/java/org/elasticsearch/xpack/esql/core/expression/UnresolvedStar.java:65}","{Method innerEquals(Object, boolean) at x-pack/plugin/esql-core/src/main/java/org/elasticsearch/xpack/esql/core/expression/UnresolvedStar.java:64}","-59","-58"
"f7d44220b5416d111cc097bbb58614285ea90734","EXTRACT_MOVE","{Method testLookupSimple() at x-pack/plugin/esql/src/test/java/org/elasticsearch/xpack/esql/optimizer/LogicalPlanOptimizerTests.java:6957}","{Method config() at x-pack/plugin/esql/src/test/java/org/elasticsearch/xpack/esql/type/MultiTypeEsFieldTests.java:56}","-6951","-50"
"f7d44220b5416d111cc097bbb58614285ea90734","RENAME","{Method mutate(DateEsField) at x-pack/plugin/esql/src/test/java/org/elasticsearch/xpack/esql/type/DateEsFieldTests.java:30}","{Method mutateInstance(DateEsField) at x-pack/plugin/esql/src/test/java/org/elasticsearch/xpack/esql/type/DateEsFieldTests.java:30}","-24","-24"
"f7d44220b5416d111cc097bbb58614285ea90734","EXTRACT_MOVE","{Method testInlineStatsWithAvg() at x-pack/plugin/esql/src/test/java/org/elasticsearch/xpack/esql/optimizer/LogicalPlanOptimizerTests.java:6378}","{Method config() at x-pack/plugin/esql/src/test/java/org/elasticsearch/xpack/esql/type/MultiTypeEsFieldTests.java:56}","-6372","-50"
"f7d44220b5416d111cc097bbb58614285ea90734","EXTRACT_MOVE","{Method testLookupJoinPushDownFilterOnJoinKeyWithRename() at x-pack/plugin/esql/src/test/java/org/elasticsearch/xpack/esql/optimizer/LogicalPlanOptimizerTests.java:7131}","{Method config() at x-pack/plugin/esql/src/test/java/org/elasticsearch/xpack/esql/type/MultiTypeEsFieldTests.java:56}","-7125","-50"
"f7d44220b5416d111cc097bbb58614285ea90734","EXTRACT_MOVE","{Method testLookupJoinPushDownSeparatedForConjunctionBetweenLeftAndRightField() at x-pack/plugin/esql/src/test/java/org/elasticsearch/xpack/esql/optimizer/LogicalPlanOptimizerTests.java:7265}","{Method config() at x-pack/plugin/esql/src/test/java/org/elasticsearch/xpack/esql/type/MultiTypeEsFieldTests.java:56}","-7259","-50"
"bc1a04c3d6723102d19f561b23ec59883f7c9779"
"ce039f58874bd8f3d9a9733630c54676d9372a9c"
"ead6a93c77b010f8ce92e8dc2ca1c9940cb1293a"
"7b7c4031889811fef1dc35bebf2532a55b796e1b"
"f7a9cb5c2a4c448694f4fb06c976e8eb7565b540"
"6beabf4d4bec05486cae1cec950e22e918b4a278"
"a654efe6bf4139149af74c9b09260e50a6f4a283"
"6809a35d8a1e6a395dc19393a055f65844033b7e","EXTRACT_MOVE","{Method masterOperation(Task, DownsampleAction.Request, ClusterState, ActionListener) at x-pack/plugin/downsample/src/main/java/org/elasticsearch/xpack/downsample/TransportDownsampleAction.java:234}","{Method id() at server/src/main/java/org/elasticsearch/action/downsample/DownsampleConfig.java:339}","-228","-329"
"6809a35d8a1e6a395dc19393a055f65844033b7e","MOVE_RENAME","{Class DownsampleActionConfigTests at x-pack/plugin/core/src/test/java/org/elasticsearch/xpack/core/downsample/DownsampleActionConfigTests.java:20}","{Class DownsampleConfigTests at server/src/test/java/org/elasticsearch/action/downsample/DownsampleConfigTests.java:29}","-18","-27"
"6809a35d8a1e6a395dc19393a055f65844033b7e","EXTRACT_MOVE","{Method putTSDBIndexTemplate(String, List, Settings, String, DataStreamLifecycle.Template, Map) at x-pack/plugin/downsample/src/internalClusterTest/java/org/elasticsearch/xpack/downsample/DownsamplingIntegTestCase.java:157}","{Method id() at server/src/main/java/org/elasticsearch/action/downsample/DownsampleConfig.java:339}","-151","-329"
"6809a35d8a1e6a395dc19393a055f65844033b7e","RENAME","{Method validateDownsamplingInterval(MapperService, DownsampleConfig) at x-pack/plugin/downsample/src/main/java/org/elasticsearch/xpack/downsample/TransportDownsampleAction.java:846}","{Method validateDownsamplingConfiguration(MapperService, DownsampleConfig, IndexMetadata) at x-pack/plugin/downsample/src/main/java/org/elasticsearch/xpack/downsample/TransportDownsampleAction.java:855}","-840","-849"
"6809a35d8a1e6a395dc19393a055f65844033b7e","CHANGE_SIGNATURE","{Method create(SearchExecutionContext, String[]) at x-pack/plugin/downsample/src/main/java/org/elasticsearch/xpack/downsample/FieldValueFetcher.java:86}","{Method create(SearchExecutionContext, String[], DownsampleConfig.SamplingMethod) at x-pack/plugin/downsample/src/main/java/org/elasticsearch/xpack/downsample/FieldValueFetcher.java:92}","-80","-86"
"6809a35d8a1e6a395dc19393a055f65844033b7e","RENAME","{Method addMetricFields(TimeseriesFieldTypeHelper, Map, XContentBuilder) at x-pack/plugin/downsample/src/main/java/org/elasticsearch/xpack/downsample/TransportDownsampleAction.java:739}","{Method addMetricFieldOverwrites(DownsampleConfig, TimeseriesFieldTypeHelper, Map, XContentBuilder) at x-pack/plugin/downsample/src/main/java/org/elasticsearch/xpack/downsample/TransportDownsampleAction.java:743}","-733","-737"
"6809a35d8a1e6a395dc19393a055f65844033b7e","CHANGE_SIGNATURE","{Method rolloverAndDownsample(String, int, String) at x-pack/plugin/downsample/src/internalClusterTest/java/org/elasticsearch/xpack/downsample/DownsampleIT.java:430}","{Method rolloverAndDownsample(String, DownsampleConfig) at x-pack/plugin/downsample/src/internalClusterTest/java/org/elasticsearch/xpack/downsample/DownsampleIT.java:483}","-424","-477"
"6809a35d8a1e6a395dc19393a055f65844033b7e","EXTRACT_MOVE","{Method writeTo(StreamOutput, boolean) at server/src/main/java/org/elasticsearch/cluster/metadata/IndexMetadata.java:1909}","{Method id() at server/src/main/java/org/elasticsearch/action/downsample/DownsampleConfig.java:339}","-1903","-329"
"6809a35d8a1e6a395dc19393a055f65844033b7e","CHANGE_SIGNATURE","{Method createFieldProducer() at x-pack/plugin/downsample/src/main/java/org/elasticsearch/xpack/downsample/FieldValueFetcher.java:64}","{Method createFieldProducer(DownsampleConfig.SamplingMethod) at x-pack/plugin/downsample/src/main/java/org/elasticsearch/xpack/downsample/FieldValueFetcher.java:70}","-58","-64"
"6809a35d8a1e6a395dc19393a055f65844033b7e","RENAME","{Class AggregatedGaugeMetricFieldProducer at x-pack/plugin/downsample/src/main/java/org/elasticsearch/xpack/downsample/MetricFieldProducer.java:140}","{Class AggregatePreAggregatedMetricFieldProducer at x-pack/plugin/downsample/src/main/java/org/elasticsearch/xpack/downsample/MetricFieldProducer.java:162}","-134","-156"
"6809a35d8a1e6a395dc19393a055f65844033b7e","CHANGE_SIGNATURE","{Method assertFieldMappings(DownsampleConfig, Map, Map) at x-pack/plugin/downsample/src/test/java/org/elasticsearch/xpack/downsample/DownsampleActionSingleNodeTests.java:1413}","{Method assertFieldMappings(DownsampleConfig, Map, Map, Map) at x-pack/plugin/downsample/src/test/java/org/elasticsearch/xpack/downsample/DownsampleActionSingleNodeTests.java:1418}","-1407","-1412"
"6809a35d8a1e6a395dc19393a055f65844033b7e","EXTRACT_MOVE","{Method readFrom(StreamInput) at server/src/main/java/org/elasticsearch/cluster/metadata/IndexMetadata.java:185}","{Method id() at server/src/main/java/org/elasticsearch/action/downsample/DownsampleConfig.java:339}","-175","-329"
"6809a35d8a1e6a395dc19393a055f65844033b7e","CHANGE_SIGNATURE","{Method downsampleAndAssert(String, String, Supplier) at x-pack/plugin/downsample/src/internalClusterTest/java/org/elasticsearch/xpack/downsample/DownsampleIT.java:134}","{Method downsampleAndAssert(String, String, Supplier, DownsampleConfig.SamplingMethod) at x-pack/plugin/downsample/src/internalClusterTest/java/org/elasticsearch/xpack/downsample/DownsampleIT.java:178}","-128","-172"
"6809a35d8a1e6a395dc19393a055f65844033b7e","EXTRACT_MOVE","{Method canShortCircuit(String, TaskId, TimeValue, long, ProjectMetadata, ActionListener) at x-pack/plugin/downsample/src/main/java/org/elasticsearch/xpack/downsample/TransportDownsampleAction.java:460}","{Method id() at server/src/main/java/org/elasticsearch/action/downsample/DownsampleConfig.java:339}","-454","-329"
"6809a35d8a1e6a395dc19393a055f65844033b7e","EXTRACT_MOVE","{Method new(byte) at server/src/main/java/org/elasticsearch/cluster/metadata/IndexMetadata.java:168}","{Method id() at server/src/main/java/org/elasticsearch/action/downsample/DownsampleConfig.java:339}","-158","-329"
"6809a35d8a1e6a395dc19393a055f65844033b7e","EXTRACT_MOVE","{Method id() at server/src/main/java/org/elasticsearch/cluster/metadata/IndexMetadata.java:172}","{Method id() at server/src/main/java/org/elasticsearch/action/downsample/DownsampleConfig.java:339}","-162","-329"
"6809a35d8a1e6a395dc19393a055f65844033b7e","RENAME","{Class CounterMetricFieldProducer at x-pack/plugin/downsample/src/main/java/org/elasticsearch/xpack/downsample/MetricFieldProducer.java:41}","{Class LastValueScalarMetricFieldProducer at x-pack/plugin/downsample/src/main/java/org/elasticsearch/xpack/downsample/MetricFieldProducer.java:53}","-35","-47"
"6809a35d8a1e6a395dc19393a055f65844033b7e","CHANGE_SIGNATURE","{Method assertDownsampleIndexSettings(String, String, GetIndexResponse) at x-pack/plugin/downsample/src/test/java/org/elasticsearch/xpack/downsample/DownsampleActionSingleNodeTests.java:1435}","{Method assertDownsampleIndexSettings(String, String, DownsampleConfig, GetIndexResponse) at x-pack/plugin/downsample/src/test/java/org/elasticsearch/xpack/downsample/DownsampleActionSingleNodeTests.java:1447}","-1429","-1441"
"6809a35d8a1e6a395dc19393a055f65844033b7e","RENAME","{Class GaugeMetricFieldProducer at x-pack/plugin/downsample/src/main/java/org/elasticsearch/xpack/downsample/MetricFieldProducer.java:87}","{Class AggregateScalarMetricFieldProducer at x-pack/plugin/downsample/src/main/java/org/elasticsearch/xpack/downsample/MetricFieldProducer.java:109}","-81","-103"
"6809a35d8a1e6a395dc19393a055f65844033b7e","MOVE","{Method testGenerateDownsampleIndexName() at server/src/test/java/org/elasticsearch/action/downsample/DonwsampleConfigTests.java:22}","{Method testGenerateDownsampleIndexName() at server/src/test/java/org/elasticsearch/action/downsample/DownsampleConfigTests.java:123}","-16","-117"
"6809a35d8a1e6a395dc19393a055f65844033b7e","EXTRACT_MOVE","{Method new(DownsampleShardTask, Client, IndexService, DownsampleMetrics, ShardId, String, DownsampleConfig, String[], String[], String[], DownsampleShardPersistentTaskState) at x-pack/plugin/downsample/src/main/java/org/elasticsearch/xpack/downsample/DownsampleShardIndexer.java:106}","{Method id() at server/src/main/java/org/elasticsearch/action/downsample/DownsampleConfig.java:339}","-100","-329"
"6809a35d8a1e6a395dc19393a055f65844033b7e","RENAME","{Method testDownsamplingForceMergeWithShortCircuitAfterCreation() at x-pack/plugin/downsample/src/test/java/org/elasticsearch/xpack/downsample/TransportDownsampleActionTests.java:263}","{Method testDownsamplingWithShortCircuitAfterCreation() at x-pack/plugin/downsample/src/test/java/org/elasticsearch/xpack/downsample/TransportDownsampleActionTests.java:264}","-257","-258"
"6809a35d8a1e6a395dc19393a055f65844033b7e","EXTRACT_MOVE","{Method writeTo(StreamOutput) at server/src/main/java/org/elasticsearch/cluster/metadata/IndexMetadata.java:203}","{Method id() at server/src/main/java/org/elasticsearch/action/downsample/DownsampleConfig.java:339}","-193","-329"
"6809a35d8a1e6a395dc19393a055f65844033b7e","CHANGE_SIGNATURE","{Method createFieldProducer() at x-pack/plugin/downsample/src/main/java/org/elasticsearch/xpack/downsample/AggregateMetricFieldValueFetcher.java:36}","{Method createFieldProducer(DownsampleConfig.SamplingMethod) at x-pack/plugin/downsample/src/main/java/org/elasticsearch/xpack/downsample/AggregateMetricFieldValueFetcher.java:38}","-30","-32"
"6809a35d8a1e6a395dc19393a055f65844033b7e","EXTRACT_MOVE","{Method putComposableIndexTemplate(String, List, List) at x-pack/plugin/downsample/src/test/java/org/elasticsearch/xpack/downsample/DownsampleDataStreamTests.java:213}","{Method id() at server/src/main/java/org/elasticsearch/action/downsample/DownsampleConfig.java:339}","-207","-329"
"6809a35d8a1e6a395dc19393a055f65844033b7e","EXTRACT_MOVE","{Method fromId(byte) at server/src/main/java/org/elasticsearch/cluster/metadata/IndexMetadata.java:176}","{Method id() at server/src/main/java/org/elasticsearch/action/downsample/DownsampleConfig.java:339}","-166","-329"
"6809a35d8a1e6a395dc19393a055f65844033b7e","EXTRACT_MOVE","{Method writeTo(StreamOutput) at server/src/main/java/org/elasticsearch/cluster/metadata/IndexMetadata.java:1757}","{Method id() at server/src/main/java/org/elasticsearch/action/downsample/DownsampleConfig.java:339}","-1747","-329"
"6809a35d8a1e6a395dc19393a055f65844033b7e","CHANGE_SIGNATURE","{Method new(MappedFieldType, AggregateMetricDoubleFieldType, IndexFieldData) at x-pack/plugin/downsample/src/main/java/org/elasticsearch/xpack/downsample/AggregateMetricFieldValueFetcher.java:22}","{Method new(MappedFieldType, AggregateMetricDoubleFieldType, IndexFieldData, DownsampleConfig.SamplingMethod) at x-pack/plugin/downsample/src/main/java/org/elasticsearch/xpack/downsample/AggregateMetricFieldValueFetcher.java:23}","-16","-17"
"6809a35d8a1e6a395dc19393a055f65844033b7e","CHANGE_SIGNATURE","{Method new(String, MappedFieldType, IndexFieldData) at x-pack/plugin/downsample/src/main/java/org/elasticsearch/xpack/downsample/FieldValueFetcher.java:39}","{Method new(String, MappedFieldType, IndexFieldData, DownsampleConfig.SamplingMethod) at x-pack/plugin/downsample/src/main/java/org/elasticsearch/xpack/downsample/FieldValueFetcher.java:40}","-33","-34"
"6809a35d8a1e6a395dc19393a055f65844033b7e","EXTRACT_MOVE","{Method createPersistentTaskId(String, ShardId, DateHistogramInterval) at x-pack/plugin/downsample/src/main/java/org/elasticsearch/xpack/downsample/TransportDownsampleAction.java:694}","{Method id() at server/src/main/java/org/elasticsearch/action/downsample/DownsampleConfig.java:339}","-688","-329"
"482f5f1f0ecd5f06ec4e00f3bd52c7e34b4b11c8"
"5467344e79e084d13225b2a0b9b145fceb77efe6"
"2e340de715151c5d67d4d8689540e0bca69abdf2","EXTRACT","{Method randomIndexWriteLoad(int) at x-pack/plugin/write-load-forecaster/src/test/java/org/elasticsearch/xpack/writeloadforecaster/LicensedWriteLoadForecasterTests.java:296}","{Method randomIndexWriteLoad(int, LongSupplier) at x-pack/plugin/write-load-forecaster/src/test/java/org/elasticsearch/xpack/writeloadforecaster/LicensedWriteLoadForecasterTests.java:306}","-290","-300"
"d7da033245cb228b5f6dfb86c7820dd374276897"
"997e92c82f0546b02888e1c4461c632393a1c113"
"a76c83962db050ecd53c241b0685772e6abde410"
"c5c300e24d97535ef98d663d22b3629066f1bcfa"
"eaf92d97a55e820ccbe872960c213a857c29c8fb"
"247feebba03f80910abe70d96b9cedbb1bd02593"
"0052f84d27eed729f6372ea50a393ce04dfcd103"
"270aee7daf77f98856f0d5cbe5821a4dfb003c40"
"0dd761b04003b2396b91db6e4400e9c7df93658d","EXTRACT","{Method expected(Map, Object, TestContext) at server/src/test/java/org/elasticsearch/index/mapper/blockloader/GeoPointFieldBlockLoaderTests.java:30}","{Method longValues(Object, GeoPoint, boolean) at server/src/test/java/org/elasticsearch/index/mapper/blockloader/GeoPointFieldBlockLoaderTests.java:83}","-24","-77"
"0dd761b04003b2396b91db6e4400e9c7df93658d","EXTRACT","{Method expected(Map, Object, TestContext) at server/src/test/java/org/elasticsearch/index/mapper/blockloader/GeoPointFieldBlockLoaderTests.java:30}","{Method bytesRefWkbValues(Object, GeoPoint, boolean) at server/src/test/java/org/elasticsearch/index/mapper/blockloader/GeoPointFieldBlockLoaderTests.java:102}","-24","-96"
"70673ebe975ab602e664fea9e9e80c256ae65bd6","CHANGE_SIGNATURE","{Method collectTargetShardsNoRouting(ProjectState, String[], Set) at server/src/main/java/org/elasticsearch/cluster/routing/OperationRouting.java:165}","{Method collectTargetShardsNoRouting(ProjectState, String[]) at server/src/main/java/org/elasticsearch/cluster/routing/OperationRouting.java:177}","-159","-171"
"70673ebe975ab602e664fea9e9e80c256ae65bd6","CHANGE_SIGNATURE","{Method new(String[], ShardId, int, AliasFilter, float, ShardSearchContextId, TimeValue, long) at server/src/main/java/org/elasticsearch/action/search/CanMatchNodeRequest.java:69}","{Method new(String[], ShardId, int, AliasFilter, float, ShardSearchContextId, TimeValue, long, SplitShardCountSummary) at server/src/main/java/org/elasticsearch/action/search/CanMatchNodeRequest.java:71}","-59","-61"
"70673ebe975ab602e664fea9e9e80c256ae65bd6","CHANGE_SIGNATURE","{Method buildShardSearchRequest(ShardId, String, int, ShardSearchContextId, OriginalIndices, AliasFilter, TimeValue, float, SearchRequest, int, long, boolean) at server/src/main/java/org/elasticsearch/action/search/SearchQueryThenFetchAsyncAction.java:646}","{Method buildShardSearchRequest(ShardId, String, int, ShardSearchContextId, OriginalIndices, AliasFilter, TimeValue, float, SearchRequest, int, long, boolean, SplitShardCountSummary) at server/src/main/java/org/elasticsearch/action/search/SearchQueryThenFetchAsyncAction.java:659}","-640","-653"
"70673ebe975ab602e664fea9e9e80c256ae65bd6","CHANGE_SIGNATURE","{Method new(String, ShardId, List, OriginalIndices, ShardSearchContextId, TimeValue, boolean, boolean) at server/src/main/java/org/elasticsearch/action/search/SearchShardIterator.java:67}","{Method new(String, ShardId, List, OriginalIndices, ShardSearchContextId, TimeValue, boolean, boolean, SplitShardCountSummary) at server/src/main/java/org/elasticsearch/action/search/SearchShardIterator.java:89}","-61","-83"
"70673ebe975ab602e664fea9e9e80c256ae65bd6","INLINE","{Method allShardsExceptSplitTargetsInStateBefore(ProjectState, String, IndexReshardingState.Split.TargetShardState) at server/src/main/java/org/elasticsearch/cluster/routing/OperationRouting.java:193}","{Method allWriteAddressableShards(ProjectState, String) at server/src/main/java/org/elasticsearch/cluster/routing/OperationRouting.java:219}","-187","-213"
"70673ebe975ab602e664fea9e9e80c256ae65bd6","CHANGE_SIGNATURE","{Method new(String, ShardId, List, OriginalIndices) at server/src/main/java/org/elasticsearch/action/search/SearchShardIterator.java:51}","{Method new(String, ShardId, List, OriginalIndices, SplitShardCountSummary) at server/src/main/java/org/elasticsearch/action/search/SearchShardIterator.java:55}","-45","-49"
"70673ebe975ab602e664fea9e9e80c256ae65bd6","INLINE","{Method allShardsExceptSplitTargetsInStateBefore(ProjectState, String, IndexReshardingState.Split.TargetShardState) at server/src/main/java/org/elasticsearch/cluster/routing/OperationRouting.java:193}","{Method allSearchAddressableShards(ProjectState, String) at server/src/main/java/org/elasticsearch/cluster/routing/OperationRouting.java:190}","-187","-184"
"70673ebe975ab602e664fea9e9e80c256ae65bd6","CHANGE_SIGNATURE","{Method collectTargetShardsWithRouting(ProjectState, String[], Map, Set) at server/src/main/java/org/elasticsearch/cluster/routing/OperationRouting.java:142}","{Method collectTargetShardsWithRouting(ProjectState, String[], Map) at server/src/main/java/org/elasticsearch/cluster/routing/OperationRouting.java:146}","-136","-140"
"70673ebe975ab602e664fea9e9e80c256ae65bd6","RENAME","{Method createShardSearchReqest(SearchRequest) at server/src/test/java/org/elasticsearch/search/internal/ShardSearchRequestTests.java:88}","{Method createShardSearchRequest(SearchRequest) at server/src/test/java/org/elasticsearch/search/internal/ShardSearchRequestTests.java:89}","-82","-83"
"70673ebe975ab602e664fea9e9e80c256ae65bd6","CHANGE_SIGNATURE","{Method new(OriginalIndices, ShardId, int, int, SearchType, SearchSourceBuilder, Boolean, AliasFilter, float, boolean, TimeValue, long, String, ShardSearchContextId, TimeValue, long, TimeValue, boolean) at server/src/main/java/org/elasticsearch/search/internal/ShardSearchRequest.java:210}","{Method new(OriginalIndices, ShardId, int, int, SearchType, SearchSourceBuilder, Boolean, AliasFilter, float, boolean, TimeValue, long, String, ShardSearchContextId, TimeValue, long, TimeValue, boolean, SplitShardCountSummary) at server/src/main/java/org/elasticsearch/search/internal/ShardSearchRequest.java:230}","-204","-224"
"70673ebe975ab602e664fea9e9e80c256ae65bd6","CHANGE_SIGNATURE","{Method new(OriginalIndices, SearchRequest, ShardId, int, int, AliasFilter, float, long, String, ShardSearchContextId, TimeValue) at server/src/main/java/org/elasticsearch/search/internal/ShardSearchRequest.java:130}","{Method new(OriginalIndices, SearchRequest, ShardId, int, int, AliasFilter, float, long, String, ShardSearchContextId, TimeValue, SplitShardCountSummary) at server/src/main/java/org/elasticsearch/search/internal/ShardSearchRequest.java:142}","-124","-136"
"5a181274d38b4ed61ad2e1c5d6a7818cc0b6b5ef"
"51a0a1324cd483e967430693ea0e9314e0fcff8f"
"752d9f4bff2bfdec366dc97e0a7239a4678f183f"
"41c01a265821cdb196b7e57d0e094f5df541c5f7"
"fd6e962b6e276ae7ba195799def18deef024953e","EXTRACT_SUPER","{Class Rename at x-pack/plugin/esql/src/main/java/org/elasticsearch/xpack/esql/plan/logical/Rename.java:25}","{Interface CardinalityPreserving at x-pack/plugin/esql/src/main/java/org/elasticsearch/xpack/esql/plan/logical/CardinalityPreserving.java:34}","-23","-32"
"fd6e962b6e276ae7ba195799def18deef024953e","EXTRACT","{Method testVerifierOnMissingReferences() at x-pack/plugin/esql/src/test/java/org/elasticsearch/xpack/esql/optimizer/PhysicalPlanOptimizerTests.java:3130}","{Method physicalOptimizer() at x-pack/plugin/esql/src/test/java/org/elasticsearch/xpack/esql/optimizer/PhysicalPlanOptimizerTests.java:8570}","-3124","-8564"
"fd6e962b6e276ae7ba195799def18deef024953e","EXTRACT_MOVE","{Method new(boolean) at x-pack/plugin/esql/src/main/java/org/elasticsearch/xpack/esql/optimizer/rules/logical/CombineProjections.java:36}","{Method local() at x-pack/plugin/esql/src/main/java/org/elasticsearch/xpack/esql/plan/logical/TopN.java:84}","-30","-78"
"fd6e962b6e276ae7ba195799def18deef024953e","EXTRACT","{Method testVerifierOnMissingReferencesWithBinaryPlans() at x-pack/plugin/esql/src/test/java/org/elasticsearch/xpack/esql/optimizer/PhysicalPlanOptimizerTests.java:3157}","{Method physicalOptimizer() at x-pack/plugin/esql/src/test/java/org/elasticsearch/xpack/esql/optimizer/PhysicalPlanOptimizerTests.java:8570}","-3151","-8564"
"fd6e962b6e276ae7ba195799def18deef024953e","EXTRACT","{Method optimizedPlan(PhysicalPlan, TestDataSource, SearchStats) at x-pack/plugin/esql/src/test/java/org/elasticsearch/xpack/esql/optimizer/PhysicalPlanOptimizerTests.java:8482}","{Method physicalOptimizer() at x-pack/plugin/esql/src/test/java/org/elasticsearch/xpack/esql/optimizer/PhysicalPlanOptimizerTests.java:8570}","-8476","-8564"
"fd6e962b6e276ae7ba195799def18deef024953e","EXTRACT_MOVE","{Method rule(UnaryPlan) at x-pack/plugin/esql/src/main/java/org/elasticsearch/xpack/esql/optimizer/rules/logical/CombineProjections.java:41}","{Method local() at x-pack/plugin/esql/src/main/java/org/elasticsearch/xpack/esql/plan/logical/TopN.java:84}","-35","-78"
"fd6e962b6e276ae7ba195799def18deef024953e","EXTRACT_MOVE","{Method testReplaceStringCasingWithInsensitiveEqualsLowerFalse() at x-pack/plugin/esql/src/test/java/org/elasticsearch/xpack/esql/optimizer/LogicalPlanOptimizerTests.java:6875}","{Method local() at x-pack/plugin/esql/src/main/java/org/elasticsearch/xpack/esql/plan/logical/Limit.java:105}","-6869","-99"
"fd6e962b6e276ae7ba195799def18deef024953e","EXTRACT_MOVE","{Method testReplaceStringCasingWithInsensitiveEqualsUpperFalse() at x-pack/plugin/esql/src/test/java/org/elasticsearch/xpack/esql/optimizer/LogicalPlanOptimizerTests.java:6860}","{Method local() at x-pack/plugin/esql/src/main/java/org/elasticsearch/xpack/esql/plan/logical/TopN.java:84}","-6854","-78"
"fd6e962b6e276ae7ba195799def18deef024953e","EXTRACT_SUPER","{Class Insist at x-pack/plugin/esql/src/main/java/org/elasticsearch/xpack/esql/plan/logical/Insist.java:21}","{Interface CardinalityPreserving at x-pack/plugin/esql/src/main/java/org/elasticsearch/xpack/esql/plan/logical/CardinalityPreserving.java:34}","-19","-32"
"fd6e962b6e276ae7ba195799def18deef024953e","CHANGE_SIGNATURE","{Method new() at x-pack/plugin/esql/src/main/java/org/elasticsearch/xpack/esql/optimizer/PhysicalVerifier.java:27}","{Method new(boolean) at x-pack/plugin/esql/src/main/java/org/elasticsearch/xpack/esql/optimizer/PhysicalVerifier.java:26}","-21","-20"
"fd6e962b6e276ae7ba195799def18deef024953e","EXTRACT_SUPER","{Class RegexExtract at x-pack/plugin/esql/src/main/java/org/elasticsearch/xpack/esql/plan/logical/RegexExtract.java:27}","{Interface CardinalityPreserving at x-pack/plugin/esql/src/main/java/org/elasticsearch/xpack/esql/plan/logical/CardinalityPreserving.java:34}","-25","-32"
"fd6e962b6e276ae7ba195799def18deef024953e","EXTRACT_MOVE","{Method testReplaceStringCasingWithInsensitiveEqualsUpperFalse() at x-pack/plugin/esql/src/test/java/org/elasticsearch/xpack/esql/optimizer/LogicalPlanOptimizerTests.java:6860}","{Method local() at x-pack/plugin/esql/src/main/java/org/elasticsearch/xpack/esql/plan/logical/Limit.java:105}","-6854","-99"
"fd6e962b6e276ae7ba195799def18deef024953e","CHANGE_SIGNATURE","{Method duplicateLimitAsFirstGrandchild(Limit) at x-pack/plugin/esql/src/main/java/org/elasticsearch/xpack/esql/optimizer/rules/logical/PushDownAndCombineLimits.java:133}","{Method duplicateLimitAsFirstGrandchild(Limit, boolean) at x-pack/plugin/esql/src/main/java/org/elasticsearch/xpack/esql/optimizer/rules/logical/PushDownAndCombineLimits.java:155}","-127","-149"
"fd6e962b6e276ae7ba195799def18deef024953e","EXTRACT_SUPER","{Class Eval at x-pack/plugin/esql/src/main/java/org/elasticsearch/xpack/esql/plan/logical/Eval.java:39}","{Interface CardinalityPreserving at x-pack/plugin/esql/src/main/java/org/elasticsearch/xpack/esql/plan/logical/CardinalityPreserving.java:34}","-37","-32"
"fd6e962b6e276ae7ba195799def18deef024953e","EXTRACT_SUPER","{Class Project at x-pack/plugin/esql/src/main/java/org/elasticsearch/xpack/esql/plan/logical/Project.java:30}","{Interface CardinalityPreserving at x-pack/plugin/esql/src/main/java/org/elasticsearch/xpack/esql/plan/logical/CardinalityPreserving.java:34}","-28","-32"
"fd6e962b6e276ae7ba195799def18deef024953e","EXTRACT_MOVE","{Method rule(UnaryPlan, LogicalOptimizerContext) at x-pack/plugin/esql/src/main/java/org/elasticsearch/xpack/esql/optimizer/rules/logical/PropagateEmptyRelation.java:37}","{Method local() at x-pack/plugin/esql/src/main/java/org/elasticsearch/xpack/esql/plan/logical/TopN.java:84}","-31","-78"
"fd6e962b6e276ae7ba195799def18deef024953e","EXTRACT_MOVE","{Method rule(Limit, LogicalOptimizerContext) at x-pack/plugin/esql/src/main/java/org/elasticsearch/xpack/esql/optimizer/rules/logical/PushDownAndCombineLimits.java:40}","{Method local() at x-pack/plugin/esql/src/main/java/org/elasticsearch/xpack/esql/plan/logical/Limit.java:105}","-34","-99"
"fd6e962b6e276ae7ba195799def18deef024953e","EXTRACT_MOVE","{Method rule(UnaryPlan) at x-pack/plugin/esql/src/main/java/org/elasticsearch/xpack/esql/optimizer/rules/logical/CombineProjections.java:41}","{Method local() at x-pack/plugin/esql/src/main/java/org/elasticsearch/xpack/esql/plan/logical/Limit.java:105}","-35","-99"
"fd6e962b6e276ae7ba195799def18deef024953e","EXTRACT_MOVE","{Method new(boolean) at x-pack/plugin/esql/src/main/java/org/elasticsearch/xpack/esql/optimizer/rules/logical/CombineProjections.java:36}","{Method local() at x-pack/plugin/esql/src/main/java/org/elasticsearch/xpack/esql/plan/logical/Limit.java:105}","-30","-99"
"fd6e962b6e276ae7ba195799def18deef024953e","EXTRACT_MOVE","{Method rule(UnaryPlan, LogicalOptimizerContext) at x-pack/plugin/esql/src/main/java/org/elasticsearch/xpack/esql/optimizer/rules/logical/PropagateEmptyRelation.java:37}","{Method local() at x-pack/plugin/esql/src/main/java/org/elasticsearch/xpack/esql/plan/logical/Limit.java:105}","-31","-99"
"fd6e962b6e276ae7ba195799def18deef024953e","EXTRACT_MOVE","{Method new(boolean) at x-pack/plugin/esql/src/main/java/org/elasticsearch/xpack/esql/optimizer/rules/logical/PushDownAndCombineLimits.java:35}","{Method local() at x-pack/plugin/esql/src/main/java/org/elasticsearch/xpack/esql/plan/logical/Limit.java:105}","-29","-99"
"fd6e962b6e276ae7ba195799def18deef024953e","EXTRACT_SUPER","{Class InferencePlan at x-pack/plugin/esql/src/main/java/org/elasticsearch/xpack/esql/plan/logical/inference/InferencePlan.java:25}","{Interface CardinalityPreserving at x-pack/plugin/esql/src/main/java/org/elasticsearch/xpack/esql/plan/logical/CardinalityPreserving.java:34}","-23","-32"
"fd6e962b6e276ae7ba195799def18deef024953e","EXTRACT_MOVE","{Method testFoldInEval() at x-pack/plugin/esql/src/test/java/org/elasticsearch/xpack/esql/optimizer/LogicalPlanOptimizerTests.java:3041}","{Method local() at x-pack/plugin/esql/src/main/java/org/elasticsearch/xpack/esql/plan/logical/Limit.java:105}","-3035","-99"
"fd6e962b6e276ae7ba195799def18deef024953e","EXTRACT","{Method testVerifierOnDuplicateOutputAttributes() at x-pack/plugin/esql/src/test/java/org/elasticsearch/xpack/esql/optimizer/PhysicalPlanOptimizerTests.java:3188}","{Method physicalOptimizer() at x-pack/plugin/esql/src/test/java/org/elasticsearch/xpack/esql/optimizer/PhysicalPlanOptimizerTests.java:8570}","-3182","-8564"
"fd6e962b6e276ae7ba195799def18deef024953e","EXTRACT_MOVE","{Method testWhereNull() at x-pack/plugin/esql/src/test/java/org/elasticsearch/xpack/esql/optimizer/LogicalPlanOptimizerTests.java:8114}","{Method local() at x-pack/plugin/esql/src/main/java/org/elasticsearch/xpack/esql/plan/logical/TopN.java:84}","-8108","-78"
"fd6e962b6e276ae7ba195799def18deef024953e","CHANGE_SIGNATURE","{Method new() at x-pack/plugin/esql/src/main/java/org/elasticsearch/xpack/esql/optimizer/LogicalVerifier.java:25}","{Method new(boolean) at x-pack/plugin/esql/src/main/java/org/elasticsearch/xpack/esql/optimizer/LogicalVerifier.java:24}","-19","-18"
"fd6e962b6e276ae7ba195799def18deef024953e","EXTRACT_MOVE","{Method testFoldInEval() at x-pack/plugin/esql/src/test/java/org/elasticsearch/xpack/esql/optimizer/LogicalPlanOptimizerTests.java:3041}","{Method local() at x-pack/plugin/esql/src/main/java/org/elasticsearch/xpack/esql/plan/logical/TopN.java:84}","-3035","-78"
"fd6e962b6e276ae7ba195799def18deef024953e","EXTRACT_MOVE","{Method testNoWrongIsNotNullPruning() at x-pack/plugin/esql/src/test/java/org/elasticsearch/xpack/esql/optimizer/LogicalPlanOptimizerTests.java:5402}","{Method local() at x-pack/plugin/esql/src/main/java/org/elasticsearch/xpack/esql/plan/logical/TopN.java:84}","-5396","-78"
"fd6e962b6e276ae7ba195799def18deef024953e","EXTRACT_MOVE","{Method new(boolean) at x-pack/plugin/esql/src/main/java/org/elasticsearch/xpack/esql/optimizer/rules/logical/PushDownAndCombineLimits.java:35}","{Method local() at x-pack/plugin/esql/src/main/java/org/elasticsearch/xpack/esql/plan/logical/TopN.java:84}","-29","-78"
"fd6e962b6e276ae7ba195799def18deef024953e","EXTRACT_SUPER","{Class Enrich at x-pack/plugin/esql/src/main/java/org/elasticsearch/xpack/esql/plan/logical/Enrich.java:48}","{Interface CardinalityPreserving at x-pack/plugin/esql/src/main/java/org/elasticsearch/xpack/esql/plan/logical/CardinalityPreserving.java:34}","-46","-32"
"fd6e962b6e276ae7ba195799def18deef024953e","EXTRACT_MOVE","{Method rule(Limit, LogicalOptimizerContext) at x-pack/plugin/esql/src/main/java/org/elasticsearch/xpack/esql/optimizer/rules/logical/PushDownAndCombineLimits.java:40}","{Method local() at x-pack/plugin/esql/src/main/java/org/elasticsearch/xpack/esql/plan/logical/TopN.java:84}","-34","-78"
"fd6e962b6e276ae7ba195799def18deef024953e","CHANGE_SIGNATURE","{Method new(Source, Expression, LogicalPlan, boolean) at x-pack/plugin/esql/src/main/java/org/elasticsearch/xpack/esql/plan/logical/Limit.java:41}","{Method new(Source, Expression, LogicalPlan, boolean, boolean) at x-pack/plugin/esql/src/main/java/org/elasticsearch/xpack/esql/plan/logical/Limit.java:46}","-35","-40"
"fd6e962b6e276ae7ba195799def18deef024953e","CHANGE_SIGNATURE","{Method verify(P, boolean, List) at x-pack/plugin/esql/src/main/java/org/elasticsearch/xpack/esql/optimizer/PostOptimizationPhasePlanVerifier.java:36}","{Method verify(P, List) at x-pack/plugin/esql/src/main/java/org/elasticsearch/xpack/esql/optimizer/PostOptimizationPhasePlanVerifier.java:43}","-30","-37"
"fd6e962b6e276ae7ba195799def18deef024953e","EXTRACT_MOVE","{Method testEmptyMappingIndex() at x-pack/plugin/esql/src/test/java/org/elasticsearch/xpack/esql/optimizer/LogicalPlanOptimizerTests.java:5312}","{Method local() at x-pack/plugin/esql/src/main/java/org/elasticsearch/xpack/esql/plan/logical/TopN.java:84}","-5306","-78"
"fd6e962b6e276ae7ba195799def18deef024953e","EXTRACT_SUPER","{Class Keep at x-pack/plugin/esql/src/main/java/org/elasticsearch/xpack/esql/plan/logical/Keep.java:18}","{Interface CardinalityPreserving at x-pack/plugin/esql/src/main/java/org/elasticsearch/xpack/esql/plan/logical/CardinalityPreserving.java:34}","-16","-32"
"fd6e962b6e276ae7ba195799def18deef024953e","EXTRACT_MOVE","{Method testNoWrongIsNotNullPruning() at x-pack/plugin/esql/src/test/java/org/elasticsearch/xpack/esql/optimizer/LogicalPlanOptimizerTests.java:5402}","{Method local() at x-pack/plugin/esql/src/main/java/org/elasticsearch/xpack/esql/plan/logical/Limit.java:105}","-5396","-99"
"fd6e962b6e276ae7ba195799def18deef024953e","EXTRACT","{Method testSingleModeAggregate() at x-pack/plugin/esql/src/test/java/org/elasticsearch/xpack/esql/optimizer/PhysicalPlanOptimizerTests.java:8038}","{Method physicalOptimizer() at x-pack/plugin/esql/src/test/java/org/elasticsearch/xpack/esql/optimizer/PhysicalPlanOptimizerTests.java:8570}","-8032","-8564"
"fd6e962b6e276ae7ba195799def18deef024953e","EXTRACT_MOVE","{Method testWhereNull() at x-pack/plugin/esql/src/test/java/org/elasticsearch/xpack/esql/optimizer/LogicalPlanOptimizerTests.java:8114}","{Method local() at x-pack/plugin/esql/src/main/java/org/elasticsearch/xpack/esql/plan/logical/Limit.java:105}","-8108","-99"
"fd6e962b6e276ae7ba195799def18deef024953e","EXTRACT_SUPER","{Class Drop at x-pack/plugin/esql/src/main/java/org/elasticsearch/xpack/esql/plan/logical/Drop.java:20}","{Interface CardinalityPreserving at x-pack/plugin/esql/src/main/java/org/elasticsearch/xpack/esql/plan/logical/CardinalityPreserving.java:34}","-18","-32"
"fd6e962b6e276ae7ba195799def18deef024953e","CHANGE_SIGNATURE","{Method new(Source, LogicalPlan, List, Expression) at x-pack/plugin/esql/src/main/java/org/elasticsearch/xpack/esql/plan/logical/TopN.java:30}","{Method new(Source, LogicalPlan, List, Expression, boolean) at x-pack/plugin/esql/src/main/java/org/elasticsearch/xpack/esql/plan/logical/TopN.java:35}","-24","-29"
"fd6e962b6e276ae7ba195799def18deef024953e","EXTRACT","{Method testVerifierOnMissingReferencesWithBinaryPlans() at x-pack/plugin/esql/src/test/java/org/elasticsearch/xpack/esql/optimizer/PhysicalPlanOptimizerTests.java:3157}","{Method physicalPlanNoSerializationCheck(String) at x-pack/plugin/esql/src/test/java/org/elasticsearch/xpack/esql/optimizer/PhysicalPlanOptimizerTests.java:8550}","-3151","-8544"
"fd6e962b6e276ae7ba195799def18deef024953e","EXTRACT_MOVE","{Method testReplaceStringCasingWithInsensitiveEqualsLowerFalse() at x-pack/plugin/esql/src/test/java/org/elasticsearch/xpack/esql/optimizer/LogicalPlanOptimizerTests.java:6875}","{Method local() at x-pack/plugin/esql/src/main/java/org/elasticsearch/xpack/esql/plan/logical/TopN.java:84}","-6869","-78"
"fd6e962b6e276ae7ba195799def18deef024953e","EXTRACT","{Method testFieldExtractWithoutSourceAttributes() at x-pack/plugin/esql/src/test/java/org/elasticsearch/xpack/esql/optimizer/PhysicalPlanOptimizerTests.java:3103}","{Method physicalOptimizer() at x-pack/plugin/esql/src/test/java/org/elasticsearch/xpack/esql/optimizer/PhysicalPlanOptimizerTests.java:8570}","-3097","-8564"
"fd6e962b6e276ae7ba195799def18deef024953e","EXTRACT_MOVE","{Method testEmptyMappingIndex() at x-pack/plugin/esql/src/test/java/org/elasticsearch/xpack/esql/optimizer/LogicalPlanOptimizerTests.java:5312}","{Method local() at x-pack/plugin/esql/src/main/java/org/elasticsearch/xpack/esql/plan/logical/Limit.java:105}","-5306","-99"
"fd6e962b6e276ae7ba195799def18deef024953e","CHANGE_SIGNATURE","{Method operators(boolean) at x-pack/plugin/esql/src/main/java/org/elasticsearch/xpack/esql/optimizer/LogicalPlanOptimizer.java:166}","{Method operators() at x-pack/plugin/esql/src/main/java/org/elasticsearch/xpack/esql/optimizer/LogicalPlanOptimizer.java:169}","-160","-163"
"da9b1d6604bcc743f07aaba09a24d7677b9d0843"
"5aded9f8f1ccc02b39363f945febd5166594d484"
"6bafeea6f8110020b9d7eaa86070a8962906e746","EXTRACT","{Method new(StreamInput) at x-pack/plugin/ent-search/src/main/java/org/elasticsearch/xpack/application/rules/action/TestQueryRulesetAction.java:153}","{Method totalMatchedRules() at x-pack/plugin/ent-search/src/main/java/org/elasticsearch/xpack/application/rules/action/TestQueryRulesetAction.java:164}","-143","-154"
"6bafeea6f8110020b9d7eaa86070a8962906e746","EXTRACT","{Method toXContent(XContentBuilder, Params) at x-pack/plugin/ent-search/src/main/java/org/elasticsearch/xpack/application/rules/action/TestQueryRulesetAction.java:169}","{Method totalMatchedRules() at x-pack/plugin/ent-search/src/main/java/org/elasticsearch/xpack/application/rules/action/TestQueryRulesetAction.java:164}","-159","-154"
"6bafeea6f8110020b9d7eaa86070a8962906e746","EXTRACT","{Method hashCode() at x-pack/plugin/ent-search/src/main/java/org/elasticsearch/xpack/application/rules/action/TestQueryRulesetAction.java:193}","{Method totalMatchedRules() at x-pack/plugin/ent-search/src/main/java/org/elasticsearch/xpack/application/rules/action/TestQueryRulesetAction.java:164}","-183","-154"
"6bafeea6f8110020b9d7eaa86070a8962906e746","EXTRACT","{Method new(StreamInput) at x-pack/plugin/ent-search/src/main/java/org/elasticsearch/xpack/application/search/action/RenderSearchApplicationQueryAction.java:33}","{Method searchSourceBuilder() at x-pack/plugin/ent-search/src/main/java/org/elasticsearch/xpack/application/search/action/RenderSearchApplicationQueryAction.java:41}","-23","-31"
"6bafeea6f8110020b9d7eaa86070a8962906e746","EXTRACT","{Method writeTo(StreamOutput) at x-pack/plugin/ent-search/src/main/java/org/elasticsearch/xpack/application/search/action/RenderSearchApplicationQueryAction.java:41}","{Method searchSourceBuilder() at x-pack/plugin/ent-search/src/main/java/org/elasticsearch/xpack/application/search/action/RenderSearchApplicationQueryAction.java:41}","-31","-31"
"6bafeea6f8110020b9d7eaa86070a8962906e746","EXTRACT","{Method writeTo(StreamOutput) at x-pack/plugin/ent-search/src/main/java/org/elasticsearch/xpack/application/rules/action/TestQueryRulesetAction.java:163}","{Method totalMatchedRules() at x-pack/plugin/ent-search/src/main/java/org/elasticsearch/xpack/application/rules/action/TestQueryRulesetAction.java:164}","-153","-154"
"6bafeea6f8110020b9d7eaa86070a8962906e746","EXTRACT_MOVE","{Method randomSearchSourceBuilder() at x-pack/plugin/ent-search/src/test/java/org/elasticsearch/xpack/application/search/action/RenderQueryResponseSerializingTests.java:35}","{Method searchSourceBuilder() at x-pack/plugin/ent-search/src/main/java/org/elasticsearch/xpack/application/search/action/RenderSearchApplicationQueryAction.java:41}","-29","-31"
"6bafeea6f8110020b9d7eaa86070a8962906e746","EXTRACT_MOVE","{Method createTestInstance() at x-pack/plugin/ent-search/src/test/java/org/elasticsearch/xpack/application/rules/action/TestQueryRulesetActionResponseBWCSerializingTests.java:34}","{Method totalMatchedRules() at x-pack/plugin/ent-search/src/main/java/org/elasticsearch/xpack/application/rules/action/TestQueryRulesetAction.java:164}","-28","-154"
"6bafeea6f8110020b9d7eaa86070a8962906e746","EXTRACT","{Method new(String, SearchSourceBuilder) at x-pack/plugin/ent-search/src/main/java/org/elasticsearch/xpack/application/search/action/RenderSearchApplicationQueryAction.java:37}","{Method searchSourceBuilder() at x-pack/plugin/ent-search/src/main/java/org/elasticsearch/xpack/application/search/action/RenderSearchApplicationQueryAction.java:41}","-27","-31"
"6bafeea6f8110020b9d7eaa86070a8962906e746","CHANGE_SIGNATURE","{Method new(String, SearchSourceBuilder) at x-pack/plugin/ent-search/src/main/java/org/elasticsearch/xpack/application/search/action/RenderSearchApplicationQueryAction.java:37}","{Method new(SearchSourceBuilder) at x-pack/plugin/ent-search/src/main/java/org/elasticsearch/xpack/application/search/action/RenderSearchApplicationQueryAction.java:37}","-27","-27"
"6bafeea6f8110020b9d7eaa86070a8962906e746","EXTRACT","{Method new(int, List) at x-pack/plugin/ent-search/src/main/java/org/elasticsearch/xpack/application/rules/action/TestQueryRulesetAction.java:158}","{Method totalMatchedRules() at x-pack/plugin/ent-search/src/main/java/org/elasticsearch/xpack/application/rules/action/TestQueryRulesetAction.java:164}","-148","-154"
"6bafeea6f8110020b9d7eaa86070a8962906e746","RENAME","{Method randomQueryRulesetListItem() at x-pack/plugin/ent-search/src/test/java/org/elasticsearch/xpack/application/rules/action/ListQueryRulesetsActionResponseBWCSerializingTests.java:32}","{Method randomQueryRulesetList() at x-pack/plugin/ent-search/src/test/java/org/elasticsearch/xpack/application/rules/action/ListQueryRulesetsActionResponseBWCSerializingTests.java:33}","-26","-27"
"6bafeea6f8110020b9d7eaa86070a8962906e746","EXTRACT","{Method hashCode() at x-pack/plugin/ent-search/src/main/java/org/elasticsearch/xpack/application/search/action/RenderSearchApplicationQueryAction.java:59}","{Method searchSourceBuilder() at x-pack/plugin/ent-search/src/main/java/org/elasticsearch/xpack/application/search/action/RenderSearchApplicationQueryAction.java:41}","-49","-31"
"6bafeea6f8110020b9d7eaa86070a8962906e746","EXTRACT","{Method equals(Object) at x-pack/plugin/ent-search/src/main/java/org/elasticsearch/xpack/application/search/action/RenderSearchApplicationQueryAction.java:51}","{Method searchSourceBuilder() at x-pack/plugin/ent-search/src/main/java/org/elasticsearch/xpack/application/search/action/RenderSearchApplicationQueryAction.java:41}","-41","-31"
"6bafeea6f8110020b9d7eaa86070a8962906e746","EXTRACT","{Method toXContent(XContentBuilder, Params) at x-pack/plugin/ent-search/src/main/java/org/elasticsearch/xpack/application/search/action/RenderSearchApplicationQueryAction.java:46}","{Method searchSourceBuilder() at x-pack/plugin/ent-search/src/main/java/org/elasticsearch/xpack/application/search/action/RenderSearchApplicationQueryAction.java:41}","-36","-31"
"6bafeea6f8110020b9d7eaa86070a8962906e746","RENAME","{Method randomSearchApplicationListItem() at x-pack/plugin/ent-search/src/test/java/org/elasticsearch/xpack/application/search/action/ListSearchApplicationActionResponseBWCSerializingTests.java:25}","{Method randomSearchApplicationList() at x-pack/plugin/ent-search/src/test/java/org/elasticsearch/xpack/application/search/action/ListSearchApplicationActionResponseBWCSerializingTests.java:27}","-19","-21"
"6bafeea6f8110020b9d7eaa86070a8962906e746","EXTRACT","{Method equals(Object) at x-pack/plugin/ent-search/src/main/java/org/elasticsearch/xpack/application/rules/action/TestQueryRulesetAction.java:185}","{Method totalMatchedRules() at x-pack/plugin/ent-search/src/main/java/org/elasticsearch/xpack/application/rules/action/TestQueryRulesetAction.java:164}","-175","-154"
"6bafeea6f8110020b9d7eaa86070a8962906e746","EXTRACT","{Method createTestInstance() at x-pack/plugin/ent-search/src/test/java/org/elasticsearch/xpack/application/rules/action/TestQueryRulesetActionResponseBWCSerializingTests.java:34}","{Method randomMatchedRules() at x-pack/plugin/ent-search/src/test/java/org/elasticsearch/xpack/application/rules/action/TestQueryRulesetActionResponseBWCSerializingTests.java:48}","-28","-42"
"722e2b3397c0420211be67632e108d513033742e"
"7b89c2bcb90482dbf6eb749a90956f0fae37c44a","MOVE","{Class ChunkerBuilder at x-pack/plugin/inference/src/main/java/org/elasticsearch/xpack/inference/chunking/ChunkerBuilder.java:12}","{Class ChunkerBuilder at x-pack/plugin/core/src/main/java/org/elasticsearch/xpack/core/inference/chunking/ChunkerBuilder.java:12}","-10","-10"
"7b89c2bcb90482dbf6eb749a90956f0fae37c44a","MOVE","{Class ChunkingSettingsBuilderTests at x-pack/plugin/inference/src/test/java/org/elasticsearch/xpack/inference/chunking/ChunkingSettingsBuilderTests.java:26}","{Class ChunkingSettingsBuilderTests at x-pack/plugin/core/src/test/java/org/elasticsearch/xpack/core/inference/chunking/ChunkingSettingsBuilderTests.java:22}","-24","-20"
"7b89c2bcb90482dbf6eb749a90956f0fae37c44a","MOVE","{Interface Chunker at x-pack/plugin/inference/src/main/java/org/elasticsearch/xpack/inference/chunking/Chunker.java:14}","{Interface Chunker at x-pack/plugin/core/src/main/java/org/elasticsearch/xpack/core/inference/chunking/Chunker.java:14}","-12","-12"
"7b89c2bcb90482dbf6eb749a90956f0fae37c44a","MOVE","{Class NoopChunker at x-pack/plugin/inference/src/main/java/org/elasticsearch/xpack/inference/chunking/NoopChunker.java:24}","{Class NoopChunker at x-pack/plugin/core/src/main/java/org/elasticsearch/xpack/core/inference/chunking/NoopChunker.java:22}","-22","-20"
"7b89c2bcb90482dbf6eb749a90956f0fae37c44a","MOVE","{Class RecursiveChunkerTests at x-pack/plugin/inference/src/test/java/org/elasticsearch/xpack/inference/chunking/RecursiveChunkerTests.java:19}","{Class RecursiveChunkerTests at x-pack/plugin/core/src/test/java/org/elasticsearch/xpack/core/inference/chunking/RecursiveChunkerTests.java:16}","-17","-14"
"7b89c2bcb90482dbf6eb749a90956f0fae37c44a","MOVE","{Class SentenceBoundaryChunker at x-pack/plugin/inference/src/main/java/org/elasticsearch/xpack/inference/chunking/SentenceBoundaryChunker.java:30}","{Class SentenceBoundaryChunker at x-pack/plugin/core/src/main/java/org/elasticsearch/xpack/core/inference/chunking/SentenceBoundaryChunker.java:29}","-28","-27"
"7b89c2bcb90482dbf6eb749a90956f0fae37c44a","MOVE","{Class RecursiveChunker at x-pack/plugin/inference/src/main/java/org/elasticsearch/xpack/inference/chunking/RecursiveChunker.java:32}","{Class RecursiveChunker at x-pack/plugin/core/src/main/java/org/elasticsearch/xpack/core/inference/chunking/RecursiveChunker.java:30}","-30","-28"
"7b89c2bcb90482dbf6eb749a90956f0fae37c44a","MOVE","{Class EmbeddingRequestChunker at x-pack/plugin/inference/src/main/java/org/elasticsearch/xpack/inference/chunking/EmbeddingRequestChunker.java:45}","{Class EmbeddingRequestChunker at x-pack/plugin/core/src/main/java/org/elasticsearch/xpack/core/inference/chunking/EmbeddingRequestChunker.java:44}","-43","-42"
"7b89c2bcb90482dbf6eb749a90956f0fae37c44a","MOVE","{Class WordBoundaryChunker at x-pack/plugin/inference/src/main/java/org/elasticsearch/xpack/inference/chunking/WordBoundaryChunker.java:32}","{Class WordBoundaryChunker at x-pack/plugin/core/src/main/java/org/elasticsearch/xpack/core/inference/chunking/WordBoundaryChunker.java:31}","-30","-29"
"7b89c2bcb90482dbf6eb749a90956f0fae37c44a","MOVE","{Class ChunkerUtils at x-pack/plugin/inference/src/main/java/org/elasticsearch/xpack/inference/chunking/ChunkerUtils.java:12}","{Class ChunkerUtils at x-pack/plugin/core/src/main/java/org/elasticsearch/xpack/core/inference/chunking/ChunkerUtils.java:12}","-10","-10"
"7b89c2bcb90482dbf6eb749a90956f0fae37c44a","MOVE","{Class RerankRequestChunkerTests at x-pack/plugin/inference/src/test/java/org/elasticsearch/xpack/inference/chunking/RerankRequestChunkerTests.java:22}","{Class RerankRequestChunkerTests at x-pack/plugin/core/src/test/java/org/elasticsearch/xpack/core/inference/chunking/RerankRequestChunkerTests.java:22}","-20","-20"
"7b89c2bcb90482dbf6eb749a90956f0fae37c44a","MOVE","{Class ChunkingStrategyTests at x-pack/plugin/inference/src/test/java/org/elasticsearch/xpack/inference/chunking/ChunkingStrategyTests.java:13}","{Class ChunkingStrategyTests at x-pack/plugin/core/src/test/java/org/elasticsearch/xpack/core/inference/chunking/ChunkingStrategyTests.java:13}","-11","-11"
"7b89c2bcb90482dbf6eb749a90956f0fae37c44a","MOVE","{Class SentenceBoundaryChunkerTests at x-pack/plugin/inference/src/test/java/org/elasticsearch/xpack/inference/chunking/SentenceBoundaryChunkerTests.java:32}","{Class SentenceBoundaryChunkerTests at x-pack/plugin/core/src/test/java/org/elasticsearch/xpack/core/inference/chunking/SentenceBoundaryChunkerTests.java:30}","-30","-28"
"7b89c2bcb90482dbf6eb749a90956f0fae37c44a","MOVE","{Class ChunkerUtilsTests at x-pack/plugin/inference/src/test/java/org/elasticsearch/xpack/inference/chunking/ChunkerUtilsTests.java:18}","{Class ChunkerUtilsTests at x-pack/plugin/core/src/test/java/org/elasticsearch/xpack/core/inference/chunking/ChunkerUtilsTests.java:18}","-16","-16"
"7b89c2bcb90482dbf6eb749a90956f0fae37c44a","MOVE","{Class WordBoundaryChunkerTests at x-pack/plugin/inference/src/test/java/org/elasticsearch/xpack/inference/chunking/WordBoundaryChunkerTests.java:27}","{Class WordBoundaryChunkerTests at x-pack/plugin/core/src/test/java/org/elasticsearch/xpack/core/inference/chunking/WordBoundaryChunkerTests.java:24}","-25","-22"
"7b89c2bcb90482dbf6eb749a90956f0fae37c44a","MOVE","{Class ChunkerBuilderTests at x-pack/plugin/inference/src/test/java/org/elasticsearch/xpack/inference/chunking/ChunkerBuilderTests.java:17}","{Class ChunkerBuilderTests at x-pack/plugin/core/src/test/java/org/elasticsearch/xpack/core/inference/chunking/ChunkerBuilderTests.java:17}","-15","-15"
"7b89c2bcb90482dbf6eb749a90956f0fae37c44a","MOVE","{Class EmbeddingRequestChunkerTests at x-pack/plugin/inference/src/test/java/org/elasticsearch/xpack/inference/chunking/EmbeddingRequestChunkerTests.java:38}","{Class EmbeddingRequestChunkerTests at x-pack/plugin/core/src/test/java/org/elasticsearch/xpack/core/inference/chunking/EmbeddingRequestChunkerTests.java:35}","-36","-33"
"7b89c2bcb90482dbf6eb749a90956f0fae37c44a","MOVE","{Class RerankRequestChunker at x-pack/plugin/inference/src/main/java/org/elasticsearch/xpack/inference/chunking/RerankRequestChunker.java:23}","{Class RerankRequestChunker at x-pack/plugin/core/src/main/java/org/elasticsearch/xpack/core/inference/chunking/RerankRequestChunker.java:22}","-21","-20"
"d963f02d70c26eff421d8e3c809738354fe6642a"
"cab30d92bd4f3ad0b849b971cdd3ac9e53e31cd3","EXTRACT","{Method testAggMetricInEsqlTSAfterDownsampling() at x-pack/plugin/downsample/src/internalClusterTest/java/org/elasticsearch/xpack/downsample/DownsampleIT.java:174}","{Method testEsqlMetrics(String, String) at x-pack/plugin/downsample/src/internalClusterTest/java/org/elasticsearch/xpack/downsample/DownsampleIT.java:358}","-168","-352"
"cab30d92bd4f3ad0b849b971cdd3ac9e53e31cd3","EXTRACT","{Method testAggMetricInEsqlTSAfterDownsampling() at x-pack/plugin/downsample/src/internalClusterTest/java/org/elasticsearch/xpack/downsample/DownsampleIT.java:174}","{Method rolloverAndDownsample(String, int, String) at x-pack/plugin/downsample/src/internalClusterTest/java/org/elasticsearch/xpack/downsample/DownsampleIT.java:430}","-168","-424"
"fc80e5eb6f3cba791663a972727d764e073e99a4"
"bd356491b1e32b19993ed6cd70cc2415df1253ce"
"a8449b262b1435d81361ae6a2ce3a5f8a702a646"
"236c9fe987483c46d57177494599f25963a1c179","RENAME","{Method testShardBlobsToDelete() at server/src/test/java/org/elasticsearch/repositories/blobstore/BlobStoreRepositoryTests.java:634}","{Method testWriteToShardBlobToDelete() at server/src/test/java/org/elasticsearch/repositories/blobstore/BlobStoreRepositoryTests.java:761}","-628","-755"
"d8ae9aecdec0181a1f422609854084f42681c435","EXTRACT_MOVE","{Method testSimpleWithCranky() at x-pack/plugin/esql/compute/test/src/main/java/org/elasticsearch/compute/test/OperatorTestCase.java:150}","{Method largeInputSize() at x-pack/plugin/esql/src/test/java/org/elasticsearch/xpack/esql/inference/InferenceOperatorTestCase.java:77}","-144","-71"
"d8ae9aecdec0181a1f422609854084f42681c435","EXTRACT_MOVE","{Method testSimpleCircuitBreaking() at x-pack/plugin/esql/compute/test/src/main/java/org/elasticsearch/compute/test/OperatorTestCase.java:100}","{Method largeInputSize() at x-pack/plugin/esql/src/test/java/org/elasticsearch/xpack/esql/inference/InferenceOperatorTestCase.java:77}","-94","-71"
"d8ae9aecdec0181a1f422609854084f42681c435","INTERNAL_MOVE","{Method runWithRandomDelay(Runnable) at x-pack/plugin/esql/src/test/java/org/elasticsearch/xpack/esql/inference/InferenceOperatorTestCase.java:198}","{Method runWithRandomDelay(Runnable) at x-pack/plugin/esql/src/test/java/org/elasticsearch/xpack/esql/inference/InferenceOperatorTestCase.java:138}","-192","-124"
"d8ae9aecdec0181a1f422609854084f42681c435","EXTRACT","{Method testSimpleWithCranky() at x-pack/plugin/esql/compute/test/src/main/java/org/elasticsearch/compute/test/OperatorTestCase.java:150}","{Method largeInputSize() at x-pack/plugin/esql/compute/test/src/main/java/org/elasticsearch/compute/test/OperatorTestCase.java:86}","-144","-80"
"d8ae9aecdec0181a1f422609854084f42681c435","EXTRACT_MOVE","{Method testSimpleLargeInput() at x-pack/plugin/esql/compute/test/src/main/java/org/elasticsearch/compute/test/OperatorTestCase.java:77}","{Method largeInputSize() at x-pack/plugin/esql/src/test/java/org/elasticsearch/xpack/esql/inference/InferenceOperatorTestCase.java:77}","-71","-71"
"d8ae9aecdec0181a1f422609854084f42681c435","EXTRACT","{Method testSimpleLargeInput() at x-pack/plugin/esql/compute/test/src/main/java/org/elasticsearch/compute/test/OperatorTestCase.java:77}","{Method largeInputSize() at x-pack/plugin/esql/compute/test/src/main/java/org/elasticsearch/compute/test/OperatorTestCase.java:86}","-71","-80"
"d8ae9aecdec0181a1f422609854084f42681c435","EXTRACT","{Method testSimpleCircuitBreaking() at x-pack/plugin/esql/compute/test/src/main/java/org/elasticsearch/compute/test/OperatorTestCase.java:100}","{Method largeInputSize() at x-pack/plugin/esql/compute/test/src/main/java/org/elasticsearch/compute/test/OperatorTestCase.java:86}","-94","-80"
"1f6311b1bfbb76eddd52e29fe929109683afeddc","EXTRACT","{Method createContinuousPivotReviewsTransform(String, String, String) at x-pack/plugin/transform/qa/single-node-tests/src/javaRestTest/java/org/elasticsearch/xpack/transform/integration/TransformRestTestCase.java:251}","{Method createContinuousPivotReviewsTransform(String, String, String, String) at x-pack/plugin/transform/qa/single-node-tests/src/javaRestTest/java/org/elasticsearch/xpack/transform/integration/TransformRestTestCase.java:257}","-245","-251"
"1f6311b1bfbb76eddd52e29fe929109683afeddc","EXTRACT","{Method testUpdateThatChangesSettingsButNotHeaders() at x-pack/plugin/transform/qa/single-node-tests/src/javaRestTest/java/org/elasticsearch/xpack/transform/integration/TransformUpdateIT.java:111}","{Method updateTransform(String, String) at x-pack/plugin/transform/qa/single-node-tests/src/javaRestTest/java/org/elasticsearch/xpack/transform/integration/TransformUpdateIT.java:127}","-105","-121"
"2ba8eb2b4a79ceefd03168863a02ffab9168aa54"
"cac106d96891d966803d7b36997b0fd2d0153bda"
"b6d78aeafa0c313a96b40f5aa09d5e89bbee0c56","INLINE","{Method useBFloat16() at server/src/test/java/org/elasticsearch/index/codec/vectors/es93/ES93HnswBinaryQuantizedVectorsFormatTests.java:46}","{Method createFormat(int, int) at server/src/test/java/org/elasticsearch/index/codec/vectors/es93/ES93HnswBinaryQuantizedVectorsFormatTests.java:49}","-40","-43"
"b6d78aeafa0c313a96b40f5aa09d5e89bbee0c56","PULL_UP","{Method testWriterRamEstimate() at server/src/test/java/org/elasticsearch/index/codec/vectors/es93/ES93BinaryQuantizedBFloat16VectorsFormatTests.java:60}","{Method testWriterRamEstimate() at server/src/test/java/org/elasticsearch/index/codec/vectors/BaseBFloat16KnnVectorsFormatTestCase.java:102}","-54","-96"
"b6d78aeafa0c313a96b40f5aa09d5e89bbee0c56","PULL_UP","{Method testVectorValuesReportCorrectDocs() at server/src/test/java/org/elasticsearch/index/codec/vectors/es93/ES93BinaryQuantizedBFloat16VectorsFormatTests.java:77}","{Method testVectorValuesReportCorrectDocs() at server/src/test/java/org/elasticsearch/index/codec/vectors/BaseBFloat16KnnVectorsFormatTestCase.java:403}","-71","-397"
"b6d78aeafa0c313a96b40f5aa09d5e89bbee0c56","INLINE","{Method useBFloat16() at server/src/test/java/org/elasticsearch/index/codec/vectors/es93/ES93HnswBinaryQuantizedVectorsFormatTests.java:46}","{Method createFormat(int, int, int, ExecutorService) at server/src/test/java/org/elasticsearch/index/codec/vectors/es93/ES93HnswBinaryQuantizedVectorsFormatTests.java:54}","-40","-48"
"b6d78aeafa0c313a96b40f5aa09d5e89bbee0c56","PULL_UP","{Method testByteVectorScorerIteration() at server/src/test/java/org/elasticsearch/index/codec/vectors/es93/ES93BinaryQuantizedBFloat16VectorsFormatTests.java:40}","{Method testByteVectorScorerIteration() at server/src/test/java/org/elasticsearch/index/codec/vectors/BaseBFloat16KnnVectorsFormatTestCase.java:82}","-34","-76"
"b6d78aeafa0c313a96b40f5aa09d5e89bbee0c56","INLINE","{Method useBFloat16() at server/src/test/java/org/elasticsearch/index/codec/vectors/es93/ES93BinaryQuantizedVectorsFormatTests.java:78}","{Method createFormat(int, int, int, ExecutorService) at server/src/test/java/org/elasticsearch/index/codec/vectors/es93/ES93HnswBinaryQuantizedVectorsFormatTests.java:54}","-72","-48"
"b6d78aeafa0c313a96b40f5aa09d5e89bbee0c56","PULL_UP","{Method testSingleVectorCase() at server/src/test/java/org/elasticsearch/index/codec/vectors/es93/ES93HnswBinaryQuantizedBFloat16VectorsFormatTests.java:66}","{Method testSingleVectorCase() at server/src/test/java/org/elasticsearch/index/codec/vectors/BaseHnswBFloat16VectorsFormatTestCase.java:81}","-60","-75"
"b6d78aeafa0c313a96b40f5aa09d5e89bbee0c56","PULL_UP","{Method testSparseVectors() at server/src/test/java/org/elasticsearch/index/codec/vectors/es93/ES93BinaryQuantizedBFloat16VectorsFormatTests.java:71}","{Method testSparseVectors() at server/src/test/java/org/elasticsearch/index/codec/vectors/BaseBFloat16KnnVectorsFormatTestCase.java:323}","-65","-317"
"b6d78aeafa0c313a96b40f5aa09d5e89bbee0c56","INLINE","{Method useBFloat16() at server/src/test/java/org/elasticsearch/index/codec/vectors/es93/ES93HnswBinaryQuantizedVectorsFormatTests.java:46}","{Method setUp() at server/src/test/java/org/elasticsearch/index/codec/vectors/es93/ES93BinaryQuantizedVectorsFormatTests.java:85}","-40","-79"
"b6d78aeafa0c313a96b40f5aa09d5e89bbee0c56","INLINE","{Method useBFloat16() at server/src/test/java/org/elasticsearch/index/codec/vectors/es93/ES93BinaryQuantizedVectorsFormatTests.java:78}","{Method setUp() at server/src/test/java/org/elasticsearch/index/codec/vectors/es93/ES93BinaryQuantizedVectorsFormatTests.java:85}","-72","-79"
"b6d78aeafa0c313a96b40f5aa09d5e89bbee0c56","PULL_UP","{Method testSortedIndexBytes() at server/src/test/java/org/elasticsearch/index/codec/vectors/es93/ES93BinaryQuantizedBFloat16VectorsFormatTests.java:45}","{Method testSortedIndexBytes() at server/src/test/java/org/elasticsearch/index/codec/vectors/BaseBFloat16KnnVectorsFormatTestCase.java:87}","-39","-81"
"b6d78aeafa0c313a96b40f5aa09d5e89bbee0c56","PULL_UP","{Method randomVectorEncoding() at server/src/test/java/org/elasticsearch/index/codec/vectors/es93/ES93BinaryQuantizedBFloat16VectorsFormatTests.java:25}","{Method randomVectorEncoding() at server/src/test/java/org/elasticsearch/index/codec/vectors/BaseBFloat16KnnVectorsFormatTestCase.java:67}","-19","-61"
"b6d78aeafa0c313a96b40f5aa09d5e89bbee0c56","PULL_UP","{Method testMergingWithDifferentByteKnnFields() at server/src/test/java/org/elasticsearch/index/codec/vectors/es93/ES93BinaryQuantizedBFloat16VectorsFormatTests.java:35}","{Method testMergingWithDifferentByteKnnFields() at server/src/test/java/org/elasticsearch/index/codec/vectors/BaseBFloat16KnnVectorsFormatTestCase.java:77}","-29","-71"
"b6d78aeafa0c313a96b40f5aa09d5e89bbee0c56","EXTRACT_SUPER","{Class ES93HnswBinaryQuantizedBFloat16VectorsFormatTests at server/src/test/java/org/elasticsearch/index/codec/vectors/es93/ES93HnswBinaryQuantizedBFloat16VectorsFormatTests.java:19}","{Class BaseHnswBFloat16VectorsFormatTestCase at server/src/test/java/org/elasticsearch/index/codec/vectors/BaseHnswBFloat16VectorsFormatTestCase.java:45}","-17","-43"
"b6d78aeafa0c313a96b40f5aa09d5e89bbee0c56","PULL_UP","{Method testRandom() at server/src/test/java/org/elasticsearch/index/codec/vectors/es93/ES93BinaryQuantizedBFloat16VectorsFormatTests.java:65}","{Method testRandom() at server/src/test/java/org/elasticsearch/index/codec/vectors/BaseBFloat16KnnVectorsFormatTestCase.java:163}","-59","-157"
"b6d78aeafa0c313a96b40f5aa09d5e89bbee0c56","PULL_UP","{Method testMismatchedFields() at server/src/test/java/org/elasticsearch/index/codec/vectors/es93/ES93BinaryQuantizedBFloat16VectorsFormatTests.java:50}","{Method testMismatchedFields() at server/src/test/java/org/elasticsearch/index/codec/vectors/BaseBFloat16KnnVectorsFormatTestCase.java:92}","-44","-86"
"b6d78aeafa0c313a96b40f5aa09d5e89bbee0c56","INLINE","{Method useBFloat16() at server/src/test/java/org/elasticsearch/index/codec/vectors/es93/ES93BinaryQuantizedVectorsFormatTests.java:78}","{Method createFormat(int, int) at server/src/test/java/org/elasticsearch/index/codec/vectors/es93/ES93HnswBinaryQuantizedVectorsFormatTests.java:49}","-72","-43"
"b6d78aeafa0c313a96b40f5aa09d5e89bbee0c56","PULL_UP","{Method testRandomBytes() at server/src/test/java/org/elasticsearch/index/codec/vectors/es93/ES93BinaryQuantizedBFloat16VectorsFormatTests.java:55}","{Method testRandomBytes() at server/src/test/java/org/elasticsearch/index/codec/vectors/BaseBFloat16KnnVectorsFormatTestCase.java:97}","-49","-91"
"b6d78aeafa0c313a96b40f5aa09d5e89bbee0c56","EXTRACT_SUPER","{Class ES93BinaryQuantizedBFloat16VectorsFormatTests at server/src/test/java/org/elasticsearch/index/codec/vectors/es93/ES93BinaryQuantizedBFloat16VectorsFormatTests.java:19}","{Class BaseBFloat16KnnVectorsFormatTestCase at server/src/test/java/org/elasticsearch/index/codec/vectors/BaseBFloat16KnnVectorsFormatTestCase.java:65}","-17","-63"
"b6d78aeafa0c313a96b40f5aa09d5e89bbee0c56","INLINE","{Method useBFloat16() at server/src/test/java/org/elasticsearch/index/codec/vectors/es93/ES93BinaryQuantizedVectorsFormatTests.java:78}","{Method createFormat() at server/src/test/java/org/elasticsearch/index/codec/vectors/es93/ES93HnswBinaryQuantizedVectorsFormatTests.java:44}","-72","-38"
"b6d78aeafa0c313a96b40f5aa09d5e89bbee0c56","INLINE","{Method useBFloat16() at server/src/test/java/org/elasticsearch/index/codec/vectors/es93/ES93HnswBinaryQuantizedVectorsFormatTests.java:46}","{Method createFormat() at server/src/test/java/org/elasticsearch/index/codec/vectors/es93/ES93HnswBinaryQuantizedVectorsFormatTests.java:44}","-40","-38"
"b6d78aeafa0c313a96b40f5aa09d5e89bbee0c56","PULL_UP","{Method testEmptyByteVectorData() at server/src/test/java/org/elasticsearch/index/codec/vectors/es93/ES93BinaryQuantizedBFloat16VectorsFormatTests.java:30}","{Method testEmptyByteVectorData() at server/src/test/java/org/elasticsearch/index/codec/vectors/BaseBFloat16KnnVectorsFormatTestCase.java:72}","-24","-66"
"11c77ba02aab95c7bde12cfb2a5b173bd75d3141","EXTRACT","{Method randomHistogram(ExponentialHistogramCircuitBreaker) at libs/exponential-histogram/src/test/java/org/elasticsearch/exponentialhistogram/ExponentialHistogramTestUtils.java:37}","{Method randomHistogram(int, ExponentialHistogramCircuitBreaker) at libs/exponential-histogram/src/test/java/org/elasticsearch/exponentialhistogram/ExponentialHistogramTestUtils.java:42}","-31","-36"
"2731c4136ba7862e525784c3fce1bf0d736f3718"
"8889536aba2c8d7ba33df3cd7c53aece8d16b2de"
"e531d64893ed6bfc5d8f36914b8469f12f883fcf","CHANGE_SIGNATURE","{Method copy(Map, boolean) at x-pack/plugin/inference/src/main/java/org/elasticsearch/xpack/inference/queries/InterceptedInferenceSparseVectorQueryBuilder.java:116}","{Method copy(Map, SetOnce, boolean) at x-pack/plugin/inference/src/main/java/org/elasticsearch/xpack/inference/queries/InterceptedInferenceSparseVectorQueryBuilder.java:118}","-110","-112"
"e531d64893ed6bfc5d8f36914b8469f12f883fcf","MOVE_RENAME","{Method generateMapping(Map) at x-pack/plugin/inference/src/internalClusterTest/java/org/elasticsearch/xpack/inference/integration/SemanticTextInferenceFieldsIT.java:325}","{Method generateSemanticTextMapping(Map) at x-pack/plugin/inference/src/internalClusterTest/java/org/elasticsearch/xpack/inference/integration/IntegrationTestUtils.java:89}","-319","-83"
"e531d64893ed6bfc5d8f36914b8469f12f883fcf","MOVE","{Class FakeMlPlugin at x-pack/plugin/inference/src/internalClusterTest/java/org/elasticsearch/search/ccs/AbstractSemanticCrossClusterSearchTestCase.java:310}","{Class FakeMlPlugin at x-pack/plugin/inference/src/test/java/org/elasticsearch/xpack/inference/FakeMlPlugin.java:22}","-304","-20"
"e531d64893ed6bfc5d8f36914b8469f12f883fcf","CHANGE_SIGNATURE","{Method new(SemanticQueryBuilder, Map, boolean) at x-pack/plugin/inference/src/main/java/org/elasticsearch/xpack/inference/queries/SemanticQueryBuilder.java:216}","{Method new(SemanticQueryBuilder, Map, SetOnce, boolean) at x-pack/plugin/inference/src/main/java/org/elasticsearch/xpack/inference/queries/SemanticQueryBuilder.java:235}","-210","-229"
"e531d64893ed6bfc5d8f36914b8469f12f883fcf","CHANGE_SIGNATURE","{Method new(InterceptedInferenceQueryBuilder, Map, boolean) at x-pack/plugin/inference/src/main/java/org/elasticsearch/xpack/inference/queries/InterceptedInferenceSparseVectorQueryBuilder.java:61}","{Method new(InterceptedInferenceQueryBuilder, Map, SetOnce, boolean) at x-pack/plugin/inference/src/main/java/org/elasticsearch/xpack/inference/queries/InterceptedInferenceSparseVectorQueryBuilder.java:62}","-55","-56"
"e531d64893ed6bfc5d8f36914b8469f12f883fcf","CHANGE_SIGNATURE","{Method copy(Map, boolean) at x-pack/plugin/inference/src/main/java/org/elasticsearch/xpack/inference/queries/InterceptedInferenceQueryBuilder.java:153}","{Method copy(Map, SetOnce, boolean) at x-pack/plugin/inference/src/main/java/org/elasticsearch/xpack/inference/queries/InterceptedInferenceQueryBuilder.java:163}","-147","-157"
"e531d64893ed6bfc5d8f36914b8469f12f883fcf","CHANGE_SIGNATURE","{Method copy(Map, boolean) at x-pack/plugin/inference/src/main/java/org/elasticsearch/xpack/inference/queries/InterceptedInferenceKnnVectorQueryBuilder.java:129}","{Method copy(Map, SetOnce, boolean) at x-pack/plugin/inference/src/main/java/org/elasticsearch/xpack/inference/queries/InterceptedInferenceKnnVectorQueryBuilder.java:131}","-123","-125"
"e531d64893ed6bfc5d8f36914b8469f12f883fcf","CHANGE_SIGNATURE","{Method new(InterceptedInferenceQueryBuilder, Map, boolean) at x-pack/plugin/inference/src/main/java/org/elasticsearch/xpack/inference/queries/InterceptedInferenceKnnVectorQueryBuilder.java:62}","{Method new(InterceptedInferenceQueryBuilder, Map, SetOnce, boolean) at x-pack/plugin/inference/src/main/java/org/elasticsearch/xpack/inference/queries/InterceptedInferenceKnnVectorQueryBuilder.java:63}","-56","-57"
"e531d64893ed6bfc5d8f36914b8469f12f883fcf","CHANGE_SIGNATURE","{Method copy(Map, boolean) at x-pack/plugin/inference/src/main/java/org/elasticsearch/xpack/inference/queries/InterceptedInferenceMatchQueryBuilder.java:75}","{Method copy(Map, SetOnce, boolean) at x-pack/plugin/inference/src/main/java/org/elasticsearch/xpack/inference/queries/InterceptedInferenceMatchQueryBuilder.java:77}","-69","-71"
"e531d64893ed6bfc5d8f36914b8469f12f883fcf","MOVE","{Method deleteIndex(String) at x-pack/plugin/inference/src/internalClusterTest/java/org/elasticsearch/xpack/inference/integration/SemanticTextInferenceFieldsIT.java:338}","{Method deleteIndex(Client, String) at x-pack/plugin/inference/src/internalClusterTest/java/org/elasticsearch/xpack/inference/integration/IntegrationTestUtils.java:75}","-332","-69"
"e531d64893ed6bfc5d8f36914b8469f12f883fcf","EXTRACT_MOVE","{Method cleanUp() at x-pack/plugin/inference/src/internalClusterTest/java/org/elasticsearch/xpack/inference/integration/SemanticTextInferenceFieldsIT.java:95}","{Method deleteInferenceEndpoint(Client, TaskType, String) at x-pack/plugin/inference/src/internalClusterTest/java/org/elasticsearch/xpack/inference/integration/IntegrationTestUtils.java:64}","-89","-58"
"e531d64893ed6bfc5d8f36914b8469f12f883fcf","CHANGE_SIGNATURE","{Method new(InterceptedInferenceQueryBuilder, Map, boolean) at x-pack/plugin/inference/src/main/java/org/elasticsearch/xpack/inference/queries/InterceptedInferenceQueryBuilder.java:103}","{Method new(InterceptedInferenceQueryBuilder, Map, SetOnce, boolean) at x-pack/plugin/inference/src/main/java/org/elasticsearch/xpack/inference/queries/InterceptedInferenceQueryBuilder.java:110}","-97","-104"
"e531d64893ed6bfc5d8f36914b8469f12f883fcf","CHANGE_SIGNATURE","{Method new(InterceptedInferenceQueryBuilder, Map, boolean) at x-pack/plugin/inference/src/main/java/org/elasticsearch/xpack/inference/queries/InterceptedInferenceMatchQueryBuilder.java:47}","{Method new(InterceptedInferenceQueryBuilder, Map, SetOnce, boolean) at x-pack/plugin/inference/src/main/java/org/elasticsearch/xpack/inference/queries/InterceptedInferenceMatchQueryBuilder.java:48}","-41","-42"
"e531d64893ed6bfc5d8f36914b8469f12f883fcf","MOVE","{Method createInferenceEndpoint(Client, TaskType, String, Map) at x-pack/plugin/inference/src/internalClusterTest/java/org/elasticsearch/search/ccs/AbstractSemanticCrossClusterSearchTestCase.java:168}","{Method createInferenceEndpoint(Client, TaskType, String, Map) at x-pack/plugin/inference/src/internalClusterTest/java/org/elasticsearch/xpack/inference/integration/IntegrationTestUtils.java:35}","-162","-29"
"6117a0d1aeb4bb92f4d2fff180ed17f34d7593d6"
"188e6cda106d0a56a98bd8210014195b08d6a204","CHANGE_SIGNATURE","{Method new() at x-pack/plugin/esql/src/main/java/org/elasticsearch/xpack/esql/optimizer/rules/logical/PushDownAndCombineLimits.java:30}","{Method new(boolean) at x-pack/plugin/esql/src/main/java/org/elasticsearch/xpack/esql/optimizer/rules/logical/PushDownAndCombineLimits.java:35}","-24","-29"
"2be21478e72a6460551bb8e7341cb864c0986dfe"
"9d635175c5f5ac97949d37e0e12d3ac4f91ccafe"
"f365e0243fa7ca358bcb5f5ffe227092ab077833"
"0741dcf88f45865d4cc890a05305b704e99e93c2"
"c3cc3d1d1464051f301c8eaa192360b5e032cfd4"
"d660531c93a222e4e78164fcf2a4a7084190095b"
"e319760453bdf031faa9f52454196c8b895b0d40"
"0b014507220973c1cb28b05bddf5c773072a51f0"
"7727715504c5de3310c41c7ef0cd0b16354e5503"
"077a1a7940cdd57413d84f2522a7666d75f4e093"
"e626ec0d1c1de338ab221b1a2d3e4305f5d61b2d","RENAME","{Method testCtor() at x-pack/plugin/core/src/test/java/org/elasticsearch/xpack/core/ml/action/PutTrainedModelAliasActionRequestTests.java:43}","{Method testConstructor() at x-pack/plugin/core/src/test/java/org/elasticsearch/xpack/core/ml/action/PutTrainedModelAliasActionRequestTests.java:79}","-37","-73"
"6a9f710d0a88dd63a30e2a19f5bffa844f8cfa21"
"7f3b02b661bb61e72a078da6beb2ec346fc8f813"
"74cf26b90440cb1769a1743102ce3cd4aa87dedc","EXTRACT","{Method detectNodeLoad(ClusterState, TrainedModelAssignmentMetadata, DiscoveryNode, int, int, boolean) at x-pack/plugin/ml/src/main/java/org/elasticsearch/xpack/ml/job/NodeLoadDetector.java:82}","{Method detectNodeLoad(PersistentTasksCustomMetadata, TrainedModelAssignmentMetadata, DiscoveryNode, int, int, boolean) at x-pack/plugin/ml/src/main/java/org/elasticsearch/xpack/ml/job/NodeLoadDetector.java:100}","-76","-94"
"74cf26b90440cb1769a1743102ce3cd4aa87dedc","CHANGE_SIGNATURE","{Method handleResponses(ClusterState, ClusterSettings, NodesStatsResponse, TrainedModelCacheInfoAction.Response, ActionListener) at x-pack/plugin/ml/src/main/java/org/elasticsearch/xpack/ml/action/TransportMlMemoryAction.java:137}","{Method handleResponses(ClusterName, PersistentTasksCustomMetadata, TrainedModelAssignmentMetadata, ClusterSettings, NodesStatsResponse, TrainedModelCacheInfoAction.Response, ActionListener) at x-pack/plugin/ml/src/main/java/org/elasticsearch/xpack/ml/action/TransportMlMemoryAction.java:146}","-131","-140"
"74cf26b90440cb1769a1743102ce3cd4aa87dedc","CHANGE_SIGNATURE","{Method new(TransportService, ClusterService, ThreadPool, ActionFilters, Client, MlMemoryTracker) at x-pack/plugin/ml/src/main/java/org/elasticsearch/xpack/ml/action/TransportMlMemoryAction.java:57}","{Method new(TransportService, ClusterService, ThreadPool, ActionFilters, Client, MlMemoryTracker, ProjectResolver) at x-pack/plugin/ml/src/main/java/org/elasticsearch/xpack/ml/action/TransportMlMemoryAction.java:61}","-51","-55"
"ddf9b68dee02e098780e1a1d326b6511f7d510f5"
"e6148ec475c9d34acb4a9291856fb4f5c13cf21e"
"c832243259d10756470c0acb17d2aa145cbadede","RENAME","{Method onlyRequiresIgnoredFields() at server/src/main/java/org/elasticsearch/search/fetch/StoredFieldsSpec.java:40}","{Method onlyRequiresSourcePaths() at server/src/main/java/org/elasticsearch/search/fetch/StoredFieldsSpec.java:40}","-34","-34"
"e7a4eecc3ab7cd8e54f0e0027a6fd3331028e69f","EXTRACT","{Method mergeOneField(FieldInfo, MergeState) at x-pack/plugin/gpu/src/main/java/org/elasticsearch/xpack/gpu/codec/ES92GpuHnswVectorsWriter.java:457}","{Method mergeFloatVectorField(FieldInfo, MergeState, RandomVectorScorerSupplier, int) at x-pack/plugin/gpu/src/main/java/org/elasticsearch/xpack/gpu/codec/ES92GpuHnswVectorsWriter.java:579}","-451","-573"
"d8854e5885a67254361538202c0b8576aa35deab"
"ce6a080af0cf95fc41b584e6cdda149af82fe77f"
"4b89f225bc330e228d2ea38baf5da1978325bc40","CHANGE_SIGNATURE","{Method newNodeRequest(ResetAuditorAction.Request) at x-pack/plugin/ml/src/main/java/org/elasticsearch/xpack/ml/action/TransportResetAuditorAction.java:71}","{Method newNodeRequest(ResetMlComponentsAction.Request) at x-pack/plugin/ml/src/main/java/org/elasticsearch/xpack/ml/action/TransportResetMlComponentsAction.java:75}","-65","-69"
"4b89f225bc330e228d2ea38baf5da1978325bc40","CHANGE_SIGNATURE","{Method newResponse(ResetAuditorAction.Request, List, List) at x-pack/plugin/ml/src/main/java/org/elasticsearch/xpack/ml/action/TransportResetAuditorAction.java:62}","{Method newResponse(ResetMlComponentsAction.Request, List, List) at x-pack/plugin/ml/src/main/java/org/elasticsearch/xpack/ml/action/TransportResetMlComponentsAction.java:66}","-56","-60"
"4b89f225bc330e228d2ea38baf5da1978325bc40","RENAME","{Class ResetAuditorAction at x-pack/plugin/core/src/main/java/org/elasticsearch/xpack/core/ml/action/ResetAuditorAction.java:25}","{Class ResetMlComponentsAction at x-pack/plugin/core/src/main/java/org/elasticsearch/xpack/core/ml/action/ResetMlComponentsAction.java:25}","-23","-23"
"4b89f225bc330e228d2ea38baf5da1978325bc40","CHANGE_SIGNATURE","{Method new(ThreadPool, ClusterService, TransportService, ActionFilters, AnomalyDetectionAuditor, DataFrameAnalyticsAuditor, InferenceAuditor) at x-pack/plugin/ml/src/main/java/org/elasticsearch/xpack/ml/action/TransportResetAuditorAction.java:39}","{Method new(ThreadPool, ClusterService, TransportService, ActionFilters, AnomalyDetectionAuditor, DataFrameAnalyticsAuditor, InferenceAuditor, TrainedModelStatsService) at x-pack/plugin/ml/src/main/java/org/elasticsearch/xpack/ml/action/TransportResetMlComponentsAction.java:41}","-33","-35"
"4b89f225bc330e228d2ea38baf5da1978325bc40","CHANGE_SIGNATURE","{Method nodeOperation(ResetAuditorAction.NodeRequest, Task) at x-pack/plugin/ml/src/main/java/org/elasticsearch/xpack/ml/action/TransportResetAuditorAction.java:81}","{Method nodeOperation(ResetMlComponentsAction.NodeRequest, Task) at x-pack/plugin/ml/src/main/java/org/elasticsearch/xpack/ml/action/TransportResetMlComponentsAction.java:85}","-75","-79"
"4b89f225bc330e228d2ea38baf5da1978325bc40","RENAME","{Class TransportResetAuditorAction at x-pack/plugin/ml/src/main/java/org/elasticsearch/xpack/ml/action/TransportResetAuditorAction.java:28}","{Class TransportResetMlComponentsAction at x-pack/plugin/ml/src/main/java/org/elasticsearch/xpack/ml/action/TransportResetMlComponentsAction.java:29}","-26","-27"
"c8fd98393fae8d70674c66e4943b7ff4df914e0d","EXTRACT","{Method clusterChanged(ClusterChangedEvent) at server/src/main/java/org/elasticsearch/ingest/SamplingService.java:411}","{Method maybeRemoveStaleSamples(ClusterChangedEvent, ProjectId) at server/src/main/java/org/elasticsearch/ingest/SamplingService.java:458}","-405","-452"
"a87502c04d335effad8530ef34a42509b0142914"
"6f1b50788d93e10a1640ef0a7f29ddb1b29b251b"
"7afd97e09176694be951cc99ce99b843da943585","CHANGE_SIGNATURE","{Method cleanUpFeature(ClusterService, ProjectResolver, Client, ActionListener) at x-pack/plugin/core/src/test/java/org/elasticsearch/xpack/core/LocalStateCompositeXPackPlugin.java:722}","{Method cleanUpFeature(ClusterService, ProjectResolver, Client, TimeValue, ActionListener) at x-pack/plugin/core/src/test/java/org/elasticsearch/xpack/core/LocalStateCompositeXPackPlugin.java:723}","-716","-717"
"7afd97e09176694be951cc99ce99b843da943585","CHANGE_SIGNATURE","{Method cleanUpFeature(ClusterService, ProjectResolver, Client, ActionListener) at x-pack/plugin/transform/src/main/java/org/elasticsearch/xpack/transform/Transform.java:437}","{Method cleanUpFeature(ClusterService, ProjectResolver, Client, TimeValue, ActionListener) at x-pack/plugin/transform/src/main/java/org/elasticsearch/xpack/transform/Transform.java:437}","-431","-431"
"7afd97e09176694be951cc99ce99b843da943585","CHANGE_SIGNATURE","{Method apply(ClusterService, ProjectResolver, Client, ActionListener) at server/src/main/java/org/elasticsearch/indices/SystemIndices.java:1043}","{Method apply(ClusterService, ProjectResolver, Client, TimeValue, ActionListener) at server/src/main/java/org/elasticsearch/indices/SystemIndices.java:1051}","-1029","-1037"
"7afd97e09176694be951cc99ce99b843da943585","CHANGE_SIGNATURE","{Method cleanUpFeature(Collection, Collection, String, ClusterService, ProjectResolver, Client, ActionListener) at server/src/main/java/org/elasticsearch/indices/SystemIndices.java:949}","{Method cleanUpFeature(Collection, Collection, String, ClusterService, ProjectResolver, Client, TimeValue, ActionListener) at server/src/main/java/org/elasticsearch/indices/SystemIndices.java:955}","-939","-945"
"7afd97e09176694be951cc99ce99b843da943585","CHANGE_SIGNATURE","{Method cleanUpFeature(ClusterService, ProjectResolver, Client, ActionListener) at server/src/main/java/org/elasticsearch/plugins/SystemIndexPlugin.java:105}","{Method cleanUpFeature(ClusterService, ProjectResolver, Client, TimeValue, ActionListener) at server/src/main/java/org/elasticsearch/plugins/SystemIndexPlugin.java:107}","-99","-101"
"7afd97e09176694be951cc99ce99b843da943585","CHANGE_SIGNATURE","{Method cleanUpFeature(ClusterService, ProjectResolver, Client, ActionListener) at modules/data-streams/src/internalClusterTest/java/org/elasticsearch/datastreams/lifecycle/CrudSystemDataStreamLifecycleIT.java:239}","{Method cleanUpFeature(ClusterService, ProjectResolver, Client, TimeValue, ActionListener) at modules/data-streams/src/internalClusterTest/java/org/elasticsearch/datastreams/lifecycle/CrudSystemDataStreamLifecycleIT.java:240}","-229","-230"
"7afd97e09176694be951cc99ce99b843da943585","CHANGE_SIGNATURE","{Method cleanUpFeature(ClusterService, ProjectResolver, Client, ActionListener) at modules/data-streams/src/internalClusterTest/java/org/elasticsearch/datastreams/SystemDataStreamIT.java:444}","{Method cleanUpFeature(ClusterService, ProjectResolver, Client, TimeValue, ActionListener) at modules/data-streams/src/internalClusterTest/java/org/elasticsearch/datastreams/SystemDataStreamIT.java:446}","-434","-436"
"7afd97e09176694be951cc99ce99b843da943585","CHANGE_SIGNATURE","{Method cleanUpFeature(ClusterService, ProjectResolver, Client, ActionListener) at x-pack/plugin/fleet/src/main/java/org/elasticsearch/xpack/fleet/Fleet.java:314}","{Method cleanUpFeature(ClusterService, ProjectResolver, Client, TimeValue, ActionListener) at x-pack/plugin/fleet/src/main/java/org/elasticsearch/xpack/fleet/Fleet.java:314}","-308","-308"
"7afd97e09176694be951cc99ce99b843da943585","CHANGE_SIGNATURE","{Method cleanUpFeature(ClusterService, ProjectResolver, Client, ActionListener) at x-pack/plugin/ml/src/main/java/org/elasticsearch/xpack/ml/MachineLearning.java:2134}","{Method cleanUpFeature(ClusterService, ProjectResolver, Client, TimeValue, ActionListener) at x-pack/plugin/ml/src/main/java/org/elasticsearch/xpack/ml/MachineLearning.java:2134}","-2128","-2128"
"7afd97e09176694be951cc99ce99b843da943585","CHANGE_SIGNATURE","{Method cleanUpFeature(ClusterService, ProjectResolver, Client, ActionListener) at server/src/internalClusterTest/java/org/elasticsearch/snapshots/FeatureStateResetApiIT.java:218}","{Method cleanUpFeature(ClusterService, ProjectResolver, Client, TimeValue, ActionListener) at server/src/internalClusterTest/java/org/elasticsearch/snapshots/FeatureStateResetApiIT.java:219}","-208","-209"
"7afd97e09176694be951cc99ce99b843da943585","CHANGE_SIGNATURE","{Method cleanUpFeatureForIndices(String, Client, String[], ActionListener) at server/src/main/java/org/elasticsearch/indices/SystemIndices.java:917}","{Method cleanUpFeatureForIndices(String, Client, String[], TimeValue, ActionListener) at server/src/main/java/org/elasticsearch/indices/SystemIndices.java:920}","-907","-910"
"9a6dba351a87501576e46579275d8c45a05efcce"
"18fb3d9907e16c9caaa5018a936dac0dbfaa16bd"
"df159ce270a0a008fa0128f333742775dbc7b2dd","RENAME","{Method copySettings(SemanticTextFieldMapper, MapperMergeContext) at x-pack/plugin/inference/src/main/java/org/elasticsearch/xpack/inference/mapper/SemanticTextFieldMapper.java:504}","{Method copyWithNewModelSettingsIfNotSet(SemanticTextFieldMapper, MinimalServiceSettings, MapperMergeContext) at x-pack/plugin/inference/src/main/java/org/elasticsearch/xpack/inference/mapper/SemanticTextFieldMapper.java:559}","-494","-549"
"df159ce270a0a008fa0128f333742775dbc7b2dd","EXTRACT","{Method merge(FieldMapper, Conflicts, MapperMergeContext) at x-pack/plugin/inference/src/main/java/org/elasticsearch/xpack/inference/mapper/SemanticTextFieldMapper.java:321}","{Method mergeInferenceField(MapperMergeContext, SemanticTextFieldMapper) at x-pack/plugin/inference/src/main/java/org/elasticsearch/xpack/inference/mapper/SemanticTextFieldMapper.java:383}","-311","-373"
"df159ce270a0a008fa0128f333742775dbc7b2dd","PULL_UP","{Method parseRequestConfig(String, TaskType, Map, ActionListener) at x-pack/plugin/inference/qa/test-service-plugin/src/main/java/org/elasticsearch/xpack/inference/mock/TestSparseInferenceServiceExtension.java:75}","{Method parseRequestConfig(String, TaskType, Map, ActionListener) at x-pack/plugin/inference/qa/test-service-plugin/src/main/java/org/elasticsearch/xpack/inference/mock/TestSparseInferenceServiceExtension.java:99}","-65","-89"
"df159ce270a0a008fa0128f333742775dbc7b2dd","PULL_UP","{Method getConfiguration() at x-pack/plugin/inference/qa/test-service-plugin/src/main/java/org/elasticsearch/xpack/inference/mock/TestSparseInferenceServiceExtension.java:93}","{Method getConfiguration() at x-pack/plugin/inference/qa/test-service-plugin/src/main/java/org/elasticsearch/xpack/inference/mock/TestSparseInferenceServiceExtension.java:117}","-83","-107"
"df159ce270a0a008fa0128f333742775dbc7b2dd","EXTRACT","{Method assertSemanticTextField(MapperService, String, boolean, ChunkingSettings, SemanticTextIndexOptions) at x-pack/plugin/inference/src/test/java/org/elasticsearch/xpack/inference/mapper/SemanticTextFieldMapperTests.java:774}","{Method getSemanticFieldMapper(MapperService, String) at x-pack/plugin/inference/src/test/java/org/elasticsearch/xpack/inference/mapper/SemanticTextFieldMapperTests.java:1267}","-768","-1261"
"df159ce270a0a008fa0128f333742775dbc7b2dd","PULL_UP","{Method infer(Model, String, Boolean, Integer, List, boolean, Map, InputType, TimeValue, ActionListener) at x-pack/plugin/inference/qa/test-service-plugin/src/main/java/org/elasticsearch/xpack/inference/mock/TestSparseInferenceServiceExtension.java:103}","{Method infer(Model, String, Boolean, Integer, List, boolean, Map, InputType, TimeValue, ActionListener) at x-pack/plugin/inference/qa/test-service-plugin/src/main/java/org/elasticsearch/xpack/inference/mock/TestSparseInferenceServiceExtension.java:127}","-93","-117"
"df159ce270a0a008fa0128f333742775dbc7b2dd","PULL_UP","{Method chunkedInfer(Model, String, List, Map, InputType, TimeValue, ActionListener) at x-pack/plugin/inference/qa/test-service-plugin/src/main/java/org/elasticsearch/xpack/inference/mock/TestSparseInferenceServiceExtension.java:137}","{Method chunkedInfer(Model, String, List, Map, InputType, TimeValue, ActionListener) at x-pack/plugin/inference/qa/test-service-plugin/src/main/java/org/elasticsearch/xpack/inference/mock/TestSparseInferenceServiceExtension.java:161}","-127","-151"
"df159ce270a0a008fa0128f333742775dbc7b2dd","PULL_UP","{Method unifiedCompletionInfer(Model, UnifiedCompletionRequest, TimeValue, ActionListener) at x-pack/plugin/inference/qa/test-service-plugin/src/main/java/org/elasticsearch/xpack/inference/mock/TestSparseInferenceServiceExtension.java:127}","{Method unifiedCompletionInfer(Model, UnifiedCompletionRequest, TimeValue, ActionListener) at x-pack/plugin/inference/qa/test-service-plugin/src/main/java/org/elasticsearch/xpack/inference/mock/TestSparseInferenceServiceExtension.java:151}","-117","-141"
"df159ce270a0a008fa0128f333742775dbc7b2dd","EXTRACT_MOVE","{Method name() at x-pack/plugin/inference/qa/test-service-plugin/src/main/java/org/elasticsearch/xpack/inference/mock/TestSparseInferenceServiceExtension.java:70}","{Method testServiceName() at x-pack/plugin/inference/qa/test-service-plugin/src/main/java/org/elasticsearch/xpack/inference/mock/TestSparseInferenceServiceExtension.java:82}","-60","-72"
"df159ce270a0a008fa0128f333742775dbc7b2dd","PULL_UP","{Method name() at x-pack/plugin/inference/qa/test-service-plugin/src/main/java/org/elasticsearch/xpack/inference/mock/TestSparseInferenceServiceExtension.java:70}","{Method name() at x-pack/plugin/inference/qa/test-service-plugin/src/main/java/org/elasticsearch/xpack/inference/mock/TestSparseInferenceServiceExtension.java:94}","-60","-84"
"df159ce270a0a008fa0128f333742775dbc7b2dd","EXTRACT_SUPER","{Class TestInferenceService at x-pack/plugin/inference/qa/test-service-plugin/src/main/java/org/elasticsearch/xpack/inference/mock/TestSparseInferenceServiceExtension.java:63}","{Class AbstractSparseTestInferenceService at x-pack/plugin/inference/qa/test-service-plugin/src/main/java/org/elasticsearch/xpack/inference/mock/TestSparseInferenceServiceExtension.java:88}","-57","-82"
"df159ce270a0a008fa0128f333742775dbc7b2dd","PULL_UP","{Method supportedTaskTypes() at x-pack/plugin/inference/qa/test-service-plugin/src/main/java/org/elasticsearch/xpack/inference/mock/TestSparseInferenceServiceExtension.java:98}","{Method supportedTaskTypes() at x-pack/plugin/inference/qa/test-service-plugin/src/main/java/org/elasticsearch/xpack/inference/mock/TestSparseInferenceServiceExtension.java:122}","-88","-112"
"df159ce270a0a008fa0128f333742775dbc7b2dd","PULL_UP","{Method makeChunkedResults(List) at x-pack/plugin/inference/qa/test-service-plugin/src/main/java/org/elasticsearch/xpack/inference/mock/TestSparseInferenceServiceExtension.java:170}","{Method makeChunkedResults(List) at x-pack/plugin/inference/qa/test-service-plugin/src/main/java/org/elasticsearch/xpack/inference/mock/TestSparseInferenceServiceExtension.java:194}","-160","-184"
"df159ce270a0a008fa0128f333742775dbc7b2dd","PULL_UP","{Method generateEmbedding(String, int) at x-pack/plugin/inference/qa/test-service-plugin/src/main/java/org/elasticsearch/xpack/inference/mock/TestSparseInferenceServiceExtension.java:192}","{Method generateEmbedding(String, int) at x-pack/plugin/inference/qa/test-service-plugin/src/main/java/org/elasticsearch/xpack/inference/mock/TestSparseInferenceServiceExtension.java:216}","-182","-206"
"df159ce270a0a008fa0128f333742775dbc7b2dd","EXTRACT","{Method testDenseVectorElementType() at x-pack/plugin/inference/src/test/java/org/elasticsearch/xpack/inference/mapper/SemanticTextFieldMapperTests.java:1109}","{Method getSemanticFieldMapper(MapperService, String) at x-pack/plugin/inference/src/test/java/org/elasticsearch/xpack/inference/mapper/SemanticTextFieldMapperTests.java:1267}","-1103","-1261"
"df159ce270a0a008fa0128f333742775dbc7b2dd","INTERNAL_MOVE","{Class Configuration at x-pack/plugin/inference/qa/test-service-plugin/src/main/java/org/elasticsearch/xpack/inference/mock/TestSparseInferenceServiceExtension.java:197}","{Class Configuration at x-pack/plugin/inference/qa/test-service-plugin/src/main/java/org/elasticsearch/xpack/inference/mock/TestSparseInferenceServiceExtension.java:221}","-187","-211"
"df159ce270a0a008fa0128f333742775dbc7b2dd","EXTRACT","{Method name() at x-pack/plugin/inference/qa/test-service-plugin/src/main/java/org/elasticsearch/xpack/inference/mock/TestSparseInferenceServiceExtension.java:70}","{Method testServiceName() at x-pack/plugin/inference/qa/test-service-plugin/src/main/java/org/elasticsearch/xpack/inference/mock/TestSparseInferenceServiceExtension.java:68}","-60","-58"
"df159ce270a0a008fa0128f333742775dbc7b2dd","CHANGE_SIGNATURE","{Method new(InferenceServiceExtension.InferenceServiceFactoryContext) at x-pack/plugin/inference/qa/test-service-plugin/src/main/java/org/elasticsearch/xpack/inference/mock/TestSparseInferenceServiceExtension.java:68}","{Method new(InferenceServiceFactoryContext) at x-pack/plugin/inference/qa/test-service-plugin/src/main/java/org/elasticsearch/xpack/inference/mock/TestSparseInferenceServiceExtension.java:66}","-58","-56"
"df159ce270a0a008fa0128f333742775dbc7b2dd","PULL_UP","{Method getServiceSettingsFromMap(Map) at x-pack/plugin/inference/qa/test-service-plugin/src/main/java/org/elasticsearch/xpack/inference/mock/TestSparseInferenceServiceExtension.java:188}","{Method getServiceSettingsFromMap(Map) at x-pack/plugin/inference/qa/test-service-plugin/src/main/java/org/elasticsearch/xpack/inference/mock/TestSparseInferenceServiceExtension.java:212}","-178","-202"
"df159ce270a0a008fa0128f333742775dbc7b2dd","PULL_UP","{Method makeResults(List) at x-pack/plugin/inference/qa/test-service-plugin/src/main/java/org/elasticsearch/xpack/inference/mock/TestSparseInferenceServiceExtension.java:158}","{Method makeResults(List) at x-pack/plugin/inference/qa/test-service-plugin/src/main/java/org/elasticsearch/xpack/inference/mock/TestSparseInferenceServiceExtension.java:182}","-148","-172"
"b6e36eb7ae5027236a34ac43cf2a98bc0f815c93"
"b91f28a54d221e25811ee839b1adc00f3921fc0d"
"59fb5b65f42157d0031d1abdc5090fe7425755f3","CHANGE_SIGNATURE","{Method new(String, Resolution, DateFormatter, ScriptCompiler, boolean, IndexMode, IndexSortConfig, IndexVersion, boolean) at server/src/main/java/org/elasticsearch/index/mapper/DateFieldMapper.java:315}","{Method new(String, Resolution, DateFormatter, ScriptCompiler, IndexSettings) at server/src/main/java/org/elasticsearch/index/mapper/DateFieldMapper.java:291}","-305","-281"
"59fb5b65f42157d0031d1abdc5090fe7425755f3","EXTRACT_MOVE","{Method new(String, MappedFieldType, BuilderParams, Long, Resolution, boolean, IndexMode, IndexSortConfig, boolean, Builder) at server/src/main/java/org/elasticsearch/index/mapper/DateFieldMapper.java:1129}","{Method ignoreMalformed(boolean) at server/src/main/java/org/elasticsearch/index/mapper/DateFieldMapper.java:328}","-1123","-318"
"59fb5b65f42157d0031d1abdc5090fe7425755f3","CHANGE_SIGNATURE","{Method shouldUseDocValuesSkipper(IndexVersion, boolean, boolean, IndexMode, IndexSortConfig, String) at server/src/main/java/org/elasticsearch/index/mapper/DateFieldMapper.java:1181}","{Method shouldUseDocValuesSkipper(IndexSettings, boolean, String) at server/src/main/java/org/elasticsearch/index/mapper/DateFieldMapper.java:1113}","-1175","-1107"
"59fb5b65f42157d0031d1abdc5090fe7425755f3","CHANGE_SIGNATURE","{Method new(String, MappedFieldType, BuilderParams, Long, Resolution, boolean, IndexMode, IndexSortConfig, boolean, Builder) at server/src/main/java/org/elasticsearch/index/mapper/DateFieldMapper.java:1129}","{Method new(String, MappedFieldType, BuilderParams, Long, Resolution, boolean, Builder) at server/src/main/java/org/elasticsearch/index/mapper/DateFieldMapper.java:1072}","-1123","-1066"
"9ce05e5a83e0f7f90e6abd598d1bfffa4845284a"
"0a965a7ab36376510e2e0ff764697bde3a2a0c18"
"33f14657cf03a6bd4751dce93363ea836307ce90","EXTRACT_MOVE","{Method parse(DocumentParserContext) at x-pack/plugin/analytics/src/main/java/org/elasticsearch/xpack/analytics/mapper/HistogramFieldMapper.java:283}","{Method parse(String, XContentParser) at x-pack/plugin/analytics/src/main/java/org/elasticsearch/xpack/analytics/mapper/HistogramParser.java:40}","-277","-34"
"0bd01f019483b8b4ebf150798241ffb6131cc3d1"
"4011b9f9e11388dfdbb4866a2d4be95d8dee546d"
"e88cb339bed7a049185be8d447df0ae353976a8d"
"9013e0dbf5138170312497483b5bcdcb7a6776e4"
"30d45732b6e6508ef28e3e8e0c953e89c1ebd0af"
"cf60614121dffdea6195eb025533ff72724d5327"
"1b8547535a2e810e8df6dc7d6b32a3c8999ee9fb"
"0701a22ccbda2c6e52dc2dcc825deb4a74bdb25b","EXTRACT","{Method loadComponentTemplateConfigs() at x-pack/plugin/stack/src/main/java/org/elasticsearch/xpack/stack/StackTemplateRegistry.java:129}","{Method getComponentTemplateConfigsAsConfigs() at x-pack/plugin/stack/src/main/java/org/elasticsearch/xpack/stack/StackTemplateRegistry.java:148}","-123","-142"
"d557a583c1a7b50296890df2dd672e6c4c87f8a0"
