Name,Stars,Forks,Language,Description,URL,Domain
FreeCodeCamp/FreeCodeCamp,"97,948","3,490",JavaScript,The http://FreeCodeCamp.com open source codebase and curriculum. Learn to code and help nonprofits.,https://github.com/FreeCodeCamp/FreeCodeCamp,Documentation
twbs/bootstrap,"94,191","40,589",CSS,"The most popular HTML, CSS, and JavaScript framework for developing responsive, mobile first projects on the web.",https://github.com/twbs/bootstrap,Web libraries and frameworks
angular/angular.js,"48,142","22,679",JavaScript,HTML enhanced for web apps,https://github.com/angular/angular.js,Web libraries and frameworks
mbostock/d3,"48,061","12,901",JavaScript,A JavaScript visualization library for HTML and SVG.,https://github.com/mbostock/d3,Web libraries and frameworks
FortAwesome/Font-Awesome,"40,875","6,948",HTML,The iconic font and CSS toolkit,https://github.com/FortAwesome/Font-Awesome,Web libraries and frameworks
facebook/react,"39,152","6,515",JavaScript,"A declarative, efficient, and flexible JavaScript library for building user interfaces.",https://github.com/facebook/react,Web libraries and frameworks
jquery/jquery,"38,740","10,267",JavaScript,jQuery JavaScript Library,https://github.com/jquery/jquery,Web libraries and frameworks
robbyrussell/oh-my-zsh,"35,306","9,400",Shell,"A delightful community-driven framework for managing your zsh configuration. Includes 200+ optional plugins (rails, git, OSX, hub, capistrano, brew, ant, php, python, etc), over 140 themes to spice up your morning, and an auto-update tool so that makes it easy to keep up with the latest updates from the community.",https://github.com/robbyrussell/oh-my-zsh,Software tools
h5bp/html5-boilerplate,"33,400","8,447",JavaScript,"A professional front-end template for building fast, robust, and adaptable web apps or sites.",https://github.com/h5bp/html5-boilerplate,Web libraries and frameworks
meteor/meteor,"32,989","3,980",JavaScript,"Meteor, the JavaScript App Platform",https://github.com/meteor/meteor,Web libraries and frameworks
airbnb/javascript,"32,516","6,024",JavaScript,JavaScript Style Guide,https://github.com/airbnb/javascript,Documentation
torvalds/linux,"30,830","12,205",C,Linux kernel source tree,https://github.com/torvalds/linux,System software
daneden/animate.css,"30,749","6,895",CSS,A cross-browser library of CSS animations. As easy to use as an easy thing.,https://github.com/daneden/animate.css,Web libraries and frameworks
rails/rails,"30,363","12,315",Ruby,Ruby on Rails,https://github.com/rails/rails,Web libraries and frameworks
Homebrew/homebrew,"29,973","14,675",Ruby,:beer: The missing package manager for OS X.,https://github.com/Homebrew/homebrew,Software tools
docker/docker,"29,917","8,423",Go,Docker - the open-source application container engine,https://github.com/docker/docker,System software
facebook/react-native,"29,459","5,652",JavaScript,A framework for building native apps with React.,https://github.com/facebook/react-native,Web libraries and frameworks
getify/You-Dont-Know-JS,"28,398","3,651",JavaScript,A book series on JavaScript. @YDKJS on twitter.,https://github.com/getify/You-Dont-Know-JS,Documentation
apple/swift,"28,105","3,696",C++,The Swift Programming Language,https://github.com/apple/swift,System software
nwjs/nw.js,"27,788","3,085",C++,Call all Node.js modules directly from DOM and enable a new way of writing applications with all Web technologies.,https://github.com/nwjs/nw.js,System software
hakimel/reveal.js,"27,061","8,231",JavaScript,The HTML Presentation Framework,https://github.com/hakimel/reveal.js,Web libraries and frameworks
impress/impress.js,"26,928","6,013",JavaScript,It's a presentation framework based on the power of CSS3 transforms and transitions in modern browsers and inspired by the idea behind prezi.com.,https://github.com/impress/impress.js,Web libraries and frameworks
atom/atom,"26,009","4,449",CoffeeScript,The hackable text editor,https://github.com/atom/atom,Application software
atom/electron,"25,913","2,615",C++,Build cross platform desktop apps with web technologies,https://github.com/atom/electron,Application software
moment/moment,"25,334","3,282",JavaScript,"Parse, validate, manipulate, and display dates in javascript.",https://github.com/moment/moment,Non-web libraries and frameworks
adobe/brackets,"24,989","5,230",JavaScript,"An open source code editor for the web, written in JavaScript, HTML and CSS.",https://github.com/adobe/brackets,Application software
jekyll/jekyll,"24,521","5,240",Ruby,":globe_with_meridians: Jekyll is a blog-aware, static site generator in Ruby",https://github.com/jekyll/jekyll,Application software
jashkenas/backbone,"24,449","5,453",JavaScript,"Give your JS App some Backbone with Models, Views, Collections, and Events",https://github.com/jashkenas/backbone,Web libraries and frameworks
expressjs/express,"24,132","4,571",JavaScript,"Fast, unopinionated, minimalist web framework for node.",https://github.com/expressjs/express,Web libraries and frameworks
Semantic-Org/Semantic-UI,"24,123","2,777",JavaScript,Semantic is a UI component framework based around useful principles from natural language.,https://github.com/Semantic-Org/Semantic-UI,Web libraries and frameworks
AFNetworking/AFNetworking,"24,039","7,665",Objective-C,"A delightful networking framework for iOS, OS X, watchOS, and tvOS.",https://github.com/AFNetworking/AFNetworking,Software tools
mrdoob/three.js,"23,996","7,746",JavaScript,JavaScript 3D library.,https://github.com/mrdoob/three.js,Web libraries and frameworks
socketio/socket.io,"23,878","4,570",JavaScript,Realtime application framework (Node.JS server),https://github.com/socketio/socket.io,Non-web libraries and frameworks
blueimp/jQuery-File-Upload,"23,165","6,156",JavaScript,"File Upload widget with multiple file selection, drag&drop support, progress bar, validation and preview images, audio and video for jQuery. Supports cross-domain, chunked and resumable file uploads. Works with any server-side platform (Google App Engine, PHP, Python, Ruby on Rails, Java, etc.) that supports standard HTML form file uploads.",https://github.com/blueimp/jQuery-File-Upload,Web libraries and frameworks
driftyco/ionic,"23,038","4,324",JavaScript,Advanced HTML5 mobile development framework and SDK. Build incredible mobile apps with web technologies you already know and love. Best friends with AngularJS.,https://github.com/driftyco/ionic,Web libraries and frameworks
zurb/foundation-sites,"22,974","4,954",JavaScript,The most advanced responsive front-end framework in the world. Quickly create prototypes and production code for sites that work on any kind of device.,https://github.com/zurb/foundation-sites,Web libraries and frameworks
google/material-design-icons,"22,884","4,023",CSS,Material Design icons by Google,https://github.com/google/material-design-icons,Web libraries and frameworks
laravel/laravel,"22,383","7,335",PHP,A PHP Framework For Web Artisans,https://github.com/laravel/laravel,Web libraries and frameworks
jkbrzt/httpie,"21,839","1,326",Python,"CLI HTTP client, user-friendly curl replacement with intuitive UI, JSON support, syntax highlighting, wget-like downloads, extensions, etc.",https://github.com/jkbrzt/httpie,Software tools
resume/resume.github.com,"21,696",590,JavaScript,Resumes generated using the GitHub informations,https://github.com/resume/resume.github.com,Application software
nodejs/node,"21,536","2,846",JavaScript,Node.js JavaScript runtime :sparkles::turtle::rocket::sparkles:,https://github.com/nodejs/node,System software
NARKOZ/hacker-scripts,"21,364","3,816",JavaScript,Based on a true story,https://github.com/NARKOZ/hacker-scripts,Application software
necolas/normalize.css,"20,433","4,216",HTML,A collection of HTML element and attribute style-normalizations,https://github.com/necolas/normalize.css,Web libraries and frameworks
tensorflow/tensorflow,"20,385","7,155",C++,Computation using data flow graphs for scalable machine learning,https://github.com/tensorflow/tensorflow,Software tools
gulpjs/gulp,"20,157","2,456",JavaScript,The streaming build system,https://github.com/gulpjs/gulp,Software tools
google/material-design-lite,"19,738","3,081",HTML,Material Design Lite Components in HTML/CSS/JS,https://github.com/google/material-design-lite,Web libraries and frameworks
nvbn/thefuck,"19,518",907,Python,Magnificent app which corrects your previous console command.,https://github.com/nvbn/thefuck,Software tools
vinta/awesome-python,"19,352","3,479",Python,"A curated list of awesome Python frameworks, libraries, software and resources",https://github.com/vinta/awesome-python,Documentation
mitsuhiko/flask,"19,344","5,940",Python,"A microframework based on Werkzeug, Jinja2 and good intentions",https://github.com/mitsuhiko/flask,Software tools
harvesthq/chosen,"19,212","3,681",HTML,"Chosen is a library for making long, unwieldy select boxes more friendly.",https://github.com/harvesthq/chosen,Web libraries and frameworks
TryGhost/Ghost,"18,944","4,664",JavaScript,Just a blogging platform,https://github.com/TryGhost/Ghost,Application software
nnnick/Chart.js,"18,776","5,845",JavaScript,Simple HTML5 Charts using the <canvas> tag,https://github.com/nnnick/Chart.js,Web libraries and frameworks
django/django,"18,690","7,568",Python,The Web framework for perfectionists with deadlines.,https://github.com/django/django,Web libraries and frameworks
kennethreitz/requests,"18,284","3,180",Python,Python HTTP Requests for Humans™,https://github.com/kennethreitz/requests,Software tools
neovim/neovim,"17,940","1,273",VimL,Vim-fork focused on extensibility and agility. Consider helping sustain Neovim development!,https://github.com/neovim/neovim,Application software
jashkenas/underscore,"17,741","3,991",JavaScript,JavaScript's utility _ belt,https://github.com/jashkenas/underscore,Non-web libraries and frameworks
discourse/discourse,"17,708","4,684",Ruby,"A platform for community discussion. Free, open, simple.",https://github.com/discourse/discourse,Application software
Modernizr/Modernizr,"17,662","2,445",JavaScript,Modernizr is a JavaScript library that detects HTML5 and CSS3 features in the user’s browser.,https://github.com/Modernizr/Modernizr,Web libraries and frameworks
gitlabhq/gitlabhq,"17,535","4,751",Ruby,GitLab is version control for your server,https://github.com/gitlabhq/gitlabhq,Software tools
ariya/phantomjs,"17,457","3,542",HTML,Scriptable Headless WebKit,https://github.com/ariya/phantomjs,Software tools
Dogfalo/materialize,"17,304","2,404",JavaScript,"Materialize, a CSS Framework based on Material Design",https://github.com/Dogfalo/materialize,Web libraries and frameworks
antirez/redis,"17,230","6,080",C,"Redis is an in-memory database that persists on disk. The data model is key-value, but many different kind of values are supported: Strings, Lists, Sets, Sorted Sets, Hashes, HyperLogLogs, Bitmaps.",https://github.com/antirez/redis,System software
caolan/async,"16,987","1,671",JavaScript,Async utilities for node and the browser,https://github.com/caolan/async,Non-web libraries and frameworks
select2/select2,"16,701","3,482",JavaScript,"Select2 is a jQuery based replacement for select boxes. It supports searching, remote data sets, and infinite scrolling of results.",https://github.com/select2/select2,Web libraries and frameworks
nylas/N1,"16,453",557,CoffeeScript,:love_letter: An extensible desktop mail app built on the modern web.,https://github.com/nylas/N1,Application software
tastejs/todomvc,"16,411","9,213",JavaScript,"Helping you select an MV* framework - Todo apps for Backbone.js, Ember.js, AngularJS, and many more",https://github.com/tastejs/todomvc,Documentation
reactjs/redux,"16,257","1,920",JavaScript,Predictable state container for JavaScript apps,https://github.com/reactjs/redux,Web libraries and frameworks
ansible/ansible,"16,048","4,777",Python,"Ansible is a radically simple IT automation platform that makes your applications and systems easier to deploy. Avoid writing scripts or custom code to deploy and update your applications— automate in a language that approaches plain English, using SSH, with no agents to install on remote systems.",https://github.com/ansible/ansible,Software tools
rust-lang/rust,"16,007","3,064",Rust,"A safe, concurrent, practical language.",https://github.com/rust-lang/rust,System software
emberjs/ember.js,"15,959","3,422",JavaScript,Ember.js - A JavaScript framework for creating ambitious web applications,https://github.com/emberjs/ember.js,Web libraries and frameworks
elastic/elasticsearch,"15,734","5,254",Java,"Open Source, Distributed, RESTful Search Engine",https://github.com/elastic/elasticsearch,Software tools
vuejs/vue,"15,601","1,467",JavaScript,Simple yet powerful library for building modern web interfaces.,https://github.com/vuejs/vue,Web libraries and frameworks
golang/go,"15,592","1,902",Go,The Go programming language,https://github.com/golang/go,System software
lodash/lodash,"15,575","1,439",JavaScript,"A modern JavaScript utility library delivering modularity, performance, & extras.",https://github.com/lodash/lodash,Non-web libraries and frameworks
Alamofire/Alamofire,"15,567","2,292",Swift,Elegant HTTP Networking in Swift,https://github.com/Alamofire/Alamofire,Non-web libraries and frameworks
Prinzhorn/skrollr,"15,306","3,102",HTML,Stand-alone parallax scrolling library for mobile (Android + iOS) and desktop. No jQuery. Just plain JavaScript (and some love).,https://github.com/Prinzhorn/skrollr,Web libraries and frameworks
rg3/youtube-dl,"15,107","3,094",Python,Small command-line program to download videos from YouTube.com and other video sites,https://github.com/rg3/youtube-dl,Application software
callemall/material-ui,"14,868","2,539",JavaScript,React Components that Implement Google's Material Design.,https://github.com/callemall/material-ui,Web libraries and frameworks
plataformatec/devise,"14,834","3,295",Ruby,Flexible authentication solution for Rails with Warden.,https://github.com/plataformatec/devise,Non-web libraries and frameworks
FezVrasta/bootstrap-material-design,"14,798","2,483",CSS,Material design theme for Bootstrap 3,https://github.com/FezVrasta/bootstrap-material-design,Web libraries and frameworks
facebook/pop,"14,731","2,316",Objective-C++,"An extensible iOS and OS X animation library, useful for physics-based interactions.",https://github.com/facebook/pop,Non-web libraries and frameworks
Polymer/polymer,"14,685","1,451",HTML,Build modern apps using web components,https://github.com/Polymer/polymer,Web libraries and frameworks
babel/babel,"14,652","1,008",JavaScript,Babel is a compiler for writing next generation JavaScript.,https://github.com/babel/babel,Software tools
kenwheeler/slick,"14,071","2,043",JavaScript,the last carousel you'll ever need,https://github.com/kenwheeler/slick,Web libraries and frameworks
numbbbbb/the-swift-programming-language-in-chinese,"14,046","3,917",CSS,中文版 Apple 官方 Swift 教程《The Swift Programming Language》,https://github.com/numbbbbb/the-swift-programming-language-in-chinese,Documentation
mozilla/pdf.js,"13,981","3,299",JavaScript,PDF Reader in JavaScript,https://github.com/mozilla/pdf.js,Web libraries and frameworks
nvie/gitflow,"13,980","1,584",Shell,Git extensions to provide high-level repository operations for Vincent Driessen's branching model.,https://github.com/nvie/gitflow,Software tools
balderdashy/sails,"13,966","1,457",JavaScript,Realtime MVC Framework for Node.js,https://github.com/balderdashy/sails,Web libraries and frameworks
bower/bower,"13,872","1,810",JavaScript,A package manager for the web,https://github.com/bower/bower,Software tools
mathiasbynens/dotfiles,"13,869","5,001",VimL,":wrench: .files, including ~/.osx — sensible hacker defaults for OS X",https://github.com/mathiasbynens/dotfiles,Software tools
yahoo/pure,"13,803","1,677",HTML,"A set of small, responsive CSS modules that you can use in every web project.",https://github.com/yahoo/pure,Web libraries and frameworks
webpack/webpack,"13,593","1,111",JavaScript,"A bundler for javascript and friends. Packs many modules into a few bundled assets. Code Splitting allows to load parts for the application on demand. Through ""loaders"" modules can be CommonJs, AMD, ES6 modules, CSS, Images, JSON, Coffeescript, LESS, ... and your custom stuff.",https://github.com/webpack/webpack,Web libraries and frameworks
rs/SDWebImage,"13,582","3,866",Objective-C,Asynchronous image downloader with cache support as a UIImageView category,https://github.com/rs/SDWebImage,Web libraries and frameworks
kubernetes/kubernetes,"13,554","3,932",Go,Container Cluster Manager from Google,https://github.com/kubernetes/kubernetes,Software tools
letsencrypt/letsencrypt,"13,492","1,032",Python,"This Let's Encrypt repo is an ACME client that can obtain certs and extensibly update server configurations (currently supports Apache automation, nginx support coming soon)",https://github.com/letsencrypt/letsencrypt,Software tools
hammerjs/hammer.js,"13,453","2,006",JavaScript,A javascript library for multi-touch gestures :// You can touch this,https://github.com/hammerjs/hammer.js,Web libraries and frameworks
alvarotrigo/fullPage.js,"13,447","3,484",JavaScript,fullPage plugin by Alvaro Trigo. Create full screen pages fast and simple,https://github.com/alvarotrigo/fullPage.js,Web libraries and frameworks
less/less.js,"13,428","3,116",JavaScript,Leaner CSS,https://github.com/less/less.js,Web libraries and frameworks
facebook/hhvm,"13,423","2,461",C++,A virtual machine designed for executing programs written in Hack and PHP.,https://github.com/facebook/hhvm,System software
cantino/huginn,"13,421","1,394",Ruby,Build agents that monitor and act on your behalf. Your agents are standing by!,https://github.com/cantino/huginn,Software tools
usablica/intro.js,"13,309","1,666",JavaScript,A better way for new feature introduction and step-by-step users guide for your website and project.,https://github.com/usablica/intro.js,Web libraries and frameworks
scrapy/scrapy,"13,279","3,709",Python,"Scrapy, a fast high-level web crawling & scraping framework for Python.",https://github.com/scrapy/scrapy,Non-web libraries and frameworks
ReactiveCocoa/ReactiveCocoa,"13,254","2,396",Objective-C,Streams of values over time,https://github.com/ReactiveCocoa/ReactiveCocoa,Non-web libraries and frameworks
defunkt/jquery-pjax,"13,185","1,598",JavaScript,pushState + ajax = pjax,https://github.com/defunkt/jquery-pjax,Web libraries and frameworks
Leaflet/Leaflet,"13,167","2,386",JavaScript,:leaves: JavaScript library for mobile-friendly interactive maps,https://github.com/Leaflet/Leaflet,Web libraries and frameworks
google/web-starter-kit,"13,099","2,136",HTML,Web Starter Kit - a workflow for multi-device websites,https://github.com/google/web-starter-kit,Web libraries and frameworks
angular/material,"13,047","2,575",JavaScript,Material design for Angular,https://github.com/angular/material,Web libraries and frameworks
bevacqua/dragula,"12,982",720,JavaScript,:ok_hand: Drag and drop so simple it hurts,https://github.com/bevacqua/dragula,Web libraries and frameworks
t4t5/sweetalert,"12,941","1,661",JavaScript,"A beautiful replacement for JavaScript's ""alert""",https://github.com/t4t5/sweetalert,Web libraries and frameworks
IanLunn/Hover,"12,901","2,521",CSS,"A collection of CSS3 powered hover effects to be applied to links, buttons, logos, SVG, featured images and so on. Easily apply to your own elements, modify or just use for inspiration. Available in CSS, Sass, and LESS.",https://github.com/IanLunn/Hover,Web libraries and frameworks
rethinkdb/rethinkdb,"12,877","1,036",C++,The open-source database for the realtime web.,https://github.com/rethinkdb/rethinkdb,System software
sahat/hackathon-starter,"12,771","2,010",CSS,A boilerplate for Node.js web applications,https://github.com/sahat/hackathon-starter,Web libraries and frameworks
jashkenas/coffeescript,"12,743","1,725",CoffeeScript,Unfancy JavaScript,https://github.com/jashkenas/coffeescript,System software
twbs/ratchet,"12,740","1,374",CSS,"Build mobile apps with simple HTML, CSS, and JavaScript components.",https://github.com/twbs/ratchet,Web libraries and frameworks
enaqx/awesome-react,"12,617","1,135",JavaScript,A collection of awesome things regarding React ecosystem.,https://github.com/enaqx/awesome-react,Documentation
ajaxorg/ace,"12,421","2,946",JavaScript,Ace (Ajax.org Cloud9 Editor),https://github.com/ajaxorg/ace,Application software
getlantern/lantern,"12,420","3,128",Go,":zap: Open Internet for everyone. Lantern is a free desktop application that delivers fast, reliable and secure access to the open Internet for users in censored regions. It uses a variety of techniques to stay unblocked, including P2P and domain fronting. Lantern relies on users in uncensored regions acting as access points to the open Internet.",https://github.com/getlantern/lantern,Application software
git/git,"12,380","7,102",C,Git Source Code Mirror - This is a publish-only repository and all pull requests are ignored. Please follow Documentation/SubmittingPatches procedure for any of your improvements.,https://github.com/git/git,Software tools
ReactiveX/RxJava,"12,364","1,944",Java,RxJava – Reactive Extensions for the JVM – a library for composing asynchronous and event-based programs using observable sequences for the Java VM.,https://github.com/ReactiveX/RxJava,System software
gogits/gogs,"12,348","1,261",Go,Gogs (Go Git Service) is a painless self-hosted Git service.,https://github.com/gogits/gogs,Software tools
nostra13/Android-Universal-Image-Loader,"12,318","5,656",Java,"Powerful and flexible library for loading, caching and displaying images on Android.",https://github.com/nostra13/Android-Universal-Image-Loader,Non-web libraries and frameworks
Unitech/pm2,"12,314","1,029",JavaScript,Production process manager for Node.js apps with a built-in load balancer,https://github.com/Unitech/pm2,Software tools
shadowsocks/shadowsocks,"12,287","7,869",Python,,https://github.com/shadowsocks/shadowsocks,Software tools
twitter/typeahead.js,"12,286","2,373",JavaScript,typeahead.js is a fast and fully-featured autocomplete library,https://github.com/twitter/typeahead.js,Web libraries and frameworks
ftlabs/fastclick,"12,081","1,780",JavaScript,Polyfill to remove click delays on browsers with touch UIs,https://github.com/ftlabs/fastclick,Web libraries and frameworks
facebook/immutable-js,"12,072",593,JavaScript,Immutable persistent data collections for Javascript which increase efficiency and simplicity.,https://github.com/facebook/immutable-js,Non-web libraries and frameworks
bcit-ci/CodeIgniter,"12,012","6,072",PHP,Open Source PHP Framework (originally from EllisLab),https://github.com/bcit-ci/CodeIgniter,Web libraries and frameworks
symfony/symfony,"12,008","4,722",PHP,The Symfony PHP framework,https://github.com/symfony/symfony,Web libraries and frameworks
videojs/video.js,"11,984","3,499",JavaScript,Video.js - open source HTML5 & Flash video player,https://github.com/videojs/video.js,Web libraries and frameworks
BradLarson/GPUImage,"11,942","2,922",Objective-C,An open source iOS framework for GPU-based image and video processing,https://github.com/BradLarson/GPUImage,Non-web libraries and frameworks
josephmisiti/awesome-machine-learning,"11,939","2,556",Python,"A curated list of awesome Machine Learning frameworks, libraries and software.",https://github.com/josephmisiti/awesome-machine-learning,Documentation
angular-ui/bootstrap,"11,927","6,183",JavaScript,"Native AngularJS (Angular) directives for Bootstrap. Smaller footprint (20kB gzipped), no 3rd party JS dependencies (jQuery, bootstrap JS) required. Please read the README.md file before submitting an issue!",https://github.com/angular-ui/bootstrap,Web libraries and frameworks
avelino/awesome-go,"11,882","1,415",Go,"A curated list of awesome Go frameworks, libraries and software",https://github.com/avelino/awesome-go,Documentation
Microsoft/vscode,"11,847","1,512",TypeScript,Visual Studio Code,https://github.com/Microsoft/vscode,Software tools
photonstorm/phaser,"11,770","4,086",JavaScript,"Phaser is a fun, free and fast 2D game framework for making HTML5 games for desktop and mobile web browsers, supporting Canvas and WebGL rendering.",https://github.com/photonstorm/phaser,Web libraries and frameworks
reactjs/react-router,"11,760","2,293",JavaScript,A complete routing solution for React.js,https://github.com/reactjs/react-router,Web libraries and frameworks
creationix/nvm,"11,734","1,118",Shell,Node Version Manager - Simple bash script to manage multiple active node.js versions,https://github.com/creationix/nvm,Software tools
mitchellh/vagrant,"11,645","2,468",Ruby,Vagrant is a tool for building and distributing development environments.,https://github.com/mitchellh/vagrant,Software tools
GitbookIO/gitbook,"11,624","1,277",JavaScript,Modern book format and toolchain using Git and Markdown,https://github.com/GitbookIO/gitbook,Application software
syncthing/syncthing,"11,612",893,Go,Open Source Continuous File Synchronization,https://github.com/syncthing/syncthing,Software tools
adam-p/markdown-here,"11,515","1,802",JavaScript,"Google Chrome, Firefox, and Thunderbird extension that lets you write email in Markdown and render it before sending.",https://github.com/adam-p/markdown-here,Software tools
designmodo/Flat-UI,"11,364","2,186",JavaScript,"Flat UI Free - Design Framework (html/css3/less/js). Flat UI is based on Bootstrap, a comfortable, responsive, and functional framework that simplifies the development of websites.",https://github.com/designmodo/Flat-UI,Web libraries and frameworks
typicode/json-server,"11,356",690,JavaScript,Get a full fake REST API with zero coding in less than 30 seconds (seriously),https://github.com/typicode/json-server,System software
dhg/Skeleton,"11,354","2,010",CSS,"Skeleton: A Dead Simple, Responsive Boilerplate for Mobile-Friendly Development",https://github.com/dhg/Skeleton,Web libraries and frameworks
dokku/dokku,"11,314",986,Shell,A docker-powered PaaS that helps you build and manage the lifecycle of applications,https://github.com/dokku/dokku,Software tools
kriskowal/q,"11,308",939,JavaScript,A tool for creating and composing asynchronous promises in JavaScript,https://github.com/kriskowal/q,Non-web libraries and frameworks
zenorocha/clipboard.js,"11,262",563,JavaScript,:scissors: Modern copy to clipboard. No Flash. Just 3kb gzipped :clipboard:,https://github.com/zenorocha/clipboard.js,Web libraries and frameworks
minimaxir/big-list-of-naughty-strings,"11,212",453,Python,The Big List of Naughty Strings is a list of strings which have a high probability of causing issues when used as user-input data.,https://github.com/minimaxir/big-list-of-naughty-strings,Documentation
square/retrofit,"11,133","2,104",Java,"Type-safe HTTP client for Android and Java by Square, Inc.",https://github.com/square/retrofit,Non-web libraries and frameworks
VundleVim/Vundle.vim,"11,109","1,282",VimL,"Vundle, the plug-in manager for Vim",https://github.com/VundleVim/Vundle.vim,Software tools
tornadoweb/tornado,"11,042","3,359",Python,"Tornado is a Python web framework and asynchronous networking library, originally developed at FriendFeed.",https://github.com/tornadoweb/tornado,Non-web libraries and frameworks
facebook/flux,"11,005","2,868",JavaScript,Application Architecture for Building User Interfaces,https://github.com/facebook/flux,Web libraries and frameworks
ecomfe/echarts,"10,997","3,934",JavaScript,A powerful charting and visualization library for browser,https://github.com/ecomfe/echarts,Web libraries and frameworks
angular/angular-seed,"10,982","6,269",HTML,Seed project for angular apps.,https://github.com/angular/angular-seed,Web libraries and frameworks
SnapKit/Masonry,"10,918","2,080",Objective-C,"Harness the power of AutoLayout NSLayoutConstraints with a simplified, chainable and expressive syntax. Supports iOS and OSX Auto Layout",https://github.com/SnapKit/Masonry,Non-web libraries and frameworks
tobiasahlin/SpinKit,"10,879",988,CSS,A collection of loading indicators animated with CSS,https://github.com/tobiasahlin/SpinKit,Web libraries and frameworks
dimsemenov/PhotoSwipe,"10,784","1,459",JavaScript,"JavaScript image gallery for mobile and desktop, modular, framework independent",https://github.com/dimsemenov/PhotoSwipe,Web libraries and frameworks
rstacruz/nprogress,"10,772",973,JavaScript,"For slim progress bars like on YouTube, Medium, etc",https://github.com/rstacruz/nprogress,Web libraries and frameworks
textmate/textmate,"10,763","1,704",C++,TextMate is a graphical text editor for OS X 10.7+,https://github.com/textmate/textmate,Application software
jasmine/jasmine,"10,667","1,664",JavaScript,DOM-less simple JavaScript testing framework,https://github.com/jasmine/jasmine,Web libraries and frameworks
gruntjs/grunt,"10,655","1,340",JavaScript,Grunt: The JavaScript Task Runner,https://github.com/gruntjs/grunt,Software tools
diaspora/diaspora,"10,627","2,734",Ruby,"A privacy-aware, distributed, open source social network.",https://github.com/diaspora/diaspora,Application software
iluwatar/java-design-patterns,"10,615","3,514",Java,Design patterns implemented in Java,https://github.com/iluwatar/java-design-patterns,Documentation
jdg/MBProgressHUD,"10,570","2,793",Objective-C,MBProgressHUD + Customizations,https://github.com/jdg/MBProgressHUD,Non-web libraries and frameworks
twbs/bootstrap-sass,"10,561","2,538",Ruby,Official Sass port of Bootstrap 2 and 3.,https://github.com/twbs/bootstrap-sass,Web libraries and frameworks
reddit/reddit,"10,498","2,088",Python,the code that powers reddit.com,https://github.com/reddit/reddit,Application software
google/iosched,"10,464","4,080",Java,The Google I/O 2015 Android App,https://github.com/google/iosched,Application software
scikit-learn/scikit-learn,"10,437","6,073",Python,scikit-learn: machine learning in Python,https://github.com/scikit-learn/scikit-learn,Non-web libraries and frameworks
petkaantonov/bluebird,"10,404","1,208",JavaScript,:bird: :zap: Bluebird is a full featured promise library with unmatched performance.,https://github.com/petkaantonov/bluebird,Non-web libraries and frameworks
pugjs/pug,"10,386","1,512",JavaScript,"Jade - robust, elegant, feature rich template engine for Node.js",https://github.com/pugjs/pug,Web libraries and frameworks
request/request,"10,362","1,334",JavaScript,Simplified HTTP request client.,https://github.com/request/request,Non-web libraries and frameworks
Microsoft/TypeScript,"10,356","1,272",TypeScript,TypeScript is a superset of JavaScript that compiles to clean JavaScript output.,https://github.com/Microsoft/TypeScript,Software tools
angular-ui/ui-router,"10,355","2,564",TypeScript,The de-facto solution to flexible routing with nested views in AngularJS,https://github.com/angular-ui/ui-router,Web libraries and frameworks
madrobby/zepto,"10,333","2,524",HTML,"Zepto.js is a minimalist JavaScript library for modern browsers, with a jQuery-compatible API",https://github.com/madrobby/zepto,Web libraries and frameworks
Valloric/YouCompleteMe,"10,308","1,178",Python,A code-completion engine for Vim,https://github.com/Valloric/YouCompleteMe,Software tools
h5bp/Effeckt.css,"10,278","1,484",CSS,A Performant Transitions and Animations Library,https://github.com/h5bp/Effeckt.css,Web libraries and frameworks
vsouza/awesome-ios,"10,261","1,733",Swift,"A curated list of awesome iOS ecosystem, including Objective-C and Swift Projects",https://github.com/vsouza/awesome-ios,Documentation
github/hubot,"10,256","2,294",CoffeeScript,A customizable life embetterment robot.,https://github.com/github/hubot,Software tools
angular/angular,"10,238","2,680",TypeScript,,https://github.com/angular/angular,Web libraries and frameworks
SamyPesse/How-to-Make-a-Computer-Operating-System,"10,216","1,846",C,How to Make a Computer Operating System in C++,https://github.com/SamyPesse/How-to-Make-a-Computer-Operating-System,Documentation
justjavac/free-programming-books-zh_CN,"10,136","4,218",JavaScript,:books: 免费的计算机编程类中文书籍，欢迎投稿,https://github.com/justjavac/free-programming-books-zh_CN,Documentation
julianshapiro/velocity,"10,102",922,JavaScript,Accelerated JavaScript animation.,https://github.com/julianshapiro/velocity,Web libraries and frameworks
pixijs/pixi.js,"10,052","1,943",JavaScript,Super fast HTML 5 2D rendering engine that uses webGL with canvas fallback,https://github.com/pixijs/pixi.js,Web libraries and frameworks
square/okhttp,"10,050","2,542",Java,An HTTP+HTTP/2 client for Android and Java applications.,https://github.com/square/okhttp,Web libraries and frameworks
wycats/handlebars.js,"10,027","1,382",JavaScript,,https://github.com/wycats/handlebars.js,Web libraries and frameworks
octocat/Spoon-Knife,"9,944","80,648",HTML,This repo is for demonstration purposes only.,https://github.com/octocat/Spoon-Knife,Documentation
kripken/emscripten,"9,932","1,207",C,Emscripten: An LLVM-to-JavaScript Compiler,https://github.com/kripken/emscripten,Software tools
scottjehl/Respond,"9,918","3,408",JavaScript,"A fast & lightweight polyfill for min/max-width CSS3 Media Queries (for IE 6-8, and more)",https://github.com/scottjehl/Respond,Web libraries and frameworks
Shopify/dashing,"9,912","1,040",JavaScript,The exceptionally handsome dashboard framework in Ruby and Coffeescript.,https://github.com/Shopify/dashing,Web libraries and frameworks
enyo/dropzone,"9,859","2,423",JavaScript,Dropzone is an easy to use drag'n'drop library. It supports image previews and shows nice progress bars.,https://github.com/enyo/dropzone,Web libraries and frameworks
jquery/jquery-mobile,"9,847","2,646",JavaScript,jQuery Mobile Framework,https://github.com/jquery/jquery-mobile,Web libraries and frameworks
astaxie/build-web-application-with-golang,"9,830","3,241",Go,A golang ebook intro how to build a web with golang,https://github.com/astaxie/build-web-application-with-golang,Documentation
desandro/masonry,"9,787","1,774",JavaScript,:love_hotel: Cascading grid layout library,https://github.com/desandro/masonry,Web libraries and frameworks
wagerfield/parallax,"9,685","1,498",JavaScript,Parallax Engine that reacts to the orientation of a smart device,https://github.com/wagerfield/parallax,Web libraries and frameworks
addyosmani/backbone-fundamentals,"9,640","1,574",JavaScript,:book: A creative-commons book on Backbone.js for beginners and advanced users alike,https://github.com/addyosmani/backbone-fundamentals,Documentation
CamDavidsonPilon/Probabilistic-Programming-and-Bayesian-Methods-for-Hackers,"9,535","2,510",Jupyter Notebook,"aka ""Bayesian Methods for Hackers"": An introduction to Bayesian methods + probabilistic programming with a computation/understanding-first, mathematics-second point of view. All in pure Python ;)",https://github.com/CamDavidsonPilon/Probabilistic-Programming-and-Bayesian-Methods-for-Hackers,Documentation
postcss/postcss,"9,531",497,JavaScript,Transforming styles with JS plugins,https://github.com/postcss/postcss,Web libraries and frameworks
koajs/koa,"9,513",729,JavaScript,Expressive middleware for node.js using generators,https://github.com/koajs/koa,Web libraries and frameworks
etsy/statsd,"9,474","1,308",JavaScript,Simple daemon for easy stats aggregation,https://github.com/etsy/statsd,Software tools
substack/node-browserify,"9,457",847,JavaScript,browser-side require() the node.js way,https://github.com/substack/node-browserify,Software tools
HubSpot/pace,"9,411","1,113",CSS,Automatically add a progress bar to your site. #hubspot-open-source,https://github.com/HubSpot/pace,Web libraries and frameworks
ruby/ruby,"9,406","2,773",Ruby,The Ruby Programming Language,https://github.com/ruby/ruby,System software
RestKit/RestKit,"9,402","2,152",Objective-C,RestKit is a framework for consuming and modeling RESTful web resources on iOS and OS X,https://github.com/RestKit/RestKit,Web libraries and frameworks
jquery/jquery-ui,"9,397","3,893",JavaScript,The official jQuery user interface library.,https://github.com/jquery/jquery-ui,Web libraries and frameworks
imathis/octopress,"9,386","3,123",Ruby,Octopress is an obsessively designed framework for Jekyll blogging. It’s easy to configure and easy to deploy. Sweet huh?,https://github.com/imathis/octopress,Application software
dotnet/corefx,"9,386","2,204",C#,"This repo contains the .NET Core foundational libraries, called CoreFX. It includes classes for collections, file systems, console, XML, async and many others.",https://github.com/dotnet/corefx,System software
SwiftyJSON/SwiftyJSON,"9,381","1,575",Swift,The better way to deal with JSON data in Swift,https://github.com/SwiftyJSON/SwiftyJSON,Non-web libraries and frameworks
feross/webtorrent,"9,378",696,JavaScript,:zap: Streaming torrent client for the web,https://github.com/feross/webtorrent,Non-web libraries and frameworks
VerbalExpressions/JSVerbalExpressions,"9,377",421,JavaScript,JavaScript Regular expressions made easy,https://github.com/VerbalExpressions/JSVerbalExpressions,Non-web libraries and frameworks
loverajoel/jstips,"9,370",561,CSS,This is about useful JS tips!,https://github.com/loverajoel/jstips,Documentation
square/picasso,"9,366","2,615",Java,A powerful image downloading and caching library for Android,https://github.com/square/picasso,Non-web libraries and frameworks
xdissent/ievms,"9,309",429,Shell,Automated installation of the Microsoft IE App Compat virtual machines,https://github.com/xdissent/ievms,Software tools
BVLC/caffe,"9,298","5,328",C++,Caffe: a fast open framework for deep learning.,https://github.com/BVLC/caffe,Non-web libraries and frameworks
chriskempson/tomorrow-theme,"9,264","2,013",CSS,Tomorrow Theme the precursor to Base16 Theme,https://github.com/chriskempson/tomorrow-theme,Software tools
ccgus/fmdb,"9,264","2,217",Objective-C,A Cocoa / Objective-C wrapper around SQLite,https://github.com/ccgus/fmdb,System software
jlmakes/scrollreveal.js,"9,261","1,200",JavaScript,Easy scroll animations for web and mobile browsers.,https://github.com/jlmakes/scrollreveal.js,Web libraries and frameworks
postcss/autoprefixer,"9,218",480,CoffeeScript,Parse CSS and add vendor prefixes to rules by Can I Use,https://github.com/postcss/autoprefixer,Web libraries and frameworks
hexojs/hexo,"9,218","1,510",JavaScript,"A fast, simple & powerful blog framework, powered by Node.js.",https://github.com/hexojs/hexo,Application software
node-inspector/node-inspector,"9,196",570,JavaScript,Node.js debugger based on Blink Developer Tools,https://github.com/node-inspector/node-inspector,Software tools
tripit/slate,"9,163","4,291",JavaScript,Beautiful static documentation for your API,https://github.com/tripit/slate,Application software
domnikl/DesignPatternsPHP,"9,148","1,886",PHP,sample code for several design patterns in PHP,https://github.com/domnikl/DesignPatternsPHP,Documentation
futurice/android-best-practices,"9,147","1,708",Java,"Do's and Don'ts for Android development, by Futurice developers",https://github.com/futurice/android-best-practices,Documentation
almasaeed2010/AdminLTE,"9,133","3,102",HTML,AdminLTE - Free Premium Admin control Panel Theme That Is Based On Bootstrap 3.x,https://github.com/almasaeed2010/AdminLTE,Web libraries and frameworks
jfeinstein10/SlidingMenu,"9,131","5,308",Java,An Android library that allows you to easily create applications with slide-in menus. You may use it in your Android apps provided that you cite this project and include the license in your app. Thanks!,https://github.com/jfeinstein10/SlidingMenu,Non-web libraries and frameworks
Mantle/Mantle,"9,108","1,227",Objective-C,Model framework for Cocoa and Cocoa Touch,https://github.com/Mantle/Mantle,Non-web libraries and frameworks
magicalpanda/MagicalRecord,"9,096","1,647",Objective-C,Super Awesome Easy Fetching for Core Data 1!!!11!!!!1!,https://github.com/magicalpanda/MagicalRecord,Software tools
coreos/etcd,"9,095","1,507",Go,Distributed reliable key-value store for the most critical data of a distributed system,https://github.com/coreos/etcd,System software
janl/mustache.js,"9,085","1,804",JavaScript,Minimal templating with {{mustaches}} in JavaScript,https://github.com/janl/mustache.js,Web libraries and frameworks
altercation/solarized,"9,055","2,387",VimL,"precision color scheme for multiple applications (terminal, vim, etc.) with both dark/light modes",https://github.com/altercation/solarized,Application software
mongodb/mongo,"9,031","2,523",C++,The Mongo Database,https://github.com/mongodb/mongo,System software
grafana/grafana,"9,027","1,325",Go,"Gorgeous metric viz, dashboards & editors for Graphite, InfluxDB & OpenTSDB",https://github.com/grafana/grafana,Web libraries and frameworks
requirejs/requirejs,"9,018","1,662",JavaScript,A file and module loader for JavaScript,https://github.com/requirejs/requirejs,Web libraries and frameworks
Automattic/mongoose,"9,016","1,425",JavaScript,MongoDB object modeling designed to work in an asynchronous environment.,https://github.com/Automattic/mongoose,Non-web libraries and frameworks
spf13/hugo,"9,003","1,458",Go,A Fast and Flexible Static Site Generator built with love in GoLang,https://github.com/spf13/hugo,Application software
mochajs/mocha,"8,977","1,327",JavaScript,"mocha - simple, flexible, fun javascript test framework for node.js & the browser. (BDD, TDD, QUnit styles via interfaces)",https://github.com/mochajs/mocha,Software tools
greenrobot/EventBus,"8,958","2,467",Java,"Android optimized event bus that simplifies communication between Activities, Fragments, Threads, Services, etc. Less code, better quality.",https://github.com/greenrobot/EventBus,Non-web libraries and frameworks
riot/riot,"8,951",756,JavaScript,"A React-like, user interface library",https://github.com/riot/riot,Web libraries and frameworks
npm/npm,"8,920","1,831",JavaScript,a package manager for javascript,https://github.com/npm/npm,Software tools
chjj/marked,"8,906","1,258",HTML,A markdown parser and compiler. Built for speed.,https://github.com/chjj/marked,Web libraries and frameworks
jwagner/smartcrop.js,"8,877",387,JavaScript,Content aware image cropping,https://github.com/jwagner/smartcrop.js,Non-web libraries and frameworks
php/php-src,"8,873","3,033",C,The PHP Interpreter,https://github.com/php/php-src,System software
ipython/ipython,"8,872","2,587",Python,"Official repository for IPython itself. Other repos in the IPython organization contain things like the website, documentation builds, etc.",https://github.com/ipython/ipython,Non-web libraries and frameworks
Itseez/opencv,"8,854","7,602",C++,Open Source Computer Vision Library,https://github.com/Itseez/opencv,Non-web libraries and frameworks
browserstate/history.js,"8,844","1,244",JavaScript,"History.js gracefully supports the HTML5 History/State APIs (pushState, replaceState, onPopState) in all browsers. Including continued support for data, titles, replaceState. Supports jQuery, MooTools and Prototype. For HTML5 browsers this means that you can modify the URL directly, without needing to use hashes anymore. For HTML4 browsers it will revert back to using the old onhashchange functionality.",https://github.com/browserstate/history.js,Web libraries and frameworks
PredictionIO/PredictionIO,"8,843","1,203",Scala,"PredictionIO, a machine learning server for developers and ML engineers. Built on Apache Spark, HBase and Spray.",https://github.com/PredictionIO/PredictionIO,Software tools
codemirror/CodeMirror,"8,790","2,258",JavaScript,In-browser code editor,https://github.com/codemirror/CodeMirror,Web libraries and frameworks
LightTable/LightTable,"8,788",786,Clojure,The Light Table IDE,https://github.com/LightTable/LightTable,Software tools
nathanmarz/storm,"8,785","1,760",Java,"Distributed and fault-tolerant realtime computation: stream processing, continuous computation, distributed RPC, and more",https://github.com/nathanmarz/storm,Software tools
Reactive-Extensions/RxJS,"8,771",911,JavaScript,The Reactive Extensions for JavaScript,https://github.com/Reactive-Extensions/RxJS,Web libraries and frameworks
driftyco/ionicons,"8,761",894,HTML,The premium icon font for Ionic,https://github.com/driftyco/ionicons,Web libraries and frameworks
getsentry/sentry,"8,758","1,045",Python,Sentry is cross-platform crash reporting built with love,https://github.com/getsentry/sentry,Software tools
bitcoin/bitcoin,"8,753","5,946",C++,Bitcoin Core integration/staging tree,https://github.com/bitcoin/bitcoin,Application software
caskroom/homebrew-cask,"8,703","3,411",Ruby,A CLI workflow for the administration of Mac applications distributed as binaries,https://github.com/caskroom/homebrew-cask,Software tools
linnovate/mean,"8,634","2,626",JavaScript,"MEAN (Mongo, Express, Angular, Node) - A Simple, Scalable and Easy starting point for full stack javascript web development - utilizing many of the best practices we've found on the way",https://github.com/linnovate/mean,Web libraries and frameworks
facebook/fresco,"8,540","2,474",Java,An Android library for managing images and the memory they use.,https://github.com/facebook/fresco,Non-web libraries and frameworks
Thibaut/devdocs,"8,516",567,Ruby,API Documentation Browser,https://github.com/Thibaut/devdocs,Documentation
loopj/android-async-http,"8,516","4,036",Java,An Asynchronous HTTP Library for Android,https://github.com/loopj/android-async-http,Non-web libraries and frameworks
peachananr/onepage-scroll,"8,474","2,031",JavaScript,Create an Apple-like one page scroller website (iPhone 5S website) with One Page Scroll plugin,https://github.com/peachananr/onepage-scroll,Web libraries and frameworks
kennethreitz/python-guide,"8,461","2,840",Batchfile,"Python best practices guidebook, written for Humans.",https://github.com/kennethreitz/python-guide,Documentation
ggreer/the_silver_searcher,"8,420",605,C,"A code-searching tool similar to ack, but faster.",https://github.com/ggreer/the_silver_searcher,Software tools
libgdx/libgdx,"8,374","4,480",Java,Desktop/Android/HTML5/iOS Java game development framework,https://github.com/libgdx/libgdx,Non-web libraries and frameworks
keen/dashboards,"8,367",893,JavaScript,Responsive dashboard templates for Bootstrap,https://github.com/keen/dashboards,Web libraries and frameworks
go-martini/martini,"8,314",863,Go,Classy web framework for Go,https://github.com/go-martini/martini,Web libraries and frameworks
spring-projects/spring-framework,"8,271","6,897",Java,The Spring Framework,https://github.com/spring-projects/spring-framework,Web libraries and frameworks
ipader/SwiftGuide,"8,253","2,260",Swift,这份指南汇集了Swift语言主流学习资源，并以开发者的视角整理编排。http://dev.swiftguide.cn,https://github.com/ipader/SwiftGuide,Documentation
PhilJay/MPAndroidChart,"8,224","2,660",Java,"A powerful Android chart view / graph view library, supporting line- bar- pie- radar- bubble- and candlestick charts as well as scaling, dragging and animations.",https://github.com/PhilJay/MPAndroidChart,Non-web libraries and frameworks
github/hub,"8,218",739,Go,hub helps you win at git.,https://github.com/github/hub,Software tools
zxing/zxing,"8,211","4,744",Java,"Official ZXing (""Zebra Crossing"") project home",https://github.com/zxing/zxing,Non-web libraries and frameworks
capistrano/capistrano,"8,168","1,340",Ruby,Remote multi-server automation tool,https://github.com/capistrano/capistrano,Software tools
danielgindi/ios-charts,"8,167","1,204",Swift,Beautiful charts for iOS/tvOS/OSX! The Apple side of the crossplatform MPAndroidChart.,https://github.com/danielgindi/ios-charts,Non-web libraries and frameworks
scottjehl/picturefill,"8,162",962,JavaScript,"A responsive image polyfill for <picture>, srcset, sizes, and more",https://github.com/scottjehl/picturefill,Web libraries and frameworks
adobe-fonts/source-code-pro,"8,149",766,Python,Monospaced font family for user interface and coding environments,https://github.com/adobe-fonts/source-code-pro,Software tools
alcatraz/Alcatraz,"8,144","1,065",Objective-C,Package manager for Xcode,https://github.com/alcatraz/Alcatraz,Software tools
fzaninotto/Faker,"8,132","1,220",PHP,Faker is a PHP library that generates fake data for you,https://github.com/fzaninotto/Faker,Web libraries and frameworks
square/leakcanary,"8,126","1,306",Java,A memory leak detection library for Android and Java.,https://github.com/square/leakcanary,Software tools
JakeWharton/butterknife,"8,120","1,735",Java,"View ""injection"" library for Android.",https://github.com/JakeWharton/butterknife,Non-web libraries and frameworks
google/guava,"8,119","1,878",Java,Google Core Libraries for Java 6+,https://github.com/google/guava,Non-web libraries and frameworks
google/protobuf,"8,116","2,422",C++,Protocol Buffers - Google's data interchange format,https://github.com/google/protobuf,Non-web libraries and frameworks
Flipboard/react-canvas,"8,090",619,JavaScript,High performance <canvas> rendering for React components,https://github.com/Flipboard/react-canvas,Web libraries and frameworks
faif/python-patterns,"8,084","1,874",Python,A collection of design patterns/idioms in Python,https://github.com/faif/python-patterns,Documentation
NUKnightLab/TimelineJS,"8,057","1,599",JavaScript,TimelineJS: A Storytelling Timeline built in JavaScript.,https://github.com/NUKnightLab/TimelineJS,Web libraries and frameworks
fgnass/spin.js,"8,052",943,JavaScript,A spinning activity indicator,https://github.com/fgnass/spin.js,Web libraries and frameworks
DmitryBaranovskiy/raphael,"8,047","1,236",JavaScript,JavaScript Vector Library,https://github.com/DmitryBaranovskiy/raphael,Web libraries and frameworks
rbenv/rbenv,"8,045",757,Shell,Groom your app’s Ruby environment,https://github.com/rbenv/rbenv,Software tools
yabwe/medium-editor,"8,029",916,JavaScript,Medium.com WYSIWYG editor clone. Uses contenteditable API to implement a rich text solution.,https://github.com/yabwe/medium-editor,Web libraries and frameworks
weui/weui,"7,994","2,089",CSS,"A UI library by WeChat official design team, includes the most useful widgets/modules in mobile web applications.",https://github.com/weui/weui,Web libraries and frameworks
cheeriojs/cheerio,"7,993",637,JavaScript,"Fast, flexible, and lean implementation of core jQuery designed specifically for the server.",https://github.com/cheeriojs/cheerio,Non-web libraries and frameworks
tj/git-extras,"7,961",538,Shell,"GIT utilities -- repo summary, repl, changelog population, author commit percentages and more",https://github.com/tj/git-extras,Software tools
apache/spark,"7,961","7,334",Scala,Mirror of Apache Spark,https://github.com/apache/spark,Software tools
adobe-webplatform/Snap.svg,"7,942",740,JavaScript,The JavaScript library for modern SVG graphics.,https://github.com/adobe-webplatform/Snap.svg,Web libraries and frameworks
wg/wrk,"7,923",538,C,Modern HTTP benchmarking tool,https://github.com/wg/wrk,Software tools
WickyNilliams/headroom.js,"7,904",603,JavaScript,Give your pages some headroom. Hide your header until you need it,https://github.com/WickyNilliams/headroom.js,Web libraries and frameworks
substack/stream-handbook,"7,896",558,JavaScript,how to write node programs with streams,https://github.com/substack/stream-handbook,Documentation
sdelements/lets-chat,"7,887","1,110",JavaScript,Self-hosted chat app for small teams,https://github.com/sdelements/lets-chat,Application software
eternicode/bootstrap-datepicker,"7,887","3,232",JavaScript,"A datepicker for @twitter bootstrap forked from Stefan Petre's (of eyecon.ro), improvements by @eternicode",https://github.com/eternicode/bootstrap-datepicker,Web libraries and frameworks
julycoding/The-Art-Of-Programming-By-July,"7,870","3,952",C,本github已于14年6月基本停止更新，完整精致的纸质版《编程之法：面试和算法心得》已在京东/当当上销售！,https://github.com/julycoding/The-Art-Of-Programming-By-July,Documentation
gionkunz/chartist-js,"7,856","1,070",JavaScript,Simple responsive charts,https://github.com/gionkunz/chartist-js,Web libraries and frameworks
dimsemenov/Magnific-Popup,"7,821","1,778",JavaScript,Light and responsive lightbox script with focus on performance.,https://github.com/dimsemenov/Magnific-Popup,Web libraries and frameworks
selectize/selectize.js,"7,812","1,594",JavaScript,"Selectize is the hybrid of a textbox and <select> box. It's jQuery based and it has autocomplete and native-feeling keyboard navigation; useful for tagging, contact lists, etc.",https://github.com/selectize/selectize.js,Web libraries and frameworks
irungentoo/toxcore,"7,812",972,C,The future of online communications.,https://github.com/irungentoo/toxcore,Software tools
MostlyAdequate/mostly-adequate-guide,"7,803",529,JavaScript,Mostly adequate guide to FP (in javascript),https://github.com/MostlyAdequate/mostly-adequate-guide,Documentation
philipwalton/solved-by-flexbox,"7,788",547,CSS,"A showcase of problems once hard or impossible to solve with CSS alone, now made trivially easy with Flexbox.",https://github.com/philipwalton/solved-by-flexbox,Web libraries and frameworks
chrisaljoudi/uBlock,"7,787",383,JavaScript,"uBlock: a fast, lightweight, and lean blocker for Chrome, Firefox, and Safari.",https://github.com/chrisaljoudi/uBlock,Application software
yiisoft/yii2,"7,785","4,550",PHP,Yii 2 framework main development repo,https://github.com/yiisoft/yii2,Web libraries and frameworks
thoughtbot/paperclip,"7,762","1,724",Ruby,Easy file attachment management for ActiveRecord,https://github.com/thoughtbot/paperclip,Non-web libraries and frameworks
cocos2d/cocos2d-x,"7,737","5,278",C++,cocos2d-x for C++,https://github.com/cocos2d/cocos2d-x,Non-web libraries and frameworks
sass/sass,"7,718","1,522",Ruby,Sass makes CSS fun again.,https://github.com/sass/sass,Software tools
ParsePlatform/parse-server,"7,718","1,824",JavaScript,Parse-compatible API server module for Node/Express,https://github.com/ParsePlatform/parse-server,Software tools
influxdata/influxdb,"7,707","1,008",Go,"Scalable datastore for metrics, events, and real-time analytics",https://github.com/influxdata/influxdb,System software
gabrielecirulli/2048,"7,705","13,586",CSS,A small clone of 1024 (https://play.google.com/store/apps/details?id=com.veewo.a1024),https://github.com/gabrielecirulli/2048,Application software
carhartl/jquery-cookie,"7,701","3,322",JavaScript,"No longer maintained, superseded by JS Cookie:",https://github.com/carhartl/jquery-cookie,Web libraries and frameworks
benweet/stackedit,"7,682","1,275",JavaScript,In-browser markdown editor,https://github.com/benweet/stackedit,Application software
pockethub/PocketHub,"7,679","3,605",JavaScript,PocketHub Android App,https://github.com/pockethub/PocketHub,Application software
nolimits4web/Swiper,"7,677","2,830",JavaScript,Most modern mobile touch slider with hardware accelerated transitions,https://github.com/nolimits4web/Swiper,Web libraries and frameworks
chrissimpkins/Hack,"7,673",230,HTML,A typeface designed for source code,https://github.com/chrissimpkins/Hack,Software tools
fullstackio/FlappySwift,"7,663","2,293",Swift,swift implementation of flappy bird. More at fullstackedu.com,https://github.com/fullstackio/FlappySwift,Application software
jessesquires/JSQMessagesViewController,"7,660","1,781",Objective-C,An elegant messages UI library for iOS,https://github.com/jessesquires/JSQMessagesViewController,Non-web libraries and frameworks
spf13/spf13-vim,"7,639","2,311",VimL,The ultimate vim distribution,https://github.com/spf13/spf13-vim,Software tools
facebook/AsyncDisplayKit,"7,634","1,217",Objective-C++,Smooth asynchronous user interfaces for iOS apps.,https://github.com/facebook/AsyncDisplayKit,Non-web libraries and frameworks
kilimchoi/engineering-blogs,"7,633",807,Ruby,A curated list of engineering blogs,https://github.com/kilimchoi/engineering-blogs,Documentation
tldr-pages/tldr,"7,624",496,Shell,Simplified and community-driven man pages,https://github.com/tldr-pages/tldr,Application software
serverless/serverless,"7,623",400,JavaScript,"Serverless Framework – Build web, mobile and IoT applications with serverless architectures via AWS Lambda and API Gateway (formerly known as JAWS) –",https://github.com/serverless/serverless,Web libraries and frameworks
playframework/playframework,"7,613","2,672",Scala,Play Framework,https://github.com/playframework/playframework,Web libraries and frameworks
tpope/vim-pathogen,"7,612",906,VimL,pathogen.vim: manage your runtimepath,https://github.com/tpope/vim-pathogen,Software tools
facebookarchive/three20,"7,577","1,666",Objective-C,Three20 is an Objective-C library for iPhone developers,https://github.com/facebookarchive/three20,Non-web libraries and frameworks
foreverjs/forever,"7,570",556,JavaScript,A simple CLI tool for ensuring that a given script runs continuously (i.e. forever),https://github.com/foreverjs/forever,Software tools
CocoaPods/CocoaPods,"7,564","1,409",Ruby,The Cocoa Dependency Manager.,https://github.com/CocoaPods/CocoaPods,Software tools
jaredhanson/passport,"7,478",469,JavaScript,"Simple, unobtrusive authentication for Node.js.",https://github.com/jaredhanson/passport,Web libraries and frameworks
bumptech/glide,"7,478","1,537",Java,An image loading and caching library for Android focused on smooth scrolling,https://github.com/bumptech/glide,Web libraries and frameworks
knsv/mermaid,"7,471",337,JavaScript,Generation of diagram and flowchart from text in a similar manner as markdown,https://github.com/knsv/mermaid,Web libraries and frameworks
yaronn/blessed-contrib,"7,457",270,JavaScript,Build terminal dashboards using ascii/ansi art and javascript,https://github.com/yaronn/blessed-contrib,Non-web libraries and frameworks
shichuan/javascript-patterns,"7,441","1,433",JavaScript,JavaScript Patterns,https://github.com/shichuan/javascript-patterns,Documentation
quilljs/quill,"7,433",429,JavaScript,A cross browser rich text editor with an API,https://github.com/quilljs/quill,Web libraries and frameworks
SVProgressHUD/SVProgressHUD,"7,424","1,650",Objective-C,A clean and lightweight progress HUD for your iOS and tvOS app.,https://github.com/SVProgressHUD/SVProgressHUD,Non-web libraries and frameworks
kriasoft/react-starter-kit,"7,416","1,357",JavaScript,"React Starter Kit — isomorphic web app boilerplate (Node.js/Express, GraphQL, React.js, Babel 6, PostCSS, Webpack, Browsersync)",https://github.com/kriasoft/react-starter-kit,Web libraries and frameworks
mattermost/platform,"7,410",752,JavaScript,Open source Slack-alternative in Golang and React - Mattermost,https://github.com/mattermost/platform,Application software
matteocrippa/awesome-swift,"7,408",972,Swift,A collaborative list of awesome swift resources. Feel free to contribute!,https://github.com/matteocrippa/awesome-swift,Documentation
MengTo/Spring,"7,387",702,Swift,A library to simplify iOS animations in Swift.,https://github.com/MengTo/Spring,Non-web libraries and frameworks
mgonto/restangular,"7,333",824,JavaScript,AngularJS service to handle Rest API Restful Resources properly and easily,https://github.com/mgonto/restangular,Web libraries and frameworks
composer/composer,"7,333","2,030",PHP,Dependency Manager for PHP,https://github.com/composer/composer,Software tools
docker/compose,"7,321","1,008",Python,Define and run multi-container applications with Docker,https://github.com/docker/compose,Software tools
knockout/knockout,"7,299","1,250",JavaScript,"Knockout makes it easier to create rich, responsive UIs with JavaScript",https://github.com/knockout/knockout,Web libraries and frameworks
spree/spree,"7,293","3,469",Ruby,Spree is a complete open source e-commerce solution for Ruby on Rails.,https://github.com/spree/spree,Web libraries and frameworks
thomaspark/bootswatch,"7,273","1,984",HTML,Themes for Bootstrap,https://github.com/thomaspark/bootswatch,Web libraries and frameworks
excilys/androidannotations,"7,269","2,051",Java,Fast Android Development. Easy maintainance.,https://github.com/excilys/androidannotations,Non-web libraries and frameworks
google/cayley,"7,267",616,Go,An open-source graph database,https://github.com/google/cayley,System software
daylerees/colour-schemes,"7,244",987,CSS,Colour schemes for a variety of editors created by Dayle Rees.,https://github.com/daylerees/colour-schemes,Software tools
sindresorhus/pageres,"7,239",378,JavaScript,Capture website screenshots,https://github.com/sindresorhus/pageres,Web libraries and frameworks
isagalaev/highlight.js,"7,212","1,229",JavaScript,Javascript syntax highlighter,https://github.com/isagalaev/highlight.js,Web libraries and frameworks
JakeWharton/ActionBarSherlock,"7,209","4,184",Java,[DEPRECATED] Action bar implementation which uses the native action bar on Android 4.0+ and a custom implementation on pre-4.0 through a single API and theme.,https://github.com/JakeWharton/ActionBarSherlock,Non-web libraries and frameworks
resque/resque,"7,193","1,333",Ruby,"Resque is a Redis-backed Ruby library for creating background jobs, placing them on multiple queues, and processing them later.",https://github.com/resque/resque,Non-web libraries and frameworks
remy/nodemon,"7,185",536,JavaScript,Monitor for any changes in your node.js application and automatically restart the server - perfect for development,https://github.com/remy/nodemon,Software tools
github/fetch,"7,183",403,JavaScript,A window.fetch JavaScript polyfill.,https://github.com/github/fetch,Web libraries and frameworks
WordPress/WordPress,"7,176","3,677",PHP,"WordPress, Git-ified. Synced via SVN every 15 minutes, including branches and tags! This repository is just a mirror of the WordPress subversion repository. Please do not send pull requests. Submit patches to http://core.trac.wordpress.org/ instead.",https://github.com/WordPress/WordPress,Application software
cubiq/iscroll,"7,154","2,121",JavaScript,Smooth scrolling for the web,https://github.com/cubiq/iscroll,Web libraries and frameworks
kamens/jQuery-menu-aim,"7,145","1,048",JavaScript,jQuery plugin to fire events when user's cursor aims at particular dropdown menu items. For making responsive mega dropdowns like Amazon's.,https://github.com/kamens/jQuery-menu-aim,Web libraries and frameworks
ruby-grape/grape,"7,144",836,Ruby,An opinionated micro-framework for creating REST-like APIs in Ruby.,https://github.com/ruby-grape/grape,Web libraries and frameworks
JakeWharton/ViewPagerIndicator,"7,135","3,814",Java,Paging indicator widgets compatible with the ViewPager from the Android Support Library and ActionBarSherlock.,https://github.com/JakeWharton/ViewPagerIndicator,Non-web libraries and frameworks
arasatasaygin/is.js,"7,134",541,JavaScript,Micro check library,https://github.com/arasatasaygin/is.js,Non-web libraries and frameworks
thoughtbot/bourbon,"7,116",785,Ruby,A lightweight Sass tool set.,https://github.com/thoughtbot/bourbon,Software tools
vim-airline/vim-airline,"7,112",470,VimL,lean & mean status/tabline for vim that's light as air,https://github.com/vim-airline/vim-airline,Software tools
DrkSephy/es6-cheatsheet,"7,099",330,JavaScript,"ES2015 [ES6] cheatsheet containing tips, tricks, best practices and code snippets",https://github.com/DrkSephy/es6-cheatsheet,Documentation
Automattic/wp-calypso,"7,065",836,JavaScript,The new JavaScript- and API-powered WordPress.com,https://github.com/Automattic/wp-calypso,Web libraries and frameworks
hacksalot/HackMyResume,"7,047",310,JavaScript,"Generate polished résumés and CVs in HTML, Markdown, LaTeX, MS Word, PDF, plain text, JSON, XML, YAML, smoke signal, and carrier pigeon.",https://github.com/hacksalot/HackMyResume,Application software
ampproject/amphtml,"7,034",869,JavaScript,"AMP HTML source code, samples, and documentation. See below for more info.",https://github.com/ampproject/amphtml,Web libraries and frameworks
visionmedia/superagent,"7,029",723,JavaScript,Ajax with less suck - (and node.js HTTP client to match),https://github.com/visionmedia/superagent,Web libraries and frameworks
shockone/black-screen,"7,016",170,TypeScript,A terminal emulator for the 21st century.,https://github.com/shockone/black-screen,Software tools
roots/sage,"6,954","2,365",PHP,"The best WordPress starter theme with a modern front-end development workflow. Based on HTML5 Boilerplate, gulp, Bower, and Bootstrap.",https://github.com/roots/sage,Web libraries and frameworks
CocoaLumberjack/CocoaLumberjack,"6,945","1,249",Objective-C,"A fast & simple, yet powerful & flexible logging framework for Mac and iOS",https://github.com/CocoaLumberjack/CocoaLumberjack,Non-web libraries and frameworks
imakewebthings/waypoints,"6,924",948,JavaScript,Waypoints is a library that makes it easy to execute a function whenever you scroll to an element.,https://github.com/imakewebthings/waypoints,Web libraries and frameworks
jcjohnson/neural-style,"6,923",864,Lua,Torch implementation of neural style algorithm,https://github.com/jcjohnson/neural-style,Non-web libraries and frameworks
nicklockwood/iCarousel,"6,923","1,683",Objective-C,"A simple, highly customisable, data-driven 3D carousel for iOS and Mac OS",https://github.com/nicklockwood/iCarousel,Non-web libraries and frameworks
segmentio/nightmare,"6,918",348,JavaScript,A high-level browser automation library.,https://github.com/segmentio/nightmare,Non-web libraries and frameworks
Marak/faker.js,"6,915",550,JavaScript,generate massive amounts of fake data in Node.js and the browser,https://github.com/Marak/faker.js,Non-web libraries and frameworks
onevcat/VVDocumenter-Xcode,"6,904","1,531",Objective-C,"Xcode plug-in which helps you write documentation comment easier, for both Objective-C and Swift.",https://github.com/onevcat/VVDocumenter-Xcode,Software tools
CoderMJLee/MJRefresh,"6,896","2,274",Objective-C,An easy way to use pull-to-refresh.,https://github.com/CoderMJLee/MJRefresh,Non-web libraries and frameworks
Microsoft/dotnet,"6,895",985,HTML,"dotnet is the official home of .NET on GitHub. It's a great starting point to find many .NET OSS projects from Microsoft and the community, including many that are part of the .NET Foundation.",https://github.com/Microsoft/dotnet,System software
aFarkas/html5shiv,"6,894","1,719",JavaScript,This script is the defacto way to enable use of HTML5 sectioning elements in legacy Internet Explorer.,https://github.com/aFarkas/html5shiv,Web libraries and frameworks
JuliaLang/julia,"6,887","1,578",Julia,The Julia Language: A fresh approach to technical computing.,https://github.com/JuliaLang/julia,System software
HannahMitt/HomeMirror,"6,885",543,Java,Android application powering the mirror in my house,https://github.com/HannahMitt/HomeMirror,Application software
jnicklas/capybara,"6,885","1,006",Ruby,Acceptance test framework for web applications,https://github.com/jnicklas/capybara,Non-web libraries and frameworks
joewalnes/websocketd,"6,884",283,Go,"Turn any program that uses STDIN/STDOUT into a WebSocket server. Like inetd, but for WebSockets.",https://github.com/joewalnes/websocketd,Software tools
rstacruz/jquery.transit,"6,882",905,JavaScript,Super-smooth CSS3 transformations and transitions for jQuery,https://github.com/rstacruz/jquery.transit,Web libraries and frameworks
fabric/fabric,"6,881","1,153",Python,"Simple, Pythonic remote execution and deployment.",https://github.com/fabric/fabric,Software tools
amazeui/amazeui,"6,880","1,814",CSS,"Amaze UI, a mobile-first and modular front-end framework.",https://github.com/amazeui/amazeui,Web libraries and frameworks
Famous/famous,"6,878",841,JavaScript,This repo is being deprecated. Please check out http://github.com/famous/engine,https://github.com/Famous/famous,Web libraries and frameworks
aosabook/500lines,"6,867","1,418",TeX,500 Lines or Less,https://github.com/aosabook/500lines,Documentation
afaqurk/linux-dash,"6,842",810,JavaScript,A beautiful web dashboard for Linux,https://github.com/afaqurk/linux-dash,Software tools
harthur/brain,"6,841",730,JavaScript,[UNMAINTAINED] Neural networks in JavaScript,https://github.com/harthur/brain,Non-web libraries and frameworks
cmderdev/cmder,"6,839",479,PowerShell,Lovely console emulator package for Windows,https://github.com/cmderdev/cmder,Software tools
stylus/stylus,"6,833",888,JavaScript,"Expressive, robust, feature-rich CSS language built for nodejs",https://github.com/stylus/stylus,Software tools
metafizzy/isotope,"6,831","1,193",JavaScript,:revolving_hearts: Filter & sort magical layouts,https://github.com/metafizzy/isotope,Web libraries and frameworks
realm/realm-cocoa,"6,823",686,Objective-C,Realm is a mobile database: a replacement for Core Data & SQLite,https://github.com/realm/realm-cocoa,System software
guillaumepotier/Parsley.js,"6,812","1,089",JavaScript,"Validate your forms, frontend, without writing a single line of javascript",https://github.com/guillaumepotier/Parsley.js,Web libraries and frameworks
gollum/gollum,"6,808","1,151",JavaScript,"A simple, Git-powered wiki with a sweet API and local frontend.",https://github.com/gollum/gollum,Application software
ccampbell/mousetrap,"6,803",612,JavaScript,Simple library for handling keyboard shortcuts in Javascript,https://github.com/ccampbell/mousetrap,Web libraries and frameworks
facebook/flow,"6,795",445,OCaml,Adds static typing to JavaScript to improve developer productivity and code quality.,https://github.com/facebook/flow,Software tools
Grouper/FlatUIKit,"6,789",910,Objective-C,A collection of awesome flat UI components for iOS.,https://github.com/Grouper/FlatUIKit,Non-web libraries and frameworks
marionettejs/backbone.marionette,"6,786","1,341",JavaScript,The Backbone Framework,https://github.com/marionettejs/backbone.marionette,Web libraries and frameworks
inconshreveable/ngrok,"6,760",773,Go,Introspected tunnels to localhost,https://github.com/inconshreveable/ngrok,Software tools
carlhuda/janus,"6,746",806,VimL,Vim distribution,https://github.com/carlhuda/janus,Software tools
HubSpot/offline,"6,746",578,CSS,Automatically display online/offline indication to your users. #hubspot-open-source,https://github.com/HubSpot/offline,Web libraries and frameworks
Compass/compass,"6,731","1,219",CSS,Compass is a Stylesheet Authoring Environment that makes your website design simpler to implement and easier to maintain.,https://github.com/Compass/compass,Software tools
ejci/favico.js,"6,730",455,JavaScript,"Make use of your favicon with badges, images or videos",https://github.com/ejci/favico.js,Web libraries and frameworks
sahat/satellizer,"6,720",891,JavaScript,Token-based AngularJS Authentication,https://github.com/sahat/satellizer,Web libraries and frameworks
tpope/vim-fugitive,"6,713",433,VimL,"fugitive.vim: a Git wrapper so awesome, it should be illegal",https://github.com/tpope/vim-fugitive,Software tools
karma-runner/karma,"6,711","1,069",JavaScript,Spectacular Test Runner for JavaScript,https://github.com/karma-runner/karma,Software tools
phacility/phabricator,"6,701",959,PHP,Open software engineering platform and fun adventure game,https://github.com/phacility/phabricator,Documentation
BrowserSync/browser-sync,"6,698",401,JavaScript,Keep multiple browsers & devices in sync when building websites. http://browsersync.io,https://github.com/BrowserSync/browser-sync,Web libraries and frameworks
legomushroom/mojs,"6,680",278,JavaScript,motion graphics toolbelt for the web,https://github.com/legomushroom/mojs,Web libraries and frameworks
janpaepke/ScrollMagic,"6,673","1,147",JavaScript,The javascript library for magical scroll interactions.,https://github.com/janpaepke/ScrollMagic,Web libraries and frameworks
apenwarr/sshuttle,"6,660",512,Python,Transparent proxy server that works as a poor man's VPN. Forwards over ssh. Doesn't require admin. Works with Linux and MacOS. Supports DNS tunneling.,https://github.com/apenwarr/sshuttle,System software
mrmrs/colors,"6,649",388,CSS,Smarter defaults for colors on the web.,https://github.com/mrmrs/colors,Web libraries and frameworks
mishoo/UglifyJS,"6,635",619,JavaScript,JavaScript parser / mangler / compressor / beautifier library for NodeJS,https://github.com/mishoo/UglifyJS,Software tools
fastlane/fastlane,"6,630",817,Ruby,Connect all iOS and Android deployment tools into one streamlined workflow,https://github.com/fastlane/fastlane,Software tools
astaxie/beego,"6,619","1,643",Go,"beego is an open-source, high-performance web framework for the Go programming language.",https://github.com/astaxie/beego,Web libraries and frameworks
syl20bnr/spacemacs,"6,613","1,704",Emacs Lisp,"A community-driven Emacs distribution - The best editor is neither Emacs nor Vim, it's Emacs *and* Vim!",https://github.com/syl20bnr/spacemacs,Software tools
guzzle/guzzle,"6,611","1,027",PHP,"Guzzle, an extensible PHP HTTP client",https://github.com/guzzle/guzzle,Web libraries and frameworks
FredrikNoren/ungit,"6,605",383,JavaScript,The easiest way to use git. On any platform. Anywhere.,https://github.com/FredrikNoren/ungit,Software tools
basecamp/trix,"6,602",216,CoffeeScript,A rich text editor for everyday writing,https://github.com/basecamp/trix,Web libraries and frameworks
JacksonTian/fks,"6,597","2,553",JavaScript,前端技能汇总 Frontend Knowledge Structure,https://github.com/JacksonTian/fks,Documentation
nolimits4web/Framework7,"6,592","1,346",JavaScript,Full Featured HTML Framework For Building iOS & Android Apps,https://github.com/nolimits4web/Framework7,Web libraries and frameworks
DefinitelyTyped/DefinitelyTyped,"6,591","4,679",TypeScript,The repository for high quality TypeScript type definitions.,https://github.com/DefinitelyTyped/DefinitelyTyped,Documentation
elixir-lang/elixir,"6,584",894,Elixir,"Elixir is a dynamic, functional language designed for building scalable and maintainable applications",https://github.com/elixir-lang/elixir,System software
RocketChat/Rocket.Chat,"6,583","1,257",CoffeeScript,"Have your own Slack like online chat, built with Meteor.",https://github.com/RocketChat/Rocket.Chat,Application software
carrierwaveuploader/carrierwave,"6,575","1,159",Ruby,"Classier solution for file uploads for Rails, Sinatra and other Ruby web frameworks",https://github.com/carrierwaveuploader/carrierwave,Web libraries and frameworks
activeadmin/activeadmin,"6,573","2,382",Ruby,The administration framework for Ruby on Rails applications.,https://github.com/activeadmin/activeadmin,Software tools
chrisbanes/Android-PullToRefresh,"6,562","4,515",Java,DEPRECATED,https://github.com/chrisbanes/Android-PullToRefresh,Non-web libraries and frameworks
kkga/spacegray,"6,561",438,JavaScript,A Hyperminimal UI Theme for Sublime Text,https://github.com/kkga/spacegray,Application software
slimphp/Slim,"6,559","1,255",PHP,Slim Framework source code,https://github.com/slimphp/Slim,Web libraries and frameworks
phalcon/cphalcon,"6,550","1,186",PHP,Web framework delivered as a C-extension for PHP,https://github.com/phalcon/cphalcon,Web libraries and frameworks
Rochester-NRT/AlphaGo,"6,543","1,724",JavaScript,"A replication of DeepMind's 2016 Nature publication, ""Mastering the game of Go with deep neural networks and tree search,"" details of which can be found on their website.",https://github.com/Rochester-NRT/AlphaGo,Non-web libraries and frameworks
path/FastImageCache,"6,536",769,Objective-C,iOS library for quickly displaying images while scrolling,https://github.com/path/FastImageCache,Non-web libraries and frameworks
revel/revel,"6,532",938,Go,"A high productivity, full-stack web framework for the Go language.",https://github.com/revel/revel,Web libraries and frameworks
javve/list.js,"6,524",589,JavaScript,"The perfect library for adding search, sort, filters and flexibility to tables, lists and various HTML elements. Built to be invisible and work on existing HTML.",https://github.com/javve/list.js,Web libraries and frameworks
xing/wysihtml5,"6,519","1,085",JavaScript,Open source rich text editor based on HTML5 and the progressive-enhancement approach. Uses a sophisticated security concept and aims to generate fully valid HTML5 markup by preventing unmaintainable tag soups and inline styles.,https://github.com/xing/wysihtml5,Web libraries and frameworks
wekan/wekan,"6,514",784,JavaScript,The open-source Trello-like kanban (build with Meteor),https://github.com/wekan/wekan,Software tools
felixge/node-mysql,"6,511","1,058",JavaScript,A pure node.js JavaScript Client implementing the MySql protocol.,https://github.com/felixge/node-mysql,Non-web libraries and frameworks
uikit/uikit,"6,507","1,287",HTML,A lightweight and modular front-end framework for developing fast and powerful web interfaces.,https://github.com/uikit/uikit,Web libraries and frameworks
dthree/cash,"6,505",156,JavaScript,Cross-platform Linux commands in ES6,https://github.com/dthree/cash,Application software
begriffs/postgrest,"6,505",234,Haskell,REST API for any Postgres database,https://github.com/begriffs/postgrest,Web libraries and frameworks
drone/drone,"6,483",751,Go,"Drone is a Continuous Delivery platform built on Docker, written in Go",https://github.com/drone/drone,Software tools
netty/netty,"6,476","3,285",Java,Netty project - an event-driven asynchronous network application framework,https://github.com/netty/netty,Software tools
PerfectlySoft/Perfect,"6,471",381,Swift,"Server-side Swift. The Perfect library, application server, connectors and example apps. (For mobile back-end development, website and web app development, and more...)",https://github.com/PerfectlySoft/Perfect,Web libraries and frameworks
flightjs/flight,"6,464",583,JavaScript,"A component-based, event-driven JavaScript framework from Twitter",https://github.com/flightjs/flight,Web libraries and frameworks
HubSpot/youmightnotneedjquery,"6,457",265,HTML,,https://github.com/HubSpot/youmightnotneedjquery,Documentation
cockroachdb/cockroach,"6,442",606,Go,"A Scalable, Survivable, Strongly-Consistent SQL Database",https://github.com/cockroachdb/cockroach,System software
nsqio/nsq,"6,428",778,Go,A realtime distributed messaging platform,https://github.com/nsqio/nsq,System software
RubaXa/Sortable,"6,416",856,JavaScript,"Sortable — is a minimalist JavaScript library for reorderable drag-and-drop lists on modern browsers and touch devices. No jQuery. Supports Meteor, AngularJS, React, Polymer and any CSS library, e.g. Bootstrap.",https://github.com/RubaXa/Sortable,Web libraries and frameworks
facebook/Shimmer,"6,415",769,Objective-C,"An easy way to add a simple, shimmering effect to any view in an iOS app.",https://github.com/facebook/Shimmer,Non-web libraries and frameworks
Carthage/Carthage,"6,414",434,Swift,"A simple, decentralized dependency manager for Cocoa",https://github.com/Carthage/Carthage,Software tools
kevinzhow/PNChart,"6,405","1,217",Objective-C,A simple and beautiful chart lib used in Piner and CoinsMan for iOS,https://github.com/kevinzhow/PNChart,Non-web libraries and frameworks
mailpile/Mailpile,"6,397",676,Python,"A free & open modern, fast email client with user-friendly encryption and privacy features",https://github.com/mailpile/Mailpile,Application software
google/fonts,"6,378",818,PureBasic,Font files available from Google Fonts,https://github.com/google/fonts,Web libraries and frameworks
navasmdc/MaterialDesignLibrary,"6,378","1,991",Java,This is a library with components of Android L to you use in android 2.2,https://github.com/navasmdc/MaterialDesignLibrary,Non-web libraries and frameworks
scrooloose/syntastic,"6,377",772,VimL,Syntax checking hacks for vim,https://github.com/scrooloose/syntastic,Software tools
allenwong/30DaysofSwift,"6,372",978,Swift,A self-taught project to learn Swift.,https://github.com/allenwong/30DaysofSwift,Documentation
saltstack/salt,"6,368","2,795",Python,Software to automate the management and configuration of any infrastructure or application at scale. Get access to the Salt Open software package repository here:,https://github.com/saltstack/salt,Software tools
stedolan/jq,"6,366",341,C,Command-line JSON processor,https://github.com/stedolan/jq,Software tools
marmelab/gremlins.js,"6,365",268,JavaScript,Monkey testing library for web apps and Node.js,https://github.com/marmelab/gremlins.js,Web libraries and frameworks
google/traceur-compiler,"6,359",403,JavaScript,Traceur is a JavaScript.next-to-JavaScript-of-today compiler,https://github.com/google/traceur-compiler,Software tools
cakephp/cakephp,"6,357","2,922",PHP,CakePHP: The Rapid Development Framework for PHP - Official Repository,https://github.com/cakephp/cakephp,Web libraries and frameworks
Kickball/awesome-selfhosted,"6,356",440,Makefile,This is a list of Free Software network services and web applications which can be hosted locally. Selfhosting is the process of locally hosting and managing applications instead of renting from SaaS providers.,https://github.com/Kickball/awesome-selfhosted,Documentation
facebook/folly,"6,354","1,436",C++,An open-source C++ library developed and used at Facebook.,https://github.com/facebook/folly,Non-web libraries and frameworks
chinchang/hint.css,"6,351",602,CSS,A CSS only tooltip library for your lovely websites.,https://github.com/chinchang/hint.css,Web libraries and frameworks
mailcheck/mailcheck,"6,343",382,JavaScript,Reduce user-misspelled email addresses in your forms.,https://github.com/mailcheck/mailcheck,Web libraries and frameworks
jessepollak/card,"6,326",591,JavaScript,:credit_card: make your credit card form better in one line of code,https://github.com/jessepollak/card,Web libraries and frameworks
jordansissel/fpm,"6,301",634,Ruby,"Effing package management! Build packages for multiple platforms (deb, rpm, etc) with great ease and sanity.",https://github.com/jordansissel/fpm,Software tools
binux/pyspider,"6,288","1,575",Python,A Powerful Spider(Web Crawler) System in Python.,https://github.com/binux/pyspider,Software tools
NativeScript/NativeScript,"6,288",443,TypeScript,Build truly native cross-platform iOS and Android apps with JavaScript,https://github.com/NativeScript/NativeScript,Non-web libraries and frameworks
strongloop/loopback,"6,286",553,JavaScript,"LoopBack is an open source Node.js framework built on top of Express optimized for building APIs for mobile, web, and other devices. Connect to multiple data sources, write business logic in Node.js, glue on top of your existing services and data, connect using JS, iOS & Android SDKs.",https://github.com/strongloop/loopback,Web libraries and frameworks
handsontable/handsontable,"6,270","1,397",JavaScript,Handsontable is an Excel-like data grid / spreadsheet for HTML & JavaScript,https://github.com/handsontable/handsontable,Web libraries and frameworks
Automattic/_s,"6,261","2,148",CSS,"Hi. I'm a starter theme called _s, or underscores, if you like. I'm a theme meant for hacking so don't use me as a Parent Theme. Instead try turning me into the next, most awesome, WordPress theme out there. That's what I'm here for.",https://github.com/Automattic/_s,Web libraries and frameworks
javan/whenever,"6,252",561,Ruby,Cron jobs in Ruby,https://github.com/javan/whenever,Non-web libraries and frameworks
yudai/gotty,"6,208",245,Go,Share your terminal as a web application,https://github.com/yudai/gotty,Software tools
senchalabs/connect,"6,207",872,JavaScript,Connect is a middleware layer for Node.js,https://github.com/senchalabs/connect,Web libraries and frameworks
paperjs/paper.js,"6,205",640,JavaScript,"The Swiss Army Knife of Vector Graphics Scripting – Scriptographer ported to JavaScript and the browser, using HTML5 Canvas. Created by @lehni & @puckey",https://github.com/paperjs/paper.js,Web libraries and frameworks
OpenEmu/OpenEmu,"6,188",731,Objective-C,:video_game: Retro video game emulation for OS X,https://github.com/OpenEmu/OpenEmu,Application software
jshint/jshint,"6,186","1,304",JavaScript,JSHint is a tool that helps to detect errors and potential problems in your JavaScript code,https://github.com/jshint/jshint,Software tools
ubuwaits/beautiful-web-type,"6,174",313,CSS,A showcase of the best typefaces from the Google web fonts directory.,https://github.com/ubuwaits/beautiful-web-type,Documentation
jzaefferer/jquery-validation,"6,167","1,950",JavaScript,jQuery Validation Plugin,https://github.com/jzaefferer/jquery-validation,Web libraries and frameworks
hakimel/Ladda,"6,155",688,HTML,Buttons with built-in loading indicators.,https://github.com/hakimel/Ladda,Web libraries and frameworks
XX-net/XX-Net,"6,144","2,269",Python,接力GoAgent翻墙工具----Anti-censorship tools,https://github.com/XX-net/XX-Net,Non-web libraries and frameworks
matryer/bitbar,"6,138",195,Objective-C,Put the output from any script or program in your Mac OS X Menu Bar,https://github.com/matryer/bitbar,Software tools
ConnorAtherton/loaders.css,"6,123",669,CSS,"Delightful, performance-focused pure css loading animations.",https://github.com/ConnorAtherton/loaders.css,Web libraries and frameworks
mperham/sidekiq,"6,115","1,065",Ruby,"Simple, efficient background processing for Ruby",https://github.com/mperham/sidekiq,Software tools
ibireme/YYKit,"6,107","1,727",Objective-C,A collection of iOS components.,https://github.com/ibireme/YYKit,Non-web libraries and frameworks
hpneo/gmaps,"6,105","1,038",JavaScript,the easiest way to use Google Maps,https://github.com/hpneo/gmaps,Web libraries and frameworks
sequelize/sequelize,"6,103","1,293",JavaScript,"Sequelize is an easy-to-use multi sql dialect ORM for Node.js & io.js. It currently supports MySQL, MariaDB, SQLite, PostgreSQL and MSSQL.",https://github.com/sequelize/sequelize,Non-web libraries and frameworks
oneuijs/You-Dont-Need-jQuery,"6,099",419,JavaScript,"Examples of how to do query, style, dom, ajax, event etc like jQuery with plain javascript.",https://github.com/oneuijs/You-Dont-Need-jQuery,Documentation
amsul/pickadate.js,"6,094",737,JavaScript,"The mobile-friendly, responsive, and lightweight jQuery date & time input picker.",https://github.com/amsul/pickadate.js,Web libraries and frameworks
gin-gonic/gin,"6,091",639,Go,"Gin is a HTTP web framework written in Go (Golang). It features a Martini-like API with much better performance -- up to 40 times faster. If you need smashing performance, get yourself some Gin.",https://github.com/gin-gonic/gin,Web libraries and frameworks
dotnet/coreclr,"6,079","1,362",C#,"This repo contains the .NET Core runtime, called CoreCLR, and the base library, called mscorlib. It includes the garbage collector, JIT compiler, base .NET data types and many low-level classes.",https://github.com/dotnet/coreclr,System software
bbatsov/rubocop,"6,077",793,Ruby,"A Ruby static code analyzer, based on the community Ruby style guide.",https://github.com/bbatsov/rubocop,Software tools
scrooloose/nerdtree,"6,060",672,VimL,A tree explorer plugin for vim.,https://github.com/scrooloose/nerdtree,Application software
ryanb/cancan,"6,037",826,Ruby,Authorization Gem for Ruby on Rails.,https://github.com/ryanb/cancan,Web libraries and frameworks
facebook/relay,"6,037",440,JavaScript,Relay is a JavaScript framework for building data-driven React applications.,https://github.com/facebook/relay,Web libraries and frameworks
niklasvh/html2canvas,"6,036","1,285",JavaScript,Screenshots with JavaScript,https://github.com/niklasvh/html2canvas,Web libraries and frameworks
ericelliott/essential-javascript-links,"6,020",446,ApacheConf,Essential JavaScript website.,https://github.com/ericelliott/essential-javascript-links,Documentation
jacomyal/sigma.js,"6,008",893,JavaScript,A JavaScript library dedicated to graph drawing,https://github.com/jacomyal/sigma.js,Web libraries and frameworks
qrohlf/trianglify,"6,001",461,JavaScript,Algorithmically generated triangle art,https://github.com/qrohlf/trianglify,Web libraries and frameworks
equinusocio/material-theme,"5,997",419,JavaScript,"Material Theme, the most epic theme for Sublime Text 3 by Mattia Astorino",https://github.com/equinusocio/material-theme,Application software
jgm/pandoc,"5,991",774,Haskell,Universal markup converter,https://github.com/jgm/pandoc,Non-web libraries and frameworks
boot2docker/boot2docker,"5,981",714,Shell,Lightweight Linux for Docker,https://github.com/boot2docker/boot2docker,System software
pouchdb/pouchdb,"5,981",660,JavaScript,:koala: - PouchDB is a pocket-sized database.,https://github.com/pouchdb/pouchdb,System software
sitaramc/gitolite,"5,973",707,Perl,"Hosting git repositories -- Gitolite allows you to setup git hosting on a central server, with very fine-grained access control and many (many!) more powerful features.",https://github.com/sitaramc/gitolite,Software tools
purifycss/purifycss,"5,970",210,JavaScript,Remove unused CSS. Also works with single-page apps.,https://github.com/purifycss/purifycss,Web libraries and frameworks
ReactiveX/RxAndroid,"5,970",931,Java,RxJava bindings for Android,https://github.com/ReactiveX/RxAndroid,Non-web libraries and frameworks
hashicorp/consul,"5,961",850,Go,"Consul is a tool for service discovery, monitoring and configuration.",https://github.com/hashicorp/consul,Software tools
pydata/pandas,"5,956","2,432",Python,"Flexible and powerful data analysis / manipulation library for Python, providing labeled data structures similar to R data.frame objects, statistical functions, and much more",https://github.com/pydata/pandas,Non-web libraries and frameworks
robbiehanson/CocoaAsyncSocket,"5,955","1,692",Objective-C,Asynchronous socket networking library for Mac and iOS,https://github.com/robbiehanson/CocoaAsyncSocket,Non-web libraries and frameworks
douglascrockford/JSON-js,"5,949","3,483",JavaScript,JSON in JavaScript,https://github.com/douglascrockford/JSON-js,Web libraries and frameworks
petehunt/webpack-howto,"5,947",393,JavaScript,,https://github.com/petehunt/webpack-howto,Documentation
slackhq/SlackTextViewController,"5,937",630,Objective-C,A drop-in UIViewController subclass with a growing text input view and other useful messaging features,https://github.com/slackhq/SlackTextViewController,Non-web libraries and frameworks
sorin-ionescu/prezto,"5,934","2,801",Shell,The configuration framework for Zsh,https://github.com/sorin-ionescu/prezto,Software tools
plataformatec/simple_form,"5,933",948,Ruby,"Forms made easy for Rails! It's tied to a simple DSL, with no opinion on markup.",https://github.com/plataformatec/simple_form,Web libraries and frameworks
ducksboard/gridster.js,"5,925","1,098",JavaScript,gridster.js is a jQuery plugin that makes building intuitive draggable layouts from elements spanning multiple columns,https://github.com/ducksboard/gridster.js,Web libraries and frameworks
facebook/osquery,"5,922",593,C++,"SQL powered operating system instrumentation, monitoring, and analytics.",https://github.com/facebook/osquery,Software tools
sferik/rails_admin,"5,920","1,706",Ruby,RailsAdmin is a Rails engine that provides an easy-to-use interface for managing your data,https://github.com/sferik/rails_admin,Web libraries and frameworks
Flipboard/FLEX,"5,916",553,Objective-C,An in-app debugging and exploration tool for iOS,https://github.com/Flipboard/FLEX,Software tools
jgthms/bulma,"5,905",264,CSS,Modern CSS framework based on Flexbox,https://github.com/jgthms/bulma,Web libraries and frameworks
keystonejs/keystone,"5,904",987,JavaScript,node.js cms and web app framework,https://github.com/keystonejs/keystone,Web libraries and frameworks
mozilla/BrowserQuest,"5,901","1,857",JavaScript,A HTML5/JavaScript multiplayer game experiment,https://github.com/mozilla/BrowserQuest,Application software
romaonthego/RESideMenu,"5,878","1,209",Objective-C,iOS 7/8 style side menu with parallax effect.,https://github.com/romaonthego/RESideMenu,Non-web libraries and frameworks
morrisjs/morris.js,"5,872",943,CoffeeScript,Pretty time-series line graphs,https://github.com/morrisjs/morris.js,Web libraries and frameworks
phoenixframework/phoenix,"5,872",649,Elixir,Productive. Reliable. Fast.,https://github.com/phoenixframework/phoenix,Web libraries and frameworks
WhisperSystems/Signal-Android,"5,863","1,665",C,A private messenger for Android.,https://github.com/WhisperSystems/Signal-Android,Application software
scala/scala,"5,859","1,466",Scala,The Scala programming language,https://github.com/scala/scala,System software
Matt-Esch/virtual-dom,"5,849",338,JavaScript,A Virtual DOM and diffing algorithm,https://github.com/Matt-Esch/virtual-dom,Non-web libraries and frameworks
NodeRedis/node_redis,"5,849",842,JavaScript,redis client for node,https://github.com/NodeRedis/node_redis,Non-web libraries and frameworks
NetEase/pomelo,"5,847","1,731",JavaScript,"A fast,scalable,distributed game server framework for Node.js.",https://github.com/NetEase/pomelo,Non-web libraries and frameworks
Netflix/falcor,"5,842",241,JavaScript,A JavaScript library for efficient data fetching,https://github.com/Netflix/falcor,Web libraries and frameworks
clojure/clojurescript,"5,835",513,Clojure,Clojure to JS compiler,https://github.com/clojure/clojurescript,Software tools
rwaldron/johnny-five,"5,835",799,JavaScript,"JavaScript Robotics and IoT programming framework, developed at Bocoup.",https://github.com/rwaldron/johnny-five,Non-web libraries and frameworks
jakiestfu/Snap.js,"5,823",727,JavaScript,A Library for creating beautiful mobile shelfs in Javascript (Facebook and Path style side menus),https://github.com/jakiestfu/Snap.js,Web libraries and frameworks
davatron5000/FitText.js,"5,822","1,255",HTML,A jQuery plugin for inflating web type,https://github.com/davatron5000/FitText.js,Web libraries and frameworks
jverkoey/nimbus,"5,814","1,316",Objective-C,The iOS framework that grows only as fast as its documentation,https://github.com/jverkoey/nimbus,Non-web libraries and frameworks
chrisbanes/PhotoView,"5,810","2,118",Java,"Implementation of ImageView for Android that supports zooming, by various touch gestures.",https://github.com/chrisbanes/PhotoView,Non-web libraries and frameworks
mgcrea/angular-strap,"5,809","1,431",JavaScript,AngularJS 1.2+ native directives for Bootstrap 3.,https://github.com/mgcrea/angular-strap,Web libraries and frameworks
PHPMailer/PHPMailer,"5,804","3,495",PHP,The classic email sending library for PHP,https://github.com/PHPMailer/PHPMailer,Non-web libraries and frameworks
FineUploader/fine-uploader,"5,803","1,396",JavaScript,"Multiple file upload plugin with progress-bar, drag-and-drop, direct-to-S3 & Azure uploading, client-side image scaling, preview generation, form support, chunking, auto-resume, and tons of other features.",https://github.com/FineUploader/fine-uploader,Web libraries and frameworks
sbstjn/timesheet.js,"5,781",424,JavaScript,JavaScript library for HTML5 & CSS3 time sheets,https://github.com/sbstjn/timesheet.js,Web libraries and frameworks
MrRio/jsPDF,"5,777","1,288",JavaScript,JavaScript PDF generation for legends. HTML5 FTW.,https://github.com/MrRio/jsPDF,Web libraries and frameworks
serbanghita/Mobile-Detect,"5,764","1,565",PHP,Mobile_Detect is a lightweight PHP class for detecting mobile devices (including tablets). It uses the User-Agent string combined with specific HTTP headers to detect the mobile environment.,https://github.com/serbanghita/Mobile-Detect,Web libraries and frameworks
aurelia/framework,"5,760",264,JavaScript,The aurelia framework brings together all the required core aurelia libraries into a ready-to-go application-building platform.,https://github.com/aurelia/framework,Web libraries and frameworks
matthieua/WOW,"5,752","1,261",JavaScript,Reveal CSS animation as you scroll down a page,https://github.com/matthieua/WOW,Web libraries and frameworks
CEWendel/SWTableViewCell,"5,751","1,091",Objective-C,An easy-to-use UITableViewCell subclass that implements a swippable content view which exposes utility buttons (similar to iOS 7 Mail Application),https://github.com/CEWendel/SWTableViewCell,Non-web libraries and frameworks
lhorie/mithril.js,"5,751",433,HTML,A Javascript Framework for Building Brilliant Applications (development repo),https://github.com/lhorie/mithril.js,Web libraries and frameworks
breach/breach_core,"5,749",533,JavaScript,A Browser written in JS. Free. Modular. Hackable.,https://github.com/breach/breach_core,Application software
hapijs/hapi,"5,740",610,JavaScript,Server Framework for Node.js,https://github.com/hapijs/hapi,Web libraries and frameworks
PHPOffice/PHPExcel,"5,734","2,044",PHP,A pure PHP library for reading and writing spreadsheet files,https://github.com/PHPOffice/PHPExcel,Non-web libraries and frameworks
docker/kitematic,"5,725",512,JavaScript,Visual Docker Container Management on Mac & Windows,https://github.com/docker/kitematic,Software tools
NodeBB/NodeBB,"5,720","1,171",JavaScript,Node.js based forum software built for the modern web,https://github.com/NodeBB/NodeBB,Application software
TTTAttributedLabel/TTTAttributedLabel,"5,716","1,151",Objective-C,"A drop-in replacement for UILabel that supports attributes, data detectors, links, and more",https://github.com/TTTAttributedLabel/TTTAttributedLabel,Non-web libraries and frameworks
facebook/draft-js,"5,713",287,JavaScript,A React framework for building text editors.,https://github.com/facebook/draft-js,Web libraries and frameworks
p-e-w/maybe,"5,709",141,Python,:open_file_folder: :rabbit2: :tophat: See what a program does before deciding whether you really want it to happen.,https://github.com/p-e-w/maybe,Software tools
phanan/koel,"5,708",473,PHP,A personal music streaming server that works.,https://github.com/phanan/koel,Application software
intridea/omniauth,"5,697",735,Ruby,OmniAuth is a flexible authentication system utilizing Rack middleware.,https://github.com/intridea/omniauth,Web libraries and frameworks
charliesome/better_errors,"5,688",345,Ruby,Better error page for Rack apps,https://github.com/charliesome/better_errors,Web libraries and frameworks
vladikoff/chromeos-apk,"5,684",584,JavaScript,"Run Android Apps in Chrome OS OR Chrome in OS X, Linux and Windows.",https://github.com/vladikoff/chromeos-apk,Software tools
kesenhoo/android-training-course-in-chinese,"5,684","1,879",JavaScript,Android官方培训课程中文版,https://github.com/kesenhoo/android-training-course-in-chinese,Documentation
mozilla/metrics-graphics,"5,675",312,JavaScript,"A library optimized for concise, principled data graphics and layouts.",https://github.com/mozilla/metrics-graphics,Web libraries and frameworks
shutterstock/rickshaw,"5,674",902,JavaScript,JavaScript toolkit for creating interactive real-time graphs,https://github.com/shutterstock/rickshaw,Web libraries and frameworks
pokeb/asi-http-request,"5,674","1,532",Objective-C,"Easy to use CFNetwork wrapper for HTTP requests, Objective-C, Mac OS X and iPhone",https://github.com/pokeb/asi-http-request,Web libraries and frameworks
kangax/fabric.js,"5,671","1,002",JavaScript,"Javascript Canvas Library, SVG-to-Canvas (& canvas-to-SVG) Parser",https://github.com/kangax/fabric.js,Web libraries and frameworks
angular-app/angular-app,"5,669","1,814",JavaScript,Reference application for AngularJS,https://github.com/angular-app/angular-app,Documentation
fronteed/icheck,"5,666","1,247",CSS,Highly customizable checkboxes and radio buttons (jQuery & Zepto),https://github.com/fronteed/icheck,Web libraries and frameworks
briangonzalez/jquery.adaptive-backgrounds.js,"5,664",403,HTML,A jQuery plugin for extracting the dominant color from images and applying the color to their parent.,https://github.com/briangonzalez/jquery.adaptive-backgrounds.js,Web libraries and frameworks
jigish/slate,"5,663",378,Objective-C,A window management application (replacement for Divvy/SizeUp/ShiftIt),https://github.com/jigish/slate,Software tools
afollestad/material-dialogs,"5,663","1,147",Java,"A beautiful, easy-to-use, and customizable dialogs API, enabling you to use Material designed dialogs down to API 8.",https://github.com/afollestad/material-dialogs,Web libraries and frameworks
fish-shell/fish-shell,"5,661",543,C,The user-friendly command line shell.,https://github.com/fish-shell/fish-shell,Software tools
johnezang/JSONKit,"5,657","1,695",Objective-C,Objective-C JSON,https://github.com/johnezang/JSONKit,Non-web libraries and frameworks
amatsuda/kaminari,"5,655",749,Ruby,"A Scope & Engine based, clean, powerful, customizable and sophisticated paginator for Rails 3 and 4",https://github.com/amatsuda/kaminari,Web libraries and frameworks
ViccAlexander/Chameleon,"5,638",444,Objective-C,Flat Color Framework for iOS (Obj-C & Swift),https://github.com/ViccAlexander/Chameleon,Non-web libraries and frameworks
elastic/logstash,"5,631","1,748",Ruby,"logstash - transport and process your logs, events, or other data",https://github.com/elastic/logstash,Non-web libraries and frameworks
sqlmapproject/sqlmap,"5,627","1,300",Python,Automatic SQL injection and database takeover tool,https://github.com/sqlmapproject/sqlmap,Non-web libraries and frameworks
mleibman/SlickGrid,"5,622","1,840",JavaScript,A lightning fast JavaScript grid/spreadsheet,https://github.com/mleibman/SlickGrid,Web libraries and frameworks
SignalR/SignalR,"5,614","1,710",C#,Incredibly simple real-time web for .NET,https://github.com/SignalR/SignalR,Web libraries and frameworks
getpelican/pelican,"5,612","1,228",HTML,Static site generator that supports Markdown and reST syntax. Powered by Python.,https://github.com/getpelican/pelican,Application software
nodemailer/nodemailer,"5,610",531,JavaScript,✉️ Send e-mails with Node.JS – easy as cake!,https://github.com/nodemailer/nodemailer,Non-web libraries and frameworks
powerline/powerline,"5,602",493,Python,"Powerline is a statusline plugin for vim, and provides statuslines and prompts for several other applications, including zsh, bash, tmux, IPython, Awesome and Qtile.",https://github.com/powerline/powerline,Application software
tomchristie/django-rest-framework,"5,577","1,890",Python,Web APIs for Django.,https://github.com/tomchristie/django-rest-framework,Web libraries and frameworks
mozilla/localForage,"5,576",365,JavaScript,"Offline storage, improved. Wraps IndexedDB, WebSQL, or localStorage using a simple but powerful API.",https://github.com/mozilla/localForage,Web libraries and frameworks
maxwellito/vivus,"5,569",434,JavaScript,JavaScript library to make drawing animation on SVG,https://github.com/maxwellito/vivus,Web libraries and frameworks
tmpvar/jsdom,"5,569",616,JavaScript,"A JavaScript implementation of the WHATWG DOM and HTML standards, for use with node.js",https://github.com/tmpvar/jsdom,Web libraries and frameworks
nagadomi/waifu2x,"5,559",620,Lua,Image Super-Resolution for Anime-Style Art,https://github.com/nagadomi/waifu2x,Application software
danialfarid/ng-file-upload,"5,558","1,145",JavaScript,Lightweight Angular directive to upload files with optional FileAPI shim for cross browser support,https://github.com/danialfarid/ng-file-upload,Web libraries and frameworks
libgit2/libgit2,"5,554","1,336",C,The Library,https://github.com/libgit2/libgit2,Software tools
ochococo/Design-Patterns-In-Swift,"5,542",540,Swift,Design Patterns implemented in Swift,https://github.com/ochococo/Design-Patterns-In-Swift,Documentation
godotengine/godot,"5,538","1,462",C,Godot Game Engine,https://github.com/godotengine/godot,Non-web libraries and frameworks
facebook/xctool,"5,532",607,Objective-C,A replacement for Apple's xcodebuild that makes it easier to build and test iOS or OSX apps.,https://github.com/facebook/xctool,Software tools
Netflix/Hystrix,"5,519",997,Java,"Hystrix is a latency and fault tolerance library designed to isolate points of access to remote systems, services and 3rd party libraries, stop cascading failure and enable resilience in complex distributed systems where failure is inevitable.",https://github.com/Netflix/Hystrix,Software tools
h2o/h2o,"5,502",404,C,"H2O - the optimized HTTP/1, HTTP/2 server",https://github.com/h2o/h2o,System software
zeroclipboard/zeroclipboard,"5,490",964,JavaScript,The ZeroClipboard library provides an easy way to copy text to the clipboard using an invisible Adobe Flash movie and a JavaScript interface.,https://github.com/zeroclipboard/zeroclipboard,Web libraries and frameworks
mozilla/firefox-ios,"5,488","1,041",C,Firefox for iOS,https://github.com/mozilla/firefox-ios,Application software
marcuswestin/WebViewJavascriptBridge,"5,487","1,274",Objective-C,An iOS/OSX bridge for sending messages between Obj-C and JavaScript in UIWebViews/WebViews,https://github.com/marcuswestin/WebViewJavascriptBridge,Non-web libraries and frameworks
masayuki0812/c3,"5,469",819,JavaScript,A D3-based reusable chart library,https://github.com/masayuki0812/c3,Web libraries and frameworks
JohnCoates/Aerial,"5,468",269,Swift,Apple TV Aerial Screensaver for Mac,https://github.com/JohnCoates/Aerial,Application software
n1k0/casperjs,"5,466",883,JavaScript,Navigation scripting & testing utility for PhantomJS and SlimerJS,https://github.com/n1k0/casperjs,Web libraries and frameworks
rapid7/metasploit-framework,"5,450","3,840",Ruby,Metasploit Framework,https://github.com/rapid7/metasploit-framework,Software tools
braziljs/js-the-right-way,"5,446",701,HTML,"An easy-to-read, quick reference for JS best practices, accepted coding standards, and links around the Web",https://github.com/braziljs/js-the-right-way,Documentation
mdo/code-guide,"5,442",836,HTML,"Standards for flexible, durable, and sustainable HTML and CSS.",https://github.com/mdo/code-guide,Documentation
jquery-ui-bootstrap/jquery-ui-bootstrap,"5,441",870,HTML,A jQuery UI theme based on Twitter Bootstrap,https://github.com/jquery-ui-bootstrap/jquery-ui-bootstrap,Web libraries and frameworks
joshuaclayton/blueprint-css,"5,437",621,CSS,A CSS framework that aims to cut down on your CSS development time,https://github.com/joshuaclayton/blueprint-css,Web libraries and frameworks
zurb/foundation-emails,"5,437",462,HTML,Quickly create responsive HTML emails that work on any device and client. Even Outlook.,https://github.com/zurb/foundation-emails,Web libraries and frameworks
mwaterfall/MWPhotoBrowser,"5,432","1,701",Objective-C,"A simple iOS photo and video browser with grid view, captions and selections.",https://github.com/mwaterfall/MWPhotoBrowser,Non-web libraries and frameworks
thebird/Swipe,"5,429","1,623",JavaScript,Swipe is the most accurate touch slider.,https://github.com/thebird/Swipe,Web libraries and frameworks
deis/deis,"5,429",857,Python,Your PaaS. Your Rules.,https://github.com/deis/deis,Software tools
ksoichiro/Android-ObservableScrollView,"5,427","1,414",Java,Android library to observe scroll events on scrollable views.,https://github.com/ksoichiro/Android-ObservableScrollView,Non-web libraries and frameworks
eczarny/spectacle,"5,419",304,Objective-C,Spectacle allows you to organize your windows without using a mouse.,https://github.com/eczarny/spectacle,Application software
BlackrockDigital/startbootstrap,"5,417","2,783",HTML,A library of free and open source Bootstrap themes and templates,https://github.com/BlackrockDigital/startbootstrap,Web libraries and frameworks
google/WebFundamentals,"5,414",960,HTML,Best practices for modern web development,https://github.com/google/WebFundamentals,Documentation
amix/vimrc,"5,406","1,847",VimL,The ultimate Vim configuration: vimrc,https://github.com/amix/vimrc,Application software
boto/boto,"5,404","1,985",Python,"For the latest version of boto, see https://github.com/boto/boto3 -- Python interface to Amazon Web Services",https://github.com/boto/boto,Non-web libraries and frameworks
mozilla/togetherjs,"5,396",642,JavaScript,A service for your website that makes it surprisingly easy to collaborate in real-time.,https://github.com/mozilla/togetherjs,Web libraries and frameworks
VincentGarreau/particles.js,"5,389",624,JavaScript,A lightweight JavaScript library for creating particles,https://github.com/VincentGarreau/particles.js,Web libraries and frameworks
Mango/slideout,"5,382",796,JavaScript,A touch slideout navigation menu for your mobile web apps.,https://github.com/Mango/slideout,Web libraries and frameworks
ether/etherpad-lite,"5,368","1,205",JavaScript,Etherpad: Really real-time collaborative document editing,https://github.com/ether/etherpad-lite,Application software
facebook/facebook-ios-sdk,"5,363","2,162",Objective-C,Used to integrate iOS apps with Facebook Platform.,https://github.com/facebook/facebook-ios-sdk,Web libraries and frameworks
popcorn-time/popcorn-app,"5,356","2,147",CSS,An experiment using the peerflix module of nodejs and connecting a bunch of APIs.,https://github.com/popcorn-time/popcorn-app,Application software
coreos/rkt,"5,352",484,Go,rkt is an App Container runtime for Linux,https://github.com/coreos/rkt,System software
tuupola/jquery_lazyload,"5,349","1,435",HTML,jQuery plugin for lazy loading images,https://github.com/tuupola/jquery_lazyload,Web libraries and frameworks
rupa/z,"5,342",452,Shell,"z is the new j, yo",https://github.com/rupa/z,Application software
zendframework/zf2,"5,334","3,196",PHP,Official Zend Framework 2 git repository,https://github.com/zendframework/zf2,Web libraries and frameworks
arduino/Arduino,"5,331","4,272",HTML,open-source electronics prototyping platform,https://github.com/arduino/Arduino,Software tools
SnapKit/SnapKit,"5,331",482,Swift,A Swift Autolayout DSL for iOS & OS X,https://github.com/SnapKit/SnapKit,Non-web libraries and frameworks
tj/commander.js,"5,327",457,JavaScript,node.js command-line interfaces made easy,https://github.com/tj/commander.js,Software tools
systemjs/systemjs,"5,324",327,JavaScript,Universal dynamic module loader,https://github.com/systemjs/systemjs,Non-web libraries and frameworks
fullcalendar/fullcalendar,"5,323","1,804",JavaScript,Full-sized drag & drop event calendar (jQuery plugin),https://github.com/fullcalendar/fullcalendar,Web libraries and frameworks
Aufree/trip-to-iOS,"5,312","1,748",Objective-C,A curated list of delightful iOS resources.,https://github.com/Aufree/trip-to-iOS,Documentation
gitbucket/gitbucket,"5,305",660,Scala,"A Git platform powered by Scala with easy installation, high extensibility & github API compatibility",https://github.com/gitbucket/gitbucket,Application software
seajs/seajs,"5,303","2,301",JavaScript,A Module Loader for the Web,https://github.com/seajs/seajs,Web libraries and frameworks
react-bootstrap/react-bootstrap,"5,302",867,JavaScript,Bootstrap 3 components built with React,https://github.com/react-bootstrap/react-bootstrap,Web libraries and frameworks
google/leveldb,"5,302","1,247",C++,LevelDB is a fast key-value storage library written at Google that provides an ordered mapping from string keys to string values.,https://github.com/google/leveldb,System software
omcljs/om,"5,300",308,Clojure,ClojureScript interface to Facebook's React,https://github.com/omcljs/om,Non-web libraries and frameworks
progit/progit,"5,298","2,388",Ruby,"Pro Git Book Content, 1st Edition - See 2nd edition at progit2",https://github.com/progit/progit,Documentation
akka/akka,"5,292","1,644",Scala,Akka Project,https://github.com/akka/akka,System software
michaelvillar/dynamics.js,"5,290",246,CoffeeScript,Javascript library to create physics-based animations,https://github.com/michaelvillar/dynamics.js,Web libraries and frameworks
nodejitsu/node-http-proxy,"5,287",928,JavaScript,A full-featured http proxy for node.js,https://github.com/nodejitsu/node-http-proxy,Non-web libraries and frameworks
b4winckler/macvim,"5,269",682,C,Vim - the text editor - for Mac OS X,https://github.com/b4winckler/macvim,Application software
donnemartin/data-science-ipython-notebooks,"5,267",924,Python,"Continually updated data science Python notebooks: Deep learning (TensorFlow, Theano, Caffe), scikit-learn, Kaggle, big data (Spark, Hadoop MapReduce, HDFS), matplotlib, pandas, NumPy, SciPy, Python essentials, AWS, and various command lines. https://bit.ly/data-notes",https://github.com/donnemartin/data-science-ipython-notebooks,Documentation
piwik/piwik,"5,263",931,PHP,"Liberating Web Analytics. Star us on Github? +1. Piwik is the leading open alternative to Google Analytics that gives you full control over your data. Piwik lets you easily collect data from websites, apps & the IoT and visualise this data and extract insights. Privacy is built-in. We love Pull Requests!",https://github.com/piwik/piwik,Software tools
IFTTT/JazzHands,"5,244",572,Objective-C,A simple keyframe-based animation framework for UIKit. Perfect for scrolling app intros.,https://github.com/IFTTT/JazzHands,Non-web libraries and frameworks
thoughtbot/guides,"5,228",804,Ruby,A guide for programming in style.,https://github.com/thoughtbot/guides,Documentation
tonymillion/Reachability,"5,223","1,005",Objective-C,ARC and GCD Compatible Reachability Class for iOS and MacOS. Drop in replacement for Apple Reachability,https://github.com/tonymillion/Reachability,Non-web libraries and frameworks
thoughtbot/laptop,"5,209","1,241",Shell,A shell script which turns your OS X laptop into an awesome web development machine.,https://github.com/thoughtbot/laptop,Software tools
square/crossfilter,"5,207","1,205",JavaScript,Fast n-dimensional filtering and grouping of records.,https://github.com/square/crossfilter,Web libraries and frameworks
angular/protractor,"5,203","1,138",JavaScript,E2E test framework for Angular apps,https://github.com/angular/protractor,Non-web libraries and frameworks
google/physical-web,"5,201",604,Java,The Physical Web: walk up and use anything,https://github.com/google/physical-web,Documentation
jverdi/JVFloatLabeledTextField,"5,200",492,Objective-C,UITextField subclass with floating labels - inspired by Matt D. Smith's design: http://dribbble.com/shots/1254439--GIF-Mobile-Form-Interaction?list=users,https://github.com/jverdi/JVFloatLabeledTextField,Non-web libraries and frameworks
clojure/clojure,"5,197",904,Java,The Clojure programming language,https://github.com/clojure/clojure,System software
winterbe/java8-tutorial,"5,194",643,Java,Modern Java - A Guide to Java 8,https://github.com/winterbe/java8-tutorial,Documentation
jiahaog/nativefier,"5,191",171,JavaScript,"Wrap any web page natively without even thinking, across Windows, OSX and Linux",https://github.com/jiahaog/nativefier,Application software
sovereign/sovereign,"5,186",455,PHP,"A set of Ansible playbooks to build and maintain your own private cloud: email, calendar, contacts, file sync, IRC bouncer, VPN, and more.",https://github.com/sovereign/sovereign,Documentation
kien/ctrlp.vim,"5,168",355,VimL,"Fuzzy file, buffer, mru, tag, etc finder.",https://github.com/kien/ctrlp.vim,Application software
google/flatbuffers,"5,161",703,C++,Memory Efficient Serialization Library,https://github.com/google/flatbuffers,Non-web libraries and frameworks
dangrossman/bootstrap-daterangepicker,"5,157","1,653",JavaScript,Date range picker component for Bootstrap,https://github.com/dangrossman/bootstrap-daterangepicker,Web libraries and frameworks
chriso/validator.js,"5,156",497,JavaScript,String validation and sanitization,https://github.com/chriso/validator.js,Web libraries and frameworks
mholt/caddy,"5,149",334,Go,"Fast, cross-platform HTTP/2 web server with automatic HTTPS",https://github.com/mholt/caddy,System software
twitter/twemproxy,"5,147","1,065",C,"A fast, light-weight proxy for memcached and redis",https://github.com/twitter/twemproxy,Software tools
madrobby/keymaster,"5,147",365,JavaScript,A simple micro-library for defining and dispatching keyboard shortcuts. It has no dependencies.,https://github.com/madrobby/keymaster,Web libraries and frameworks
mitchellh/packer,"5,145","1,188",Go,Packer is a tool for creating identical machine images for multiple platforms from a single source configuration.,https://github.com/mitchellh/packer,Software tools
liuliu/ccv,"5,130","1,208",C,"C-based/Cached/Core Computer Vision Library, A Modern Computer Vision Library",https://github.com/liuliu/ccv,Non-web libraries and frameworks
PureLayout/PureLayout,"5,117",529,Objective-C,"The ultimate API for iOS & OS X Auto Layout — impressively simple, immensely powerful. Objective-C and Swift compatible.",https://github.com/PureLayout/PureLayout,Non-web libraries and frameworks
brunch/brunch,"5,114",368,JavaScript,"Fast front-end web app build tool with simple declarative config, seamless incremental compilation for rapid development, an opinionated pipeline and workflow, and core support for source maps.",https://github.com/brunch/brunch,Web libraries and frameworks
Microsoft/WinObjC,"5,105",620,Objective-C++,Objective-C for Windows,https://github.com/Microsoft/WinObjC,Software tools
CreateJS/EaselJS,"5,101","1,433",JavaScript,"The Easel Javascript library provides a full, hierarchical display list, a core interaction model, and helper classes to make working with the HTML5 Canvas element much easier.",https://github.com/CreateJS/EaselJS,Web libraries and frameworks
baconjs/bacon.js,"5,093",291,CoffeeScript,FRP (functional reactive programming) library for Javascript,https://github.com/baconjs/bacon.js,Non-web libraries and frameworks
dropbox/zxcvbn,"5,086",329,CoffeeScript,A realistic password strength estimator.,https://github.com/dropbox/zxcvbn,Web libraries and frameworks
middleman/middleman,"5,086",510,Ruby,Hand-crafted frontend development,https://github.com/middleman/middleman,Web libraries and frameworks
desandro/imagesloaded,"5,085",959,JavaScript,":camera: JavaScript is all like ""You images done yet or what?""",https://github.com/desandro/imagesloaded,Web libraries and frameworks
sebastianbergmann/phpunit,"5,081","1,169",PHP,The PHP Unit Testing framework.,https://github.com/sebastianbergmann/phpunit,Non-web libraries and frameworks
winstonjs/winston,"5,079",588,JavaScript,a multi-transport async logging library for node.js,https://github.com/winstonjs/winston,Non-web libraries and frameworks
ExactTarget/fuelux,"5,078","1,104",JavaScript,"Extends Twitter Bootstrap with additional lightweight JavaScript controls. Easy to install, customize, update, and optimize. All functionality covered by live documentation and unit tests.",https://github.com/ExactTarget/fuelux,Web libraries and frameworks
babun/babun,"5,078",281,Shell,Babun - a Windows shell you will love!,https://github.com/babun/babun,Software tools
EnterpriseQualityCoding/FizzBuzzEnterpriseEdition,"5,076",275,Java,FizzBuzz Enterprise Edition is a no-nonsense implementation of FizzBuzz made by serious businessmen for serious business purposes.,https://github.com/EnterpriseQualityCoding/FizzBuzzEnterpriseEdition,Documentation
HubSpot/tether,"5,072",265,JavaScript,"A positioning engine to make overlays, tooltips and dropdowns better #hubspot-open-source",https://github.com/HubSpot/tether,Web libraries and frameworks
taye/interact.js,"5,065",313,JavaScript,"JavaScript drag and drop, resizing and multi-touch gestures with inertia and snapping for modern browsers (and also IE8+)",https://github.com/taye/interact.js,Web libraries and frameworks
stubbornella/oocss,"5,059",679,JavaScript,Object Oriented CSS Framework,https://github.com/stubbornella/oocss,Software tools
loadfive/Knwl.js,"5,049",207,JavaScript,"Find Dates, Places, Times, and More. A .js library for parsing text for specific information.",https://github.com/loadfive/Knwl.js,Web libraries and frameworks
facebook/rocksdb,"5,048",998,C++,"A library that provides an embeddable, persistent key-value store for fast storage.",https://github.com/facebook/rocksdb,System software
elastic/kibana,"5,044","1,898",JavaScript,:bar_chart: Kibana analytics and search dashboard for Elasticsearch,https://github.com/elastic/kibana,Application software
fchollet/keras,"5,044","1,325",Python,"Deep Learning library for Python. Convnets, recurrent neural networks, and more. Runs on Theano and TensorFlow.",https://github.com/fchollet/keras,Non-web libraries and frameworks
dkhamsing/open-source-ios-apps,"5,041",872,Objective-C,:iphone: Collaborative List of Open-Source iOS Apps,https://github.com/dkhamsing/open-source-ios-apps,Documentation
daimajia/AndroidSwipeLayout,"5,040","1,493",Java,The Most Powerful Swipe Layout!,https://github.com/daimajia/AndroidSwipeLayout,Non-web libraries and frameworks
mutualmobile/MMDrawerController,"5,025","1,127",Objective-C,"A lightweight, easy to use, Side Drawer Navigation Controller",https://github.com/mutualmobile/MMDrawerController,Non-web libraries and frameworks
Microsoft/ChakraCore,"5,023",537,JavaScript,ChakraCore is the core part of the Chakra Javascript engine that powers Microsoft Edge,https://github.com/Microsoft/ChakraCore,System software
Bearded-Hen/Android-Bootstrap,"5,019","1,152",Java,"Bootstrap style widgets for Android, with Glyph Icons",https://github.com/Bearded-Hen/Android-Bootstrap,Web libraries and frameworks
hackiftekhar/IQKeyboardManager,"5,019",878,Objective-C,Codeless drop-in universal library allows to prevent issues of keyboard sliding up and cover UITextField/UITextView. Neither need to write any code nor any setup required and much more.,https://github.com/hackiftekhar/IQKeyboardManager,Non-web libraries and frameworks
tj/co,"5,015",324,JavaScript,"The ultimate generator based flow-control goodness for nodejs (supports thunks, promises, etc)",https://github.com/tj/co,Non-web libraries and frameworks
zwaldowski/BlocksKit,"5,007",771,Objective-C,The Objective-C block utilities you always wish you had.,https://github.com/zwaldowski/BlocksKit,Non-web libraries and frameworks
laravel/framework,"5,006","2,905",PHP,,https://github.com/laravel/framework,Web libraries and frameworks
HubSpot/vex,"5,000",339,CSS,A modern dialog library which is highly configurable and easy to style. #hubspot-open-source,https://github.com/HubSpot/vex,Web libraries and frameworks
facebook/infer,"4,996",596,OCaml,"A static analyzer for Java, C and Objective-C",https://github.com/facebook/infer,Software tools
Microsoft/CNTK,"4,992",903,C++,Computational Network Toolkit (CNTK),https://github.com/Microsoft/CNTK,Non-web libraries and frameworks
tmuxinator/tmuxinator,"4,978",334,Ruby,Manage complex tmux sessions easily,https://github.com/tmuxinator/tmuxinator,Software tools
googlesamples/android-UniversalMusicPlayer,"4,978","1,454",Java,"This sample shows how to implement an audio media app that works across multiple form factors and provide a consistent user experience on Android phones, tablets, Auto, Wear and Cast devices",https://github.com/googlesamples/android-UniversalMusicPlayer,Documentation
mobile-shell/mosh,"4,972",350,C++,Mobile Shell,https://github.com/mobile-shell/mosh,Software tools
north/north,"4,967",309,CSS,Design and development standards to align and guide your project.,https://github.com/north/north,Documentation
antirez/disque,"4,961",291,C,Disque is a distributed message broker,https://github.com/antirez/disque,Non-web libraries and frameworks
yeoman/generator-angular,"4,949","1,397",JavaScript,Yeoman generator for AngularJS,https://github.com/yeoman/generator-angular,Web libraries and frameworks
cucumber/cucumber-ruby,"4,945","1,074",Ruby,"Simple, human collaboration",https://github.com/cucumber/cucumber-ruby,Software tools
jscs-dev/node-jscs,"4,944",538,JavaScript,JavaScript Code Style checker,https://github.com/jscs-dev/node-jscs,Software tools
chrisbanes/cheesesquare,"4,942","1,152",Java,Demos the new Android Design library.,https://github.com/chrisbanes/cheesesquare,Documentation
codecombat/codecombat,"4,929","2,330",CoffeeScript,Game for learning how to code.,https://github.com/codecombat/codecombat,Application software
Ramotion/animated-tab-bar,"4,926",635,Swift,RAMAnimatedTabBarController is a Swift module for adding animation to tabbar items.,https://github.com/Ramotion/animated-tab-bar,Non-web libraries and frameworks
icanzilb/JSONModel,"4,914",881,Objective-C,"Magical Data Modelling Framework for JSON. Create rapidly powerful, atomic and smart data model classes",https://github.com/icanzilb/JSONModel,Non-web libraries and frameworks
SFTtech/openage,"4,914",440,C++,Free (as in freedom) open source clone of the Age of Empires II engine :rocket:,https://github.com/SFTtech/openage,Non-web libraries and frameworks
flot/flot,"4,912","1,244",JavaScript,Attractive JavaScript charts for jQuery,https://github.com/flot/flot,Web libraries and frameworks
rails-api/rails-api,"4,907",285,Ruby,Rails for API only applications,https://github.com/rails-api/rails-api,Non-web libraries and frameworks
buger/gor,"4,899",408,Go,"Gor is an open-source tool for capturing and replaying live HTTP traffic into a test environment in order to continuously test your system with real data. It can be used to increase confidence in code deployments, configuration changes and infrastructure changes.",https://github.com/buger/gor,Software tools
gorhill/uBlock,"4,893",289,JavaScript,uBlock Origin - An efficient blocker for Chromium and Firefox. Fast and lean.,https://github.com/gorhill/uBlock,Application software
vitalets/x-editable,"4,889",928,JavaScript,"In-place editing with Twitter Bootstrap, jQuery UI or pure jQuery",https://github.com/vitalets/x-editable,Web libraries and frameworks
auchenberg/volkswagen,"4,880",99,JavaScript,":see_no_evil: Volkswagen detects when your tests are being run in a CI server, and makes them pass.",https://github.com/auchenberg/volkswagen,Software tools
square/dagger,"4,873","1,154",Java,A fast dependency injector for Android and Java.,https://github.com/square/dagger,Non-web libraries and frameworks
nicolargo/glances,"4,869",364,Python,Glances an Eye on your system,https://github.com/nicolargo/glances,Application software
guard/guard,"4,868",399,Ruby,Guard is a command line tool to easily handle events on file system modifications.,https://github.com/guard/guard,Software tools
spring-projects/spring-boot,"4,864","4,819",Java,Spring Boot,https://github.com/spring-projects/spring-boot,Software tools
highcharts/highcharts,"4,857","1,701",JavaScript,"Highcharts JS, the JavaScript charting framework",https://github.com/highcharts/highcharts,Web libraries and frameworks
forkingdog/UITableView-FDTemplateLayoutCell,"4,854","1,000",Objective-C,Template auto layout cell for automatically UITableViewCell height calculating,https://github.com/forkingdog/UITableView-FDTemplateLayoutCell,Non-web libraries and frameworks
imakewebthings/deck.js,"4,850",590,JavaScript,Modern HTML Presentations,https://github.com/imakewebthings/deck.js,Web libraries and frameworks
novus/nvd3,"4,841","1,704",JavaScript,A reusable charting library written in d3.js,https://github.com/novus/nvd3,Web libraries and frameworks
mxcl/PromiseKit,"4,838",370,Swift,Promises for iOS and OS X,https://github.com/mxcl/PromiseKit,Non-web libraries and frameworks
Pixelkit/PixelKit-Bootstrap-UI-Kits,"4,834",963,CSS,Free UI Kits built on Bootstrap for any developer that wants to build a cool looking and functional website. Enjoy!,https://github.com/Pixelkit/PixelKit-Bootstrap-UI-Kits,Web libraries and frameworks
justinfrench/formtastic,"4,833",594,Ruby,A Rails form builder plugin with semantically rich and accessible markup.,https://github.com/justinfrench/formtastic,Web libraries and frameworks
HubSpot/odometer,"4,830",343,CSS,Smoothly transitions numbers with ease. #hubspot-open-source,https://github.com/HubSpot/odometer,Web libraries and frameworks
sdegutis/mjolnir,"4,826",127,C,Lightweight automation and productivity app for OS X,https://github.com/sdegutis/mjolnir,System software
jbranchaud/til,"4,825",245,VimL,Today I Learned,https://github.com/jbranchaud/til,Documentation
square/PonyDebugger,"4,822",517,Objective-C,Remote network and data debugging for your native iOS app using Chrome Developer Tools,https://github.com/square/PonyDebugger,Software tools
olton/Metro-UI-CSS,"4,818","1,773",JavaScript,CSS styles for build Windows 8 Metro UI stylable interface,https://github.com/olton/Metro-UI-CSS,Web libraries and frameworks
aterrien/jQuery-Knob,"4,818","1,246",JavaScript,"Nice, downward compatible, touchable, jQuery dial",https://github.com/aterrien/jQuery-Knob,Web libraries and frameworks
restify/node-restify,"4,816",570,JavaScript,node.js REST framework specifically meant for web service APIs,https://github.com/restify/node-restify,Web libraries and frameworks
square/SocketRocket,"4,807",956,Objective-C,A conforming Objective-C WebSocket client library.,https://github.com/square/SocketRocket,Non-web libraries and frameworks
alsotang/node-lessons,"4,802","1,832",JavaScript,:closed_book:《Node.js 包教不包会》,https://github.com/alsotang/node-lessons,Documentation
paulasmuth/fnordmetric,"4,798",387,C++,FnordMetric allows you collect and visualize timeseries data with SQL.,https://github.com/paulasmuth/fnordmetric,Non-web libraries and frameworks
git-up/GitUp,"4,795",237,Objective-C,The Git interface you've been missing all your life has finally arrived.,https://github.com/git-up/GitUp,Software tools
mame/quine-relay,"4,789",260,Ruby,An uroboros program with 100 programming languages,https://github.com/mame/quine-relay,Application software
nhaarman/ListViewAnimations,"4,788","1,676",Java,An Android library which allows developers to easily add animations to ListView items,https://github.com/nhaarman/ListViewAnimations,Non-web libraries and frameworks
es-shims/es5-shim,"4,787",634,JavaScript,ECMAScript 5 compatibility shims for legacy (and modern) JavaScript engines,https://github.com/es-shims/es5-shim,Non-web libraries and frameworks
astuetz/PagerSlidingTabStrip,"4,786","2,392",Java,An interactive indicator to navigate between the different pages of a ViewPager,https://github.com/astuetz/PagerSlidingTabStrip,Non-web libraries and frameworks
fxsjy/jieba,"4,786","1,535",Python,结巴中文分词,https://github.com/fxsjy/jieba,Non-web libraries and frameworks
Rich-Harris/ramjet,"4,785",173,HTML,Morph DOM elements from one state to another with smooth animations and transitions,https://github.com/Rich-Harris/ramjet,Web libraries and frameworks
dzenbot/DZNEmptyDataSet,"4,785",572,Objective-C,A drop-in UITableView/UICollectionView superclass category for showing empty datasets whenever the view has no content to display.,https://github.com/dzenbot/DZNEmptyDataSet,Non-web libraries and frameworks
CosmicMind/Material,"4,778",336,Swift,"Express your creativity with Material, an animation and graphics framework for Google's Material Design and Apple's Flat UI in Swift.",https://github.com/CosmicMind/Material,Non-web libraries and frameworks
alexjc/neural-doodle,"4,777",276,Python,Turn your two-bit doodles into fine artworks with deep neural networks! An implementation of Semantic Style Transfer.,https://github.com/alexjc/neural-doodle,Non-web libraries and frameworks
CoderMJLee/MJExtension,"4,774","1,438",Objective-C,"A fast, convenient and nonintrusive conversion between JSON and model. Your model class don't need to extend another base class. You don't need to modify any model file.",https://github.com/CoderMJLee/MJExtension,Non-web libraries and frameworks
dc-js/dc.js,"4,766","1,174",JavaScript,Multi-Dimensional charting built to work natively with crossfilter rendered with d3.js,https://github.com/dc-js/dc.js,Web libraries and frameworks
ractivejs/ractive,"4,751",329,JavaScript,Next-generation DOM manipulation,https://github.com/ractivejs/ractive,Web libraries and frameworks
daimajia/AndroidViewAnimations,"4,746","1,240",Java,Cute view animation collection.,https://github.com/daimajia/AndroidViewAnimations,Documentation
nate-parrott/Flashlight,"4,743",372,Python,The missing Spotlight plugin system,https://github.com/nate-parrott/Flashlight,Application software
erikras/react-redux-universal-hot-example,"4,743","1,051",JavaScript,"A starter boilerplate for a universal webapp using express, react, redux, webpack, and react-transform",https://github.com/erikras/react-redux-universal-hot-example,Web libraries and frameworks
powerline/fonts,"4,742",785,Shell,Patched fonts for Powerline users.,https://github.com/powerline/fonts,Software tools
maxogden/art-of-node,"4,735",454,JavaScript,:snowflake: a short introduction to node.js,https://github.com/maxogden/art-of-node,Documentation
alexwolfe/Buttons,"4,735",851,JavaScript,A CSS button library built using Sass and Compass,https://github.com/alexwolfe/Buttons,Web libraries and frameworks
angular-fullstack/generator-angular-fullstack,"4,733",936,JavaScript,Yeoman generator for AngularJS with an Express server,https://github.com/angular-fullstack/generator-angular-fullstack,Web libraries and frameworks
connors/photon,"4,730",172,CSS,The fastest way to build beautiful Electron apps using simple HTML and CSS,https://github.com/connors/photon,Non-web libraries and frameworks
maroslaw/rainyday.js,"4,726",744,JavaScript,Simulating raindrops falling on a window,https://github.com/maroslaw/rainyday.js,Web libraries and frameworks
dotnet/roslyn,"4,724","1,183",C#,"The .NET Compiler Platform (""Roslyn"") provides open-source C# and Visual Basic compilers with rich code analysis APIs.",https://github.com/dotnet/roslyn,Software tools
twostairs/paperwork,"4,723",437,PHP,"Paperwork - OpenSource note-taking & archiving alternative to Evernote, Microsoft OneNote & Google Keep",https://github.com/twostairs/paperwork,Application software
Mashape/kong,"4,721",336,Lua,":monkey: Open-source, Microservice & API Management Layer built on top of NGINX",https://github.com/Mashape/kong,Software tools
JetBrains/kotlin,"4,720",502,Java,The Kotlin Programming Language,https://github.com/JetBrains/kotlin,System software
primer/primer,"4,718",346,CSS,The base coat of GitHub. Our internal CSS toolkit and guidelines.,https://github.com/primer/primer,Web libraries and frameworks
hollance/swift-algorithm-club,"4,713",399,Swift,"Algorithms and data structures in Swift, with explanations!",https://github.com/hollance/swift-algorithm-club,Documentation
mitmproxy/mitmproxy,"4,711",671,JavaScript,An interactive SSL-capable intercepting HTTP proxy for penetration testers and software developers,https://github.com/mitmproxy/mitmproxy,Software tools
levey/AwesomeMenu,"4,705",787,Objective-C,Path 2.0 menu using CoreAnimation :),https://github.com/levey/AwesomeMenu,Non-web libraries and frameworks
octalmage/robotjs,"4,704",183,C,Node.js Desktop Automation.,https://github.com/octalmage/robotjs,Software tools
jschr/bootstrap-modal,"4,700","1,088",JavaScript,"Extends the default Bootstrap Modal class. Responsive, stackable, ajax and more.",https://github.com/jschr/bootstrap-modal,Web libraries and frameworks
technomancy/leiningen,"4,696",991,Clojure,Automate Clojure projects without setting your hair on fire.,https://github.com/technomancy/leiningen,Software tools
thoughtbot/factory_girl,"4,690",917,Ruby,A library for setting up Ruby objects as test data.,https://github.com/thoughtbot/factory_girl,Non-web libraries and frameworks
tbranyen/backbone-boilerplate,"4,686",555,JavaScript,A workflow for building Backbone applications.,https://github.com/tbranyen/backbone-boilerplate,Web libraries and frameworks
feross/standard,"4,672",260,JavaScript,:star2: JavaScript Standard Style,https://github.com/feross/standard,Software tools
crystal-lang/crystal,"4,671",379,Crystal,The Crystal Programming Language,https://github.com/crystal-lang/crystal,System software
daniel-lundin/snabbt.js,"4,671",309,JavaScript,Fast animations with javascript and CSS transforms,https://github.com/daniel-lundin/snabbt.js,Web libraries and frameworks
junit-team/junit4,"4,670","1,846",Java,A programmer-oriented testing framework for Java.,https://github.com/junit-team/junit4,Non-web libraries and frameworks
mislav/will_paginate,"4,664",744,Ruby,"Pagination library for Rails, Sinatra, Merb, DataMapper, and more",https://github.com/mislav/will_paginate,Non-web libraries and frameworks
ViewDeck/ViewDeck,"4,660",943,Objective-C,An implementation of the sliding functionality found in the Path 2.0 or Facebook iOS apps.,https://github.com/ViewDeck/ViewDeck,Non-web libraries and frameworks
reflux/refluxjs,"4,653",306,JavaScript,A simple library for uni-directional dataflow application architecture with React extensions inspired by Flux,https://github.com/reflux/refluxjs,Non-web libraries and frameworks
codeguy/php-the-right-way,"4,650","2,204",CSS,"An easy-to-read, quick reference for PHP best practices, accepted coding standards, and links to authoritative tutorials around the Web",https://github.com/codeguy/php-the-right-way,Documentation
facebook/chisel,"4,641",385,Python,Chisel is a collection of LLDB commands to assist debugging iOS apps.,https://github.com/facebook/chisel,Software tools
callmecavs/layzr.js,"4,638",228,JavaScript,"A small, fast, and modern library for lazy loading images.",https://github.com/callmecavs/layzr.js,Web libraries and frameworks
GoogleChrome/chrome-app-samples,"4,637","3,496",JavaScript,Chrome Apps,https://github.com/GoogleChrome/chrome-app-samples,Documentation
USArmyResearchLab/Dshell,"4,636","1,089",Python,Dshell is a network forensic analysis framework.,https://github.com/USArmyResearchLab/Dshell,Software tools
eclipse/vert.x,"4,635",904,Java,Vert.x is a tool-kit for building reactive applications on the JVM,https://github.com/eclipse/vert.x,System software
mikepenz/MaterialDrawer,"4,633",943,Java,"The flexible, easy to use, all in one drawer library for your Android project.",https://github.com/mikepenz/MaterialDrawer,Non-web libraries and frameworks
jonobr1/two.js,"4,631",265,JavaScript,A renderer agnostic two-dimensional drawing api for the web.,https://github.com/jonobr1/two.js,Web libraries and frameworks
mail-in-a-box/mailinabox,"4,627",362,Python,"Mail-in-a-Box helps individuals take back control of their email by defining a one-click, easy-to-deploy SMTP+everything else server: a mail server in a box.",https://github.com/mail-in-a-box/mailinabox,Application software
nickbutcher/plaid,"4,625",807,Java,,https://github.com/nickbutcher/plaid,Application software
xbmc/xbmc,"4,623","3,408",C++,Kodi Main Repository - By using this code you agree with our policy and will follow the GPLv2 license as included,https://github.com/xbmc/xbmc,Application software
lgvalle/Material-Animations,"4,621",776,Java,Android Transition animations explanation with examples.,https://github.com/lgvalle/Material-Animations,Non-web libraries and frameworks
jaredreich/notie,"4,616",293,JavaScript,"a clean and simple notification suite for javascript, with no dependencies",https://github.com/jaredreich/notie,Web libraries and frameworks
metalsmith/metalsmith,"4,614",381,JavaScript,"An extremely simple, pluggable static site generator.",https://github.com/metalsmith/metalsmith,Application software
DrKLO/Telegram,"4,606","2,223",C,Telegram for Android source,https://github.com/DrKLO/Telegram,Application software
bang590/JSPatch,"4,603",882,Objective-C,JSPatch bridge Objective-C and Javascript using the Objective-C runtime. You can call any Objective-C class and method in JavaScript by just including a small engine. JSPatch is generally use for hotfix iOS App.,https://github.com/bang590/JSPatch,Non-web libraries and frameworks
yiisoft/yii,"4,603","1,990",PHP,Yii PHP Framework 1.1.x,https://github.com/yiisoft/yii,Web libraries and frameworks
joemccann/dillinger,"4,603",633,JavaScript,"The last Markdown editor, ever.",https://github.com/joemccann/dillinger,Application software
mongodb/node-mongodb-native,"4,601",982,JavaScript,Mongo DB Native NodeJS Driver,https://github.com/mongodb/node-mongodb-native,Non-web libraries and frameworks
prestodb/presto,"4,600","1,324",Java,Distributed SQL query engine for big data,https://github.com/prestodb/presto,System software
CanvasPod/Canvas,"4,598",479,Objective-C,Animate in Xcode without code,https://github.com/CanvasPod/Canvas,Non-web libraries and frameworks
tommoor/tinycon,"4,594",274,JavaScript,"A small library for manipulating the favicon, in particular adding alert bubbles and changing images.",https://github.com/tommoor/tinycon,Web libraries and frameworks
tonsky/FiraCode,"4,586",117,Clojure,Monospaced font with programming ligatures,https://github.com/tonsky/FiraCode,Software tools
imsky/holder,"4,584",522,JavaScript,Client-side image placeholders.,https://github.com/imsky/holder,Web libraries and frameworks
beetbox/beets,"4,580",791,Python,music library manager and MusicBrainz tagger,https://github.com/beetbox/beets,Application software
swagger-api/swagger-ui,"4,572","2,633",JavaScript,"Swagger UI is a dependency-free collection of HTML, Javascript, and CSS assets that dynamically generate beautiful documentation from a Swagger-compliant API.",https://github.com/swagger-api/swagger-ui,Software tools
mishoo/UglifyJS2,"4,571",521,JavaScript,JavaScript parser / mangler / compressor / beautifier toolkit,https://github.com/mishoo/UglifyJS2,Software tools
celery/celery,"4,562","1,540",Python,Distributed Task Queue (development branch),https://github.com/celery/celery,Non-web libraries and frameworks
bmatzelle/gow,"4,561",202,NSIS,Unix command line utilities installer for Windows.,https://github.com/bmatzelle/gow,Software tools
twitter/twemoji,"4,556",480,JavaScript,Twitter Emoji for Everyone,https://github.com/twitter/twemoji,Web libraries and frameworks
umano/AndroidSlidingUpPanel,"4,554","1,490",Java,This library provides a simple way to add a draggable sliding up panel (popularized by Google Music and Google Maps) to your Android application. Brought to you by Umano.,https://github.com/umano/AndroidSlidingUpPanel,Non-web libraries and frameworks
gizak/termui,"4,552",203,Go,Golang terminal dashboard,https://github.com/gizak/termui,Application software
memcached/memcached,"4,550","1,596",C,memcached development tree,https://github.com/memcached/memcached,System software
grpc/grpc,"4,546",812,C,"The C based gRPC (C++, Node.js, Python, Ruby, Objective-C, PHP, C#)",https://github.com/grpc/grpc,Non-web libraries and frameworks
Seldaek/monolog,"4,544",835,PHP,"Sends your logs to files, sockets, inboxes, databases and various web services",https://github.com/Seldaek/monolog,Non-web libraries and frameworks
rdash/rdash-angular,"4,540",669,HTML,AngularJS implementation of the RDash admin dashboard theme,https://github.com/rdash/rdash-angular,Documentation
aspnet/Home,"4,529","1,293",PowerShell,The Home repository is the starting point for people to learn about ASP.NET Core.,https://github.com/aspnet/Home,Documentation
shipyard/shipyard,"4,526",520,JavaScript,Composable Docker Management,https://github.com/shipyard/shipyard,Software tools
CodeSeven/toastr,"4,526",801,JavaScript,Simple javascript toast notifications http://johnpapa.net,https://github.com/CodeSeven/toastr,Web libraries and frameworks
marcuswestin/store.js,"4,522",595,JavaScript,"localStorage wrapper for all browsers without using cookies or flash. Uses localStorage, globalStorage, and userData behavior under the hood",https://github.com/marcuswestin/store.js,Web libraries and frameworks
alibaba/fastjson,"4,516","1,844",Java,:bullettrain_side: Fast JSON Processor,https://github.com/alibaba/fastjson,Non-web libraries and frameworks
skwp/dotfiles,"4,515","1,147",Ruby,"YADR - The best vim,git,zsh plugins and the cleanest vimrc you've ever seen",https://github.com/skwp/dotfiles,Documentation
coolwanglu/pdf2htmlEX,"4,512",615,C++,Convert PDF to HTML without losing text or format.,https://github.com/coolwanglu/pdf2htmlEX,Application software
yangyangwithgnu/hardseed,"4,511",935,C++,hardseed is a batch seeds and pictures download utiltiy from CaoLiu and AiCheng forum,https://github.com/yangyangwithgnu/hardseed,Software tools
evilstreak/markdown-js,"4,509",636,JavaScript,A Markdown parser for javascript,https://github.com/evilstreak/markdown-js,Web libraries and frameworks
philc/vimium,"4,504",648,CoffeeScript,The hacker's browser.,https://github.com/philc/vimium,Application software
mailgun/transactional-email-templates,"4,502",499,HTML,Responsive transactional HTML email templates,https://github.com/mailgun/transactional-email-templates,Documentation
mhinz/vim-galore,"4,501",144,VimL,All things Vim and Neovim!,https://github.com/mhinz/vim-galore,Software tools
ibireme/YYText,"4,501",697,Objective-C,Powerful text framework for iOS to display and edit rich text.,https://github.com/ibireme/YYText,Non-web libraries and frameworks
facebook/KVOController,"4,498",483,Objective-C,"Simple, modern, thread-safe key-value observing for iOS and OS X.",https://github.com/facebook/KVOController,Non-web libraries and frameworks
fatih/vim-go,"4,495",397,VimL,Go development plugin for Vim,https://github.com/fatih/vim-go,Application software
BoltsFramework/Bolts-ObjC,"4,482",420,Objective-C,Bolts is a collection of low-level libraries designed to make developing mobile apps easier.,https://github.com/BoltsFramework/Bolts-ObjC,Non-web libraries and frameworks
componentjs/component,"4,479",282,JavaScript,frontend package manager and build tool for modular web applications,https://github.com/componentjs/component,Web libraries and frameworks
LeaVerou/awesomplete,"4,477",342,JavaScript,"Ultra lightweight, usable, beautiful autocomplete with zero dependencies.",https://github.com/LeaVerou/awesomplete,Web libraries and frameworks
epochjs/epoch,"4,475",244,HTML,"A general purpose, real-time visualization library.",https://github.com/epochjs/epoch,Web libraries and frameworks
eslint/eslint,"4,474",879,JavaScript,A fully pluggable tool for identifying and reporting on patterns in JavaScript.,https://github.com/eslint/eslint,Software tools
Khan/KaTeX,"4,473",284,JavaScript,Fast math typesetting for the web.,https://github.com/Khan/KaTeX,Web libraries and frameworks
facebook/stetho,"4,471",414,Java,"Stetho is a debug bridge for Android applications, enabling the powerful Chrome Developer Tools and much more.",https://github.com/facebook/stetho,Non-web libraries and frameworks
lokesh/color-thief,"4,469",554,JavaScript,Grabs the dominant color or a representative color palette from an image. Uses javascript and canvas.,https://github.com/lokesh/color-thief,Web libraries and frameworks
NaturalNode/natural,"4,464",419,JavaScript,general natural language facilities for node,https://github.com/NaturalNode/natural,Non-web libraries and frameworks
junegunn/fzf,"4,459",189,Go,:cherry_blossom: A command-line fuzzy finder written in Go,https://github.com/junegunn/fzf,Software tools
schneiderandre/popping,"4,456",570,Objective-C,A collection of animation examples for iOS apps.,https://github.com/schneiderandre/popping,Documentation
liaohuqiu/android-Ultra-Pull-To-Refresh,"4,456","1,605",Java,Ultra Pull to Refresh for Android. Support all the views.,https://github.com/liaohuqiu/android-Ultra-Pull-To-Refresh,Non-web libraries and frameworks
twitter/finagle,"4,452",847,Scala,"A fault tolerant, protocol-agnostic RPC system",https://github.com/twitter/finagle,Software tools
aFarkas/lazysizes,"4,447",265,JavaScript,"High performance and SEO friendly lazy loader for images (responsive and normal), iframes and more, that detects any visibility changes triggered through user interaction, CSS or JavaScript without configuration.",https://github.com/aFarkas/lazysizes,Web libraries and frameworks
bup/bup,"4,444",275,Python,"Very efficient backup system based on the git packfile format, providing fast incremental saves and global deduplication (among and within files, including virtual machine images). Current release is 0.27, and the development branch is master. Please post problems or patches to the mailing list for discussion (see the end of the README below).",https://github.com/bup/bup,Software tools
needim/noty,"4,435",736,JavaScript,noty is a jQuery notification plugin that makes it easy to create alert - success - error - warning - information - confirmation messages as an alternative the standard alert dialog.,https://github.com/needim/noty,Web libraries and frameworks
unconed/TermKit,"4,433",255,JavaScript,"Experimental Terminal platform built on WebKit + node.js. Currently only for Mac and Windows, though the prototype works 90% in any WebKit browser.",https://github.com/unconed/TermKit,Application software
jquery/sizzle,"4,430",758,JavaScript,A sizzlin' hot selector engine.,https://github.com/jquery/sizzle,Web libraries and frameworks
jsdoc3/jsdoc,"4,429",621,JavaScript,An API documentation generator for JavaScript.,https://github.com/jsdoc3/jsdoc,Software tools
karpathy/convnetjs,"4,419",846,JavaScript,Deep Learning in Javascript. Train Convolutional Neural Networks (or ordinary ones) in your browser.,https://github.com/karpathy/convnetjs,Non-web libraries and frameworks
Quick/Quick,"4,417",411,Swift,The Swift (and Objective-C) testing framework.,https://github.com/Quick/Quick,Non-web libraries and frameworks
lra/mackup,"4,415",414,Python,Keep your application settings in sync (OS X/Linux),https://github.com/lra/mackup,Software tools
h5bp/server-configs-nginx,"4,403",512,Nginx,Nginx HTTP server boilerplate configs,https://github.com/h5bp/server-configs-nginx,Software tools
mono/mono,"4,403","2,132",C#,"Mono open source ECMA CLI, C# and .NET implementation.",https://github.com/mono/mono,Web libraries and frameworks
so-fancy/diff-so-fancy,"4,402",72,Shell,Good-lookin' diffs with diff-highlight and more,https://github.com/so-fancy/diff-so-fancy,Software tools
florent37/MaterialViewPager,"4,402",856,Java,A Material Design ViewPager easy to use library,https://github.com/florent37/MaterialViewPager,Non-web libraries and frameworks
qiao/PathFinding.js,"4,399",530,JavaScript,A comprehensive path-finding library for grid based games,https://github.com/qiao/PathFinding.js,Application software
TelescopeJS/Telescope,"4,393","1,721",JavaScript,An open-source social news app built with Meteor,https://github.com/TelescopeJS/Telescope,Application software
twitter/hogan.js,"4,391",362,JavaScript,A compiler for the Mustache templating language,https://github.com/twitter/hogan.js,Software tools
plotly/plotly.js,"4,390",323,JavaScript,The open source javascript graphing library that powers plotly,https://github.com/plotly/plotly.js,Web libraries and frameworks
ResearchKit/ResearchKit,"4,386",695,Objective-C,ResearchKit is an open source software framework that makes it easy to create apps for medical research or for other research projects.,https://github.com/ResearchKit/ResearchKit,Non-web libraries and frameworks
davatron5000/Lettering.js,"4,385",604,JavaScript,"A lightweight, easy to use Javascript <span> injector for radical Web Typography",https://github.com/davatron5000/Lettering.js,Web libraries and frameworks
fontello/fontello,"4,384",628,JavaScript,Iconic fonts scissors,https://github.com/fontello/fontello,Web libraries and frameworks
lhartikk/ArnoldC,"4,379",250,Scala,Arnold Schwarzenegger based programming language,https://github.com/lhartikk/ArnoldC,System software
gabrielbull/react-desktop,"4,374",147,JavaScript,React UI Components for OS X El Capitan and Windows 10,https://github.com/gabrielbull/react-desktop,Non-web libraries and frameworks
svg/svgo,"4,370",320,JavaScript,Nodejs-based tool for optimizing SVG vector graphics files.,https://github.com/svg/svgo,Software tools
kimmobrunfeldt/progressbar.js,"4,362",380,JavaScript,Responsive and slick progress bars,https://github.com/kimmobrunfeldt/progressbar.js,Web libraries and frameworks
flynn/flynn,"4,361",328,Go,A next generation open source platform as a service (PaaS),https://github.com/flynn/flynn,Web libraries and frameworks
typekit/webfontloader,"4,358",406,JavaScript,Web Font Loader gives you added control when using linked fonts via @font-face.,https://github.com/typekit/webfontloader,Web libraries and frameworks
hsavit1/Awesome-Swift-Education,"4,355",357,Swift,:fire: All of the resources for Learning About Swift,https://github.com/hsavit1/Awesome-Swift-Education,Documentation
hashicorp/otto,"4,355",234,Go,Development and deployment made easy.,https://github.com/hashicorp/otto,Software tools
blasten/turn.js,"4,350","1,525",JavaScript,The page flip effect for HTML5,https://github.com/blasten/turn.js,Web libraries and frameworks
greensock/GreenSock-JS,"4,349",683,JavaScript,Public repository for GreenSock's JavaScript libraries like GSAP. See http://www.greensock.com,https://github.com/greensock/GreenSock-JS,Web libraries and frameworks
holman/spark,"4,347",238,Shell,▁▂▃▅▂▇ in your shell.,https://github.com/holman/spark,Application software
silviomoreto/bootstrap-select,"4,344","1,260",JavaScript,A custom select for @twitter bootstrap using button dropdown,https://github.com/silviomoreto/bootstrap-select,Web libraries and frameworks
owncloud/core,"4,341","1,425",PHP,The ownCloud core,https://github.com/owncloud/core,Application software
golang/groupcache,"4,340",431,Go,"groupcache is a caching and cache-filling library, intended as a replacement for memcached in many cases.",https://github.com/golang/groupcache,Non-web libraries and frameworks
bendc/sprint,"4,339",178,JavaScript,"A tiny, lightning fast jQuery-like library for modern browsers.",https://github.com/bendc/sprint,Web libraries and frameworks
jackmoore/colorbox,"4,337","1,119",JavaScript,"A light-weight, customizable lightbox plugin for jQuery",https://github.com/jackmoore/colorbox,Web libraries and frameworks
seyhunak/twitter-bootstrap-rails,"4,336","1,038",HTML,Twitter Bootstrap for Rails 3.x - 4 Asset Pipeline,https://github.com/seyhunak/twitter-bootstrap-rails,Web libraries and frameworks
dbcli/pgcli,"4,330",163,Python,Postgres CLI with autocompletion and syntax highlighting,https://github.com/dbcli/pgcli,Software tools
spotify/luigi,"4,328",811,Python,"Luigi is a Python module that helps you build complex pipelines of batch jobs. It handles dependency resolution, workflow management, visualization etc. It also comes with Hadoop support built in.",https://github.com/spotify/luigi,Non-web libraries and frameworks
erlang/otp,"4,326","1,282",Erlang,Erlang/OTP,https://github.com/erlang/otp,System software
octobercms/october,"4,324","1,014",PHP,"Free, open-source, self-hosted CMS platform based on the Laravel PHP Framework.",https://github.com/octobercms/october,Application software
robertdavidgraham/masscan,"4,321",685,C,"TCP port scanner, spews SYN packets asynchronously, scanning entire Internet in under 5 minutes.",https://github.com/robertdavidgraham/masscan,Software tools
p-e-w/finalterm,"4,321",213,Vala,At last – a modern terminal emulator. THIS PROJECT IS NO LONGER BEING ACTIVELY DEVELOPED.,https://github.com/p-e-w/finalterm,Application software
hashicorp/vault,"4,319",382,JavaScript,A tool for managing secrets.,https://github.com/hashicorp/vault,Application software
hashicorp/terraform,"4,314","1,216",Go,"Terraform is a tool for building, changing, and combining infrastructure safely and efficiently.",https://github.com/hashicorp/terraform,Software tools
helios-framework/helios,"4,314",397,CSS,An extensible open-source mobile backend framework,https://github.com/helios-framework/helios,Non-web libraries and frameworks
heelhook/chardin.js,"4,310",457,CSS,Simple overlay instructions for your apps.,https://github.com/heelhook/chardin.js,Web libraries and frameworks
Bash-it/bash-it,"4,309",940,Shell,A community Bash framework.,https://github.com/Bash-it/bash-it,Software tools
Shopify/liquid,"4,303",563,Ruby,"Liquid markup language. Safe, customer facing template language for flexible web apps.",https://github.com/Shopify/liquid,Web libraries and frameworks
koush/ion,"4,303",803,Java,Android Asynchronous Networking and Image Loading,https://github.com/koush/ion,Non-web libraries and frameworks
greenrobot/greenDAO,"4,291","1,576",Java,greenDAO is a light & fast ORM solution for Android that maps objects to SQLite databases.,https://github.com/greenrobot/greenDAO,Non-web libraries and frameworks
tictail/bounce.js,"4,283",301,CSS,Create beautiful CSS3 powered animations in no time.,https://github.com/tictail/bounce.js,Web libraries and frameworks
android/platform_frameworks_base,"4,278","3,537",Java,null,https://github.com/android/platform_frameworks_base,System software
KrauseFx/TSMessages,"4,276",666,Objective-C,Easy to use and customizable messages/notifications for iOS à la Tweetbot,https://github.com/KrauseFx/TSMessages,Non-web libraries and frameworks
sergeche/emmet-sublime,"4,272",624,JavaScript,Emmet (ex-Zen Coding) for Sublime Text,https://github.com/sergeche/emmet-sublime,Application software
gleitz/howdoi,"4,272",373,Python,howdoi - instant coding answers via the command line,https://github.com/gleitz/howdoi,Software tools
woothemes/FlexSlider,"4,264","1,552",HTML,"An awesome, fully responsive jQuery slider plugin",https://github.com/woothemes/FlexSlider,Web libraries and frameworks
maxogden/dat,"4,262",277,JavaScript,:floppy_disk: open source peer to peer data sharing,https://github.com/maxogden/dat,Non-web libraries and frameworks
terryma/vim-multiple-cursors,"4,256",162,VimL,True Sublime Text style multiple selections for Vim,https://github.com/terryma/vim-multiple-cursors,Application software
square/maximum-awesome,"4,255",895,Ruby,Config files for vim and tmux.,https://github.com/square/maximum-awesome,Application software
michaeltyson/TPKeyboardAvoiding,"4,251",773,Objective-C,A drop-in universal solution for moving text fields out of the way of the keyboard in iOS,https://github.com/michaeltyson/TPKeyboardAvoiding,Non-web libraries and frameworks
remy/html5demos,"4,250","1,794",HTML,Collection of hacks and demos showing capability of HTML5 apps,https://github.com/remy/html5demos,Documentation
Selz/plyr,"4,249",330,JavaScript,"A simple HTML5, YouTube and Vimeo player",https://github.com/Selz/plyr,Web libraries and frameworks
Swordfish90/cool-retro-term,"4,248",177,QML,A good looking terminal emulator which mimics the old cathode display...,https://github.com/Swordfish90/cool-retro-term,Software tools
dropwizard/dropwizard,"4,247","1,869",Java,A damn simple library for building production-ready RESTful web services.,https://github.com/dropwizard/dropwizard,Web libraries and frameworks
google/lovefield,"4,244",203,JavaScript,"Lovefield is a relational database for web apps. Written in JavaScript, works cross-browser. Provides SQL-like APIs that are fast, safe, and easy to use.",https://github.com/google/lovefield,Web libraries and frameworks
ramda/ramda,"4,244",290,JavaScript,:ram: Practical functional Javascript,https://github.com/ramda/ramda,Software tools
square/cubism,"4,239",487,JavaScript,Cubism.js: A JavaScript library for time series visualization.,https://github.com/square/cubism,Web libraries and frameworks
openframeworks/openFrameworks,"4,238","1,542",C++,openFrameworks is a community-developed cross platform toolkit for creative coding in C++.,https://github.com/openframeworks/openFrameworks,Documentation
clips/pattern,"4,236",720,Python,"Web mining module for Python, with tools for scraping, natural language processing, machine learning, network analysis and visualization.",https://github.com/clips/pattern,Non-web libraries and frameworks
gabrielemariotti/cardslib,"4,233","1,205",Java,Android Library to build a UI Card,https://github.com/gabrielemariotti/cardslib,Non-web libraries and frameworks
OscarGodson/EpicEditor,"4,232",365,JavaScript,"EpicEditor is an embeddable JavaScript Markdown editor with split fullscreen editing, live previewing, automatic draft saving, offline support, and more. For developers, it offers a robust API, can be easily themed, and allows you to swap out the bundled Markdown parser with anything you throw at it.",https://github.com/OscarGodson/EpicEditor,Web libraries and frameworks
madebymany/sir-trevor-js,"4,231",401,JavaScript,Rich content editing entirely re-imagined for the web,https://github.com/madebymany/sir-trevor-js,Web libraries and frameworks
torch/torch7,"4,229","1,082",C,http://torch.ch,https://github.com/torch/torch7,Non-web libraries and frameworks
NeXTs/Clusterize.js,"4,227",188,JavaScript,Tiny vanilla JS plugin to display large data sets easily,https://github.com/NeXTs/Clusterize.js,Web libraries and frameworks
ruanyf/react-demos,"4,225","1,810",JavaScript,a collection of simple demos of React.js,https://github.com/ruanyf/react-demos,Documentation
chieffancypants/angular-loading-bar,"4,225",547,JavaScript,A fully automatic loading / progress bar for your angular apps.,https://github.com/chieffancypants/angular-loading-bar,Web libraries and frameworks
MatthewYork/DateTools,"4,224",435,Objective-C,Dates and times made easy in Objective-C,https://github.com/MatthewYork/DateTools,Non-web libraries and frameworks
chenglou/react-motion,"4,218",187,JavaScript,A spring that solves your animation problems.,https://github.com/chenglou/react-motion,Web libraries and frameworks
cmusatyalab/openface,"4,214",577,Lua,Face recognition with deep neural networks.,https://github.com/cmusatyalab/openface,Non-web libraries and frameworks
topcoat/topcoat,"4,213",429,HTML,CSS for clean and fast web apps,https://github.com/topcoat/topcoat,Web libraries and frameworks
MacDownApp/macdown,"4,211",497,Objective-C,Open source Markdown editor for OS X.,https://github.com/MacDownApp/macdown,Software tools
docopt/docopt,"4,202",324,Python,"Pythonic command line arguments parser, that will make you smile",https://github.com/docopt/docopt,Non-web libraries and frameworks
santinic/how2,"4,201",96,JavaScript,stackoverflow from the terminal,https://github.com/santinic/how2,Application software
goldfire/howler.js,"4,198",511,JavaScript,Javascript audio library for the modern web.,https://github.com/goldfire/howler.js,Web libraries and frameworks
summernote/summernote,"4,197",911,JavaScript,Super simple WYSIWYG editor,https://github.com/summernote/summernote,Web libraries and frameworks
fabien-d/alertify.js,"4,192",688,JavaScript,JavaScript Alert/Notification System,https://github.com/fabien-d/alertify.js,Web libraries and frameworks
yyuu/pyenv,"4,188",330,C,Simple Python version management,https://github.com/yyuu/pyenv,Software tools
prometheus/prometheus,"4,188",340,Go,The Prometheus monitoring system and time series database.,https://github.com/prometheus/prometheus,Software tools
flarum/flarum,"4,179",412,ApacheConf,Delightfully simple forum software.,https://github.com/flarum/flarum,Application software
tylertreat/comcast,"4,176",145,Go,Simulating shitty network connections so you can build better systems.,https://github.com/tylertreat/comcast,Software tools
airbnb/enzyme,"4,175",173,JavaScript,JavaScript Testing utilities for React,https://github.com/airbnb/enzyme,Web libraries and frameworks
kivy/kivy,"4,171","1,046",Python,"Open source UI framework written in Python, running on Windows, Linux, OS X, Android and iOS",https://github.com/kivy/kivy,Non-web libraries and frameworks
gnab/remark,"4,170",352,JavaScript,"A simple, in-browser, markdown-driven slideshow tool.",https://github.com/gnab/remark,Web libraries and frameworks
davatron5000/FitVids.js,"4,170",957,HTML,"A lightweight, easy-to-use jQuery plugin for fluid width video embeds.",https://github.com/davatron5000/FitVids.js,Web libraries and frameworks
Cocoanetics/DTCoreText,"4,164",860,Objective-C,Methods to allow using HTML code with CoreText,https://github.com/Cocoanetics/DTCoreText,Non-web libraries and frameworks
chef/chef,"4,163","1,717",Ruby,"A systems integration framework, built to bring the benefits of configuration management to your entire infrastructure.",https://github.com/chef/chef,Software tools
bazelbuild/bazel,"4,161",465,Java,"Correct, reproducible, and fast builds for everyone.",https://github.com/bazelbuild/bazel,Software tools
samuelclay/NewsBlur,"4,160",725,Objective-C,NewsBlur is a personal news reader that brings people together to talk about the world. A new sound of an old instrument.,https://github.com/samuelclay/NewsBlur,Application software
robbiehanson/XMPPFramework,"4,153","1,694",Objective-C,An XMPP Framework in Objective-C for Mac and iOS,https://github.com/robbiehanson/XMPPFramework,Web libraries and frameworks
ECSlidingViewController/ECSlidingViewController,"4,147",865,Objective-C,Customizable sliding view controller container.,https://github.com/ECSlidingViewController/ECSlidingViewController,Non-web libraries and frameworks
ajenti/ajenti,"4,144",423,Python,Ajenti Core and stock plugins,https://github.com/ajenti/ajenti,Software tools
pcottle/learnGitBranching,"4,143","1,251",JavaScript,An interactive git visualization to challenge and educate!,https://github.com/pcottle/learnGitBranching,Documentation
rendrjs/rendr,"4,141",338,JavaScript,"Render your Backbone.js apps on the client and the server, using Node.js.",https://github.com/rendrjs/rendr,Non-web libraries and frameworks
filamentgroup/tablesaw,"4,140",277,JavaScript,A group of plugins for responsive tables.,https://github.com/filamentgroup/tablesaw,Web libraries and frameworks
briannesbitt/Carbon,"4,139",473,PHP,A simple PHP API extension for DateTime.,https://github.com/briannesbitt/Carbon,Web libraries and frameworks
christiannaths/Redacted-Font,"4,136",193,HTML,Keep your wireframes free of distracting Lorem Ipsum.,https://github.com/christiannaths/Redacted-Font,Web libraries and frameworks
samvermette/SVPullToRefresh,"4,132","1,043",Objective-C,Give pull-to-refresh & infinite scrolling to any UIScrollView with 1 line of code.,https://github.com/samvermette/SVPullToRefresh,Non-web libraries and frameworks
elabs/pundit,"4,131",304,Ruby,Minimal authorization through OO design and pure Ruby classes,https://github.com/elabs/pundit,Non-web libraries and frameworks
SublimeCodeIntel/SublimeCodeIntel,"4,131",406,Python,Full-featured code intelligence and smart autocomplete engine,https://github.com/SublimeCodeIntel/SublimeCodeIntel,Application software
android10/Android-CleanArchitecture,"4,129","1,045",Java,This is a sample app that is part of a series of blog posts I have written about how to architect an android application using Uncle Bob's clean architecture approach.,https://github.com/android10/Android-CleanArchitecture,Documentation
nicklockwood/FXBlurView,"4,125",587,Objective-C,"UIView subclass that replicates the iOS 7 realtime background blur effect, but works on iOS 5 and above.",https://github.com/nicklockwood/FXBlurView,Non-web libraries and frameworks
jhollingworth/bootstrap-wysihtml5,"4,124","1,045",JavaScript,"Simple, beautiful wysiwyg editor",https://github.com/jhollingworth/bootstrap-wysihtml5,Web libraries and frameworks
lexrus/LTMorphingLabel,"4,120",368,Swift,Graceful morphing effects for UILabel written in Swift.,https://github.com/lexrus/LTMorphingLabel,Non-web libraries and frameworks
infinite-scroll/infinite-scroll,"4,119","1,508",JavaScript,[Unmaintained] jQuery and Wordpress plugins for infinite scroll,https://github.com/infinite-scroll/infinite-scroll,Web libraries and frameworks
junegunn/vim-plug,"4,118",169,VimL,:hibiscus: Minimalist Vim Plugin Manager,https://github.com/junegunn/vim-plug,Application software
onevcat/Kingfisher,"4,117",393,Swift,A lightweight and pure Swift implemented library for downloading and caching image from the web.,https://github.com/onevcat/Kingfisher,Non-web libraries and frameworks
facebook/Tweaks,"4,116",349,Objective-C,"An easy way to fine-tune, and adjust parameters for iOS apps in development.",https://github.com/facebook/Tweaks,Non-web libraries and frameworks
dnschneid/crouton,"4,113",544,Shell,Chromium OS Universal Chroot Environment,https://github.com/dnschneid/crouton,Software tools
weaveworks/weave,"4,111",263,Go,"Simple, resilient multi-host Docker networking",https://github.com/weaveworks/weave,Software tools
etsy/AndroidStaggeredGrid,"4,107","1,134",Java,An Android staggered grid view which supports multiple columns with rows of varying sizes.,https://github.com/etsy/AndroidStaggeredGrid,Non-web libraries and frameworks
rakyll/boom,"4,104",289,Go,"HTTP(S) load generator, ApacheBench (ab) replacement, written in Go",https://github.com/rakyll/boom,Software tools
gotwarlost/istanbul,"4,100",422,JavaScript,"Yet another JS code coverage tool that computes statement, line, function and branch coverage with module loader hooks to transparently add coverage when running tests. Supports all JS coverage use cases including unit tests, server side functional tests and browser tests. Built for scale.",https://github.com/gotwarlost/istanbul,Software tools
realm/realm-java,"4,098",502,Java,Realm is a mobile database: a replacement for SQLite & ORMs,https://github.com/realm/realm-java,Non-web libraries and frameworks
pry/pry,"4,087",369,Ruby,An IRB alternative and runtime developer console,https://github.com/pry/pry,Software tools
wting/autojump,"4,086",272,Python,A cd command that learns - easily navigate directories from the command line,https://github.com/wting/autojump,Software tools
tmux/tmux,"4,076",277,C,tmux source code,https://github.com/tmux/tmux,Application software
simplefocus/FlowType.JS,"4,076",465,JavaScript,Web typography at its finest: font-size and line-height based on element width.,https://github.com/simplefocus/FlowType.JS,Web libraries and frameworks
AndroidBootstrap/android-bootstrap,"4,076","1,275",Java,A template/bootstrap/boilerplate application that includes tons of great open source tools and frameworks.,https://github.com/AndroidBootstrap/android-bootstrap,Web libraries and frameworks
reactphp/react,"4,071",387,PHP,Nuclear Reactor written in PHP.,https://github.com/reactphp/react,Web libraries and frameworks
robb/Cartography,"4,071",271,Swift,A declarative Auto Layout DSL for Swift :iphone::triangular_ruler:,https://github.com/robb/Cartography,Non-web libraries and frameworks
0x5e/wechat-deleted-friends,"4,070","1,502",Python,查看被删的微信好友,https://github.com/0x5e/wechat-deleted-friends,Application software
tj/n,"4,068",258,Shell,Node version management,https://github.com/tj/n,Software tools
share/ShareJS,"4,067",441,JavaScript,Collaborative editing in any app,https://github.com/share/ShareJS,Non-web libraries and frameworks
divio/django-cms,"4,065","1,540",Python,The easy-to-use and developer-friendly CMS,https://github.com/divio/django-cms,Application software
aporter/coursera-android,"4,065","5,781",Java,Source Code for Android Course Example Applications,https://github.com/aporter/coursera-android,Documentation
gnachman/iTerm2,"4,062",530,Objective-C,iTerm2 is a terminal emulator for Mac OS X that does amazing things.,https://github.com/gnachman/iTerm2,Application software
kif-framework/KIF,"4,062",695,Objective-C,Keep It Functional - An iOS Functional Testing Framework,https://github.com/kif-framework/KIF,Non-web libraries and frameworks
ngbp/ngbp,"4,060","1,234",JavaScript,A sophisticated build management system for web apps (formerly ng-boilerplate). Created by @joshdmiller,https://github.com/ngbp/ngbp,Web libraries and frameworks
scrapinghub/portia,"4,044",583,JavaScript,Visual scraping for Scrapy,https://github.com/scrapinghub/portia,Application software
Automattic/kue,"4,043",541,JavaScript,"Kue is a priority job queue backed by redis, built for node.js.",https://github.com/Automattic/kue,Non-web libraries and frameworks
dieulot/instantclick,"4,043",204,JavaScript,InstantClick makes following links in your website instant.,https://github.com/dieulot/instantclick,Web libraries and frameworks
alibaba/tengine,"4,041","1,187",C,A distribution of Nginx with some advanced features,https://github.com/alibaba/tengine,Software tools
LMAX-Exchange/disruptor,"4,041","1,073",Java,High Performance Inter-Thread Messaging Library,https://github.com/LMAX-Exchange/disruptor,Non-web libraries and frameworks
segmentio/myth,"4,040",126,JavaScript,A CSS preprocessor that acts like a polyfill for future versions of the spec.,https://github.com/segmentio/myth,Software tools
CachetHQ/Cachet,"4,031",432,PHP,An open source status page system for everyone.,https://github.com/CachetHQ/Cachet,Software tools
lukehaas/css-loaders,"4,030",673,CSS,A collection of loading spinners animated with CSS,https://github.com/lukehaas/css-loaders,Web libraries and frameworks
phusion/baseimage-docker,"4,027",535,Python,A minimal Ubuntu base image modified for Docker-friendliness,https://github.com/phusion/baseimage-docker,System software
nightwatchjs/nightwatch,"4,017",364,JavaScript,Automated testing and continous integration framework based on node.js and selenium webdriver,https://github.com/nightwatchjs/nightwatch,Software tools
bokeh/bokeh,"4,011",810,Python,Interactive Web Plotting for Python,https://github.com/bokeh/bokeh,Web libraries and frameworks
puma/puma,"4,011",537,Ruby,A ruby web server built for concurrency,https://github.com/puma/puma,Software tools
StackExchange/dapper-dot-net,"4,008","1,263",C#,Dapper - a simple object mapper for .Net,https://github.com/StackExchange/dapper-dot-net,Non-web libraries and frameworks
Gazler/githug,"4,007",581,Shell,Git your game on!,https://github.com/Gazler/githug,Application software
odoo/odoo,"4,004","3,849",Python,Odoo (formerly OpenERP). Open Source Apps To Grow Your Business.,https://github.com/odoo/odoo,Application software
csswizardry/inuit.css,"3,999",515,CSS,"Powerful, scalable, Sass-based, BEM, OOCSS framework.",https://github.com/csswizardry/inuit.css,Web libraries and frameworks
cyclejs/core,"3,996",91,JavaScript,A fully reactive JavaScript framework for Human-Computer Interaction,https://github.com/cyclejs/core,Web libraries and frameworks
andymccurdy/redis-py,"3,993",998,Python,Redis Python Client,https://github.com/andymccurdy/redis-py,Non-web libraries and frameworks
nostalgiaz/bootstrap-switch,"3,989",985,HTML,Turn checkboxes and radio buttons in toggle switches.,https://github.com/nostalgiaz/bootstrap-switch,Web libraries and frameworks
norman/friendly_id,"3,987",432,Ruby,FriendlyId is the “Swiss Army bulldozer” of slugging and permalink plugins for ActiveRecord. It allows you to create pretty URL’s and work with human-friendly strings as if they were numeric ids for ActiveRecord models.,https://github.com/norman/friendly_id,Non-web libraries and frameworks
wyouflf/xUtils,"3,987","2,857",Java,"android orm, bitmap, http, view inject...",https://github.com/wyouflf/xUtils,Non-web libraries and frameworks
vega/vega,"3,983",398,JavaScript,A visualization grammar.,https://github.com/vega/vega,Web libraries and frameworks
google/j2objc,"3,977",504,Java,A Java to iOS Objective-C translation tool and runtime.,https://github.com/google/j2objc,System software
derbyjs/derby,"3,977",222,JavaScript,"MVC framework making it easy to write realtime, collaborative applications that run in both Node.js and browsers",https://github.com/derbyjs/derby,Web libraries and frameworks
miniMAC/magic,"3,974",714,CSS,CSS3 Animations with special effects,https://github.com/miniMAC/magic,Web libraries and frameworks
tholman/elevator.js,"3,972",406,JavaScript,"Finally, a ""back to top"" button that behaves like a real elevator.",https://github.com/tholman/elevator.js,Web libraries and frameworks
sindresorhus/ava,"3,966",146,JavaScript,Futuristic test runner :rocket:,https://github.com/sindresorhus/ava,Non-web libraries and frameworks
getgrav/grav,"3,964",325,PHP,"Modern, Crazy Fast, Ridiculously Easy and Amazingly Powerful Flat-File CMS",https://github.com/getgrav/grav,Application software
louischatriot/nedb,"3,964",254,JavaScript,Embedded datastore for node.js,https://github.com/louischatriot/nedb,Non-web libraries and frameworks
square/otto,"3,962",783,Java,An enhanced Guava-based event bus with emphasis on Android support.,https://github.com/square/otto,Non-web libraries and frameworks
codegangsta/cli,"3,959",368,Go,A small package for building command line apps in Go,https://github.com/codegangsta/cli,Software tools
CodisLabs/codis,"3,956",972,Go,Proxy based Redis cluster solution supporting pipeline and scaling dynamically,https://github.com/CodisLabs/codis,Non-web libraries and frameworks
jmechner/Prince-of-Persia-Apple-II,"3,952",462,Assembly,A running-jumping-swordfighting game I made on the Apple II from 1985-89,https://github.com/jmechner/Prince-of-Persia-Apple-II,Application software
h5bp/mobile-boilerplate,"3,952",707,ApacheConf,"DEPRECATED - A front-end template that helps you build fast, modern mobile web apps.",https://github.com/h5bp/mobile-boilerplate,Web libraries and frameworks
adamwdraper/Numeral-js,"3,950",442,JavaScript,A javascript library for formatting and manipulating numbers.,https://github.com/adamwdraper/Numeral-js,Non-web libraries and frameworks
XVimProject/XVim,"3,950",545,Objective-C,Xcode plugin for Vim keybindings,https://github.com/XVimProject/XVim,Application software
numenta/nupic,"3,950","1,094",Python,"Numenta Platform for Intelligent Computing: a brain-inspired machine intelligence platform, and biologically accurate neural network based on cortical learning algorithms.",https://github.com/numenta/nupic,Non-web libraries and frameworks
shelljs/shelljs,"3,947",255,JavaScript,Portable Unix shell commands for Node.js,https://github.com/shelljs/shelljs,Non-web libraries and frameworks
flyerhzm/bullet,"3,946",193,Ruby,help to kill N+1 queries and unused eager loading,https://github.com/flyerhzm/bullet,Non-web libraries and frameworks
CatchChat/Yep,"3,946",911,Swift,Meet Genius,https://github.com/CatchChat/Yep,Application software
schachmat/wego,"3,945",237,Go,weather app for the terminal,https://github.com/schachmat/wego,Application software
cocos2d/cocos2d-objc,"3,944","1,228",Objective-C,"Cocos2d for iOS and OS X, built using Objective-C",https://github.com/cocos2d/cocos2d-objc,Non-web libraries and frameworks
devinross/tapkulibrary,"3,944",712,Objective-C,"tap + haiku = tapku, a well crafted open source iOS framework",https://github.com/devinross/tapkulibrary,Non-web libraries and frameworks
wkhtmltopdf/wkhtmltopdf,"3,938",560,C++,Convert HTML to PDF using Webkit (QtWebKit),https://github.com/wkhtmltopdf/wkhtmltopdf,Software tools
fluent/fluentd,"3,935",457,Ruby,Fluentd data collector,https://github.com/fluent/fluentd,Non-web libraries and frameworks
deployd/deployd,"3,932",560,JavaScript,a toolkit for building realtime APIs,https://github.com/deployd/deployd,Web libraries and frameworks
ksuther/KSImageNamed-Xcode,"3,932",725,Objective-C,Xcode plug-in that provides autocomplete for imageNamed: calls,https://github.com/ksuther/KSImageNamed-Xcode,Software tools
Flipboard/FLAnimatedImage,"3,931",559,Objective-C,Performant animated GIF engine for iOS,https://github.com/Flipboard/FLAnimatedImage,Non-web libraries and frameworks
johndyer/mediaelement,"3,929",897,JavaScript,"HTML5 <audio> or <video> player with Flash and Silverlight shims that mimics the HTML5 MediaElement API, enabling a consistent UI in all browsers.",https://github.com/johndyer/mediaelement,Web libraries and frameworks
FelisCatus/SwitchyOmega,"3,928",857,CoffeeScript,Manage and switch between multiple proxies quickly & easily.,https://github.com/FelisCatus/SwitchyOmega,Software tools
sophron/wifiphisher,"3,928",793,Groff,Automated phishing attacks against Wi-Fi networks,https://github.com/sophron/wifiphisher,Software tools
headjs/headjs,"3,928",360,JavaScript,The only script in your HEAD.,https://github.com/headjs/headjs,Web libraries and frameworks
chriskiehl/Gooey,"3,927",196,Python,Turn (almost) any Python command line program into a full GUI application with one line,https://github.com/chriskiehl/Gooey,Software tools
ConnorAtherton/walkway,"3,922",191,JavaScript,An easy way to animate SVG elements.,https://github.com/ConnorAtherton/walkway,Web libraries and frameworks
bramp/js-sequence-diagrams,"3,920",496,JavaScript,Draws simple SVG sequence diagrams from textual representation of the diagram,https://github.com/bramp/js-sequence-diagrams,Web libraries and frameworks
drduh/OS-X-Security-and-Privacy-Guide,"3,914",246,Python,,https://github.com/drduh/OS-X-Security-and-Privacy-Guide,Documentation
arashpayan/appirater,"3,913",833,Objective-C,A utility that reminds your iPhone app's users to review the app.,https://github.com/arashpayan/appirater,Non-web libraries and frameworks
paralect/robomongo,"3,913",403,C++,Native cross-platform MongoDB management tool,https://github.com/paralect/robomongo,Software tools
kennethreitz/legit,"3,912",167,Python,"Git for Humans, Inspired by GitHub for Mac™.",https://github.com/kennethreitz/legit,Software tools
bootflat/bootflat.github.io,"3,910",406,HTML,"BOOTFLAT is an open source Flat UI KIT based on Bootstrap 3.3.0 CSS framework. It provides a faster, easier and less repetitive way for web developers to create elegant web apps.",https://github.com/bootflat/bootflat.github.io,Web libraries and frameworks
rollup/rollup,"3,903",98,JavaScript,Next-generation ES6 module bundler,https://github.com/rollup/rollup,Non-web libraries and frameworks
facebook/watchman,"3,902",305,C,"Watches files and records, or triggers actions, when they change.",https://github.com/facebook/watchman,Software tools
justinwalsh/daux.io,"3,902",501,PHP,Daux.io is an documentation generator that uses a simple folder structure and Markdown files to create custom documentation on the fly. It helps you create great looking documentation in a developer friendly way.,https://github.com/justinwalsh/daux.io,Application software
gaearon/react-hot-loader,"3,900",191,JavaScript,Tweak React components in real time.,https://github.com/gaearon/react-hot-loader,Web libraries and frameworks
NancyFx/Nancy,"3,899","1,016",C#,"Lightweight, low-ceremony, framework for building HTTP based services on .Net and Mono",https://github.com/NancyFx/Nancy,Web libraries and frameworks
ichord/At.js,"3,898",451,CoffeeScript,Add Github like mentions autocomplete to your application.,https://github.com/ichord/At.js,Web libraries and frameworks
Eonasdan/bootstrap-datetimepicker,"3,897","2,339",JavaScript,Date/time picker widget based on twitter bootstrap,https://github.com/Eonasdan/bootstrap-datetimepicker,Web libraries and frameworks
mathiasbynens/jquery-placeholder,"3,895","1,412",JavaScript,A jQuery plugin that enables HTML5 placeholder behavior for browsers that aren’t trying hard enough yet,https://github.com/mathiasbynens/jquery-placeholder,Web libraries and frameworks
puppetlabs/puppet,"3,890","1,606",Ruby,Server automation framework and application,https://github.com/puppetlabs/puppet,Software tools
boltdb/bolt,"3,886",305,Go,An embedded key/value database for Go.,https://github.com/boltdb/bolt,Non-web libraries and frameworks
jedi4ever/veewee,"3,884",833,Shell,Easing the building of vagrant boxes,https://github.com/jedi4ever/veewee,Software tools
lebinh/ngxtop,"3,878",245,Python,Real-time metrics for nginx server,https://github.com/lebinh/ngxtop,Software tools
medialize/URI.js,"3,878",319,JavaScript,Javascript URL mutation library,https://github.com/medialize/URI.js,Web libraries and frameworks
airblade/paper_trail,"3,875",516,Ruby,Track changes to your models' data. Good for auditing or versioning.,https://github.com/airblade/paper_trail,Non-web libraries and frameworks
Netflix/SimianArmy,"3,874",515,Java,Tools for keeping your cloud operating in top form. Chaos Monkey is a resiliency tool that helps applications tolerate random instance failures.,https://github.com/Netflix/SimianArmy,Software tools
facebook/nuclide,"3,873",234,JavaScript,"An open IDE for web and native mobile development, built on top of Atom",https://github.com/facebook/nuclide,Software tools
ReactiveX/RxSwift,"3,872",415,Swift,Reactive Programming in Swift,https://github.com/ReactiveX/RxSwift,Non-web libraries and frameworks
cnodejs/nodeclub,"3,871","1,959",JavaScript,:baby_chick:Nodeclub 是使用 Node.js 和 MongoDB 开发的社区系统,https://github.com/cnodejs/nodeclub,Application software
haoel/leetcode,"3,871","1,587",C++,LeetCode Problems' Solutions,https://github.com/haoel/leetcode,Documentation
venmo/synx,"3,870",177,Ruby,A command-line tool that reorganizes your Xcode project folder to match your Xcode groups,https://github.com/venmo/synx,Software tools
angular-ui/ui-grid,"3,868","1,913",JavaScript,UI Grid: an Angular Data Grid,https://github.com/angular-ui/ui-grid,Web libraries and frameworks
nst/iOS-Runtime-Headers,"3,859",802,Objective-C,iOS Objective-C headers as derived from runtime introspection,https://github.com/nst/iOS-Runtime-Headers,Non-web libraries and frameworks
facebookarchive/huxley,"3,852",281,Python,A testing system for catching visual regressions in Web applications.,https://github.com/facebookarchive/huxley,Software tools
slim-template/slim,"3,849",341,Ruby,Slim is a template language whose goal is reduce the syntax to the essential parts without becoming cryptic.,https://github.com/slim-template/slim,Non-web libraries and frameworks
alexreisner/geocoder,"3,846",785,Ruby,Complete Ruby geocoding solution.,https://github.com/alexreisner/geocoder,Non-web libraries and frameworks
jimhigson/oboe.js,"3,846",153,JavaScript,A streaming approach to JSON. Oboe.js speeds up web applications by providing parsed objects before the response completes.,https://github.com/jimhigson/oboe.js,Web libraries and frameworks
krakenjs/kraken-js,"3,843",411,JavaScript,An express-based Node.js web application bootstrapping module.,https://github.com/krakenjs/kraken-js,Web libraries and frameworks
fogleman/Craft,"3,843",523,C,A simple Minecraft clone written in C using modern OpenGL (shaders).,https://github.com/fogleman/Craft,Application software
dropwizard/metrics,"3,842","1,012",Java,:chart_with_upwards_trend: Capturing JVM- and application-level metrics. So you know what's going on.,https://github.com/dropwizard/metrics,Software tools
OwlFonk/OwlCarousel,"3,839",794,JavaScript,Owl Carousel. Touch enabled jQuery plugin that lets you create beautiful responsive carousel slider.,https://github.com/OwlFonk/OwlCarousel,Web libraries and frameworks
perwendel/spark,"3,838",828,Java,A Sinatra inspired framework for java,https://github.com/perwendel/spark,Web libraries and frameworks
FriendsOfPHP/Goutte,"3,837",525,PHP,"Goutte, a simple PHP Web Scraper",https://github.com/FriendsOfPHP/Goutte,Non-web libraries and frameworks
binarylogic/authlogic,"3,837",542,Ruby,A simple ruby authentication solution.,https://github.com/binarylogic/authlogic,Web libraries and frameworks
google/google-api-nodejs-client,"3,828",519,JavaScript,"Google's officially supported Node.js client library for accessing Google APIs. Support for authorization and authentication with OAuth 2.0, API Keys and JWT (Service Tokens) is included. API Reference Docs: http://google.github.io/google-api-nodejs-client/",https://github.com/google/google-api-nodejs-client,Non-web libraries and frameworks
bespokejs/bespoke,"3,820",407,JavaScript,DIY Presentation Micro-Framework,https://github.com/bespokejs/bespoke,Web libraries and frameworks
sockjs/sockjs-client,"3,819",403,JavaScript,WebSocket emulation - Javascript client,https://github.com/sockjs/sockjs-client,Software tools
chriskempson/base16,"3,814",153,HTML,Color schemes for hackers,https://github.com/chriskempson/base16,Web libraries and frameworks
bjorn/tiled,"3,811",826,C++,A generic tile map editor,https://github.com/bjorn/tiled,Application software
matz/streem,"3,807",226,C,prototype of stream based programming language,https://github.com/matz/streem,System software
fog/fog,"3,805","1,539",Ruby,The Ruby cloud services library.,https://github.com/fog/fog,Non-web libraries and frameworks
winjs/winjs,"3,802",469,TypeScript,A UI toolkit for modern browsers,https://github.com/winjs/winjs,Web libraries and frameworks
assaf/zombie,"3,799",422,JavaScript,"Insanely fast, full-stack, headless browser testing using node.js",https://github.com/assaf/zombie,Non-web libraries and frameworks
andreafabrizi/Dropbox-Uploader,"3,794",600,Shell,"Dropbox Uploader is a BASH script which can be used to upload, download, list or delete files from Dropbox, an online file sharing, synchronization and backup service.",https://github.com/andreafabrizi/Dropbox-Uploader,Application software
webpy/webpy,"3,791",991,Python,web.py is a web framework for python that is as simple as it is powerful.,https://github.com/webpy/webpy,Web libraries and frameworks
hakimel/stroll.js,"3,785",744,HTML,CSS3 list scroll effects,https://github.com/hakimel/stroll.js,Web libraries and frameworks
thumbor/thumbor,"3,784",362,Python,thumbor is an open-source photo thumbnail service by globo.com,https://github.com/thumbor/thumbor,Software tools
apple/swift-package-manager,"3,781",292,Swift,The Package Manager for the Swift Programming Language,https://github.com/apple/swift-package-manager,Software tools
facebook/proxygen,"3,776",707,C++,A collection of C++ HTTP libraries including an easy to use HTTP server.,https://github.com/facebook/proxygen,Software tools
zulip/zulip,"3,776",514,Python,Zulip server - powerful open source group chat,https://github.com/zulip/zulip,Application software
google/gson,"3,772",875,HTML,A Java serialization library that can convert Java Objects into JSON and back.,https://github.com/google/gson,Non-web libraries and frameworks
addyosmani/grunt-uncss,"3,767",180,HTML,:scissors: A grunt task for removing unused CSS from your projects.,https://github.com/addyosmani/grunt-uncss,Software tools
kneath/kss,"3,764",270,Ruby,A methodology for documenting CSS and generating styleguides.,https://github.com/kneath/kss,Documentation
sparklemotion/nokogiri,"3,759",537,Java,"Nokogiri (鋸) is an HTML, XML, SAX, and Reader parser with XPath and CSS selector support.",https://github.com/sparklemotion/nokogiri,Non-web libraries and frameworks
emilsjolander/StickyListHeaders,"3,755","1,274",Java,An android library for section headers that stick to the top,https://github.com/emilsjolander/StickyListHeaders,Non-web libraries and frameworks
ddollar/foreman,"3,755",454,Ruby,Manage Procfile-based applications,https://github.com/ddollar/foreman,Software tools
liftoff/GateOne,"3,755",473,JavaScript,Gate One is an HTML5-powered terminal emulator and SSH client,https://github.com/liftoff/GateOne,Application software
zeman/perfmap,"3,748",136,JavaScript,Front-end performance heatmap bookmarklet.,https://github.com/zeman/perfmap,Web libraries and frameworks
peers/peerjs,"3,745",572,JavaScript,Peer-to-peer data in the browser.,https://github.com/peers/peerjs,Web libraries and frameworks
facebook/jest,"3,743",420,JavaScript,Painless JavaScript Unit Testing.,https://github.com/facebook/jest,Non-web libraries and frameworks
sofish/pen,"3,742",359,JavaScript,enjoy live editing (+markdown),https://github.com/sofish/pen,Web libraries and frameworks
github/linguist,"3,741","1,525",Ruby,"Language Savant. If your repository's language is being reported incorrectly, send us a pull request!",https://github.com/github/linguist,Non-web libraries and frameworks
dbushell/Pikaday,"3,741",735,JavaScript,"A refreshing JavaScript Datepicker — lightweight, no dependencies, modular CSS",https://github.com/dbushell/Pikaday,Web libraries and frameworks
PaoloRotolo/AppIntro,"3,740",607,Java,Make a cool intro for your Android app.,https://github.com/PaoloRotolo/AppIntro,Non-web libraries and frameworks
altercation/vim-colors-solarized,"3,739","1,129",VimL,precision colorscheme for the vim text editor,https://github.com/altercation/vim-colors-solarized,Application software
buunguyen/octotree,"3,737",296,JavaScript,Code tree for GitHub and GitLab,https://github.com/buunguyen/octotree,Application software
sintaxi/harp,"3,735",225,JavaScript,Static Site Server/Generator with built-in preprocessing,https://github.com/sintaxi/harp,Application software
muaz-khan/WebRTC-Experiment,"3,734","1,785",JavaScript,"WebRTC, WebRTC and WebRTC. Everything here is all about WebRTC!!",https://github.com/muaz-khan/WebRTC-Experiment,Documentation
koenbok/Framer,"3,733",331,JavaScript,Framer - Prototype Interaction and Animation,https://github.com/koenbok/Framer,Web libraries and frameworks
isohuntto/openbay,"3,731","1,087",PHP,,https://github.com/isohuntto/openbay,Application software
markdalgleish/stellar.js,"3,729","1,120",JavaScript,Stellar.js - Parallax scrolling made easy,https://github.com/markdalgleish/stellar.js,Web libraries and frameworks
imulus/retinajs,"3,725",588,JavaScript,JavaScript and LESS helpers for rendering high-resolution image variants,https://github.com/imulus/retinajs,Web libraries and frameworks
flatiron/director,"3,723",330,JavaScript,a tiny and isomorphic URL router for JavaScript,https://github.com/flatiron/director,Web libraries and frameworks
jhipster/generator-jhipster,"3,717",841,JavaScript,Hipster stack for Java developers. Spring Boot + AngularJS in one handy generator.,https://github.com/jhipster/generator-jhipster,Software tools
syntaxhighlighter/syntaxhighlighter,"3,716","1,055",JavaScript,SyntaxHighlighter is a fully functional self-contained code syntax highlighter developed in JavaScript.,https://github.com/syntaxhighlighter/syntaxhighlighter,Web libraries and frameworks
square/cube,"3,715",428,JavaScript,Cube: A system for time series visualization.,https://github.com/square/cube,Non-web libraries and frameworks
google/cadvisor,"3,710",500,Go,Analyzes resource usage and performance characteristics of running containers.,https://github.com/google/cadvisor,Software tools
facebook/facebook-android-sdk,"3,707","2,175",Java,Used to integrate Android apps with Facebook Platform.,https://github.com/facebook/facebook-android-sdk,Non-web libraries and frameworks
alibaba/dubbo,"3,704","3,853",Java,Dubbo is a distributed service framework empowers applications with service import/export capability with high performance RPC.,https://github.com/alibaba/dubbo,Non-web libraries and frameworks
backup/backup,"3,704",469,Ruby,Easy full stack backup operations on UNIX-like systems.,https://github.com/backup/backup,Software tools
holman/dotfiles,"3,703","2,432",Shell,@holman does dotfiles,https://github.com/holman/dotfiles,Software tools
luis-almeida/unveil,"3,698",590,JavaScript,A very lightweight jQuery plugin to lazy load images,https://github.com/luis-almeida/unveil,Web libraries and frameworks
stig/json-framework,"3,698",771,Objective-C,JSON (JavaScript Object Notation) is a light-weight data interchange format that's easy to read and write for humans and computers alike. This framework implements a strict JSON parser and generator in Objective-C.,https://github.com/stig/json-framework,Non-web libraries and frameworks
go-kit/kit,"3,697",266,Go,A standard library for microservices.,https://github.com/go-kit/kit,Non-web libraries and frameworks
eduardolundgren/tracking.js,"3,697",531,JavaScript,A modern approach for Computer Vision on the web,https://github.com/eduardolundgren/tracking.js,Web libraries and frameworks
Bilibili/ijkplayer,"3,695","1,304",C,"Android/iOS video player based on FFmpeg n2.8, with MediaCodec, VideoToolbox support.",https://github.com/Bilibili/ijkplayer,Non-web libraries and frameworks
aws/aws-cli,"3,694",553,Python,Universal Command Line Interface for Amazon Web Services,https://github.com/aws/aws-cli,Software tools
coolwanglu/vim.js,"3,693",217,C,JavaScript port of Vim,https://github.com/coolwanglu/vim.js,Application software
HabitRPG/habitrpg,"3,690","1,529",JavaScript,A habit tracker app which treats your goals like a Role Playing Game.,https://github.com/HabitRPG/habitrpg,Web libraries and frameworks
crosbymichael/dockerui,"3,689",451,JavaScript,A web interface for docker. http://docker.io,https://github.com/crosbymichael/dockerui,Software tools
gopherjs/gopherjs,"3,684",166,Go,A compiler from Go to JavaScript for running Go code in a browser,https://github.com/gopherjs/gopherjs,Software tools
claritylab/lucida,"3,682",604,Java,Speech and Vision Based Intelligent Personal Assistant,https://github.com/claritylab/lucida,Software tools
harelba/q,"3,681",182,Python,q - Run SQL directly on CSV or TSV files,https://github.com/harelba/q,Non-web libraries and frameworks
zealdocs/zeal,"3,681",310,C++,Offline documentation browser inspired by Dash,https://github.com/zealdocs/zeal,Application software
kristopolous/BOOTSTRA.386,"3,677",180,HTML,A vintage 1980s DOS inspired Twitter Bootstrap theme,https://github.com/kristopolous/BOOTSTRA.386,Web libraries and frameworks
sferik/t,"3,673",288,Ruby,A command-line power tool for Twitter.,https://github.com/sferik/t,Application software
MrSwitch/hello.js,"3,671",382,JavaScript,"A Javascript RESTFUL API library for connecting with OAuth2 services, such as Google+ API, Facebook Graph and Windows Live Connect",https://github.com/MrSwitch/hello.js,Web libraries and frameworks
mcxiaoke/android-volley,"3,668","1,524",Java,DEPRECATED,https://github.com/mcxiaoke/android-volley,Non-web libraries and frameworks
gaearon/redux-devtools,"3,661",255,JavaScript,"DevTools for Redux with hot reloading, action replay, and customizable UI",https://github.com/gaearon/redux-devtools,Software tools
roboguice/roboguice,"3,659",907,Java,"Google Guice on Android, version 3.0",https://github.com/roboguice/roboguice,Non-web libraries and frameworks
fancyapps/fancyBox,"3,657","1,010",JavaScript,"fancyBox is a tool that offers a nice and elegant way to add zooming functionality for images, html content and multi-media on your webpages.",https://github.com/fancyapps/fancyBox,Web libraries and frameworks
BBC-News/Imager.js,"3,652",207,JavaScript,Responsive images while we wait for srcset to finish cooking,https://github.com/BBC-News/Imager.js,Web libraries and frameworks
beautify-web/js-beautify,"3,649",687,JavaScript,Beautifier for javascript,https://github.com/beautify-web/js-beautify,Web libraries and frameworks
FFmpeg/FFmpeg,"3,649","2,107",C,mirror of git://source.ffmpeg.org/ffmpeg.git,https://github.com/FFmpeg/FFmpeg,Application software
AllThingsSmitty/jquery-tips-everyone-should-know,"3,649",362,JavaScript,A collection of tips to help up your jQuery game,https://github.com/AllThingsSmitty/jquery-tips-everyone-should-know,Documentation
drapergem/draper,"3,647",376,Ruby,Decorators/View-Models for Rails Applications,https://github.com/drapergem/draper,Web libraries and frameworks
viljamis/responsive-nav.js,"3,646",601,JavaScript,Responsive navigation plugin without library dependencies and with fast touch screen support.,https://github.com/viljamis/responsive-nav.js,Web libraries and frameworks
outpunk/evil-icons,"3,646",155,Ruby,"Simple and clean SVG icon pack with the code to support Rails, Sprockets, Node.js, Gulp, Grunt and CDN",https://github.com/outpunk/evil-icons,Non-web libraries and frameworks
andreamazz/AMScrollingNavbar,"3,645",375,Swift,Scrollable UINavigationBar that follows the scrolling of a UIScrollView,https://github.com/andreamazz/AMScrollingNavbar,Non-web libraries and frameworks
stympy/faker,"3,641",736,Ruby,"A library for generating fake data such as names, addresses, and phone numbers.",https://github.com/stympy/faker,Software tools
JakeLin/IBAnimatable,"3,641",244,Swift,"Design and prototype UI, interaction, navigation, transition and animation for App Store ready Apps in Interface Builder with IBAnimatable.",https://github.com/JakeLin/IBAnimatable,Non-web libraries and frameworks
jondot/awesome-react-native,"3,632",411,Ruby,"An ""awesome"" type curated list of React Native components, news, tools, and learning material",https://github.com/jondot/awesome-react-native,Documentation
bottlepy/bottle,"3,631",729,Python,bottle.py is a fast and simple micro-framework for python web-applications.,https://github.com/bottlepy/bottle,Web libraries and frameworks
redox-os/redox,"3,630",180,Rust,Redox: A Rust Operating System,https://github.com/redox-os/redox,System software
pardom/ActiveAndroid,"3,630",932,Java,Active record style SQLite persistence for Android,https://github.com/pardom/ActiveAndroid,Non-web libraries and frameworks
shadowsocks/shadowsocks-android,"3,630","2,624",C,A Shadowsocks client for Android,https://github.com/shadowsocks/shadowsocks-android,Non-web libraries and frameworks
google/gumbo-parser,"3,627",467,HTML,An HTML5 parsing library in pure C99,https://github.com/google/gumbo-parser,Non-web libraries and frameworks
subtlepatterns/SubtlePatterns,"3,627",470,PHP,All the patterns,https://github.com/subtlepatterns/SubtlePatterns,Documentation
haiwen/seafile,"3,625",634,C,"Open source cloud storage with file encryption and group sharing, and emphasis on reliability and high performance.",https://github.com/haiwen/seafile,Application software
almende/vis,"3,622",540,JavaScript,"Dynamic, browser-based visualization library",https://github.com/almende/vis,Web libraries and frameworks
jamztang/CSStickyHeaderFlowLayout,"3,621",424,Objective-C,"UICollectionView replacement of UITableView. Do even more like Parallax Header, Sticky Section Header. Made for iOS 7.",https://github.com/jamztang/CSStickyHeaderFlowLayout,Non-web libraries and frameworks
jayphelps/git-blame-someone-else,"3,619",109,Shell,Blame someone else for your bad code.,https://github.com/jayphelps/git-blame-someone-else,Software tools
pingcap/tidb,"3,616",419,Go,TiDB is a distributed NewSQL database compatible with MySQL protocol,https://github.com/pingcap/tidb,System software
erming/shout,"3,611",314,JavaScript,Shout — The self-hosted web IRC client,https://github.com/erming/shout,Application software
processing/p5.js,"3,610",482,JavaScript,"p5.js is a JS client-side library for creating graphic and interactive experiences, based on the core principles of Processing. http://twitter.com/p5xjs —",https://github.com/processing/p5.js,Web libraries and frameworks
nzakas/computer-science-in-javascript,"3,609",552,JavaScript,"Collection of classic computer science paradigms, algorithms, and approaches written in JavaScript.",https://github.com/nzakas/computer-science-in-javascript,Documentation
mamaral/Onboard,"3,609",465,Objective-C,An iOS framework to easily create a beautiful and engaging onboarding experience with only a few lines of code.,https://github.com/mamaral/Onboard,Non-web libraries and frameworks
mbleigh/acts-as-taggable-on,"3,605",794,Ruby,A tagging plugin for Rails applications that allows for custom tagging along dynamic contexts.,https://github.com/mbleigh/acts-as-taggable-on,Non-web libraries and frameworks
joke2k/faker,"3,601",393,Python,Faker is a Python package that generates fake data for you.,https://github.com/joke2k/faker,Software tools
jakiestfu/Medium.js,"3,601",327,JavaScript,A tiny JavaScript library for making contenteditable beautiful (Like Medium's editor),https://github.com/jakiestfu/Medium.js,Web libraries and frameworks
giakki/uncss,"3,599",177,JavaScript,Remove unused styles from CSS,https://github.com/giakki/uncss,Software tools
liabru/matter-js,"3,596",256,JavaScript,a 2D rigid body physics engine for the web,https://github.com/liabru/matter-js,Web libraries and frameworks
visionmedia/page.js,"3,594",384,JavaScript,Micro client-side router inspired by the Express router,https://github.com/visionmedia/page.js,Web libraries and frameworks
DevinVinson/WordPress-Plugin-Boilerplate,"3,592",913,PHP,[WordPress] A foundation for WordPress Plugin Development that aims to provide a clear and consistent guide for building your plugins.,https://github.com/DevinVinson/WordPress-Plugin-Boilerplate,Web libraries and frameworks
Huddle/PhantomCSS,"3,591",201,JavaScript,Visual/CSS regression testing with PhantomJS,https://github.com/Huddle/PhantomCSS,Web libraries and frameworks
hbons/SparkleShare,"3,589",487,C#,"Share and collaborate by syncing with any Git repository instantly. Linux, Mac, and Windows.",https://github.com/hbons/SparkleShare,Application software
sqlitebrowser/sqlitebrowser,"3,587",511,C++,"Official home of the DB Browser for SQLite (DB4S) project. Previously known as ""SQLite Database Browser"" and ""Database Browser for SQLite"". Website at:",https://github.com/sqlitebrowser/sqlitebrowser,Web libraries and frameworks
lucasr/twoway-view,"3,587",796,Java,RecyclerView made simple,https://github.com/lucasr/twoway-view,Non-web libraries and frameworks
json-api/json-api,"3,584",402,CSS,A specification for building JSON APIs,https://github.com/json-api/json-api,Documentation
srobbin/jquery-backstretch,"3,583",905,JavaScript,"Backstretch is a simple jQuery plugin that allows you to add a dynamically-resized, slideshow-capable background image to any page or element. The image will stretch to fit the page/element, and will automatically resize as the window/element size changes.",https://github.com/srobbin/jquery-backstretch,Web libraries and frameworks
thinkaurelius/titan,"3,583",702,Java,Distributed Graph Database,https://github.com/thinkaurelius/titan,System software
OpenRefine/OpenRefine,"3,583",627,Java,"OpenRefine is a free, open source power tool for working with messy data and improving it",https://github.com/OpenRefine/OpenRefine,Software tools
dtao/lazy.js,"3,582",197,JavaScript,"Like Underscore, but lazier",https://github.com/dtao/lazy.js,Web libraries and frameworks
mattt/FormatterKit,"3,580",398,Objective-C,`stringWithFormat:` for the sophisticated hacker set,https://github.com/mattt/FormatterKit,Non-web libraries and frameworks
tessalt/echo-chamber-js,"3,576",95,JavaScript,Commenting without the comments,https://github.com/tessalt/echo-chamber-js,Web libraries and frameworks
dropbox/pyston,"3,572",249,Python,An open-source Python implementation using JIT techniques.,https://github.com/dropbox/pyston,Non-web libraries and frameworks
jnunemaker/httparty,"3,571",578,Ruby,Makes http fun again!,https://github.com/jnunemaker/httparty,Web libraries and frameworks
HubSpot/messenger,"3,564",357,JavaScript,Growl-style alerts and messages for your app. #hubspot-open-source,https://github.com/HubSpot/messenger,Web libraries and frameworks
docker/swarm,"3,561",635,Go,Swarm: a Docker-native clustering system,https://github.com/docker/swarm,System software
TalAter/UpUp,"3,561",153,HTML,:airplane: Kickstarting the Offline-First Revolution,https://github.com/TalAter/UpUp,Web libraries and frameworks
bitemyapp/learnhaskell,"3,561",284,Makefile,Learn Haskell,https://github.com/bitemyapp/learnhaskell,Documentation
IonicaBizau/git-stats,"3,559",72,JavaScript,:four_leaf_clover: Local git statistics including GitHub-like contributions calendars.,https://github.com/IonicaBizau/git-stats,Software tools
amlcurran/ShowcaseView,"3,558","1,038",Java,"Highlight the best bits of your app to users quickly, simply, and cool...ly",https://github.com/amlcurran/ShowcaseView,Non-web libraries and frameworks
tesseract-ocr/tesseract,"3,557",820,C++,Tesseract Open Source OCR Engine (main repository),https://github.com/tesseract-ocr/tesseract,Non-web libraries and frameworks
turbolinks/turbolinks-classic,"3,556",446,CoffeeScript,Classic version of Turbolinks. Now deprecated in favor of Turbolinks 5.,https://github.com/turbolinks/turbolinks-classic,Web libraries and frameworks
jinzhu/gorm,"3,555",392,Go,"The fantastic ORM library for Golang, aims to be developer friendly",https://github.com/jinzhu/gorm,Non-web libraries and frameworks
facebook/css-layout,"3,554",219,C,Reimplementation of CSS layout using pure JavaScript,https://github.com/facebook/css-layout,Web libraries and frameworks
koalaman/shellcheck,"3,554",183,Haskell,"ShellCheck, a static analysis tool for shell scripts",https://github.com/koalaman/shellcheck,Software tools
eligrey/FileSaver.js,"3,553",782,JavaScript,An HTML5 saveAs() FileSaver implementation,https://github.com/eligrey/FileSaver.js,Web libraries and frameworks
laravel/lumen,"3,553",382,PHP,,https://github.com/laravel/lumen,Web libraries and frameworks
mortenjust/androidtool-mac,"3,551",201,Swift,"One-click screenshots, video recordings, app installation for iOS and Android",https://github.com/mortenjust/androidtool-mac,Application software
bpampuch/pdfmake,"3,549",344,JavaScript,Client/server side PDF printing in pure JavaScript,https://github.com/bpampuch/pdfmake,Web libraries and frameworks
google/seesaw,"3,549",240,Go,Seesaw v2 is a Linux Virtual Server (LVS) based load balancing platform.,https://github.com/google/seesaw,System software
libuv/libuv,"3,548",557,C,Cross-platform asynchronous I/O,https://github.com/libuv/libuv,System software
moxiecode/plupload,"3,547",942,JavaScript,"Plupload is JavaScript API for building file uploaders. It supports multiple file selection, file filtering, chunked upload, client side image downsizing and when necessary can fallback to alternative runtimes, like Flash and Silverlight.",https://github.com/moxiecode/plupload,Web libraries and frameworks
docker/dockercraft,"3,547",150,Lua,Docker + Minecraft = Dockercraft,https://github.com/docker/dockercraft,Software tools
NodeOS/NodeOS,"3,541",364,Shell,Lightweight operating system using Node.js as userspace,https://github.com/NodeOS/NodeOS,System software
happyworm/jPlayer,"3,537","1,140",JavaScript,jPlayer : HTML5 Audio & Video for jQuery,https://github.com/happyworm/jPlayer,Web libraries and frameworks
tpope/vim-surround,"3,535",181,VimL,surround.vim: quoting/parenthesizing made simple,https://github.com/tpope/vim-surround,Application software
bebraw/jswiki,"3,534",247,JavaScript,JavaScript wiki. Focuses mainly on JS/HTML5/WebGL related tech.,https://github.com/bebraw/jswiki,Documentation
django-debug-toolbar/django-debug-toolbar,"3,530",665,Python,A configurable set of panels that display various debug information about the current request/response.,https://github.com/django-debug-toolbar/django-debug-toolbar,Software tools
cloudwu/skynet,"3,528","1,696",C,A lightweight online game framework,https://github.com/cloudwu/skynet,Non-web libraries and frameworks
realm/SwiftLint,"3,528",212,Swift,A tool to enforce Swift style and conventions.,https://github.com/realm/SwiftLint,Software tools
ankane/chartkick,"3,527",358,JavaScript,Create beautiful JavaScript charts with one line of Ruby,https://github.com/ankane/chartkick,Web libraries and frameworks
sferik/twitter,"3,518",893,Ruby,A Ruby interface to the Twitter API.,https://github.com/sferik/twitter,Web libraries and frameworks
thoughtbot/neat,"3,517",364,CSS,"A lightweight, semantic grid framework built with Bourbon",https://github.com/thoughtbot/neat,Web libraries and frameworks
codegangsta/negroni,"3,514",251,Go,Idiomatic HTTP Middleware for Golang,https://github.com/codegangsta/negroni,Non-web libraries and frameworks
angular-translate/angular-translate,"3,514",506,JavaScript,"i18n in your Angular apps, made easy.",https://github.com/angular-translate/angular-translate,Web libraries and frameworks
faye/faye,"3,513",302,JavaScript,Simple pub/sub messaging for the web,https://github.com/faye/faye,Non-web libraries and frameworks
arvida/emoji-cheat-sheet.com,"3,513",960,HTML,A one pager for emojis on Campfire and GitHub,https://github.com/arvida/emoji-cheat-sheet.com,Web libraries and frameworks
rmurphey/js-assessment,"3,512","1,368",JavaScript,A test-driven approach to assessing JS skills,https://github.com/rmurphey/js-assessment,Web libraries and frameworks
facebookarchive/facebook-php-sdk,"3,511","3,278",PHP,This SDK is deprecated. Find the new SDK here: https://github.com/facebook/facebook-php-sdk-v4,https://github.com/facebookarchive/facebook-php-sdk,Web libraries and frameworks
google/gxui,"3,508",216,Go,An experimental Go cross platform UI library.,https://github.com/google/gxui,Non-web libraries and frameworks
wenzhixin/bootstrap-table,"3,507","1,227",JavaScript,"An extended Bootstrap table with radio, checkbox, sort, pagination, and other added features. (supports twitter bootstrap v2 and v3)",https://github.com/wenzhixin/bootstrap-table,Web libraries and frameworks
ChenYilong/iOS9AdaptationTips,"3,506",880,Objective-C,iOS9适配系列教程（iOS9开发学习交流群：541317935）,https://github.com/ChenYilong/iOS9AdaptationTips,Documentation
chrisjenx/Calligraphy,"3,505",455,Java,Custom fonts in Android the easy way...,https://github.com/chrisjenx/Calligraphy,Non-web libraries and frameworks
milligram/milligram,"3,501",221,CSS,A minimalist CSS framework.,https://github.com/milligram/milligram,Web libraries and frameworks
Jack000/Expose,"3,498",174,Perl,A simple static site generator for photoessays,https://github.com/Jack000/Expose,Documentation
jariz/vibrant.js,"3,494",115,JavaScript,Extract prominent colors from an image. JS port of Android's Palette.,https://github.com/jariz/vibrant.js,Web libraries and frameworks
TTimo/doom3.gpl,"3,493","1,123",C++,Doom 3 GPL source release,https://github.com/TTimo/doom3.gpl,Application software
umdjs/umd,"3,492",209,JavaScript,UMD (Universal Module Definition) patterns for JavaScript modules that work everywhere.,https://github.com/umdjs/umd,Documentation
cyfdecyf/cow,"3,486",744,Go,HTTP proxy written in Go. COW can automatically identify blocked sites and use parent proxies to access.,https://github.com/cyfdecyf/cow,Application software
airblade/vim-gitgutter,"3,485",133,VimL,A Vim plugin which shows a git diff in the gutter (sign column) and stages/reverts hunks.,https://github.com/airblade/vim-gitgutter,Application software
JakeLin/SwiftWeather,"3,484",968,Swift,SwiftWeather is an iOS weather app developed in Swift 2. The app has been actively upgrading to adopt the latest features of iOS and Swift language.,https://github.com/JakeLin/SwiftWeather,Application software
BBC-News/wraith,"3,483",212,Ruby,Wraith — A responsive screenshot comparison tool,https://github.com/BBC-News/wraith,Non-web libraries and frameworks
phonegap/phonegap-start,"3,481","6,786",JavaScript,PhoneGap Hello World app,https://github.com/phonegap/phonegap-start,Documentation
leemunroe/responsive-html-email-template,"3,481",548,HTML,When all you need is a really simple HTML email template.,https://github.com/leemunroe/responsive-html-email-template,Documentation
una/CSSgram,"3,480",213,CSS,CSS library for Instagram filters,https://github.com/una/CSSgram,Web libraries and frameworks
vim/vim,"3,479",367,C,The official Vim repository,https://github.com/vim/vim,Software tools
malsup/form,"3,479","1,007",JavaScript,jQuery Form Plugin,https://github.com/malsup/form,Web libraries and frameworks
racaljk/hosts,"3,474","2,261",C++,:statue_of_liberty:最新可用的google hosts文件。镜像：,https://github.com/racaljk/hosts,Documentation
tombenner/nui,"3,472",414,Objective-C,"Style iOS apps with a stylesheet, similar to CSS",https://github.com/tombenner/nui,Non-web libraries and frameworks
tholman/zenpen,"3,463",403,JavaScript,A minimalist writing zone.,https://github.com/tholman/zenpen,Application software
substack/browserify-handbook,"3,461",221,JavaScript,how to build modular applications with browserify,https://github.com/substack/browserify-handbook,Documentation
karpathy/neuraltalk,"3,461",774,Python,NeuralTalk is a Python+numpy project for learning Multimodal Recurrent Neural Networks that describe images with sentences.,https://github.com/karpathy/neuraltalk,Non-web libraries and frameworks
VPenkov/okayNav,"3,460",241,JavaScript,The world's okayest responsive navigation,https://github.com/VPenkov/okayNav,Web libraries and frameworks
butterproject/butter-desktop,"3,460",512,JavaScript,All the free parts of what used to be Popcorn Time,https://github.com/butterproject/butter-desktop,Application software
benpickles/peity,"3,456",321,HTML,"Progressive <svg> pie, donut, bar and line charts",https://github.com/benpickles/peity,Web libraries and frameworks
qutheory/vapor,"3,445",155,Swift,An elegant web framework for Swift >=2.2 that works on OS X and Ubuntu.,https://github.com/qutheory/vapor,Web libraries and frameworks
sandstorm-io/sandstorm,"3,443",292,JavaScript,Personal Cloud Sandbox,https://github.com/sandstorm-io/sandstorm,Application software
DataTables/DataTables,"3,442","1,044",JavaScript,Tables plug-in for jQuery,https://github.com/DataTables/DataTables,Web libraries and frameworks
google/styleguide,"3,441",900,HTML,Style guides for Google-originated open-source projects,https://github.com/google/styleguide,Documentation
puphpet/puphpet,"3,441",653,HTML,Vagrant/Puppet GUI,https://github.com/puphpet/puphpet,Software tools
draios/sysdig,"3,441",311,C++,Linux system exploration and troubleshooting tool with first class support for containers,https://github.com/draios/sysdig,Software tools
xmartlabs/XLForm,"3,441",574,Objective-C,XLForm is the most flexible and powerful iOS library to create dynamic table-view forms. Fully compatible with Swift & Obj-C.,https://github.com/xmartlabs/XLForm,Non-web libraries and frameworks
mruby/mruby,"3,437",522,C,Lightweight Ruby,https://github.com/mruby/mruby,System software
matplotlib/matplotlib,"3,437","1,759",Python,matplotlib: plotting with Python,https://github.com/matplotlib/matplotlib,Non-web libraries and frameworks
hdodenhof/CircleImageView,"3,434","1,124",Java,A circular ImageView for Android,https://github.com/hdodenhof/CircleImageView,Non-web libraries and frameworks
adambard/learnxinyminutes-docs,"3,432","1,382",TeX,Code documentation written as code! How novel and totally my idea!,https://github.com/adambard/learnxinyminutes-docs,Documentation
hashicorp/serf,"3,430",286,Go,Service orchestration and management tool.,https://github.com/hashicorp/serf,Software tools
socketio/socket.io-client,"3,429","1,230",JavaScript,Realtime application framework (client),https://github.com/socketio/socket.io-client,Non-web libraries and frameworks
nomad/shenzhen,"3,427",372,Ruby,CLI for Building & Distributing iOS Apps (.ipa Files),https://github.com/nomad/shenzhen,Software tools
steipete/Aspects,"3,427",406,Objective-C,"Delightful, simple library for aspect oriented programming.",https://github.com/steipete/Aspects,Non-web libraries and frameworks
xetorthio/jedis,"3,427","1,600",Java,A blazingly small and sane redis java client,https://github.com/xetorthio/jedis,Non-web libraries and frameworks
ipselon/react-ui-builder,"3,424",141,JavaScript,[DEPRECATED] go to Structor https://github.com/ipselon/structor,https://github.com/ipselon/react-ui-builder,Software tools
mozilla/sweet.js,"3,424",175,JavaScript,Sweeten your JavaScript.,https://github.com/mozilla/sweet.js,Non-web libraries and frameworks
pkluz/PKRevealController,"3,423",678,Objective-C,"PKRevealController (ex. ZUUIRevealController) is a delightful view controller container for iOS, enabling you to present multiple controllers on top of one another.",https://github.com/pkluz/PKRevealController,Non-web libraries and frameworks
duojs/duo,"3,422",126,JavaScript,A next-generation package manager for the front-end,https://github.com/duojs/duo,Web libraries and frameworks
es-analysis/plato,"3,420",199,JavaScript,"JavaScript source code visualization, static analysis, and complexity tool",https://github.com/es-analysis/plato,Software tools
ShareX/ShareX,"3,419",604,C#,"ShareX is a free and open source program that lets you capture or record any area of your screen and share it with a single press of a key. It also allows uploading images, text or other types of files to over 80 supported destinations you can choose from.",https://github.com/ShareX/ShareX,Application software
JakeWharton/u2020,"3,416",660,Java,A sample Android app which showcases advanced usage of Dagger among other open source libraries.,https://github.com/JakeWharton/u2020,Application software
jquery/qunit,"3,416",709,JavaScript,An easy-to-use JavaScript Unit Testing framework.,https://github.com/jquery/qunit,Non-web libraries and frameworks
sharelatex/sharelatex,"3,415",410,CoffeeScript,A web-based collaborative LaTeX editor,https://github.com/sharelatex/sharelatex,Application software
relax/relax,"3,415",195,JavaScript,"New generation CMS on top of React, Redux and GraphQL",https://github.com/relax/relax,Application software
mafintosh/peerflix,"3,411",505,JavaScript,Streaming torrent client for node.js,https://github.com/mafintosh/peerflix,Application software
joyent/libuv,"3,409",772,C,Go to,https://github.com/joyent/libuv,Software tools
densitydesign/raw,"3,408",680,JavaScript,The missing link between spreadsheets and vector graphics,https://github.com/densitydesign/raw,Web libraries and frameworks
rails-api/active_model_serializers,"3,408",850,Ruby,ActiveModel::Serializer implementation and Rails hooks,https://github.com/rails-api/active_model_serializers,Non-web libraries and frameworks
phusion/passenger,"3,407",425,C++,"A fast and robust web server and application server for Ruby, Python and Node.js",https://github.com/phusion/passenger,Software tools
HubSpot/shepherd,"3,405",198,JavaScript,Guide your users through a tour of your app #hubspot-open-source,https://github.com/HubSpot/shepherd,Web libraries and frameworks
h4cc/awesome-elixir,"3,403",318,Elixir,"A curated list of amazingly awesome Elixir and Erlang libraries, resources and shiny things. Updates:",https://github.com/h4cc/awesome-elixir,Documentation
github/git-lfs,"3,396",385,Go,Git extension for versioning large files,https://github.com/github/git-lfs,Software tools
google/google-api-php-client,"3,393","1,775",PHP,A PHP client library for accessing Google APIs,https://github.com/google/google-api-php-client,Web libraries and frameworks
visionmedia/move.js,"3,386",508,JavaScript,CSS3 backed JavaScript animation framework,https://github.com/visionmedia/move.js,Web libraries and frameworks
ericdrowell/KineticJS,"3,385",751,JavaScript,KineticJS is an HTML5 Canvas JavaScript framework that extends the 2d context by enabling canvas interactivity for desktop and mobile applications.,https://github.com/ericdrowell/KineticJS,Web libraries and frameworks
wout/svg.js,"3,384",464,JavaScript,A lightweight library for manipulating and animating SVG,https://github.com/wout/svg.js,Web libraries and frameworks
github/scientist,"3,381",72,Ruby,:microscope: A Ruby library for carefully refactoring critical paths.,https://github.com/github/scientist,Web libraries and frameworks
vmg/redcarpet,"3,379",380,C,"The safe Markdown parser, reloaded.",https://github.com/vmg/redcarpet,Web libraries and frameworks
showdownjs/showdown,"3,378",651,JavaScript,A Markdown to HTML converter written in Javascript,https://github.com/showdownjs/showdown,Web libraries and frameworks
rey5137/material,"3,378",844,Java,A library to bring fully animated Material Design components to pre-Lolipop Android.,https://github.com/rey5137/material,Non-web libraries and frameworks
sandstorm-io/capnproto,"3,377",280,C++,Cap'n Proto serialization/RPC system,https://github.com/sandstorm-io/capnproto,Non-web libraries and frameworks
shadowsocks/shadowsocks-windows,"3,375","3,101",C#,,https://github.com/shadowsocks/shadowsocks-windows,Software tools
appjs/appjs,"3,372",382,C++,(Deprecated!) SDK on top of nodejs to build desktop apps using HTML5/CSS/JS,https://github.com/appjs/appjs,Non-web libraries and frameworks
guardian/scribe,"3,371",231,JavaScript,A rich text editor framework for the web platform,https://github.com/guardian/scribe,Web libraries and frameworks
John-Lluch/SWRevealViewController,"3,371",784,Objective-C,"A UIViewController subclass for presenting side view controllers inspired on the FaceBook and Wunderlist apps, done right !",https://github.com/John-Lluch/SWRevealViewController,Non-web libraries and frameworks
Intervention/image,"3,370",445,PHP,PHP Image Manipulation,https://github.com/Intervention/image,Non-web libraries and frameworks
socketstream/socketstream,"3,370",279,JavaScript,A framework for Realtime Web Apps,https://github.com/socketstream/socketstream,Web libraries and frameworks
pluginaweek/state_machine,"3,369",438,Ruby,Adds support for creating state machines for attributes on any Ruby class,https://github.com/pluginaweek/state_machine,Non-web libraries and frameworks
autumnai/leaf,"3,368",111,Rust,The Hacker's Machine Learning Engine,https://github.com/autumnai/leaf,Non-web libraries and frameworks
derekparker/delve,"3,368",207,Go,Delve is a debugger for the Go programming language.,https://github.com/derekparker/delve,Software tools
makeusabrew/bootbox,"3,367",742,CoffeeScript,"Wrappers for JavaScript alert(), confirm() and other flexible dialogs using Twitter's bootstrap framework",https://github.com/makeusabrew/bootbox,Web libraries and frameworks
ThinkUpLLC/ThinkUp,"3,363",767,PHP,"ThinkUp gives you insights into your social networking activity on Twitter, Facebook, Instagram, and beyond.",https://github.com/ThinkUpLLC/ThinkUp,Application software
trogdoro/xiki,"3,363",203,Ruby,A shell console with GUI features,https://github.com/trogdoro/xiki,Software tools
torchbox/wagtail,"3,362",598,Python,A Django content management system focused on flexibility and user experience,https://github.com/torchbox/wagtail,Application software
locustio/locust,"3,361",480,Python,Scalable user load testing tool written in Python,https://github.com/locustio/locust,Non-web libraries and frameworks
mroth/lolcommits,"3,360",231,Ruby,:camera: git-based selfies for software developers,https://github.com/mroth/lolcommits,Application software
mxstbr/react-boilerplate,"3,359",197,JavaScript,":fire: Quick setup for performance orientated, offline-first React.js applications featuring Redux, hot-reloading, PostCSS, react-router, ServiceWorker, AppCache, FontFaceObserver and Mocha.",https://github.com/mxstbr/react-boilerplate,Web libraries and frameworks
nicklockwood/iRate,"3,359",599,Objective-C,"A handy class that prompts users of your iPhone or Mac App Store app to rate your application after using it for a while. Similar to Appirater, but with a simpler, cleaner interface and automatic support for iOS fast application switching.",https://github.com/nicklockwood/iRate,Non-web libraries and frameworks
geuis/helium-css,"3,354",234,JavaScript,Helium - javascript tool to scan your site and show unused CSS,https://github.com/geuis/helium-css,Software tools
fpillet/NSLogger,"3,352",430,Objective-C,"A modern, flexible logging tool",https://github.com/fpillet/NSLogger,Non-web libraries and frameworks
AutoMapper/AutoMapper,"3,348",891,C#,A convention-based object-object mapper in .NET.,https://github.com/AutoMapper/AutoMapper,Non-web libraries and frameworks
KeyboardFire/mkcast,"3,344",65,Python,"[OBSOLETE - see readme] A tool for creating GIF screencasts of a terminal, with key presses overlaid.",https://github.com/KeyboardFire/mkcast,Application software
youtube/vitess,"3,342",419,Go,vitess provides servers and tools which facilitate scaling of MySQL databases for large scale web services.,https://github.com/youtube/vitess,Software tools
JakeWharton/NineOldAndroids,"3,341","1,546",Java,[DEPRECATED] Android library for using the Honeycomb animation API on all versions of the platform back to 1.0!,https://github.com/JakeWharton/NineOldAndroids,Non-web libraries and frameworks
CodeboxIDE/codebox,"3,341",456,JavaScript,Open source cloud & desktop IDE,https://github.com/CodeboxIDE/codebox,Software tools
swoole/swoole-src,"3,341","1,098",C,Event-driven asynchronous & concurrent networking engine with high performance for PHP.,https://github.com/swoole/swoole-src,Non-web libraries and frameworks
futuresimple/android-floating-action-button,"3,340",954,Java,Floating Action Button for Android based on Material Design specification,https://github.com/futuresimple/android-floating-action-button,Non-web libraries and frameworks
Theano/Theano,"3,335","1,213",Python,"Theano is a Python library that allows you to define, optimize, and evaluate mathematical expressions involving multi-dimensional arrays efficiently. It can use GPUs and perform efficient symbolic differentiation.",https://github.com/Theano/Theano,Non-web libraries and frameworks
reapp/reapp,"3,334",172,JavaScript,"NOTICE: Needs contributors, current broken, don't open a ticket open a PR",https://github.com/reapp/reapp,Software tools
sosedoff/pgweb,"3,334",167,Go,Cross-platform client for PostgreSQL databases,https://github.com/sosedoff/pgweb,Software tools
mongodb/mongoid,"3,333","1,166",Ruby,Ruby ODM framework for MongoDB,https://github.com/mongodb/mongoid,Non-web libraries and frameworks
neilj/Squire,"3,332",206,JavaScript,HTML5 rich text editor. Try the demo integration at,https://github.com/neilj/Squire,Web libraries and frameworks
sivel/speedtest-cli,"3,329",475,Python,Command line interface for testing internet bandwidth using speedtest.net,https://github.com/sivel/speedtest-cli,Application software
nesquena/rabl,"3,327",309,Ruby,"General ruby templating with json, bson, xml, plist and msgpack support",https://github.com/nesquena/rabl,Web libraries and frameworks
davidmerfield/randomColor,"3,327",207,HTML,A tiny script for generating attractive colors,https://github.com/davidmerfield/randomColor,Web libraries and frameworks
mono/MonoGame,"3,326","1,736",C#,One framework for creating powerful cross-platform games.,https://github.com/mono/MonoGame,Non-web libraries and frameworks
graphql/graphql-js,"3,320",215,JavaScript,A reference implementation of GraphQL for JavaScript,https://github.com/graphql/graphql-js,Non-web libraries and frameworks
theintern/intern,"3,319",250,JavaScript,A next-generation code testing stack for JavaScript.,https://github.com/theintern/intern,Non-web libraries and frameworks
fastmonkeys/stellar,"3,316",96,Python,Fast database snapshot and restore tool for development,https://github.com/fastmonkeys/stellar,Software tools
websockets/ws,"3,314",562,JavaScript,`ws`: The fastest RFC-6455 WebSocket implementation for Node.js.,https://github.com/websockets/ws,Software tools
MortimerGoro/MGSwipeTableCell,"3,314",508,Objective-C,An easy to use UITableViewCell subclass that allows to display swippable buttons with a variety of transitions.,https://github.com/MortimerGoro/MGSwipeTableCell,Non-web libraries and frameworks
robbiehanson/CocoaHTTPServer,"3,313",889,Objective-C,"A small, lightweight, embeddable HTTP server for Mac OS X or iOS applications",https://github.com/robbiehanson/CocoaHTTPServer,Software tools
dennis714/RE-for-beginners,"3,313",388,TeX,"""Reverse Engineering for Beginners"" free book",https://github.com/dennis714/RE-for-beginners,Documentation
google/brotli,"3,312",352,C++,Brotli compression format,https://github.com/google/brotli,Non-web libraries and frameworks
samshadwell/TrumpScript,"3,309",199,Python,Make Python great again,https://github.com/samshadwell/TrumpScript,System software
errbit/errbit,"3,307",840,Ruby,The open source error catcher that's Airbrake API compliant,https://github.com/errbit/errbit,Non-web libraries and frameworks
rmm5t/jquery-timeago,"3,306",593,JavaScript,":clock8: A jQuery plugin that makes it easy to support automatically updating fuzzy timestamps (e.g. ""4 minutes ago"").",https://github.com/rmm5t/jquery-timeago,Web libraries and frameworks
appium/appium,"3,306","2,040",JavaScript,:iphone: Automation for iOS and Android Apps.,https://github.com/appium/appium,Software tools
openstf/stf,"3,304",315,JavaScript,Control and manage Android devices from your browser.,https://github.com/openstf/stf,Software tools
refinery/refinerycms,"3,302","1,238",Ruby,An extendable Ruby on Rails CMS that supports Rails 4.2+,https://github.com/refinery/refinerycms,Application software
restsharp/RestSharp,"3,300","1,123",C#,Simple REST and HTTP API Client for .NET,https://github.com/restsharp/RestSharp,Web libraries and frameworks
chjj/blessed,"3,299",118,JavaScript,A high-level terminal interface library for node.js.,https://github.com/chjj/blessed,Non-web libraries and frameworks
Swiip/generator-gulp-angular,"3,298",605,JavaScript,Yeoman generator for AngularJS with GulpJS,https://github.com/Swiip/generator-gulp-angular,Software tools
olivernn/lunr.js,"3,296",243,JavaScript,"A bit like Solr, but much smaller and not as bright",https://github.com/olivernn/lunr.js,Non-web libraries and frameworks
gradle/gradle,"3,295","1,336",Java,A powerful build system for the JVM,https://github.com/gradle/gradle,System software
visionmedia/supertest,"3,295",247,JavaScript,Super-agent driven library for testing node.js HTTP servers using a fluent API,https://github.com/visionmedia/supertest,Non-web libraries and frameworks
riccardoscalco/textures,"3,294",146,CoffeeScript,Textures.js is a JavaScript library for creating SVG patterns,https://github.com/riccardoscalco/textures,Web libraries and frameworks
activemerchant/active_merchant,"3,293","1,862",Ruby,Active Merchant is a simple payment abstraction library extracted from Shopify. The aim of the project is to feel natural to Ruby users and to abstract as many parts as possible away from the user to offer a consistent interface across all supported gateways.,https://github.com/activemerchant/active_merchant,Non-web libraries and frameworks
wishstudio/flinux,"3,291",205,C,Foreign LINUX - Run unmodified Linux applications inside Windows.,https://github.com/wishstudio/flinux,System software
ideawu/ssdb,"3,291",756,C++,"SSDB - A fast NoSQL database, an alternative to Redis",https://github.com/ideawu/ssdb,System software
bundler/bundler,"3,290","1,505",Ruby,Manage your application's gem dependencies with less pain,https://github.com/bundler/bundler,Software tools
cjb/GitTorrent,"3,290",150,JavaScript,A decentralization of GitHub using BitTorrent and Bitcoin,https://github.com/cjb/GitTorrent,Application software
amoffat/sh,"3,289",272,Python,Python process launching,https://github.com/amoffat/sh,Non-web libraries and frameworks
yui/yui3,"3,288","1,115",JavaScript,A library for building richly interactive web applications.,https://github.com/yui/yui3,Web libraries and frameworks
mozilla/shumway,"3,287",300,TypeScript,Shumway is a Flash VM and runtime written in JavaScript,https://github.com/mozilla/shumway,Web libraries and frameworks
google/yapf,"3,286",207,Python,A formatter for Python files,https://github.com/google/yapf,Non-web libraries and frameworks
nothings/stb,"3,284",370,C,stb single-file public domain libraries for C/C++,https://github.com/nothings/stb,Documentation
tools/godep,"3,284",299,Go,dependency tool for go,https://github.com/tools/godep,Software tools
rvm/rvm,"3,284",777,Shell,Ruby enVironment (Version) Manager ( rvm ) ~ Monitor GitHub Issues ( https://github.com/rvm/rvm/issues/ ) for bug reports and fixes. Fundraiser for mpapis: https://www.bountysource.com/fundraisers/489-rvm-2-0,https://github.com/rvm/rvm,Software tools
tmux-plugins/tmux-resurrect,"3,281",74,Shell,Persists tmux environment across system restarts.,https://github.com/tmux-plugins/tmux-resurrect,Software tools
eventmachine/eventmachine,"3,278",522,Ruby,"EventMachine: fast, simple event-processing library for Ruby programs",https://github.com/eventmachine/eventmachine,Non-web libraries and frameworks
tweepy/tweepy,"3,278","1,362",Python,Twitter for Python!,https://github.com/tweepy/tweepy,Web libraries and frameworks
fengyuanchen/cropper,"3,276",662,JavaScript,A simple jQuery image cropping plugin.,https://github.com/fengyuanchen/cropper,Web libraries and frameworks
StevenBlack/hosts,"3,275",309,Python,"Extending and consolidating hosts files from a variety of sources like adaway.org, mvps.org, malwaredomains.com, someonewhocares.org, yoyo.org, and potentially others. You can optionally invoke extensions to block additional sites by category.",https://github.com/StevenBlack/hosts,Documentation
ServiceStack/ServiceStack,"3,273","1,207",C#,"Thoughtfully architected, obscenely fast, thoroughly enjoyable web services for all",https://github.com/ServiceStack/ServiceStack,Web libraries and frameworks
noraesae/perfect-scrollbar,"3,272",631,JavaScript,Minimalistic but perfect custom scrollbar plugin,https://github.com/noraesae/perfect-scrollbar,Web libraries and frameworks
magento/magento2,"3,269","2,120",PHP,"All Submissions you make to Magento Inc. (“Magento"") through GitHub are subject to the following terms and conditions: (1) You grant Magento a perpetual, worldwide, non-exclusive, no charge, royalty free, irrevocable license under your applicable copyrights and patents to reproduce, prepare derivative works of, display, publically perform, sublicense and distribute any feedback, ideas, code, or other information (“Submission"") you submit through GitHub. (2) Your Submission is an original work of authorship and you are the owner or are legally entitled to grant the license stated above. (3) You agree to the Contributor License Agreement found here: https://github.com/magento/magento2/blob/master/CONTRIBUTOR_LICENSE_AGREEMENT.html",https://github.com/magento/magento2,Documentation
vigetlabs/gulp-starter,"3,268",557,JavaScript,A delicious blend of gulp tasks combined into a configurable asset pipeline and static site builder,https://github.com/vigetlabs/gulp-starter,Software tools
patrickkunka/mixitup,"3,268",488,JavaScript,MixItUp - A Filter & Sort Plugin,https://github.com/patrickkunka/mixitup,Web libraries and frameworks
kenkeiter/skeuocard,"3,266",239,JavaScript,Skeuocard progressively enhances credit card inputs to provide a skeuomorphic interface.,https://github.com/kenkeiter/skeuocard,Web libraries and frameworks
springside/springside4,"3,265","2,391",Java,"A Spring Framework based, pragmatic style JavaEE application reference architecture.",https://github.com/springside/springside4,Web libraries and frameworks
enormego/EGOTableViewPullRefresh,"3,264",994,Objective-C,A similar control to the pull down to refresh control created by atebits in Tweetie 2.,https://github.com/enormego/EGOTableViewPullRefresh,Non-web libraries and frameworks
rest-client/rest-client,"3,261",608,Ruby,"Simple HTTP and REST client for Ruby, inspired by microframework syntax for specifying actions.",https://github.com/rest-client/rest-client,Web libraries and frameworks
brianc/node-postgres,"3,260",410,JavaScript,PostgreSQL client for node.js.,https://github.com/brianc/node-postgres,Non-web libraries and frameworks
pa7/heatmap.js,"3,258",692,JavaScript,JavaScript Library for HTML5 canvas based heatmaps,https://github.com/pa7/heatmap.js,Web libraries and frameworks
twitter/labella.js,"3,257",89,JavaScript,Placing labels on a timeline without overlap.,https://github.com/twitter/labella.js,Web libraries and frameworks
OAI/OpenAPI-Specification,"3,256",972,JavaScript,The OpenAPI Specification Repository,https://github.com/OAI/OpenAPI-Specification,Documentation
sorich87/bootstrap-tour,"3,255",626,CoffeeScript,Quick and easy product tours with Twitter Bootstrap Popovers,https://github.com/sorich87/bootstrap-tour,Documentation
lauris/awesome-scala,"3,253",454,Python,"A community driven list of useful Scala libraries, frameworks and software.",https://github.com/lauris/awesome-scala,Documentation
chalk/chalk,"3,252",88,JavaScript,Terminal string styling done right,https://github.com/chalk/chalk,Non-web libraries and frameworks
shu223/iOS-9-Sampler,"3,252",410,Swift,Code examples for the new features of iOS 9.,https://github.com/shu223/iOS-9-Sampler,Documentation
swagger-api/swagger-core,"3,251","1,100",Java,"Examples and server integrations for generating the Swagger API Specification, which enables easy access to your REST API",https://github.com/swagger-api/swagger-core,Documentation
meanjs/mean,"3,249","1,245",JavaScript,"MEAN.JS - Full-Stack JavaScript Using MongoDB, Express, AngularJS, and Node.js -",https://github.com/meanjs/mean,Web libraries and frameworks
celluloid/celluloid,"3,248",244,Ruby,Actor-based concurrent object framework for Ruby,https://github.com/celluloid/celluloid,Non-web libraries and frameworks
subprotocol/verlet-js,"3,247",421,JavaScript,A simple Verlet physics engine written in javascript,https://github.com/subprotocol/verlet-js,Web libraries and frameworks
soffes/SSKeychain,"3,247",593,Objective-C,Simple Objective-C wrapper for the keychain that works on Mac and iOS,https://github.com/soffes/SSKeychain,Non-web libraries and frameworks
JohnLangford/vowpal_wabbit,"3,245",912,C++,"Vowpal Wabbit is a machine learning system which pushes the frontier of machine learning with techniques such as online, hashing, allreduce, reductions, learning2search, active, and interactive learning.",https://github.com/JohnLangford/vowpal_wabbit,Software tools
kriswallsmith/assetic,"3,245",533,PHP,Asset Management for PHP,https://github.com/kriswallsmith/assetic,Non-web libraries and frameworks
openzipkin/zipkin,"3,243",463,Scala,Zipkin is a distributed tracing system,https://github.com/openzipkin/zipkin,Software tools
larsenwork/monoid,"3,240",68,Python,"Customisable coding font with alternates, ligatures and contextual positioning. Crazy crisp at 12px/9pt. http://larsenwork.com/monoid/",https://github.com/larsenwork/monoid,Web libraries and frameworks
bitwiseshiftleft/sjcl,"3,237",411,JavaScript,Stanford Javascript Crypto Library,https://github.com/bitwiseshiftleft/sjcl,Non-web libraries and frameworks
FuzzyAutocomplete/FuzzyAutocompletePlugin,"3,237",379,Objective-C,A Xcode 5+ plugin that adds more flexible autocompletion rather than just prefix-matching.,https://github.com/FuzzyAutocomplete/FuzzyAutocompletePlugin,Software tools
segmentio/analytics.js,"3,234",404,JavaScript,The hassle-free way to integrate analytics into any web application.,https://github.com/segmentio/analytics.js,Web libraries and frameworks
bnoguchi/everyauth,"3,233",461,JavaScript,"node.js auth package (password, facebook, & more) for Connect and Express apps",https://github.com/bnoguchi/everyauth,Web libraries and frameworks
scribejava/scribejava,"3,232","1,232",Java,Simple OAuth library for Java,https://github.com/scribejava/scribejava,Non-web libraries and frameworks
josdejong/mathjs,"3,231",328,JavaScript,An extensive math library for JavaScript and Node.js,https://github.com/josdejong/mathjs,Non-web libraries and frameworks
presidentbeef/brakeman,"3,228",282,Ruby,A static analysis security vulnerability scanner for Ruby on Rails applications,https://github.com/presidentbeef/brakeman,Software tools
driftyco/ng-cordova,"3,226",888,JavaScript,Native mobile services and features for native mobile web apps built with Cordova/PhoneGap,https://github.com/driftyco/ng-cordova,Web libraries and frameworks
soffes/sstoolkit,"3,226",585,Ruby,A collection of well-documented iOS classes for making life easier,https://github.com/soffes/sstoolkit,Documentation
thoughtbot/dotfiles,"3,226","1,087",Shell,"A set of vim, zsh, git, and tmux configuration files.",https://github.com/thoughtbot/dotfiles,Application software
ColinEberhardt/VCTransitionsLibrary,"3,223",429,Objective-C,"A collection of iOS7 animation controllers and interaction controllers, providing flip, fold and all kinds of other transitions.",https://github.com/ColinEberhardt/VCTransitionsLibrary,Non-web libraries and frameworks
filamentgroup/grunticon,"3,223",195,HTML,A mystical CSS icon solution.,https://github.com/filamentgroup/grunticon,Web libraries and frameworks
basecamp/pow,"3,222",241,CoffeeScript,Zero-configuration Rack server for Mac OS X,https://github.com/basecamp/pow,Software tools
makovkastar/FloatingActionButton,"3,217",783,Java,Android floating action button,https://github.com/makovkastar/FloatingActionButton,Non-web libraries and frameworks
tomaz/appledoc,"3,216",503,Objective-C,Objective-c code Apple style documentation set generator.,https://github.com/tomaz/appledoc,Software tools
humhub/humhub,"3,214",898,PHP,HumHub - Open Source Social Network,https://github.com/humhub/humhub,Application software
nltk/nltk,"3,213",989,Python,NLTK Source,https://github.com/nltk/nltk,Non-web libraries and frameworks
dinedal/textql,"3,209",113,Go,Execute SQL against structured text like CSV or TSV,https://github.com/dinedal/textql,Non-web libraries and frameworks
facebookarchive/scribe,"3,206",693,C++,Scribe is a server for aggregating log data streamed in real time from a large number of servers.,https://github.com/facebookarchive/scribe,System software
mpv-player/mpv,"3,205",424,C,Video player based on MPlayer/mplayer2,https://github.com/mpv-player/mpv,Application software
erikhuda/thor,"3,204",346,Ruby,Thor is a toolkit for building powerful command-line interfaces.,https://github.com/erikhuda/thor,Non-web libraries and frameworks
spine/spine,"3,204",415,JavaScript,Lightweight MVC library for building JavaScript applications,https://github.com/spine/spine,Web libraries and frameworks
wilsonpage/fastdom,"3,203",122,JavaScript,Eliminates layout thrashing by batching DOM measurement and mutation tasks,https://github.com/wilsonpage/fastdom,Non-web libraries and frameworks
iissnan/hexo-theme-next,"3,199","1,023",CSS,Elegant theme for Hexo.,https://github.com/iissnan/hexo-theme-next,Web libraries and frameworks
voltrb/volt,"3,199",202,Ruby,A Ruby web framework where your Ruby runs on both server and client,https://github.com/voltrb/volt,Web libraries and frameworks
sj26/mailcatcher,"3,197",312,Ruby,Catches mail and serves it through a dream.,https://github.com/sj26/mailcatcher,Application software
stevenwanderski/bxslider-4,"3,196","1,392",JavaScript,Responsive jQuery content slider,https://github.com/stevenwanderski/bxslider-4,Web libraries and frameworks
googlesamples/android-topeka,"3,195",723,Java,A fun to play quiz that showcases material design on Android,https://github.com/googlesamples/android-topeka,Application software
TrinityCore/TrinityCore,"3,187","3,341",C++,TrinityCore Open Source MMO Framework,https://github.com/TrinityCore/TrinityCore,Non-web libraries and frameworks
storehouse/Advance,"3,186",171,Swift,"A powerful animation framework for iOS, tvOS, and OS X.",https://github.com/storehouse/Advance,Non-web libraries and frameworks
saeedalipoor/icono,"3,185",229,CSS,"One tag One icon, no font or svg, Pure CSS",https://github.com/saeedalipoor/icono,Web libraries and frameworks
node-nock/nock,"3,185",262,JavaScript,HTTP mocking and expectations library,https://github.com/node-nock/nock,Web libraries and frameworks
facebook/rebound,"3,184",588,Java,A Java library that models spring dynamics and adds real world physics to your app.,https://github.com/facebook/rebound,Non-web libraries and frameworks
opal/opal,"3,184",221,Ruby,Ruby to JavaScript compiler,https://github.com/opal/opal,Software tools
pedrovgs/EffectiveAndroidUI,"3,184",692,Java,"Sample project created to show some of the best Android practices to work in the Android UI Layer. The UI layer of this project has been implemented using MVP or MVVM (without binding engine) to show how this patterns works. This project is used during the talk ""EffectiveAndroidUI"".",https://github.com/pedrovgs/EffectiveAndroidUI,Documentation
julienXX/terminal-notifier,"3,182",176,Objective-C,Send User Notifications on Mac OS X 10.8 from the command-line.,https://github.com/julienXX/terminal-notifier,Software tools
Haneke/HanekeSwift,"3,181",350,Swift,A lightweight generic cache for iOS written in Swift with extra love for images.,https://github.com/Haneke/HanekeSwift,Non-web libraries and frameworks
koush/AndroidAsync,"3,181",918,Java,"Asynchronous socket, http (client+server), websocket, and socket.io library for android. Based on nio, not threads.",https://github.com/koush/AndroidAsync,Non-web libraries and frameworks
dingo/api,"3,181",467,PHP,A RESTful API package for the Laravel and Lumen frameworks.,https://github.com/dingo/api,Web libraries and frameworks
github/markup,"3,181","2,684",Ruby,The code we use to render README.your_favorite_markup,https://github.com/github/markup,Web libraries and frameworks
labstack/echo,"3,181",258,Go,Echo is a fast :rocket: and unfancy micro web framework for Go.,https://github.com/labstack/echo,Non-web libraries and frameworks
auduno/clmtrackr,"3,180",542,JavaScript,Javascript library for precise tracking of facial features via Constrained Local Models,https://github.com/auduno/clmtrackr,Web libraries and frameworks
stripe/jquery.payment,"3,180",501,CoffeeScript,"A general purpose library for building credit card forms, validating inputs and formatting numbers.",https://github.com/stripe/jquery.payment,Web libraries and frameworks
go-lang-plugin-org/go-lang-idea-plugin,"3,178",377,Java,Google Go language IDE built using the IntelliJ Platform,https://github.com/go-lang-plugin-org/go-lang-idea-plugin,Software tools
Strider-CD/strider,"3,175",313,JavaScript,Strider: Open Source Continuous Integration & Deployment Server.,https://github.com/Strider-CD/strider,System software
nathansmith/960-Grid-System,"3,174",528,CSS,The 960 Grid System is an effort to streamline web development workflow.,https://github.com/nathansmith/960-Grid-System,Web libraries and frameworks
Russell91/sshrc,"3,170",99,Shell,"bring your .bashrc, .vimrc, etc. with you when you ssh",https://github.com/Russell91/sshrc,Software tools
tangqiaoboy/iOSBlogCN,"3,170",945,Python,中文 iOS/Mac 开发博客列表,https://github.com/tangqiaoboy/iOSBlogCN,Non-web libraries and frameworks
bkeepers/dotenv,"3,169",216,Ruby,Loads environment variables from `.env`.,https://github.com/bkeepers/dotenv,Software tools
Popmotion/popmotion,"3,167",127,JavaScript,"The Javascript motion engine. Animation, physics and input tracking.",https://github.com/Popmotion/popmotion,Web libraries and frameworks
linkedin/hopscotch,"3,166",445,JavaScript,A framework to make it easy for developers to add product tours to their pages.,https://github.com/linkedin/hopscotch,Web libraries and frameworks
chrisbanes/ActionBar-PullToRefresh,"3,164","1,106",Java,DEPRECATED,https://github.com/chrisbanes/ActionBar-PullToRefresh,Non-web libraries and frameworks
prose/prose,"3,162",569,JavaScript,A Content Editor for GitHub.,https://github.com/prose/prose,Application software
shu223/iOS8-Sampler,"3,161",403,Objective-C,Code examples for the new features of iOS 8.,https://github.com/shu223/iOS8-Sampler,Documentation
MacGapProject/MacGap1,"3,161",200,Objective-C,Desktop WebKit wrapper for HTML/CSS/JS applications.,https://github.com/MacGapProject/MacGap1,Software tools
mitsuhiko/click,"3,160",258,Python,Python composable command line utility,https://github.com/mitsuhiko/click,Software tools
erikflowers/weather-icons,"3,160",322,CSS,215 Weather Themed Icons and CSS,https://github.com/erikflowers/weather-icons,Web libraries and frameworks
kiwi-bdd/Kiwi,"3,159",415,Objective-C,Simple BDD for iOS,https://github.com/kiwi-bdd/Kiwi,Non-web libraries and frameworks
tgalal/yowsup,"3,157","1,129",Python,The python WhatsApp library,https://github.com/tgalal/yowsup,Non-web libraries and frameworks
LeaVerou/prefixfree,"3,156",648,JavaScript,Break free from CSS prefix hell!,https://github.com/LeaVerou/prefixfree,Web libraries and frameworks
cruffenach/CRToast,"3,154",333,Objective-C,A modern iOS toast view that can fit your notification needs,https://github.com/cruffenach/CRToast,Non-web libraries and frameworks
mitsuhiko/jinja2,"3,154",654,Python,The Jinja2 template engine,https://github.com/mitsuhiko/jinja2,Web libraries and frameworks
feathersjs/feathers,"3,152",89,JavaScript,"A minimalist, real-time JavaScript framework built for NodeJS, React-Native and the browser.",https://github.com/feathersjs/feathers,Web libraries and frameworks
github/octicons,"3,151",223,CSS,GitHub's icon font,https://github.com/github/octicons,Web libraries and frameworks
erichoracek/MSDynamicsDrawerViewController,"3,150",400,Objective-C,Container view controller that leverages UIKit Dynamics to provide a realistic drawer navigation paradigm.,https://github.com/erichoracek/MSDynamicsDrawerViewController,Non-web libraries and frameworks
escoz/QuickDialog,"3,150",704,Objective-C,QuickDialog - Quick and easy dialog screens for iOS,https://github.com/escoz/QuickDialog,Non-web libraries and frameworks
mattbryson/TouchSwipe-Jquery-Plugin,"3,148","1,306",JavaScript,"TouchSwipe is a jquery plugin to be used with jQuery on touch input devices such as iPad, iPhone etc.",https://github.com/mattbryson/TouchSwipe-Jquery-Plugin,Web libraries and frameworks
jlund/streisand,"3,147",253,Python,"Streisand sets up a new server running L2TP/IPsec, OpenConnect, OpenSSH, OpenVPN, Shadowsocks, sslh, Stunnel, and a Tor bridge. It also generates custom configuration instructions for all of these services. At the end of the run you are given an HTML file with instructions that can be shared with friends, family members, and fellow activists.",https://github.com/jlund/streisand,Software tools
os-js/OS.js,"3,145",355,JavaScript,JavaScript Cloud/Web Desktop Platform,https://github.com/os-js/OS.js,Web libraries and frameworks
WP-API/WP-API,"3,142",576,PHP,WP REST API - a JSON-based REST API for WordPress.,https://github.com/WP-API/WP-API,Web libraries and frameworks
twigphp/Twig,"3,142",796,PHP,"Twig, the flexible, fast, and secure template language for PHP",https://github.com/twigphp/Twig,Web libraries and frameworks
coolbeet/CBStoreHouseRefreshControl,"3,139",411,Objective-C,Fully customizable pull-to-refresh control inspired by Storehouse iOS app,https://github.com/coolbeet/CBStoreHouseRefreshControl,Non-web libraries and frameworks
rauchg/slackin,"3,139",488,JavaScript,Public Slack organizations made easy,https://github.com/rauchg/slackin,Software tools
callmecavs/bricks.js,"3,133",100,JavaScript,A blazing fast masonry layout generator for fixed width elements.,https://github.com/callmecavs/bricks.js,Web libraries and frameworks
FormidableLabs/radium,"3,133",142,JavaScript,A toolchain for React component styling.,https://github.com/FormidableLabs/radium,Web libraries and frameworks
guardian/frontend,"3,131",317,HTML,Source for theguardian.com,https://github.com/guardian/frontend,Application software
tgriesser/bookshelf,"3,126",255,JavaScript,"A simple Node.js ORM for PostgreSQL, MySQL and SQLite3 built on top of Knex.js",https://github.com/tgriesser/bookshelf,Non-web libraries and frameworks
duemunk/Async,"3,125",204,Swift,Syntactic sugar in Swift for asynchronous dispatches in Grand Central Dispatch,https://github.com/duemunk/Async,Non-web libraries and frameworks
Jawbone/JBChartView,"3,125",382,Objective-C,iOS-based charting library for both line and bar graphs.,https://github.com/Jawbone/JBChartView,Non-web libraries and frameworks
mesos/chronos,"3,124",400,JavaScript,Fault tolerant job scheduler for Mesos which handles dependencies and ISO8601 based schedules,https://github.com/mesos/chronos,Application software
vfr/Reader,"3,122",949,Objective-C,PDF Reader Core for iOS,https://github.com/vfr/Reader,Application software
tpope/vim-rails,"3,121",288,VimL,rails.vim: Ruby on Rails power tools,https://github.com/tpope/vim-rails,Application software
sstephenson/prototype,"3,120",557,JavaScript,Prototype JavaScript framework,https://github.com/sstephenson/prototype,Web libraries and frameworks
CSSLint/csslint,"3,119",400,JavaScript,Automated linting of Cascading Stylesheets,https://github.com/CSSLint/csslint,Software tools
HunterLarco/voxel.css,"3,119",108,CSS,A lightweight 3D CSS voxel library.,https://github.com/HunterLarco/voxel.css,Web libraries and frameworks
timuric/Content-generator-sketch-plugin,"3,117",257,JavaScript,"Sketch app plugin for generating dummy data such as avatars, names, photos, geo data etc",https://github.com/timuric/Content-generator-sketch-plugin,Software tools
docker/machine,"3,117",782,Go,Machine management for a container-centric world,https://github.com/docker/machine,Software tools
midgetspy/Sick-Beard,"3,115","2,008",Python,PVR & episode guide that downloads and manages all your TV shows,https://github.com/midgetspy/Sick-Beard,Application software
syedhali/EZAudio,"3,112",499,Objective-C,"An iOS and OSX audio visualization framework built upon Core Audio useful for anyone doing real-time, low-latency audio processing and visualizations.",https://github.com/syedhali/EZAudio,Non-web libraries and frameworks
wasabeef/recyclerview-animators,"3,111",623,Java,An Android Animation library which easily add itemanimator to RecyclerView items.,https://github.com/wasabeef/recyclerview-animators,Non-web libraries and frameworks
Trinea/android-common,"3,110","2,187",Java,"Android common lib, include ImageCache, HttpCache, DropDownListView, DownloadManager, Utils and so on 微信公众号：codekk",https://github.com/Trinea/android-common,Documentation
facebook/origami,"3,104",415,Objective-C,A Quartz Composer framework that enables interactive design prototyping without programming.,https://github.com/facebook/origami,Software tools
kr/beanstalkd,"3,103",423,C,"Beanstalk is a simple, fast work queue.",https://github.com/kr/beanstalkd,Non-web libraries and frameworks
eddiemachado/bones,"3,103","1,137",CSS,"A Mobile-First, Responsive WordPress starter theme based off 320 and Up & HTML5 Boilerplate.",https://github.com/eddiemachado/bones,Web libraries and frameworks
google/git-appraise,"3,103",62,Go,Distributed code review system for Git repos,https://github.com/google/git-appraise,Software tools
nicolaiarocci/eve,"3,103",418,Python,Simple REST APIs,https://github.com/nicolaiarocci/eve,Web libraries and frameworks
fastos/fastsocket,"3,101",583,C,"Fastsocket is a highly scalable socket and its underlying networking implementation of Linux kernel. With the straight linear scalability, Fastsocket can provide extremely good performance in multicore machines. In addition, it is very easy to use and maintain. As a result, it has been deployed in the production environment of SINA.",https://github.com/fastos/fastsocket,Software tools
danleech/simple-icons,"3,101",350,HTML,SVG icons for popular brands,https://github.com/danleech/simple-icons,Web libraries and frameworks
silexphp/Silex,"3,100",628,PHP,The PHP micro-framework based on the Symfony2 Components,https://github.com/silexphp/Silex,Web libraries and frameworks
davezuko/react-redux-starter-kit,"3,099",566,JavaScript,"Get started with React, Redux, and React-Router!",https://github.com/davezuko/react-redux-starter-kit,Web libraries and frameworks
audreyr/cookiecutter,"3,099",372,Python,"A command-line utility that creates projects from cookiecutters (project templates). E.g. Python package projects, jQuery plugin projects.",https://github.com/audreyr/cookiecutter,Software tools
lpereira/lwan,"3,097",416,C,"Experimental, scalable, high performance HTTP server",https://github.com/lpereira/lwan,System software
dthree/vantage,"3,095",67,JavaScript,"Distributed, realtime CLI for live Node apps.",https://github.com/dthree/vantage,Software tools
idiot/unslider,"3,095","1,539",JavaScript,The simplest jQuery slider there is.,https://github.com/idiot/unslider,Web libraries and frameworks
tsenart/vegeta,"3,093",172,Go,HTTP load testing tool and library. It's over 9000!,https://github.com/tsenart/vegeta,Software tools
JeffreyWay/Laravel-4-Generators,"3,092",729,PHP,Rapidly speed up your Laravel workflow with generators,https://github.com/JeffreyWay/Laravel-4-Generators,Software tools
FriendsOfPHP/PHP-CS-Fixer,"3,089",477,PHP,Analyzes some PHP source code and tries to fix coding standards issues (PSR-1 and PSR-2 compatible),https://github.com/FriendsOfPHP/PHP-CS-Fixer,Software tools
erusev/parsedown,"3,086",444,PHP,Markdown Parser in PHP,https://github.com/erusev/parsedown,Web libraries and frameworks
nothingmagical/cheddar-ios,"3,085",708,Objective-C,Cheddar for iOS,https://github.com/nothingmagical/cheddar-ios,Application software
ruanyf/es6tutorial,"3,083","1,109",JavaScript,《ECMAScript 6入门》是一本开源的JavaScript语言教程，全面介绍ECMAScript 6新增的语法特性。,https://github.com/ruanyf/es6tutorial,Documentation
github/hubot-scripts,"3,082","1,853",CoffeeScript,"DEPRECATED, see https://github.com/github/hubot-scripts/issues/1113 for details - optional scripts for hubot, opt in via hubot-scripts.json",https://github.com/github/hubot-scripts,Software tools
insidegui/WWDC,"3,082",225,Swift,WWDC app for OS X,https://github.com/insidegui/WWDC,Application software
ryanb/ruby-warrior,"3,081",724,Ruby,Game written in Ruby for learning Ruby and artificial intelligence.,https://github.com/ryanb/ruby-warrior,Application software
newsapps/beeswithmachineguns,"3,081",349,Python,A utility for arming (creating) many bees (micro EC2 instances) to attack (load test) targets (web applications).,https://github.com/newsapps/beeswithmachineguns,Software tools
BabylonJS/Babylon.js,"3,081",820,JavaScript,Babylon.js: a complete JavaScript framework for building 3D games with HTML 5 and WebGL,https://github.com/BabylonJS/Babylon.js,Web libraries and frameworks
abraham/twitteroauth,"3,080","1,473",PHP,The most popular PHP library for use with the Twitter OAuth REST API.,https://github.com/abraham/twitteroauth,Web libraries and frameworks
openalpr/openalpr,"3,080",646,C++,Automatic License Plate Recognition library,https://github.com/openalpr/openalpr,Software tools
filp/whoops,"3,076",291,PHP,PHP errors for cool kids,https://github.com/filp/whoops,Software tools
gotosleep/JASidePanels,"3,074",656,Objective-C,Reveal side ViewControllers similar to Facebook/Path's menu,https://github.com/gotosleep/JASidePanels,Non-web libraries and frameworks
ruipgil/scraperjs,"3,074",154,JavaScript,A complete and versatile web scraper.,https://github.com/ruipgil/scraperjs,Non-web libraries and frameworks
googlei18n/libphonenumber,"3,073",366,C++,"Google's common Java, C++ and JavaScript library for parsing, formatting, and validating international phone numbers.",https://github.com/googlei18n/libphonenumber,Non-web libraries and frameworks
barryvdh/laravel-debugbar,"3,072",353,PHP,Laravel Debugbar (Integrates PHP Debug Bar),https://github.com/barryvdh/laravel-debugbar,Non-web libraries and frameworks
lovell/sharp,"3,071",166,JavaScript,"The fastest Node.js module for resizing JPEG, PNG, WebP and TIFF images. Uses the libvips library.",https://github.com/lovell/sharp,Web libraries and frameworks
chrissimpkins/codeface,"3,070",230,Python,Typefaces for source code beautification,https://github.com/chrissimpkins/codeface,Documentation
jisaacks/GitGutter,"3,069",187,Python,A Sublime Text 2/3 plugin to see git diff in gutter,https://github.com/jisaacks/GitGutter,Application software
prawnpdf/prawn,"3,069",530,Ruby,"Fast, Nimble PDF Writer for Ruby",https://github.com/prawnpdf/prawn,Non-web libraries and frameworks
rswier/c4,"3,066",569,C,C in four functions,https://github.com/rswier/c4,Documentation
DroidPluginTeam/DroidPlugin,"3,064","1,260",Java,"A plugin framework on android,Run any third-party apk without installation, modification or repackage",https://github.com/DroidPluginTeam/DroidPlugin,Non-web libraries and frameworks
carrot/share-button,"3,061",410,JavaScript,"fast, beautiful, and painless social shares:",https://github.com/carrot/share-button,Web libraries and frameworks
traex/RippleEffect,"3,061",751,Java,Implementation of Ripple effect from Material Design for Android API 9+,https://github.com/traex/RippleEffect,Non-web libraries and frameworks
mattn/emmet-vim,"3,058",232,VimL,emmet for vim: http://emmet.io/,https://github.com/mattn/emmet-vim,Application software
dmlc/mxnet,"3,057","1,055",C++,"Lightweight, Portable, Flexible Distributed/Mobile Deep Learning with Dynamic, Mutation-aware Dataflow Dep Scheduler; for Python, R, Julia, Go, Javascript and more",https://github.com/dmlc/mxnet,Non-web libraries and frameworks
blakeembrey/code-problems,"3,057",208,JavaScript,Common code and interview problems solved in multiple languages,https://github.com/blakeembrey/code-problems,Documentation
sass/libsass,"3,056",329,C++,A C/C++ implementation of a Sass compiler,https://github.com/sass/libsass,Software tools
Xcode-Snippets/Objective-C,"3,055",593,Objective-C,A few code snippets from my Xcode arsenal,https://github.com/Xcode-Snippets/Objective-C,Documentation
JuanitoFatas/fast-ruby,"3,054",184,Ruby,:dash: Writing Fast Ruby :heart_eyes: —— Collect Common Ruby idioms.,https://github.com/JuanitoFatas/fast-ruby,Documentation
dthree/vorpal,"3,053",82,JavaScript,Node's framework for interactive CLIs.,https://github.com/dthree/vorpal,Non-web libraries and frameworks
gavinkwoe/BeeFramework,"3,053","1,095",Objective-C,[Experimental] A semi-hybrid framework that allows you to create mobile apps using Objective-C and XML/CSS,https://github.com/gavinkwoe/BeeFramework,Non-web libraries and frameworks
Redth/PushSharp,"3,050","1,258",C#,"A server-side library for sending Push Notifications to iOS (iPhone/iPad APNS), Android (C2DM and GCM - Google Cloud Message), Windows Phone, Windows 8, Amazon, Blackberry, and (soon) FirefoxOS devices!",https://github.com/Redth/PushSharp,Non-web libraries and frameworks
alibaba/druid,"3,046","1,823",Java,为监控而生的数据库连接池！,https://github.com/alibaba/druid,Non-web libraries and frameworks
google/guice,"3,045",521,Java,"Guice (pronounced 'juice') is a lightweight dependency injection framework for Java 6 and above, brought to you by Google.",https://github.com/google/guice,Non-web libraries and frameworks
ninenines/cowboy,"3,045",693,Erlang,"Small, fast, modular HTTP server written in Erlang.",https://github.com/ninenines/cowboy,System software
idank/explainshell,"3,040",236,Python,match command-line arguments to their help text,https://github.com/idank/explainshell,Non-web libraries and frameworks
solnic/virtus,"3,040",196,Ruby,Attributes on Steroids for Plain Old Ruby Objects,https://github.com/solnic/virtus,Non-web libraries and frameworks
railsbp/rails_best_practices,"3,039",206,Ruby,a code metric tool for rails projects,https://github.com/railsbp/rails_best_practices,Documentation
Laverna/laverna,"3,038",318,JavaScript,Laverna is a JavaScript note taking application with Markdown editor and encryption support. Consider it like open source alternative to Evernote.,https://github.com/Laverna/laverna,Web libraries and frameworks
addyosmani/critical,"3,038",91,JavaScript,Extract & Inline Critical-path CSS in HTML pages,https://github.com/addyosmani/critical,Web libraries and frameworks
aheckmann/gm,"3,036",313,JavaScript,GraphicsMagick for node,https://github.com/aheckmann/gm,Non-web libraries and frameworks
ankurp/Dollar,"3,036",205,Swift,A functional tool-belt for Swift Language similar to Lo-Dash or Underscore.js in Javascript,https://github.com/ankurp/Dollar,Non-web libraries and frameworks
aspnet/EntityFramework,"3,034",926,C#,Microsoft's recommended data access technology for new applications in .NET.,https://github.com/aspnet/EntityFramework,Non-web libraries and frameworks
andrewplummer/Sugar,"3,031",286,JavaScript,A Javascript library for working with native objects.,https://github.com/andrewplummer/Sugar,Non-web libraries and frameworks
JedWatson/react-select,"3,031",650,JavaScript,A Select control built with and for React JS,https://github.com/JedWatson/react-select,Web libraries and frameworks
shu223/iOS7-Sampler,"3,030",560,Objective-C,Code examples for the new features of iOS 7.,https://github.com/shu223/iOS7-Sampler,Documentation
jquery/esprima,"3,030",488,TypeScript,ECMAScript parsing infrastructure for multipurpose analysis,https://github.com/jquery/esprima,Web libraries and frameworks
lostisland/faraday,"3,029",451,Ruby,"Simple, but flexible HTTP client library, with support for multiple backends.",https://github.com/lostisland/faraday,Web libraries and frameworks
HelloZeroNet/ZeroNet,"3,029",261,Python,ZeroNet - Decentralized websites using Bitcoin crypto and BitTorrent network,https://github.com/HelloZeroNet/ZeroNet,Application software
filamentgroup/loadCSS,"3,028",230,JavaScript,A function for loading CSS asynchronously,https://github.com/filamentgroup/loadCSS,Web libraries and frameworks
telegramdesktop/tdesktop,"3,027",791,C++,Telegram Desktop messaging app,https://github.com/telegramdesktop/tdesktop,Application software
ocornut/imgui,"3,026",341,C++,Bloat-free Immediate Mode Graphical User interface for C++ with minimal dependencies,https://github.com/ocornut/imgui,Software tools
kni-labs/rrssb,"3,025",373,HTML,Ridiculously Responsive Social Sharing Buttons,https://github.com/kni-labs/rrssb,Web libraries and frameworks
fzaninotto/uptime,"3,024",572,JavaScript,"A remote monitoring application using Node.js, MongoDB, and Twitter Bootstrap.",https://github.com/fzaninotto/uptime,Software tools
RubyLouvre/avalon,"3,024","1,090",JavaScript,"A lightweight,high-performance and easy-to-learn javascript MVVM framework",https://github.com/RubyLouvre/avalon,Web libraries and frameworks
prerender/prerender,"3,023",442,JavaScript,Node server that uses phantomjs to render a javascript-rendered page as HTML. To be used in conjunction with prerender middleware.,https://github.com/prerender/prerender,Software tools
tinymce/tinymce,"3,023",943,JavaScript,TinyMCE is a platform independent web based Javascript HTML WYSIWYG editor control released as Open Source under LGPL.,https://github.com/tinymce/tinymce,Web libraries and frameworks
gaearon/react-transform-boilerplate,"3,023",364,JavaScript,"A new Webpack boilerplate with hot reloading React components, and error handling on module and component level.",https://github.com/gaearon/react-transform-boilerplate,Web libraries and frameworks
quantopian/zipline,"3,021",887,Python,"Zipline, a Pythonic Algorithmic Trading Library",https://github.com/quantopian/zipline,Non-web libraries and frameworks
nemoTyrant/manong,"3,019",717,PLSQL,码农周刊整理,https://github.com/nemoTyrant/manong,Documentation
TalAter/annyang,"3,018",416,JavaScript,:speech_balloon: Speech recognition for your site.,https://github.com/TalAter/annyang,Web libraries and frameworks
AlloyTeam/Mars,"3,016",959,HTML,腾讯移动Web前端知识库,https://github.com/AlloyTeam/Mars,Documentation
zenazn/goji,"3,015",201,Go,Goji is a minimalistic web framework for Golang that's high in antioxidants.,https://github.com/zenazn/goji,Web libraries and frameworks
touchstonejs/touchstonejs,"3,011",157,CSS,Mobile App Framework powered by React,https://github.com/touchstonejs/touchstonejs,Web libraries and frameworks
jgm/CommonMark,"3,011",167,Python,"CommonMark spec, with reference implementations in C and JavaScript",https://github.com/jgm/CommonMark,Web libraries and frameworks
Automattic/node-canvas,"3,009",463,C++,Node canvas is a Cairo backed Canvas implementation for NodeJS.,https://github.com/Automattic/node-canvas,Web libraries and frameworks
SeleniumHQ/selenium,"3,008","1,612",JavaScript,A browser automation framework and ecosystem.,https://github.com/SeleniumHQ/selenium,Web libraries and frameworks
dropbox/godropbox,"3,007",266,Go,Common libraries for writing Go services/applications.,https://github.com/dropbox/godropbox,Documentation
nsf/gocode,"3,006",342,Go,An autocompletion daemon for the Go programming language,https://github.com/nsf/gocode,Software tools
kennethreitz/osx-gcc-installer,"3,003",188,Python,GCC Installer for OSX! Without Xcode!,https://github.com/kennethreitz/osx-gcc-installer,Software tools
shower/shower,"3,003",388,HTML,Shower HTML presentation engine,https://github.com/shower/shower,Web libraries and frameworks
timothycrosley/hug,"3,001",106,Python,"Embrace the APIs of the future. Hug aims to make developing APIs as simple as possible, but no simpler.",https://github.com/timothycrosley/hug,Web libraries and frameworks
jashkenas/docco,"3,001",524,CSS,Literate Programming can be Quick and Dirty.,https://github.com/jashkenas/docco,Software tools
fraywing/textAngular,"3,000",743,JavaScript,"A radically powerful Text-Editor/Wysiwyg editor for Angular.js! Create multiple editor instances, two-way-bind HTML content, watch editors for changes and more!",https://github.com/fraywing/textAngular,Web libraries and frameworks
horst3180/arc-theme,"2,998",151,CSS,A flat theme with transparent elements,https://github.com/horst3180/arc-theme,Web libraries and frameworks
rancher/rancher,"2,995",236,Shell,A Platform for Operating Docker in Production,https://github.com/rancher/rancher,System software
jonas/tig,"2,990",224,C,Text-mode interface for git,https://github.com/jonas/tig,Software tools
apache/storm,"2,989","2,251",Java,Mirror of Apache Storm,https://github.com/apache/storm,System software
IanLunn/Sequence,"2,988",474,JavaScript,"The responsive CSS animation framework for creating unique sliders, presentations, banners, and other step-based applications.",https://github.com/IanLunn/Sequence,Web libraries and frameworks
SocketCluster/socketcluster,"2,988",104,JavaScript,Highly scalable realtime microframework,https://github.com/SocketCluster/socketcluster,Non-web libraries and frameworks
chaplinjs/chaplin,"2,985",267,CoffeeScript,HTML5 application architecture using Backbone.js,https://github.com/chaplinjs/chaplin,Web libraries and frameworks
coursera-dl/coursera-dl,"2,985","1,018",HTML,Script for downloading Coursera.org videos and naming them.,https://github.com/coursera-dl/coursera-dl,Application software
overtone/overtone,"2,985",306,Clojure,Collaborative Programmable Music,https://github.com/overtone/overtone,Non-web libraries and frameworks
geeeeeeeeek/WeChatLuckyMoney,"2,983","1,032",Java,":moneybag: 微信抢红包插件, 帮助你在微信群聊抢红包时战无不胜. An Android app that helps you snatch virtual red envelopes in WeChat group chat.",https://github.com/geeeeeeeeek/WeChatLuckyMoney,Application software
doctrine/doctrine2,"2,982","1,468",PHP,Doctrine 2 Object Relational Mapper (ORM),https://github.com/doctrine/doctrine2,Non-web libraries and frameworks
workshopper/learnyounode,"2,982",853,HTML,Learn You The Node.js For Much Win! An intro to Node.js via a set of self-guided workshops.,https://github.com/workshopper/learnyounode,Documentation
barryvdh/laravel-ide-helper,"2,982",342,PHP,Laravel IDE Helper,https://github.com/barryvdh/laravel-ide-helper,Software tools
Respect/Validation,"2,982",446,PHP,The most awesome validation engine ever created for PHP,https://github.com/Respect/Validation,Non-web libraries and frameworks
mzabriskie/axios,"2,981",192,JavaScript,Promise based HTTP client for the browser and node.js,https://github.com/mzabriskie/axios,Web libraries and frameworks
jquery/jquery-mousewheel,"2,979","1,152",JavaScript,A jQuery plugin that adds cross-browser mouse wheel support.,https://github.com/jquery/jquery-mousewheel,Web libraries and frameworks
google/ExoPlayer,"2,978","1,119",Java,An extensible media player for Android,https://github.com/google/ExoPlayer,Non-web libraries and frameworks
indexzero/http-server,"2,978",412,JavaScript,a simple zero-configuration command-line http server,https://github.com/indexzero/http-server,System software
leanote/leanote,"2,977",726,JavaScript,Not Just A Notepad! (golang + mongodb) http://leanote.org,https://github.com/leanote/leanote,Application software
dmytrodanylyk/circular-progress-button,"2,976",776,Java,Android Circular Progress Button,https://github.com/dmytrodanylyk/circular-progress-button,Web libraries and frameworks
18F/web-design-standards,"2,975",335,JavaScript,Open source UI components and visual style guide for U.S. government websites,https://github.com/18F/web-design-standards,Web libraries and frameworks
mozbrick/brick,"2,974",221,JavaScript,UI Web Components for Modern Web Apps,https://github.com/mozbrick/brick,Web libraries and frameworks
GumbyFramework/Gumby,"2,973",522,CSS,"A Flexible, Responsive CSS Framework - Powered by Sass",https://github.com/GumbyFramework/Gumby,Web libraries and frameworks
epeli/underscore.string,"2,972",372,JavaScript,String manipulation helpers for javascript,https://github.com/epeli/underscore.string,Non-web libraries and frameworks
jonom/jquery-focuspoint,"2,972",193,HTML,jQuery plugin for 'responsive cropping'. Dynamically crop images to fill available space without cutting out the image's subject. Great for full-screen images.,https://github.com/jonom/jquery-focuspoint,Web libraries and frameworks
felixge/node-formidable,"2,968",464,JavaScript,"A node.js module for parsing form data, especially file uploads.",https://github.com/felixge/node-formidable,Non-web libraries and frameworks
castorflex/SmoothProgressBar,"2,968",908,Java,A small Android library allowing you to have a smooth and customizable horizontal indeterminate ProgressBar,https://github.com/castorflex/SmoothProgressBar,Web libraries and frameworks
mjmlio/mjml,"2,967",152,JavaScript,MJML: the only framework that makes responsive-email easy,https://github.com/mjmlio/mjml,Web libraries and frameworks
julienschmidt/httprouter,"2,967",259,Go,A high performance HTTP request router that scales well,https://github.com/julienschmidt/httprouter,Web libraries and frameworks
mrdoob/stats.js,"2,964",376,HTML,JavaScript Performance Monitor,https://github.com/mrdoob/stats.js,Web libraries and frameworks
mina-deploy/mina,"2,964",304,Ruby,Really fast deployer and server automation tool.,https://github.com/mina-deploy/mina,Software tools
pagespeed/ngx_pagespeed,"2,964",220,C++,Automatic PageSpeed optimization module for Nginx,https://github.com/pagespeed/ngx_pagespeed,Software tools
pixelsign/html5-device-mockups,"2,962",273,HTML,"HTML5 mockups of popular devices, to showcase your portfolio and spice up your website.",https://github.com/pixelsign/html5-device-mockups,Documentation
plusjade/jekyll-bootstrap,"2,961","1,810",Ruby,The quickest way to start and publish your Jekyll powered blog. 100% compatible with GitHub pages.,https://github.com/plusjade/jekyll-bootstrap,Application software
pyupio/statuspage,"2,958",83,Python,A statuspage generator that lets you host your statuspage for free on Github.,https://github.com/pyupio/statuspage,Software tools
defunkt/dotjs,"2,958",339,Ruby,"~/.js — No longer maintained, sorry.",https://github.com/defunkt/dotjs,Application software
aurajs/aura,"2,957",268,JavaScript,"A scalable, event-driven JavaScript architecture for developing component-based applications.",https://github.com/aurajs/aura,Non-web libraries and frameworks
codelucas/newspaper,"2,956",398,Python,"News, full-text, and article metadata extraction in Python 3",https://github.com/codelucas/newspaper,Non-web libraries and frameworks
reinderien/mimic,"2,954",89,Python,[ab]using Unicode to create tragedy,https://github.com/reinderien/mimic,Software tools
react-toolbox/react-toolbox,"2,952",218,JavaScript,A set of React components implementing Google's Material Design specification with the power of CSS Modules,https://github.com/react-toolbox/react-toolbox,Web libraries and frameworks
mozilla-services/heka,"2,952",451,Go,Data collection and processing made easy.,https://github.com/mozilla-services/heka,Software tools
viljamis/ResponsiveSlides.js,"2,949","1,409",JavaScript,Simple & lightweight responsive slider plugin (in 1kb),https://github.com/viljamis/ResponsiveSlides.js,Web libraries and frameworks
Freeboard/freeboard,"2,949",497,JavaScript,"A damn-sexy, open source real-time dashboard builder for IOT and other web mashups. A free open-source alternative to Geckoboard.",https://github.com/Freeboard/freeboard,Application software
zhukov/webogram,"2,945",939,JavaScript,"Telegram web application, GPL v3",https://github.com/zhukov/webogram,Application software
chjj/tty.js,"2,944",365,JavaScript,"A terminal for your browser, using node/express/socket.io",https://github.com/chjj/tty.js,Application software
tweenjs/tween.js,"2,944",473,JavaScript,Javascript tweening engine,https://github.com/tweenjs/tween.js,Web libraries and frameworks
xhzengAIB/MessageDisplayKit,"2,943",930,Objective-C,"An IM App like WeChat App has to send text, pictures, audio, video, location messaging, managing local address book, share a circle of friends, drifting friends, shake a fun and more interesting features.",https://github.com/xhzengAIB/MessageDisplayKit,Application software
gimenete/iOS-boilerplate,"2,942",528,Objective-C,iOS-app template with lots of common tasks solved,https://github.com/gimenete/iOS-boilerplate,Non-web libraries and frameworks
ant-design/ant-design,"2,942",486,CSS,:ant: A design language,https://github.com/ant-design/ant-design,Web libraries and frameworks
lockitron/selfstarter,"2,941","1,648",Ruby,Roll your own crowdfunding,https://github.com/lockitron/selfstarter,Application software
auduno/headtrackr,"2,938",398,JavaScript,Javascript library for headtracking via webcam and WebRTC/getUserMedia,https://github.com/auduno/headtrackr,Web libraries and frameworks
typicode/lowdb,"2,938",100,JavaScript,An extendable JSON database for Node and the browser powered by lodash,https://github.com/typicode/lowdb,Non-web libraries and frameworks
slap-editor/slap,"2,937",113,JavaScript,Sublime-like terminal-based text editor,https://github.com/slap-editor/slap,Application software
boctor/idev-recipes,"2,936",996,Objective-C,Open source code for the idevrecipes.com blog,https://github.com/boctor/idev-recipes,Application software
realm/jazzy,"2,935",125,Ruby,Soulful docs for Swift & Objective-C,https://github.com/realm/jazzy,Software tools
singwhatiwanna/dynamic-load-apk,"2,935","1,338",Java,DL : dynamic load framework in android,https://github.com/singwhatiwanna/dynamic-load-apk,Non-web libraries and frameworks
mamaral/Neon,"2,934",231,Swift,A powerful Swift programmatic UI layout framework.,https://github.com/mamaral/Neon,Non-web libraries and frameworks
madhums/node-express-mongoose-demo,"2,931",899,JavaScript,"A simple demo app in node.js using express, mongoose, passport.js for beginners",https://github.com/madhums/node-express-mongoose-demo,Documentation
crsmithdev/arrow,"2,929",247,Python,Better dates & times for Python,https://github.com/crsmithdev/arrow,Non-web libraries and frameworks
Voog/wysihtml,"2,929",237,JavaScript,Open source rich text editor for the modern web,https://github.com/Voog/wysihtml,Web libraries and frameworks
p8952/bocker,"2,928",145,Shell,Docker implemented in around 100 lines of bash,https://github.com/p8952/bocker,Software tools
burke/zeus,"2,928",174,Go,Boot any rails app in under a second.,https://github.com/burke/zeus,Software tools
haml/haml,"2,927",470,Ruby,HTML Abstraction Markup Language - A Markup Haiku,https://github.com/haml/haml,Web libraries and frameworks
tildeio/rsvp.js,"2,927",207,JavaScript,A lightweight library that provides tools for organizing asynchronous code,https://github.com/tildeio/rsvp.js,Non-web libraries and frameworks
hootsuite/grid,"2,924",188,JavaScript,"Drag and drop library for two-dimensional, resizable and responsive lists",https://github.com/hootsuite/grid,Web libraries and frameworks
kdzwinel/betwixt,"2,923",57,JavaScript,:zap: Web Debugging Proxy based on Chrome DevTools Network panel.,https://github.com/kdzwinel/betwixt,Web libraries and frameworks
django-tastypie/django-tastypie,"2,922","1,026",Python,Creating delicious APIs for Django apps since 2010.,https://github.com/django-tastypie/django-tastypie,Non-web libraries and frameworks
webscalesql/webscalesql-5.6,"2,922",359,C++,"WebScaleSQL, Version 5.6, based upon the MySQL-5.6 community releases.",https://github.com/webscalesql/webscalesql-5.6,System software
benoitc/gunicorn,"2,920",614,Python,"gunicorn 'Green Unicorn' is a WSGI HTTP Server for UNIX, fast clients and sleepy applications.",https://github.com/benoitc/gunicorn,Software tools
philsquared/Catch,"2,919",412,C++,"A modern, C++-native, header-only, framework for unit-tests, TDD and BDD",https://github.com/philsquared/Catch,Non-web libraries and frameworks
doorkeeper-gem/doorkeeper,"2,918",584,Ruby,Doorkeeper is an OAuth 2 provider for Rails and Grape,https://github.com/doorkeeper-gem/doorkeeper,Web libraries and frameworks
Varying-Vagrant-Vagrants/VVV,"2,917",586,Shell,Varying Vagrant Vagrants is an open source Vagrant configuration focused on WordPress development.,https://github.com/Varying-Vagrant-Vagrants/VVV,Software tools
johnno1962/injectionforxcode,"2,915",253,Objective-C,Runtime Code Injection for Objective-C & Swift,https://github.com/johnno1962/injectionforxcode,Software tools
arsduo/koala,"2,914",391,Ruby,"A lightweight, flexible library for Facebook with support for OAuth authentication, the Graph and REST APIs, realtime updates, and test users.",https://github.com/arsduo/koala,Web libraries and frameworks
sparklemotion/mechanize,"2,913",362,Ruby,Mechanize is a ruby library that makes automated web interaction easy.,https://github.com/sparklemotion/mechanize,Web libraries and frameworks
kristoferjoseph/flexboxgrid,"2,912",310,HTML,Grid based on CSS3 flexbox,https://github.com/kristoferjoseph/flexboxgrid,Web libraries and frameworks
balloob/home-assistant,"2,911",540,Python,:house_with_garden: Open-source home automation platform running on Python 3,https://github.com/balloob/home-assistant,Non-web libraries and frameworks
JamesNK/Newtonsoft.Json,"2,911","1,237",C#,Json.NET is a popular high-performance JSON framework for .NET,https://github.com/JamesNK/Newtonsoft.Json,Non-web libraries and frameworks
lifesinger/blog,"2,911",570,HTML,岁月如歌,https://github.com/lifesinger/blog,Documentation
mwaskom/seaborn,"2,908",402,Python,Statistical data visualization using matplotlib,https://github.com/mwaskom/seaborn,Non-web libraries and frameworks
dmlc/xgboost,"2,907","1,636",C++,"Scalable, Portable and Distributed Gradient Boosting (GBDT, GBRT or GBM) Library, for Python, R, Java, Scala, C++ and more. Runs on single machine, Hadoop, Spark, Flink and DataFlow",https://github.com/dmlc/xgboost,Non-web libraries and frameworks
kolodny/exercises,"2,903",373,JavaScript,Some basic javascript coding challenges and interview questions,https://github.com/kolodny/exercises,Documentation
cymcsg/UltimateRecyclerView,"2,899",687,Java,"A RecyclerView(advanced and flexible version of ListView in Android) with refreshing,loading more,animation and many other features.",https://github.com/cymcsg/UltimateRecyclerView,Non-web libraries and frameworks
klen/python-mode,"2,899",604,Python,"Vim python-mode. PyLint, Rope, Pydoc, breakpoints from box.",https://github.com/klen/python-mode,Application software
senchalabs/jQTouch,"2,899",646,CSS,"Create powerful mobile apps with just HTML, CSS, and Zepto.js (or jQuery).",https://github.com/senchalabs/jQTouch,Web libraries and frameworks
sloria/TextBlob,"2,898",342,Python,"Simple, Pythonic, text processing--Sentiment analysis, part-of-speech tagging, noun phrase extraction, translation, and more.",https://github.com/sloria/TextBlob,Non-web libraries and frameworks
cujojs/when,"2,897",358,JavaScript,"A solid, fast Promises/A+ and when() implementation, plus other async goodies.",https://github.com/cujojs/when,Non-web libraries and frameworks
zmoazeni/csscss,"2,897",149,Ruby,A CSS redundancy analyzer that analyzes redundancy.,https://github.com/zmoazeni/csscss,Software tools
peco/peco,"2,897",97,Go,Simplistic interactive filtering tool,https://github.com/peco/peco,Software tools
InterNations/antwort,"2,895",658,HTML,Beautiful responsive email templates with code as beautiful as email templates can be,https://github.com/InterNations/antwort,Documentation
tapmodo/Jcrop,"2,895",713,CSS,Jcrop (official) - Image Cropping Plugin for jQuery,https://github.com/tapmodo/Jcrop,Web libraries and frameworks
mathjax/MathJax,"2,894",466,JavaScript,Beautiful math in all browsers,https://github.com/mathjax/MathJax,Web libraries and frameworks
micropython/micropython,"2,893",583,C,MicroPython - a lean and efficient Python implementation for microcontrollers and constrained systems,https://github.com/micropython/micropython,Non-web libraries and frameworks
google/lmctfy,"2,891",211,C++,"lmctfy is the open source version of Google’s container stack, which provides Linux application containers.",https://github.com/google/lmctfy,Software tools
gliderlabs/docker-alpine,"2,888",130,Shell,Alpine Linux Docker image. Win at minimalism!,https://github.com/gliderlabs/docker-alpine,Software tools
PrismJS/prism,"2,888",408,JavaScript,"Lightweight, robust, elegant syntax highlighting.",https://github.com/PrismJS/prism,Web libraries and frameworks
facebook/componentkit,"2,887",289,Objective-C++,A React-inspired view framework for iOS.,https://github.com/facebook/componentkit,Non-web libraries and frameworks
assemble/assemble,"2,887",192,JavaScript,"Static site generator for Node.js, Grunt.js, and Yeoman and Gulp. Render templates with Handlebars, Lo-Dash or any template engine. Used by Less.js / lesscss.org, Topcoat, Web Experience Toolkit, and hundreds of other projects to build sites, themes, components, documentation, blogs and gh-pages.",https://github.com/assemble/assemble,Application software
karpathy/char-rnn,"2,882",690,Lua,"Multi-layer Recurrent Neural Networks (LSTM, GRU, RNN) for character-level language models in Torch",https://github.com/karpathy/char-rnn,Non-web libraries and frameworks
FontCustom/fontcustom,"2,881",358,Ruby,Generate custom icon webfonts from the comfort of the command line.,https://github.com/FontCustom/fontcustom,Software tools
mnutt/hummingbird,"2,879",339,JavaScript,Real time web analytics using node.js and web sockets,https://github.com/mnutt/hummingbird,Software tools
ChenYilong/iOSInterviewQuestions,"2,879",891,Objective-C,iOS面试题集锦（附答案）--学习交流群541317935,https://github.com/ChenYilong/iOSInterviewQuestions,Documentation
shipitjs/shipit,"2,875",90,JavaScript,Universal automation and deployment tool written in JavaScript.,https://github.com/shipitjs/shipit,Software tools
aspnet/Mvc,"2,873","1,140",C#,"Model view controller framework for building dynamic web sites with clean separation of concerns, including the merged MVC, Web API, and Web Pages w/ Razor.",https://github.com/aspnet/Mvc,Web libraries and frameworks
MugunthKumar/MKNetworkKit,"2,872",832,Objective-C,Modern NSURLSession based Networking Framework with built in authentication and HTTP 1.1 caching standards support for iOS 8+ devices,https://github.com/MugunthKumar/MKNetworkKit,Software tools
blueimp/Bootstrap-Image-Gallery,"2,870",991,HTML,"Bootstrap Image Gallery is an extension to blueimp Gallery, a touch-enabled, responsive and customizable image and video gallery. It displays images and videos in the modal dialog of the Bootstrap framework, features swipe, mouse and keyboard navigation, transition effects, fullscreen support and on-demand content loading and can be extended to display additional content types.",https://github.com/blueimp/Bootstrap-Image-Gallery,Non-web libraries and frameworks
vcr/vcr,"2,866",321,Ruby,"Record your test suite's HTTP interactions and replay them during future test runs for fast, deterministic, accurate tests.",https://github.com/vcr/vcr,Software tools
utom/sketch-measure,"2,866",217,JavaScript,A measure tool for measurements & design specs.,https://github.com/utom/sketch-measure,Application software
commonsguy/cw-omnibus,"2,866","2,680",HTML,Source code to omnibus edition of _The Busy Coder's Guide to Android Development_,https://github.com/commonsguy/cw-omnibus,Documentation
felixge/node-style-guide,"2,866",647,JavaScript,A guide for styling your node.js / JavaScript code. Fork & adjust to your taste.,https://github.com/felixge/node-style-guide,Documentation
manuelkiessling/nodebeginner.org,"2,866","1,394",HTML,A comprehensive Node.js tutorial for beginners,https://github.com/manuelkiessling/nodebeginner.org,Documentation
fat/zoom.js,"2,864",172,JavaScript,Medium's Image Zoom for jQuery,https://github.com/fat/zoom.js,Web libraries and frameworks
JakeWharton/hugo,"2,861",227,Java,Annotation-triggered method call logging for your debug builds.,https://github.com/JakeWharton/hugo,Non-web libraries and frameworks
scottschiller/SoundManager2,"2,860",575,JavaScript,"A JavaScript Sound API supporting MP3, MPEG4 and HTML5 audio + RTMP, providing reliable cross-browser/platform audio control in as little as 12 KB. BSD licensed.",https://github.com/scottschiller/SoundManager2,Web libraries and frameworks
progrium/localtunnel,"2,859",221,Go,Expose localhost servers to the Internet,https://github.com/progrium/localtunnel,Software tools
orangeduck/Cello,"2,859",209,C,Higher level programming in C,https://github.com/orangeduck/Cello,Non-web libraries and frameworks
gka/chroma.js,"2,858",242,CoffeeScript,JavaScript library for all kinds of color manipulations,https://github.com/gka/chroma.js,Web libraries and frameworks
airbnb/aerosolve,"2,857",312,Java,A machine learning package built for humans.,https://github.com/airbnb/aerosolve,Non-web libraries and frameworks
goatslacker/alt,"2,857",281,JavaScript,Isomorphic flux implementation,https://github.com/goatslacker/alt,Web libraries and frameworks
gudh/ihover,"2,856",828,HTML,"iHover is a collection of hover effects using pure CSS, inspired by codrops article, powered by Sass.",https://github.com/gudh/ihover,Web libraries and frameworks
adrai/flowchart.js,"2,855",324,JavaScript,Draws simple SVG flow chart diagrams from textual representation of the diagram,https://github.com/adrai/flowchart.js,Web libraries and frameworks
apache/kafka,"2,853","1,726",Java,Mirror of Apache Kafka,https://github.com/apache/kafka,System software
jondot/graphene,"2,853",230,CSS,Graphene is a realtime dashboard & graphing toolkit based on D3 and Backbone.,https://github.com/jondot/graphene,Web libraries and frameworks
ansible/ansible-examples,"2,852","1,056",Shell,"A few starter examples of ansible playbooks, to show features and how they work together. See http://galaxy.ansible.com for example roles from the Ansible community for deploying many popular applications.",https://github.com/ansible/ansible-examples,Documentation
quirkey/sammy,"2,851",352,JavaScript,"Sammy is a tiny javascript framework built on top of jQuery, It's RESTful Evented Javascript.",https://github.com/quirkey/sammy,Web libraries and frameworks
coryhouse/react-slingshot,"2,850",226,JavaScript,"React + Redux starter kit with Babel, hot reloading, testing, linting and a working example app, all built in",https://github.com/coryhouse/react-slingshot,Web libraries and frameworks
arut/nginx-rtmp-module,"2,848",826,C,NGINX-based Media Streaming Server,https://github.com/arut/nginx-rtmp-module,System software
alibaba/AndFix,"2,847",756,C++,AndFix is a library that offer hot-fix for Android App.,https://github.com/alibaba/AndFix,Non-web libraries and frameworks
weavejester/compojure,"2,847",199,Clojure,A concise routing library for Ring/Clojure,https://github.com/weavejester/compojure,Web libraries and frameworks
ipselon/structor,"2,845",112,JavaScript,User interface builder for React,https://github.com/ipselon/structor,Web libraries and frameworks
wbond/package_control,"2,844",443,Python,The Sublime Text package manager,https://github.com/wbond/package_control,Application software
ImageOptim/ImageOptim,"2,839",141,HTML,GUI image optimizer for Mac,https://github.com/ImageOptim/ImageOptim,Application software
JetBrains/intellij-community,"2,837","1,241",Java,IntelliJ IDEA Community Edition,https://github.com/JetBrains/intellij-community,Software tools
nylas/sync-engine,"2,837",239,Python,:incoming_envelope: IMAP/SMTP sync system with modern APIs,https://github.com/nylas/sync-engine,System software
stefanpenner/es6-promise,"2,837",166,JavaScript,A polyfill for ES6-style Promises,https://github.com/stefanpenner/es6-promise,Web libraries and frameworks
BlackrockDigital/startbootstrap-sb-admin-2,"2,837","1,422",HTML,"A free, open source, Bootstrap admin theme created by Start Bootstrap",https://github.com/BlackrockDigital/startbootstrap-sb-admin-2,Web libraries and frameworks
bbatsov/prelude,"2,836","1,288",Emacs Lisp,Prelude is an enhanced Emacs 24 distribution that should make your experience with Emacs both more pleasant and more powerful.,https://github.com/bbatsov/prelude,Software tools
dmauro/Keypress,"2,835",282,CoffeeScript,A keyboard input capturing utility in which any key can be a modifier key.,https://github.com/dmauro/Keypress,Web libraries and frameworks
Xfennec/progress,"2,835",161,C,"Linux tool to show progress for cp, mv, dd, ... (formerly known as cv)",https://github.com/Xfennec/progress,Application software
rigoneri/syte,"2,835",581,JavaScript,"A really simple but powerful packaged personal site that has social integrations like twitter, github, dribbble, instagram, foursquare, tumblr, wordpress, linkedin, spotify/last.fm, and much more...",https://github.com/rigoneri/syte,Application software
ember-cli/ember-cli,"2,832",820,JavaScript,,https://github.com/ember-cli/ember-cli,Software tools
jxnblk/loading,"2,832",181,CSS,This could take a while,https://github.com/jxnblk/loading,Web libraries and frameworks
balderdashy/waterline,"2,831",388,JavaScript,"An adapter-based ORM for Node.js with support for mysql, mongo, postgres, redis, and more",https://github.com/balderdashy/waterline,Non-web libraries and frameworks
brianchirls/Seriously.js,"2,830",210,JavaScript,"A real-time, node-based video effects compositor for the web built with HTML5, Javascript and WebGL",https://github.com/brianchirls/Seriously.js,Application software
AlexNisnevich/untrusted,"2,828",568,JavaScript,A meta-JavaScript adventure game by Alex Nisnevich and Greg Shuflin.,https://github.com/AlexNisnevich/untrusted,Application software
layervault/psd.rb,"2,827",195,Ruby,Parse Photoshop files in Ruby with ease,https://github.com/layervault/psd.rb,Non-web libraries and frameworks
graphite-project/graphite-web,"2,827",851,JavaScript,A highly scalable real-time graphing system,https://github.com/graphite-project/graphite-web,Web libraries and frameworks
facebook/augmented-traffic-control,"2,827",395,Python,Augmented Traffic Control: A tool to simulate network conditions,https://github.com/facebook/augmented-traffic-control,Software tools
curl/curl,"2,826",999,C,"Curl is a tool and libcurl is a library for transferring data with URL syntax, supporting FTP, FTPS, HTTP, HTTPS, GOPHER, TFTP, SCP, SFTP, TELNET, DICT, LDAP, LDAPS, FILE, IMAP, SMTP, POP3, RTSP and RTMP. libcurl offers a myriad of powerful features",https://github.com/curl/curl,Software tools
inorganik/countUp.js,"2,826",412,HTML,Animates a numerical value by counting to it,https://github.com/inorganik/countUp.js,Web libraries and frameworks
rengwuxian/MaterialEditText,"2,825",592,Java,EditText in Material Design,https://github.com/rengwuxian/MaterialEditText,Non-web libraries and frameworks
visionmedia/debug,"2,823",264,JavaScript,tiny node.js & browser debugging utility for your libraries and applications,https://github.com/visionmedia/debug,Software tools
Aerolab/midnight.js,"2,823",305,JavaScript,A jQuery plugin to switch fixed headers on the fly,https://github.com/Aerolab/midnight.js,Web libraries and frameworks
alfredxing/brick,"2,823",103,HTML,Webfonts that actually look good.,https://github.com/alfredxing/brick,Web libraries and frameworks
evant/gradle-retrolambda,"2,820",245,Groovy,"A gradle plugin for getting java lambda support in java 6, 7 and android",https://github.com/evant/gradle-retrolambda,Non-web libraries and frameworks
RailsApps/rails-composer,"2,820",418,Ruby,Rails Composer. The Rails generator on steroids for starter apps.,https://github.com/RailsApps/rails-composer,Software tools
codemix/fast.js,"2,818",106,JavaScript,Faster user-land reimplementations for several common builtin native JavaScript functions.,https://github.com/codemix/fast.js,Non-web libraries and frameworks
shadowsocks/shadowsocks-iOS,"2,818","1,814",Objective-C,Removed according to regulations.,https://github.com/shadowsocks/shadowsocks-iOS,Non-web libraries and frameworks
mattt/Surge,"2,817",222,Swift,"A Swift library that uses the Accelerate framework to provide high-performance functions for matrix math, digital signal processing, and image manipulation.",https://github.com/mattt/Surge,Non-web libraries and frameworks
WickyNilliams/enquire.js,"2,817",237,JavaScript,Awesome Media Queries in JavaScript,https://github.com/WickyNilliams/enquire.js,Web libraries and frameworks
dcloudio/mui,"2,817","1,364",JavaScript,最接近原生APP体验的高性能框架,https://github.com/dcloudio/mui,Application software
pattern-lab/patternlab-php,"2,816",499,PHP,The PHP version of Pattern Lab,https://github.com/pattern-lab/patternlab-php,Application software
willianjusten/awesome-svg,"2,815",229,Ruby,A curated list of SVG.,https://github.com/willianjusten/awesome-svg,Documentation
sinonjs/sinon,"2,815",415,JavaScript,"Test spies, stubs and mocks for JavaScript.",https://github.com/sinonjs/sinon,Web libraries and frameworks
facebook/PathPicker,"2,814",150,Python,"PathPicker accepts a wide range of input -- output from git commands, grep results, searches -- pretty much anything.\n\nAfter parsing the input, PathPicker presents you with a nice UI to select which files you're interested in. After that you can open them in your favorite editor or execute arbitrary commands.",https://github.com/facebook/PathPicker,Software tools
copy/v86,"2,812",238,JavaScript,"x86 virtualization in JavaScript, running in your browser and NodeJS",https://github.com/copy/v86,Non-web libraries and frameworks
xmartlabs/Eureka,"2,811",194,Swift,Elegant iOS form builder in Swift 2,https://github.com/xmartlabs/Eureka,Non-web libraries and frameworks
miloyip/rapidjson,"2,809",788,C++,A fast JSON parser/generator for C++ with both SAX/DOM style API,https://github.com/miloyip/rapidjson,Non-web libraries and frameworks
aanand/git-up,"2,806",132,Ruby,"Stop using ""git pull"". Be polite.",https://github.com/aanand/git-up,Software tools
jspm/jspm-cli,"2,806",205,JavaScript,Package management CLI,https://github.com/jspm/jspm-cli,Software tools
jspahrsummers/libextobjc,"2,805",266,Objective-C,A Cocoa library to extend the Objective-C programming language.,https://github.com/jspahrsummers/libextobjc,Non-web libraries and frameworks
miguel-perez/smoothState.js,"2,803",318,CSS,Unobtrusive page transitions with jQuery.,https://github.com/miguel-perez/smoothState.js,Web libraries and frameworks
nvie/rq,"2,803",556,Python,Simple job queues for Python,https://github.com/nvie/rq,Non-web libraries and frameworks
keyboardsurfer/Crouton,"2,801",736,Java,Context sensitive notifications for Android,https://github.com/keyboardsurfer/Crouton,Non-web libraries and frameworks
chriskacerguis/codeigniter-restserver,"2,801","1,381",PHP,"A fully RESTful server implementation for CodeIgniter using one library, one config file and one controller.",https://github.com/chriskacerguis/codeigniter-restserver,Documentation
CanCanCommunity/cancancan,"2,798",273,Ruby,"Continuation of CanCan, the authorization Gem for Ruby on Rails.",https://github.com/CanCanCommunity/cancancan,Web libraries and frameworks
basscss/basscss,"2,798",183,JavaScript,Low-level CSS Toolkit,https://github.com/basscss/basscss,Web libraries and frameworks
emmetio/emmet,"2,797",346,CSS,The essential toolkit for web-developers,https://github.com/emmetio/emmet,Web libraries and frameworks
broofa/node-uuid,"2,796",244,JavaScript,Generate RFC-compliant UUIDs in JavaScript,https://github.com/broofa/node-uuid,Non-web libraries and frameworks
tumblr/TMCache,"2,796",376,Objective-C,Fast parallel object cache for iOS and OS X.,https://github.com/tumblr/TMCache,Non-web libraries and frameworks
ratchetphp/Ratchet,"2,795",357,PHP,Asynchronous WebSocket server,https://github.com/ratchetphp/Ratchet,Web libraries and frameworks
chaijs/chai,"2,792",269,JavaScript,BDD / TDD assertion framework for node.js and the browser that can be paired with any testing framework.,https://github.com/chaijs/chai,Non-web libraries and frameworks
creationix/js-git,"2,792",192,JavaScript,A JavaScript implementation of Git.,https://github.com/creationix/js-git,Software tools
mozilla/nunjucks,"2,791",247,JavaScript,"A powerful templating engine with inheritance, asynchronous control, and more (jinja2 inspired)",https://github.com/mozilla/nunjucks,Web libraries and frameworks
stephanenicolas/robospice,"2,791",560,Java,"Repo of the Open Source Android library : RoboSpice. RoboSpice is a modular android library that makes writing asynchronous long running tasks easy. It is specialized in network requests, supports caching and offers REST requests out-of-the box using extension modules.",https://github.com/stephanenicolas/robospice,Non-web libraries and frameworks
alikaragoz/MCSwipeTableViewCell,"2,790",420,Objective-C,:point_up_2: Convenient UITableViewCell subclass that implements a swippable content to trigger actions (similar to the Mailbox app).,https://github.com/alikaragoz/MCSwipeTableViewCell,Non-web libraries and frameworks
google/end-to-end,"2,790",201,JavaScript,"End-To-End is a Chrome extension that helps you encrypt, decrypt, digital sign, and verify signed messages within the browser using OpenPGP.",https://github.com/google/end-to-end,Non-web libraries and frameworks
adamcaudill/Psychson,"2,787","1,050",C#,Phison 2251-03 (2303) Custom Firmware & Existing Firmware Patches (BadUSB),https://github.com/adamcaudill/Psychson,System software
ruby-concurrency/concurrent-ruby,"2,785",142,Ruby,"Modern concurrency tools including agents, futures, promises, thread pools, supervisors, and more. Inspired by Erlang, Clojure, Scala, Go, Java, JavaScript, and classic concurrency patterns.",https://github.com/ruby-concurrency/concurrent-ruby,Non-web libraries and frameworks
layerhq/Atlas-iOS,"2,784",354,Objective-C,Atlas is a library of native iOS communications user interface components for Layer.,https://github.com/layerhq/Atlas-iOS,Non-web libraries and frameworks
docpad/docpad,"2,784",231,CoffeeScript,"Empower your website frontends with layouts, meta-data, pre-processors (markdown, jade, coffeescript, etc.), partials, skeletons, file watching, querying, and an amazing plugin system. DocPad will streamline your web development process allowing you to craft full-featured websites quicker than ever before.",https://github.com/docpad/docpad,Web libraries and frameworks
reactjs/react-rails,"2,783",329,JavaScript,Ruby gem for automatically transforming JSX and using React in Rails.,https://github.com/reactjs/react-rails,Web libraries and frameworks
clappr/clappr,"2,778",288,JavaScript,:clapper: An extensible media player for the web,https://github.com/clappr/clappr,Web libraries and frameworks
mogujie/TeamTalk,"2,777","1,516",Objective-C,TeamTalk is a solution for enterprise IM,https://github.com/mogujie/TeamTalk,Application software
GoogleChrome/chromedeveditor,"2,777",377,Dart,"Chrome Dev Editor is a developer tool for building apps on the Chrome platform - Chrome Apps and Web Apps, in JavaScript or Dart.",https://github.com/GoogleChrome/chromedeveditor,Software tools
anijs/anijs,"2,775",355,JavaScript,A Library to Raise your Web Design without Coding.,https://github.com/anijs/anijs,Web libraries and frameworks
symless/synergy,"2,773",725,C,Share one mouse and keyboard between multiple computers on your desk.,https://github.com/symless/synergy,Application software
kripken/sql.js,"2,773",281,JavaScript,SQLite compiled to JavaScript through Emscripten,https://github.com/kripken/sql.js,Web libraries and frameworks
etsy/hound,"2,772",211,JavaScript,Lightning fast code searching made easy,https://github.com/etsy/hound,Software tools
jnordberg/wintersmith,"2,772",288,CoffeeScript,A flexible static site generator,https://github.com/jnordberg/wintersmith,Application software
yahoo/anthelion,"2,772",780,Java,Anthelion is a plugin for Apache Nutch to crawl semantic annotations within HTML pages,https://github.com/yahoo/anthelion,Non-web libraries and frameworks
txthinking/google-hosts,"2,769","1,304",Shell,Google hosts,https://github.com/txthinking/google-hosts,Documentation
omz/ColorSense-for-Xcode,"2,769",493,Objective-C,Plugin for Xcode to make working with colors more visual,https://github.com/omz/ColorSense-for-Xcode,Software tools
Hearst-DD/ObjectMapper,"2,768",263,Swift,Simple JSON Object mapping written in Swift,https://github.com/Hearst-DD/ObjectMapper,Non-web libraries and frameworks
openexchangerates/accounting.js,"2,767",262,JavaScript,"A lightweight JavaScript library for number, money and currency formatting - fully localisable, zero dependencies.",https://github.com/openexchangerates/accounting.js,Non-web libraries and frameworks
twitter/flockdb,"2,765",212,Scala,"A distributed, fault-tolerant graph database",https://github.com/twitter/flockdb,System software
AsyncHttpClient/async-http-client,"2,765",812,Java,Asynchronous Http and WebSocket Client library for Java,https://github.com/AsyncHttpClient/async-http-client,Web libraries and frameworks
sporritt/jsPlumb,"2,764",720,HTML,Visual connectivity for webapps,https://github.com/sporritt/jsPlumb,Web libraries and frameworks
numpy/numpy,"2,764","1,455",C,Numpy main repository,https://github.com/numpy/numpy,Non-web libraries and frameworks
jasperproject/jasper-client,"2,762",636,Python,Client code for Jasper voice computing platform,https://github.com/jasperproject/jasper-client,Non-web libraries and frameworks
pNre/ExSwift,"2,762",278,Swift,A set of Swift extensions for standard types and classes.,https://github.com/pNre/ExSwift,Non-web libraries and frameworks
trentm/node-bunyan,"2,760",228,JavaScript,a simple and fast JSON logging module for node.js services,https://github.com/trentm/node-bunyan,Non-web libraries and frameworks
jsbin/jsbin,"2,757",807,JavaScript,Collaborative JavaScript Debugging App,https://github.com/jsbin/jsbin,Software tools
JoelBesada/scrollpath,"2,755",508,JavaScript,A plugin for defining custom scroll paths.,https://github.com/JoelBesada/scrollpath,Web libraries and frameworks
rspec/rspec-rails,"2,755",551,Ruby,RSpec for Rails-3+,https://github.com/rspec/rspec-rails,Non-web libraries and frameworks
orhanobut/logger,"2,754",494,Java,"Simple, pretty and powerful logger for android",https://github.com/orhanobut/logger,Non-web libraries and frameworks
Yalantis/Side-Menu.Android,"2,754",954,Java,Side menu with some categories to choose.,https://github.com/Yalantis/Side-Menu.Android,Non-web libraries and frameworks
jakesgordon/javascript-state-machine,"2,753",406,JavaScript,A finite state machine javascript micro framework,https://github.com/jakesgordon/javascript-state-machine,Non-web libraries and frameworks
jhy/jsoup,"2,753",929,Java,"jsoup: Java HTML Parser, with best of DOM, CSS, and jquery",https://github.com/jhy/jsoup,Non-web libraries and frameworks
mutualmobile/MMWormhole,"2,752",199,Objective-C,Message passing between iOS apps and extensions.,https://github.com/mutualmobile/MMWormhole,Non-web libraries and frameworks
sympy/sympy,"2,752","1,418",Python,A computer algebra system written in pure Python,https://github.com/sympy/sympy,Non-web libraries and frameworks
toddmotto/echo,"2,750",335,JavaScript,Lazy-loading images with data-* attributes,https://github.com/toddmotto/echo,Web libraries and frameworks
kandanapp/kandan,"2,750",427,JavaScript,Kandan is an Open Source Alternative to HipChat,https://github.com/kandanapp/kandan,Application software
sindresorhus/screenfull.js,"2,750",281,JavaScript,Simple wrapper for cross-browser usage of the JavaScript Fullscreen API,https://github.com/sindresorhus/screenfull.js,Web libraries and frameworks
ianyh/Amethyst,"2,749",112,Objective-C,Automatic tiling window manager for OS X à la xmonad and i3.,https://github.com/ianyh/Amethyst,Non-web libraries and frameworks
adobe-fonts/source-han-sans,"2,748",316,Objective-J,Source Han Sans,https://github.com/adobe-fonts/source-han-sans,Software tools
acaudwell/Gource,"2,748",269,C++,software version control visualization,https://github.com/acaudwell/Gource,Software tools
kstenerud/iOS-Universal-Framework,"2,747",496,Python,"An XCode project template to build universal frameworks (arm7, arm7s, and simulator) for iOS / iPhone.",https://github.com/kstenerud/iOS-Universal-Framework,Non-web libraries and frameworks
riemann/riemann,"2,747",405,Clojure,"A network event stream processing system, in Clojure.",https://github.com/riemann/riemann,Software tools
s16h/py-must-watch,"2,747",220,HTML,Must-watch videos about Python,https://github.com/s16h/py-must-watch,Documentation
gss/engine,"2,747",116,JavaScript,GSS engine,https://github.com/gss/engine,Web libraries and frameworks
andlabs/ui,"2,746",171,Go,Platform-native GUI library for Go.,https://github.com/andlabs/ui,Non-web libraries and frameworks
avinassh/rockstar,"2,746",191,Python,Makes you a Rockstar C++ Programmer in 2 minutes,https://github.com/avinassh/rockstar,Documentation
artberri/sidr,"2,746",645,JavaScript,Sidr is a jQuery plugin for creating side menus and the easiest way for doing your menu responsive.,https://github.com/artberri/sidr,Web libraries and frameworks
avalanche123/Imagine,"2,744",437,PHP,PHP 5.3 Object Oriented image manipulation library,https://github.com/avalanche123/Imagine,Non-web libraries and frameworks
twitter-archive/kestrel,"2,743",303,Scala,"simple, distributed message queue system (inactive)",https://github.com/twitter-archive/kestrel,Software tools
fulldecent/system-bus-radio,"2,743",249,C,This program transmits radio on computers without radio transmitting hardware.,https://github.com/fulldecent/system-bus-radio,Application software
localtunnel/localtunnel,"2,740",191,JavaScript,expose yourself,https://github.com/localtunnel/localtunnel,Non-web libraries and frameworks
nicklockwood/FXForms,"2,739",340,Objective-C,"FXForms is an Objective-C library for easily creating table-based forms on iOS. It is ideal for settings pages, or user data entry tasks.",https://github.com/nicklockwood/FXForms,Non-web libraries and frameworks
raspberrypi/linux,"2,739","1,506",C,,https://github.com/raspberrypi/linux,System software
23/resumable.js,"2,739",336,JavaScript,"A JavaScript library for providing multiple simultaneous, stable, fault-tolerant and resumable/restartable uploads via the HTML5 File API.",https://github.com/23/resumable.js,Web libraries and frameworks
mholt/PapaParse,"2,738",296,JavaScript,Fast and powerful CSV (delimited text) parser that gracefully handles large files and malformed input,https://github.com/mholt/PapaParse,Non-web libraries and frameworks
donnemartin/saws,"2,738",94,Python,A supercharged AWS command line interface (CLI). http://bit.ly/git-saws,https://github.com/donnemartin/saws,Software tools
typhoeus/typhoeus,"2,738",311,Ruby,Typhoeus wraps libcurl in order to make fast and reliable requests.,https://github.com/typhoeus/typhoeus,Non-web libraries and frameworks
OnsenUI/OnsenUI,"2,735",404,JavaScript,HTML5 Hybrid Mobile App Framework with Material Design and Flat UI,https://github.com/OnsenUI/OnsenUI,Web libraries and frameworks
fogleman/Minecraft,"2,735",637,Python,Simple Minecraft-inspired program using Python and Pyglet,https://github.com/fogleman/Minecraft,Application software
zynga/scroller,"2,733",300,JavaScript,Accelerated panning and zooming for HTML and Canvas,https://github.com/zynga/scroller,Web libraries and frameworks
este/este,"2,733",300,JavaScript,"Dev stack and starter kit for functional and universal (browser, server, mobile) React apps",https://github.com/este/este,Web libraries and frameworks
thinkpixellab/flatland,"2,731",199,VimL,Flatland is a simple theme and accompanying color scheme for Sublime Text 2.,https://github.com/thinkpixellab/flatland,Application software
nim-lang/Nim,"2,731",367,Nimrod,"Nim (formerly known as ""Nimrod"") is a compiled, garbage-collected systems programming language which has an excellent productivity/performance ratio. Nim's design focuses on efficiency, expressiveness, elegance (in the order of priority).",https://github.com/nim-lang/Nim,System software
honcheng/PaperFold-for-iOS,"2,728",427,Objective-C,Paper folding animation for iOS,https://github.com/honcheng/PaperFold-for-iOS,Non-web libraries and frameworks
howdyai/botkit,"2,728",288,JavaScript,Botkit is a toolkit for making bot applications,https://github.com/howdyai/botkit,Non-web libraries and frameworks
flutter/flutter,"2,727",271,Dart,"Framework for building high-performance, high-fidelity iOS and Android apps",https://github.com/flutter/flutter,Non-web libraries and frameworks
uutils/coreutils,"2,727",240,Rust,Cross-platform Rust rewrite of the GNU coreutils,https://github.com/uutils/coreutils,Software tools
yuantiku/YTKNetwork,"2,726",773,Objective-C,YTKNetwork is a high level request util based on AFNetworking.,https://github.com/yuantiku/YTKNetwork,Non-web libraries and frameworks
falconry/falcon,"2,725",311,Python,"Falcon is a low-level, high-performance Python framework for building HTTP APIs, app backends, and higher-level frameworks.",https://github.com/falconry/falcon,Web libraries and frameworks
JuanPotato/Legofy,"2,724",163,Python,Make images look as if they are made out of 1x1 LEGO blocks,https://github.com/JuanPotato/Legofy,Application software
chocolatey/chocolatey,"2,722",317,PowerShell,"[DEPRECATED - https://github.com/chocolatey/choco] Chocolatey NuGet - Like apt-get, but for windows.",https://github.com/chocolatey/chocolatey,Software tools
gaearon/react-dnd,"2,722",236,JavaScript,Drag and Drop for React,https://github.com/gaearon/react-dnd,Web libraries and frameworks
frogermcs/InstaMaterial,"2,721",756,Java,Implementation of Instagram with Material Design (originally based on Emmanuel Pacamalan's concept),https://github.com/frogermcs/InstaMaterial,Application software
lojjic/PIE,"2,720",232,HTML,A behavior for Internet Explorer allowing it to recognize and render various CSS3 box decoration properties,https://github.com/lojjic/PIE,Web libraries and frameworks
bauerca/drag-sort-listview,"2,719","1,531",Java,Android ListView with drag and drop reordering.,https://github.com/bauerca/drag-sort-listview,Non-web libraries and frameworks
rentzsch/mogenerator,"2,719",367,Objective-C,Core Data code generation,https://github.com/rentzsch/mogenerator,Software tools
odewahn/docker-jumpstart,"2,719",123,CSS,A quick introduction to Docker,https://github.com/odewahn/docker-jumpstart,Documentation
mojotech/jeet,"2,718",270,CSS,"The most advanced, yet intuitive, grid system available for Sass or Stylus",https://github.com/mojotech/jeet,Web libraries and frameworks
square/android-times-square,"2,718",905,Java,Standalone Android widget for picking a single date from a calendar view.,https://github.com/square/android-times-square,Non-web libraries and frameworks
nicolasgramlich/AndEngine,"2,717","1,487",Java,Free Android 2D OpenGL Game Engine,https://github.com/nicolasgramlich/AndEngine,Non-web libraries and frameworks
jedisct1/libsodium,"2,716",333,C,A modern and easy-to-use crypto library.,https://github.com/jedisct1/libsodium,Non-web libraries and frameworks
iron/iron,"2,716",216,Rust,"An Extensible, Concurrent Web Framework for Rust",https://github.com/iron/iron,Web libraries and frameworks
thephpleague/flysystem,"2,715",281,PHP,Abstraction for local and remote filesystems,https://github.com/thephpleague/flysystem,Non-web libraries and frameworks
ealeksandrov/EAIntroView,"2,714",402,Objective-C,Highly customizable drop-in solution for introduction views.,https://github.com/ealeksandrov/EAIntroView,Non-web libraries and frameworks
stephencelis/SQLite.swift,"2,713",439,Swift,"A type-safe, Swift-language layer over SQLite3.",https://github.com/stephencelis/SQLite.swift,Non-web libraries and frameworks
daimajia/AndroidImageSlider,"2,711",924,Java,An amazing and convenient Android image slider.,https://github.com/daimajia/AndroidImageSlider,Non-web libraries and frameworks
openresty/lua-nginx-module,"2,711",596,C,Embed the Power of Lua into NGINX HTTP servers,https://github.com/openresty/lua-nginx-module,Software tools
astoilkov/jsblocks,"2,711",119,JavaScript,Better MV-ish Framework,https://github.com/astoilkov/jsblocks,Web libraries and frameworks
broccolijs/broccoli,"2,707",160,JavaScript,Browser compilation library – an asset pipeline for applications that run in the browser,https://github.com/broccolijs/broccoli,Web libraries and frameworks
ACRA/acra,"2,706",746,Java,Application Crash Reports for Android,https://github.com/ACRA/acra,Non-web libraries and frameworks
SFML/SFML,"2,706",600,C++,Simple and Fast Multimedia Library,https://github.com/SFML/SFML,Non-web libraries and frameworks
taigaio/taiga-back,"2,705",408,Python,Project management web application with scrum in mind! Built on top of Django and AngularJS (Backend Code),https://github.com/taigaio/taiga-back,Application software
Runscope/httpbin,"2,705",387,Python,"HTTP Request & Response Service, written in Python + Flask.",https://github.com/Runscope/httpbin,Web libraries and frameworks
airbnb/infinity,"2,704",284,JavaScript,UITableViews for the web.,https://github.com/airbnb/infinity,Web libraries and frameworks
justjavac/Google-IPs,"2,704","1,054",JavaScript,:us: Google 全球 IP 地址库,https://github.com/justjavac/Google-IPs,Documentation
ninjaprox/NVActivityIndicatorView,"2,703",225,Swift,Collection of nice loading animations,https://github.com/ninjaprox/NVActivityIndicatorView,Non-web libraries and frameworks
michaeldv/awesome_print,"2,702",218,Ruby,Pretty print your Ruby objects with style -- in full color and with proper indentation,https://github.com/michaeldv/awesome_print,Non-web libraries and frameworks
tj/ejs,"2,702",378,JavaScript,Embedded JavaScript templates for node,https://github.com/tj/ejs,Web libraries and frameworks
pypa/pip,"2,702","1,043",Python,The PyPA recommended tool for installing Python packages,https://github.com/pypa/pip,Software tools
yangyangwithgnu/use_vim_as_ide,"2,702",786,VimL,use vim as IDE,https://github.com/yangyangwithgnu/use_vim_as_ide,Software tools
Unknwon/the-way-to-go_ZH_CN,"2,702",942,Go,《The Way to Go》中文译本，中文正式名《Go入门指南》,https://github.com/Unknwon/the-way-to-go_ZH_CN,Documentation
KnuffApp/Knuff,"2,701",182,Objective-C,The debug application for Apple Push Notification Service (APNs).,https://github.com/KnuffApp/Knuff,Non-web libraries and frameworks
gaearon/normalizr,"2,701",74,JavaScript,Normalizes nested JSON according to a schema,https://github.com/gaearon/normalizr,Web libraries and frameworks
BorisMoore/jquery-tmpl,"2,696",792,JavaScript,"The original official jQuery Templates plugin. This project was maintained by the jQuery team as an official jQuery plugin. It is no longer in active development, and will be superseded by JsRender.",https://github.com/BorisMoore/jquery-tmpl,Web libraries and frameworks
fatfreecrm/fat_free_crm,"2,695","1,010",Ruby,Ruby on Rails CRM platform for Web 2.0 and beyond,https://github.com/fatfreecrm/fat_free_crm,Application software
mikeric/rivets,"2,694",243,JavaScript,Lightweight and powerful data binding + templating solution,https://github.com/mikeric/rivets,Web libraries and frameworks
ltebean/LTNavigationBar,"2,693",395,Objective-C,UINavigationBar Category which allows you to change its appearance dynamically,https://github.com/ltebean/LTNavigationBar,Non-web libraries and frameworks
twitter/twui,"2,693",269,Objective-C,A UI framework for Mac based on Core Animation,https://github.com/twitter/twui,Non-web libraries and frameworks
Marxon13/M13ProgressSuite,"2,692",349,Objective-C,A suite containing many tools to display progress information on iOS.,https://github.com/Marxon13/M13ProgressSuite,Non-web libraries and frameworks
padrino/padrino-framework,"2,692",450,Ruby,Padrino is a full-stack ruby framework built upon Sinatra.,https://github.com/padrino/padrino-framework,Web libraries and frameworks
rack/rack,"2,691","1,043",Ruby,a modular Ruby webserver interface,https://github.com/rack/rack,Software tools
mopidy/mopidy,"2,690",319,Python,"Mopidy is an extensible music server that plays music from local disk, Spotify, SoundCloud, Google Play Music, and more. You edit the playlist from any phone, tablet, or computer using a range of MPD and web clients.",https://github.com/mopidy/mopidy,Application software
kaushikgopal/RxJava-Android-Samples,"2,689",474,Java,Learning RxJava for Android by example,https://github.com/kaushikgopal/RxJava-Android-Samples,Documentation
jgilfelt/SystemBarTint,"2,685",797,Java,[DEPRECATED] Apply background tinting to the Android system UI when using KitKat translucent modes,https://github.com/jgilfelt/SystemBarTint,Non-web libraries and frameworks
Katee/quietnet,"2,685",184,Python,Simple chat program using inaudible sounds and a computer's microphone and speaker.,https://github.com/Katee/quietnet,Application software
mist64/xhyve,"2,685",120,C,"xhyve, a lightweight OS X virtualization solution",https://github.com/mist64/xhyve,System software
wp-cli/wp-cli,"2,684",542,PHP,A command line interface for WordPress,https://github.com/wp-cli/wp-cli,Software tools
fikovnik/ShiftIt,"2,682",241,Objective-C,Managing windows size and position in OSX,https://github.com/fikovnik/ShiftIt,Non-web libraries and frameworks
lokesh/lightbox2,"2,682","1,035",JavaScript,"The original lightbox script, now on Github!",https://github.com/lokesh/lightbox2,Web libraries and frameworks
Kinto/kinto,"2,681",130,Python,A minimalist JSON storage service with synchronisation and sharing abilities.,https://github.com/Kinto/kinto,System software
Microsoft/Windows-universal-samples,"2,680","2,356",JavaScript,API samples for the Universal Windows Platform.,https://github.com/Microsoft/Windows-universal-samples,Documentation
node-webot/wechat,"2,679",808,JavaScript,微信公共平台消息接口服务中间件,https://github.com/node-webot/wechat,Web libraries and frameworks
bolt/bolt,"2,679",618,PHP,"Bolt is a simple CMS written in PHP. It is based on Silex and Symfony components, uses Twig and either SQLite, MySQL or PostgreSQL.",https://github.com/bolt/bolt,Application software
coleifer/peewee,"2,677",459,Python,"a small, expressive orm -- supports postgresql, mysql and sqlite",https://github.com/coleifer/peewee,Non-web libraries and frameworks
visualfc/liteide,"2,676",398,C++,"LiteIDE is a simple, open source, cross-platform Go IDE.",https://github.com/visualfc/liteide,Software tools
Lokaltog/vim-powerline,"2,675",368,VimL,The ultimate vim statusline utility. DEPRECATED in favor of Lokaltog/powerline.,https://github.com/Lokaltog/vim-powerline,Application software
svenfuchs/rails-i18n,"2,674","1,768",Ruby,"Repository for collecting Locale data for Ruby on Rails I18n as well as other interesting, Rails related I18n stuff",https://github.com/svenfuchs/rails-i18n,Non-web libraries and frameworks
OpenRA/OpenRA,"2,671",913,C#,"Open Source real-time strategy game engine for early Westwood games such as Command & Conquer: Red Alert written in C# using SDL and OpenGL. Runs on Windows, Linux, *BSD and Mac OS X.",https://github.com/OpenRA/OpenRA,Non-web libraries and frameworks
django-extensions/django-extensions,"2,670",609,Python,This is a repository for collecting global custom management extensions for the Django Framework.,https://github.com/django-extensions/django-extensions,Web libraries and frameworks
mailru/FileAPI,"2,669",378,JavaScript,"FileAPI — a set of javascript tools for working with files. Multiupload, drag'n'drop and chunked file upload. Images: crop, resize and auto orientation by EXIF.",https://github.com/mailru/FileAPI,Web libraries and frameworks
dularion/streama,"2,668",151,HTML,"It's like Netflix, but self-hosted! http://dularion.github.io/streama/",https://github.com/dularion/streama,Application software
Morhaus/dispatch-proxy,"2,667",125,CoffeeScript,"Combine internet connections, increase your download speed",https://github.com/Morhaus/dispatch-proxy,Application software
anchorcms/anchor-cms,"2,666",500,PHP,A lightweight blog CMS for PHP,https://github.com/anchorcms/anchor-cms,Application software
nanomsg/nanomsg,"2,665",410,C,nanomsg library,https://github.com/nanomsg/nanomsg,Non-web libraries and frameworks
ankane/searchkick,"2,663",308,Ruby,Intelligent search made easy for Rails,https://github.com/ankane/searchkick,Software tools
gevent/gevent,"2,662",568,Python,Coroutine-based concurrency library for Python,https://github.com/gevent/gevent,Non-web libraries and frameworks
koenbok/Cactus,"2,662",242,Python,Static site generator for designers. Uses Python and Django templates.,https://github.com/koenbok/Cactus,Application software
viljamis/feature.js,"2,661",104,HTML,"Feature.js is a fast, simple and lightweight browser feature detection library in 1kb.",https://github.com/viljamis/feature.js,Web libraries and frameworks
romaonthego/REFrostedViewController,"2,661",478,Objective-C,iOS 7/8 style blurred view controller that appears on top of your view controller.,https://github.com/romaonthego/REFrostedViewController,Non-web libraries and frameworks
emberjs/data,"2,660","1,030",JavaScript,A data persistence library for Ember.js.,https://github.com/emberjs/data,Non-web libraries and frameworks
petruisfan/node-supervisor,"2,660",221,JavaScript,null,https://github.com/petruisfan/node-supervisor,Software tools
fex-team/webuploader,"2,660","1,000",JavaScript,It's a new file uploader solution!,https://github.com/fex-team/webuploader,Web libraries and frameworks
tjanczuk/edge,"2,657",348,C++,"Run .NET and Node.js code in-process on Windows, MacOS, and Linux",https://github.com/tjanczuk/edge,System software
danielquinn/paperless,"2,652",95,CSS,"Scan, index, and archive all of your paper documents",https://github.com/danielquinn/paperless,Application software
olado/doT,"2,652",532,JavaScript,"The fastest + concise javascript template engine for nodejs and browsers. Partials, custom delimiters and more.",https://github.com/olado/doT,Web libraries and frameworks
apache/cassandra,"2,650","1,199",Java,Mirror of Apache Cassandra,https://github.com/apache/cassandra,System software
marmelab/ng-admin,"2,649",402,JavaScript,Add an AngularJS admin GUI to any RESTful API,https://github.com/marmelab/ng-admin,Web libraries and frameworks
eclipse/che,"2,649",363,Java,Eclipse Che: Next-generation Eclipse IDE. Open source workspace server and cloud IDE.,https://github.com/eclipse/che,Software tools
antelle/keeweb,"2,649",135,JavaScript,KeePass web app (unofficial),https://github.com/antelle/keeweb,Application software
Zhouzi/TheaterJS,"2,647",150,JavaScript,Typing effect mimicking human behavior.,https://github.com/Zhouzi/TheaterJS,Web libraries and frameworks
wellcaffeinated/PhysicsJS,"2,646",347,JavaScript,"A modular, extendable, and easy-to-use physics engine for javascript",https://github.com/wellcaffeinated/PhysicsJS,Web libraries and frameworks
douglascrockford/JSLint,"2,642",352,JavaScript,The JavaScript Code Quality Tool,https://github.com/douglascrockford/JSLint,Software tools
sjwhitworth/golearn,"2,642",283,Go,Machine Learning for Go,https://github.com/sjwhitworth/golearn,Non-web libraries and frameworks
ha/doozerd,"2,640",227,Go,A consistent distributed data store.,https://github.com/ha/doozerd,System software
hanami/hanami,"2,640",269,Ruby,"The web, with simplicity.",https://github.com/hanami/hanami,Web libraries and frameworks
NarrativeScience/Log.io,"2,638",406,CoffeeScript,Real-time log monitoring in your browser,https://github.com/NarrativeScience/Log.io,Web libraries and frameworks
play/play,"2,637",389,Ruby,play ► — your company's dj,https://github.com/play/play,Web libraries and frameworks
SoftEtherVPN/SoftEtherVPN,"2,636",822,C,"A Free Cross-platform Multi-protocol VPN Software, developed by SoftEther VPN Project at University of Tsukuba, Japan.",https://github.com/SoftEtherVPN/SoftEtherVPN,Application software
electerious/Lychee,"2,636",316,PHP,"A great looking and easy-to-use photo-management-system you can run on your server, to manage and share photos.",https://github.com/electerious/Lychee,Application software
iBotPeaches/Apktool,"2,635",870,Java,A tool for reverse engineering Android apk files,https://github.com/iBotPeaches/Apktool,Non-web libraries and frameworks
dropbox/hackpad,"2,635",322,Java,Hackpad is a web-based realtime wiki.,https://github.com/dropbox/hackpad,Application software
jp9000/obs-studio,"2,635",613,C,OBS,https://github.com/jp9000/obs-studio,Software tools
vinc3m1/RoundedImageView,"2,634",738,Java,"A fast ImageView that supports rounded corners, ovals, and circles.",https://github.com/vinc3m1/RoundedImageView,Non-web libraries and frameworks
mahmoud/boltons,"2,631",137,Python,"Like builtins, but boltons. Constructs/recipes/snippets that would be handy in the standard library. Nothing like Michael Bolton.",https://github.com/mahmoud/boltons,Non-web libraries and frameworks
reactjs/react-redux,"2,629",331,JavaScript,Official React bindings for Redux,https://github.com/reactjs/react-redux,Web libraries and frameworks
kikinteractive/app,"2,626",363,JavaScript,Instant mobile web app creation,https://github.com/kikinteractive/app,Non-web libraries and frameworks
woothemes/woocommerce,"2,626","2,118",PHP,An open source eCommerce plugin for WordPress created by WooThemes.,https://github.com/woothemes/woocommerce,Application software
MoOx/postcss-cssnext,"2,625",113,JavaScript,":cyclone: PostCSS plugin to use tomorrow's CSS syntax, today.",https://github.com/MoOx/postcss-cssnext,Software tools
philipl/pifs,"2,625",161,C,πfs - the data-free filesystem!,https://github.com/philipl/pifs,System software
sparkle-project/Sparkle,"2,625",558,Objective-C,A software update framework for OS X,https://github.com/sparkle-project/Sparkle,Software tools
major/MySQLTuner-perl,"2,623",539,Perl,MySQLTuner is a script written in Perl that will assist you with your MySQL configuration and make recommendations for increased performance and stability.,https://github.com/major/MySQLTuner-perl,Software tools
nswbmw/N-blog,"2,623","1,449",JavaScript,使用 Express + MongoDB 搭建多人博客,https://github.com/nswbmw/N-blog,Documentation
ManuelPeinado/FadingActionBar,"2,622",733,Java,"Android library implementing a fading effect for the action bar, similar to the one found in the Play Music app",https://github.com/ManuelPeinado/FadingActionBar,Non-web libraries and frameworks
hoisie/web,"2,621",382,Go,The easiest way to create web applications with Go,https://github.com/hoisie/web,Web libraries and frameworks
VodkaBears/Vide,"2,620",349,JavaScript,Easy as hell jQuery plugin for video backgrounds.,https://github.com/VodkaBears/Vide,Web libraries and frameworks
stephenmcd/mezzanine,"2,619","1,034",Python,CMS framework for Django,https://github.com/stephenmcd/mezzanine,Application software
notepad-plus-plus/notepad-plus-plus,"2,618",712,C++,Notepad++ official repository,https://github.com/notepad-plus-plus/notepad-plus-plus,Application software
mofarrell/p2pvc,"2,618",194,C,A point to point color terminal video chat.,https://github.com/mofarrell/p2pvc,Application software
ericchiang/pup,"2,617",76,HTML,Parsing HTML at the command line,https://github.com/ericchiang/pup,Software tools
opencontainers/runc,"2,615",327,Go,runc container cli tools,https://github.com/opencontainers/runc,System software
smashingboxes/OwlCarousel2,"2,615",725,JavaScript,jQuery Responsive Carousel.,https://github.com/smashingboxes/OwlCarousel2,Web libraries and frameworks
hapijs/joi,"2,615",290,JavaScript,Object schema validation,https://github.com/hapijs/joi,Web libraries and frameworks
activerecord-hackery/ransack,"2,614",424,Ruby,Object-based searching. With maintenance by @radar and @jonatack!,https://github.com/activerecord-hackery/ransack,Web libraries and frameworks
soulmachine/leetcode,"2,614","1,507",TeX,LeetCode题解，151道题完整版,https://github.com/soulmachine/leetcode,Documentation
gwendall/way.js,"2,614",182,JavaScript,"Simple, lightweight, persistent two-way databinding",https://github.com/gwendall/way.js,Web libraries and frameworks
cyrilmottier/GreenDroid,"2,611","1,026",Java,GreenDroid is a development library for the Android platform. It makes UI developments easier and consistent through your applications.,https://github.com/cyrilmottier/GreenDroid,Non-web libraries and frameworks
roots/bedrock,"2,611",535,PHP,"WordPress boilerplate with modern development tools, easier configuration, and an improved folder structure.",https://github.com/roots/bedrock,Application software
purcell/emacs.d,"2,610","1,447",Emacs Lisp,An Emacs configuration bundle with batteries included,https://github.com/purcell/emacs.d,Software tools
flesler/jquery.scrollTo,"2,609",834,HTML,"Lightweight, cross-browser and highly customizable animated scrolling with jQuery",https://github.com/flesler/jquery.scrollTo,Web libraries and frameworks
tgriesser/knex,"2,608",383,JavaScript,"A query builder for PostgreSQL, MySQL and SQLite3, designed to be flexible, portable, and fun to use.",https://github.com/tgriesser/knex,Non-web libraries and frameworks
Pasvaz/bindonce,"2,605",263,JavaScript,Zero watches binding for AngularJs,https://github.com/Pasvaz/bindonce,Web libraries and frameworks
addyosmani/basket.js,"2,603",213,JavaScript,A script and resource loader for caching & loading files with localStorage,https://github.com/addyosmani/basket.js,Web libraries and frameworks
laserlemon/figaro,"2,602",193,Ruby,Simple Rails app configuration,https://github.com/laserlemon/figaro,Software tools
alibaba/dexposed,"2,600",755,Java,dexposed enable 'god' mode for single android application.,https://github.com/alibaba/dexposed,Non-web libraries and frameworks
IBM-Swift/Kitura,"2,597",110,Swift,Web framework and HTTP server for Swift,https://github.com/IBM-Swift/Kitura,Web libraries and frameworks
lapwinglabs/x-ray,"2,596",159,JavaScript,The next web scraper. See through the <html> noise.,https://github.com/lapwinglabs/x-ray,Web libraries and frameworks
igrigorik/ga-beacon,"2,595",149,Go,Google Analytics collector-as-a-service (using GA measurement protocol).,https://github.com/igrigorik/ga-beacon,Web libraries and frameworks
nodejs/http-parser,"2,595",679,C,http request/response parser for c,https://github.com/nodejs/http-parser,Web libraries and frameworks
aui/artTemplate,"2,595","1,022",JavaScript,性能卓越的 js 模板引擎,https://github.com/aui/artTemplate,Web libraries and frameworks
druid-io/druid,"2,593",625,Java,Column oriented distributed data store ideal for powering interactive applications,https://github.com/druid-io/druid,Non-web libraries and frameworks
kanaka/noVNC,"2,592",524,JavaScript,"VNC client using HTML5 (Web Sockets, Canvas) with encryption (wss://) support.",https://github.com/kanaka/noVNC,Web libraries and frameworks
raulriera/TextFieldEffects,"2,592",236,Swift,"Custom UITextFields effects inspired by Codrops, built using Swift",https://github.com/raulriera/TextFieldEffects,Non-web libraries and frameworks
dompdf/dompdf,"2,591",607,PHP,HTML to PDF converter (PHP5),https://github.com/dompdf/dompdf,Web libraries and frameworks
SlexAxton/yepnope.js,"2,591",373,JavaScript,A Script Loader For Your Conditional Builds,https://github.com/SlexAxton/yepnope.js,Software tools
processing/processing,"2,589",779,Java,Source code for the Processing Development Environment (PDE),https://github.com/processing/processing,Non-web libraries and frameworks
geocoder-php/Geocoder,"2,589",319,PHP,The most featured Geocoder library written in PHP.,https://github.com/geocoder-php/Geocoder,Web libraries and frameworks
rubinius/rubinius,"2,584",599,Ruby,The Rubinius Language Platform,https://github.com/rubinius/rubinius,System software
snowplow/snowplow,"2,583",600,Scala,"Enterprise-strength web, mobile and event analytics, powered by Hadoop, Kinesis, Redshift and Elasticsearch",https://github.com/snowplow/snowplow,Web libraries and frameworks
collinhundley/Swift-AI,"2,581",179,Swift,Highly optimized artificial intelligence and machine learning library written in Swift.,https://github.com/collinhundley/Swift-AI,Non-web libraries and frameworks
elastic/beats,"2,579",363,Go,Beats - Lightweight shippers for Elasticsearch & Logstash,https://github.com/elastic/beats,Web libraries and frameworks
elm-lang/elm-compiler,"2,579",233,Haskell,"Compiler for the Elm programming language. Elm aims to make web development more pleasant. Elm is a type inferred, functional reactive language that compiles to HTML, CSS, and JavaScript.",https://github.com/elm-lang/elm-compiler,Software tools
arkency/reactjs_koans,"2,576",230,JavaScript,Learn basics of React.js making the tests pass,https://github.com/arkency/reactjs_koans,Documentation
BloombergMedia/whatiscode,"2,576",201,JavaScript,Paul Ford’s “What Is Code?”,https://github.com/BloombergMedia/whatiscode,Documentation
nrk/predis,"2,575",480,PHP,Flexible and feature-complete PHP client library for Redis,https://github.com/nrk/predis,Non-web libraries and frameworks
uglide/RedisDesktopManager,"2,575",305,C++,:wrench: Cross-platform GUI management tool for Redis,https://github.com/uglide/RedisDesktopManager,Software tools
germanysbestkeptsecret/Wookmark-jQuery,"2,575",851,HTML,"A jQuery plugin to create a dynamic, multi-column layout.",https://github.com/germanysbestkeptsecret/Wookmark-jQuery,Web libraries and frameworks
10se1ucgo/DisableWinTracking,"2,574",169,Python,Uses some known methods that attempt to disable tracking in Windows 10,https://github.com/10se1ucgo/DisableWinTracking,Application software
nomad/cupertino,"2,573",204,Ruby,CLI for the Apple Dev Center,https://github.com/nomad/cupertino,Software tools
Zizaco/entrust,"2,573",608,PHP,Role-based Permissions for Laravel 5,https://github.com/Zizaco/entrust,Non-web libraries and frameworks
keithwhor/nodal,"2,571",107,JavaScript,API Services Made Easy With Node.js,https://github.com/keithwhor/nodal,Web libraries and frameworks
seanpowell/Email-Boilerplate,"2,569",415,HTML,The email boilerplate for sending out nicely formatted messages.,https://github.com/seanpowell/Email-Boilerplate,Web libraries and frameworks
kennethcachia/background-check,"2,566",194,JavaScript,Automatically switch to a darker or a lighter version of an element depending on the brightness of images behind it.,https://github.com/kennethcachia/background-check,Web libraries and frameworks
docker/docker-registry,"2,565",811,Python,This is **DEPRECATED**! Please go to https://github.com/docker/distribution,https://github.com/docker/docker-registry,Software tools
metafizzy/flickity,"2,564",217,JavaScript,":leaves: Touch, responsive, flickable carousels",https://github.com/metafizzy/flickity,Web libraries and frameworks
yhat/rodeo,"2,562",235,JavaScript,A data science IDE for Python,https://github.com/yhat/rodeo,Software tools
soimort/you-get,"2,562",611,Python,:arrow_double_down: Dumb downloader that scrapes the web,https://github.com/soimort/you-get,Application software
SimonVT/android-menudrawer,"2,562","1,253",Java,"*DEPRECATED* A slide-out menu implementation, which allows users to navigate between views in your app.",https://github.com/SimonVT/android-menudrawer,Non-web libraries and frameworks
futuretap/InAppSettingsKit,"2,558",475,Objective-C,This iOS framework allows settings to be in-app in addition to or instead of being in the Settings app.,https://github.com/futuretap/InAppSettingsKit,Non-web libraries and frameworks
ninjinkun/NJKWebViewProgress,"2,558",425,Objective-C,UIWebView progress interface,https://github.com/ninjinkun/NJKWebViewProgress,Non-web libraries and frameworks
chrippa/livestreamer,"2,558",376,Python,Command-line utility that extracts streams from various services and pipes them into a video player of choice.,https://github.com/chrippa/livestreamer,Application software
sass/node-sass,"2,557",343,JavaScript,:rainbow: Node.js bindings to libsass,https://github.com/sass/node-sass,Web libraries and frameworks
yangfuhai/afinal,"2,557","1,592",Java,"Afinal是一个android的ioc，orm框架，内置了四大模块功能：FinalAcitivity,FinalBitmap,FinalDb,FinalHttp。通过finalActivity，我们可以通过注解的方式进行绑定ui和事件。通过finalBitmap，我们可以方便的加载bitmap图片，而无需考虑oom等问题。通过finalDB模块，我们一行代码就可以对android的sqlite数据库进行增删改查。通过FinalHttp模块，我们可以以ajax形式请求http数据。详情请通过以下网址查看。",https://github.com/yangfuhai/afinal,Non-web libraries and frameworks
tqdm/tqdm,"2,556",93,Python,"A fast, extensible progress bar for Python",https://github.com/tqdm/tqdm,Non-web libraries and frameworks
ksky521/nodePPT,"2,554",731,JavaScript,This is probably the best web presentation tool so far!,https://github.com/ksky521/nodePPT,Web libraries and frameworks
flarum/core,"2,553",247,JavaScript,,https://github.com/flarum/core,Application software
jdorn/json-editor,"2,553",481,JavaScript,JSON Schema Based Editor,https://github.com/jdorn/json-editor,Application software
dejan/rails_panel,"2,553",98,Ruby,Chrome extension for Rails development,https://github.com/dejan/rails_panel,Software tools
PostgresApp/PostgresApp,"2,553",140,Objective-C,The easiest way to get started with PostgreSQL on the Mac,https://github.com/PostgresApp/PostgresApp,Application software
socketio/engine.io,"2,550",302,JavaScript,,https://github.com/socketio/engine.io,Non-web libraries and frameworks
colszowka/simplecov,"2,549",249,Ruby,Code coverage for Ruby 1.9+ with a powerful configuration library and automatic merging of coverage across test suites,https://github.com/colszowka/simplecov,Software tools
cesanta/mongoose,"2,547",818,C,"Mongoose Embedded Web Server Library - Mongoose is more than an embedded webserver. It is a multi-protocol embedded networking library with functions including TCP, HTTP client and server, WebSocket, JSON-RPC client and server and much more.",https://github.com/cesanta/mongoose,System software
jeremyevans/sequel,"2,544",469,Ruby,Sequel: The Database Toolkit for Ruby,https://github.com/jeremyevans/sequel,Non-web libraries and frameworks
turbulenz/turbulenz_engine,"2,543",406,TypeScript,"Turbulenz is a modular 3D and 2D game framework for making HTML5 powered games for browsers, desktops and mobile devices.",https://github.com/turbulenz/turbulenz_engine,Non-web libraries and frameworks
sbt/sbt,"2,542",473,Scala,"sbt, the interactive build tool",https://github.com/sbt/sbt,Software tools
pilu/web-app-theme,"2,542",393,Ruby,A simple theme for web apps,https://github.com/pilu/web-app-theme,Web libraries and frameworks
reactjs/react-router-redux,"2,541",203,JavaScript,Ruthlessly simple bindings to keep react-router and redux in sync,https://github.com/reactjs/react-router-redux,Web libraries and frameworks
bennyguitar/Colours,"2,540",273,Objective-C,A beautiful set of predefined colors and a set of color methods to make your iOS/OSX development life easier.,https://github.com/bennyguitar/Colours,Non-web libraries and frameworks
josevalim/inherited_resources,"2,540",303,Ruby,,https://github.com/josevalim/inherited_resources,Non-web libraries and frameworks
dbcli/mycli,"2,540",128,Python,A Terminal Client for MySQL with AutoCompletion and Syntax Highlighting.,https://github.com/dbcli/mycli,Software tools
jipegit/OSXAuditor,"2,538",165,JavaScript,OS X Auditor is a free Mac OS X computer forensics tool,https://github.com/jipegit/OSXAuditor,Software tools
vakata/jstree,"2,538",770,JavaScript,jquery tree plugin,https://github.com/vakata/jstree,Web libraries and frameworks
Yalantis/uCrop,"2,538",323,Java,Image Cropping Library for Android,https://github.com/Yalantis/uCrop,Non-web libraries and frameworks
samdutton/simpl,"2,536",770,HTML,"Simplest possible examples of HTML, CSS and Javascript:",https://github.com/samdutton/simpl,Documentation
elrumordelaluz/csshake,"2,536",438,CSS,CSS classes to move your DOM!,https://github.com/elrumordelaluz/csshake,Web libraries and frameworks
peterramsing/lost,"2,534",121,JavaScript,"PostCSS fractional grid system built with calc() by the guy who built Jeet. Supports masonry, vertical, and waffle grids.",https://github.com/peterramsing/lost,Software tools
0xced/iOS-Artwork-Extractor,"2,531",248,Objective-C,"Extract iOS artwork and emoji symbols into png files, generate glossy buttons png files",https://github.com/0xced/iOS-Artwork-Extractor,Non-web libraries and frameworks
google/EarlGrey,"2,530",262,Objective-C,iOS UI Automation Test Framework,https://github.com/google/EarlGrey,Non-web libraries and frameworks
JexCheng/regulex,"2,528",264,JavaScript,JavaScript Regular Expression Parser & Visualizer.,https://github.com/JexCheng/regulex,Non-web libraries and frameworks
reworkcss/rework,"2,528",109,JavaScript,Plugin framework for CSS preprocessing in Node.js,https://github.com/reworkcss/rework,Software tools
rtfd/readthedocs.org,"2,527","1,139",Python,source code to readthedocs.org,https://github.com/rtfd/readthedocs.org,Application software
hakimel/css,"2,526",572,JavaScript,Assorted CSS and UI experiments.,https://github.com/hakimel/css,Web libraries and frameworks
blivesta/animsition,"2,526",440,CSS,A simple and easy jQuery plugin for CSS animated page transitions.,https://github.com/blivesta/animsition,Web libraries and frameworks
badges/shields,"2,526",416,JavaScript,"Shields badge specification, website and default API server",https://github.com/badges/shields,Web libraries and frameworks
redis/redis-rb,"2,524",528,Ruby,A Ruby client library for Redis,https://github.com/redis/redis-rb,Non-web libraries and frameworks
mikesall/charted,"2,524",145,JavaScript,"A charting tool that produces automatic, shareable charts from any data file",https://github.com/mikesall/charted,Web libraries and frameworks
Atmosphere/atmosphere,"2,523",574,Java,"Realtime Client Server Framework for the JVM, supporting WebSockets with Cross-Browser Fallbacks",https://github.com/Atmosphere/atmosphere,System software
typelift/Swiftz,"2,522",181,Swift,Functional programming in Swift,https://github.com/typelift/Swiftz,Non-web libraries and frameworks
breach/thrust,"2,521",101,C++,Chromium-based cross-platform / cross-language application framework,https://github.com/breach/thrust,Non-web libraries and frameworks
radiant-player/radiant-player-mac,"2,521",268,Objective-C,"Turn Google Play Music into a separate, beautiful application that integrates with your Mac.",https://github.com/radiant-player/radiant-player-mac,Non-web libraries and frameworks
ikew0ng/SwipeBackLayout,"2,520",919,Java,An Android library that help you to build app with swipe back gesture.,https://github.com/ikew0ng/SwipeBackLayout,Non-web libraries and frameworks
Moya/Moya,"2,520",223,Swift,Network abstraction layer written in Swift.,https://github.com/Moya/Moya,Non-web libraries and frameworks
sdc-alibaba/SUI-Mobile,"2,518",621,JavaScript,SUI Mobile (MSUI)是由阿里巴巴国际UED前端出品的移动端UI库，轻量精美,https://github.com/sdc-alibaba/SUI-Mobile,Web libraries and frameworks
SBoudrias/Inquirer.js,"2,516",182,JavaScript,A collection of common interactive command line user interfaces.,https://github.com/SBoudrias/Inquirer.js,Non-web libraries and frameworks
sunspot/sunspot,"2,516",807,JavaScript,Solr-powered search for Ruby objects,https://github.com/sunspot/sunspot,Non-web libraries and frameworks
redecentralize/alternative-internet,"2,515",290,Python,A collection of interesting new networks and tech aiming at decentralisation (in some form).,https://github.com/redecentralize/alternative-internet,Documentation
likeastore/ngDialog,"2,514",526,JavaScript,Modals and popups provider for Angular.js applications,https://github.com/likeastore/ngDialog,Web libraries and frameworks
brettwooldridge/HikariCP,"2,512",342,Java,光 HikariCP・A solid high-performance JDBC connection pool at last.,https://github.com/brettwooldridge/HikariCP,Non-web libraries and frameworks
ccampbell/rainbow,"2,512",278,JavaScript,Simple syntax highlighting library written in javascript,https://github.com/ccampbell/rainbow,Web libraries and frameworks
PixelsCommander/HTML-GL,"2,512",91,JavaScript,Get as many FPS as you need and amazing effects by rendering HTML/CSS in WebGL,https://github.com/PixelsCommander/HTML-GL,Web libraries and frameworks
neo/ruby_koans,"2,511","1,490",Ruby,A set of Koans to teach the Ruby language,https://github.com/neo/ruby_koans,Documentation
benoitvallon/react-native-nw-react-calculator,"2,510",199,JavaScript,"Mobile, desktop and website Apps with the same code",https://github.com/benoitvallon/react-native-nw-react-calculator,Web libraries and frameworks
rails/jbuilder,"2,509",233,Ruby,Jbuilder: generate JSON objects with a Builder-style DSL,https://github.com/rails/jbuilder,Non-web libraries and frameworks
apotonick/cells,"2,509",195,Ruby,View components for Ruby and Rails.,https://github.com/apotonick/cells,Web libraries and frameworks
petergoldstein/dalli,"2,508",299,Ruby,High performance memcached client for Ruby,https://github.com/petergoldstein/dalli,Non-web libraries and frameworks
shinobicontrols/iOS8-day-by-day,"2,508",555,Swift,Selection of projects accompanying the iOS8-Day-by-Day blog series http://www.shinobicontrols.com/iOS8DayByDay,https://github.com/shinobicontrols/iOS8-day-by-day,Documentation
SheetJS/js-xlsx,"2,508",490,JavaScript,XLSX / XLSM / XLSB / XLS / SpreadsheetML (Excel Spreadsheet) / ODS parser and writer,https://github.com/SheetJS/js-xlsx,Non-web libraries and frameworks
kelseyhightower/confd,"2,507",329,Go,Manage local application configuration files using templates and data from etcd or consul,https://github.com/kelseyhightower/confd,Software tools
Microsoft/msbuild,"2,506",487,C#,The Microsoft Build Engine (MSBuild) is the build platform for .NET and Visual Studio.,https://github.com/Microsoft/msbuild,Software tools
yixia/VitamioBundle,"2,506","1,575",Java,Vitamio for Android,https://github.com/yixia/VitamioBundle,Non-web libraries and frameworks
suitcss/suit,"2,505",143,CSS,Style tools for UI components,https://github.com/suitcss/suit,Web libraries and frameworks
YePpHa/YouTubeCenter,"2,504",451,JavaScript,"YouTube Center is a userscript designed to expand the functionality of YouTube. It includes the ability to download the video you're watching, auto selecting your preferred video quality and much more.",https://github.com/YePpHa/YouTubeCenter,Web libraries and frameworks
sameersbn/docker-gitlab,"2,504",550,Shell,Dockerized GitLab,https://github.com/sameersbn/docker-gitlab,System software
tapquo/Lungo.js,"2,504",684,CSS,"A framework for developers who want to design, build and share cross device applications.",https://github.com/tapquo/Lungo.js,Web libraries and frameworks
tholman/github-corners,"2,503",74,HTML,"A fresher ""Fork me on GitHub"" callout.",https://github.com/tholman/github-corners,Web libraries and frameworks
taobao/nginx-book,"2,501","1,025",Python,Nginx开发从入门到精通,https://github.com/taobao/nginx-book,Documentation
vikmeup/SCLAlertView-Swift,"2,500",338,Swift,Beautiful animated Alert View. Written in Swift,https://github.com/vikmeup/SCLAlertView-Swift,Non-web libraries and frameworks
ckeditor/ckeditor-dev,"2,499","1,263",JavaScript,The development repository of CKEditor.,https://github.com/ckeditor/ckeditor-dev,Web libraries and frameworks
gatsbyjs/gatsby,"2,498",105,JavaScript,Transform plain text into dynamic blogs and websites using React.js,https://github.com/gatsbyjs/gatsby,Web libraries and frameworks
FormidableLabs/spectacle,"2,498",175,JavaScript,ReactJS based Presentation Library,https://github.com/FormidableLabs/spectacle,Web libraries and frameworks
daimajia/NumberProgressBar,"2,497",801,Java,"A beautiful, slim Android ProgressBar.",https://github.com/daimajia/NumberProgressBar,Non-web libraries and frameworks
HighBay/PageMenu,"2,496",304,Swift,"A paging menu controller built from other view controllers placed inside a scroll view (like Spotify, Windows Phone, Instagram)",https://github.com/HighBay/PageMenu,Non-web libraries and frameworks
primus/primus,"2,496",168,JavaScript,":zap: Primus, the creator god of the transformers & an abstraction layer for real-time to prevent module lock-in.",https://github.com/primus/primus,Web libraries and frameworks
dekujs/deku,"2,495",99,JavaScript,Render interfaces using pure functions and virtual DOM,https://github.com/dekujs/deku,Web libraries and frameworks
PuerkitoBio/goquery,"2,494",253,Go,"A little like that j-thing, only in Go.",https://github.com/PuerkitoBio/goquery,Non-web libraries and frameworks
Jam3/devtool,"2,494",67,JavaScript,:triangular_ruler: runs Node.js programs through Chromium DevTools,https://github.com/Jam3/devtool,Web libraries and frameworks
twitter/diffy,"2,494",160,Scala,Find potential bugs in your services with Diffy,https://github.com/twitter/diffy,Web libraries and frameworks
andyet/SimpleWebRTC,"2,494",718,JavaScript,Simplest WebRTC ever,https://github.com/andyet/SimpleWebRTC,Web libraries and frameworks
BoltsFramework/Bolts-Android,"2,492",358,Java,Bolts is a collection of low-level libraries designed to make developing mobile apps easier.,https://github.com/BoltsFramework/Bolts-Android,Non-web libraries and frameworks
chiahsien/CHTCollectionViewWaterfallLayout,"2,492",429,Objective-C,"The waterfall (i.e., Pinterest-like) layout for UICollectionView.",https://github.com/chiahsien/CHTCollectionViewWaterfallLayout,Non-web libraries and frameworks
jejacks0n/mercury,"2,492",517,JavaScript,Mercury Editor: The Rails HTML5 WYSIWYG editor,https://github.com/jejacks0n/mercury,Web libraries and frameworks
fex-team/fis,"2,492",673,PHP,Front-end Integrated Solution - 前端集成解决方案， 最新版请进入 FIS3 https://github.com/fex-team/fis3,https://github.com/fex-team/fis,Web libraries and frameworks
koral--/android-gif-drawable,"2,491",731,Java,Views and Drawable for displaying animated GIFs on Android,https://github.com/koral--/android-gif-drawable,Non-web libraries and frameworks
Sirupsen/logrus,"2,491",346,Go,"Structured, pluggable logging for Go.",https://github.com/Sirupsen/logrus,Non-web libraries and frameworks
sciactive/pnotify,"2,490",399,HTML,"JavaScript notifications for Bootstrap, jQuery UI, and the Web Notifications Draft.",https://github.com/sciactive/pnotify,Web libraries and frameworks
apache/couchdb,"2,488",574,JavaScript,Mirror of Apache CouchDB,https://github.com/apache/couchdb,System software
belluzj/fantasque-sans,"2,486",71,Shell,A font family with a great monospaced variant for programmers.,https://github.com/belluzj/fantasque-sans,Non-web libraries and frameworks
swanson/stringer,"2,483",279,Ruby,"A self-hosted, anti-social RSS reader.",https://github.com/swanson/stringer,Application software
cyrus-and/gdb-dashboard,"2,482",141,Python,Modular visual interface for GDB in Python,https://github.com/cyrus-and/gdb-dashboard,Software tools
apache/thrift,"2,482","1,487",C++,Mirror of Apache Thrift,https://github.com/apache/thrift,Software tools
Russell91/pythonpy,"2,482",116,Python,the swiss army knife of the command line,https://github.com/Russell91/pythonpy,Software tools
jruby/jruby,"2,480",641,Ruby,"JRuby, an implementation of Ruby on the JVM",https://github.com/jruby/jruby,System software
paramiko/paramiko,"2,478",701,Python,Native Python SSHv2 protocol library,https://github.com/paramiko/paramiko,Non-web libraries and frameworks
mozilla/Fira,"2,477",169,CSS,"Mozilla's new typeface, used in Firefox OS",https://github.com/mozilla/Fira,Web libraries and frameworks
01org/acat,"2,477",585,C#,Assistive Context-Aware Toolkit,https://github.com/01org/acat,Software tools
facebook/buck,"2,475",416,Java,"A fast build system that encourages the creation of small, reusable modules over a variety of platforms and languages.",https://github.com/facebook/buck,Software tools
yapstudios/YapDatabase,"2,475",238,Objective-C,YapDatabase is an extensible database for iOS & Mac.,https://github.com/yapstudios/YapDatabase,System software
wklken/k-vim,"2,475","1,294",VimL,vim配置,https://github.com/wklken/k-vim,Non-web libraries and frameworks
opencart/opencart,"2,474","2,267",PHP,A free shopping cart system. OpenCart is an open source PHP-based online e-commerce solution.,https://github.com/opencart/opencart,Application software
kickstarter/rack-attack,"2,473",120,Ruby,Rack middleware for blocking & throttling,https://github.com/kickstarter/rack-attack,Non-web libraries and frameworks
mitsuhiko/werkzeug,"2,473",765,Python,A flexible WSGI implementation and toolkit,https://github.com/mitsuhiko/werkzeug,Web libraries and frameworks
johnpolacek/scrollorama,"2,473",385,JavaScript,The jQuery plugin for doing cool scrolly stuff,https://github.com/johnpolacek/scrollorama,Web libraries and frameworks
rsms/kod,"2,473",205,Objective-C,Programmers' editor for OS X [DEAD PROJECT],https://github.com/rsms/kod,Application software
twitter/scalding,"2,471",579,Scala,A Scala API for Cascading,https://github.com/twitter/scalding,Non-web libraries and frameworks
jschr/textillate,"2,470",539,JavaScript,A simple plugin for CSS3 text animations,https://github.com/jschr/textillate,Web libraries and frameworks
ginatrapani/todo.txt-cli,"2,470",445,Shell,A simple and extensible shell script for managing your todo.txt file.,https://github.com/ginatrapani/todo.txt-cli,Software tools
arachnys/cabot,"2,470",226,Python,"Self-hosted, easily-deployable monitoring and alerts service - like a lightweight PagerDuty",https://github.com/arachnys/cabot,Software tools
edx/edx-platform,"2,469","1,497",Python,"The Open edX platform, the software that powers edX!",https://github.com/edx/edx-platform,Application software
addyosmani/essential-js-design-patterns,"2,469",414,HTML,Repo for 'Learning JavaScript Design Patterns' - creative-commons book on JavaScript design patterns.,https://github.com/addyosmani/essential-js-design-patterns,Documentation
jorgebastida/glue,"2,468",171,Python,Glue is a simple command line tool to generate CSS sprites,https://github.com/jorgebastida/glue,Software tools
ogaclejapan/SmartTabLayout,"2,465",504,Java,A custom ViewPager title strip which gives continuous feedback to the user when scrolling,https://github.com/ogaclejapan/SmartTabLayout,Non-web libraries and frameworks
johannilsson/android-pulltorefresh,"2,462","1,184",Java,DEPRECATED This project aims to provide a reusable pull to refresh widget for Android.,https://github.com/johannilsson/android-pulltorefresh,Non-web libraries and frameworks
ssloy/tinyrenderer,"2,462",173,C++,Support c++ code for a short computer graphics course,https://github.com/ssloy/tinyrenderer,Non-web libraries and frameworks
cinder/Cinder,"2,461",601,C,"Cinder is a community-developed, free and open source library for professional-quality creative coding in C++.",https://github.com/cinder/Cinder,Non-web libraries and frameworks
MobileChromeApps/mobile-chrome-apps,"2,461",340,Python,Chrome apps on Android and iOS,https://github.com/MobileChromeApps/mobile-chrome-apps,Application software
burocratik/outdated-browser,"2,460",304,HTML,A simple tool to identify and upgrade old browsers.,https://github.com/burocratik/outdated-browser,Web libraries and frameworks
actorapp/actor-platform,"2,460",471,Java,"Actor Messaging platform, modern replacement for Jabber/ejabberd",https://github.com/actorapp/actor-platform,Application software
StackExchange/blackbox,"2,460",123,Shell,Safely store secrets in Git/Mercurial/Subversion,https://github.com/StackExchange/blackbox,Non-web libraries and frameworks
Kotlin/anko,"2,455",144,Kotlin,Pleasant Android application development,https://github.com/Kotlin/anko,Non-web libraries and frameworks
neo4j/neo4j,"2,455",869,Java,Graphs for Everyone,https://github.com/neo4j/neo4j,Non-web libraries and frameworks
desandro/draggabilly,"2,455",258,JavaScript,:point_down: Make that shiz draggable,https://github.com/desandro/draggabilly,Web libraries and frameworks
Bilibili/DanmakuFlameMaster,"2,453",777,Java,"大弹幕时代来临了,这里是Android上最好的开源弹幕引擎·烈焰弹幕使 ～ 被弹幕吞噬吧!",https://github.com/Bilibili/DanmakuFlameMaster,Non-web libraries and frameworks
gskinner/regexr,"2,453",269,JavaScript,"RegExr is a HTML/JS based tool for creating, testing, and learning about Regular Expressions.",https://github.com/gskinner/regexr,Web libraries and frameworks
doublespeakgames/adarkroom,"2,452",688,JavaScript,A Dark Room - A Minimalist Text Adventure,https://github.com/doublespeakgames/adarkroom,Application software
scalaz/scalaz,"2,449",398,Scala,An extension to the core Scala library for functional programming.,https://github.com/scalaz/scalaz,Non-web libraries and frameworks
ternjs/tern,"2,447",229,JavaScript,"A JavaScript code analyzer for deep, cross-editor language support",https://github.com/ternjs/tern,Software tools
SamHerbert/SVG-Loaders,"2,444",299,HTML,"Loading icons and small animations built purely in SVG, no CSS or JS.",https://github.com/SamHerbert/SVG-Loaders,Web libraries and frameworks
dutchcoders/transfer.sh,"2,444",136,CSS,Easy and fast file sharing from the command-line.,https://github.com/dutchcoders/transfer.sh,Software tools
81813780/AVLoadingIndicatorView,"2,441",549,Java,Nice loading animations for Android,https://github.com/81813780/AVLoadingIndicatorView,Non-web libraries and frameworks
AlanQuatermain/AQGridView,"2,441",492,Objective-C,"A grid view for iPhone/iPad, designed to look similar to NSCollectionView.",https://github.com/AlanQuatermain/AQGridView,Non-web libraries and frameworks
yhat/ggplot,"2,441",315,Python,ggplot for python,https://github.com/yhat/ggplot,Non-web libraries and frameworks
mojombo/chronic,"2,440",349,Ruby,Chronic is a pure Ruby natural language date parser.,https://github.com/mojombo/chronic,Non-web libraries and frameworks
git-ftp/git-ftp,"2,439",361,Shell,Git powered FTP client written as shell script.,https://github.com/git-ftp/git-ftp,Software tools
basho/riak,"2,439",400,Shell,Riak is a decentralized datastore from Basho Technologies.,https://github.com/basho/riak,System software
JakeWharton/DiskLruCache,"2,435",695,Java,Java implementation of a Disk-based LRU cache which specifically targets Android compatibility.,https://github.com/JakeWharton/DiskLruCache,Non-web libraries and frameworks
k9mail/k-9,"2,435","1,380",Java,K-9 Mail – Advanced Email for Android,https://github.com/k9mail/k-9,Application software
01org/appframework,"2,434",966,CSS,The definitive HTML5 mobile javascript framework,https://github.com/01org/appframework,Web libraries and frameworks
twitter/scala_school,"2,434",739,HTML,Lessons in the Fundamentals of Scala,https://github.com/twitter/scala_school,Documentation
mikel/mail,"2,433",569,Ruby,A Really Ruby Mail Library,https://github.com/mikel/mail,Non-web libraries and frameworks
thoughtbot/suspenders,"2,433",417,Ruby,"A Rails template with our standard defaults, ready to deploy to Heroku.",https://github.com/thoughtbot/suspenders,Web libraries and frameworks
google/liquidfun,"2,429",333,C++,2D physics engine for games,https://github.com/google/liquidfun,Non-web libraries and frameworks
yahoo/gifshot,"2,428",171,JavaScript,"JavaScript library that can create animated GIFs from media streams, videos, or images",https://github.com/yahoo/gifshot,Web libraries and frameworks
github/janky,"2,428",207,Ruby,Continuous integration server built on top of Jenkins and Hubot,https://github.com/github/janky,Software tools
barryclark/jekyll-now,"2,428","8,409",CSS,"Build a Jekyll blog in minutes, without touching the command line.",https://github.com/barryclark/jekyll-now,Application software
alvarotrigo/pagePiling.js,"2,427",425,JavaScript,pagePiling plugin by Alvaro Trigo. Create a scrolling pile of sections.,https://github.com/alvarotrigo/pagePiling.js,Web libraries and frameworks
somerandomdude/Iconic,"2,427",433,Python,"A minimal set of icons in raster, vector and font formats — free for public use.",https://github.com/somerandomdude/Iconic,Non-web libraries and frameworks
usablica/front-end-frameworks,"2,426",316,CSS,A collection of best front-end frameworks for faster and easier web development.,https://github.com/usablica/front-end-frameworks,Documentation
balanced/balanced-dashboard,"2,426",451,JavaScript,The Balanced dashboard.,https://github.com/balanced/balanced-dashboard,Web libraries and frameworks
kvz/phpjs,"2,421","1,026",JavaScript,php.js implements PHP functions in JavaScript,https://github.com/kvz/phpjs,Non-web libraries and frameworks
hiloteam/Hilo,"2,420",334,JavaScript,A Cross-end HTML5 Game development solution developed by Alibaba Group,https://github.com/hiloteam/Hilo,Non-web libraries and frameworks
radare/radare2,"2,418",528,C,unix-like reverse engineering framework and commandline tools,https://github.com/radare/radare2,Software tools
paularmstrong/swig,"2,417",299,JavaScript,Take a swig of the best template engine for JavaScript.,https://github.com/paularmstrong/swig,Web libraries and frameworks
node-red/node-red,"2,415",615,JavaScript,A visual tool for wiring the Internet of Things,https://github.com/node-red/node-red,Software tools
timber/timber,"2,414",223,PHP,Plugin to write WordPress themes w Object-Oriented Code and the Twig Template Engine,https://github.com/timber/timber,Web libraries and frameworks
michaeldfallen/git-radar,"2,413",74,Shell,A heads up display for git,https://github.com/michaeldfallen/git-radar,Software tools
aws/aws-sdk-go,"2,411",360,Go,AWS SDK for the Go programming language.,https://github.com/aws/aws-sdk-go,Non-web libraries and frameworks
google/auto,"2,411",267,Java,A collection of source code generators for Java.,https://github.com/google/auto,Non-web libraries and frameworks
rbenv/ruby-build,"2,411",490,Shell,Compile and install Ruby,https://github.com/rbenv/ruby-build,Software tools
PaulUithol/Backbone-relational,"2,410",370,JavaScript,"Get and set relations (one-to-one, one-to-many, many-to-one) for Backbone models",https://github.com/PaulUithol/Backbone-relational,Non-web libraries and frameworks
nervgh/angular-file-upload,"2,409",781,JavaScript,Angular File Upload is a module for the AngularJS framework,https://github.com/nervgh/angular-file-upload,Web libraries and frameworks
openhab/openhab,"2,407","1,256",Java,Source code of the open Home Automation Bus (openHAB),https://github.com/openhab/openhab,Software tools
alfajango/jquery-dynatable,"2,406",276,JavaScript,"A more-fun, semantic, alternative to datatables",https://github.com/alfajango/jquery-dynatable,Web libraries and frameworks
blevesearch/bleve,"2,403",193,Go,A modern text indexing library for go,https://github.com/blevesearch/bleve,Non-web libraries and frameworks
chjj/ttystudio,"2,403",55,JavaScript,A terminal-to-gif recorder minus the headaches.,https://github.com/chjj/ttystudio,Web libraries and frameworks
gregmalcolm/python_koans,"2,402","1,318",Python,Python Koans - Learn Python through TDD,https://github.com/gregmalcolm/python_koans,Documentation
jdamcd/android-crop,"2,401",762,Java,Android library project for cropping images,https://github.com/jdamcd/android-crop,Non-web libraries and frameworks
pedant/sweet-alert-dialog,"2,400",809,Java,"SweetAlert for Android, a beautiful and clever alert dialog",https://github.com/pedant/sweet-alert-dialog,Non-web libraries and frameworks
jaydee3/JDStatusBarNotification,"2,399",330,Objective-C,"[iOS] Easy, customizable notifications displayed on top of the statusbar.",https://github.com/jaydee3/JDStatusBarNotification,Non-web libraries and frameworks
race604/ZhiHuDaily-React-Native,"2,399",551,JavaScript,A Zhihu Daily(http://daily.zhihu.com/) App client implemented using React Native (Android and iOS).,https://github.com/race604/ZhiHuDaily-React-Native,Application software
pagekit/pagekit,"2,399",298,PHP,Pagekit CMS,https://github.com/pagekit/pagekit,Application software
jquery/globalize,"2,399",439,JavaScript,A JavaScript library for internationalization and localization that leverages the official Unicode CLDR JSON data,https://github.com/jquery/globalize,Web libraries and frameworks
mcasimir/mobile-angular-ui,"2,398",602,JavaScript,Angular.js Mobile UI Framework with Bootstrap 3,https://github.com/mcasimir/mobile-angular-ui,Web libraries and frameworks
functional-koans/clojure-koans,"2,398","1,401",Clojure,A set of exercises for learning Clojure,https://github.com/functional-koans/clojure-koans,Documentation
CouchPotato/CouchPotatoServer,"2,398","1,019",Python,Automatic Movie Downloading via NZBs & Torrents,https://github.com/CouchPotato/CouchPotatoServer,Application software
NYTimes/pourover,"2,397",128,JavaScript,"A library for simple, fast filtering and sorting of large collections in the browser. There is a community-maintained fork that addresses a handful of post-NYT issues available via @hhsnopek's https://github.com/hhsnopek/pourover",https://github.com/NYTimes/pourover,Web libraries and frameworks
allinurl/goaccess,"2,397",198,C,GoAccess is a real-time web log analyzer and interactive viewer that runs in a terminal in *nix systems.,https://github.com/allinurl/goaccess,Web libraries and frameworks
zzmp/juliusjs,"2,397",152,JavaScript,A speech recognition library for the web,https://github.com/zzmp/juliusjs,Non-web libraries and frameworks
twitter/snowflake,"2,396",371,Scala,Snowflake is a network service for generating unique ID numbers at high scale with some simple guarantees.,https://github.com/twitter/snowflake,System software
m1entus/MZFormSheetController,"2,395",310,Objective-C,"MZFormSheetController provides an alternative to the native iOS UIModalPresentationFormSheet, adding support for iPhone and additional opportunities to setup controller size and feel form sheet.",https://github.com/m1entus/MZFormSheetController,Non-web libraries and frameworks
BigZaphod/Chameleon,"2,391",325,Objective-C,Chameleon is a port of Apple's UIKit for iOS (and some minimal related frameworks) to Mac OS X.,https://github.com/BigZaphod/Chameleon,Non-web libraries and frameworks
easymotion/vim-easymotion,"2,389",169,VimL,Vim motions on speed!,https://github.com/easymotion/vim-easymotion,Software tools
metabase/metabase,"2,388",124,Clojure,"The simplest, fastest way to get business intelligence and analytics to everyone in your company :yum:",https://github.com/metabase/metabase,Software tools
mybatis/mybatis-3,"2,387","1,932",Java,MyBatis SQL mapper framework for Java,https://github.com/mybatis/mybatis-3,Non-web libraries and frameworks
sagivo/algorithms,"2,387",196,Ruby,algorithms playground for common questions,https://github.com/sagivo/algorithms,Documentation
dodgepudding/wechat-php-sdk,"2,386","1,720",PHP,"微信公众平台php开发包, weixin developer SDK.",https://github.com/dodgepudding/wechat-php-sdk,Web libraries and frameworks
jonschlinkert/remarkable,"2,385",123,JavaScript,"Markdown parser, done right. Commonmark support, extensions, syntax plugins, high speed - all in one. Gulp and metalsmith plugins are also available.",https://github.com/jonschlinkert/remarkable,Web libraries and frameworks
jackmoore/autosize,"2,385",439,JavaScript,"Autosize is a small, stand-alone script to automatically adjust textarea height to fit text.",https://github.com/jackmoore/autosize,Web libraries and frameworks
tc39/ecma262,"2,384",143,HTML,"Status, process, and documents for ECMA262",https://github.com/tc39/ecma262,Documentation
Workiva/go-datastructures,"2,384",159,Go,,https://github.com/Workiva/go-datastructures,Non-web libraries and frameworks
trentrichardson/jQuery-Timepicker-Addon,"2,384",901,JavaScript,Adds a timepicker to jQueryUI Datepicker,https://github.com/trentrichardson/jQuery-Timepicker-Addon,Web libraries and frameworks
esp8266/Arduino,"2,383",980,C++,ESP8266 core for Arduino,https://github.com/esp8266/Arduino,Non-web libraries and frameworks
steipete/PSTCollectionView,"2,383",523,Objective-C,"Open Source, 100% API compatible replacement of UICollectionView for iOS4.3+",https://github.com/steipete/PSTCollectionView,Non-web libraries and frameworks
tj/frontend-boilerplate,"2,382",211,JavaScript,webpack-react-redux-babel-autoprefixer-hmr-postcss-css-modules-rucksack-boilerplate,https://github.com/tj/frontend-boilerplate,Web libraries and frameworks
NoamB/sorcery,"2,382",431,Ruby,Magical authentication for Rails 3 & 4,https://github.com/NoamB/sorcery,Web libraries and frameworks
bergie/hallo,"2,381",353,JavaScript,Simple rich text editor (contentEditable) for jQuery UI,https://github.com/bergie/hallo,Web libraries and frameworks
sroze/ngInfiniteScroll,"2,381",598,CoffeeScript,Infinite Scrolling for AngularJS,https://github.com/sroze/ngInfiniteScroll,Web libraries and frameworks
formvalidation/formvalidation,"2,380","1,469",JavaScript,The best @jquery plugin to validate form fields. Designed to use with Bootstrap + Zurb Foundation + Pure + SemanticUI + UIKit + Your own frameworks.,https://github.com/formvalidation/formvalidation,Web libraries and frameworks
button/DeepLinkKit,"2,377",126,Objective-C,"A splendid route-matching, block-based way to handle your deep links.",https://github.com/button/DeepLinkKit,Non-web libraries and frameworks
boxen/our-boxen,"2,377","1,062",Ruby,Copy me for your team.,https://github.com/boxen/our-boxen,Documentation
what-studio/profiling,"2,377",83,Python,An interactive continuous Python profiler.,https://github.com/what-studio/profiling,Software tools
thedillonb/CodeHub,"2,376",185,C#,CodeHub is the best way to browse and maintain your GitHub repositories on any iOS device!,https://github.com/thedillonb/CodeHub,Application software
zeromq/libzmq,"2,376",750,C++,"ZeroMQ core engine in C++, implements ZMTP/3.0",https://github.com/zeromq/libzmq,Non-web libraries and frameworks
openssl/openssl,"2,375","1,352",C,TLS/SSL and crypto library,https://github.com/openssl/openssl,Software tools
Raynos/mercury,"2,375",146,JavaScript,A truly modular frontend framework,https://github.com/Raynos/mercury,Web libraries and frameworks
opserver/Opserver,"2,373",452,C#,Stack Exchange's Monitoring System,https://github.com/opserver/Opserver,Software tools
darsain/sly,"2,372",400,JavaScript,JavaScript library for one-directional scrolling with item based navigation support.,https://github.com/darsain/sly,Web libraries and frameworks
bergie/create,"2,371",286,JavaScript,"Midgard Create, a generic web editing interface for any CMS",https://github.com/bergie/create,Web libraries and frameworks
Reportr/dashboard,"2,371",208,JavaScript,Your life's personal dashboard.,https://github.com/Reportr/dashboard,Application software
thoughtbot/administrate,"2,371",214,Ruby,A Rails engine that helps you put together a super-flexible admin dashboard.,https://github.com/thoughtbot/administrate,Web libraries and frameworks
brave/browser-laptop,"2,370",233,JavaScript,"Brave browser for Desktop and Laptop computers running Windows, OSX, and Linux",https://github.com/brave/browser-laptop,Application software
Supervisor/supervisor,"2,369",492,Python,Supervisor process control system for UNIX,https://github.com/Supervisor/supervisor,Software tools
HumbleSoftware/Flotr2,"2,366",492,JavaScript,Graphs and Charts for Canvas in JavaScript.,https://github.com/HumbleSoftware/Flotr2,Web libraries and frameworks
kemayo/sublime-text-git,"2,366",337,Python,Plugin for some git integration into sublime text,https://github.com/kemayo/sublime-text-git,Software tools
sokolovstas/SublimeWebInspector,"2,365",99,Python,Web Inspector allow you debug Javascript right in the editor,https://github.com/sokolovstas/SublimeWebInspector,Software tools
laruence/yaf,"2,364",943,C,"A fast php framework written in c, built in php-ext",https://github.com/laruence/yaf,Web libraries and frameworks
bevacqua/rome,"2,364",171,JavaScript,":date: Customizable date (and time) picker. Opt-in UI, no jQuery!",https://github.com/bevacqua/rome,Web libraries and frameworks
madrobby/scriptaculous,"2,363",517,HTML,script.aculo.us is an open-source JavaScript framework for visual effects and interface behaviours.,https://github.com/madrobby/scriptaculous,Web libraries and frameworks
jquery-boilerplate/jquery-boilerplate,"2,362",518,JavaScript,A jump-start for jQuery plugins development,https://github.com/jquery-boilerplate/jquery-boilerplate,Web libraries and frameworks
rzwitserloot/lombok,"2,361",542,Java,Very spicy additions to the Java programming language.,https://github.com/rzwitserloot/lombok,Non-web libraries and frameworks
v2ray/v2ray-core,"2,361",394,Go,Building blocks for developing proxy servers in golang.,https://github.com/v2ray/v2ray-core,Web libraries and frameworks
mkdocs/mkdocs,"2,360",380,Python,Project documentation with Markdown.,https://github.com/mkdocs/mkdocs,Non-web libraries and frameworks
piskvorky/gensim,"2,360",836,Python,Topic Modelling for Humans,https://github.com/piskvorky/gensim,Non-web libraries and frameworks
spadgos/sublime-jsdocs,"2,359",225,Python,"Simplifies writing DocBlock comments in Javascript, PHP, CoffeeScript, Actionscript, C & C++",https://github.com/spadgos/sublime-jsdocs,Software tools
adamdbradley/foresight.js,"2,359",100,JavaScript,"DEPRECATED: Prior to recent developments with the picture element, Foresight.js gaves webpages the ability to tell if the user's device is capable of viewing high-resolution images before the image is requested from the server. Additionally, it judges if the user's device currently has a fast enough network connection for high-resolution images. Depending on device display and network connectivity, foresight.js will request the appropriate image for the webpage.",https://github.com/adamdbradley/foresight.js,Web libraries and frameworks
fiorix/freegeoip,"2,357",354,Go,IP geolocation web server,https://github.com/fiorix/freegeoip,System software
zolrath/wemux,"2,357",92,Shell,Multi-User Tmux Made Easy,https://github.com/zolrath/wemux,Software tools
Khan/tota11y,"2,356",80,JavaScript,an accessibility (a11y) visualization toolkit,https://github.com/Khan/tota11y,Web libraries and frameworks
joestump/python-oauth2,"2,356",934,Python,"A fully tested, abstract interface to creating OAuth clients and servers.",https://github.com/joestump/python-oauth2,Web libraries and frameworks
RetroPie/RetroPie-Setup,"2,354",309,Shell,Shell script to setup Raspberry Pi (TM) with RetroArch emulator and various cores,https://github.com/RetroPie/RetroPie-Setup,Software tools
caolan/highland,"2,353",105,JavaScript,High-level streams library for Node.js and the browser,https://github.com/caolan/highland,Non-web libraries and frameworks
peek/peek,"2,353",116,Ruby,Take a peek into your Rails applications.,https://github.com/peek/peek,Non-web libraries and frameworks
Ramotion/folding-cell,"2,352",164,Swift,FoldingCell is an expanding content cell inspired by folding paper material,https://github.com/Ramotion/folding-cell,Non-web libraries and frameworks
mledoze/countries,"2,351",429,PHP,"World countries in JSON, CSV, XML and Yaml. Any help is welcome!",https://github.com/mledoze/countries,Non-web libraries and frameworks
firstopinion/formatter.js,"2,351",193,JavaScript,Format html inputs to match a specified pattern,https://github.com/firstopinion/formatter.js,Web libraries and frameworks
moose-team/friends,"2,351",234,JavaScript,:tv: P2P chat powered by the web.,https://github.com/moose-team/friends,Application software
auth0/node-jsonwebtoken,"2,349",175,JavaScript,JsonWebToken implementation for node.js http://self-issued.info/docs/draft-ietf-oauth-json-web-token.html,https://github.com/auth0/node-jsonwebtoken,Web libraries and frameworks
awentzonline/image-analogies,"2,347",92,Python,Generate image analogies using neural matching and blending.,https://github.com/awentzonline/image-analogies,Non-web libraries and frameworks
pattle/simpsons-in-css,"2,347",452,CSS,Simpsons characters in CSS,https://github.com/pattle/simpsons-in-css,Web libraries and frameworks
thomasdavis/backbonetutorials,"2,346","2,014",JavaScript,"As single page apps and large scale javascript applications become more prominent on the web, useful resources for those developers who are jumping the ship are crucial.",https://github.com/thomasdavis/backbonetutorials,Documentation
Freelander/Android_Data,"2,345",561,Java,"Some Android learning materials, hoping to help you learn Android development.",https://github.com/Freelander/Android_Data,Documentation
edavis10/redmine,"2,344",725,Ruby,Redmine is a flexible project management web application written using Ruby on Rails framework. http://github.com/edavis10/redmine is the official git mirror of the svn repository,https://github.com/edavis10/redmine,Application software
TheAmazingAudioEngine/TheAmazingAudioEngine,"2,344",482,Objective-C,"Core Audio, Cordially: A sophisticated framework for iOS audio applications, built so you don't have to.",https://github.com/TheAmazingAudioEngine/TheAmazingAudioEngine,Non-web libraries and frameworks
purescript/purescript,"2,343",200,Haskell,A small strongly typed language that compiles to Javascript,https://github.com/purescript/purescript,Software tools
ryanoasis/nerd-fonts,"2,342",76,Python,":abcd: Collection of over 20 patched fonts (over 2,000 variations) & FontForge font patcher python script for Powerline, Font Awesome, Octicons, Devicons, and Vim Devicons. Includes: Droid Sans, Meslo, Source Code, AnonymousPro, Hack, ProFont, Inconsolata, and many more",https://github.com/ryanoasis/nerd-fonts,Software tools
milkbikis/powerline-shell,"2,341",366,Python,A beautiful and useful prompt for your shell,https://github.com/milkbikis/powerline-shell,Software tools
Sumi-Interactive/SIAlertView,"2,340",431,Objective-C,An UIAlertView replacement with block syntax and fancy transition styles.,https://github.com/Sumi-Interactive/SIAlertView,Non-web libraries and frameworks
square/sqlbrite,"2,339",181,Java,A lightweight wrapper around SQLiteOpenHelper which introduces reactive stream semantics to SQL operations.,https://github.com/square/sqlbrite,Non-web libraries and frameworks
testem/testem,"2,338",268,JavaScript,Test'em 'Scripts! A test runner that makes Javascript unit testing fun.,https://github.com/testem/testem,Software tools
rushter/data-science-blogs,"2,338",267,Python,A curated list of data science blogs,https://github.com/rushter/data-science-blogs,Documentation
python-pillow/Pillow,"2,337",496,Python,The friendly PIL fork,https://github.com/python-pillow/Pillow,Non-web libraries and frameworks
BonsaiDen/JavaScript-Garden,"2,336",492,CSS,A collection of documentation about the most quirky parts of the JavaScript language.,https://github.com/BonsaiDen/JavaScript-Garden,Documentation
JakeWharton/RxBinding,"2,334",237,Java,RxJava binding APIs for Android's UI widgets.,https://github.com/JakeWharton/RxBinding,Non-web libraries and frameworks
malihu/malihu-custom-scrollbar-plugin,"2,333",894,JavaScript,"Highly customizable custom scrollbar jQuery plugin, featuring vertical/horizontal scrollbars, scrolling momentum, mouse-wheel, keyboard and touch support etc.",https://github.com/malihu/malihu-custom-scrollbar-plugin,Web libraries and frameworks
orientechnologies/orientdb,"2,333",520,Java,"OrientDB is the first Multi-Model DBMS with Document & Graph engine. OrientDB can run distributed (Multi-Master), supports SQL, ACID Transactions, Full-Text indexing, Reactive Queries and has a small memory footprint. OrientDB is licensed with Apache 2 license and the development is driven by OrientDB LTD and a worldwide Open Source community.",https://github.com/orientechnologies/orientdb,System software
jhurray/JHChainableAnimations,"2,331",203,Objective-C,Easy to read and write chainable animations in Objective-C,https://github.com/jhurray/JHChainableAnimations,Non-web libraries and frameworks
argon/node-apn,"2,330",292,JavaScript,Apple Push Notification module for Node.js,https://github.com/argon/node-apn,Non-web libraries and frameworks
angular-ui/angular-ui-OLDREPO,"2,330",400,JavaScript,DISCONTINUED REPO: This project has been restructured ->,https://github.com/angular-ui/angular-ui-OLDREPO,Web libraries and frameworks
js-cookie/js-cookie,"2,329",354,JavaScript,"A simple, lightweight JavaScript API for handling browser cookies",https://github.com/js-cookie/js-cookie,Web libraries and frameworks
mesosphere/marathon,"2,329",506,Scala,Deploy and manage containers (including Docker) on top of Apache Mesos at scale.,https://github.com/mesosphere/marathon,Software tools
donnemartin/interactive-coding-challenges,"2,329",293,Python,"Continually updated, interactive, test-driven Python coding challenges (algorithms and data structures) typically found in coding interviews or coding competitions. https://bit.ly/git-code",https://github.com/donnemartin/interactive-coding-challenges,Documentation
jetpacapp/DeepBeliefSDK,"2,328",348,JavaScript,The SDK for Jetpac's iOS Deep Belief image recognition framework,https://github.com/jetpacapp/DeepBeliefSDK,Non-web libraries and frameworks
jeromeetienne/jquery-qrcode,"2,326",920,JavaScript,qrcode generation standalone (doesn't depend on external services),https://github.com/jeromeetienne/jquery-qrcode,Web libraries and frameworks
substack/dnode,"2,326",174,JavaScript,turtles all the way down rpc,https://github.com/substack/dnode,Non-web libraries and frameworks
FLIF-hub/FLIF,"2,323",129,C++,Free Lossless Image Format,https://github.com/FLIF-hub/FLIF,Non-web libraries and frameworks
gmoledina/GMGridView,"2,323",585,Objective-C,A performant Grid-View for iOS (iPhone/iPad) that allows sorting of views with gestures (the user can move the items with his finger to sort them) and pinching/rotating/panning gestures allow the user to play with the view and toggle from the cellview to a fullsize display.,https://github.com/gmoledina/GMGridView,Non-web libraries and frameworks
elementalui/elemental,"2,323",111,JavaScript,A flexible and beautiful UI framework for React.js,https://github.com/elementalui/elemental,Web libraries and frameworks
gatling/gatling,"2,321",448,Scala,Async Scala-Akka-Netty based Load Test Tool,https://github.com/gatling/gatling,Non-web libraries and frameworks
emre/storm,"2,321",96,Python,Manage your SSH like a boss.,https://github.com/emre/storm,Software tools
meltingice/CamanJS,"2,320",261,HTML,Javascript HTML5 (Ca)nvas (Man)ipulation,https://github.com/meltingice/CamanJS,Web libraries and frameworks
a8m/angular-filter,"2,319",210,JavaScript,Bunch of useful filters for AngularJS (with no external dependencies!),https://github.com/a8m/angular-filter,Web libraries and frameworks
edwardtufte/tufte-css,"2,318",153,HTML,Style your webpage like Edward Tufte’s handouts.,https://github.com/edwardtufte/tufte-css,Web libraries and frameworks
baidu-ife/ife,"2,318","2,403",JavaScript,Baidu Institute of Front－End Technology,https://github.com/baidu-ife/ife,Web libraries and frameworks
Yalantis/FoldingTabBar.iOS,"2,318",287,Objective-C,Folding Tab Bar and Tab Bar Controller,https://github.com/Yalantis/FoldingTabBar.iOS,Non-web libraries and frameworks
processone/ejabberd,"2,317",733,Erlang,"Robust, ubiquitous and massively scalable Jabber / XMPP Instant Messaging platform",https://github.com/processone/ejabberd,Non-web libraries and frameworks
rails/jquery-ujs,"2,316",470,JavaScript,Ruby on Rails unobtrusive scripting adapter for jQuery,https://github.com/rails/jquery-ujs,Web libraries and frameworks
xmartlabs/XLPagerTabStrip,"2,316",318,Swift,Android PagerTabStrip for iOS.,https://github.com/xmartlabs/XLPagerTabStrip,Non-web libraries and frameworks
sensu/sensu,"2,315",313,Ruby,"A monitoring framework that aims to be simple, malleable, and scalable.",https://github.com/sensu/sensu,Software tools
GarageGames/Torque3D,"2,314","1,064",C++,MIT Licensed Open Source version of Torque 3D from GarageGames,https://github.com/GarageGames/Torque3D,Non-web libraries and frameworks
angular-ui/ui-select,"2,314","1,275",JavaScript,AngularJS-native version of Select2 and Selectize,https://github.com/angular-ui/ui-select,Web libraries and frameworks
maraujop/django-crispy-forms,"2,314",402,Python,The best way to have DRY Django forms. The app provides a tag and filter that lets you quickly render forms in a div format while providing an enormous amount of capability to configure and control the rendered HTML.,https://github.com/maraujop/django-crispy-forms,Web libraries and frameworks
mjibson/goread,"2,312",317,Go,RSS reader in go on app engine,https://github.com/mjibson/goread,Application software
postrank-labs/goliath,"2,312",211,Ruby,Goliath is a non-blocking Ruby web server framework,https://github.com/postrank-labs/goliath,Web libraries and frameworks
zachsoft/Ionic-Material,"2,312",662,JavaScript,Seamless Material Design theme for Ionic,https://github.com/zachsoft/Ionic-Material,Web libraries and frameworks
maxogden/menubar,"2,310",117,JavaScript,➖ high level way to create menubar desktop applications with electron,https://github.com/maxogden/menubar,Non-web libraries and frameworks
sublimehq/Packages,"2,310",194,JavaScript,,https://github.com/sublimehq/Packages,Software tools
telly/TLYShyNavBar,"2,309",259,Objective-C,"Unlike all those arrogant UINavigationBar, this one is shy and humble! Easily create auto-scrolling navigation bars!",https://github.com/telly/TLYShyNavBar,Non-web libraries and frameworks
loopj/jquery-tokeninput,"2,308","1,011",JavaScript,"Tokeninput is a jQuery plugin which allows your users to select multiple items from a predefined list, using autocompletion as they type to find each item. You may have seen a similar type of text entry when filling in the recipients field sending messages on facebook.",https://github.com/loopj/jquery-tokeninput,Web libraries and frameworks
lipka/piecon,"2,308",123,JavaScript,A tiny javascript library for generating progress pie charts in your favicon.,https://github.com/lipka/piecon,Web libraries and frameworks
jwilder/nginx-proxy,"2,308",580,Shell,Automated nginx proxy for Docker containers using docker-gen,https://github.com/jwilder/nginx-proxy,Software tools
johnpolacek/superscrollorama,"2,308",576,JavaScript,The original jQuery plugin for supercool scroll animation. NOTE: No longer under active development. New version is ScrollMagic.js,https://github.com/johnpolacek/superscrollorama,Web libraries and frameworks
fivethirtyeight/data,"2,308",944,Jupyter Notebook,Data and code behind the stories and interactives at FiveThirtyEight,https://github.com/fivethirtyeight/data,Documentation
adamschwartz/log,"2,307",118,JavaScript,Console.log with style,https://github.com/adamschwartz/log,Non-web libraries and frameworks
icsharpcode/ILSpy,"2,307",674,C#,.NET Decompiler,https://github.com/icsharpcode/ILSpy,Software tools
romannurik/muzei,"2,307",595,Java,Muzei Live Wallpaper for Android,https://github.com/romannurik/muzei,Application software
luin/medis,"2,306",98,JavaScript,"Medis is a beautiful, easy-to-use Mac database management application for Redis.",https://github.com/luin/medis,Software tools
sstephenson/bats,"2,305",181,Shell,Bash Automated Testing System,https://github.com/sstephenson/bats,Software tools
angular/angular-phonecat,"2,305","4,082",JavaScript,Tutorial on building an angular application.,https://github.com/angular/angular-phonecat,Documentation
nickoneill/PermissionScope,"2,302",148,Swift,Intelligent iOS permissions UI and unified API,https://github.com/nickoneill/PermissionScope,Non-web libraries and frameworks
sprang/Inkpad,"2,302",423,Objective-C,Vector illustration app for the iPad.,https://github.com/sprang/Inkpad,Application software
visit1985/mdp,"2,301",117,C,A command-line based markdown presentation tool.,https://github.com/visit1985/mdp,Application software
bryankeller/BLKFlexibleHeightBar,"2,300",264,Objective-C,"Create condensing header bars like those seen in the Facebook, Square Cash, and Safari iOS apps.",https://github.com/bryankeller/BLKFlexibleHeightBar,Non-web libraries and frameworks
jimbojsb/launchrocket,"2,299",68,Objective-C,A Mac PrefPane to manage all your Homebrew-installed services,https://github.com/jimbojsb/launchrocket,Software tools
leemunroe/grunt-email-workflow,"2,299",240,CSS,A Grunt workflow for designing and testing responsive HTML email templates with SCSS.,https://github.com/leemunroe/grunt-email-workflow,Web libraries and frameworks
oklai/koala,"2,298",367,JavaScript,"Koala is a GUI application for less, sass and coffeescript compilation, to help web developers to the development more efficient.",https://github.com/oklai/koala,Software tools
witoldsz/angular-http-auth,"2,298",407,JavaScript,,https://github.com/witoldsz/angular-http-auth,Web libraries and frameworks
kazzkiq/balloon.css,"2,298",140,CSS,Simple tooltips made of pure CSS,https://github.com/kazzkiq/balloon.css,Web libraries and frameworks
JoelBesada/activate-power-mode,"2,298",265,CoffeeScript,Atom package - Activate POWER MODE to write your code in style.,https://github.com/JoelBesada/activate-power-mode,Software tools
mockito/mockito,"2,297",465,Java,Mocking framework for unit tests written in Java,https://github.com/mockito/mockito,Non-web libraries and frameworks
Stuk/jszip,"2,297",249,JavaScript,"Create, read and edit .zip files with Javascript",https://github.com/Stuk/jszip,Non-web libraries and frameworks
clvv/fasd,"2,297",85,Shell,"Command-line productivity booster, offers quick access to files and directories, inspired by autojump, z and v.",https://github.com/clvv/fasd,Software tools
umpirsky/country-list,"2,297",752,HTML,:globe_with_meridians: List of all countries with names and ISO 3166-1 codes in all languages and data formats.,https://github.com/umpirsky/country-list,Documentation
Nyx0uf/NYXImagesKit,"2,293",293,Objective-C,"A set of efficient categories for UIImage class. It allows filtering, resizing, masking, rotating, enhancing... and more.",https://github.com/Nyx0uf/NYXImagesKit,Non-web libraries and frameworks
tooling/book-of-modern-frontend-tooling,"2,293",144,JavaScript,The Front-end Tooling Book,https://github.com/tooling/book-of-modern-frontend-tooling,Documentation
omab/django-social-auth,"2,293",768,Python,Django social authentication made simple,https://github.com/omab/django-social-auth,Web libraries and frameworks
aasm/aasm,"2,291",365,Ruby,"AASM - State machines for Ruby classes (plain Ruby, ActiveRecord, Mongoid, MongoMapper)",https://github.com/aasm/aasm,Non-web libraries and frameworks
tj/should.js,"2,291",196,JavaScript,BDD style assertions for node.js -- test framework agnostic,https://github.com/tj/should.js,Non-web libraries and frameworks
SwiftBond/Bond,"2,290",170,Swift,A Swift binding framework,https://github.com/SwiftBond/Bond,Non-web libraries and frameworks
jgilfelt/android-viewbadger,"2,289",934,Java,"[DEPRECATED] A simple way to ""badge"" any given Android view at runtime without having to cater for it in layout",https://github.com/jgilfelt/android-viewbadger,Non-web libraries and frameworks
Soundnode/soundnode-app,"2,289",254,JavaScript,"Soundnode App is the Soundcloud for desktop. Built with NW.js, Angular.js and Soundcloud API.",https://github.com/Soundnode/soundnode-app,Application software
grevory/angular-local-storage,"2,286",467,JavaScript,An AngularJS module that gives you access to the browsers local storage with cookie fallback,https://github.com/grevory/angular-local-storage,Web libraries and frameworks
jpillora/xdomain,"2,285",179,JavaScript,A pure JavaScript CORS alternative,https://github.com/jpillora/xdomain,Web libraries and frameworks
seatgeek/fuzzywuzzy,"2,283",231,Python,Fuzzy String Matching in Python,https://github.com/seatgeek/fuzzywuzzy,Non-web libraries and frameworks
spray/spray,"2,283",546,Scala,"A suite of scala libraries for building and consuming RESTful web services on top of Akka: lightweight, asynchronous, non-blocking, actor-based, testable",https://github.com/spray/spray,Web libraries and frameworks
majutsushi/tagbar,"2,282",192,VimL,"Vim plugin that displays tags in a window, ordered by scope",https://github.com/majutsushi/tagbar,Software tools
mootools/mootools-core,"2,282",449,JavaScript,MooTools Core Repository,https://github.com/mootools/mootools-core,Web libraries and frameworks
qii/weiciyuan,"2,280","1,298",Java,Sina Weibo Android Client,https://github.com/qii/weiciyuan,Application software
thoughtbot/clearance,"2,279",292,Ruby,Rails authentication with email & password.,https://github.com/thoughtbot/clearance,Web libraries and frameworks
lexrus/VPNOn,"2,279",419,Swift,Turn On your VPN like a hero.,https://github.com/lexrus/VPNOn,Application software
apidoc/apidoc,"2,278",437,JavaScript,RESTful web API Documentation Generator.,https://github.com/apidoc/apidoc,Software tools
deeplearning4j/deeplearning4j,"2,277",791,Java,"Deep Learning for Java, Scala & Clojure on Hadoop, Spark",https://github.com/deeplearning4j/deeplearning4j,Non-web libraries and frameworks
bobthecow/mustache.php,"2,277",355,PHP,A Mustache implementation in PHP.,https://github.com/bobthecow/mustache.php,Web libraries and frameworks
gelstudios/gitfiti,"2,277",191,Python,abusing github commit history for the lulz,https://github.com/gelstudios/gitfiti,Software tools
thoughtbot/high_voltage,"2,276",137,Ruby,Easily include static pages in your Rails app.,https://github.com/thoughtbot/high_voltage,Web libraries and frameworks
jamesflorentino/nanoScrollerJS,"2,276",489,JavaScript,A jQuery plugin that offers a simplistic way of implementing Lion OS scrollbars.,https://github.com/jamesflorentino/nanoScrollerJS,Web libraries and frameworks
Prototik/HoloEverywhere,"2,275",758,Java,NO LONGER MAINTAINED. DEVELOP FOR 4.X+ DUDE.,https://github.com/Prototik/HoloEverywhere,Non-web libraries and frameworks
mapbox/tilemill,"2,275",436,JavaScript,A modern map design studio.,https://github.com/mapbox/tilemill,Application software
victorBaro/VBFPopFlatButton,"2,275",241,Objective-C,Flat button with 9 different states using POP,https://github.com/victorBaro/VBFPopFlatButton,Non-web libraries and frameworks
keepassx/keepassx,"2,274",382,C++,KeePassX is a cross platform port of the windows application “Keepass Password Safe”.,https://github.com/keepassx/keepassx,Application software
picocms/Pico,"2,274",432,PHP,"Pico is a stupidly simple, blazing fast, flat file CMS.",https://github.com/picocms/Pico,Application software
zaach/jison,"2,274",255,JavaScript,Bison in JavaScript.,https://github.com/zaach/jison,Non-web libraries and frameworks
stacktracejs/stacktrace.js,"2,273",222,JavaScript,"Framework-agnostic, micro-library for getting stack traces in all web browsers",https://github.com/stacktracejs/stacktrace.js,Web libraries and frameworks
OpenKinect/libfreenect,"2,270",858,C,"Drivers and libraries for the Xbox Kinect device on WIndows, Linux, and OS X",https://github.com/OpenKinect/libfreenect,System software
requirejs/almond,"2,269",152,JavaScript,A minimal AMD API implementation for use after optimized builds,https://github.com/requirejs/almond,Non-web libraries and frameworks
matthewhudson/device.js,"2,269",372,JavaScript,"Device.js makes it easy to write conditional CSS _and/or_ JavaScript based on device operating system (iOS, Android, Blackberry, Windows, Firefox OS, MeeGo), orientation (Portrait vs. Landscape), and type (Tablet vs. Mobile).",https://github.com/matthewhudson/device.js,Web libraries and frameworks
jeanphix/Ghost.py,"2,268",325,Python,Webkit based scriptable web browser for python.,https://github.com/jeanphix/Ghost.py,Non-web libraries and frameworks
chrislusf/seaweedfs,"2,268",303,Go,"SeaweedFS is a simple and highly scalable distributed file system. There are two objectives: to store billions of files! to serve the files fast! Instead of supporting full POSIX file system semantics, Seaweed-FS choose to implement only a key~file mapping. Similar to the word ""NoSQL"", you can call it as ""NoFS"".",https://github.com/chrislusf/seaweedfs,Software tools
jonsuh/hamburgers,"2,267",149,CSS,Tasty CSS-animated Hamburgers,https://github.com/jonsuh/hamburgers,Web libraries and frameworks
JoanZapata/android-iconify,"2,266",341,Java,"Android integration of multiple icon providers such as FontAwesome, Entypo, Typicons,...",https://github.com/JoanZapata/android-iconify,Non-web libraries and frameworks
aroc/side-comments,"2,265",184,JavaScript,[UNMAINTAINED] An interface component to give your site/app Medium.com style commenting.,https://github.com/aroc/side-comments,Web libraries and frameworks
forkingdog/FDFullscreenPopGesture,"2,264",450,Objective-C,A UINavigationController's category to enable fullscreen pop gesture with iOS7+ system style.,https://github.com/forkingdog/FDFullscreenPopGesture,Non-web libraries and frameworks
pennersr/django-allauth,"2,263",828,Python,"Integrated set of Django applications addressing authentication, registration, account management as well as 3rd party (social) account authentication.",https://github.com/pennersr/django-allauth,Web libraries and frameworks
lg/murder,"2,263",192,Python,Large scale server deploys using BitTorrent and the BitTornado library,https://github.com/lg/murder,System software
kylestetz/CLNDR,"2,262",349,JavaScript,:calendar: a jQuery calendar plugin that uses HTML templates,https://github.com/kylestetz/CLNDR,Web libraries and frameworks
cryptocat/cryptocat,"2,261",336,JavaScript,Easy to use encrypted instant messaging built on modern web technologies.,https://github.com/cryptocat/cryptocat,Non-web libraries and frameworks
hybridgroup/cylon,"2,261",187,JavaScript,"JavaScript framework for robotics, drones, and the Internet of Things",https://github.com/hybridgroup/cylon,Non-web libraries and frameworks
awslabs/s2n,"2,260",188,C,s2n : an implementation of the TLS/SSL protocols,https://github.com/awslabs/s2n,Non-web libraries and frameworks
developit/preact,"2,260",55,JavaScript,:zap: Fast 3kb React alternative with the same ES6 API. Components & Virtual DOM.,https://github.com/developit/preact,Web libraries and frameworks
kennethreitz/autoenv,"2,259",112,Shell,Directory-based environments.,https://github.com/kennethreitz/autoenv,Software tools
pksunkara/alpaca,"2,259",81,Go,"Given a web API, Generate client libraries in node, php, python, ruby",https://github.com/pksunkara/alpaca,Software tools
qfish/XAlign,"2,258",377,Objective-C,An amazing Xcode plugin to align regular code. it can align Xnything in any way you want.,https://github.com/qfish/XAlign,Software tools
Comcast/FreeFlow,"2,256",417,Java,A layout engine for Android that decouples layouts from the View containers that manage scrolling and view recycling. FreeFlow makes it really easy to create custom layouts and beautiful transition animations as data and layouts change,https://github.com/Comcast/FreeFlow,Non-web libraries and frameworks
ivansafrin/Polycode,"2,256",372,C++,Polycode is a cross-platform framework for creative code.,https://github.com/ivansafrin/Polycode,Non-web libraries and frameworks
skylot/jadx,"2,256",424,Java,Dex to Java decompiler,https://github.com/skylot/jadx,Software tools
Alluxio/alluxio,"2,254",864,Java,Memory-Speed Virtual Distributed Storage System,https://github.com/Alluxio/alluxio,Software tools
mailgun/godebug,"2,253",80,Go,A cross-platform debugger for Go.,https://github.com/mailgun/godebug,Software tools
ant0ine/go-json-rest,"2,253",236,Go,A quick and easy way to setup a RESTful JSON API,https://github.com/ant0ine/go-json-rest,Web libraries and frameworks
SirVer/ultisnips,"2,252",331,Python,UltiSnips - The ultimate snippet solution for Vim. Send pull requests to SirVer/ultisnips!,https://github.com/SirVer/ultisnips,Software tools
diafygi/acme-tiny,"2,251",167,Python,A tiny script to issue and renew TLS certs from Let's Encrypt,https://github.com/diafygi/acme-tiny,Software tools
AngularClass/angular2-webpack-starter,"2,251","1,015",JavaScript,"An Angular 2 Starter kit featuring Angular 2 (Router, Http, Forms, Services, Tests, E2E, Dev/Prod), Karma, Protractor, Jasmine, Istanbul, TypeScript, TsLint, Ng2Lint, Hot Module Replacement, Typings, and Webpack by @AngularClass",https://github.com/AngularClass/angular2-webpack-starter,Web libraries and frameworks
Wox-launcher/Wox,"2,249",309,C#,An effective launcher for Windows. an alternative to Alfred or Launchy.,https://github.com/Wox-launcher/Wox,Non-web libraries and frameworks
chrismiles/CMPopTipView,"2,247",425,Objective-C,"Custom UIView for iOS that pops up an animated ""bubble"" pointing at a button or other view. Useful for popup tips.",https://github.com/chrismiles/CMPopTipView,Non-web libraries and frameworks
haifengl/smile,"2,247",276,Java,Statistical Machine Intelligence & Learning Engine,https://github.com/haifengl/smile,Non-web libraries and frameworks
HubPress/hubpress.io,"2,246","2,068",CSS,A web application to build your blog on GitHub,https://github.com/HubPress/hubpress.io,Application software
YOURLS/YOURLS,"2,245",561,PHP,Your Own URL Shortener.,https://github.com/YOURLS/YOURLS,Application software
gimite/web-socket-js,"2,245",365,JavaScript,HTML5 Web Socket implementation powered by Flash,https://github.com/gimite/web-socket-js,Web libraries and frameworks
chrisallenlane/cheat,"2,244",273,Python,"cheat allows you to create and view interactive cheatsheets on the command-line. It was designed to help remind *nix system administrators of options for commands that they use frequently, but not frequently enough to remember.",https://github.com/chrisallenlane/cheat,Application software
davidhalter/jedi-vim,"2,244",193,VimL,Using the jedi autocompletion library for VIM.,https://github.com/davidhalter/jedi-vim,Software tools
denysdovhan/bash-handbook,"2,244",126,JavaScript,:book: For those who wanna learn Bash,https://github.com/denysdovhan/bash-handbook,Documentation
yeoman/generator-webapp,"2,242",470,JavaScript,A gulp.js generator for modern webapps,https://github.com/yeoman/generator-webapp,Web libraries and frameworks
Yalantis/StarWars.iOS,"2,242",195,Swift,This component implements transition animation to crumble view-controller into tiny pieces.,https://github.com/Yalantis/StarWars.iOS,Non-web libraries and frameworks
pickhardt/betty,"2,241",154,Ruby,Friendly English-like interface for your command line. Don't remember a command? Ask Betty.,https://github.com/pickhardt/betty,Software tools
Linuxbrew/linuxbrew,"2,241",329,Ruby,:beer::penguin: The Homebrew package manager for Linux,https://github.com/Linuxbrew/linuxbrew,Software tools
esvit/ng-table,"2,238",742,JavaScript,Simple table with sorting and filtering on AngularJS,https://github.com/esvit/ng-table,Web libraries and frameworks
klaussilveira/gitlist,"2,237",427,CSS,An elegant and modern git repository viewer,https://github.com/klaussilveira/gitlist,Application software
aozora/bootmetro,"2,237",552,HTML,Simple and complete web UI framework to create web apps with Windows 8 Metro user interface.,https://github.com/aozora/bootmetro,Web libraries and frameworks
cjdelisle/cjdns,"2,236",342,Assembly,,https://github.com/cjdelisle/cjdns,Non-web libraries and frameworks
posabsolute/jQuery-Validation-Engine,"2,236","1,174",JavaScript,jQuery form validation plugin,https://github.com/posabsolute/jQuery-Validation-Engine,Web libraries and frameworks
devongovett/pdfkit,"2,235",320,CoffeeScript,A JavaScript PDF generation library for Node and the browser,https://github.com/devongovett/pdfkit,Non-web libraries and frameworks
google/roboto,"2,235",193,Python,The Roboto family of fonts,https://github.com/google/roboto,Software tools
facebook/react-devtools,"2,234",227,JavaScript,An extension that allows inspection of React component hierarchy in Chrome Developer Tools.,https://github.com/facebook/react-devtools,Web libraries and frameworks
fogleman/nes,"2,233",170,Go,NES emulator written in Go.,https://github.com/fogleman/nes,Application software
scala-js/scala-js,"2,232",197,Scala,"Scala.js, the Scala to JavaScript compiler",https://github.com/scala-js/scala-js,Software tools
gocd/gocd,"2,232",390,Java,Main repository for Go Continuous Delivery,https://github.com/gocd/gocd,Software tools
swisspol/GCDWebServer,"2,230",328,Objective-C,Lightweight GCD based HTTP server for OS X & iOS (includes web based uploader & WebDAV server),https://github.com/swisspol/GCDWebServer,System software
johnmyleswhite/ML_for_Hackers,"2,229","1,614",R,"Code accompanying the book ""Machine Learning for Hackers""",https://github.com/johnmyleswhite/ML_for_Hackers,Documentation
tangqi92/Android-Tips,"2,229",606,Java,An awesome list of tips for android.,https://github.com/tangqi92/Android-Tips,Documentation
paulkinzett/toolbar,"2,228",316,JavaScript,A tooltip style toolbar jQuery plugin,https://github.com/paulkinzett/toolbar,Web libraries and frameworks
lelylan/betterspecs,"2,228",194,HTML,RSpec Best Practices,https://github.com/lelylan/betterspecs,Documentation
codeinthedark/editor,"2,228",495,HTML,The official Code in the Dark editor,https://github.com/codeinthedark/editor,Application software
MarshallOfSound/Google-Play-Music-Desktop-Player-UNOFFICIAL-,"2,228",203,JavaScript,A beautiful cross platform Desktop Player for Google Play Music,https://github.com/MarshallOfSound/Google-Play-Music-Desktop-Player-UNOFFICIAL-,Application software
cameronmcefee/plax,"2,226",220,JavaScript,JQuery powered parallaxing,https://github.com/cameronmcefee/plax,Web libraries and frameworks
aziz/PlainTasks,"2,226",215,Python,An opinionated todo-list plugin for Sublime Text editor (version 2 and 3),https://github.com/aziz/PlainTasks,Software tools
nlohmann/json,"2,225",288,C++,JSON for Modern C++,https://github.com/nlohmann/json,Non-web libraries and frameworks
mbostock/topojson,"2,225",520,JavaScript,An extension to GeoJSON that encodes topology.,https://github.com/mbostock/topojson,Application software
pixelmatrix/uniform,"2,225",371,CSS,A plugin for jQuery. Make your form controls look how you want them to.,https://github.com/pixelmatrix/uniform,Web libraries and frameworks
marvelapp/devices.css,"2,225",223,CSS,Pure CSS phones and tablets,https://github.com/marvelapp/devices.css,Web libraries and frameworks
Sylius/Sylius,"2,224",812,PHP,eCommerce PHP framework built on top of Symfony with component-based architecture and format-agnostic rendering. (HTML/JSON/XML),https://github.com/Sylius/Sylius,Application software
zsh-users/zsh-syntax-highlighting,"2,224",160,Shell,Fish shell like syntax highlighting for Zsh.,https://github.com/zsh-users/zsh-syntax-highlighting,Software tools
Shougo/unite.vim,"2,223",187,VimL,:dragon: Unite and create user interfaces,https://github.com/Shougo/unite.vim,Software tools
ClusterHQ/flocker,"2,222",167,Python,Container data volume manager for your Dockerized application,https://github.com/ClusterHQ/flocker,Software tools
jasny/bootstrap,"2,222",437,JavaScript,The missing components for your favorite front-end framework.,https://github.com/jasny/bootstrap,Web libraries and frameworks
hrydgard/ppsspp,"2,221",875,C++,"A PSP emulator for Android, Windows, Mac, Linux and Blackberry 10, written in C++. Want to contribute? Join us in #ppsspp on freenode (IRC) or just send pull requests / issues.",https://github.com/hrydgard/ppsspp,Application software
indexzero/nconf,"2,218",147,JavaScript,"Hierarchical node.js configuration with files, environment variables, command-line arguments, and atomic object merging.",https://github.com/indexzero/nconf,Software tools
airbnb/airflow,"2,218",455,JavaScript,"Airflow is a system to programmatically author, schedule and monitor data pipelines.",https://github.com/airbnb/airflow,Application software
angular-ui/angular-google-maps,"2,217",915,CoffeeScript,AngularJS directives for the Google Maps Javascript API,https://github.com/angular-ui/angular-google-maps,Web libraries and frameworks
angular/batarang,"2,216",300,JavaScript,AngularJS WebInspector Extension for Chrome,https://github.com/angular/batarang,Software tools
jpetazzo/pipework,"2,215",363,Shell,Software-Defined Networking tools for LXC (LinuX Containers),https://github.com/jpetazzo/pipework,Software tools
fians/Waves,"2,215",319,JavaScript,Click effect inspired by Google's Material Design,https://github.com/fians/Waves,Web libraries and frameworks
jp9000/OBS,"2,215",622,C,Open Broadcaster Software,https://github.com/jp9000/OBS,Application software
thearn/webcam-pulse-detector,"2,215",308,Python,A python application that detects and highlights the heart-rate of an individual (using only their own webcam) in real-time.,https://github.com/thearn/webcam-pulse-detector,Application software
java-native-access/jna,"2,213",644,Java,Java Native Access,https://github.com/java-native-access/jna,Non-web libraries and frameworks
mrackwitz/MRProgress,"2,212",260,Objective-C,Collection of iOS drop-in components to visualize progress,https://github.com/mrackwitz/MRProgress,Non-web libraries and frameworks
rickyrauch/Balloons.IO,"2,212",507,CSS,"Balloons.IO is a web multi-room chat server and client ready to use. It’s built with the help of node.JS, Express, Socket.IO and Redis. Balloons uses PassportJS for authentication with Twitter and Facebook",https://github.com/rickyrauch/Balloons.IO,Web libraries and frameworks
dmotz/oriDomi,"2,212",207,CoffeeScript,Fold up DOM elements like paper,https://github.com/dmotz/oriDomi,Web libraries and frameworks
h2non/toxy,"2,211",67,JavaScript,Hackable HTTP proxy to simulate server failure scenarios and network conditions,https://github.com/h2non/toxy,Non-web libraries and frameworks
substack/node-optimist,"2,211",131,JavaScript,Light-weight option parsing for node.js,https://github.com/substack/node-optimist,Non-web libraries and frameworks
walkor/Workerman,"2,211",745,PHP,"An asynchronous event driven PHP framework for easily building fast, scalable network applications. Supports HTTP, Websocket and other custom protocols. Supports libevent, HHVM.",https://github.com/walkor/Workerman,Web libraries and frameworks
jeffknupp/sandman,"2,210",183,Python,"Sandman ""makes things REST"".",https://github.com/jeffknupp/sandman,Software tools
apex/apex,"2,209",85,Go,Minimal AWS Lambda function manager with Go support.,https://github.com/apex/apex,Web libraries and frameworks
octokit/octokit.rb,"2,209",551,Ruby,Ruby toolkit for the GitHub API,https://github.com/octokit/octokit.rb,Web libraries and frameworks
JedWatson/classnames,"2,209",83,JavaScript,A simple javascript utility for conditionally joining classNames together,https://github.com/JedWatson/classnames,Web libraries and frameworks
cheeaun/life,"2,208",562,HTML,Life - a timeline of important events in my life,https://github.com/cheeaun/life,Web libraries and frameworks
facebook/fixed-data-table,"2,208",294,JavaScript,A React table component designed to allow presenting thousands of rows of data.,https://github.com/facebook/fixed-data-table,Web libraries and frameworks
powmedia/backbone-forms,"2,207",437,JavaScript,"Form framework for BackboneJS with nested forms, editable lists and validation",https://github.com/powmedia/backbone-forms,Web libraries and frameworks
nathancahill/Split.js,"2,207",95,JavaScript,"Lightweight, unopinionated utility for adjustable split views",https://github.com/nathancahill/Split.js,Web libraries and frameworks
laverdet/node-fibers,"2,206",141,C,Fiber/coroutine support for v8 and node.,https://github.com/laverdet/node-fibers,Non-web libraries and frameworks
luvit/luvit,"2,206",238,Lua,Lua + libUV + jIT = pure awesomesauce,https://github.com/luvit/luvit,Non-web libraries and frameworks
drupal/drupal,"2,205","1,035",PHP,"Verbatim mirror of the git.drupal.org repository for Drupal core. Changes will not be pulled, and merge requests will not be accepted, if you want to contribute, go to Drupal.org:",https://github.com/drupal/drupal,Application software
go-sql-driver/mysql,"2,204",513,Go,Go MySQL Driver is a lightweight and fast MySQL driver for Go's (golang) database/sql package,https://github.com/go-sql-driver/mysql,Non-web libraries and frameworks
scipy/scipy,"2,204","1,282",Python,Scipy library main repository,https://github.com/scipy/scipy,Non-web libraries and frameworks
ryanb/letter_opener,"2,204",157,Ruby,Preview mail in the browser instead of sending.,https://github.com/ryanb/letter_opener,Web libraries and frameworks
rui314/8cc,"2,203",196,C,A Small C Compiler,https://github.com/rui314/8cc,Software tools
MahApps/MahApps.Metro,"2,202","1,103",C#,A toolkit for creating Metro / Modern UI styled WPF apps.,https://github.com/MahApps/MahApps.Metro,Non-web libraries and frameworks
Yalantis/Phoenix,"2,201",644,Java,Phoenix Pull-to-Refresh,https://github.com/Yalantis/Phoenix,Non-web libraries and frameworks
garand/sticky,"2,199",698,JavaScript,jQuery Plugin for Sticky Objects,https://github.com/garand/sticky,Web libraries and frameworks
samizdatco/arbor,"2,199",550,JavaScript,a graph visualization library using web workers and jQuery,https://github.com/samizdatco/arbor,Web libraries and frameworks
dfcb/BigVideo.js,"2,199",454,JavaScript,The jQuery Plugin for Big Background Video (and Images),https://github.com/dfcb/BigVideo.js,Web libraries and frameworks
ThrivingKings/animo.js,"2,198",379,CSS,A powerful little tool for managing CSS animations,https://github.com/ThrivingKings/animo.js,Web libraries and frameworks
kumailht/gridforms,"2,198",206,CSS,Data entry can be beautiful,https://github.com/kumailht/gridforms,Web libraries and frameworks
openaphid/android-flip,"2,197","1,276",Java,"A component for flip animation on Android, which is similar to the effect in Flipboard iPhone/Android",https://github.com/openaphid/android-flip,Non-web libraries and frameworks
adambom/parallel.js,"2,195",165,JavaScript,Parallel.js is a tiny library for multi-core processing in Javascript.,https://github.com/adambom/parallel.js,Non-web libraries and frameworks
voronianski/flux-comparison,"2,195",159,JavaScript,:pencil: Practical comparison of different Flux solutions,https://github.com/voronianski/flux-comparison,Documentation
activerecord-hackery/squeel,"2,193",187,Ruby,"Active Record, improved. Live again :)",https://github.com/activerecord-hackery/squeel,Non-web libraries and frameworks
nikic/PHP-Parser,"2,193",297,PHP,A PHP parser written in PHP,https://github.com/nikic/PHP-Parser,Non-web libraries and frameworks
linkedin/dustjs,"2,193",383,JavaScript,Asynchronous Javascript templating for the browser and server,https://github.com/linkedin/dustjs,Web libraries and frameworks
karan/joe,"2,192",97,Python,:running: A .gitignore magician in your command line,https://github.com/karan/joe,Software tools
pudo/dataset,"2,191",122,Python,"Easy-to-use data handling for SQL data stores with support for implicit table creation, bulk loading, and transactions. Dataset also includes support for freezing data to CSV and JSON flat files.",https://github.com/pudo/dataset,Software tools
reactjs/reselect,"2,191",56,JavaScript,Selector library for Redux,https://github.com/reactjs/reselect,Web libraries and frameworks
yoavlt/LiquidFloatingActionButton,"2,191",246,Swift,Material Design Floating Action Button in liquid state,https://github.com/yoavlt/LiquidFloatingActionButton,Non-web libraries and frameworks
Frege/frege,"2,190",93,Frege,Frege is a Haskell for the JVM. It brings purely functional programing to the Java platform.,https://github.com/Frege/frege,System software
TransitApp/SVWebViewController,"2,189",481,Objective-C,A drop-in inline browser for your iOS app.,https://github.com/TransitApp/SVWebViewController,Non-web libraries and frameworks
twitter/recess,"2,188",218,CSS,A simple and attractive code quality tool for CSS built on top of LESS,https://github.com/twitter/recess,Web libraries and frameworks
kanaka/mal,"2,188",436,Swift,mal - Make a Lisp,https://github.com/kanaka/mal,System software
eddiezane/lunchy,"2,187",104,Ruby,A friendly wrapper for launchctl,https://github.com/eddiezane/lunchy,Software tools
baidu-research/warp-ctc,"2,186",572,Cuda,Fast parallel CTC.,https://github.com/baidu-research/warp-ctc,Non-web libraries and frameworks
vysheng/tg,"2,186",581,C,telegram-cli,https://github.com/vysheng/tg,Application software
nojhan/liquidprompt,"2,185",241,Shell,A full-featured & carefully designed adaptive prompt for Bash & Zsh,https://github.com/nojhan/liquidprompt,Software tools
rlidwka/sinopia,"2,185",301,JavaScript,Private npm repository server,https://github.com/rlidwka/sinopia,Software tools
metafizzy/packery,"2,179",215,JavaScript,":bento: Gapless, draggable grid layouts",https://github.com/metafizzy/packery,Web libraries and frameworks
benvanik/xenia,"2,179",233,C++,Xbox 360 Emulator Research Project,https://github.com/benvanik/xenia,Software tools
brendangregg/perf-tools,"2,178",260,Shell,Performance analysis tools based on Linux perf_events (aka perf) and ftrace,https://github.com/brendangregg/perf-tools,Software tools
thoughtbot/Argo,"2,177",139,Swift,Functional JSON parsing library for Swift,https://github.com/thoughtbot/Argo,Non-web libraries and frameworks
gorilla/mux,"2,177",349,Go,A powerful URL router and dispatcher for golang.,https://github.com/gorilla/mux,Web libraries and frameworks
google/tracing-framework,"2,175",153,JavaScript,Web Tracing Framework libraries and extensions.,https://github.com/google/tracing-framework,Web libraries and frameworks
roughike/BottomBar,"2,173",227,Java,A custom view component that mimics the new Material Design Bottom Navigation pattern.,https://github.com/roughike/BottomBar,Non-web libraries and frameworks
travisjeffery/ClangFormat-Xcode,"2,172",226,Objective-C,Xcode plug-in to to use clang-format from in Xcode and consistently format your code with Clang,https://github.com/travisjeffery/ClangFormat-Xcode,Software tools
jdan/cleaver,"2,171",205,JavaScript,30-second slideshows for hackers,https://github.com/jdan/cleaver,Application software
http2/http2-spec,"2,171",422,XSLT,Working copy of the HTTP/2 Specification,https://github.com/http2/http2-spec,Documentation
alohaeditor/Aloha-Editor,"2,168",505,JavaScript,Aloha Editor is a JavaScript content editing library,https://github.com/alohaeditor/Aloha-Editor,Web libraries and frameworks
geeeeeeeeek/electronic-wechat,"2,168",259,JavaScript,:shipit: A better WeChat client on Mac OS X and Linux.,https://github.com/geeeeeeeeek/electronic-wechat,Application software
squizlabs/PHP_CodeSniffer,"2,167",525,PHP,"PHP_CodeSniffer tokenizes PHP, JavaScript and CSS files and detects violations of a defined set of coding standards.",https://github.com/squizlabs/PHP_CodeSniffer,Software tools
googlesamples/android-testing,"2,167",535,Java,A collection of samples demonstrating different frameworks and techniques for automated testing,https://github.com/googlesamples/android-testing,Documentation
id-Software/DOOM-3-BFG,"2,166",700,C++,Doom 3 BFG Edition,https://github.com/id-Software/DOOM-3-BFG,Application software
reactiveui/ReactiveUI,"2,165",476,C#,"A MVVM framework that integrates with the Reactive Extensions for .NET to create elegant, testable User Interfaces that run on any mobile or desktop platform. Supports Xamarin.iOS, Xamarin.Android, Xamarin.Mac, Xamarin Forms, WPF, Windows Forms, Windows Phone 8, Windows Store and Universal Windows Platform (UWP).",https://github.com/reactiveui/ReactiveUI,Non-web libraries and frameworks
hakimel/Meny,"2,165",488,JavaScript,A three dimensional and space effecient menu,https://github.com/hakimel/Meny,Web libraries and frameworks
theDazzler/droidicon,"2,164",243,Java,"Over 1600 customizable icons for Android including 750+ Google Material Design icons, 25 ready-made social badges, and more!",https://github.com/theDazzler/droidicon,Non-web libraries and frameworks
DisposaBoy/GoSublime,"2,164",193,Go,A Golang plugin collection for the text editor SublimeText 2 providing code completion and other IDE-like features.,https://github.com/DisposaBoy/GoSublime,Software tools
facebook/Haxl,"2,161",187,Haskell,"A Haskell library that simplifies access to remote data, such as databases or web-based services.",https://github.com/facebook/Haxl,Non-web libraries and frameworks
aws/aws-sdk-js,"2,161",356,JavaScript,AWS SDK for JavaScript in the browser and Node.js,https://github.com/aws/aws-sdk-js,Web libraries and frameworks
rancher/os,"2,161",188,Go,The easiest way to run Docker in production,https://github.com/rancher/os,Software tools
mycolorway/simditor,"2,161",480,JavaScript,An Easy and Fast WYSIWYG Editor,https://github.com/mycolorway/simditor,Web libraries and frameworks
domesticcatsoftware/DCIntrospect,"2,161",285,Objective-C,Small library of visual debugging tools for iOS.,https://github.com/domesticcatsoftware/DCIntrospect,Software tools
sproutcore/sproutcore,"2,160",310,JavaScript,JavaScript Application Framework - JS library only,https://github.com/sproutcore/sproutcore,Web libraries and frameworks
AliSoftware/OHHTTPStubs,"2,160",229,Objective-C,"Stub your network requests easily! Test your apps with fake network data and custom response time, response code and headers!",https://github.com/AliSoftware/OHHTTPStubs,Web libraries and frameworks
rhiever/Data-Analysis-and-Machine-Learning-Projects,"2,160",358,Jupyter Notebook,"Repository of teaching materials, code, and data for my data analysis and machine learning projects.",https://github.com/rhiever/Data-Analysis-and-Machine-Learning-Projects,Documentation
bitstadium/HockeyKit,"2,159",458,Objective-C,"A software update kit for iOS and Android. Provided as is. For more functionality and maintained work, check out @hockeyapp",https://github.com/bitstadium/HockeyKit,Non-web libraries and frameworks
plamoni/SiriProxy,"2,159",397,Ruby,A (tampering) proxy server for Apple's Siri,https://github.com/plamoni/SiriProxy,Software tools
realpython/discover-flask,"2,159",193,Python,Full Stack Web Development with Flask.,https://github.com/realpython/discover-flask,Web libraries and frameworks
requirejs/r.js,"2,158",566,JavaScript,"Runs RequireJS in Node and Rhino, and used to run the RequireJS optimizer",https://github.com/requirejs/r.js,Software tools
brigade/scss-lint,"2,158",285,Ruby,Configurable tool for writing clean and consistent SCSS,https://github.com/brigade/scss-lint,Software tools
madebysource/lesshat,"2,158",312,CSS,Smart LESS CSS mixins library.,https://github.com/madebysource/lesshat,Web libraries and frameworks
omab/python-social-auth,"2,157",946,Python,Social auth made simple,https://github.com/omab/python-social-auth,Web libraries and frameworks
arunoda/meteor-up,"2,157",299,JavaScript,Production Quality Meteor Deployments,https://github.com/arunoda/meteor-up,Software tools
mustache/mustache,"2,157",198,Ruby,Logic-less Ruby templates.,https://github.com/mustache/mustache,Web libraries and frameworks
jonathanslenders/python-prompt-toolkit,"2,156",107,Python,Library for building powerful interactive command lines in Python,https://github.com/jonathanslenders/python-prompt-toolkit,Non-web libraries and frameworks
pinterest/PINRemoteImage,"2,156",171,Objective-C,"A thread safe, performant, feature rich image fetcher",https://github.com/pinterest/PINRemoteImage,Non-web libraries and frameworks
reduxframework/elusive-iconfont,"2,156",267,CSS,Open-Source Iconfont.,https://github.com/reduxframework/elusive-iconfont,Web libraries and frameworks
lecho/hellocharts-android,"2,152",656,Java,"Charts/graphs library for Android compatible with API 8+, several chart types with support for scaling, scrolling and animations",https://github.com/lecho/hellocharts-android,Non-web libraries and frameworks
ai/easings.net,"2,152",258,CSS,Easing Functions Cheat Sheet,https://github.com/ai/easings.net,Web libraries and frameworks
ChrisRM/material-theme-jetbrains,"2,152",100,Java,JetBrains theme of Material Theme,https://github.com/ChrisRM/material-theme-jetbrains,Software tools
deepstreamIO/deepstream.io,"2,151",63,JavaScript,deepstream.io node server,https://github.com/deepstreamIO/deepstream.io,System software
CyberAgent/android-gpuimage,"2,150",798,Java,Android filters based on OpenGL (idea from GPUImage for iOS),https://github.com/CyberAgent/android-gpuimage,Non-web libraries and frameworks
nghialv/MaterialKit,"2,150",252,Swift,Material design components for iOS written in Swift,https://github.com/nghialv/MaterialKit,Non-web libraries and frameworks
philipwalton/html-inspector,"2,150",128,JavaScript,"HTML Inspector is a code quality tool to help you and your team write better markup. It's written in JavaScript and runs in the browser, so testing your HTML has never been easier.",https://github.com/philipwalton/html-inspector,Software tools